11410001 1 1 3 1 3 2 1 0 0 0 0 0 3 2 0 0 1 1 3 1 0 0 0 0 0 2 0 97419.770502337706 97509.595297574997 97393.734590126827 97373.834545890481
11410001 1 5 7 2 0 3 7 1 0 4 2 3 2 0 1 0 0 1 2 1 0 0 0 0 3 1 3 89642.117929768472 90145.271644845547 89958.473448965524 88631.983762030897
11410001 1 1 6 8 9 0 5 6 3 2 2 4 4 0 0 3 0 3 4 0.33333333333333331 5 0.33333333333333331 6 0.33333333333333331 4 3 3 86682.202721084192 86225.512587195582 89226.987063336157 83446.978060667374
11410001 1 2 10 11 0 8 5 1 1 6 5 3 2 2 0 0 3 1 1 1 0 0 0 0 3 3 2 71046.623311132978 72097.331078180781 72781.814830937146 67955.317200678051
11410002 1 0 4 2 5 0 1 3 0 2 0 0 2 3 0 0 0 1 1 1 0 0 0 0 3 2 3 96357.525192057787 96913.938069722019 96854.674071744084 97007.208133611886
11410002 1 6 3 0 0 8 3 1 0 6 6 4 0 4 4 4 1 1 3 1 0 0 0 0 0 2 1 90819.524424955525 87035.171617118569 89929.539174628444 90346.435515281904
11410002 1 10 9 8 6 2 5 7 5 0 1 4 4 3 0 0 0 1 3 1 0 0 0 0 3 3 2 89334.548084044349 90976.188743188599 90139.077516707606 77972.084364424867
11410002 1 4 7 10 7 9 6 3 0 11 2 3 0 4 3 0 1 1 3 1 0 0 0 0 1 1 0 61876.993108041417 50385.349859088245 61712.975107087434 51812.225868890877
11410003 1 0 0 2 1 1 0 3 4 0 0 5 4 1 3 5 4 1 2 1 0 0 0 0 1 2 4 93800.993833699962 94150.925748766895 94089.887811213572 94790.828340167078
11410003 1 0 0 0 3 4 3 0 3 0 4 6 3 5 8 7 4 1 3 1 0 0 0 0 3 3 2 91267.321265239618 88863.154787843538 86413.377602381457 90025.621231342055
11410003 1 0 0 0 3 2 2 0 4 0 5 7 5 9 8 7 5 1 1 1 0 0 0 0 1 0 1 89369.101961537279 90588.612085517801 81319.008408092719 90751.311945521898
11410003 1 4 3 8 10 9 6 7 11 3 6 8 1 2 0 3 0 1 3 1 0 0 0 0 0 0 1 90931.165128084438 90831.300285835576 90861.078600392459 86686.839877631559
11410004 1 1 3 2 3 3 0 0 0 1 2 3 3 0 2 0 0 1 1 1 0 0 0 0 0 0 0 97127.941036684351 97099.984077787027 97074.53628382727 96837.691124592762
11410004 1 4 3 1 3 3 3 6 8 3 5 3 0 0 1 2 0 1 1 1 0 0 0 0 2 4 3 82627.200544299762 84780.3667902343 85208.792977886624 85293.276124535434
11410004 1 6 4 2 1 7 4 3 2 8 6 3 1 9 4 0 0 1 1 1 0 0 0 0 2 3 3 90490.852590883937 81988.329516784608 89704.206217113839 90408.578011059391
11410004 1 1 1 4 4 1 6 6 5 3 6 5 8 6 7 11 10 1 2 1 0 0 0 0 1 3 3 82895.401471748541 84736.661622526095 65487.74969358628 83620.810285560437
11410005 1 0 2 6 1 0 0 0 6 1 3 4 3 0 0 0 2 1 1 1 0 0 0 0 0 1 1 93729.391734017248 -1.0000000000000001e+300 93586.476319313049 94011.676763443698
11410005 1 5 7 4 0 5 7 0 0 1 1 3 3 0 0 0 2 1 2 1 0 0 0 0 0 0 0 90651.862587796495 90702.897630158797 90911.632205914822 86504.180426446823
11410005 1 4 5 7 9 3 6 5 4 0 0 3 1 0 2 0 0 1 1 1 0 0 0 0 2 3 2 90926.254577947635 90697.619625734806 90521.368356044331 82230.820019987586
11410005 1 0 0 2 3 1 3 3 6 0 3 6 11 0 1 5 8 1 3 1 0 0 0 0 2 3 3 78793.015839678672 83425.163792708627 82615.134108381215 82602.401171273406
11410006 1 4 4 3 0 1 5 2 1 2 0 0 0 3 0 0 0 1 2 1 0 0 0 0 2 1 2 95614.795617371128 95739.470944936416 96114.726939220607 95648.562577365505
11410006 1 7 5 4 2 8 4 3 3 6 4 0 2 4 0 2 0 1 1 1 0 0 0 0 2 0 1 91454.990459122506 84488.587602596017 91585.608519295754 90718.140942378246
11410006 1 9 7 6 4 8 6 4 2 0 4 1 1 1 2 0 0 1 3 1 0 0 0 0 1 2 1 88969.850417957845 90227.109504093227 90188.372170165487 87422.953415244745
11410006 1 4 5 11 10 3 2 5 8 0 0 1 5 3 0 0 2 1 1 1 0 0 0 0 0 0 0 89706.145310837979 89344.854019378792 89544.83557112905 82489.469908857529
11410007 1 0 0 0 1 2 4 6 2 2 1 0 6 0 0 5 5 1 3 1 0 0 0 0 1 0 2 92746.974504750455 92183.849853515625 91911.918339596858 92247.700699837136
11410007 1 8 5 4 2 5 3 1 0 3 0 0 0 1 3 2 3 1 2 1 0 0 0 0 2 1 0 -1.0000000000000001e+300 89326.406420762883 90294.141956006511 89417.502495603825
11410007 1 10 9 8 6 5 4 5 0 2 4 0 3 0 0 3 0 1 2 1 0 0 0 0 2 0 0 89914.418202404544 90699.09684311373 89578.498319868158 79552.186917431187
11410007 1 4 11 7 3 0 0 4 3 1 0 2 1 0 0 0 2 1 1 1 0 0 0 0 3 4 4 83686.250465658726 83605.140155497254 83602.087483549272 82434.548132616532
11410008 1 1 4 1 4 0 2 5 4 0 5 0 2 0 0 0 3 1 1 1 0 0 0 0 3 4 3 94555.727183542142 95049.011321428086 95763.622659587854 95252.274850179077
11410008 1 0 0 1 0 1 0 1 0 5 4 4 3 6 8 7 5 1 2 1 0 0 0 0 0 2 2 91273.044050019656 90738.708304395623 83843.053365164509 -1.0000000000000001e+300
11410008 1 3 3 0 0 5 3 1 3 7 7 2 3 10 8 6 3 1 2 1 0 0 0 0 1 0 0 87653.686678441562 89924.432503503747 83402.840921514333 90997.529010182116
11410008 1 5 1 0 0 10 4 0 0 11 5 2 2 10 8 5 3 1 2 1 0 0 0 0 3 1 1 -1.0000000000000001e+300 80835.971307273969 73721.397530153103 -1.0000000000000001e+300
11410009 1 3 0 0 0 2 0 3 1 3 0 1 0 2 3 1 0 1 3 1 0 0 0 0 0 1 0 96628.933288327506 97203.435108802936 97055.755081084033 97001.595593699705
11410009 1 4 3 0 0 7 3 1 2 6 6 4 0 3 2 0 0 1 1 1 0 0 0 0 0 0 1 90652.068287972856 89777.128740728745 91194.625093195602 90387.700630427615
11410009 1 3 5 7 9 4 4 6 7 1 2 5 6 2 4 4 1 1 3 1 0 0 0 0 0 0 0 89712.979510652556 91407.240034806877 90486.764755091208 91603.751827086642
11410009 1 6 7 11 4 5 4 3 1 3 1 0 0 0 0 3 0 1 2 1 0 0 0 0 2 3 3 83671.757083884208 82988.505427515251 83734.021108934685 79557.888526872965
11410010 1 0 0 3 0 2 5 2 4 5 4 1 0 4 3 3 3 1 1 1 0 0 0 0 3 3 1 93431.224101817788 93360.555625778026 94129.074878303523 94158.717713480888
11410010 1 3 2 4 0 0 1 3 2 5 6 5 1 7 8 6 5 1 1 1 0 0 0 0 2 3 3 89010.534371000656 86636.5896009633 85849.35773416626 91082.27572846874
11410010 1 0 0 0 3 4 3 0 2 7 5 4 1 9 8 5 4 1 3 1 0 0 0 0 0 0 0 90412.811104043765 91010.856904392946 87115.432657956713 91175.711362610396
11410010 1 5 5 7 3 8 9 4 3 11 7 2 2 10 4 3 3 1 1 1 0 0 0 0 1 0 0 54967.746448528771 46967.705130771283 49484.309177018644 50623.13086030844
11410011 1 0 1 0 0 0 2 0 3 4 1 3 4 2 5 5 0 1 3 1 0 0 0 0 4 4 3 94715.005338663046 95226.75723329153 94856.814651635796 94899.136275987024
11410011 1 4 2 1 0 6 4 1 0 8 3 0 0 5 3 0 3 1 3 1 0 0 0 0 1 2 1 91178.478105258284 88254.387423859167 90990.262464310828 91240.374466297697
11410011 1 3 0 3 0 6 3 3 1 8 6 3 3 10 7 6 4 1 2 1 0 0 0 0 3 3 2 90206.72020558831 88361.343135899937 86479.419792937333 90209.216477878232
11410011 1 3 2 1 0 3 5 3 2 11 7 6 5 9 8 7 5 1 2 1 0 0 0 0 4 2 4 85426.681526724788 86212.584637882625 82268.553224790085 87547.242231636686
11410012 1 0 4 1 3 0 0 0 3 2 0 2 4 0 1 3 3 1 2 1 0 0 0 0 3 2 3 96384.820704059792 96696.021712736474 96584.349687693728 96575.088715300313
11410012 1 3 2 0 0 4 3 3 4 2 5 4 4 3 6 8 5 1 1 1 0 0 0 0 1 0 0 88788.278114385175 90605.42455675728 82573.571545320359 90825.289252659946
11410012 1 1 0 0 2 3 2 0 2 0 3 6 8 3 6 8 9 1 2 1 0 0 0 0 3 0 3 88811.265992845249 90010.557404655381 87289.530671149274 89816.510652974961
11410012 1 0 0 3 3 0 0 2 4 0 0 4 7 2 4 6 11 1 1 1 0 0 0 0 1 0 0 80138.511660185715 83517.054944196221 83117.338440135922 -1.0000000000000001e+300
11410013 1 3 0 0 0 3 2 4 2 4 4 1 4 1 2 2 2 1 1 1 0 0 0 0 2 0 1 95332.447380542755 95564.685029536093 95581.833408108447 95544.339879583422
11410013 1 3 3 0 0 8 4 3 0 5 4 3 0 4 0 1 2 1 1 1 0 0 0 0 0 1 0 90413.281054547668 88771.46942207533 90096.187334333415 89574.923296058027
11410013 1 9 7 6 4 6 6 3 2 3 0 1 0 0 3 0 0 1 3 1 0 0 0 0 4 4 3 91102.960057167395 91281.228233575821 91250.803411678993 87407.100977240596
11410013 1 6 9 11 10 3 5 6 5 3 3 4 4 0 2 1 4 1 3 1 0 0 0 0 0 0 1 78427.823275546267 82036.40136085471 82013.40956515586 77310.945246627263
11410014 1 0 2 0 0 1 4 3 2 1 4 2 0 2 3 1 0 1 2 1 0 0 0 0 4 2 3 96798.00661092333 96541.264212062888 96599.293842187646 96936.424756491615
11410014 1 0 0 0 3 2 0 2 6 2 3 6 7 0 3 4 6 1 1 1 0 0 0 0 2 0 2 88754.948638734539 90959.575891184766 90454.821192475691 90742.890236068095
11410014 1 0 0 1 3 1 3 2 6 0 0 6 7 4 6 7 9 1 2 1 0 0 0 0 3 3 3 88189.132608887419 -1.0000000000000001e+300 90518.955003113297 91467.017475776316
11410014 1 5 3 3 5 2 5 4 6 0 2 7 9 2 3 11 10 1 2 1 0 0 0 0 4 0 3 51623.400252171181 88151.300488704655 84062.575786892063 85218.666948405298
11410015 1 0 3 0 0 2 3 0 0 3 2 2 0 4 1 1 1 1 2 1 0 0 0 0 4 3 4 96715.902484561346 96386.187818929247 97617.336858758048 96467.680632512493
11410015 1 2 1 1 0 0 3 4 3 0 3 6 3 6 7 8 7 1 2 1 0 0 0 0 0 0 0 89618.985755857007 89594.747322384414 82499.209197582255 90761.208953079069
11410015 1 0 0 0 3 1 2 4 4 0 0 5 8 4 5 8 10 3 4 0.5 5 0.25 6 0.25 0 0 0 90477.05633950443 90071.785784589549 89584.33471539426 89815.431298705662
11410015 1 2 0 3 0 7 4 5 1 7 6 4 1 10 11 5 4 1 2 1 0 0 0 0 2 2 3 85367.693430342406 83556.974928564945 70400.034733839333 83889.760916628627
11410016 1 2 5 2 2 0 5 6 1 0 5 3 0 0 3 1 2 1 3 1 0 0 0 0 4 2 3 93121.280459886708 92779.593968853529 91287.784003765482 91147.847017523847
11410016 1 3 8 6 2 3 4 5 3 3 3 1 0 2 1 0 0 1 3 1 0 0 0 0 1 1 1 89255.466215991939 89357.653533556178 88030.820063604682 86890.118085896553
11410016 1 10 9 8 5 4 6 5 2 3 1 1 0 1 3 0 0 1 1 1 0 0 0 0 0 3 0 -1.0000000000000001e+300 89035.69766897129 -1.0000000000000001e+300 81136.344696615677
11410016 1 10 11 9 4 7 4 3 1 3 3 1 0 0 0 0 3 1 2 1 0 0 0 0 0 1 0 82366.673736698023 81499.117562559841 81904.873738785871 70062.396504064236
11410017 1 0 1 2 0 2 1 3 1 3 0 0 0 0 3 0 1 1 2 1 0 0 0 0 0 1 1 97030.967178697931 97032.790838580317 97129.459729074966 97088.566091585584
11410017 1 0 1 0 0 0 3 2 2 3 4 6 6 4 6 8 7 1 2 1 0 0 0 0 2 0 1 89834.828658017752 91328.948138099309 87424.374589178406 -1.0000000000000001e+300
11410017 1 0 1 0 0 0 2 0 4 3 1 1 6 4 6 7 10 1 2 1 0 0 0 0 1 2 1 87464.724363982532 88867.731559691267 79583.020091081242 87319.277568957332
11410017 1 1 0 0 2 0 2 5 2 1 5 7 8 5 7 11 10 1 1 1 0 0 0 0 1 1 2 90107.321264394734 89724.834099779531 74533.611994112594 88713.488914682603
11410018 1 0 3 3 4 0 1 5 3 0 0 2 1 2 3 2 3 1 1 1 0 0 0 0 1 1 1 95751.757903940874 95890.119660006632 95881.186288277298 95845.790510813385
11410018 1 0 1 1 0 0 4 2 2 5 4 4 4 7 8 7 6 2 4 0.5 5 0.5 0 0 1 1 3 91161.319524102553 91627.832208969427 86629.910716023136 87906.816393376183
11410018 1 3 3 0 2 7 2 0 0 8 3 4 0 10 8 5 4 1 2 1 0 0 0 0 3 0 0 89780.566188300436 87268.91661543095 88955.004209476901 89868.695097030795
11410018 1 3 2 1 3 7 3 5 2 8 4 1 4 10 9 11 4 1 2 1 0 0 0 0 4 3 3 83303.261037210483 83434.573439339511 73530.496906432876 82360.427293437882
11410019 1 2 3 1 1 0 2 0 3 1 0 3 0 0 1 0 0 1 3 1 0 0 0 0 0 2 0 97141.82199912284 97462.48685025837 97277.159701671873 97480.88757352822
11410019 1 0 0 0 3 0 3 3 2 0 6 6 1 3 7 8 7 1 3 1 0 0 0 0 0 0 0 89718.728703847868 89317.019444662816 88721.516738820341 89673.194098902357
11410019 1 0 1 1 0 3 5 5 3 3 5 7 3 5 8 9 10 1 2 1 0 0 0 0 0 1 0 84601.703247679718 84292.839217853209 72089.749291707732 87743.418365197664
11410019 1 3 4 2 2 0 5 5 6 0 4 10 9 3 0 11 3 1 3 1 0 0 0 0 2 0 0 57793.191973075387 63483.892417840238 61561.800124311136 59746.606963585946
11410020 1 3 2 0 3 2 0 1 1 3 1 1 2 0 0 2 0 1 3 1 0 0 0 0 0 0 0 96810.681019358162 96862.237556783235 96774.44710227898 96887.769550141064
11410020 1 1 1 0 0 1 3 3 3 2 5 6 6 5 6 8 7 1 2 1 0 0 0 0 2 3 4 87556.375804440599 91279.951440999735 86398.580065696005 91583.708019800295
11410020 1 1 3 3 4 0 2 4 7 1 4 6 8 4 2 7 10 1 1 1 0 0 0 0 3 4 4 86504.759835295205 87062.142636767268 88651.400729108835 86661.938203309634
11410020 1 2 1 3 3 2 3 5 5 3 5 6 9 0 8 11 5 1 2 1 0 0 0 0 2 0 1 71577.907997278395 71283.896419394412 -1.0000000000000001e+300 66890.215968271601
11410021 1 1 2 2 0 3 3 5 1 3 5 3 0 3 3 4 0 1 1 1 0 0 0 0 2 3 3 94360.373254459351 94181.813189235472 94313.116903810267 93905.9173182987
11410021 1 1 0 0 1 3 2 2 0 5 4 4 3 3 5 8 4 1 2 1 0 0 0 0 1 0 0 88354.477127263133 90274.605922573668 85826.770072311119 89630.830477980693
11410021 1 0 2 3 1 1 3 3 6 0 3 4 7 4 5 7 9 1 1 1 0 0 0 0 1 3 2 90493.326251307197 90852.331015965203 90864.492739915047 91038.030595001168
11410021 1 3 3 3 4 2 1 4 6 2 4 5 11 1 6 8 9 1 2 1 0 0 0 0 3 2 4 85600.926183174277 87341.008970440889 86914.941826963695 85385.200267987093
11410022 1 3 0 0 0 3 4 2 1 2 6 5 3 1 5 3 0 1 3 1 0 0 0 0 4 4 3 93289.772957310532 93307.583592511655 93215.971548560396 92827.504661195926
11410022 1 2 1 3 4 0 2 5 3 0 1 7 3 0 0 1 2 1 3 1 0 0 0 0 2 2 1 91847.161251256097 91701.483606579597 91750.32789717635 91846.269889773976
11410022 1 10 9 7 6 8 6 5 2 4 3 2 1 3 0 0 0 1 3 1 0 0 0 0 3 2 3 88650.713886265687 89580.312230658805 88752.563276856366 73943.562820492007
11410022 1 11 10 4 3 4 10 2 0 7 2 3 0 3 3 2 1 1 1 1 0 0 0 0 2 1 2 93493.145283223057 90186.811870764635 95684.020337617083 92694.289006550767
11410023 1 0 2 1 4 0 0 5 4 2 3 0 3 0 3 0 3 1 1 1 0 0 0 0 1 1 1 95548.001637382506 95834.586575702371 95576.155081242687 95476.965864066995
11410023 1 0 0 0 2 1 1 3 0 3 5 3 3 4 7 8 7 1 2 1 0 0 0 0 0 0 0 91415.261184167117 91799.650273517618 83145.685613961352 91791.092924734156
11410023 1 0 0 2 0 0 2 1 3 1 0 3 3 10 9 7 6 1 3 1 0 0 0 0 2 2 2 89620.006748037413 89224.924054074116 81745.980300700525 89961.140980600307
11410023 1 1 0 1 2 4 3 2 0 7 5 3 1 9 11 5 3 1 1 1 0 0 0 0 0 2 1 86681.111162678324 86742.20979802715 80496.429725665381 86779.618767038657
11410024 1 2 3 1 0 4 1 3 0 3 0 2 3 1 0 4 0 1 2 1 0 0 0 0 2 2 3 96128.509777886517 96501.16755563872 95995.594764130437 96152.122825323575
11410024 1 0 1 0 1 3 5 0 3 6 4 3 1 7 6 4 2 1 1 1 0 0 0 0 1 4 0 90753.62929416835 90584.54818192737 89877.533621275637 90319.602129687511
11410024 1 2 0 0 0 4 0 1 1 4 5 3 0 10 8 5 3 1 3 1 0 0 0 0 2 3 1 89465.451851314254 89262.064838072009 85906.592876516137 89509.240553931362
11410024 1 0 1 2 5 2 1 4 4 0 11 3 1 0 0 4 2 1 3 1 0 0 0 0 0 0 1 81906.154580350223 82373.610463844874 81761.853710378811 81632.453541964627
11410025 1 0 2 1 0 3 2 3 4 0 0 5 2 0 5 1 1 1 1 1 0 0 0 0 0 1 0 95547.032111627093 95759.892768012141 95286.025385538742 95654.6466416724
11410025 1 6 7 6 3 4 5 4 0 0 4 2 3 0 0 0 2 1 3 1 0 0 0 0 4 2 3 91900.932970737224 89828.080412452255 91928.236561593294 89684.667242298005
11410025 1 2 10 10 5 2 3 5 4 0 0 0 4 0 0 0 2 1 3 1 0 0 0 0 4 1 2 89056.805357289762 87990.235501059869 88948.888590240575 87291.462788763165
11410025 1 4 5 11 8 3 4 5 6 3 4 0 0 0 3 2 1 1 2 1 0 0 0 0 1 0 3 84954.036930641319 84951.373051515839 84982.454811515607 79908.033807195403
11410026 1 3 2 3 0 3 5 3 0 4 6 3 3 3 0 1 0 1 1 1 0 0 0 0 1 2 0 94053.016842312267 93838.380933205277 93706.372505382242 93891.235770618485
11410026 1 5 3 1 0 8 5 2 2 7 4 3 0 5 0 0 1 1 2 1 0 0 0 0 4 3 4 89394.108279816632 85431.216441590412 89580.052276743649 89384.904568837825
11410026 1 10 8 7 6 5 7 1 0 1 2 2 0 0 3 3 0 1 2 1 0 0 0 0 2 1 2 89728.152897404274 90054.376165786016 89797.162298403957 81403.227988996499
11410026 1 3 3 1 0 1 5 5 2 8 6 5 1 10 11 6 5 1 2 1 0 0 0 0 1 2 2 89691.180705166305 89931.594061875265 82952.036862469453 86210.139005871519
11410027 0 0 3 0 0 2 1 3 4 0 4 3 3 0 3 3 3 1 3 1 0 0 0 0 2 2 1 95493.817619002861 95434.953402987783 96112.600099902673 96106.570160124043
11410027 0 0 3 2 2 0 1 1 3 2 7 3 3 0 3 7 3 1 2 1 0 0 0 0 4 2 4 89076.218178385636 89807.562864211359 89774.195479555812 88964.725431737708
11410027 0 3 0 0 3 4 2 0 0 7 3 3 0 9 5 0 0 1 3 1 0 0 0 0 1 0 0 91382.925552347384 88583.236056590686 91066.755909679327 91183.012936179526
11410027 0 6 4 3 0 7 5 1 1 8 7 4 3 10 8 5 1 1 1 1 0 0 0 0 0 4 0 -1.0000000000000001e+300 0 0 -1.0000000000000001e+300
11410028 1 2 3 4 2 1 4 5 1 5 2 3 2 1 0 0 0 1 1 1 0 0 0 0 3 3 3 -1.0000000000000001e+300 95103.001854742557 95223.420068770647 95722.668916293856
11410028 1 5 0 4 0 7 5 3 1 3 5 4 0 2 1 2 0 1 1 1 0 0 0 0 2 3 3 90020.204144958843 89618.333024042673 90103.512404094188 88830.001983485156
11410028 1 1 0 1 0 6 5 3 1 7 6 3 3 10 7 6 2 1 2 1 0 0 0 0 1 2 3 88270.060881013109 85066.831063277554 86829.044684707202 88926.271790025305
11410028 1 2 1 3 2 6 4 4 3 9 6 3 3 10 11 2 1 1 3 1 0 0 0 0 1 0 0 91044.000895751975 79415.760243868281 89788.577349201296 90557.380480621723
11410029 1 0 2 0 0 3 2 4 0 0 5 4 3 5 3 3 4 1 2 1 0 0 0 0 4 1 2 93779.14756796525 94001.872931942096 93530.66381516699 94149.157550365198
11410029 1 0 0 1 3 3 3 3 0 0 4 6 3 5 6 8 7 1 2 1 0 0 0 0 1 1 1 91161.328911497214 91023.892215861313 88382.442143948036 90872.972746813015
11410029 1 0 1 7 3 2 4 4 1 5 7 7 1 7 8 9 10 1 2 1 0 0 0 0 1 2 1 83964.441381519035 78577.070750736457 76931.069032529544 -1.0000000000000001e+300
11410029 1 0 3 4 8 3 1 8 11 2 4 4 7 1 3 3 5 1 1 1 0 0 0 0 2 4 3 74279.652492162408 75093.989021254558 74576.367340130208 76682.534962357924
11410030 1 0 0 2 0 1 0 0 3 4 0 1 0 2 3 1 3 1 2 1 0 0 0 0 0 0 0 96933.11104517855 97132.78059954643 97297.026195690953 97598.907443993012
11410030 1 7 8 7 5 6 5 0 0 4 2 0 5 1 0 3 0 1 3 1 0 0 0 0 3 3 2 91463.410709774165 90669.746577144819 91649.727198486435 84112.519455025977
11410030 1 3 5 7 9 1 4 5 7 0 2 4 3 2 2 0 1 1 1 1 0 0 0 0 3 3 4 90267.546413739125 91059.887914302424 91056.368607516968 86396.58038000064
11410030 1 10 11 8 0 8 8 6 2 5 3 4 1 3 1 0 2 1 3 1 0 0 0 0 3 3 2 90497.159805623844 72865.950644429642 87154.091195212255 87207.228441260231
11410031 1 2 1 2 0 0 0 0 1 3 3 1 2 0 1 0 0 1 3 1 0 0 0 0 0 1 1 97135.45922547247 97170.212897097619 96958.813231143693 97033.671849012375
11410031 1 4 3 2 1 7 5 3 2 5 4 1 0 2 0 0 0 1 3 1 0 0 0 0 4 3 3 92101.404494789429 91474.389146320565 90323.657293142009 91093.901278293401
11410031 1 2 0 1 0 0 4 1 0 3 6 3 1 9 8 6 5 1 2 1 0 0 0 0 1 2 2 90180.426015952369 88605.232645159835 75454.606009335592 88089.999690794939
11410031 1 10 8 6 3 11 6 5 2 5 5 5 0 4 1 0 1 1 2 1 0 0 0 0 2 2 1 90913.885979626662 89795.63927023072 91238.784924942127 90651.956167510827
11410032 1 3 0 0 1 0 2 2 4 1 4 1 3 1 0 3 2 1 3 1 0 0 0 0 2 3 2 96235.902099629559 96033.237438007636 96393.720146021064 96345.532853582452
11410032 1 5 7 8 8 3 5 5 4 0 3 2 0 0 0 0 3 1 1 1 0 0 0 0 2 2 0 88859.102748683683 90270.109065368189 91364.55093096316 84062.232045285753
11410032 1 3 5 7 10 0 1 4 6 0 3 4 4 2 0 0 3 3 5 0.25 6 0.25 7 0.5 0 0 0 89190.73051222373 84790.844122803828 86421.500493220636 88075.951973076342
11410032 1 4 11 8 6 3 4 5 4 2 0 3 4 0 0 0 1 1 1 1 0 0 0 0 2 3 4 82743.847931695942 84433.054912350766 83799.451348948016 80888.303930281356
11410033 1 0 0 0 1 0 0 1 2 3 3 6 1 5 6 3 3 1 2 1 0 0 0 0 1 2 4 91907.266036847184 92377.209399072177 91031.859613262146 92809.026551382878
11410033 1 0 1 2 0 3 3 3 0 0 4 3 3 5 7 4 3 1 3 1 0 0 0 0 0 0 0 91625.620327074706 91571.294732883456 91629.054437613333 91898.199110233181
11410033 1 3 2 0 3 5 4 3 0 7 5 3 1 10 7 5 4 1 2 1 0 0 0 0 4 3 3 89180.57851530255 86848.127502874937 88986.598982405994 88851.717379884038
11410033 1 10 7 1 1 11 5 8 1 7 6 5 5 5 3 3 3 1 2 1 0 0 0 0 1 3 1 74057.0265402894 64631.700507614703 -1.0000000000000001e+300 -1.0000000000000001e+300
11410034 1 1 2 2 0 3 5 5 1 5 3 2 3 2 1 1 0 1 2 1 0 0 0 0 2 1 3 94235.735056253136 93746.698161149325 93853.24483160708 93628.57737882933
11410034 1 0 2 1 0 3 3 3 1 0 4 6 3 4 7 8 6 1 1 1 0 0 0 0 0 2 3 89338.564282431151 88803.146177495131 90554.371441902898 89458.241134607131
11410034 1 3 2 0 3 0 3 3 5 0 0 5 7 5 6 7 9 1 3 1 0 0 0 0 3 2 2 91348.866328576289 91152.088520010409 89412.232454611221 90680.677667869677
11410034 1 4 3 9 10 1 3 6 11 0 3 2 1 3 0 3 3 1 3 1 0 0 0 0 3 4 2 91083.189109885192 90866.546658251493 91318.195874298661 90205.533567279024
11410035 1 0 0 0 3 0 1 0 1 0 0 2 1 2 2 4 2 1 1 1 0 0 0 0 0 0 1 97308.357599635186 97731.856140807824 97208.631464900784 97485.879595200211
11410035 1 2 7 6 1 4 3 3 6 0 2 3 4 3 0 0 0 1 4 1 0 0 0 0 1 0 0 89727.435080477269 90244.251174846009 89473.15117876124 87114.653869005066
11410035 1 3 5 8 9 3 0 0 4 1 0 0 2 2 0 0 0 1 1 1 0 0 0 0 1 1 1 91678.877809962403 91292.032053651012 91573.232824969804 87610.221713810519
11410035 1 4 6 7 9 3 4 5 11 3 4 6 5 3 3 3 4 1 2 1 0 0 0 0 4 3 3 85168.752009903634 87197.356224278978 86557.70559662953 80410.011627784319
11410036 1 1 3 0 0 3 2 3 2 4 1 4 1 3 2 0 1 1 3 1 0 0 0 0 1 2 2 95718.605185715365 95880.204020118719 96116.994861647821 96133.136874686345
11410036 1 0 1 5 6 3 4 6 8 1 5 5 7 0 2 3 6 1 2 1 0 0 0 0 3 3 3 85188.950958592031 88298.734615478403 87694.008154616051 89118.847416058052
11410036 1 3 0 0 4 1 4 4 5 0 5 6 7 5 6 8 10 1 2 1 0 0 0 0 0 0 0 89236.798307002056 90630.347851408762 84368.972120707054 89920.364820709801
11410036 1 0 0 1 0 5 3 2 2 9 3 2 4 10 11 6 5 1 1 1 0 0 0 0 2 1 2 85205.253247338274 83978.749824460232 70433.33176502031 84108.047646527091
11410037 0 2 1 3 3 2 5 4 6 0 0 4 5 0 1 0 3 1 3 1 0 0 0 0 3 3 3 93078.589051250878 92667.158665480427 92316.150098072161 93529.186317535074
11410037 0 6 8 6 4 5 4 3 0 0 3 0 0 2 0 0 0 1 3 1 0 0 0 0 4 3 1 91358.993974681725 91303.622555924929 90966.094694557978 88716.1731595241
11410037 0 9 7 6 5 7 4 3 3 4 1 1 1 0 1 0 0 1 2 1 0 0 0 0 0 3 0 91204.074971528054 91565.440808628016 -1.0000000000000001e+300 79545.437635480936
11410037 0 9 11 5 3 5 4 4 0 6 4 2 2 1 0 2 0 1 1 1 0 0 0 0 1 0 0 86697.658214632553 83852.919448707748 86763.489853077277 74404.47723691212
11410037 0 10 11 8 3 9 7 5 4 1 5 4 1 0 4 3 1 1 3 1 0 0 0 0 1 4 1 3 -1.0000000000000001e+300 -1.0000000000000001e+300 3
11410038 1 3 2 5 0 3 5 4 0 3 6 6 1 2 4 0 0 1 1 1 0 0 0 0 3 3 4 86793.192130959491 89157.42577858505 89309.880788923198 89763.766507371853
11410038 1 2 2 0 3 0 0 4 3 2 4 5 6 4 6 8 7 1 3 1 0 0 0 0 3 0 2 90985.314110642386 91046.451651014519 85852.082227026549 91102.19569536671
11410038 1 3 1 1 2 0 6 3 5 3 4 5 7 3 5 7 10 1 2 1 0 0 0 0 0 0 0 84847.271272494327 86280.792650590854 88157.057999616649 88469.660839585136
11410038 1 0 0 0 2 4 0 2 0 5 3 1 2 7 8 11 4 1 2 1 0 0 0 0 4 1 4 84501.666056434799 83913.82536178903 79259.721449592354 84442.161102951883
11410039 1 0 2 4 4 1 0 1 4 2 2 2 4 0 0 3 0 1 3 1 0 0 0 0 2 0 2 96011.157577183505 96235.884383922734 95570.934351810691 95971.533899714545
11410039 1 4 5 8 7 2 1 4 2 0 1 2 0 2 0 0 0 1 3 1 0 0 0 0 4 2 3 90268.480966448958 90401.417314185688 89830.006363317341 87119.713329380364
11410039 1 2 5 8 9 1 1 4 7 3 2 2 5 3 0 1 2 1 3 1 0 0 0 0 1 0 1 91045.807585713905 91214.714070711052 90990.98972170247 87570.560188940974
11410039 1 3 2 11 10 3 4 8 9 3 5 7 7 7 1 3 1 1 2 1 0 0 0 0 0 0 0 97189.602820728876 69819.024497460632 95056.83222866508 91501.727414813795
11410040 1 3 3 5 3 2 4 6 4 1 3 5 5 0 2 2 1 1 1 1 0 0 0 0 0 0 1 90264.291687506775 91180.921049200464 91684.184119983969 89964.738369411876
11410040 1 6 4 4 0 8 6 3 1 7 5 3 3 5 3 3 0 1 1 1 0 0 0 0 1 3 0 89552.409805234478 85793.984377435656 89241.450068665727 86901.959798164084
11410040 1 9 8 5 3 6 4 3 1 3 4 3 0 0 2 0 0 1 1 1 0 0 0 0 2 3 2 90456.513743545642 90069.161066189423 91085.086256298397 85287.495802662714
11410040 1 3 5 11 9 0 5 6 7 2 3 5 5 0 0 3 3 1 1 1 0 0 0 0 3 3 4 82170.492295732256 87409.483519032365 87839.913665485394 87587.542362314736
11410041 1 1 2 0 0 2 2 3 2 1 4 1 3 0 2 4 3 1 1 1 0 0 0 0 2 1 3 96104.662750062678 96541.087107524159 96533.530941883146 96302.377320003521
11410041 1 5 8 5 3 0 4 5 3 5 4 2 2 0 1 3 0 1 3 1 0 0 0 0 3 2 2 87474.869211476762 90599.904903199786 90473.212295249978 88197.006480977725
11410041 1 9 7 5 4 7 5 4 1 5 4 0 2 3 3 0 2 1 2 1 0 0 0 0 3 1 2 90716.201291753416 90471.080786638166 90741.659143786965 90385.106033278396
11410041 1 3 0 0 0 11 4 3 0 6 4 3 0 4 7 2 2 1 2 1 0 0 0 0 3 0 2 -1.0000000000000001e+300 74509.338239401535 77142.539117605294 77465.2312765713
11410042 1 2 0 1 0 2 3 1 3 1 3 3 0 1 2 4 0 1 1 1 0 0 0 0 2 4 3 96281.018940819995 96440.822616557984 96496.172503441921 96947.740938705858
11410042 1 3 8 6 1 2 7 6 3 1 0 3 5 0 0 2 0 1 2 1 0 0 0 0 3 2 4 85752.188183244289 86756.064136103043 86708.041286513442 87594.420821843829
11410042 1 10 8 6 4 8 5 4 3 7 3 3 3 5 0 2 2 1 3 1 0 0 0 0 4 2 1 89486.95098622865 63272.295125545235 89226.209669523349 86623.770263008395
11410042 1 3 11 8 2 3 4 7 0 2 1 4 1 3 0 3 0 1 1 1 0 0 0 0 1 2 0 79829.457043466915 78835.621019978804 78734.070375557494 76235.106035947843
11410043 1 2 0 1 0 2 4 2 3 1 1 4 0 3 2 3 3 1 1 1 0 0 0 0 2 2 2 96182.675211289199 96373.934686750246 96593.11435157017 96124.387092308869
11410043 1 7 3 3 0 8 5 0 0 7 4 2 1 4 3 3 0 1 2 1 0 0 0 0 1 0 0 91460.677601560135 86075.190041032882 91949.530460325448 90913.484361501498
11410043 1 10 5 3 2 7 0 4 0 3 0 0 3 0 1 0 0 1 3 1 0 0 0 0 4 4 3 89190.071619887793 87017.849224522084 89034.20424738765 87013.823699005603
11410043 1 3 0 0 0 3 1 11 0 3 4 11 1 2 5 4 0 3 6 0.1818181818181818 7 0.27272727272727271 8 0.54545454545454541 3 4 4 -1.0000000000000001e+300 83715.937761678186 87054.406063616887 89041.754875643659
11410044 1 3 1 0 0 2 5 0 0 5 3 2 1 2 6 5 4 1 2 1 0 0 0 0 3 1 3 93162.045487903408 92704.189504593101 89480.239815605993 -1.0000000000000001e+300
11410044 1 0 1 1 3 4 3 3 0 4 7 3 0 6 8 7 5 1 2 1 0 0 0 0 0 1 0 88227.542466510567 86871.792388782516 82403.719941438889 88863.645347710539
11410044 1 4 4 5 2 9 7 3 4 9 4 3 1 0 0 0 3 1 2 1 0 0 0 0 4 3 4 86013.075814385928 81845.879681817736 83271.989261147537 85631.087805706309
11410044 1 0 3 0 0 4 4 4 1 0 8 8 10 3 11 9 3 1 1 1 0 0 0 0 0 2 1 93188.106370421316 101458.57509859797 88045.057463895893 100639.74959128686
11410045 1 3 3 3 0 3 5 4 0 4 4 2 0 5 0 1 1 1 2 1 0 0 0 0 2 2 2 94296.325880199016 93939.632309540102 94539.587327678106 94168.122616468536
11410045 1 0 2 4 5 0 1 6 6 1 1 6 8 2 1 6 7 1 2 1 0 0 0 0 0 1 2 83180.769044970119 91180.979643781233 87238.838346796067 90382.686783850935
11410045 1 0 1 0 3 3 0 4 4 0 4 6 7 4 5 7 10 1 1 1 0 0 0 0 1 3 3 88695.862839873138 89348.674072297988 86257.779483593578 88598.406566062389
11410045 1 3 2 0 0 0 1 6 3 3 2 3 6 3 4 11 10 3 4 0.54545454545454541 5 0.27272727272727271 6 0.1818181818181818 3 2 1 85418.058677903682 83480.429133568716 76700.774991435232 83170.047202833666
11410046 1 1 0 2 0 4 0 0 0 2 1 3 1 4 2 0 4 1 3 1 0 0 0 0 3 3 2 96462.63926825313 96372.817196983175 96508.514405198177 96447.777670856027
11410046 1 0 5 3 7 1 3 5 8 2 2 6 7 1 0 3 5 1 3 1 0 0 0 0 1 1 1 82343.991637045197 89793.188590750651 89480.790738282361 88500.704845897009
11410046 1 2 3 5 10 0 0 4 3 0 1 1 3 0 0 0 1 1 3 1 0 0 0 0 0 2 1 88456.937144408686 -1.0000000000000001e+300 88405.194204485641 88501.175003924756
11410046 1 4 5 9 10 3 1 6 11 0 2 2 4 3 1 2 3 1 1 1 0 0 0 0 0 0 0 89831.649894442337 91073.007376420588 91790.076772881963 87847.157507517812
11410047 1 0 0 1 0 1 4 3 2 0 3 5 3 5 4 3 3 1 2 1 0 0 0 0 2 2 3 94142.572323121291 94594.426529218283 94066.997981787354 94035.034796552995
11410047 1 4 7 8 7 2 4 6 4 1 3 6 4 0 0 2 2 1 1 1 0 0 0 0 2 1 1 87913.14941806077 -1.0000000000000001e+300 87873.069366873286 83075.469383057542
11410047 1 9 7 4 0 8 7 4 0 7 5 2 1 4 4 0 0 1 3 1 0 0 0 0 2 2 2 92420.941482439841 87007.996960529083 91688.204820883242 91796.957915107443
11410047 1 1 4 3 0 5 4 3 2 11 6 4 3 10 7 5 3 1 3 1 0 0 0 0 2 2 2 -1.0000000000000001e+300 87656.016587735765 85486.473235394282 90201.440077103616
11410048 1 0 0 0 3 3 3 4 4 2 4 6 6 1 5 3 3 1 3 1 0 0 0 0 4 4 3 90755.618878134541 91159.365118275498 90936.847853804662 91205.148010769117
11410048 1 2 3 6 7 0 2 6 8 1 0 5 7 0 3 0 5 1 1 1 0 0 0 0 0 0 0 85542.403984532037 91978.185724804905 91874.905844552894 90758.409068044813
11410048 1 3 5 6 10 1 3 5 4 2 1 0 1 0 0 0 2 1 2 1 0 0 0 0 0 0 1 88174.33596294251 88717.866422017949 88651.116427661211 86069.617507803807
11410048 1 4 7 11 5 1 2 5 4 0 3 2 2 3 0 0 0 1 3 1 0 0 0 0 3 1 1 82308.316587978625 82337.547399192132 81202.259423905765 79759.872247159394
11410049 1 2 0 0 0 3 1 0 3 1 3 0 2 2 2 1 3 1 1 1 0 0 0 0 0 0 0 96978.379879943284 96903.450667255296 97143.552982765192 97162.089767687241
11410049 1 0 0 0 4 1 3 4 7 1 0 5 3 2 5 1 3 1 2 1 0 0 0 0 2 3 4 89460.581600948586 90071.458883060433 90551.384884998697 89442.457149328387
11410049 1 10 5 3 3 6 4 0 0 5 1 0 0 3 2 0 0 1 3 1 0 0 0 0 1 1 0 88743.470338405546 87188.808810369112 89294.340676826978 88671.20667583523
11410049 1 5 3 0 0 7 1 0 1 11 7 3 2 9 8 3 0 1 2 1 0 0 0 0 2 2 3 87563.609330609339 82968.364820042625 87922.953601134737 88144.600759173569
11410050 1 0 2 1 0 1 3 6 3 0 6 4 3 0 3 3 5 1 3 1 0 0 0 0 1 2 1 91803.876244654602 92603.42757709985 91622.845856295695 92526.166479582578
11410050 1 0 3 2 1 0 2 3 2 1 3 6 4 3 0 4 7 1 3 1 0 0 0 0 4 3 1 89789.833535603873 89788.316134705936 89422.806228938396 90021.005573024217
11410050 1 0 0 2 0 1 4 1 2 7 0 3 0 10 7 5 3 1 3 1 0 0 0 0 1 1 2 89783.68717620695 89448.868870401828 86707.324591017314 89662.830721024715
11410050 1 8 6 4 2 11 4 4 1 4 3 1 0 3 3 0 0 1 2 1 0 0 0 0 3 3 4 84713.65958418457 79844.745233499401 84829.209995814133 82993.622876039139
11410051 1 4 2 3 2 1 1 1 1 2 3 2 3 0 0 4 4 1 2 1 0 0 0 0 2 1 1 95626.61691051058 96146.775153809111 95658.814010539805 95932.68694421096
11410051 1 3 6 8 2 3 2 1 0 0 0 1 3 0 1 0 0 1 3 1 0 0 0 0 0 1 1 89194.602473789142 90314.591423653765 89412.654552981447 89546.228419228675
11410051 1 4 5 7 9 3 2 4 6 0 1 0 0 0 1 0 3 1 3 1 0 0 0 0 2 3 1 90959.378362397401 90763.0815839797 91117.891149071031 87268.355021479278
11410051 1 0 0 3 0 4 3 3 2 4 6 7 11 5 6 7 10 1 1 1 0 0 0 0 0 0 0 88892.616695158766 88623.466413510469 75787.998383513797 88434.032021580031
11410052 1 3 3 0 0 3 4 2 1 2 3 3 0 2 1 4 0 1 3 1 0 0 0 0 3 2 1 95819.486838873228 95858.972480919998 95693.363774301382 96187.270974630781
11410052 1 0 4 4 7 0 3 4 8 5 0 3 5 0 2 0 4 1 2 1 0 0 0 0 2 0 2 84830.471773934172 89647.858829610239 88950.645870516542 89508.203629582189
11410052 1 6 7 8 9 5 6 7 5 5 1 3 2 3 0 1 2 1 3 1 0 0 0 0 3 3 2 90339.876180595995 90241.171661030661 89874.983372547664 83789.58442210668
11410052 1 2 0 6 5 11 8 5 3 9 6 5 3 0 1 5 3 1 3 1 0 0 0 0 4 4 3 70886.554950787686 67238.170273614014 72769.154297453526 68197.070521629561
11410053 1 4 2 0 3 3 6 0 0 4 3 6 2 1 2 3 0 1 1 1 0 0 0 0 3 2 3 91997.257897765856 91228.846611344605 91519.682866709569 91856.26986632176
11410053 1 0 0 2 0 0 1 1 0 3 4 5 2 3 6 8 6 1 1 1 0 0 0 0 3 4 4 90904.022933728382 91078.966524072748 87768.428180030663 90661.160816469244
11410053 1 1 0 0 0 0 3 0 5 2 3 5 6 3 4 7 9 1 1 1 0 0 0 0 2 3 3 90919.703133223331 91604.777703998203 89007.448747531089 91631.449788100552
11410053 1 4 3 0 0 6 4 0 0 8 7 2 1 10 11 3 0 1 2 1 0 0 0 0 3 2 4 89741.986866733409 81771.399729260505 89487.374840185279 89028.424605163105
11410054 1 4 4 5 0 3 3 0 0 1 4 3 2 3 0 1 0 1 2 1 0 0 0 0 0 0 0 95003.627960192229 95453.767291466123 95232.867082605284 94881.771847502139
11410054 1 0 1 7 3 0 0 3 6 0 0 3 4 3 2 0 4 1 2 1 0 0 0 0 4 3 3 89696.76186507594 90818.297611908492 90615.095132728806 90957.193704677338
11410054 1 2 0 1 0 3 0 4 0 4 5 6 4 9 8 7 6 1 2 1 0 0 0 0 3 2 3 90993.428742327553 90245.403102139782 87830.70402343919 -1.0000000000000001e+300
11410054 1 0 2 1 3 0 3 3 5 1 4 5 6 3 5 11 9 1 3 1 0 0 0 0 1 2 0 86482.5369988069 86703.696929932601 86836.679671945662 -1.0000000000000001e+300
11410055 1 0 0 3 1 0 2 0 1 1 0 4 2 6 5 4 3 1 3 1 0 0 0 0 1 2 1 94623.990116375455 94294.972425319531 93997.685528238391 94130.451982866085
11410055 1 6 8 5 3 3 3 5 0 0 0 3 3 0 0 1 0 1 3 1 0 0 0 0 3 4 2 91064.202841067221 91035.682932396609 91321.626537308024 89041.354404311933
11410055 1 10 7 5 3 7 5 0 1 6 4 0 2 3 3 0 3 1 3 1 0 0 0 0 2 2 0 89914.498126601393 89603.296270216117 89920.29641145085 89845.268560370256
11410055 1 3 4 11 9 0 1 4 6 0 2 0 4 0 2 0 0 1 3 1 0 0 0 0 1 0 0 85332.152059825414 86201.850015722885 86435.332301103408 82352.330143633968
11410056 1 0 0 3 2 0 4 5 1 5 4 4 3 3 1 2 4 1 3 1 0 0 0 0 0 0 2 94078.966095298529 93864.741535504669 94181.710622946426 93966.526229858398
11410056 1 7 8 6 5 3 6 5 3 3 1 3 0 0 0 3 2 1 1 1 0 0 0 0 1 2 2 90106.84409067579 89833.086302088312 89642.452169947399 84841.748934839896
11410056 1 10 1 0 0 9 3 0 3 7 5 1 0 5 4 3 0 1 3 1 0 0 0 0 0 2 0 89963.896257082524 76014.657367598804 89787.917948139278 90072.779666824877
11410056 1 4 11 7 6 3 4 5 3 1 4 0 0 0 0 2 3 1 1 1 0 0 0 0 3 4 4 82647.072149664746 82371.480248721462 82917.955269259794 80620.422159648631
11410057 1 0 2 0 0 2 2 4 2 1 4 1 1 3 0 0 0 1 3 1 0 0 0 0 4 3 3 96958.832190577188 96855.756032132209 96986.723801324391 97152.398570083242
11410057 1 6 3 3 0 8 4 0 0 6 2 0 0 4 3 0 1 1 3 1 0 0 0 0 1 1 2 91358.103239643155 86224.018361589217 91167.777133908501 90958.750658351957
11410057 1 10 7 5 4 7 5 4 2 2 5 3 2 1 0 3 0 1 2 1 0 0 0 0 3 0 0 88891.993167073 88979.400010298501 89809.282245966548 84832.136071584478
11410057 1 3 10 11 2 9 9 4 2 0 3 1 5 0 1 0 3 1 2 1 0 0 0 0 3 2 2 96139.801680926466 102343.76448245114 -1.0000000000000001e+300 82610.261509798511
11410058 1 0 4 3 0 4 3 2 0 3 4 1 1 1 3 3 0 1 2 1 0 0 0 0 0 1 2 95849.205117755453 95258.490974655841 95614.216047122143 95546.017614505923
11410058 1 3 6 4 0 7 3 1 0 3 1 3 2 0 2 0 2 1 3 1 0 0 0 0 4 3 3 90164.500375297386 89581.716175500813 90467.594622291945 90141.339037170532
11410058 1 10 6 5 3 7 5 4 5 5 4 0 2 4 0 0 2 1 1 1 0 0 0 0 3 2 3 88620.788965154905 88373.548470780224 -1.0000000000000001e+300 88216.11752205313
11410058 1 5 8 11 10 3 5 5 3 3 0 3 7 0 0 2 0 1 2 1 0 0 0 0 4 2 4 75560.026029995526 76238.731213091072 77197.379545172196 66506.847849184225
11410059 1 4 4 1 2 0 2 4 6 1 0 6 4 1 0 2 0 1 1 1 0 0 0 0 1 2 3 91899.754167170002 91650.888752017185 91725.02615445132 91296.574391059272
11410059 1 0 1 0 0 6 2 0 0 8 4 3 1 6 1 2 2 1 3 1 0 0 0 0 0 0 1 91269.773358112376 89076.113490733042 91277.296017635905 91112.537229066089
11410059 1 9 7 5 4 3 6 2 4 0 0 2 1 3 0 1 0 1 2 1 0 0 0 0 3 2 3 91090.114927476447 90313.253395855281 90980.925752887109 83364.024654928551
11410059 1 0 2 8 6 0 3 11 3 2 11 4 5 0 3 2 0 1 3 1 0 0 0 0 4 1 2 81690.804324381199 79572.61656355836 77615.909921757047 78470.84953823965
11410060 1 0 1 0 3 2 4 2 3 3 4 5 0 1 2 3 0 1 3 1 0 0 0 0 1 0 0 95174.938635790779 95352.407562397129 95323.588804325569 94861.172269324452
11410060 1 3 1 0 0 3 3 0 4 3 5 3 0 5 6 7 5 1 4 1 0 0 0 0 3 4 3 89301.503759313491 90208.665025724316 89270.445716638453 90853.24772356858
11410060 1 1 3 0 0 6 4 0 3 8 5 1 3 9 8 7 3 1 2 1 0 0 0 0 0 1 0 91299.236857236028 86849.197839184271 85271.282604058928 89843.49502079071
11410060 1 3 5 2 1 1 3 5 6 2 3 7 8 3 6 11 10 1 1 1 0 0 0 0 1 2 4 90696.39007252107 91837.224753827701 90597.497560847551 92482.524563993138
11410061 1 3 2 2 0 0 3 0 0 2 2 0 3 1 1 1 0 1 1 1 0 0 0 0 0 0 1 96625.501626226629 96873.013034558942 96896.332172434166 97072.31012714791
11410061 1 5 6 8 7 0 4 5 6 0 3 1 3 2 2 0 3 1 3 1 0 0 0 0 4 3 3 91042.918045359358 91621.139102021378 91190.710229909469 83002.52470325194
11410061 1 5 5 7 9 0 3 4 3 1 1 2 2 0 0 0 1 1 3 1 0 0 0 0 3 4 3 89399.740127616315 90821.564389075473 90669.370053638646 85085.043057771982
11410061 1 7 4 3 0 11 6 1 0 5 2 0 1 4 3 0 0 1 2 1 0 0 0 0 3 3 3 81760.059889859505 77990.951611705328 81696.74863327248 81299.026020418911
11410062 1 0 3 2 1 0 0 5 4 1 5 4 4 0 3 3 0 1 1 1 0 0 0 0 1 3 3 93793.202387021651 94539.496871859941 93839.546551916472 94453.514365903262
11410062 1 4 5 7 6 3 5 6 1 1 3 2 0 0 0 2 2 1 1 1 0 0 0 0 3 3 4 90497.946997680221 90074.227193590632 91000.622767696768 88125.786232076251
11410062 1 10 7 6 2 3 7 6 1 3 1 3 1 0 2 3 0 1 2 1 0 0 0 0 1 1 0 89026.274684747594 89221.975774818522 89414.887742000923 82363.768991548772
11410062 1 10 11 7 1 8 7 0 3 5 5 3 0 4 3 3 0 1 3 1 0 0 0 0 2 3 0 92030.273686610322 84146.595262014191 92159.583514934304 91826.782197324908
11410063 1 2 3 5 4 0 5 0 0 0 1 5 0 0 0 2 0 1 1 1 0 0 0 0 3 3 4 95376.794457781754 95016.791084975979 94336.570804850257 94516.990747949807
11410063 1 4 3 2 0 6 1 3 0 8 5 1 2 6 5 5 0 2 4 0.5 5 0.5 0 0 3 3 3 90737.860754953028 86726.910756378566 88786.166194026373 89728.305707357358
11410063 1 1 0 0 2 6 3 3 1 8 6 1 2 9 8 5 4 1 2 1 0 0 0 0 1 1 2 90678.9971600469 89608.773258792353 87998.720411832837 90502.973488502743
11410063 1 1 1 1 0 0 2 2 3 0 0 5 5 1 6 11 10 1 2 1 0 0 0 0 1 2 2 86440.971972395026 88280.022040836979 83329.670479402528 88090.500839600179
11410064 1 0 1 3 3 0 5 2 1 3 4 5 2 2 3 3 0 1 2 1 0 0 0 0 4 2 3 94027.674438146889 93665.431050070983 94317.375764952754 93607.246195051397
11410064 1 0 3 3 0 1 6 3 2 0 6 7 3 2 0 0 1 1 1 1 0 0 0 0 2 3 3 90454.955731366688 90181.277231891698 90980.951143540558 90795.933527642876
11410064 1 1 0 0 1 5 0 0 0 7 5 4 1 10 6 4 2 1 2 1 0 0 0 0 1 2 2 89922.442645440504 89790.181582956924 88956.01242853835 90022.584579826711
11410064 1 4 6 11 9 3 4 6 8 1 3 5 5 0 0 2 3 1 3 1 0 0 0 0 4 4 3 87371.649367861595 86918.525572254104 -1.0000000000000001e+300 86185.701219510316
11410065 1 0 0 0 2 1 2 0 6 0 2 5 1 0 1 4 2 1 2 1 0 0 0 0 4 2 3 94422.380290320318 94425.799365381943 94198.652947864044 94705.036881706037
11410065 1 0 0 0 4 4 4 1 1 8 2 1 0 3 3 3 0 2 4 0.5 5 0.5 0 0 2 4 4 89581.248455729772 90028.695598516671 88361.643741058477 89026.331473771541
11410065 1 9 7 6 1 8 4 4 2 2 4 3 0 2 1 0 0 1 1 1 0 0 0 0 0 0 0 89238.174223828653 89251.034185039127 90692.206251827811 86183.575037779796
11410065 1 10 8 8 3 11 6 4 1 5 4 0 0 4 3 2 0 1 3 1 0 0 0 0 0 0 0 91851.86433763316 83057.395826162523 91755.749967562573 85363.88545371496
11410066 1 5 5 6 2 1 6 3 0 0 2 1 0 1 0 0 0 1 3 1 0 0 0 0 1 2 2 92366.341038703918 92087.47820968568 92104.932546280485 92181.087386095212
11410066 1 5 8 5 3 5 4 3 0 2 3 0 0 1 1 0 3 1 2 1 0 0 0 0 1 1 1 90947.839741998905 90225.933587498555 91111.197940202474 89037.793874352428
11410066 1 10 7 4 2 4 3 0 0 4 1 1 3 0 0 2 0 1 2 1 0 0 0 0 2 1 0 88978.084174125484 89106.353498483921 88997.895571910776 85420.493484261897
11410066 1 3 4 11 8 1 4 5 6 0 0 4 1 0 2 2 2 1 1 1 0 0 0 0 0 0 0 84329.167678696773 -1.0000000000000001e+300 84999.879892636105 80925.528553933531
11410067 1 3 1 0 2 0 0 0 1 1 2 2 2 0 0 0 1 1 3 1 0 0 0 0 0 0 2 97219.9334323605 97264.240564823151 97166.836227267981 97165.020538965851
11410067 1 6 3 3 3 7 5 5 3 8 6 3 0 6 5 3 0 1 3 1 0 0 0 0 4 4 3 89332.556475455509 83317.415821757284 89096.842424032002 88334.134311231261
11410067 1 3 1 0 2 4 0 3 0 8 5 1 0 10 8 6 4 1 2 1 0 0 0 0 1 1 1 90330.741857404762 88931.995329004669 84636.301823590416 89839.999116282808
11410067 1 2 3 8 9 0 5 7 11 0 3 6 10 0 0 4 6 1 2 1 0 0 0 0 4 2 4 62649.884351549903 -1.0000000000000001e+300 -1.0000000000000001e+300 72700.008149809699
11410068 1 0 2 0 0 4 4 6 1 3 6 2 0 2 1 1 0 1 3 1 0 0 0 0 4 4 3 92146.449888186529 92259.006342121589 92134.095400846854 92058.170539874947
11410068 1 4 2 4 0 6 2 0 0 8 5 4 1 7 6 2 0 1 3 1 0 0 0 0 3 1 1 -1.0000000000000001e+300 84016.433078959511 90409.098364972728 90816.560139991241
11410068 1 5 0 2 0 3 4 3 5 2 4 7 0 10 9 8 4 1 1 1 0 0 0 0 1 0 0 82790.027735437659 83519.647289218381 68501.828037502972 83031.542628371943
11410068 1 10 7 4 1 11 4 3 0 7 3 1 0 4 0 0 1 1 2 1 0 0 0 0 0 2 1 87827.848262140178 76031.125463463773 87635.427850842418 84436.663080516562
11410069 1 0 3 0 3 0 2 5 4 1 4 3 5 2 3 0 3 1 1 1 0 0 0 0 3 3 2 94208.397895990827 94596.201347816066 94055.022842225575 94549.932427016029
11410069 1 3 5 7 0 4 4 7 0 2 3 4 0 0 2 0 4 1 3 1 0 0 0 0 3 1 2 88123.725898158184 90213.358318025435 89334.51309073178 88629.465919645998
11410069 1 0 0 0 3 3 1 2 4 0 3 4 6 3 5 6 10 1 2 1 0 0 0 0 1 0 2 88815.689867554116 89110.515457798523 88876.366422844701 89183.495805089158
11410069 1 0 1 3 4 2 0 3 4 3 5 4 5 6 8 11 8 1 2 1 0 0 0 0 4 3 4 79601.245883629977 79060.120079169428 75446.048735847973 80796.401621429584
11410070 1 1 1 2 3 4 0 0 0 3 6 5 2 3 4 5 3 1 1 1 0 0 0 0 2 3 3 92660.168735095416 92418.782967590145 91323.559414379182 91840.156478264835
11410070 1 6 8 6 3 5 3 2 1 2 0 0 0 1 0 0 0 1 3 1 0 0 0 0 0 0 1 91502.165007444419 91334.036530581579 91337.088374717656 88871.861066368234
11410070 1 10 7 5 3 7 6 3 1 6 5 3 0 5 0 2 0 1 3 1 0 0 0 0 2 2 1 89650.781889496633 88527.792498506722 89306.048883003794 89321.392984390099
11410070 1 0 3 11 9 3 4 7 8 3 3 5 5 0 2 3 1 1 1 1 0 0 0 0 0 1 1 79157.690361854096 86546.298726335925 86538.635983231157 85537.463289212916
11410071 1 0 0 4 3 1 4 5 3 0 2 4 3 1 3 3 3 1 1 1 0 0 0 0 2 4 3 94132.186192515466 94091.075036908369 94557.258950925665 94963.362578829125
11410071 1 2 0 6 7 1 4 4 8 1 3 3 7 0 0 2 4 1 2 1 0 0 0 0 4 3 4 86418.611804645159 92543.394769965496 91769.818818489235 91617.747325618984
11410071 1 3 5 6 9 3 1 5 7 0 0 2 4 2 1 0 0 1 1 1 0 0 0 0 2 3 3 91076.041586224193 91163.947244506227 91244.899406011289 88717.181447965137
11410071 1 4 6 11 10 3 3 6 7 0 1 2 3 0 2 0 0 1 1 1 0 0 0 0 2 2 3 87426.171389932817 89274.474849420541 89485.133497263945 81004.882888504537
11410072 1 0 3 4 5 1 6 4 1 2 1 0 3 0 0 0 3 1 3 1 0 0 0 0 1 3 0 93596.896528389712 93930.517312261785 93946.342438817024 93948.858518357476
11410072 1 7 8 6 5 5 6 4 1 4 4 0 0 3 0 3 1 1 2 1 0 0 0 0 0 1 0 91922.10139110242 89744.195138944226 91560.480186536472 79305.4742506771
11410072 1 10 8 6 4 8 5 5 0 6 4 0 2 5 3 3 0 1 3 1 0 0 0 0 4 3 1 90020.195672435628 88042.539362024967 90433.602378924872 89896.233742824799
11410072 1 8 11 8 3 3 5 3 0 1 1 0 0 2 1 0 0 1 2 1 0 0 0 0 0 1 0 79397.463957813772 79624.996268883333 81288.307213250228 77015.514764114952
11410073 1 3 3 0 0 5 5 1 2 4 5 3 0 4 3 3 0 1 3 1 0 0 0 0 1 1 0 94198.35853025649 93701.428128957748 93755.923223435893 94265.649820380742
11410073 1 0 0 0 1 2 2 1 0 3 4 3 3 6 8 5 3 1 3 1 0 0 0 0 0 0 1 91388.646635001453 91145.423569879815 88743.282419726733 90423.589209841055
11410073 1 2 1 0 0 5 4 0 0 7 5 1 2 9 7 5 4 1 3 1 0 0 0 0 4 4 3 91187.753279498298 91268.168761672496 90313.443048981717 -1.0000000000000001e+300
11410073 1 3 0 0 1 0 2 3 5 6 1 3 4 9 11 5 3 1 2 1 0 0 0 0 3 3 3 81031.078861654387 84892.525904769733 70612.934921117165 84220.956238910425
11410074 1 0 0 2 0 0 2 5 1 5 1 3 1 3 0 0 4 1 2 1 0 0 0 0 1 1 0 95845.923297758447 95583.515978217125 96192.688320769186 95894.389347632721
11410074 1 0 2 0 0 0 0 0 2 1 5 4 4 2 7 5 1 1 3 1 0 0 0 0 1 0 0 91131.45956391457 91552.684563941672 91227.09194879065 91406.382534017466
11410074 1 3 3 4 2 7 6 4 0 8 7 5 3 10 8 7 1 1 1 1 0 0 0 0 2 3 3 86864.651990122788 81165.343794993794 89789.482659648987 91632.994848675356
11410074 1 4 0 0 2 6 4 0 2 11 5 3 3 8 7 4 3 1 1 1 0 0 0 0 3 2 3 85248.240076244867 77340.902677741877 82190.572043885841 85139.089020887128
11410075 1 3 0 0 3 6 0 5 3 4 5 3 3 3 3 2 1 1 1 1 0 0 0 0 3 4 2 92110.166143880211 92061.095543063639 92685.534335939839 92471.577942565636
11410075 1 2 5 8 6 1 3 4 3 0 3 1 0 1 0 0 3 1 2 1 0 0 0 0 1 2 2 90559.288871225988 90653.670906002357 90962.987978809208 87468.843258651657
11410075 1 1 8 9 10 3 5 6 2 0 0 2 4 3 1 2 0 1 1 1 0 0 0 0 1 1 0 87488.5427585789 88484.630848773202 87900.252461116528 73665.396440391938
11410075 1 0 2 0 1 0 2 6 11 2 0 6 6 1 3 4 5 1 2 1 0 0 0 0 2 0 1 77758.995947849413 82582.89867042315 80425.128244200096 83282.891736597187
11410076 1 0 2 1 4 2 5 4 1 1 1 5 2 0 0 0 3 1 3 1 0 0 0 0 3 4 3 94406.023164931044 94837.18631388346 94587.907031693059 94762.608091123897
11410076 1 5 8 7 5 0 3 4 3 1 1 3 3 0 2 0 0 1 2 1 0 0 0 0 1 1 3 89564.727274456338 89755.675210218687 89282.112666397137 86629.62882621614
11410076 1 3 4 7 10 3 3 4 6 0 1 3 5 1 1 2 3 3 4 0.5 5 0.25 6 0.25 1 3 1 88936.992698838119 87520.668965333272 87664.412054933462 88255.108145169797
11410076 1 0 3 2 11 3 5 7 8 0 3 5 5 3 0 0 3 1 1 1 0 0 0 0 1 1 1 75536.141664382012 77083.72906671901 76878.796006833189 79065.546136310848
11410077 1 0 4 2 0 3 3 0 0 6 4 3 2 5 2 1 0 1 2 1 0 0 0 0 3 0 1 93870.003216266632 94071.945465633165 93820.798088764699 93462.347751935318
11410077 1 3 1 3 2 0 3 0 5 7 4 3 1 0 3 3 3 1 2 1 0 0 0 0 0 0 1 92016.883649258903 89752.456544762506 90658.1530610146 91067.315961970395
11410077 1 0 2 3 9 0 0 3 7 0 1 4 5 2 1 1 2 3 4 0.33333333333333331 5 0.33333333333333331 6 0.33333333333333331 1 1 2 89292.421081525797 90584.731796698848 89663.063034344304 91388.587103186845
11410077 1 1 2 3 3 8 0 4 5 11 4 1 3 10 9 5 4 1 2 1 0 0 0 0 1 1 2 84311.72682885961 74448.690507626801 65009.506157755488 78788.206960558993
11410078 1 0 2 3 3 1 4 3 2 2 3 1 1 0 2 0 0 1 1 1 0 0 0 0 2 2 4 96461.908350276353 96659.815991779877 96686.013813657104 96973.055389748668
11410078 1 3 4 5 7 2 3 6 8 1 2 5 6 0 2 1 5 2 4 0.5 5 0.5 0 0 1 0 1 87055.165786990387 90753.167891293066 90488.728142107779 90896.920444433461
11410078 1 3 5 6 10 0 0 4 6 0 2 2 3 0 0 2 1 1 1 1 0 0 0 0 3 2 3 88614.407615833392 89137.746442755582 89125.872771038383 87513.012869876271
11410078 1 0 6 5 0 2 3 4 6 11 9 5 0 3 10 4 3 1 2 1 0 0 0 0 3 1 2 49675.327267175948 44480.905551472417 48465.013031023365 48734.744834073383
11410079 1 0 0 3 2 0 0 3 2 0 0 1 1 3 2 4 1 1 1 1 0 0 0 0 3 4 4 97334.459122662913 -1.0000000000000001e+300 97487.525646833936 97865.763708559665
11410079 1 0 3 2 0 0 4 7 3 2 5 3 8 1 3 3 0 1 2 1 0 0 0 0 2 0 0 85710.75425566746 83447.932640989995 84777.401882441583 85819.545805832138
11410079 1 2 0 0 0 1 2 1 2 4 4 5 3 10 8 7 5 1 2 1 0 0 0 0 2 0 1 89701.651676266396 89370.079301110483 80672.775683367625 89300.646165644735
11410079 1 9 7 1 4 11 6 4 0 5 6 7 1 4 2 1 3 1 2 1 0 0 0 0 2 3 2 78239.901490227378 63663.317355050676 71386.100217495841 73363.833187097189
11410080 1 0 0 0 1 0 2 6 0 2 5 6 1 0 5 2 1 1 1 1 0 0 0 0 1 2 3 92647.598144867981 92615.607082239789 92007.526874671166 91596.409378309763
11410080 1 6 5 3 0 8 6 0 0 7 3 0 0 5 1 0 1 1 2 1 0 0 0 0 2 3 4 90268.437830960771 83192.30438963804 90305.231818163331 90244.272313808775
11410080 1 10 9 8 7 2 5 7 3 0 3 4 4 3 2 0 0 1 1 1 0 0 0 0 2 1 2 87184.718701707941 87213.332338549255 87125.685477749008 72872.470669404313
11410080 1 1 0 1 0 5 0 0 0 11 4 3 1 10 7 4 0 1 2 1 0 0 0 0 1 3 3 88626.092172510485 81450.042176629169 85026.734562332844 88761.048060184563
11410081 1 0 2 0 0 0 5 3 4 1 5 6 3 1 2 3 3 1 1 1 0 0 0 0 3 4 4 92196.75508216575 92696.838369404184 92908.196908373997 92560.489337992069
11410081 1 6 4 3 1 8 6 3 2 6 4 3 2 5 1 3 1 1 3 1 0 0 0 0 0 1 0 -1.0000000000000001e+300 -1.0000000000000001e+300 89831.97833486108 89439.802533994545
11410081 1 10 8 7 5 4 4 3 1 2 1 3 2 1 0 0 0 1 1 1 0 0 0 0 2 4 4 89279.589958671102 89022.081474176768 89364.713583868885 79232.226624823234
11410081 1 4 2 5 3 8 6 5 2 11 7 3 0 10 9 2 3 1 1 1 0 0 0 0 3 1 1 -1.0000000000000001e+300 59895.728068341276 96537.916807066867 103260.25546823259
11410082 1 0 3 4 0 4 3 1 2 2 2 4 2 0 1 3 1 1 3 1 0 0 0 0 2 1 1 96028.681466049617 96044.740004589155 95808.823698143897 95650.998936441203
11410082 1 7 8 7 5 4 4 5 4 0 1 3 1 0 3 1 0 1 2 1 0 0 0 0 1 3 2 91232.30237743452 90982.336863323319 -1.0000000000000001e+300 84185.804785139509
11410082 1 10 8 7 1 8 6 4 4 6 3 3 0 1 2 1 3 1 2 1 0 0 0 0 0 1 2 90277.027179664045 91532.035701487286 90788.326358606995 90672.418120815302
11410082 1 10 11 2 4 8 6 8 1 3 1 3 3 1 2 0 0 1 2 1 0 0 0 0 0 0 2 72321.973116582521 73476.302019610186 75653.586600944735 64272.996824489383
11410083 1 2 0 0 3 4 3 2 1 0 0 2 3 4 0 0 1 1 3 1 0 0 0 0 3 2 3 96459.018211189657 96449.518269082226 96761.502374653472 96729.840752471689
11410083 1 0 3 5 5 0 2 4 8 4 2 1 5 0 0 3 0 1 1 1 0 0 0 0 0 0 0 88136.817654094863 91048.817852419219 90952.611987698925 89892.5836973064
11410083 1 0 3 2 0 3 0 0 2 3 4 3 5 5 7 8 9 1 1 1 0 0 0 0 2 1 1 90858.317116249833 90540.798327470111 77619.356022351771 90966.542630339522
11410083 1 0 0 1 0 3 2 5 1 7 6 5 3 9 11 7 5 1 1 1 0 0 0 0 1 3 2 86389.056998131608 86404.09822768085 77708.102348604734 86279.03995294965
11410084 1 3 3 0 3 5 1 2 0 2 5 6 1 0 5 1 0 1 3 1 0 0 0 0 3 4 2 92381.516347186538 92111.515888843511 91980.709439418919 90939.712976543989
11410084 1 2 0 0 0 1 2 2 1 0 4 4 3 7 8 7 7 1 2 1 0 0 0 0 3 1 4 89245.021800635543 90639.146055942692 84795.058325095655 91064.851602435636
11410084 1 1 2 4 7 3 4 5 8 3 2 4 9 1 0 0 0 1 3 1 0 0 0 0 1 1 0 85388.592479713436 89462.817736750454 90455.269306934264 90726.994139468312
11410084 1 3 2 0 2 5 3 3 0 8 7 2 2 9 11 6 1 3 6 0.1818181818181818 7 0.27272727272727271 8 0.54545454545454541 4 1 4 73837.169388711161 84171.56852845737 81460.282774952706 71059.57977145887
11410085 1 1 1 1 0 0 2 2 0 0 3 3 3 0 0 1 0 1 3 1 0 0 0 0 0 2 0 97554.38843923145 97691.750363600906 96863.905293146774 97202.246635052899
11410085 1 5 8 6 4 3 6 2 0 2 1 0 0 0 0 1 1 1 3 1 0 0 0 0 0 1 1 90303.402426604764 90629.344727727352 90257.575132792874 87445.771114229588
11410085 1 10 8 6 3 4 4 1 2 1 3 0 0 2 0 0 0 1 3 1 0 0 0 0 0 0 1 89668.084822126548 89566.258881853253 89610.3576632982 86339.834757289209
11410085 1 4 3 11 9 3 0 4 7 3 0 3 4 3 0 0 2 1 3 1 0 0 0 0 4 3 2 83078.805504033764 86463.823330273721 85746.461048969402 81363.51189102068
11410086 1 0 0 3 3 5 3 3 4 0 3 5 3 1 3 1 2 1 1 1 0 0 0 0 2 4 2 93800.106417944684 93740.567349174657 94069.805478104201 93995.849666186725
11410086 1 3 0 1 0 7 1 3 2 6 6 3 3 3 5 3 1 1 2 1 0 0 0 0 1 2 2 87556.623971752619 87323.185558645375 88873.63240054471 89912.867390419982
11410086 1 10 6 3 1 4 6 0 0 1 3 2 0 0 1 0 0 1 2 1 0 0 0 0 0 1 1 89340.944594962435 88055.101159977203 90069.122922338749 88188.412170324067
11410086 1 6 7 11 10 4 6 8 9 3 6 7 0 3 3 5 1 1 3 1 0 0 0 0 3 4 2 87176.468756421993 98360.39939700914 87951.325074364358 84042.785312883731
11410087 1 2 0 3 2 0 1 4 4 0 3 5 6 3 5 6 5 1 1 1 0 0 0 0 2 2 1 91194.006152877933 90553.062112781743 90521.584490852896 90914.297471306068
11410087 1 0 2 0 1 1 3 0 0 5 4 4 3 6 7 8 7 1 3 1 0 0 0 0 3 4 2 91074.53089502384 90714.698077748224 84068.281617385801 90627.042746519044
11410087 1 1 4 3 1 7 6 3 2 8 6 5 3 10 8 6 2 1 2 1 0 0 0 0 2 1 3 -1.0000000000000001e+300 -1.0000000000000001e+300 90358.374785156222 90642.224199877121
11410087 1 3 1 2 0 3 3 4 1 4 6 3 3 5 7 11 9 3 6 0.1818181818181818 7 0.27272727272727271 8 0.54545454545454541 0 1 1 83384.330283213392 78503.466439735275 77576.24834219474 79593.206408904749
11410088 1 2 3 2 0 4 3 4 3 0 1 1 0 2 0 0 0 1 1 1 0 0 0 0 3 3 3 96987.841691864858 96350.578479297357 96922.163559888606 96291.188319361579
11410088 1 5 8 5 4 3 6 3 0 0 2 0 2 0 2 0 3 1 3 1 0 0 0 0 3 0 1 88535.237732382666 88649.442350433368 88648.15588689984 84579.950664102289
11410088 1 4 6 8 10 4 5 5 7 3 1 2 1 2 0 0 0 3 4 0.5 5 0.25 6 0.25 0 0 1 89864.190933967388 89063.024039425291 89221.930116124873 87173.037925861092
11410088 1 9 11 2 1 7 4 4 5 4 2 1 3 3 3 3 3 1 2 1 0 0 0 0 4 3 3 87172.777116174489 82400.885290390012 86945.201703442712 86711.584628239143
11410089 1 0 0 2 0 0 3 6 2 1 5 6 0 5 3 3 1 1 3 1 0 0 0 0 1 1 1 90443.446199252285 90528.626399687768 90409.566695164918 90352.889415309357
11410089 1 0 2 0 0 2 2 1 0 1 4 3 3 8 8 6 4 1 3 1 0 0 0 0 1 0 2 91128.064494231105 90029.883579916859 87047.480625106444 91516.695664321844
11410089 1 3 0 3 0 4 1 3 0 5 5 3 0 9 6 5 1 1 2 1 0 0 0 0 0 1 0 91552.607146904717 90411.980834337141 87176.163828530218 91323.031798058932
11410089 1 0 0 1 0 3 0 3 2 0 2 3 4 3 10 11 6 1 3 1 0 0 0 0 1 0 1 78828.915406215048 78845.197105925006 77791.387233468689 79287.534984787664
11410090 1 0 2 0 0 2 3 2 1 0 1 4 4 0 3 3 3 1 2 1 0 0 0 0 3 1 3 95917.763576708356 96321.649527831672 96167.444414524783 96109.530462949973
11410090 1 1 2 3 0 4 2 4 5 6 4 0 0 8 7 1 2 1 3 1 0 0 0 0 4 3 2 89455.492883918196 88048.072664129824 88398.091989239038 89477.93251076882
11410090 1 1 1 0 0 3 3 0 0 7 6 4 3 10 8 7 4 1 2 1 0 0 0 0 1 2 0 90332.24657885723 90229.736903476645 85128.603771874943 -1.0000000000000001e+300
11410090 1 0 2 6 0 1 2 3 1 3 4 7 6 6 11 9 8 1 3 1 0 0 0 0 4 4 3 76178.011082402896 76188.604486788041 73757.75787875001 -1.0000000000000001e+300
11410091 1 0 3 2 1 0 1 5 3 2 5 3 4 0 0 2 0 1 1 1 0 0 0 0 0 0 0 95078.518771937932 94897.999553818488 95133.491301180125 95002.553272375299
11410091 1 2 1 0 0 4 5 0 3 0 4 3 3 7 6 3 2 1 3 1 0 0 0 0 3 2 1 90457.287579985801 90415.551754952045 90471.422410442479 91051.921029729143
11410091 1 0 0 0 3 3 2 1 0 4 5 4 3 10 6 5 3 1 2 1 0 0 0 0 1 0 0 88859.764859372604 88658.401531372583 85814.788807572477 89083.553922776991
11410091 1 3 7 3 0 9 4 3 2 11 4 3 1 7 4 3 2 1 1 1 0 0 0 0 3 3 4 -1.0000000000000001e+300 70003.450480484214 75092.731550316428 75946.556651760839
11410092 1 4 3 3 0 4 5 4 3 3 1 4 3 2 0 0 0 1 2 1 0 0 0 0 3 2 3 94934.60873621986 94402.78353998065 94919.392711125198 94665.131542988063
11410092 1 3 1 2 0 4 4 3 0 5 5 4 3 7 8 7 0 1 1 1 0 0 0 0 3 4 4 90797.589241673195 89660.998251063022 91433.527110837735 91845.318233134793
11410092 1 5 3 3 2 7 5 1 0 8 5 2 2 10 6 1 0 1 1 1 0 0 0 0 0 0 1 90298.8545799235 80090.635191217545 89608.393675769796 89780.055645978064
11410092 1 9 7 0 2 11 6 1 3 6 4 4 3 4 3 3 2 1 1 1 0 0 0 0 0 0 0 86658.019426382816 79875.062053433605 85544.795255801349 85676.910821569734
11410093 1 0 3 4 1 2 5 5 4 0 3 6 4 0 0 3 6 1 3 1 0 0 0 0 3 3 2 88581.018761771091 88888.349232935303 90947.339905964065 90341.264014944187
11410093 1 0 0 0 1 3 1 3 3 0 3 3 6 4 7 8 6 1 1 1 0 0 0 0 0 3 2 90112.105074070234 91364.528097621631 87574.078607196891 91419.619097685689
11410093 1 0 1 2 4 0 2 4 5 1 3 6 7 2 5 7 10 1 3 1 0 0 0 0 1 0 1 89727.580061520304 89476.171149493341 89229.189806433511 89631.820865052869
11410093 1 3 2 3 5 2 4 5 8 1 5 6 7 4 11 9 4 1 1 1 0 0 0 0 0 0 0 -1.0000000000000001e+300 -1.0000000000000001e+300 71054.159397491094 72591.352801619738
11410094 1 2 1 0 0 5 5 5 1 5 4 3 2 0 3 0 0 1 1 1 0 0 0 0 0 1 1 93731.28486022244 94390.876873581496 94122.179932700281 94087.412080782422
11410094 1 6 5 5 3 8 6 3 2 6 4 2 1 5 3 0 3 1 1 1 0 0 0 0 2 2 0 90869.693236036153 86761.08517353049 90088.611727315903 88061.167769053965
11410094 1 10 7 5 3 7 5 3 2 6 0 3 0 4 3 0 0 1 1 1 0 0 0 0 2 2 3 89788.15452510427 87714.422260443709 89085.500214502157 89415.242045581239
11410094 1 10 8 7 4 11 5 4 3 4 3 0 0 1 3 2 3 1 2 1 0 0 0 0 3 2 2 -1.0000000000000001e+300 88519.078697822362 89041.346670507803 78470.553153901987
11410095 1 0 0 0 3 2 3 3 2 1 5 3 0 3 1 2 4 1 2 1 0 0 0 0 2 0 1 96155.708736896515 95854.803843086134 95879.675032032857 95873.833620624777
11410095 1 7 8 7 5 3 5 3 0 0 0 3 0 0 2 0 1 1 1 1 0 0 0 0 2 3 3 91444.930830372381 91264.500437923663 91298.091228673933 84768.322180895382
11410095 1 2 5 8 10 4 2 5 7 4 6 5 1 1 0 0 1 1 2 1 0 0 0 0 3 3 4 83007.003737239997 80869.029974024044 88666.25851291843 74877.160663386981
11410095 1 5 7 11 7 2 5 5 4 0 2 2 1 0 1 0 0 1 1 1 0 0 0 0 0 0 1 79131.955282864059 80786.084775554642 79887.631780115509 77149.101090561773
11410096 1 2 0 2 0 0 1 1 1 0 2 4 2 0 3 4 2 1 2 1 0 0 0 0 4 1 4 96561.618464081723 96738.516812626971 96342.073264868886 96548.712393448863
11410096 1 3 0 5 5 0 3 6 7 1 4 3 6 3 0 2 3 1 1 1 0 0 0 0 0 1 1 88248.057572431208 88948.451643592241 90247.561496802053 89366.249157815095
11410096 1 2 3 2 5 1 3 7 8 0 4 7 9 0 2 6 10 1 3 1 0 0 0 0 2 0 0 78441.563565589939 -1.0000000000000001e+300 92727.327443259928 89594.592963232382
11410096 1 4 5 8 9 3 4 6 11 2 3 1 4 0 2 0 0 1 1 1 0 0 0 0 2 2 2 85474.279308351266 87253.594670167644 -1.0000000000000001e+300 76707.136853083939
11410097 1 3 0 3 0 3 4 2 2 4 1 3 0 0 1 0 0 1 1 1 0 0 0 0 1 2 4 96680.805367707566 96178.952855111842 96719.556257003176 96336.887583167016
11410097 1 4 7 7 4 4 4 4 3 4 1 2 0 1 0 0 0 1 3 1 0 0 0 0 3 4 1 88983.352675097762 90525.31082937037 89821.501290461369 87850.612348029681
11410097 1 2 4 3 10 2 5 5 4 0 0 6 4 1 0 0 0 1 1 1 0 0 0 0 1 1 0 82018.350992184744 83564.947267921263 87742.300881258299 84727.294668075527
11410097 1 4 4 4 3 5 7 4 3 9 8 3 0 10 11 6 0 1 1 1 0 0 0 0 2 3 4 84548.04683566076 64830.667725361738 81836.025425352302 83853.421203435544
11410098 1 0 0 2 3 0 1 4 3 2 2 3 2 0 1 4 3 1 2 1 0 0 0 0 4 1 2 96159.635806549559 -1.0000000000000001e+300 96170.091721136079 96413.991992254087
11410098 1 6 8 6 3 3 4 3 3 0 3 0 2 0 0 0 1 1 3 1 0 0 0 0 1 1 0 91398.159912267482 91436.249044002994 91347.752746370912 88948.909268420568
11410098 1 10 9 7 5 7 6 3 1 3 3 4 0 2 1 0 0 1 3 1 0 0 0 0 3 4 3 88311.601675447979 88288.109133170787 -1.0000000000000001e+300 82580.483695962204
11410098 1 6 11 7 5 4 4 5 3 3 2 0 1 0 2 0 0 1 3 1 0 0 0 0 1 0 1 83311.17403653494 81739.89029121866 -1.0000000000000001e+300 78676.961576641115
11410099 1 3 2 4 1 1 4 4 3 0 6 0 0 0 3 1 0 1 3 1 0 0 0 0 1 3 2 94122.461979498679 93602.541102185656 93910.697782728399 93215.928353627518
11410099 1 0 1 3 0 1 2 2 0 0 4 3 1 7 8 7 5 1 2 1 0 0 0 0 0 0 1 91414.699475065165 91533.695513314568 83698.662172887722 90794.019912546355
11410099 1 0 0 0 3 0 3 2 0 1 6 6 4 9 8 7 4 1 2 1 0 0 0 0 3 2 2 90693.109775250094 92951.171461261576 87394.303491864208 92006.02579906235
11410099 1 3 3 0 3 0 3 5 7 3 5 7 9 4 7 11 10 1 1 1 0 0 0 0 3 4 3 93528.104139005896 93978.428241725327 83193.508641564593 93867.603649448181
11410100 0 3 2 1 0 5 5 5 0 2 6 2 1 2 1 3 0 1 2 1 0 0 0 0 3 1 4 91126.258193222107 91655.307375643926 91805.826106480192 91912.276818684157
11410100 0 3 5 6 8 3 4 5 7 2 0 3 5 1 0 0 2 1 3 1 0 0 0 0 1 0 0 89762.8449690423 90353.335439905466 90034.574230012411 89250.814539359635
11410100 0 4 7 8 10 1 4 5 7 3 3 3 1 0 3 0 2 1 2 1 0 0 0 0 1 1 1 89578.954262120213 89590.759704156109 89942.275481428005 79277.597149947076
11410100 0 6 2 3 1 8 4 6 2 3 1 7 8 4 6 11 9 1 1 1 0 0 0 0 0 1 1 -1.0000000000000001e+300 -1.0000000000000001e+300 421.77841452978441 3
11410100 0 6 2 3 3 8 4 6 8 3 1 7 9 4 6 11 1 1 3 1 0 0 0 0 0 1 0 6 6 -1.0000000000000001e+300 -1.0000000000000001e+300
11410101 1 1 3 4 0 2 5 1 0 3 2 3 0 1 0 0 3 1 2 1 0 0 0 0 1 1 2 96084.626324830228 95776.398371066156 95823.624091672682 95756.313569203558
11410101 1 3 6 7 3 5 5 6 1 3 0 2 2 1 0 0 3 1 3 1 0 0 0 0 1 1 2 89228.005597479176 90128.865162744536 90885.111832606912 89017.390533098485
11410101 1 10 9 8 6 0 3 3 1 6 0 4 2 0 0 3 0 1 2 1 0 0 0 0 4 3 4 87616.559246316901 88859.995394615762 89684.524462559406 77326.095307425043
11410101 1 10 11 1 0 9 7 7 3 5 4 4 3 4 1 0 2 1 2 1 0 0 0 0 1 1 1 93877.570666048952 82207.558622240162 92363.664777985236 92994.587429107996
11410102 1 0 2 0 1 2 3 6 0 3 6 3 1 6 4 4 2 1 3 1 0 0 0 0 3 2 3 88970.024235265591 89916.498729549567 89232.717950602106 88537.230493833136
11410102 1 0 2 1 0 2 0 3 3 3 3 6 3 5 7 8 7 1 1 1 0 0 0 0 3 3 2 90177.917180029341 90390.537242086357 82279.371184085074 91271.087001343694
11410102 1 0 0 0 2 1 0 1 3 0 5 6 4 1 5 7 9 1 2 1 0 0 0 0 1 2 3 89170.226188255838 90813.750751676358 87507.665435351606 91202.625993058944
11410102 1 4 3 7 9 2 4 6 11 1 1 3 5 2 3 1 0 1 3 1 0 0 0 0 1 2 2 -1.0000000000000001e+300 85875.340064505901 85733.583043985709 79804.446308840634
11410103 1 0 3 2 2 0 3 3 1 0 1 0 3 3 0 0 3 1 3 1 0 0 0 0 4 4 3 96904.679787934874 96862.473472984624 96889.151567001536 96741.937006168257
11410103 1 0 0 2 0 0 1 2 0 0 6 4 0 6 8 6 4 1 1 1 0 0 0 0 2 2 0 91551.370382977882 90966.33599029445 87642.195580186133 -1.0000000000000001e+300
11410103 1 1 0 0 0 4 2 1 2 4 7 5 0 9 8 5 3 1 3 1 0 0 0 0 2 2 2 89893.760662129134 88263.07731803997 83787.873046353314 90424.587560880464
11410103 1 10 9 6 5 11 5 4 4 6 4 1 1 3 1 0 2 1 3 1 0 0 0 0 0 2 1 91314.25067230883 77698.161336128134 90968.011560317827 85655.561778992895
11410104 1 0 0 1 1 0 2 5 2 0 0 4 4 1 4 5 3 1 2 1 0 0 0 0 2 2 4 94701.265162937227 94037.205013286497 94712.535845398263 94910.478261675147
11410104 1 7 4 4 2 8 6 4 2 7 5 1 0 6 3 0 0 1 1 1 0 0 0 0 2 2 1 90258.197935057862 80404.501592518238 88057.600987873375 89701.56239792204
11410104 1 10 5 3 2 6 3 3 0 4 3 0 0 3 0 3 1 1 2 1 0 0 0 0 1 0 2 88817.101888081612 87071.565652011734 88901.026450296005 88378.030848851355
11410104 1 1 1 11 5 1 2 3 5 0 3 0 0 0 3 0 0 1 2 1 0 0 0 0 0 1 0 83277.152606506337 83400.043488244424 83016.504054330115 83297.545924582329
11410105 1 1 2 3 1 0 0 0 2 0 3 3 0 1 0 0 2 1 1 1 0 0 0 0 0 1 1 97240.123734951019 97633.142252983875 97124.055732554873 97827.315677245468
11410105 1 5 7 6 4 4 6 0 2 3 1 1 3 3 2 0 0 1 1 1 0 0 0 0 1 2 1 90447.231588485214 89418.646576378262 90939.797299397411 90359.572718715688
11410105 1 10 6 4 2 9 4 3 0 8 0 2 0 6 0 0 1 1 1 1 0 0 0 0 2 2 3 89639.665895053215 78140.087717594317 89592.87753892511 89257.261716928522
11410105 1 10 0 2 0 11 6 3 1 5 4 3 0 4 2 3 0 1 2 1 0 0 0 0 3 1 3 82310.200295896648 79367.051660602403 87329.963677734369 86105.789173709127
11410106 0 3 0 0 0 5 4 4 3 3 4 0 1 4 1 2 2 1 2 1 0 0 0 0 4 3 3 94809.224999752754 94650.634208416042 94564.951126772095 94831.269972681112
11410106 0 0 3 6 7 3 4 5 8 0 0 5 7 0 2 1 4 1 2 1 0 0 0 0 4 3 3 83839.784638949874 92261.255473168843 92239.794196428804 90470.765458940528
11410106 0 5 7 8 10 0 0 5 5 3 3 2 4 0 1 0 4 1 2 1 0 0 0 0 4 3 3 88767.002155576251 88612.637481226018 89743.245321956303 81092.632340115248
11410106 0 0 0 0 1 3 4 4 5 0 0 5 8 3 10 11 3 1 1 1 0 0 0 0 1 3 2 70928.593524510783 72772.185952790765 66948.102606024753 72455.280857438338
11410106 0 3 4 1 4 8 6 1 1 2 10 7 8 1 11 3 2 1 2 1 0 0 0 0 1 2 1 -1.0000000000000001e+300 -1.0000000000000001e+300 3 3
11410107 1 2 0 3 1 4 2 3 3 0 1 0 0 3 0 0 0 1 2 1 0 0 0 0 4 3 4 98127.475155795706 96926.644651131763 97134.01036010799 97068.550332112733
11410107 1 6 8 5 3 3 3 1 3 3 2 0 0 2 0 0 0 1 2 1 0 0 0 0 4 2 4 90799.80180603746 90898.550002796183 90938.57879892076 86910.520762017812
11410107 1 3 5 8 9 0 3 5 2 3 3 2 1 3 0 0 0 1 1 1 0 0 0 0 0 0 1 91241.989941282998 90621.914717601947 91255.978922741328 85858.557903643785
11410107 1 10 11 7 5 7 6 4 2 4 3 0 3 1 2 0 0 1 2 1 0 0 0 0 2 0 1 88310.23382799745 88378.760841460564 -1.0000000000000001e+300 82010.52805726623
11410108 1 3 0 0 0 2 4 3 0 3 0 1 3 3 0 4 0 1 1 1 0 0 0 0 3 4 2 96632.486010062465 96753.383736226286 96595.654667027935 96311.809611670746
11410108 1 4 6 8 7 0 3 4 4 0 3 0 3 2 0 2 0 1 3 1 0 0 0 0 2 0 0 91736.046888479774 91563.127564051145 91861.768328705279 86775.26944921969
11410108 1 3 7 8 9 3 4 5 6 0 4 4 2 3 3 0 0 1 3 1 0 0 0 0 4 3 1 91353.657297298283 91010.709572903899 90661.212824117887 88501.408748301023
11410108 1 8 10 5 3 11 5 3 3 6 9 0 0 4 3 0 0 3 6 0.1818181818181818 7 0.27272727272727271 8 0.54545454545454541 2 2 2 53512.448647779624 59367.049261263419 51018.41443852699 52869.699511602579
11410109 1 3 1 3 1 4 2 1 2 2 0 4 2 0 0 0 1 1 1 1 0 0 0 0 1 2 4 96157.518957255801 96435.303724831363 96286.885241501848 96298.214028740273
11410109 1 2 1 2 3 2 3 4 6 1 3 5 8 4 5 6 7 1 3 1 0 0 0 0 2 1 2 91797.001602161297 91797.001602161297 90964.641839298827 91147.38653292408
11410109 1 1 1 2 0 0 3 6 6 3 4 7 0 3 5 7 9 1 3 1 0 0 0 0 3 4 3 90659.003060470102 91035.174714783745 86722.485816831511 90636.770950295497
11410109 1 0 2 1 1 0 2 5 3 3 3 6 3 0 9 11 4 1 3 1 0 0 0 0 4 4 3 81340.798044025316 81895.027745444604 80929.462452675114 79025.097968548769
11410110 1 4 0 0 0 4 5 3 1 5 5 1 0 2 1 0 2 1 2 1 0 0 0 0 2 2 2 94751.58992784156 94154.834323850097 94507.191380844524 94666.521222262541
11410110 1 4 7 5 4 1 2 3 4 0 3 1 0 0 0 0 2 1 2 1 0 0 0 0 1 0 1 92215.427638902795 92297.956340746052 91453.089581831577 91179.683313490794
11410110 1 9 7 5 3 6 5 1 1 5 0 1 0 3 0 0 2 1 2 1 0 0 0 0 0 1 1 91156.018800885242 90846.628097806912 91083.182718138763 89058.313222882847
11410110 1 9 11 6 4 7 6 4 0 5 0 3 2 2 0 1 0 1 3 1 0 0 0 0 4 3 3 86570.326815562745 83972.273116761571 86752.632646337559 74783.630953997112
11410111 1 3 3 2 0 4 3 5 1 0 3 3 3 0 6 3 1 1 2 1 0 0 0 0 1 1 0 94432.657969739696 93828.319705280999 93876.23099581401 93827.844885649509
11410111 1 2 5 6 7 0 2 5 8 0 1 4 4 0 0 2 1 1 3 1 0 0 0 0 4 3 3 89347.108649405374 91387.405350390938 91860.70653197277 91388.612980027538
11410111 1 4 6 7 9 1 4 3 4 0 0 3 0 0 0 0 3 1 2 1 0 0 0 0 3 3 3 90480.325369431754 90744.240671772655 90721.4293429221 85354.337169306353
11410111 1 10 11 3 4 9 7 4 3 7 4 4 1 3 2 1 0 1 3 1 0 0 0 0 1 2 3 91214.479118407617 90695.594956327041 89562.335267631104 91519.847705727268
11410112 1 3 1 3 0 2 4 3 0 4 0 0 3 2 0 1 0 1 3 1 0 0 0 0 3 3 2 96387.717998912296 96357.970890418335 96378.146673575277 96232.155631877598
11410112 1 4 4 5 3 7 6 0 0 3 3 2 0 0 0 1 0 1 1 1 0 0 0 0 2 3 1 91107.765988674073 91623.857684626113 91415.991597910601 90969.395239726015
11410112 1 5 7 8 9 4 5 6 0 0 4 6 0 0 2 1 2 1 1 1 0 0 0 0 1 1 3 90674.612364230386 90978.146517870147 91263.664392540013 80468.466893492077
11410112 1 9 11 3 1 7 6 0 2 5 5 4 0 4 3 3 0 1 1 1 0 0 0 0 0 1 1 86825.323583951904 83834.961173865289 86738.766877815971 86415.851768474982
11410113 1 0 2 4 2 1 2 1 0 1 4 3 0 0 0 0 1 1 2 1 0 0 0 0 3 3 4 96560.547948352221 96953.010174482843 97282.251925691628 97082.104590115719
11410113 1 7 8 6 4 3 4 6 3 0 3 0 2 0 2 1 0 1 1 1 0 0 0 0 0 0 1 91663.288300203014 91601.210142671509 91532.776322773774 83558.7188635372
11410113 1 9 7 2 1 8 5 3 1 7 4 0 0 5 3 0 3 1 1 1 0 0 0 0 0 2 2 90969.585281934589 81152.005942537609 90850.498291984419 91036.75912734319
11410113 1 3 6 11 10 1 3 5 9 0 4 3 1 0 3 1 2 1 2 1 0 0 0 0 0 1 1 90687.801088946988 90080.601010905841 90895.193891729112 77681.932240946422
11410114 1 1 1 2 3 3 4 3 0 0 3 2 0 0 1 3 1 1 3 1 0 0 0 0 2 4 2 96381.227769431614 96198.523110909111 96028.854488384153 96830.227219632696
11410114 1 2 0 3 0 0 0 3 5 1 4 5 6 3 6 8 7 1 2 1 0 0 0 0 3 2 1 91435.408846748294 91224.008845145916 87804.4130331661 91771.888511421246
11410114 1 1 2 0 5 0 6 0 6 0 5 5 7 4 5 7 9 1 1 1 0 0 0 0 2 3 2 89096.828374652876 90235.559160529752 89755.234697269741 90767.1159240056
11410114 1 0 0 3 0 0 0 2 3 6 7 0 0 9 11 4 1 1 3 1 0 0 0 0 4 4 2 83242.292223489785 80774.712787187105 78454.94677535184 83186.644779236871
11410115 1 3 1 4 0 6 5 1 3 5 0 0 2 3 0 3 0 1 2 1 0 0 0 0 0 0 0 93119.812911056113 93034.22021003149 92998.343667711073 93252.064047520675
11410115 1 7 3 0 1 8 5 2 0 7 4 3 3 6 7 2 1 1 1 1 0 0 0 0 0 1 0 89438.798155615688 81165.446120775858 89736.926918989207 89539.290587619136
11410115 1 1 3 0 0 1 1 2 0 5 6 3 1 10 8 6 4 3 4 0.5 5 0.25 6 0.25 1 4 3 86560.130075121488 87439.375701090015 86823.426956228679 -1.0000000000000001e+300
11410115 1 9 8 1 2 11 5 3 3 9 4 6 3 3 3 0 2 1 1 1 0 0 0 0 0 0 1 70266.070390990484 66100.800112172947 72096.236039698895 72115.057218491478
11410116 1 2 1 0 0 2 4 2 0 0 5 3 0 6 4 4 3 1 3 1 0 0 0 0 2 0 0 94056.051485485514 94117.65292358397 93683.850285141569 94814.861681620285
11410116 1 1 2 0 0 0 3 0 0 0 4 3 3 6 8 7 4 1 3 1 0 0 0 0 1 1 0 91452.823385654308 90987.329954009867 87683.324517440284 91016.793481506451
11410116 1 0 0 4 0 3 0 5 3 3 5 7 4 2 3 6 10 1 2 1 0 0 0 0 4 2 2 79446.254172279194 79054.147282396385 77048.497862373697 79579.438521017975
11410116 1 9 11 5 4 7 6 4 2 3 3 0 0 0 1 2 0 1 2 1 0 0 0 0 2 0 3 86772.060228338814 86604.549182373274 86568.574021898967 80251.560195639046
11410117 1 0 6 1 0 0 5 5 2 2 4 3 5 3 2 1 0 1 3 1 0 0 0 0 3 2 2 92443.814678034003 92143.530367829546 92558.203242272604 92045.750334300683
11410117 1 7 8 7 4 4 5 3 3 3 3 2 2 0 1 0 1 1 2 1 0 0 0 0 1 0 1 91945.572081758743 91083.880121549111 91912.633917350293 85504.118495346731
11410117 1 10 9 8 6 0 5 4 3 0 1 4 2 3 0 1 0 3 5 0.25 6 0.25 7 0.5 1 2 3 87517.45065870398 89886.936369162373 85851.801009366362 82303.419550841776
11410117 1 2 7 11 9 6 5 6 7 3 5 8 1 3 7 5 3 1 2 1 0 0 0 0 3 2 3 -1.0000000000000001e+300 -1.0000000000000001e+300 61257.441887266104 54582.312276077551
11410118 1 0 0 0 2 0 1 4 1 2 5 4 3 0 4 4 6 1 3 1 0 0 0 0 0 0 0 93900.215304665151 94129.842792318319 93849.73718449584 93615.1278615216
11410118 1 3 4 7 1 4 6 4 2 2 1 1 0 0 1 0 2 1 2 1 0 0 0 0 2 2 3 89846.322219706359 89700.505312936235 89573.522719932385 88217.891100328226
11410118 1 9 7 5 3 7 2 1 0 5 3 0 0 4 0 2 1 1 3 1 0 0 0 0 4 4 3 91776.151446655946 91348.861679177906 91431.37783387494 91448.890039623788
11410118 1 3 6 11 10 3 3 6 7 3 0 4 8 3 0 0 4 1 2 1 0 0 0 0 4 3 3 83255.682510926548 88968.098949595704 88450.84784379309 80710.21871847345
11410119 1 0 0 0 1 4 0 0 2 1 3 1 2 3 0 3 4 1 1 1 0 0 0 0 2 4 3 96552.057520291855 96462.34678811545 96559.660298862582 96378.190359950066
11410119 1 5 8 5 0 4 3 2 2 0 1 0 0 2 0 0 0 1 3 1 0 0 0 0 4 2 3 89902.409586978843 90579.429126350864 90190.577763098438 88556.423145497014
11410119 1 4 7 8 9 3 3 4 7 0 0 1 4 0 0 0 1 1 3 1 0 0 0 0 1 3 2 91176.717291455643 90165.910819512006 -1.0000000000000001e+300 83878.308957111672
11410119 1 10 11 1 2 7 8 8 4 8 5 3 3 2 6 4 1 1 3 1 0 0 0 0 1 1 2 65307.919275478984 51504.027136785931 -1.0000000000000001e+300 -1.0000000000000001e+300
11410120 1 0 0 0 2 0 1 2 5 1 3 4 1 3 6 4 2 1 1 1 0 0 0 0 0 1 2 94232.918568505178 93356.616986592606 93372.083640933037 93389.484515402059
11410120 1 1 2 1 0 0 3 2 4 0 5 4 6 5 7 8 7 1 3 1 0 0 0 0 2 2 0 90580.31051619038 91002.33725357728 85039.421896433996 91905.842451073957
11410120 1 2 1 0 0 3 4 2 1 2 4 5 6 1 5 7 10 1 1 1 0 0 0 0 3 4 4 89531.125548320881 89382.469264460378 86002.98442378825 89927.721375027962
11410120 1 0 1 5 5 0 0 4 7 0 0 3 11 3 0 0 4 1 2 1 0 0 0 0 3 3 2 81691.890589815681 83250.916432785918 83142.636228572839 83476.83890125592
11410121 1 0 2 3 0 0 1 5 1 1 2 4 5 0 6 4 0 1 2 1 0 0 0 0 0 0 0 93822.74333078081 93305.61332449608 93029.016274209571 93179.155005978828
11410121 1 2 5 5 7 3 3 6 8 2 1 5 6 5 1 2 4 1 1 1 0 0 0 0 3 3 4 85053.613460022083 89477.789886118175 -1.0000000000000001e+300 -1.0000000000000001e+300
11410121 1 6 8 9 10 0 4 7 3 0 3 4 0 3 3 3 0 3 5 0.25 6 0.25 7 0.5 1 1 2 85360.344896057315 86834.152921648711 86477.407174948923 82174.700959007678
11410121 1 10 11 5 1 5 7 3 0 3 3 0 2 4 2 0 0 1 1 1 0 0 0 0 2 2 3 84922.633120442595 79648.84705809514 84907.238937591581 82245.37231416069
11410122 1 0 2 3 3 0 0 1 0 1 0 1 0 0 3 4 2 1 2 1 0 0 0 0 0 0 0 97665.001273722883 97690.734196645324 97083.414627519378 97348.169981096988
11410122 1 0 0 0 2 0 0 1 2 0 1 4 5 2 4 8 6 1 1 1 0 0 0 0 3 3 4 91500.836498588629 91110.228952023346 88883.484474956873 -1.0000000000000001e+300
11410122 1 5 3 1 3 7 5 2 0 8 5 6 0 10 8 7 5 1 3 1 0 0 0 0 0 0 0 -1.0000000000000001e+300 87675.147383908552 90400.092514761956 92976.972944608729
11410122 1 0 0 0 1 2 0 3 5 1 3 5 8 5 11 7 6 3 4 0.54545454545454541 5 0.27272727272727271 6 0.1818181818181818 2 3 4 78274.094748562755 73470.736901716708 73708.860889983349 75678.678042673884
11410123 1 3 4 0 2 0 2 1 0 0 4 2 4 0 1 3 3 1 2 1 0 0 0 0 3 1 2 95790.875524372866 96233.781603248615 95753.65071054388 95365.127304617548
11410123 1 7 8 8 7 3 5 4 4 1 3 5 2 0 1 0 0 1 2 1 0 0 0 0 2 2 2 82775.031172721589 84576.330694657619 -1.0000000000000001e+300 75857.93305469607
11410123 1 2 4 5 10 3 3 3 7 1 2 2 5 1 0 2 3 1 1 1 0 0 0 0 1 0 0 84090.956399025919 88989.763921440172 -1.0000000000000001e+300 84287.509060329161
11410123 1 8 11 3 2 7 6 5 4 5 5 1 2 1 0 0 0 1 3 1 0 0 0 0 3 3 3 84151.189349495646 84279.141943883456 -1.0000000000000001e+300 77874.229018976315
11410124 1 0 0 2 0 0 6 3 0 4 5 5 0 3 3 1 3 1 3 1 0 0 0 0 0 0 0 92957.898052117234 93069.422992311345 92713.419024042014 -1.0000000000000001e+300
11410124 1 0 0 0 2 2 0 0 4 1 5 6 4 1 7 8 5 1 3 1 0 0 0 0 4 4 3 87347.930508639329 87006.151946711179 86851.818154497567 88678.579415092696
11410124 1 3 1 0 2 3 1 1 0 3 5 6 8 4 6 8 10 1 3 1 0 0 0 0 0 2 1 88955.752271678284 88715.967598778821 75820.417583514631 89073.224218044081
11410124 1 2 5 8 10 1 3 7 11 4 2 3 8 0 3 2 1 1 1 1 0 0 0 0 2 2 4 85228.675598270318 86556.602526670962 86496.793422946139 87174.417302243994
11410125 1 1 2 3 3 3 3 1 3 6 6 3 0 0 2 0 1 1 1 1 0 0 0 0 2 4 4 92103.132964426419 92147.790585127877 92222.613024707913 92079.55284210488
11410125 1 0 2 0 0 1 0 0 4 2 4 6 4 0 4 7 5 1 3 1 0 0 0 0 2 1 2 90061.518243615821 91004.015777420806 90642.792610109944 91607.977894373806
11410125 1 2 2 3 0 0 0 5 0 4 5 7 3 5 7 8 9 1 1 1 0 0 0 0 2 1 3 89583.587264081609 88919.323283729376 82582.191970260828 88716.208160384995
11410125 1 4 3 1 2 6 4 0 0 9 5 4 3 10 11 5 3 1 1 1 0 0 0 0 2 3 3 91270.015559141786 90399.078661958338 90997.058211575408 90756.700861918202
11410126 1 0 3 3 6 0 1 4 4 0 2 3 5 3 1 2 3 1 1 1 0 0 0 0 0 1 0 93472.090524046493 93515.586526023006 93815.943264669826 93321.358558654785
11410126 1 2 3 0 0 3 4 3 1 0 3 6 2 1 6 7 6 1 3 1 0 0 0 0 4 4 3 86429.112259884787 88540.455408793539 87877.07069780126 89175.186145986881
11410126 1 1 1 0 4 0 2 4 7 3 5 6 8 4 5 7 10 1 2 1 0 0 0 0 2 2 3 85704.724801902426 89219.479808921446 89738.718117601398 90079.160404270602
11410126 1 1 5 7 10 3 4 8 11 3 4 5 6 0 0 3 3 3 4 0.54545454545454541 5 0.27272727272727271 6 0.1818181818181818 1 2 2 83904.307414175142 86005.263866753085 86721.744644580074 83155.415398904239
11410127 1 0 0 3 3 0 0 6 4 1 3 5 3 0 0 0 3 1 2 1 0 0 0 0 2 2 2 93735.343140466721 94535.148567536147 94177.803463627686 94545.511629459594
11410127 1 2 1 0 0 3 1 1 0 0 3 5 5 7 8 6 4 1 3 1 0 0 0 0 1 3 1 91097.171535045491 91588.042426158077 86051.728080836241 91725.878537781377
11410127 1 5 1 2 0 6 5 0 3 8 6 3 2 10 5 4 0 1 1 1 0 0 0 0 3 3 3 89764.324423363374 82172.562818159451 89489.481447212427 89541.743748894369
11410127 1 5 4 0 1 11 3 2 0 8 5 3 0 7 6 3 0 1 3 1 0 0 0 0 3 3 2 85531.540974475269 78131.881779403018 85930.490764628907 86034.809458832256
11410128 1 0 0 3 0 2 3 0 2 4 1 0 4 2 1 3 2 1 1 1 0 0 0 0 3 2 3 96868.705955552912 96515.114286995173 96448.195993004279 96522.544063827809
11410128 1 0 0 1 0 0 1 4 0 4 4 6 4 2 1 6 8 1 2 1 0 0 0 0 2 3 3 88526.637968624156 87490.365543938824 86785.555704740356 89141.837269980562
11410128 1 0 1 2 1 4 4 0 0 3 5 3 0 10 9 8 5 1 2 1 0 0 0 0 0 0 2 89376.641688483331 89395.393863865655 74752.704489776283 89816.040417489829
11410128 1 0 1 2 4 0 1 3 6 3 4 5 7 3 5 11 9 1 1 1 0 0 0 0 2 4 4 83195.865330429282 86107.172242566114 86503.135609401681 86143.580033898048
11410129 1 0 0 0 4 3 5 4 3 0 0 3 5 2 3 0 3 1 1 1 0 0 0 0 3 3 3 94240.717794678101 95005.839926317887 94812.623290515228 94937.132536637931
11410129 1 1 2 0 0 7 4 3 1 3 5 3 2 0 0 1 0 1 4 1 0 0 0 0 1 2 3 92047.405736464687 91733.839550685778 91715.574423897662 91036.73686589711
11410129 1 10 7 4 1 7 6 3 1 4 3 3 0 0 3 0 1 1 2 1 0 0 0 0 0 2 1 88932.763265220477 88190.183307881263 89214.422670345826 85839.531747778339
11410129 1 3 2 0 3 5 4 1 0 11 6 4 3 9 7 6 4 1 1 1 0 0 0 0 2 3 1 84085.561534193315 86499.918561746366 86991.035988556658 87411.297644856284
11410130 0 5 3 3 4 6 5 0 0 2 2 3 1 0 3 0 0 1 1 1 0 0 0 0 0 0 0 93829.223261322622 93707.520301447963 94516.353271802262 92529.389555026646
11410130 0 3 4 4 0 6 6 3 2 8 3 5 1 5 1 2 0 1 1 1 0 0 0 0 2 3 4 88919.79543220911 83992.969705482363 87926.303979295844 87923.831443579533
11410130 0 0 0 1 0 2 4 1 0 3 5 4 4 10 9 8 1 1 3 1 0 0 0 0 2 4 1 88740.697749728221 89067.440928600423 74820.5497709271 -1.0000000000000001e+300
11410130 0 0 1 0 6 0 3 0 0 2 5 3 0 3 11 6 3 1 3 1 0 0 0 0 0 0 0 79004.580211721244 80494.329331333181 80187.26016926211 80711.82620508704
11410130 0 2 0 2 5 4 6 7 9 5 11 8 1 3 4 7 4 1 2 1 0 0 0 0 4 2 2 0 0 0 -1.0000000000000001e+300
11410131 1 0 0 1 1 1 0 2 4 0 0 3 1 6 4 3 2 1 2 1 0 0 0 0 2 3 4 95393.476070298071 95038.750273021637 94642.264685012313 94892.056678507055
11410131 1 3 1 2 0 7 4 3 0 6 3 1 2 0 0 3 0 1 3 1 0 0 0 0 4 4 3 91441.243180122154 90899.028499044434 92781.457036436914 91449.468501801093
11410131 1 10 8 6 4 8 6 5 4 6 3 0 0 3 0 1 1 1 2 1 0 0 0 0 1 2 1 91210.308665942837 89069.645608582447 90776.900732997747 89737.400686404508
11410131 1 1 4 2 1 6 5 1 3 11 6 2 3 10 9 6 4 1 3 1 0 0 0 0 3 4 3 91360.472571218343 91065.285582312892 88806.110698911885 90965.923024425603
11410132 1 2 3 0 1 0 0 1 0 0 0 2 2 3 1 3 0 1 3 1 0 0 0 0 1 1 0 97139.569746496505 97389.889004607554 97490.295125545934 97291.547513157129
11410132 1 4 0 1 2 6 3 2 3 8 4 1 0 7 4 0 0 1 3 1 0 0 0 0 1 1 2 91465.736211520576 87030.260975414581 91568.477230962817 91460.929798472513
11410132 1 0 2 1 2 4 2 3 0 1 8 0 0 10 9 8 5 1 3 1 0 0 0 0 3 2 3 91304.241339940461 92694.743877879446 92826.031566705453 93822.066543421504
11410132 1 1 0 0 2 4 3 3 1 8 6 5 3 9 11 7 5 1 1 1 0 0 0 0 0 2 2 87556.024623906895 88207.82429447789 76885.071698493965 87537.525156622287
11410133 1 2 5 6 3 0 4 6 0 0 4 3 2 0 3 0 0 1 1 1 0 0 0 0 3 2 1 92093.493209371882 92121.387527172657 91979.140412631794 92043.7962787531
11410133 1 3 6 7 3 4 0 3 0 3 0 0 2 2 0 0 1 1 1 1 0 0 0 0 0 0 0 91628.50035511161 92289.902420356244 91495.357981385867 90048.257014754505
11410133 1 9 4 4 2 7 5 4 3 5 4 0 0 1 0 0 0 1 2 1 0 0 0 0 3 2 3 90797.960453678985 88111.570354143914 90552.244906192878 90342.592778242702
11410133 1 4 1 0 0 8 4 3 1 11 4 5 4 10 8 6 8 1 3 1 0 0 0 0 0 2 2 -1.0000000000000001e+300 78957.705310585196 65315.482227179484 75394.58779133475
11410134 1 1 3 1 3 1 5 2 2 0 1 3 0 2 3 1 0 1 3 1 0 0 0 0 0 2 2 95483.162486818095 95557.297667750594 95724.568412710112 95690.786035940968
11410134 1 4 7 6 4 0 4 3 3 0 3 0 3 1 1 0 0 1 4 1 0 0 0 0 2 4 2 91238.02297875876 91673.385490394649 90797.100562584674 90933.462363425482
11410134 1 7 8 9 10 1 6 4 4 0 3 3 1 0 3 2 0 1 2 1 0 0 0 0 0 0 1 88354.202979334121 90074.216310931617 88167.752737180388 75621.460847595721
11410134 1 8 11 5 4 6 7 4 4 5 5 3 3 4 1 0 0 1 1 1 0 0 0 0 0 2 2 86134.428218534682 79527.586875335139 86220.694261406476 84266.144337722362
11410135 1 0 5 3 0 2 5 6 3 3 3 4 0 3 1 3 3 1 2 1 0 0 0 0 4 3 2 92209.514411841883 91931.353389016396 92082.594946882848 91526.682355721787
11410135 1 0 0 0 3 0 0 0 1 0 2 7 3 3 3 6 6 1 1 1 0 0 0 0 2 3 2 91268.280755079104 91191.012837147806 90079.004210256157 -1.0000000000000001e+300
11410135 1 2 0 2 0 4 3 3 0 6 4 3 1 9 7 6 4 3 4 0.33333333333333331 5 0.33333333333333331 6 0.33333333333333331 4 3 4 88029.277884831215 90378.023534973632 88009.073578698561 88371.425218905686
11410135 1 9 8 2 0 11 6 3 0 7 4 1 0 4 0 3 3 1 3 1 0 0 0 0 3 3 0 85996.311217777984 75527.291187295952 86080.246138904244 74424.389883023716
11410136 1 3 4 4 2 4 3 5 0 6 3 0 3 1 0 3 0 1 2 1 0 0 0 0 4 3 4 92764.370010461382 92914.410135189217 93023.096366795595 92613.199798028145
11410136 1 0 2 1 1 0 2 6 5 2 6 7 5 3 0 0 3 1 1 1 0 0 0 0 1 1 2 89094.434648481736 89736.012004332006 89200.028176119697 90048.588483905478
11410136 1 3 1 2 1 8 7 3 0 9 2 1 0 10 3 5 0 1 1 1 0 0 0 0 2 4 3 87642.761981355143 72635.979836925108 -1.0000000000000001e+300 87736.686894972445
11410136 1 9 6 3 0 11 5 3 0 8 4 3 1 3 3 3 2 1 2 1 0 0 0 0 2 1 3 81298.855308827013 72195.848557265126 81991.435222773405 81759.105673373415
11410137 1 0 4 1 0 0 2 4 0 3 2 0 4 0 3 1 3 1 1 1 0 0 0 0 3 4 1 96572.036049685354 96431.785687308453 96271.748540153567 96747.171549956722
11410137 1 4 3 0 2 3 5 3 0 3 6 0 0 4 7 2 0 1 1 1 0 0 0 0 1 0 2 90625.110185449681 89063.181086691402 91413.187489426666 89780.719390998245
11410137 1 4 5 6 10 1 1 5 6 2 2 4 3 0 0 1 0 1 2 1 0 0 0 0 3 3 3 89073.797744288764 88892.205049744691 88982.330083474648 85227.608497575377
11410137 1 6 1 2 3 11 5 3 1 9 4 2 2 8 5 3 0 1 2 1 0 0 0 0 2 0 1 81298.219332977504 74509.165686308508 79447.684009015458 81481.858805480326
11410138 1 0 0 1 6 0 2 6 4 0 0 4 3 2 1 2 3 1 1 1 0 0 0 0 3 3 4 92706.952298894175 94118.588042259216 92930.815953944053 92662.0143116041
11410138 1 5 7 8 7 3 5 6 3 0 2 1 2 3 0 0 0 1 3 1 0 0 0 0 3 2 2 90100.683297732598 90295.651835449564 90517.461647685297 87673.408164324937
11410138 1 4 6 7 9 3 3 6 6 0 2 3 2 0 1 0 0 1 3 1 0 0 0 0 3 2 2 91239.870229529814 91325.157373796013 91199.781268983643 86721.234920680028
11410138 1 5 3 3 2 8 4 1 1 11 7 3 2 10 9 4 3 1 3 1 0 0 0 0 0 0 1 91237.706398913971 87286.95879456299 91149.26102335313 91149.26102335313
11410139 1 3 0 0 0 5 4 0 0 4 6 1 1 4 6 3 0 1 2 1 0 0 0 0 1 2 1 -1.0000000000000001e+300 90674.699641616244 91244.197136151808 92034.234912591652
11410139 1 7 5 0 0 7 3 2 0 3 4 1 0 3 0 3 2 1 2 1 0 0 0 0 4 2 3 90297.479188274941 89474.944579156392 89838.003071902203 89921.236618418843
11410139 1 4 6 8 9 1 4 5 7 1 0 3 1 0 0 0 2 1 2 1 0 0 0 0 0 1 2 90646.666257349352 91089.051654826224 90759.563099002597 84198.785608249309
11410139 1 7 10 11 4 0 9 8 4 5 4 3 3 0 2 3 0 1 1 1 0 0 0 0 0 0 0 67248.95940408668 66016.596120528164 67001.065446735316 59632.567747837777
11410140 1 0 1 0 3 0 0 6 4 3 0 2 4 0 0 1 5 1 3 1 0 0 0 0 2 3 1 94025.882919563053 94321.569424324232 94125.771834432919 94180.147800826482
11410140 1 7 8 6 4 3 4 3 3 3 0 0 0 4 2 0 0 2 4 0.5 5 0.5 0 0 1 0 1 91836.266649585974 91424.497765468332 91536.601672253251 88364.435592179711
11410140 1 9 7 6 3 4 6 3 0 3 3 3 2 0 0 1 0 1 2 1 0 0 0 0 1 0 1 91041.970776817499 90433.266604628021 91023.190805392398 86809.345977051868
11410140 1 9 11 8 4 8 6 5 0 4 3 5 0 0 1 3 1 1 2 1 0 0 0 0 1 2 3 82517.534934782947 77589.88348511864 82375.936490795633 72555.99276496614
11410141 1 0 0 0 3 2 0 1 3 4 1 4 1 3 3 2 2 1 2 1 0 0 0 0 3 2 2 96783.54836137961 96648.96507338871 96793.337716332811 96523.037936045352
11410141 1 3 5 7 3 3 4 4 6 3 0 0 4 3 0 0 1 1 1 1 0 0 0 0 1 3 0 91449.135489261229 90311.90164076582 90723.477015207187 89221.853846786122
11410141 1 7 8 9 10 4 6 4 1 4 2 0 0 1 0 0 0 1 2 1 0 0 0 0 0 0 2 -1.0000000000000001e+300 90182.486494662007 91234.348604557905 75884.763608299414
11410141 1 10 11 4 1 8 7 4 0 7 4 3 0 3 3 0 3 1 2 1 0 0 0 0 1 1 2 91695.521314724858 85063.03563216039 90634.602361609286 89931.436367599003
11410142 1 0 0 0 3 4 4 5 3 1 5 5 0 0 2 2 4 1 2 1 0 0 0 0 2 0 1 94387.917942729255 93419.768281380326 93970.770540252866 92972.396321520398
11410142 1 2 0 3 0 5 4 0 0 8 3 1 0 3 2 1 3 1 2 1 0 0 0 0 4 3 2 90087.359025095444 88189.110600542626 89634.68562244327 89304.586613545602
11410142 1 10 9 8 7 3 7 7 6 0 4 1 3 0 1 1 3 1 2 1 0 0 0 0 1 3 1 86755.900036241219 88663.156453650678 87672.73819609292 77383.65589634463
11410142 1 4 2 11 10 1 3 8 9 0 3 7 8 1 0 5 7 1 3 1 0 0 0 0 1 2 2 93173.382256245648 90177.409809629346 94111.766873489047 93538.705719695863
11410143 1 3 2 4 4 0 4 5 2 0 3 3 1 0 0 2 0 1 1 1 0 0 0 0 1 0 0 95406.7150513331 95290.353881011761 95873.881851196289 95200.156104193782
11410143 1 6 2 1 0 8 7 4 2 7 3 1 0 5 0 3 0 1 3 1 0 0 0 0 4 4 3 88861.212442531105 86962.114740378063 87657.383679418446 87123.021769217492
11410143 1 9 0 2 0 7 4 1 0 6 3 3 1 4 4 3 0 1 3 1 0 0 0 0 3 4 3 90696.597233376524 86426.435248339389 90896.761183113398 91165.131632381206
11410143 1 4 5 11 9 0 3 4 6 0 0 3 4 2 2 1 3 1 1 1 0 0 0 0 3 3 4 84279.571344140495 86237.297189533492 85575.626393886487 85204.848167165532
11410144 1 3 3 6 0 3 4 6 3 1 3 1 0 0 2 2 0 1 1 1 0 0 0 0 3 4 3 93728.278530463474 92770.958820076936 92227.999978187479 92502.719139272769
11410144 1 7 0 0 3 8 5 3 0 7 5 3 2 4 1 2 3 1 2 1 0 0 0 0 3 1 2 91577.303829711644 84593.271695578078 91638.685208449562 90354.325437738677
11410144 1 9 4 3 2 8 7 5 1 7 6 4 1 2 1 4 2 1 2 1 0 0 0 0 2 1 4 86005.67723036262 90225.413332161901 92073.595808881058 92088.756389392438
11410144 1 5 3 0 1 11 4 2 0 7 5 0 3 6 4 4 0 1 2 1 0 0 0 0 1 0 0 83905.628737586885 80635.358290773176 83189.634754175699 83884.095391979747
11410145 1 0 0 0 1 1 1 3 2 2 4 3 6 3 3 3 3 1 1 1 0 0 0 0 2 4 2 93851.103225217958 94222.760747605484 93996.679234960728 93808.931428580065
11410145 1 0 0 2 0 6 3 2 3 8 4 3 1 5 3 0 0 1 3 1 0 0 0 0 4 3 2 90056.983703844729 88478.635480406781 90601.160905167446 90542.018315841793
11410145 1 9 4 4 2 9 5 1 0 10 3 1 0 3 2 0 0 1 3 1 0 0 0 0 4 4 3 92188.228250721411 93508.068313023963 92775.023348266055 91620.263098519252
11410145 1 4 11 8 6 0 3 2 3 1 0 1 1 0 1 0 0 1 1 1 0 0 0 0 0 4 3 82723.823983801558 83083.84993185132 83087.608543801703 80204.589888485658
11410146 1 3 3 1 0 1 5 5 2 2 4 6 0 3 6 3 0 1 3 1 0 0 0 0 4 4 3 90585.931821634324 90502.910661603455 91678.274438649009 90558.805765047946
11410146 1 0 3 0 0 0 3 1 0 0 4 4 1 4 8 6 4 1 2 1 0 0 0 0 2 3 2 90972.812076684131 88207.60243094161 87325.647796035511 90798.319237508578
11410146 1 3 0 0 0 6 4 3 0 7 5 1 0 10 4 3 2 1 1 1 0 0 0 0 3 4 4 -1.0000000000000001e+300 84053.811245318138 88332.357217775832 -1.0000000000000001e+300
11410146 1 10 3 1 0 11 6 4 0 9 5 3 1 4 3 3 3 3 4 0.54545454545454541 5 0.27272727272727271 6 0.1818181818181818 1 3 2 78643.335480025882 69966.841331113537 75921.92856535349 74309.062171393685
11410147 1 0 0 0 3 0 4 2 4 0 1 0 1 1 0 2 3 1 2 1 0 0 0 0 3 3 4 97028.009493152727 96958.248152285145 97036.635248416147 96950.079007618508
11410147 1 1 3 0 0 0 1 2 1 3 4 3 0 4 6 8 6 1 3 1 0 0 0 0 2 4 3 90649.917359316838 90931.576169270906 86124.095614553968 90129.210997851304
11410147 1 0 3 0 0 4 0 3 0 3 5 2 0 10 8 4 1 1 1 1 0 0 0 0 3 4 4 88305.789872997644 88199.487931460564 85048.840022362681 88446.502864063747
11410147 1 8 5 1 2 11 4 1 0 5 0 0 0 1 2 0 0 1 2 1 0 0 0 0 0 0 1 84951.210077535332 82241.960195771171 84363.560309626919 84077.223102759934
11410148 1 3 3 6 1 0 3 5 4 3 1 3 3 0 0 0 2 1 2 1 0 0 0 0 1 1 1 94691.433184102731 94075.678640511294 94343.03598347638 93437.098736704138
11410148 1 6 5 2 1 8 4 2 0 6 0 0 1 4 2 0 0 1 3 1 0 0 0 0 4 3 3 91330.913224488584 88365.214607444097 91161.243601437018 91100.91650579276
11410148 1 9 7 2 0 8 6 5 2 7 5 4 3 4 4 0 0 1 1 1 0 0 0 0 2 1 2 89011.935587444459 83417.716227543191 91577.705334838392 92125.530564676257
11410148 1 3 9 11 10 8 5 3 3 5 1 4 0 4 1 0 1 1 2 1 0 0 0 0 1 3 1 72573.118813712266 71966.268146042872 74021.506110754242 49472.828655571175
11410149 1 3 1 2 3 2 5 4 0 4 1 2 0 2 3 0 3 1 1 1 0 0 0 0 1 0 0 95059.396415944444 95369.628625339916 95307.253683514049 94931.734738667801
11410149 1 1 5 6 8 0 4 4 6 0 0 3 4 0 0 3 3 1 2 1 0 0 0 0 2 2 2 88281.183568392808 90239.276658526491 90246.609965034615 89539.979307270856
11410149 1 0 5 7 10 1 3 4 6 3 3 0 4 0 0 0 3 1 2 1 0 0 0 0 2 2 3 84672.025044650989 89516.109020408912 89327.926823222646 87505.127260300142
11410149 1 9 11 7 5 7 7 5 0 3 3 3 2 6 0 2 0 1 3 1 0 0 0 0 4 2 2 82989.220823268421 79102.774148415469 83520.924867178808 67837.025060592496
11410150 1 0 4 1 3 0 3 2 2 0 3 1 5 3 5 2 1 1 1 1 0 0 0 0 3 4 3 94614.768074678926 94406.734814148469 94734.991044249342 94498.007536640871
11410150 1 0 1 2 6 2 3 6 8 1 5 4 6 1 0 2 4 1 3 1 0 0 0 0 4 4 3 88429.046735700569 89077.400593075261 87261.654779801029 86840.731255274673
11410150 1 3 6 8 10 3 4 6 7 3 4 2 1 3 3 3 0 1 1 1 0 0 0 0 1 2 1 90127.939436870161 90158.149111247534 90016.06699783061 83314.975927978099
11410150 1 10 11 6 5 7 6 5 0 5 4 2 0 3 2 0 1 1 2 1 0 0 0 0 3 1 3 89472.080800725744 84822.511358499672 89562.323395781554 88705.518874969057
11410151 1 0 0 0 3 1 2 2 3 3 3 0 1 0 0 0 1 1 2 1 0 0 0 0 1 1 0 97661.664744570851 97952.55241727829 98090.917101144791 97700.511804401875
11410151 1 3 6 4 4 6 4 4 0 7 3 0 0 1 0 0 3 1 3 1 0 0 0 0 3 4 2 90649.846926536222 90302.819199086531 90430.750093756884 89924.051948336375
11410151 1 1 6 7 9 2 1 5 7 3 3 3 6 2 0 1 3 1 3 1 0 0 0 0 0 1 0 89896.613054151123 91790.284559754931 90948.99581034173 88692.345839958929
11410151 1 9 11 4 3 8 6 2 0 5 5 3 0 4 0 2 0 1 1 1 0 0 0 0 2 1 3 86911.301188631769 80962.086152415941 -1.0000000000000001e+300 76434.8027758955
11410152 1 2 0 4 1 0 0 0 3 0 1 0 3 0 1 2 0 1 2 1 0 0 0 0 0 0 1 97279.626324166849 97315.958960073956 97221.723203323505 97341.71737023785
11410152 1 3 0 0 0 1 1 3 3 3 3 6 6 4 6 8 7 1 2 1 0 0 0 0 1 2 0 88895.780290467839 91797.519591304605 81735.686278649024 -1.0000000000000001e+300
11410152 1 3 3 0 0 0 3 3 3 1 3 6 5 4 6 7 9 1 2 1 0 0 0 0 1 1 0 90891.315938738611 91770.515281097993 86151.714338277176 91406.179042471515
11410152 1 0 1 7 5 3 3 6 11 3 5 5 8 2 1 3 7 1 1 1 0 0 0 0 0 2 1 76385.849140996041 82087.068912932984 81097.460857083264 80864.23182805095
11410153 1 0 5 1 2 0 4 4 0 3 2 1 1 0 0 5 2 1 1 1 0 0 0 0 3 4 4 95284.603729391092 95396.840266610627 95616.75433237516 95290.766385685318
11410153 1 0 0 3 0 4 4 3 0 5 7 4 1 2 5 4 3 1 2 1 0 0 0 0 4 3 2 90262.505061065429 88597.028388387756 88900.490456584172 89992.099777043739
11410153 1 2 0 0 0 2 3 0 4 7 5 3 5 10 9 8 6 1 1 1 0 0 0 0 3 2 4 84542.690021569186 89303.128086832643 66787.934868487137 -1.0000000000000001e+300
11410153 1 0 1 0 0 2 2 0 3 5 4 7 8 5 7 11 10 1 2 1 0 0 0 0 4 2 4 89645.934801158437 89362.26711188606 81349.564952355227 89663.608436516981
11410154 1 3 1 0 3 1 5 5 6 3 1 0 3 0 0 2 0 1 2 1 0 0 0 0 0 1 1 92695.652196521798 93579.605616543035 92543.54647064209 93195.338686340372
11410154 1 3 6 7 2 1 5 4 0 1 3 1 1 0 0 0 1 1 3 1 0 0 0 0 0 4 2 90116.260011657097 86293.849870449645 89276.527845569843 88995.812440716822
11410154 1 9 7 6 2 5 4 4 3 0 3 1 0 2 0 0 0 3 4 0.33333333333333331 5 0.33333333333333331 6 0.33333333333333331 4 3 3 90305.129555853709 91059.040495911424 88866.888031222625 87879.698251146619
11410154 1 1 0 0 3 6 3 4 3 11 7 4 2 10 9 6 4 1 3 1 0 0 0 0 1 1 2 92088.793184273658 89630.415855130574 74498.327745990842 91497.042732360089
11410155 1 0 3 0 0 0 2 1 3 2 3 1 1 1 0 2 0 1 3 1 0 0 0 0 0 1 0 96789.836665857423 96902.960349669374 96821.728873844491 96718.722206446851
11410155 1 2 0 0 0 1 3 4 7 3 3 3 3 5 4 3 0 1 2 1 0 0 0 0 1 0 0 92130.539465894457 91773.678629755814 91883.088409507414 91296.350485572751
11410155 1 3 0 0 0 2 0 3 3 3 5 6 7 5 6 9 10 1 1 1 0 0 0 0 3 3 2 88506.249897269314 89235.400373239871 72697.0094736342 -1.0000000000000001e+300
11410155 1 0 1 4 5 4 4 5 7 1 6 8 9 2 8 11 10 1 2 1 0 0 0 0 0 0 0 91729.889665533803 100501.56274711412 92273.774844309432 95023.675150422525
11410156 1 0 0 1 4 2 0 4 2 0 0 1 3 0 2 3 0 1 3 1 0 0 0 0 4 3 3 97087.424636978903 96805.981208240322 96912.991606050055 96731.552233478753
11410156 1 3 6 8 4 1 5 1 3 0 2 2 0 2 1 3 0 1 2 1 0 0 0 0 4 3 4 90134.033062783419 90181.569516148389 90344.057209905761 88567.258292117069
11410156 1 5 7 9 10 3 6 5 4 0 3 5 3 2 1 0 0 1 3 1 0 0 0 0 0 0 1 90438.718626794027 90240.293704734009 90493.44372079827 76631.936792990979
11410156 1 1 4 8 11 2 3 5 7 3 0 6 0 0 2 4 5 1 1 1 0 0 0 0 0 0 0 79284.744281198684 81741.091128350963 79947.416292622569 77633.107897029782
11410157 1 0 0 0 1 0 3 0 0 6 6 4 1 6 5 2 1 1 3 1 0 0 0 0 2 4 3 91508.741660920961 90726.831457329623 90835.429634154134 91031.632901325691
11410157 1 0 3 0 0 1 5 3 0 2 7 3 1 7 8 7 4 1 2 1 0 0 0 0 1 1 0 87483.794966551839 86893.29144999155 84921.895682770191 87362.321918528207
11410157 1 3 3 0 0 4 5 3 1 6 7 4 0 9 5 4 0 1 1 1 0 0 0 0 2 4 3 90442.022296468145 80657.549068384469 87342.444580460637 90441.972758931457
11410157 1 0 0 3 4 0 4 5 6 1 4 8 7 0 1 11 10 1 2 1 0 0 0 0 1 2 2 76387.215296471259 -1.0000000000000001e+300 89976.762256569084 92276.427689819349
11410158 1 0 1 3 0 2 0 5 5 0 5 6 5 0 4 3 3 1 3 1 0 0 0 0 0 0 1 91557.855865434365 92008.550303141281 92078.614757087504 91716.917297283377
11410158 1 0 0 2 1 0 2 3 6 0 4 5 8 2 0 3 3 1 3 1 0 0 0 0 4 2 3 88820.964940716876 88826.813029505429 89453.383815399822 90030.311654574383
11410158 1 0 0 6 3 0 2 6 3 1 2 5 3 1 7 4 10 1 1 1 0 0 0 0 0 1 2 76275.138320253187 78409.841233005878 76095.044002856099 80781.410495194854
11410158 1 3 1 4 3 2 7 0 3 9 7 8 2 10 11 6 1 1 2 1 0 0 0 0 1 0 0 99144.252847651442 75950.815552844302 90595.551831286095 102762.7634151032
11410159 1 5 4 1 2 4 3 3 0 3 2 5 0 0 0 1 3 1 1 1 0 0 0 0 2 3 3 94710.133105363653 94706.074733133661 94836.561120532802 94648.799501865637
11410159 1 4 0 3 4 0 2 4 6 2 3 6 8 2 5 5 7 1 3 1 0 0 0 0 4 1 3 85651.655947611333 88273.154308429541 86078.646016721614 87415.781679458189
11410159 1 0 0 1 0 2 3 2 0 3 5 5 3 5 6 8 10 1 3 1 0 0 0 0 2 1 1 89682.047252308475 89361.887126459231 82561.696549536369 89421.505519237704
11410159 1 10 5 3 2 11 3 2 3 7 1 0 0 1 0 3 2 3 4 0.54545454545454541 5 0.27272727272727271 6 0.1818181818181818 2 1 2 84598.489862769304 82607.084243636098 84181.214851615834 84319.730585604135
11410160 1 6 0 3 0 5 1 2 3 4 5 4 3 4 1 2 0 1 2 1 0 0 0 0 3 2 2 93302.838723694833 92065.576363916742 92582.883486996652 92732.639949344448
11410160 1 7 1 0 2 8 3 0 0 7 4 2 2 4 2 1 0 1 1 1 0 0 0 0 2 1 4 91538.071518148674 83676.475208513089 91435.440296860615 90211.176144440105
11410160 1 10 8 6 4 7 6 5 4 3 2 5 0 0 1 3 1 1 3 1 0 0 0 0 1 2 2 90665.147165914648 90484.983180849697 90334.044492517729 82993.480856083173
11410160 1 2 2 1 2 8 5 4 1 11 6 0 3 7 1 0 2 1 1 1 0 0 0 0 0 0 1 79045.314390780099 73425.135431700968 78615.472130510811 78526.171567432422
11410161 1 4 2 0 0 3 0 1 1 5 6 6 2 2 5 3 3 1 1 1 0 0 0 0 0 0 0 90203.458001316831 90482.163406205349 90070.49527934473 90486.529676119477
11410161 1 4 0 1 2 6 3 3 0 8 4 2 2 6 4 3 1 1 2 1 0 0 0 0 4 2 3 91172.20685141068 88133.132389193182 90366.352326600667 91151.96727289955
11410161 1 10 5 2 1 9 6 4 3 8 4 3 2 5 3 1 0 1 1 1 0 0 0 0 0 1 2 89906.116893909901 80069.669450615562 -1.0000000000000001e+300 89536.857087053912
11410161 1 3 1 1 2 4 3 3 0 11 5 4 3 10 8 7 5 1 2 1 0 0 0 0 0 0 0 89010.544148843706 88443.104216526932 87202.605675510873 88734.586041879564
11410162 1 4 4 0 2 4 6 4 0 6 4 3 1 4 1 0 0 1 3 1 0 0 0 0 0 1 0 91346.235331217438 90046.155616195116 91598.989701883285 90911.972146051892
11410162 1 6 3 0 2 7 4 0 0 5 1 2 0 4 0 0 0 1 3 1 0 0 0 0 4 3 1 90998.662721222587 90083.624083392468 91142.74811609312 91303.755181104061
11410162 1 10 8 6 3 6 3 1 3 4 3 2 0 2 3 1 0 1 3 1 0 0 0 0 0 0 0 -1.0000000000000001e+300 88278.699771521482 89278.117484380564 80684.063871737584
11410162 1 0 3 11 9 3 3 6 7 0 1 3 6 0 2 4 4 1 2 1 0 0 0 0 4 3 3 81840.411338256396 86510.572413014161 86545.367806157912 86812.293902439007
11410163 1 1 5 6 0 2 4 6 3 0 3 4 2 0 0 1 0 1 3 1 0 0 0 0 2 2 1 91997.654892577062 91375.745389384421 92444.158785298976 92210.986331041175
11410163 1 7 5 2 1 8 6 3 3 7 4 3 2 5 3 3 0 1 3 1 0 0 0 0 3 2 2 91465.953304963376 81206.489248661135 91078.605075004467 91686.616300117312
11410163 1 10 3 0 2 9 7 4 2 5 3 3 2 1 4 1 3 1 1 1 0 0 0 0 0 0 3 85787.279431344097 72859.165247904457 82798.921496035546 -1.0000000000000001e+300
11410163 1 4 1 0 3 6 4 2 1 7 6 3 1 9 11 7 4 1 2 1 0 0 0 0 0 1 3 86023.51108060783 81773.873109075008 76909.910680298985 -1.0000000000000001e+300
11410164 0 0 0 4 2 2 1 3 3 0 1 3 3 0 0 2 0 1 2 1 0 0 0 0 4 2 4 96606.006477716233 97218.08130635391 96779.696839097101 96456.839241205613
11410164 0 1 2 1 1 3 2 5 5 0 3 0 3 0 7 0 3 1 3 1 0 0 0 0 0 1 0 91486.960383603539 91104.90359751576 91061.104741824907 91399.623283749446
11410164 0 9 8 6 4 0 5 5 3 3 3 2 0 0 1 0 0 1 2 1 0 0 0 0 4 3 4 90770.109829878493 91051.720485880927 91306.164704332856 84960.093599176806
11410164 0 8 11 7 5 6 5 5 3 4 0 3 2 1 0 1 0 1 1 1 0 0 0 0 1 3 4 85316.48442655681 81993.164320123891 -1.0000000000000001e+300 72538.448622980228
11410164 0 10 11 5 2 9 7 6 3 1 5 4 1 7 3 0 1 1 3 1 0 0 0 0 2 4 0 3 3 -1.0000000000000001e+300 3
11410165 1 0 0 3 1 3 4 2 3 3 3 6 6 0 3 2 1 1 1 1 0 0 0 0 3 4 2 92070.682714788403 92319.004912712538 92187.247973874328 91496.804466906673
11410165 1 5 1 0 0 7 2 0 0 8 4 1 2 8 4 2 0 1 1 1 0 0 0 0 3 3 4 91693.022281500773 86276.676851012249 90001.389111146098 91787.951098298567
11410165 1 2 3 0 0 5 4 1 0 9 4 0 0 9 4 3 2 1 1 1 0 0 0 0 0 0 0 -1.0000000000000001e+300 88693.596254482865 89654.07904685392 91000.211006514422
11410165 1 0 2 3 2 1 5 3 0 8 7 5 1 10 11 7 4 1 3 1 0 0 0 0 4 4 3 87433.998171632818 88475.821810903464 79663.94021880308 88331.113040612545
11410166 1 4 4 2 3 4 2 4 0 5 1 1 0 2 0 0 0 1 1 1 0 0 0 0 0 0 0 94996.700682360708 94668.864628604759 95078.060412710358 95517.338099368877
11410166 1 7 4 1 2 8 7 4 2 7 1 3 0 5 0 2 0 1 1 1 0 0 0 0 2 2 4 88370.810368593462 85322.222075282218 -1.0000000000000001e+300 87185.324698280892
11410166 1 1 0 2 0 0 3 3 0 3 6 6 1 9 8 7 5 1 2 1 0 0 0 0 3 3 4 91641.118291725579 90896.708367652769 80877.390570035044 91420.108382877544
11410166 1 2 0 0 0 3 3 2 1 5 6 7 8 6 7 11 10 1 1 1 0 0 0 0 0 0 0 89296.335057228556 89677.816157834823 69753.15103534043 -1.0000000000000001e+300
11410167 1 2 0 0 0 0 0 0 3 1 3 3 1 6 6 4 2 1 3 1 0 0 0 0 0 0 0 93435.86253179847 93145.319355968852 93507.717584618164 93508.698354447726
11410167 1 6 8 7 4 6 3 0 0 3 0 1 5 3 3 0 0 1 3 1 0 0 0 0 3 4 3 92086.033907658188 89922.779469864632 88110.346584972605 85035.516667265212
11410167 1 10 7 6 1 9 5 4 2 6 4 3 4 5 3 2 1 1 1 1 0 0 0 0 1 2 4 88618.078848977602 89090.993890183294 89622.983169436426 87711.670750396195
11410167 1 5 1 0 0 11 3 1 0 9 3 2 0 6 6 3 1 1 3 1 0 0 0 0 2 4 3 81657.53851780972 77929.479199166002 81382.569646479329 81394.90780619382
11410168 1 1 3 2 1 3 4 5 0 3 4 4 2 0 3 0 0 1 3 1 0 0 0 0 4 4 3 94734.615755128689 94687.261971824337 94439.027056895429 94284.77843873229
11410168 1 7 8 7 6 6 5 3 0 4 0 3 0 1 3 0 3 1 2 1 0 0 0 0 1 1 0 91420.258197882242 91277.288533420025 91771.967730637931 80985.458784596412
11410168 1 9 7 6 2 5 4 4 0 4 3 0 0 3 0 0 1 1 3 1 0 0 0 0 3 3 3 90760.884239883133 90761.703043058762 90850.416181585926 88840.756417615936
11410168 1 4 0 2 0 9 8 1 3 11 5 4 0 4 4 4 2 1 2 1 0 0 0 0 3 1 3 74859.032848349132 70445.223104648714 74737.189543647793 75529.702087989863
11410169 1 0 2 4 3 0 1 1 2 0 0 3 3 2 0 3 0 1 2 1 0 0 0 0 4 2 4 97228.493128706483 96820.74370395107 97279.061996122051 97064.306963434326
11410169 1 6 0 0 3 8 4 0 3 5 5 3 0 3 2 1 2 1 3 1 0 0 0 0 2 1 0 91448.38762050838 88114.65240147154 90718.171623910501 91311.018511095521
11410169 1 10 8 7 5 6 4 3 2 3 3 1 0 0 0 2 1 1 3 1 0 0 0 0 0 0 0 89178.341221802228 89607.725027676584 89605.772628913925 78973.55895625976
11410169 1 4 5 11 9 2 4 5 7 0 0 4 6 1 3 1 2 1 2 1 0 0 0 0 1 0 0 85929.346325339109 86561.501843171704 86530.186293387145 86509.958817584935
11410170 1 1 3 3 0 2 3 4 5 3 3 6 3 3 3 3 0 1 3 1 0 0 0 0 4 4 3 92823.1211102659 92762.263082617937 93390.067995330217 93263.623179952687
11410170 1 5 6 8 6 0 0 6 5 0 1 3 4 4 2 2 1 1 3 1 0 0 0 0 2 2 2 89446.380703776784 88611.211301536852 90507.416247710906 87231.656239828648
11410170 1 3 6 8 9 3 4 5 7 2 0 4 1 1 0 2 0 1 3 1 0 0 0 0 4 4 3 91225.65819479007 91005.591432963352 91267.741471506844 88290.269021894797
11410170 1 7 8 11 3 6 4 2 0 3 2 0 0 1 0 1 1 1 3 1 0 0 0 0 3 4 3 85482.925035090288 84925.086854926398 85646.724089963216 76236.720818408197
11410171 1 0 0 1 3 3 2 3 0 2 5 6 3 5 2 1 0 1 2 1 0 0 0 0 2 0 0 93466.945642789215 93471.137122869492 92953.556161880493 92980.503288269043
11410171 1 5 6 8 7 1 4 5 4 2 4 3 2 3 1 0 0 1 1 1 0 0 0 0 3 4 4 -1.0000000000000001e+300 90828.299438783768 90359.736357008907 84620.655934577269
11410171 1 2 6 8 10 0 3 5 5 0 0 1 4 2 2 0 0 1 1 1 0 0 0 0 3 2 2 89124.258199146003 89765.001926908837 89664.26765184493 85383.693669081666
11410171 1 8 11 6 3 4 6 0 3 4 3 1 0 1 3 0 0 1 2 1 0 0 0 0 1 2 1 83462.625854354948 82623.878470210329 83739.633975097764 78390.922727200581
11410172 1 3 2 0 3 0 3 0 0 1 5 3 0 2 3 4 0 1 1 1 0 0 0 0 1 1 2 96083.584071324934 95990.067202821927 95769.958637343516 95940.692649828052
11410172 1 0 0 1 3 0 0 3 7 1 0 0 5 0 1 3 4 1 2 1 0 0 0 0 1 3 3 91281.00964818275 92343.982240558835 92397.937124173783 92931.022362229851
11410172 1 1 5 6 10 3 5 7 8 3 2 6 7 3 0 1 3 1 2 1 0 0 0 0 2 2 2 87808.158314233093 88286.981548343581 90078.666567974942 89561.035519112193
11410172 1 4 5 11 9 1 3 4 6 2 3 4 5 0 0 1 2 3 5 0.37499999999999994 6 0.24999999999999994 7 0.37499999999999994 2 2 2 85158.187609724773 83861.484587599087 82959.466335286517 82032.13595546312
11410173 1 1 3 3 0 0 0 0 0 0 2 3 3 2 1 4 0 1 1 1 0 0 0 0 3 4 4 97141.721880143086 96891.42250643803 96537.534956339892 97003.514955677776
11410173 1 3 6 8 6 3 5 4 3 0 2 0 1 0 3 0 0 1 3 1 0 0 0 0 0 0 0 91307.769675203512 91476.588255277165 91299.211717782644 85599.711029067359
11410173 1 4 7 9 10 2 3 0 1 0 1 2 3 0 3 0 3 1 2 1 0 0 0 0 4 3 4 90165.92542007986 87479.200683345247 90043.472192881629 79557.464795736232
11410173 1 0 2 3 2 1 2 7 4 1 3 5 11 1 4 5 9 1 2 1 0 0 0 0 1 0 0 79303.382804365072 84409.151549804941 79387.458869951166 83905.740637482959
11410174 1 4 3 0 2 5 4 3 2 5 4 0 0 4 3 1 0 1 3 1 0 0 0 0 3 2 0 93178.29369630813 93507.73094446263 94450.64727220888 94303.153126574878
11410174 1 1 1 2 4 0 0 3 3 0 7 5 3 0 4 6 3 1 2 1 0 0 0 0 1 1 1 89963.080191176559 89458.33921040775 88353.321638525609 89122.542452587237
11410174 1 10 7 1 3 7 7 1 0 5 2 4 0 3 3 0 2 1 2 1 0 0 0 0 3 2 4 88361.535864678182 81729.941055394826 89245.859300230222 87458.617898399243
11410174 1 2 2 11 10 0 0 5 9 1 0 0 6 4 1 3 4 1 3 1 0 0 0 0 0 0 0 74879.193054560776 88513.451779628711 90214.000084632644 83377.255903538156
11410175 1 1 3 1 0 2 0 0 0 0 3 1 2 1 2 4 0 1 2 1 0 0 0 0 0 0 0 97548.353682218178 97084.611189683666 97237.559359840729 97258.226154615782
11410175 1 5 7 8 7 3 4 4 0 0 3 3 0 0 3 0 0 1 3 1 0 0 0 0 3 3 2 91439.199863545349 91602.741660596221 91700.817810219203 86676.340331818064
11410175 1 4 7 8 9 3 5 4 6 2 2 4 0 1 1 2 1 1 3 1 0 0 0 0 4 4 3 91160.882971020561 90863.200967531957 91452.066353011542 90251.038815826934
11410175 1 1 2 0 4 1 2 0 2 9 8 5 3 11 10 6 4 1 1 1 0 0 0 0 0 0 0 73275.17698945367 70988.433704829164 67776.113780128639 -1.0000000000000001e+300
11410176 1 2 3 0 0 0 0 2 4 0 0 2 1 0 1 4 1 1 3 1 0 0 0 0 4 4 3 97282.335860376319 97045.857304124162 97299.995219882985 97222.691899071331
11410176 1 5 8 5 3 5 3 4 0 3 0 3 1 0 0 0 3 1 2 1 0 0 0 0 3 3 3 91217.577293841532 89849.09946950755 90726.12256168903 87271.079329484201
11410176 1 0 4 7 9 0 0 4 7 2 4 4 6 0 2 1 3 1 3 1 0 0 0 0 4 3 3 88319.545448420991 91343.348082411438 91518.553587206596 91411.862097885474
11410176 1 3 6 11 8 1 4 5 7 2 3 0 0 3 0 0 3 1 1 1 0 0 0 0 3 4 3 85173.94699037337 85036.364609279291 85327.647013286798 79506.417231139712
11410177 1 2 0 0 0 0 2 3 3 5 1 1 2 2 4 3 0 1 1 1 0 0 0 0 1 0 3 96360.752776066452 96155.929405719027 95862.712469869191 95762.938162710925
11410177 1 3 0 0 7 2 3 4 8 0 4 6 6 0 2 0 3 1 1 1 0 0 0 0 3 2 1 86962.124294428853 91371.449233524574 91325.602400643984 90144.287785147157
11410177 1 4 6 8 10 1 4 5 6 0 2 4 2 0 1 1 0 1 3 1 0 0 0 0 1 2 1 89967.074508540201 90133.864159186167 89830.147674637046 83614.393522193626
11410177 1 0 6 7 11 4 6 3 7 0 3 2 0 1 0 2 0 1 3 1 0 0 0 0 3 2 1 79726.340305858103 81522.122535597387 81414.05372352236 78688.459614828389
11410178 1 0 0 1 2 0 0 0 5 1 0 4 6 3 3 6 3 1 2 1 0 0 0 0 2 2 3 91777.465915484558 92462.514672192294 92216.485939592807 92013.520567394415
11410178 1 2 0 0 4 1 0 4 5 0 2 5 7 0 1 2 6 1 1 1 0 0 0 0 2 2 3 90652.907264788912 91214.095337849751 90887.122601660623 90686.041652277272
11410178 1 3 3 0 2 5 4 1 0 6 5 4 3 10 8 6 3 1 1 1 0 0 0 0 0 1 0 89809.158191978975 89792.793842557352 88803.367072144203 89907.024589466542
11410178 1 0 0 1 3 1 2 5 5 0 3 6 9 4 5 11 10 1 3 1 0 0 0 0 1 2 0 84936.689014926204 91852.043109656181 90942.855281575408 91434.459124379369
11410179 1 3 2 0 3 0 5 2 1 0 5 6 3 0 0 3 2 1 2 1 0 0 0 0 3 0 0 93541.976379394531 93488.250944349507 94834.843099442718 93730.006161530808
11410179 1 6 4 0 0 8 5 3 2 6 4 3 0 3 2 0 0 1 3 1 0 0 0 0 4 2 2 -1.0000000000000001e+300 87386.546019887392 91083.51953735319 90973.644026390393
11410179 1 10 9 7 3 8 6 5 3 0 1 4 3 2 0 2 2 1 3 1 0 0 0 0 4 2 3 89862.103901939234 89495.201426509724 89200.731957700453 78809.554701159184
11410179 1 3 11 7 5 2 6 6 0 1 2 3 3 2 0 1 0 1 1 1 0 0 0 0 0 0 0 82550.152667338363 83106.62928132595 83306.135899064655 79091.848258182945
11410180 1 0 2 1 0 0 1 1 3 0 2 0 0 3 2 1 2 1 3 1 0 0 0 0 0 0 1 97217.141434093079 97183.125746175079 97170.277300993592 97323.875792656399
11410180 1 6 2 1 2 8 6 3 3 6 4 2 1 4 3 3 3 1 1 1 0 0 0 0 0 0 0 90387.727455800021 86270.739037362684 -1.0000000000000001e+300 -1.0000000000000001e+300
11410180 1 4 3 3 2 5 3 4 1 8 5 2 0 9 7 5 0 1 2 1 0 0 0 0 4 2 4 88742.18294657908 79480.02974534173 89045.36361165221 90040.22718702523
11410180 1 0 0 3 0 3 2 3 3 1 4 6 11 1 5 8 8 1 1 1 0 0 0 0 0 2 1 78322.893832141344 83083.624769833419 79193.761334310257 82787.39342886454
11410181 1 3 5 6 1 3 5 3 2 0 3 4 0 3 3 0 0 1 1 1 0 0 0 0 3 4 3 93211.080480188131 93355.430263153714 92751.065268051869 93205.155774234547
11410181 1 0 1 2 1 3 0 2 8 1 1 5 5 0 0 2 3 1 2 1 0 0 0 0 1 1 3 89446.069058509049 90490.132228857707 90311.987739421689 90475.300391383469
11410181 1 5 6 8 9 4 5 6 7 4 4 3 2 3 0 0 0 1 2 1 0 0 0 0 4 2 2 86660.804421624867 91285.776282917708 90478.814704067408 82927.090009201769
11410181 1 4 11 8 1 4 5 6 0 3 5 2 0 2 2 0 1 1 3 1 0 0 0 0 3 2 3 80257.940669235628 79857.954388824364 79249.926292311444 78405.272742929374
11410182 1 4 1 2 0 2 4 2 1 0 0 3 1 0 3 0 0 1 1 1 0 0 0 0 3 4 3 96185.615779542044 96969.447694490897 96685.401535754732 96650.612779295319
11410182 1 0 5 3 3 1 1 4 7 0 2 6 6 1 0 2 3 1 1 1 0 0 0 0 1 3 2 89975.177000504642 90794.503123959832 90834.272396076092 89391.55069926093
11410182 1 1 3 0 3 2 6 3 0 4 6 7 5 6 7 8 9 3 4 0.33333333333333331 5 0.33333333333333331 6 0.33333333333333331 1 1 1 91935.916587676969 85444.483641623548 80553.677295255329 91803.897305942097
11410182 1 0 2 0 0 1 3 0 4 0 3 4 5 4 11 8 6 1 1 1 0 0 0 0 2 3 4 83572.471370961619 83504.288124758983 80855.210157122172 84802.874674724182
11410183 1 0 0 1 5 2 0 2 5 0 1 4 5 0 0 4 4 1 3 1 0 0 0 0 2 2 1 93605.08046986087 94614.867839392027 94319.06973134412 93657.664209710216
11410183 1 1 0 0 0 3 0 0 1 3 4 4 5 4 5 8 6 1 3 1 0 0 0 0 1 3 2 90885.394753281667 90721.780298069352 88268.010559420261 90721.824900760024
11410183 1 0 0 1 0 3 0 1 1 0 0 5 6 1 7 9 10 1 2 1 0 0 0 0 0 3 1 89601.508715435382 89747.578626074363 80020.866483798483 89278.64984290619
11410183 1 5 4 3 0 8 6 0 0 11 4 3 0 3 3 0 2 1 2 1 0 0 0 0 3 1 3 82785.562348284031 80377.856529293247 83032.639876195841 82094.5463448636
11410184 1 1 4 4 0 6 4 2 0 2 4 1 0 0 2 0 1 1 1 1 0 0 0 0 1 2 3 94558.577820226885 94004.764431462245 94022.029383624045 93701.313894242237
11410184 1 3 7 6 1 0 4 4 4 1 3 3 1 0 0 2 1 1 4 1 0 0 0 0 0 3 3 90727.017386951527 90757.03364476742 90398.689298328434 89214.43920872845
11410184 1 10 8 1 1 7 6 3 2 5 3 0 3 2 2 0 1 1 3 1 0 0 0 0 4 4 3 88768.517261985719 86924.995683203742 86555.095743765443 88250.966438146017
11410184 1 8 6 3 0 11 6 1 2 5 4 0 0 4 3 2 0 1 3 1 0 0 0 0 1 0 1 85114.207327033131 81579.605355053514 84950.236119171765 83696.676489665158
11410185 1 0 0 0 2 0 3 1 3 3 3 4 2 0 0 3 3 1 1 1 0 0 0 0 3 3 3 96731.438458094446 96968.3570692473 96517.898502084936 96353.555080728402
11410185 1 0 2 5 6 2 5 5 8 1 3 4 7 0 0 3 5 2 4 0.5 5 0.5 0 0 2 1 3 84604.799257560851 85967.078545228549 89703.789033013221 89480.032787147211
11410185 1 0 0 2 3 1 2 0 2 3 4 6 5 5 6 9 10 1 1 1 0 0 0 0 2 1 2 89580.976944347203 89092.60179195099 74462.043802211541 89313.199856878957
11410185 1 4 2 1 0 4 8 4 1 9 7 6 0 10 11 3 3 1 2 1 0 0 0 0 2 2 2 76414.178293404024 62347.995572387888 63309.019748753621 75937.912570009357
11410186 1 0 3 2 1 0 5 3 3 1 5 6 3 2 2 1 3 1 3 1 0 0 0 0 4 4 3 92690.029760492049 93122.060072424283 92493.299054403018 92617.562298930134
11410186 1 7 8 6 6 5 5 4 0 1 4 0 4 3 1 0 1 1 2 1 0 0 0 0 1 3 1 88984.525184693746 89734.035800294572 90842.380676703106 85404.195162372329
11410186 1 7 8 9 10 7 6 5 1 5 3 3 3 4 3 2 0 1 2 1 0 0 0 0 2 1 1 89294.957644286987 86897.6033141097 89716.467884522106 78174.020349104147
11410186 1 4 2 2 3 6 4 5 1 11 7 6 2 9 8 5 5 1 1 1 0 0 0 0 1 0 2 84752.880031467867 69117.703489356689 81883.068271109965 87135.590419126573
11410187 1 0 3 0 0 4 5 3 1 0 3 3 3 3 4 4 2 1 3 1 0 0 0 0 4 4 2 94771.091496086141 94785.373315259945 94227.458070038861 94811.074148276995
11410187 1 0 0 3 2 0 3 4 3 2 4 6 0 3 3 7 3 1 3 1 0 0 0 0 3 1 2 89706.500081732825 89655.913499533068 89989.479956343654 88852.885100794199
11410187 1 0 3 8 10 0 3 6 8 1 4 4 5 1 3 3 3 1 2 1 0 0 0 0 2 3 1 82510.189837219805 89529.948330350016 89045.624110671371 87924.793121754861
11410187 1 10 11 8 5 8 7 6 2 6 4 3 0 3 0 2 1 1 1 1 0 0 0 0 1 1 1 87136.940400500418 86024.159422724188 87715.310432396422 66207.641733958706
11410188 1 0 0 3 0 0 3 2 3 0 3 1 1 1 2 0 1 1 2 1 0 0 0 0 0 1 0 96760.377988407854 97248.020443995774 97406.150121741812 96829.29190093941
11410188 1 3 0 3 3 0 0 1 7 1 5 6 8 4 3 4 6 1 3 1 0 0 0 0 2 4 1 85133.057866176328 86180.630155701569 88415.534971722256 85078.750741940545
11410188 1 0 0 1 3 0 0 2 4 0 0 5 7 1 4 6 10 1 3 1 0 0 0 0 3 4 3 87435.995802559701 -1.0000000000000001e+300 89117.019125559556 89574.497181324114
11410188 1 2 0 0 0 3 3 3 3 4 3 8 2 4 11 8 3 1 2 1 0 0 0 0 3 0 1 81967.658695655249 80993.058363737975 80546.10900263286 80892.339954574432
11410189 1 1 3 1 0 5 3 2 2 6 3 3 1 2 6 0 0 1 2 1 0 0 0 0 3 2 2 93129.466820247588 91938.46341561091 92451.239035801278 92629.364551981489
11410189 1 2 2 0 1 1 3 0 0 3 5 4 1 4 8 6 4 1 2 1 0 0 0 0 1 1 2 90180.663924079054 89320.998762146613 86761.807124582396 89878.636844318811
11410189 1 0 3 2 0 0 4 3 2 3 5 6 5 10 9 8 5 1 1 1 0 0 0 0 1 0 1 90199.117073446745 89114.984022565826 80197.237428876222 89107.587138362593
11410189 1 9 1 2 0 8 4 10 0 6 5 3 11 3 2 1 2 1 1 1 0 0 0 0 1 1 2 68896.18663965966 63551.412992938545 69009.692909291101 -1.0000000000000001e+300
11410190 0 3 0 0 0 0 1 0 1 2 1 3 2 3 4 3 5 1 1 1 0 0 0 0 0 2 2 95913.114806479876 95645.454612513087 95914.576840073962 95713.950438640735
11410190 0 7 8 7 5 5 6 5 1 4 5 0 4 0 2 3 0 1 1 1 0 0 0 0 3 4 4 85550.122297825728 88137.729922909348 86170.827157793232 79191.269243549803
11410190 0 10 7 5 4 4 7 5 0 3 1 2 3 0 2 0 0 1 2 1 0 0 0 0 4 2 3 89478.301430327381 86552.639417252896 89627.498663298684 81010.218677806828
11410190 0 10 9 8 7 5 6 7 5 4 1 4 6 2 1 1 7 1 1 1 0 0 0 0 0 3 0 3 3 -1.0000000000000001e+300 -1.0000000000000001e+300
11410191 1 0 0 1 4 3 2 3 5 0 4 3 1 1 0 0 4 1 2 1 0 0 0 0 0 1 0 95452.275183589358 95093.849543677454 94844.947520229543 95183.041321365919
11410191 1 0 0 2 1 0 0 3 7 0 0 4 6 1 4 6 4 1 2 1 0 0 0 0 0 0 1 90648.128025628554 90939.994970393236 91134.343637887738 -1.0000000000000001e+300
11410191 1 0 1 0 3 0 1 2 3 3 3 5 6 4 5 6 10 1 2 1 0 0 0 0 0 0 0 88199.315782877573 88702.880968455967 84044.665215939967 88860.881628096948
11410191 1 3 5 9 10 1 0 5 11 0 2 4 5 0 3 0 3 1 1 1 0 0 0 0 2 3 3 84423.778344847029 91187.598367747036 91180.354392553942 84938.313700049563
11410192 1 1 4 2 3 1 4 1 1 0 3 2 3 2 0 0 1 1 1 1 0 0 0 0 0 3 3 95735.482653427127 96155.584563064578 96609.396084562948 96333.798315457956
11410192 1 6 7 5 4 4 6 5 2 0 4 0 0 0 1 1 0 1 2 1 0 0 0 0 2 2 0 90515.212463391392 90380.927879410359 90932.06950991998 89042.999557730785
11410192 1 9 8 7 4 8 5 4 0 5 3 4 5 1 0 0 2 1 3 1 0 0 0 0 4 4 3 89942.097414260177 90076.791813807853 90643.369576067911 86418.120730497918
11410192 1 2 0 0 0 5 4 3 0 4 0 2 1 10 11 5 3 1 1 1 0 0 0 0 1 1 1 85410.845849731384 87446.832658869869 81688.782227070988 88817.392052055555
11410193 1 2 0 0 0 0 3 6 0 3 4 5 1 1 5 2 0 1 2 1 0 0 0 0 2 1 0 94604.652375539139 93884.026175646111 93397.618415956138 93180.77012817064
11410193 1 4 8 4 3 2 4 0 2 0 1 0 0 0 2 0 0 1 3 1 0 0 0 0 4 2 3 90347.867928741151 90467.664301080411 89866.65087861233 89431.110609653348
11410193 1 9 7 5 3 7 4 1 1 5 3 1 2 4 0 3 0 1 2 1 0 0 0 0 0 1 2 91084.787088101919 86777.415889008567 90817.909252216399 90134.205408013455
11410193 1 7 11 8 4 5 5 4 3 1 3 3 0 3 0 2 0 1 3 1 0 0 0 0 1 1 1 81365.480991564924 79578.491394611439 -1.0000000000000001e+300 72132.775883153299
11410194 1 6 5 4 0 1 4 4 1 2 4 2 0 3 3 1 0 1 1 1 0 0 0 0 2 4 4 92923.244367917388 92978.827831340896 92888.751796360084 93332.393676306092
11410194 1 0 0 0 1 0 1 2 2 3 5 4 1 4 8 7 4 1 2 1 0 0 0 0 0 0 0 89267.623117299227 89016.782994754554 86793.60246143899 89255.650590344958
11410194 1 0 0 3 0 1 3 1 0 5 4 3 2 9 8 6 4 1 3 1 0 0 0 0 3 4 3 90711.28961708142 91139.137340056535 85073.1701654809 -1.0000000000000001e+300
11410194 1 3 0 4 2 2 0 8 6 1 4 4 9 0 3 11 10 3 4 0.54545454545454541 5 0.27272727272727271 6 0.1818181818181818 4 3 3 67226.175016153444 73019.347389940362 73644.352941324236 72178.88142006885
11410195 1 3 2 0 0 5 6 3 1 4 3 4 2 4 0 0 0 1 3 1 0 0 0 0 1 0 0 -1.0000000000000001e+300 93452.695148468018 93564.713231863803 94187.117603990744
11410195 1 2 3 2 0 1 1 4 5 1 3 7 6 0 0 2 1 1 1 1 0 0 0 0 0 2 3 89206.343819443049 90475.098860328348 87993.246332625102 89405.127618656988
11410195 1 8 0 0 3 8 5 4 0 9 6 3 1 10 5 2 2 1 2 1 0 0 0 0 2 0 1 90018.153589818394 81802.424692719651 90707.648337001709 89040.169206503051
11410195 1 9 11 7 8 4 5 6 3 3 0 0 2 1 0 0 0 1 3 1 0 0 0 0 0 0 0 80918.849742489416 82565.164764496963 -1.0000000000000001e+300 70691.745050102531
11410196 1 0 1 2 0 0 1 5 1 3 5 4 3 3 3 4 1 1 2 1 0 0 0 0 1 3 3 93977.056919723589 93096.527703487416 93615.247559023905 93850.029088016541
11410196 1 6 5 5 3 8 6 1 2 6 5 2 0 4 3 1 0 1 2 1 0 0 0 0 4 3 4 89794.284590485011 86345.434553487867 89709.145173993267 89015.960764084506
11410196 1 10 9 7 5 1 6 5 3 2 4 3 0 0 0 1 0 1 2 1 0 0 0 0 2 2 2 89009.16752337548 88920.376311128683 89071.470785508791 76688.975342137113
11410196 1 9 11 7 1 5 7 3 2 4 5 3 0 4 1 3 1 1 2 1 0 0 0 0 0 1 0 -1.0000000000000001e+300 77299.639835833499 83706.546974178971 78138.127254100924
11410197 1 4 1 2 3 3 2 5 1 1 5 2 0 2 4 0 0 1 1 1 0 0 0 0 3 3 3 94834.897486368805 94207.325846005537 94509.125342174812 94764.35540164703
11410197 1 0 0 4 0 2 0 0 4 0 3 6 6 2 3 7 1 1 2 1 0 0 0 0 2 0 1 90237.426369612731 89885.522007753956 90210.199901247266 90108.809305266812
11410197 1 0 0 1 3 1 0 4 4 2 3 5 7 4 5 7 9 1 2 1 0 0 0 0 0 0 0 90632.891043030948 90834.140298157858 90359.769881891174 91642.559905162256
11410197 1 0 0 0 3 7 3 3 1 8 4 2 3 10 11 5 5 1 2 1 0 0 0 0 4 3 3 89235.902157341421 74390.364556896297 72586.814583853295 -1.0000000000000001e+300
11410198 1 4 3 0 0 5 3 0 1 1 6 2 0 3 2 6 0 1 1 1 0 0 0 0 1 2 3 93264.778811475961 92606.634838755912 93306.832576436165 92892.50727640788
11410198 1 3 0 0 0 4 0 0 0 6 4 3 3 5 7 4 0 1 2 1 0 0 0 0 3 2 0 90543.886319896075 90430.41034820379 89463.098893247967 90616.401578605728
11410198 1 3 0 2 1 0 0 4 4 2 3 4 8 4 7 8 10 1 1 1 0 0 0 0 2 2 2 88947.485258175962 90759.031616209919 85190.520562900478 90027.512978844577
11410198 1 2 1 2 4 0 3 4 6 4 4 5 8 3 6 11 9 1 1 1 0 0 0 0 1 1 1 80304.522753255151 87341.219564978295 83831.189759205154 87358.581355349699
11410199 1 0 3 3 4 3 5 4 5 0 0 4 3 3 0 2 3 1 1 1 0 0 0 0 2 2 1 93554.351018373622 94136.869912493232 93972.033096335348 93680.090258328128
11410199 1 4 4 0 0 6 5 2 1 8 4 3 0 7 0 1 0 1 2 1 0 0 0 0 3 3 4 91236.36530151726 87239.575967860335 91719.73419964085 90722.905785868701
11410199 1 3 2 0 0 4 0 3 2 6 4 3 0 10 7 6 3 1 1 1 0 0 0 0 2 1 1 89348.441707604317 88333.137961027169 85058.741753967144 89313.434787774997
11410199 1 3 2 0 3 2 4 3 0 1 5 5 0 3 11 1 0 1 3 1 0 0 0 0 4 4 3 81399.031765323802 81316.606816046668 80698.140566898859 81267.157285823094
11410200 1 1 3 0 0 5 2 3 2 4 4 3 0 4 3 1 2 1 1 1 0 0 0 0 3 3 4 95537.907350255817 95596.226944917522 94582.972123445114 95226.593658922924
11410200 1 4 6 8 7 1 4 4 4 2 0 3 1 3 0 1 0 1 1 1 0 0 0 0 0 3 2 90595.762035708292 90799.567144486311 91297.890957530763 86902.950654520508
11410200 1 3 8 9 10 4 8 0 0 4 7 0 0 4 3 3 1 1 1 1 0 0 0 0 1 3 2 91151.592494830504 89662.742227832976 90305.102971406304 92269.534281109038
11410200 1 0 0 4 4 0 3 5 6 0 3 6 11 2 1 6 8 1 1 1 0 0 0 0 0 1 2 81426.702758426458 84139.445264899507 83707.216742411329 85372.497820586781
11410201 1 0 0 3 0 2 5 4 2 3 1 4 0 0 3 3 3 1 1 1 0 0 0 0 1 1 0 95690.136874622767 95657.585474756037 95171.018792046438 95556.82573141875
11410201 1 2 5 7 1 3 5 4 3 1 3 1 0 0 0 0 2 1 2 1 0 0 0 0 0 0 0 90938.08261481204 90817.894772940985 91665.466445371683 90681.188969186624
11410201 1 9 7 5 3 7 4 3 0 4 2 0 0 0 3 1 1 1 3 1 0 0 0 0 2 3 2 91390.02087615215 91674.756914289697 91324.327018446056 86544.502069796275
11410201 1 5 5 4 0 11 6 3 0 10 5 3 0 6 2 1 2 1 1 1 0 0 0 0 0 0 0 75100.143152797347 73020.156987067181 75687.849994534889 76447.010130808005
11410202 1 3 0 2 0 1 4 0 0 2 5 0 1 3 5 6 0 1 3 1 0 0 0 0 0 0 1 94114.165495660563 94048.670861482606 93950.213093744387 93445.28711830244
11410202 1 4 2 1 0 3 3 0 0 6 6 3 4 8 7 3 0 1 3 1 0 0 0 0 0 0 2 90946.169651278746 89760.50514442056 90314.06078894966 90372.724204032653
11410202 1 3 1 0 0 5 4 4 3 7 6 5 4 10 8 6 4 1 2 1 0 0 0 0 3 3 2 90754.31147598075 90986.571963585098 88736.251602699165 90671.201223592041
11410202 1 3 2 3 1 0 1 3 5 0 0 5 6 3 8 11 9 1 2 1 0 0 0 0 1 1 1 78426.403085549377 -1.0000000000000001e+300 75310.317257078466 81923.819181674931
11410203 1 3 0 2 0 5 1 3 0 6 5 3 0 2 5 0 3 1 3 1 0 0 0 0 4 3 2 92934.827340750053 91825.615758567306 92457.041683547272 92218.343011679477
11410203 1 3 0 0 3 4 3 0 0 5 4 1 2 6 8 5 4 1 2 1 0 0 0 0 4 3 2 90841.711427568021 90437.214464881792 86736.582802987541 90531.31380188711
11410203 1 0 0 0 2 3 3 1 0 3 4 5 4 3 6 9 10 1 2 1 0 0 0 0 3 2 2 89674.81604577729 89458.398435037539 81088.991161073587 89544.312064914615
11410203 1 2 0 0 2 4 0 1 0 7 5 6 3 9 11 5 4 1 1 1 0 0 0 0 0 0 1 85886.082517701361 86065.6955562238 77339.344047077859 86121.836300039809
11410204 1 3 0 0 0 1 0 2 4 1 4 4 1 1 2 2 3 1 3 1 0 0 0 0 1 2 2 96124.090939557122 96266.437699462986 95959.547872504496 -1.0000000000000001e+300
11410204 1 1 0 0 4 2 0 3 6 1 1 4 8 3 3 6 6 1 2 1 0 0 0 0 0 1 0 86981.393642094466 91414.160170346135 90356.155089009917 91412.652729365218
11410204 1 3 0 0 1 3 5 0 0 3 5 6 4 6 7 8 9 1 2 1 0 0 0 0 0 0 0 91256.189835472833 89482.084163593012 80492.052314975095 91326.057250587139
11410204 1 5 3 3 0 9 5 0 0 11 6 4 0 10 8 7 3 1 1 1 0 0 0 0 3 4 1 83100.699405410531 66999.434132556489 81392.282773575513 82680.973079409843
11410205 1 0 4 4 0 0 5 6 0 0 5 3 0 3 6 3 3 1 3 1 0 0 0 0 4 4 3 91356.286523798597 90882.378579149328 90642.394043559805 90508.958121970209
11410205 1 7 6 5 2 8 5 2 0 7 3 0 1 3 1 0 2 1 3 1 0 0 0 0 4 3 3 91900.781335531894 87782.366344976079 91089.135420315302 91770.190888552592
11410205 1 9 7 6 3 7 5 3 0 5 4 3 0 4 3 0 2 1 2 1 0 0 0 0 4 2 4 90389.968304138863 89952.003537248514 90536.158219060395 90650.142086010892
11410205 1 4 6 11 10 2 5 6 9 2 3 3 5 0 0 1 1 1 1 1 0 0 0 0 1 2 0 88441.509518915744 90356.236691706043 -1.0000000000000001e+300 86770.174793665472
11410206 1 3 2 1 1 4 1 4 2 0 2 1 0 2 3 3 0 1 2 1 0 0 0 0 2 1 3 96061.260703051536 96244.299781966503 95705.448691378697 96295.894902000902
11410206 1 3 2 0 0 0 1 3 3 0 4 4 0 7 8 5 4 1 2 1 0 0 0 0 1 0 1 90876.209465323918 91135.162936800785 87844.149211647353 91339.428981831603
11410206 1 0 1 0 0 3 3 3 0 5 6 4 3 10 9 7 5 1 2 1 0 0 0 0 2 2 1 89625.068158198468 89942.04704973154 78445.474458734461 -1.0000000000000001e+300
11410206 1 4 3 0 0 8 4 3 5 7 8 4 2 10 11 5 0 1 1 1 0 0 0 0 1 1 0 -1.0000000000000001e+300 66558.649593497699 78561.892381272832 78290.131393543968
11410207 1 1 0 4 0 2 3 3 3 0 4 5 4 4 1 2 3 1 3 1 0 0 0 0 3 3 2 94183.4990378824 94348.727510032186 94072.409603371183 94346.267309688381
11410207 1 3 0 0 0 3 1 3 1 3 5 4 2 7 8 7 5 1 1 1 0 0 0 0 0 2 1 -1.0000000000000001e+300 91080.20539886711 82185.692636935448 91518.614561027585
11410207 1 0 3 3 3 4 6 4 4 0 7 6 4 9 8 6 5 1 3 1 0 0 0 0 0 0 0 90099.716025074129 87567.72527194221 84511.747165841822 88232.159376436073
11410207 1 3 5 6 8 2 5 7 11 3 1 6 8 0 1 0 2 1 1 1 0 0 0 0 2 3 3 81422.798699733918 81417.261877169891 80925.636087706502 76639.122638238638
11410208 1 0 3 2 0 5 4 3 2 3 4 5 1 3 3 0 1 1 1 1 0 0 0 0 2 3 2 93437.273879323679 93397.710033819938 93567.176065125503 94278.621420203068
11410208 1 4 2 0 0 6 3 1 0 8 5 0 2 7 6 3 0 1 1 1 0 0 0 0 0 0 0 91621.836970928329 85292.677604318873 91736.020035442052 91796.236068808663
11410208 1 3 0 0 1 3 0 4 0 3 4 5 3 10 7 5 3 1 2 1 0 0 0 0 2 2 2 88835.06656056628 88281.950461472035 83100.054260883306 88844.672181765258
11410208 1 0 3 0 0 2 7 5 2 8 6 4 3 11 6 4 3 1 1 1 0 0 0 0 3 2 3 81050.658519706136 81496.423416967882 79177.493654353966 81798.669422195424
11410209 1 3 1 3 2 0 0 4 1 0 2 1 3 0 4 3 3 1 3 1 0 0 0 0 1 2 2 95687.773336354017 96200.199402085942 95688.537052090978 95435.90663845274
11410209 1 5 7 1 0 7 4 0 2 4 1 2 0 2 2 0 0 1 3 1 0 0 0 0 3 1 2 90193.929029812163 89018.876547374093 90046.906457307574 90146.75440830033
11410209 1 10 7 5 3 8 5 1 1 5 2 0 0 7 0 1 3 1 2 1 0 0 0 0 0 1 1 87476.235292770594 82741.001747921851 86303.712080719924 84322.752984773906
11410209 1 3 1 0 0 11 3 2 1 7 6 4 0 6 5 5 0 1 3 1 0 0 0 0 1 2 0 84605.059131625487 80923.803265125825 82168.566409793231 84196.731592990007
11410210 1 3 5 1 2 0 3 4 3 2 4 2 3 0 1 1 0 1 1 1 0 0 0 0 0 1 0 94977.301689995642 95042.237589874188 95163.115697189598 95364.46265288342
11410210 1 0 0 2 4 0 0 5 6 0 1 5 8 4 3 3 3 1 2 1 0 0 0 0 4 3 4 87415.91507425555 89715.712947958746 89103.818175709181 88203.85442937749
11410210 1 3 1 0 0 2 1 4 2 3 6 5 2 1 9 9 10 1 1 1 0 0 0 0 2 3 4 89600.95432186457 88746.378210023671 83370.782144934739 -1.0000000000000001e+300
11410210 1 6 5 6 10 4 5 8 11 0 0 2 3 3 1 0 0 1 3 1 0 0 0 0 2 2 0 86592.231070465874 86775.052025937737 87549.613033334361 73211.490610392822
11410211 1 0 2 3 3 0 4 2 4 0 0 1 1 3 0 0 4 1 1 1 0 0 0 0 2 3 2 95870.055020687432 96685.130240247672 96007.297819508443 96079.815484853316
11410211 1 3 1 0 2 0 5 3 2 5 4 3 1 0 3 7 0 1 1 1 0 0 0 0 3 4 4 90780.022943468066 91466.753667458339 89771.739762181591 89852.176478405367
11410211 1 9 8 6 5 7 6 5 4 2 3 3 4 0 0 3 0 1 3 1 0 0 0 0 2 1 0 92174.005545869208 91227.501632040701 91320.794402399188 84552.787222022002
11410211 1 2 5 11 10 3 5 6 9 0 1 1 6 0 1 0 3 1 2 1 0 0 0 0 0 1 1 89372.08308510331 90772.700006515748 90475.887655485771 81798.574197219088
11410212 1 2 3 2 1 6 2 1 4 0 6 3 0 0 3 0 1 1 2 1 0 0 0 0 4 3 4 92902.44973279789 92689.66199872276 92345.233540376998 92452.739734563933
11410212 1 5 4 0 2 6 4 0 0 8 6 4 0 7 3 3 0 1 1 1 0 0 0 0 3 3 4 90947.551384393329 87218.20647185744 90891.924749897909 90897.174574544202
11410212 1 3 3 0 0 5 0 0 1 7 5 2 0 10 7 5 4 1 2 1 0 0 0 0 1 0 0 90130.487894522987 89454.553773949228 88958.415743267265 89463.514547807412
11410212 1 3 0 0 1 7 4 0 0 11 5 4 0 8 6 4 3 1 3 1 0 0 0 0 2 3 0 83206.738559663921 78130.706332982823 82398.966914161036 83280.765468573576
11410213 1 1 0 0 0 3 2 4 1 1 3 4 3 0 6 6 1 1 3 1 0 0 0 0 1 4 3 91843.179489517497 91460.401323284983 91236.484460100022 91589.669951324962
11410213 1 0 0 2 3 3 1 3 0 3 4 5 4 4 7 6 4 1 2 1 0 0 0 0 4 3 3 91242.376122426373 90952.34581003261 90487.250043450273 91603.913277356332
11410213 1 3 3 0 0 4 4 3 0 4 7 5 2 10 9 6 4 1 2 1 0 0 0 0 3 1 0 85465.355545408893 87194.218298287917 76576.867847199232 85793.575189013369
11410213 1 2 0 3 0 3 5 2 2 4 4 7 8 2 11 9 4 1 1 1 0 0 0 0 3 0 2 72310.706439811125 72830.729889693379 54192.609797558252 -1.0000000000000001e+300
11410214 1 0 3 0 2 0 4 3 5 2 3 4 2 0 1 3 0 1 1 1 0 0 0 0 1 0 1 95415.791321886922 95639.429750469004 95199.846995140426 95378.962762802839
11410214 1 0 7 1 0 6 4 2 0 3 3 3 4 0 2 1 0 1 3 1 0 0 0 0 0 0 0 91339.424869291179 91184.711222093669 91405.386735566193 91343.841422535435
11410214 1 9 8 7 4 3 5 3 0 0 3 3 4 0 0 3 0 1 3 1 0 0 0 0 4 4 2 90931.792873680621 90263.920629606582 91012.064814200407 83717.379079540726
11410214 1 3 5 11 9 0 8 7 6 3 2 1 4 0 3 0 3 1 1 1 0 0 0 0 1 2 1 74276.507254877462 78715.739881053276 78161.154164210413 61382.267025013629
11410215 1 0 0 0 2 1 6 5 4 1 6 5 5 2 2 3 2 1 3 1 0 0 0 0 3 1 3 88485.89401031025 87467.749182262109 89735.280134461515 88527.90375231026
11410215 1 0 0 0 1 2 0 2 0 0 3 1 0 7 8 7 4 1 1 1 0 0 0 0 2 3 4 91580.664917823859 91701.102306501387 86940.720651925614 91513.293293238035
11410215 1 1 0 0 0 0 3 1 2 4 4 5 0 10 8 6 4 1 3 1 0 0 0 0 0 1 2 89611.229558545194 89600.047251790602 84986.683067827733 89719.266834449518
11410215 1 0 0 0 2 2 3 4 5 1 3 5 9 1 6 11 9 1 3 1 0 0 0 0 4 4 3 90167.202292392263 -1.0000000000000001e+300 82356.45230927995 90243.282162952775
11410216 1 0 0 0 2 0 1 0 5 1 3 5 4 0 4 3 4 1 2 1 0 0 0 0 2 2 4 94915.27840795969 94559.10851319629 94431.668075463836 94642.723409393468
11410216 1 7 8 7 5 6 5 3 3 4 4 2 2 2 3 0 0 1 1 1 0 0 0 0 3 1 1 92011.923805633749 89782.259804923786 -1.0000000000000001e+300 83502.890512781072
11410216 1 10 8 7 2 1 5 3 4 0 3 3 0 1 2 2 1 1 3 1 0 0 0 0 2 2 3 87367.422210602745 87470.618777660973 87328.47866147093 78502.819856508213
11410216 1 8 11 8 3 7 5 0 0 5 4 3 1 3 1 3 0 1 3 1 0 0 0 0 1 3 2 -1.0000000000000001e+300 77127.931993963604 79676.809022086731 77709.736637426191
11410217 1 0 2 4 3 0 1 6 4 2 0 2 4 0 0 1 5 1 1 1 0 0 0 0 1 1 1 93720.460211932659 94069.277848415892 93584.339677775351 94071.445005339585
11410217 1 6 3 0 0 8 4 3 1 5 4 3 0 5 0 0 0 1 2 1 0 0 0 0 0 0 0 -1.0000000000000001e+300 87953.92755686304 90918.324109079243 90988.545704920747
11410217 1 10 8 6 3 8 5 3 0 6 5 2 0 4 0 0 1 1 3 1 0 0 0 0 0 0 2 92264.849535223082 90995.315563213939 92422.521489001258 90907.549823085777
11410217 1 9 7 5 4 11 5 4 2 1 1 4 8 3 1 2 4 1 2 1 0 0 0 0 0 0 0 71357.369707857666 73825.703605635601 69844.045494165592 66614.466069789414
11410218 1 0 4 3 3 0 4 5 4 2 3 4 1 0 2 0 0 1 1 1 0 0 0 0 3 3 4 94148.778021393882 94950.668575573407 94591.233779961971 94226.484296371418
11410218 1 4 5 8 5 2 5 6 4 1 0 0 4 0 0 2 3 1 1 1 0 0 0 0 2 2 3 89769.299710776162 90693.369383479541 90808.151451258862 87924.120821692908
11410218 1 3 5 7 9 0 3 6 4 3 0 1 3 0 0 0 2 1 1 1 0 0 0 0 1 2 1 90231.34126078384 90969.340814291529 90720.822860564469 86161.814613742652
11410218 1 5 11 3 0 10 5 2 0 7 4 1 0 0 1 2 3 1 2 1 0 0 0 0 3 2 3 71145.137129792827 67805.398190827065 70460.416603357036 66726.183213579818
11410219 1 0 2 0 0 0 2 3 0 1 0 4 2 0 2 1 1 1 3 1 0 0 0 0 1 0 0 97032.112952229043 97356.667411190501 97086.791193104233 97066.008181093042
11410219 1 7 6 5 3 6 4 4 0 5 3 3 0 3 0 2 1 1 3 1 0 0 0 0 0 0 0 90622.914445198447 90260.270824879015 89224.384212352743 88941.528123805212
11410219 1 3 3 2 1 5 5 0 0 7 6 0 0 9 8 6 4 1 1 1 0 0 0 0 0 1 0 92929.055706084997 91286.53180597187 91529.861598727628 92489.283606285346
11410219 1 1 2 4 0 4 5 0 0 11 4 0 2 5 0 1 0 3 5 0.37499999999999994 6 0.24999999999999994 7 0.37499999999999994 0 0 0 78394.167854021784 81392.158718045437 79358.177736302256 78571.919209072934
11410220 1 3 3 1 0 0 0 1 2 3 2 4 0 1 0 3 0 1 2 1 0 0 0 0 3 3 4 97038.163718250056 96983.779113681216 97167.127323229521 97264.146232686224
11410220 1 5 6 8 7 4 5 3 1 4 1 2 0 0 0 0 3 1 3 1 0 0 0 0 3 4 2 91132.946752341988 90727.620748107089 91302.973097211958 85456.911411235968
11410220 1 3 3 6 10 1 5 5 8 2 3 3 4 3 1 2 3 1 1 1 0 0 0 0 3 4 2 85358.625236423031 89845.82360541173 89877.237150568268 89986.591628904294
11410220 1 8 6 11 10 4 6 7 8 1 4 5 2 2 4 1 3 1 3 1 0 0 0 0 0 0 0 -1.0000000000000001e+300 -1.0000000000000001e+300 90350.457085682516 83690.487761354845
11410221 1 2 1 3 5 3 4 2 3 1 3 1 3 0 1 0 0 1 1 1 0 0 0 0 0 3 0 95531.269045511886 95419.679085731506 96029.177837371826 95630.348092820903
11410221 1 1 2 0 0 8 4 0 0 6 4 0 0 2 5 3 1 1 2 1 0 0 0 0 3 2 2 89502.274273714153 85641.853342840463 89957.665407427936 90472.982448103139
11410221 1 6 1 2 2 8 3 4 0 9 5 3 0 10 5 2 0 1 3 1 0 0 0 0 2 0 2 89836.283664121773 78153.670825240086 89313.237076027828 89206.263641540281
11410221 1 6 3 1 2 11 6 4 2 8 4 4 0 6 3 2 0 1 1 1 0 0 0 0 2 1 2 80549.324874156009 75145.795465048242 81958.20671291156 79218.716076457087
11410222 1 0 0 0 2 2 0 1 0 0 5 6 4 0 1 5 4 1 1 1 0 0 0 0 0 1 1 94511.585074822113 94345.924327164888 94005.457329561308 94089.495501995087
11410222 1 4 1 0 3 5 2 0 0 8 4 0 0 7 6 3 2 1 1 1 0 0 0 0 0 0 0 90543.979808355769 83805.072166461614 90189.076668542562 90232.950472108758
11410222 1 4 1 0 0 5 4 1 0 7 6 3 3 9 6 4 0 1 2 1 0 0 0 0 2 3 2 91302.437177421729 87267.493697243801 90704.806669731697 91208.968572216269
11410222 1 10 2 3 2 8 7 5 2 11 6 4 4 10 9 6 1 1 3 1 0 0 0 0 4 2 3 89169.818390318484 47008.832457590055 -1.0000000000000001e+300 -1.0000000000000001e+300
11410223 1 2 0 0 2 5 5 1 0 6 4 2 3 3 6 3 0 1 1 1 0 0 0 0 1 0 0 90514.694421549531 90573.787414739156 91591.808879978998 92116.474886576325
11410223 1 0 0 4 6 1 1 6 7 0 1 5 8 0 0 5 6 1 3 1 0 0 0 0 1 4 1 83939.708524488437 -1.0000000000000001e+300 89319.173536268543 89677.61498075939
11410223 1 5 7 9 10 0 3 5 6 0 1 1 3 3 0 2 3 1 3 1 0 0 0 0 3 4 2 88890.663535008804 89381.47784479949 89611.052316656671 77696.456797149993
11410223 1 8 11 6 4 5 4 3 1 0 4 2 0 2 1 0 2 1 1 1 0 0 0 0 2 2 4 83858.98014605057 84228.408149177179 84383.868430693852 81072.370881288924
11410224 1 0 0 3 0 1 0 3 6 0 2 6 5 0 4 2 5 1 1 1 0 0 0 0 0 0 2 90804.332734664276 91057.848123974283 92546.925885836288 91621.312887686261
11410224 1 4 1 2 3 1 5 6 6 2 4 3 7 1 2 0 3 1 2 1 0 0 0 0 2 1 2 90383.850342856444 90134.225127744241 90144.162629573213 87087.464317016478
11410224 1 5 0 2 3 6 5 4 0 8 6 4 3 10 7 6 4 1 1 1 0 0 0 0 1 1 0 90248.079219715379 89391.308642370161 90216.061773482768 91332.794062045927
11410224 1 3 0 0 0 3 2 2 2 4 5 3 0 3 11 4 0 1 3 1 0 0 0 0 4 1 3 -1.0000000000000001e+300 81012.474731460607 81414.959657990607 81048.614846721161
11410225 1 1 1 4 2 0 2 0 0 1 4 0 0 2 2 3 1 1 2 1 0 0 0 0 3 2 4 96535.436006528354 97095.996555226884 96732.796583303701 96715.461824349768
11410225 1 0 0 0 2 3 4 3 0 4 3 5 1 4 7 7 5 1 2 1 0 0 0 0 4 3 4 91401.24012495263 88628.863171849924 87852.034426246988 90573.988092927379
11410225 1 0 1 3 2 2 1 2 4 7 5 5 3 10 9 7 5 1 3 1 0 0 0 0 1 0 0 87930.61084643146 86812.121933259477 66642.911208536141 -1.0000000000000001e+300
11410225 1 0 3 0 0 1 2 3 4 0 2 5 5 1 5 11 9 1 1 1 0 0 0 0 0 1 1 84167.7301433393 86304.280802472393 76286.596823581363 86023.234063213909
11410226 1 2 4 3 1 3 1 4 3 3 2 3 2 0 0 1 0 1 2 1 0 0 0 0 2 1 2 95265.920766830444 95184.261876789737 95526.701699345635 95907.881765249025
11410226 1 7 3 4 0 6 4 2 0 5 5 1 1 2 1 0 2 1 1 1 0 0 0 0 3 4 4 91287.924206348398 90530.37611045409 91621.484866449144 91631.207086148992
11410226 1 10 6 4 0 7 3 0 0 3 1 2 0 2 0 1 2 1 2 1 0 0 0 0 4 2 4 89269.559296817344 86044.091543995033 89280.600160187882 88278.768259395089
11410226 1 10 9 7 5 11 8 6 2 3 3 6 1 0 0 4 1 1 2 1 0 0 0 0 0 0 0 97907.516658590714 99659.884794021171 101044.04236651423 101150.39796523069
11410227 1 1 2 0 1 2 4 2 3 0 2 3 2 1 4 3 3 1 2 1 0 0 0 0 3 0 2 95632.276983571937 95811.077582295737 95245.941543857261 95610.344782225293
11410227 1 3 3 2 1 5 5 3 0 6 3 0 0 7 3 0 0 1 4 1 0 0 0 0 0 0 2 91658.589571107266 90812.583301424616 91828.365824773631 91209.618307397686
11410227 1 0 3 0 3 3 3 5 6 3 1 5 8 2 4 7 9 1 2 1 0 0 0 0 2 1 0 86600.690064782772 90017.622371362915 89663.618110527357 89587.365544159329
11410227 1 6 1 2 0 7 5 3 1 9 6 5 2 10 11 8 4 1 1 1 0 0 0 0 1 2 3 89626.394241083952 88259.007044222992 89921.372446702429 90167.229918316734
11410228 1 3 0 0 2 2 1 1 3 0 3 6 2 4 6 5 5 1 1 1 0 0 0 0 0 0 0 91751.746428973885 91423.737238522226 90050.457474599374 89751.208566463349
11410228 1 0 3 0 0 4 3 2 0 5 3 0 3 7 8 6 4 1 3 1 0 0 0 0 1 0 0 91612.523722413374 91226.153298461693 87188.160357609726 91116.732084985037
11410228 1 3 2 3 1 3 5 3 2 8 6 4 0 10 9 7 5 1 3 1 0 0 0 0 1 0 1 -1.0000000000000001e+300 84604.092197655744 81105.683405971737 90324.021858104694
11410228 1 4 3 1 0 5 5 2 2 9 8 5 3 10 11 7 0 1 3 1 0 0 0 0 3 2 1 86551.295288188499 77157.21335714843 89251.36255829857 90704.841324084147
11410229 1 0 0 2 4 0 0 4 1 3 3 2 2 0 1 3 1 1 1 1 0 0 0 0 3 4 2 96733.542552664323 96498.964364378538 96283.69140829274 96285.391284649028
11410229 1 0 0 2 0 0 2 4 1 1 4 4 4 5 5 8 6 1 1 1 0 0 0 0 3 4 4 90272.2589238449 91286.314387400358 86216.55778919303 90992.04416066088
11410229 1 3 3 1 0 2 6 4 0 1 4 4 2 4 5 7 9 1 3 1 0 0 0 0 4 4 3 90658.046874346343 88364.110928426395 82142.244718202666 89607.962085623061
11410229 1 2 1 0 2 6 6 1 0 11 3 1 0 3 0 2 0 1 3 1 0 0 0 0 2 2 2 84443.387947068855 83005.206553008713 84412.148967045985 83277.136014324482
11410230 1 4 3 3 2 3 1 1 4 0 2 0 1 0 2 0 0 1 3 1 0 0 0 0 2 2 3 96667.985075966615 96934.257727850883 96755.530942489218 96519.929681478505
11410230 1 3 2 1 1 4 5 0 0 6 4 3 0 7 4 0 0 1 3 1 0 0 0 0 1 2 2 91836.031118832165 91038.600648847874 91858.964433819478 92079.094919253126
11410230 1 0 0 2 3 3 4 2 2 4 6 5 4 10 9 8 1 1 1 1 0 0 0 0 2 1 2 86434.339277629959 -1.0000000000000001e+300 42850.017914565506 -1.0000000000000001e+300
11410230 1 0 2 3 4 0 3 4 6 1 3 7 8 2 3 11 9 1 2 1 0 0 0 0 2 0 3 84604.664598406525 -1.0000000000000001e+300 86649.084708031791 85859.526909861277
11410231 1 5 4 3 3 2 3 5 5 0 0 4 0 0 0 0 3 1 2 1 0 0 0 0 3 1 1 94271.824920110899 94613.186660201463 94248.601100158703 93968.133588083583
11410231 1 3 3 3 1 6 4 3 0 8 5 4 3 6 0 3 0 1 2 1 0 0 0 0 3 3 2 90192.573208200803 87797.961295262852 90764.371849032774 90740.299654414281
11410231 1 9 1 3 0 8 5 5 6 5 4 4 1 2 1 0 2 1 3 1 0 0 0 0 1 2 0 89847.558243085048 83619.795119369926 87239.620785322637 88256.706488156342
11410231 1 5 6 11 9 2 5 7 8 1 0 4 2 3 0 0 0 1 1 1 0 0 0 0 0 0 1 88041.026159621164 85705.65069404227 87454.769306284026 76166.551690848501
11410232 1 0 2 1 5 0 2 4 4 1 4 6 3 0 2 3 0 1 3 1 0 0 0 0 1 0 0 93162.068248890049 93102.917353406374 93372.125668843582 94279.447115580231
11410232 1 1 0 3 6 2 3 4 8 0 4 5 6 1 3 4 4 1 2 1 0 0 0 0 1 1 2 84925.144663301704 90306.638902770137 90875.571233421942 90830.339271953882
11410232 1 5 8 9 10 4 7 6 3 0 4 5 0 0 3 3 0 1 1 1 0 0 0 0 0 1 0 89052.351274150642 87619.43712230763 -1.0000000000000001e+300 80609.216713762144
11410232 1 8 10 11 10 3 4 6 8 0 3 3 5 2 0 0 3 1 1 1 0 0 0 0 3 3 4 70480.023068345152 72063.633433693059 71737.549468303259 69771.932086607092
11410233 1 5 5 6 4 3 6 2 3 2 1 0 0 0 1 0 2 1 1 1 0 0 0 0 1 1 0 91743.677538298638 91705.598677127229 92206.187225341797 90864.136658317177
11410233 1 7 8 6 4 6 4 3 2 2 0 2 0 0 0 1 0 1 3 1 0 0 0 0 2 0 1 91345.576614168909 91214.223163870483 91349.166354242087 85922.397216350015
11410233 1 10 8 7 4 7 7 4 0 2 2 4 0 0 0 1 3 1 3 1 0 0 0 0 3 2 2 89971.448528667359 89880.431977051019 90305.389080584311 82535.658001251504
11410233 1 10 9 2 4 11 8 3 0 7 6 2 1 5 5 0 3 1 1 1 0 0 0 0 2 2 2 92199.428239518136 80545.42074077572 93985.201042084373 94708.817684408044
11410234 1 3 1 1 1 0 2 4 2 0 0 1 2 0 0 0 0 1 2 1 0 0 0 0 0 0 1 97721.203751683235 97095.539020273412 97263.577197949082 97457.761583893385
11410234 1 0 0 0 2 1 3 0 4 0 2 3 5 3 6 8 5 1 1 1 0 0 0 0 2 2 3 90687.219267869965 91201.604169922663 88409.204417157511 91382.905613222174
11410234 1 0 0 3 0 0 1 3 2 0 3 4 3 3 5 7 9 1 1 1 0 0 0 0 3 4 4 90864.815223779064 90500.370300113107 86257.065549319421 91198.916952035492
11410234 1 1 2 6 6 0 2 4 9 0 0 4 11 0 1 0 5 1 1 1 0 0 0 0 1 2 2 78481.266496245255 81761.041339824034 81481.154307292003 81365.289275297226
11410235 1 1 2 0 0 6 6 4 2 4 4 1 3 3 3 2 1 1 3 1 0 0 0 0 1 1 2 91704.832288433114 91726.727801259156 91790.222672702686 91865.927673660248
11410235 1 0 4 2 1 3 7 3 3 6 5 3 2 0 5 0 1 1 1 1 0 0 0 0 3 4 4 89784.141557941795 88656.714478731432 90526.645982739559 90532.670889810179
11410235 1 3 0 1 0 1 2 4 3 8 5 2 0 9 8 7 5 1 2 1 0 0 0 0 4 3 2 90813.665389328293 90105.103013259781 84466.975283811378 89771.764375668063
11410235 1 5 3 0 0 3 3 3 1 4 3 2 0 10 11 5 2 1 1 1 0 0 0 0 0 0 1 88924.270595190072 84829.158813953472 81016.221860137462 87456.113273186376
11410236 1 0 2 0 0 3 1 3 2 0 3 3 1 3 0 2 1 1 1 1 0 0 0 0 3 4 4 96873.795516244019 96713.739499192292 96626.494418350499 97136.03371153117
11410236 1 3 0 0 2 3 2 0 0 4 3 0 0 6 8 6 4 1 2 1 0 0 0 0 4 1 1 90821.515264249669 90509.786347692527 87570.361422216985 90934.152999386308
11410236 1 2 0 0 0 0 3 0 3 2 1 5 3 10 8 6 4 1 2 1 0 0 0 0 2 0 0 89381.558093003696 89228.479157586888 83224.356604614557 90501.557311278113
11410236 1 0 0 3 0 3 0 1 0 11 5 6 4 10 9 7 4 1 3 1 0 0 0 0 1 2 1 90373.92040800619 90467.896700898069 74767.476626663367 90056.325271099719
11410237 1 3 0 4 0 4 2 0 0 1 0 0 0 3 3 2 2 1 1 1 0 0 0 0 3 2 4 97045.639948017066 96864.984186233924 97014.896223150659 96741.910990111253
11410237 1 3 4 4 7 1 4 5 8 2 3 4 6 0 3 0 4 1 1 1 0 0 0 0 2 3 1 89540.812640314005 91467.011063450249 90237.508923070578 90666.716260282978
11410237 1 3 5 7 9 2 4 6 8 1 3 0 4 0 2 0 1 1 3 1 0 0 0 0 0 0 1 90325.031048114179 90112.997400877299 90871.160057004439 87075.022484997258
11410237 1 10 11 6 4 7 6 4 3 6 4 2 0 1 3 0 1 1 2 1 0 0 0 0 3 3 3 89166.615211597556 89846.817067324708 89480.518328551829 88221.878002679063
11410238 1 0 4 3 0 6 4 4 1 4 6 3 0 2 1 3 0 1 2 1 0 0 0 0 1 1 2 91387.775016064988 89904.70556656961 91257.65834407619 90951.185727007585
11410238 1 3 3 0 0 7 3 0 0 6 4 2 0 5 3 1 4 1 1 1 0 0 0 0 1 2 3 92005.158169529634 88203.278560121325 89923.0549324889 91362.636332232447
11410238 1 4 4 1 0 7 6 4 2 8 3 4 3 9 0 3 0 1 2 1 0 0 0 0 4 3 4 90136.669082802313 81221.980172401178 89162.118564072793 89895.627783374162
11410238 1 9 7 5 3 11 5 3 2 2 6 3 2 0 3 0 0 1 1 1 0 0 0 0 2 0 1 84767.719618034142 84690.039229878123 84913.880309807006 83033.172852967531
11410239 1 1 4 3 1 5 6 3 0 4 3 0 2 3 0 0 0 1 3 1 0 0 0 0 0 1 1 93549.399199922889 93066.402234448309 93891.05445754528 94042.70087675254
11410239 1 7 4 3 0 8 6 3 1 6 4 3 2 5 0 1 0 1 1 1 0 0 0 0 1 3 3 90477.988018510659 87546.227911016802 90867.165148377346 90716.491146428278
11410239 1 10 6 6 0 6 4 3 3 4 3 1 0 2 1 0 2 3 4 0.5 5 0.25 6 0.25 3 3 4 89415.917787927188 87431.627171457279 88894.917638249739 88599.437140332302
11410239 1 7 9 11 5 6 5 4 3 3 4 1 3 3 1 2 3 1 2 1 0 0 0 0 0 0 1 83042.693583088039 82074.259963600198 82921.589346514185 73372.517288348346
11410240 1 1 2 1 4 3 4 1 2 2 0 0 2 0 0 1 0 1 3 1 0 0 0 0 3 3 3 96455.441621384685 96390.53821800607 96223.757124990225 96588.077385012948
11410240 1 0 0 1 3 0 0 2 8 3 3 6 6 0 4 5 2 1 3 1 0 0 0 0 3 2 0 87541.874098619155 88821.465109018012 88169.209444179316 88473.163709079206
11410240 1 4 3 0 1 3 4 5 2 3 4 7 6 5 7 8 10 1 3 1 0 0 0 0 0 0 1 86047.983046684676 86854.805446380109 80859.466846733209 88073.694181396932
11410240 1 0 3 3 2 3 0 4 7 1 3 3 11 1 0 2 3 1 1 1 0 0 0 0 2 3 3 81922.245935055136 81953.758376139449 81132.096958710899 79861.197303784211
11410241 1 5 1 2 2 0 4 5 4 3 3 4 1 0 0 2 0 1 1 1 0 0 0 0 2 2 3 95142.116625096125 93670.700169264732 93771.338015087051 93997.585909919115
11410241 1 3 1 2 0 6 4 3 2 8 5 3 2 7 6 5 4 1 3 1 0 0 0 0 4 2 3 90909.218470013322 90686.286636914461 90431.859526928922 88442.958296914439
11410241 1 3 3 0 2 4 3 3 0 6 4 3 1 10 7 4 3 1 1 1 0 0 0 0 0 1 0 89551.118826995807 88864.803870363452 87569.64449352755 89682.010651070581
11410241 1 11 0 1 0 9 4 3 1 2 4 7 0 3 5 0 3 1 2 1 0 0 0 0 3 3 2 74007.633387677895 72134.649018147189 74007.939595340576 74967.131812755266
11410242 1 3 1 2 0 4 3 3 3 3 2 4 0 1 0 0 0 1 1 1 0 0 0 0 2 3 2 96319.834359918314 96641.273930377443 96191.0469021381 96267.378860539422
11410242 1 4 2 0 0 5 4 1 0 8 3 1 0 6 3 0 2 1 1 1 0 0 0 0 2 3 3 91472.123178601716 88336.033639879199 91252.270848211439 91122.20711887136
11410242 1 3 1 2 1 6 4 3 3 7 5 4 4 10 7 6 7 1 1 1 0 0 0 0 1 3 3 88094.933023816091 88241.541893409842 -1.0000000000000001e+300 -1.0000000000000001e+300
11410242 1 1 0 4 1 1 3 4 5 2 3 5 7 3 5 11 8 1 3 1 0 0 0 0 2 4 3 85121.811075157631 84787.320916777971 79280.433613334142 85198.372282935583
11410243 1 0 0 6 2 4 6 1 1 0 2 2 3 3 1 3 0 1 1 1 0 0 0 0 3 4 4 92156.622593046442 92777.393609841674 92705.885532406013 93277.224215374095
11410243 1 3 0 3 0 6 1 2 1 8 3 0 0 7 3 0 0 1 1 1 0 0 0 0 2 4 3 91318.51368619292 86867.374577942232 90999.519817362874 91029.041373763466
11410243 1 1 5 3 3 6 5 4 2 8 6 4 1 10 8 6 3 1 3 1 0 0 0 0 1 2 1 89347.274517293321 89748.609018503252 89235.090752494623 89352.211037571236
11410243 1 9 8 5 4 11 6 4 3 3 4 3 0 0 0 2 1 1 3 1 0 0 0 0 2 2 1 86627.47447246738 87279.507909176871 85518.655786067611 77601.269733983689
11410244 1 2 3 6 0 4 6 3 2 3 4 2 0 3 2 1 0 1 1 1 0 0 0 0 3 1 3 91682.401303730308 91080.410674913845 91894.970942423141 91701.386265901965
11410244 1 0 3 0 0 7 3 1 0 6 5 2 0 3 5 2 3 1 1 1 0 0 0 0 2 2 2 91267.101254886788 89812.147172942627 91625.194228826935 91331.601498961827
11410244 1 9 7 4 3 0 4 5 2 4 0 4 4 0 0 3 0 1 1 1 0 0 0 0 0 0 1 90820.409276478997 89069.620270408283 89357.556044294746 86015.095633317032
11410244 1 0 0 0 3 2 2 4 11 0 5 1 5 0 1 3 3 1 1 1 0 0 0 0 2 3 2 80585.113513135628 80650.154839804614 79860.505707397999 80627.957109235649
11410245 1 1 3 3 0 3 3 0 2 2 4 2 0 0 0 1 0 1 1 1 0 0 0 0 3 3 4 96801.79351606853 96735.452123645489 96844.736996535445 96564.173319156194
11410245 1 0 1 0 0 0 0 2 2 3 1 2 0 7 6 5 5 1 1 1 0 0 0 0 1 1 3 92698.857075454638 92113.551049326139 91521.794747498876 92596.915812566469
11410245 1 3 3 0 0 5 4 4 0 8 5 5 6 10 7 6 2 1 1 1 0 0 0 0 0 0 1 91312.288306689778 85670.814245614631 90913.235616376114 -1.0000000000000001e+300
11410245 1 2 0 0 1 0 1 3 4 8 7 5 4 9 11 6 4 1 2 1 0 0 0 0 2 2 3 87698.876630346815 87709.314569011956 82667.619741814677 87837.237855062471
11410246 1 2 0 6 0 0 6 3 3 2 3 4 3 0 4 1 2 1 3 1 0 0 0 0 4 2 2 92291.764128886818 93507.071905902456 91749.515842236418 92437.959019307105
11410246 1 8 8 7 6 5 5 4 3 2 3 0 0 3 2 0 0 1 1 1 0 0 0 0 1 0 1 90771.604178259819 90277.925034539338 -1.0000000000000001e+300 82965.546841729403
11410246 1 9 8 7 0 5 7 3 3 0 1 2 0 1 0 2 0 1 1 1 0 0 0 0 3 4 4 92417.383448464519 88500.979181726405 91433.442401934823 78975.315574557768
11410246 1 3 11 10 0 2 8 9 3 3 8 5 6 8 3 3 0 1 1 1 0 0 0 0 1 1 1 85039.01766313336 72436.70185011829 88418.534866512171 65144.85340988409
11410247 1 3 0 0 2 5 4 4 0 4 4 5 0 2 1 3 1 1 2 1 0 0 0 0 2 1 2 93948.289586322499 93792.211773617324 93803.924636445226 93968.734668922436
11410247 1 0 0 0 2 6 5 1 3 7 5 2 0 2 6 1 0 1 4 1 0 0 0 0 4 3 3 89214.466676548647 89314.855478475118 90559.665482764205 90148.457957150807
11410247 1 4 6 7 9 2 3 5 7 1 2 3 4 0 0 3 1 3 4 0.33333333333333331 5 0.33333333333333331 6 0.33333333333333331 4 4 3 91095.245315350796 90467.230798949022 90771.709248819519 90262.971843547188
11410247 1 1 3 0 0 2 5 4 1 11 6 5 2 9 6 5 4 1 3 1 0 0 0 0 2 2 2 -1.0000000000000001e+300 86598.741700823084 80883.065990589355 86783.957011430539
11410248 1 5 3 3 0 3 5 4 0 1 2 2 1 0 0 0 1 1 2 1 0 0 0 0 0 0 0 95307.62085432421 95287.786361758554 95361.639499240438 95026.187953848348
11410248 1 5 5 3 3 8 1 0 0 0 2 2 2 0 0 1 0 1 3 1 0 0 0 0 2 1 1 90084.589401524223 87819.403240488449 90743.524415950989 90049.352193764833
11410248 1 4 0 2 0 7 1 2 3 9 4 0 1 10 5 4 3 1 2 1 0 0 0 0 4 3 4 89126.043858043107 78427.752075086421 88941.680732658599 89013.944809469729
11410248 1 10 9 7 1 11 6 5 2 7 4 3 0 3 3 3 2 1 2 1 0 0 0 0 3 1 2 91176.214194255983 96213.658812574315 92337.127645375585 92465.628321398282
11410249 1 4 5 6 4 2 4 5 3 0 0 4 3 3 3 0 2 1 1 1 0 0 0 0 2 1 1 91666.624648316036 92059.828569937628 92392.829976452704 91851.009508741394
11410249 1 7 7 4 0 8 4 4 1 6 3 3 1 4 1 5 3 1 2 1 0 0 0 0 0 2 0 91741.24290642183 76804.981698082483 90981.798710781964 86922.868292629035
11410249 1 10 8 1 1 8 5 5 2 5 3 2 0 4 1 2 3 1 1 1 0 0 0 0 0 1 2 89972.151030802095 85043.993602030285 88666.781593855732 88719.497084158473
11410249 1 2 2 11 8 0 6 6 5 0 4 6 5 0 3 3 4 1 2 1 0 0 0 0 4 1 4 75985.562994095395 79557.058685737939 79981.683916598908 74526.919363573907
11410250 1 4 3 3 1 4 5 1 0 4 6 3 2 4 3 0 0 1 1 1 0 0 0 0 2 4 3 92638.271581013993 92542.523536334062 92637.474626572031 92653.527766221829
11410250 1 0 2 0 7 3 3 6 6 0 4 4 4 0 4 2 1 1 2 1 0 0 0 0 4 2 3 90553.334622704497 90238.179602967677 90386.565937565989 89935.18761137301
11410250 1 3 0 4 3 1 4 7 0 1 4 7 8 4 6 8 10 1 2 1 0 0 0 0 0 1 0 85874.166543012529 88124.019583985384 72699.252350515613 87575.698491911971
11410250 1 0 1 0 0 2 2 0 0 7 5 3 1 8 11 7 4 1 2 1 0 0 0 0 2 1 3 83187.477314275195 82972.102497747372 76173.360451732966 83128.486469745825
11410251 1 2 0 2 4 0 1 4 1 0 0 0 2 0 0 0 3 1 1 1 0 0 0 0 0 0 0 97336.390410110995 96900.408937502376 96880.629595686682 96950.308512264426
11410251 1 7 8 7 4 6 4 3 3 4 3 0 0 3 0 3 0 2 4 0.5 5 0.5 0 0 1 1 0 92290.805471802392 92131.594341829768 92281.602347396256 87173.150102655534
11410251 1 9 8 6 6 3 3 5 5 0 1 3 1 0 0 3 0 1 2 1 0 0 0 0 1 2 1 90717.709092799254 88837.666087015648 91072.14063418009 82114.059809713712
11410251 1 4 2 0 3 5 3 3 2 11 6 1 1 10 8 5 2 1 3 1 0 0 0 0 2 1 0 89667.735161360557 87010.776706583507 87270.385610730154 89075.904070188102
11410252 1 0 3 6 5 3 4 4 6 0 0 3 2 0 0 1 1 1 3 1 0 0 0 0 1 2 1 92242.256342796813 92290.978856952075 92259.366067012132 92426.881934533871
11410252 1 0 1 3 5 1 3 4 7 2 3 5 8 0 3 4 5 1 2 1 0 0 0 0 2 2 2 87212.589430239357 -1.0000000000000001e+300 88921.048449054098 89891.958382427489
11410252 1 7 8 9 10 3 4 4 3 0 3 1 4 0 2 0 0 3 4 0.5 5 0.25 6 0.25 1 1 1 88956.16265115788 90415.07571531109 -1.0000000000000001e+300 79091.534670525216
11410252 1 4 3 0 2 5 5 1 0 11 6 5 3 9 7 6 5 1 3 1 0 0 0 0 3 3 1 86996.51953543679 86173.87735959416 86915.456781390254 86928.285797569741
11410253 1 0 2 3 3 4 0 6 4 3 4 4 4 0 0 2 3 1 1 1 0 0 0 0 1 0 0 92506.874178162325 93815.980201891914 92736.235610231932 93526.251415676539
11410253 1 0 0 0 1 0 0 1 3 2 3 4 5 4 6 8 7 1 2 1 0 0 0 0 0 0 0 91646.781200287951 -1.0000000000000001e+300 83709.598681746356 -1.0000000000000001e+300
11410253 1 2 2 2 0 0 0 4 3 7 6 5 2 6 8 9 10 1 1 1 0 0 0 0 3 0 1 89494.965469699237 89351.417650335687 68952.560708622899 89047.727945193634
11410253 1 3 2 0 3 6 4 1 0 8 6 5 3 9 11 7 4 1 2 1 0 0 0 0 4 3 4 86705.646993683811 84711.157223447779 85235.322281590576 87349.831109317718
11410254 1 0 3 1 1 0 0 5 2 2 0 3 3 0 0 3 2 1 1 1 0 0 0 0 2 2 3 96389.977598601457 96781.388765372918 96565.090043433753 96120.78968262198
11410254 1 6 4 4 1 7 6 3 2 6 3 0 0 5 1 3 0 1 3 1 0 0 0 0 2 3 0 89173.392874927464 87492.722429054746 89619.166650456347 89779.049195145955
11410254 1 1 0 1 0 4 2 2 1 5 4 3 0 10 8 7 4 1 2 1 0 0 0 0 2 2 4 89005.372710803669 88845.545949670093 81736.552758470993 89215.056455610073
11410254 1 0 0 1 1 3 2 5 3 1 4 6 3 5 7 11 10 1 2 1 0 0 0 0 1 2 3 82718.093763390687 -1.0000000000000001e+300 72210.025532392436 83211.501637767215
11410255 1 3 1 3 0 0 1 2 0 0 3 0 3 3 4 4 0 1 2 1 0 0 0 0 3 3 2 96361.583888496898 96825.763892913121 96194.641848535757 96423.044946893453
11410255 1 5 8 5 3 3 4 4 5 3 2 0 1 3 0 0 0 1 1 1 0 0 0 0 0 1 2 90482.020853129419 89548.306641026444 91320.358298143343 86579.414526067179
11410255 1 9 7 6 2 6 3 2 0 5 1 1 1 4 3 2 3 1 3 1 0 0 0 0 4 4 3 -1.0000000000000001e+300 86388.258743221319 91343.995158589067 87831.339515996442
11410255 1 4 4 0 2 8 5 4 1 11 7 6 2 10 8 3 2 1 1 1 0 0 0 0 2 1 3 85485.553483168391 87571.003294022506 84686.780127259495 84859.052861415665
11410256 1 1 3 0 0 3 4 0 0 1 3 5 4 2 4 4 3 1 3 1 0 0 0 0 3 4 2 94331.759937024413 94073.70984078238 93828.304151810604 94013.296029461751
11410256 1 6 4 2 1 8 6 5 0 7 5 3 0 5 4 3 0 1 3 1 0 0 0 0 4 4 2 90125.122665739094 86523.270086467179 87564.884064053243 90495.718036810751
11410256 1 3 3 1 0 5 4 4 3 8 6 5 1 10 7 6 2 3 5 0.25 6 0.25 7 0.5 2 3 3 87048.590373199419 90647.596288178494 89158.673427859176 88156.133940529064
11410256 1 3 0 3 2 0 1 1 6 1 6 5 8 4 3 11 10 1 2 1 0 0 0 0 0 1 0 79764.250696587085 82699.818611093855 73275.061294775951 80836.639268126848
11410257 1 3 3 1 0 5 5 2 2 6 3 3 1 4 0 3 0 1 2 1 0 0 0 0 4 3 3 92690.98156881117 92610.962364070263 93220.327529511618 92833.949909907198
11410257 1 1 0 0 0 2 3 1 3 5 4 4 2 5 6 8 7 1 1 1 0 0 0 0 3 4 4 91309.093835850916 91237.712388876564 86200.976256487949 90360.986005756989
11410257 1 4 1 3 0 7 7 3 1 9 3 4 2 10 1 0 0 1 3 1 0 0 0 0 2 4 1 87993.115777046434 78890.738978064954 88804.414840474215 88608.524546810382
11410257 1 4 3 0 1 5 4 0 0 11 5 4 2 10 9 7 5 1 2 1 0 0 0 0 1 0 1 91847.368210771383 91499.283810274123 87337.13781583638 91507.820321728956
11410258 1 0 4 5 2 0 4 3 1 0 2 2 4 1 4 0 0 1 1 1 0 0 0 0 0 0 0 95262.523784246761 95601.450773085002 95695.806336829948 95384.154096243888
11410258 1 3 6 8 6 0 2 4 5 1 2 3 5 1 0 0 0 1 1 1 0 0 0 0 1 2 2 89514.134513902332 91521.224081146996 91586.823782775566 88521.441149961087
11410258 1 5 7 8 9 4 7 3 0 3 4 0 0 3 0 3 1 1 1 1 0 0 0 0 1 3 3 90975.531014662178 90118.291801910193 91306.300416937622 87842.886263997701
11410258 1 5 8 11 9 3 5 6 8 0 3 4 4 0 1 2 3 1 2 1 0 0 0 0 4 3 4 82442.657528204756 81930.165984223582 -1.0000000000000001e+300 83776.173910170721
11410259 1 2 1 3 0 4 4 5 3 1 5 2 3 0 3 3 0 1 2 1 0 0 0 0 3 2 2 92943.169586070624 93979.156539779084 93334.290387653164 93070.774714844563
11410259 1 0 0 0 3 2 4 1 1 0 0 6 2 8 7 6 3 1 2 1 0 0 0 0 4 3 4 89420.570852848701 -1.0000000000000001e+300 87345.755206745816 88926.194092054386
11410259 1 5 3 3 1 7 6 3 3 8 4 0 2 9 0 0 1 1 2 1 0 0 0 0 1 1 3 91141.434250634062 80673.31924851943 90112.120765678774 91113.204516639016
11410259 1 10 9 3 4 11 8 6 3 3 4 0 6 2 1 3 3 1 2 1 0 0 0 0 3 2 1 86860.205286859607 85244.436694101896 85425.107143463552 84911.563935234371
11410260 1 1 2 1 3 0 5 3 0 0 1 3 0 2 3 2 4 1 2 1 0 0 0 0 2 1 1 95521.871928485823 96147.484544627441 95873.950015011374 96064.780934567432
11410260 1 0 2 3 3 0 3 5 4 3 5 4 3 0 3 7 3 1 1 1 0 0 0 0 1 1 3 88086.104231354882 89744.813874082014 90715.370724504435 90207.165961880237
11410260 1 2 4 0 3 6 6 4 3 8 7 4 3 10 3 3 1 1 3 1 0 0 0 0 4 4 3 87298.309922878354 82515.060039552103 88415.084825740254 88107.017053882082
11410260 1 9 7 5 2 11 6 4 3 0 3 4 2 2 1 1 0 1 1 1 0 0 0 0 3 3 4 86492.986733211379 86372.120302804309 86536.689439209906 84136.865540366562
11410261 1 0 4 3 0 3 3 3 2 4 5 4 3 3 3 0 0 1 3 1 0 0 0 0 4 3 2 94519.577570500202 93878.311208778934 94669.570148240382 94830.034520211047
11410261 1 0 0 0 3 0 1 1 0 5 5 1 2 3 6 7 3 1 2 1 0 0 0 0 0 1 2 91319.98724078208 91565.600077629468 90025.806932892185 91615.261533581957
11410261 1 1 1 2 3 3 1 0 0 7 5 4 2 9 8 6 5 1 2 1 0 0 0 0 2 2 3 88978.067223525301 89784.125739890325 81631.809161320038 90168.947149985004
11410261 1 0 0 2 2 0 2 4 3 3 4 6 9 1 5 11 10 1 1 1 0 0 0 0 3 2 1 90487.873774069943 -1.0000000000000001e+300 87311.167945693247 -1.0000000000000001e+300
11410262 1 0 1 4 4 0 5 3 1 5 2 3 2 2 0 2 0 1 3 1 0 0 0 0 4 2 3 93803.659063467872 93988.57625212727 93834.441262075197 93865.979687642655
11410262 1 7 8 7 5 6 7 4 3 5 4 4 3 2 2 1 0 1 1 1 0 0 0 0 0 0 0 88954.852693512585 87894.123138360796 86423.772013483424 83131.281812277521
11410262 1 9 8 7 4 4 5 4 3 0 3 3 3 1 0 0 0 1 2 1 0 0 0 0 1 1 2 90795.796638799162 91046.163810035112 90981.346948497972 81292.175452335068
11410262 1 3 11 7 6 2 3 4 0 2 3 3 0 0 1 0 4 1 1 1 0 0 0 0 0 0 0 81554.562392527398 83575.912165348665 83706.05220585913 81174.877840266723
11410263 1 0 0 0 1 2 0 2 3 0 3 6 4 0 3 4 5 1 2 1 0 0 0 0 3 1 1 94556.887361126152 94617.01275298596 94343.405422363896 94851.432567679876
11410263 1 0 0 2 3 3 1 1 6 0 3 4 8 0 0 3 4 1 2 1 0 0 0 0 0 0 0 87981.80705110752 -1.0000000000000001e+300 89944.775722513848 90474.264642429378
11410263 1 3 8 9 10 0 1 8 5 0 5 3 3 2 1 2 3 1 1 1 0 0 0 0 0 1 1 90871.471959161267 92853.369886894492 91353.968545590265 81364.341795312663
11410263 1 0 1 2 0 0 0 3 4 4 3 8 11 5 7 7 10 1 1 1 0 0 0 0 0 1 0 84713.972944343128 91803.633249174803 79169.850123034776 91226.189046912448
11410264 1 2 3 1 3 3 0 0 0 4 1 1 0 3 2 0 2 1 2 1 0 0 0 0 3 2 4 96667.75849181044 96433.038196516616 96488.647404417585 96733.941864958499
11410264 1 6 8 6 4 6 4 1 1 3 4 2 2 1 3 0 0 1 3 1 0 0 0 0 3 4 3 -1.0000000000000001e+300 91381.832122365886 91449.844611835026 86336.92767795414
11410264 1 9 8 4 3 7 5 4 2 6 6 1 0 4 3 0 0 3 4 0.33333333333333331 5 0.33333333333333331 6 0.33333333333333331 1 1 2 90129.581525637783 88710.960645811152 90968.524391760424 91382.546982522661
11410264 1 10 9 7 6 11 8 6 1 0 4 4 2 3 3 3 2 1 3 1 0 0 0 0 2 1 1 97515.427343458272 96459.640957746116 97143.282986755512 97528.097837212379
11410265 0 5 4 3 0 4 6 3 0 0 3 0 2 0 1 0 0 1 1 1 0 0 0 0 2 3 1 94941.707668989242 94476.305307571092 94433.257596375217 93860.471728223332
11410265 0 0 0 4 1 4 3 4 0 3 5 0 0 6 7 5 4 1 1 1 0 0 0 0 1 3 1 90101.735932364551 89699.973729999314 89599.283390113647 90345.226585788245
11410265 0 5 4 3 1 7 7 3 1 8 5 0 0 9 3 0 0 1 2 1 0 0 0 0 2 3 3 91889.883163520892 85212.351894289808 91308.730475999022 90922.937148974568
11410265 0 3 11 8 7 0 3 4 4 0 1 0 0 0 2 0 0 1 3 1 0 0 0 0 0 0 0 85148.672543482506 85396.608165068828 85364.234040678959 81783.14909813767
11410265 0 0 4 1 10 2 3 11 9 2 6 7 6 2 4 5 3 1 3 1 0 0 0 0 3 1 1 3 -1.0000000000000001e+300 3 -1.0000000000000001e+300
11410266 1 3 2 4 2 3 4 3 1 0 5 5 3 0 3 0 1 1 1 1 0 0 0 0 2 3 2 93143.322873327459 93319.376679110137 94029.361255895521 93678.300726467336
11410266 1 4 5 3 1 7 3 2 3 8 2 0 0 4 1 0 0 1 3 1 0 0 0 0 1 1 3 -1.0000000000000001e+300 82690.7724895828 89462.893292466688 89134.960227472591
11410266 1 10 8 6 0 7 5 0 0 3 3 2 0 3 1 0 3 1 1 1 0 0 0 0 3 4 3 90075.164438657899 85264.069089489756 89886.098734780899 79383.037347247853
11410266 1 9 7 5 10 11 8 3 1 7 3 0 0 5 1 2 2 1 3 1 0 0 0 0 1 1 2 63550.024051039945 64017.664819324476 67334.171737973084 63763.324808863967
11410267 1 2 0 0 0 3 0 0 0 1 0 1 3 4 2 1 3 1 2 1 0 0 0 0 0 0 0 97157.659087970998 97351.351595942804 97739.194390776815 97818.284590056443
11410267 1 3 3 0 0 7 1 2 0 6 5 0 0 1 5 0 2 1 1 1 0 0 0 0 1 2 2 92092.420892726499 91998.417941131367 92940.547009822723 92056.180080693492
11410267 1 3 3 0 0 2 1 0 0 4 5 2 0 9 7 5 3 1 1 1 0 0 0 0 3 3 2 90902.2596588663 90953.463034870525 89592.170041975507 -1.0000000000000001e+300
11410267 1 5 0 3 0 3 5 0 2 11 6 1 0 11 4 1 0 1 2 1 0 0 0 0 1 1 1 91187.240328132641 90725.922695874528 91549.896762081451 91624.750964819323
11410268 1 4 4 1 2 5 2 1 3 0 3 0 0 3 1 0 0 1 2 1 0 0 0 0 1 1 1 95456.361227600661 95358.95640940468 96103.480553309113 95461.531974972764
11410268 1 3 3 1 0 7 4 0 0 6 5 3 2 5 0 0 3 1 2 1 0 0 0 0 3 2 2 91952.937304802079 91543.578594740611 91485.015728192287 91695.720486271632
11410268 1 6 8 9 10 6 7 6 4 0 5 2 1 5 3 2 1 1 3 1 0 0 0 0 2 2 2 91106.177872398664 91145.724380735934 92561.086739137289 92006.396819941583
11410268 1 0 1 1 1 5 4 5 3 11 6 4 3 9 8 6 4 1 2 1 0 0 0 0 1 3 0 85843.657775496089 -1.0000000000000001e+300 77994.091284772207 87278.372627573219
11410269 1 0 0 6 6 3 3 3 1 0 1 1 3 0 0 0 2 1 2 1 0 0 0 0 0 1 1 95039.330069171061 93635.05941900445 95330.028878688812 94325.677076498672
11410269 1 7 4 3 3 8 4 2 3 6 3 4 1 3 4 2 0 1 1 1 0 0 0 0 1 1 0 90690.592416655156 88175.710888244561 90869.779709462979 89058.376331612089
11410269 1 10 8 6 4 7 4 2 0 5 3 2 2 3 0 1 1 1 1 1 0 0 0 0 0 0 1 88626.295732521947 86409.79556815821 89373.012620842608 82361.93192618672
11410269 1 10 9 3 8 11 8 6 3 6 7 4 3 1 0 3 3 1 3 1 0 0 0 0 0 1 1 69911.186015275802 66686.885800864082 67466.639347283432 47486.964541613415
11410270 1 0 1 0 3 2 4 0 3 2 1 3 0 1 3 2 0 1 3 1 0 0 0 0 4 4 2 96774.408209931411 96731.163095089534 96743.831973279361 96809.239676623882
11410270 1 3 1 2 7 2 3 4 8 0 1 2 6 0 2 3 4 1 3 1 0 0 0 0 3 1 1 87242.429184018591 91277.549638310767 90542.365479931337 90592.49570307869
11410270 1 0 0 0 3 2 2 0 0 1 3 0 1 3 8 9 3 1 3 1 0 0 0 0 4 4 3 85667.560311275112 85737.639554174646 84557.553969421104 85869.092954498454
11410270 1 2 2 1 0 6 3 0 0 11 5 3 4 9 3 1 1 1 2 1 0 0 0 0 3 3 3 82498.68391346588 80192.834779003868 83872.933451470279 82823.412537423632
11410271 1 0 2 2 0 2 0 3 1 3 1 5 2 2 1 2 0 1 3 1 0 0 0 0 3 0 3 96093.83766047821 96094.234091617443 96130.585397162256 96445.904464276624
11410271 1 2 1 3 4 0 3 7 6 0 0 0 5 0 0 5 2 1 1 1 0 0 0 0 2 2 2 90356.49657553366 91607.600446060766 91559.746662951075 90299.496149869592
11410271 1 3 2 8 9 3 3 6 8 0 3 3 7 0 0 2 3 1 1 1 0 0 0 0 3 2 2 84512.212860016196 89679.320190216997 88472.769699430413 89931.368841237709
11410271 1 0 0 2 5 3 0 3 11 0 0 6 6 0 1 1 4 1 2 1 0 0 0 0 1 1 3 79863.853165931025 82380.5593222389 81840.932653823606 81068.048320852016
11410272 1 3 0 5 1 0 4 2 2 0 0 1 3 0 4 4 1 1 2 1 0 0 0 0 0 0 1 95689.450199780636 95763.045863045583 95700.394386444546 95460.198729634285
11410272 1 1 3 3 4 0 0 4 6 0 3 5 8 0 3 5 7 1 3 1 0 0 0 0 0 1 2 88741.61826519022 91244.218070851246 91401.370748496556 91495.363401673327
11410272 1 0 3 0 3 3 2 4 4 1 4 6 8 3 4 5 9 1 2 1 0 0 0 0 4 3 3 89695.941807729818 90264.133656117454 89119.716314527017 90961.758644693458
11410272 1 7 8 11 4 6 4 3 0 5 3 3 0 3 0 2 1 1 1 1 0 0 0 0 2 3 4 85727.703597858897 83372.39573959366 85655.682765799036 78253.999850462846
11410273 1 5 4 1 3 4 6 3 0 3 1 0 0 3 0 0 0 1 1 1 0 0 0 0 0 3 1 -1.0000000000000001e+300 93882.769382069513 93273.062879615347 94421.009673933178
11410273 1 1 3 1 4 0 3 6 6 0 1 5 7 0 2 0 5 1 2 1 0 0 0 0 1 2 2 88175.892120133489 89517.057282269874 90208.980362239789 90989.286146564875
11410273 1 0 0 3 3 1 3 4 5 0 1 5 7 4 6 7 10 1 3 1 0 0 0 0 1 3 1 88013.993152189738 88822.83617232689 85859.151353547844 88730.941521615299
11410273 1 1 4 2 0 2 5 0 1 3 5 7 6 6 8 11 10 1 2 1 0 0 0 0 1 0 0 81916.608555605548 79561.655520849861 74737.001951711223 82714.707738424011
11410274 1 1 2 5 1 0 4 4 2 1 3 1 5 0 0 0 2 1 3 1 0 0 0 0 3 4 3 94854.770440210006 94776.015704871097 94019.720959861181 94482.436348813557
11410274 1 1 4 6 7 0 1 2 8 0 2 3 6 0 1 0 4 1 1 1 0 0 0 0 0 2 1 83691.486402547642 91830.092583884834 90120.823779990242 91408.267952890004
11410274 1 1 5 8 10 0 1 4 8 0 0 2 5 3 0 2 3 1 2 1 0 0 0 0 3 2 3 88097.956381113603 88490.047321343343 88815.474749685614 88891.948846946165
11410274 1 10 11 7 5 9 7 5 3 7 5 2 1 5 3 3 2 1 1 1 0 0 0 0 1 1 0 92191.013317069926 89795.21027087525 93337.522454977458 90401.578460528995
11410275 1 3 4 3 3 2 1 5 4 0 2 4 3 0 1 0 0 1 1 1 0 0 0 0 3 4 4 94777.83653724895 94926.474911994956 94955.108953001996 94586.806581204932
11410275 1 7 1 2 3 8 6 0 2 7 5 2 0 1 3 3 0 1 1 1 0 0 0 0 3 3 3 87878.604696757859 81015.61038100571 86775.766338936577 86529.087214497995
11410275 1 10 9 7 6 3 4 5 0 2 3 3 0 0 0 1 2 1 3 1 0 0 0 0 1 0 0 90244.043940681237 90044.658455929035 90078.891823251732 78995.127488435784
11410275 1 5 1 1 0 11 3 1 2 8 5 5 1 7 6 0 2 1 3 1 0 0 0 0 1 3 3 86422.440654482038 81881.141760053753 86006.200456607505 84703.064946147875
11410276 1 4 5 4 4 4 6 5 2 0 0 3 0 1 0 0 0 1 3 1 0 0 0 0 3 3 2 94024.738078003837 92501.864132536473 93250.223551765332 92173.781799024757
11410276 1 0 0 3 3 2 3 3 5 0 2 5 8 0 1 3 5 1 3 1 0 0 0 0 4 3 3 88264.886947045583 90244.283334079679 90605.14081731542 90469.665275368185
11410276 1 2 6 8 10 0 6 6 8 0 3 4 5 2 2 4 4 1 3 1 0 0 0 0 4 1 2 87108.51096204418 86239.041468268144 89292.87045826338 85687.749407498777
11410276 1 3 10 11 3 6 7 8 0 5 5 2 1 3 1 3 0 1 1 1 0 0 0 0 1 3 2 78398.434278966481 72708.222741063393 77116.820177189991 76895.648736160132
11410277 1 1 3 1 0 4 2 0 0 1 2 0 2 1 3 2 0 1 1 1 0 0 0 0 3 4 4 96969.492293837582 96750.052767399582 96888.353197456134 97186.190786740262
11410277 1 3 3 0 2 0 4 3 3 5 6 4 3 6 8 6 4 1 1 1 0 0 0 0 1 1 3 90360.569720495303 88777.805237171226 87085.977151199957 89713.056809500471
11410277 1 0 1 2 0 0 4 4 0 7 5 1 3 9 8 7 4 1 2 1 0 0 0 0 1 1 0 90823.573596772098 90306.9212539242 81940.353739630489 -1.0000000000000001e+300
11410277 1 2 0 0 2 0 1 2 2 8 6 4 1 10 11 8 4 1 3 1 0 0 0 0 4 2 3 84842.857017077476 86067.774629990017 72638.219115915053 85654.240473177982
11410278 1 0 1 0 3 1 5 4 4 0 2 4 3 0 1 0 5 1 2 1 0 0 0 0 1 2 4 93392.24921413009 93815.593718190677 94047.271472907349 94561.036789384452
11410278 1 5 3 0 0 7 4 1 0 6 4 3 2 2 0 1 1 1 4 1 0 0 0 0 1 2 2 90360.111813599753 90764.646847728931 91025.523273129846 90008.689379983523
11410278 1 4 8 9 10 2 3 4 6 1 3 4 2 0 0 0 1 1 2 1 0 0 0 0 1 0 1 90201.307649808528 -1.0000000000000001e+300 90372.051502711576 76008.326247474964
11410278 1 4 5 10 11 2 3 5 5 1 1 2 4 2 0 0 0 1 1 1 0 0 0 0 0 0 0 77921.117722037976 79164.934597727595 78595.093696193886 76387.440625220624
11410279 1 2 4 5 3 3 3 6 0 4 2 1 0 2 0 0 0 1 3 1 0 0 0 0 2 0 1 93582.529203467901 93596.98691075528 -1.0000000000000001e+300 93665.080381976222
11410279 1 7 3 2 1 8 4 1 0 7 4 3 2 4 3 0 0 1 3 1 0 0 0 0 3 3 3 91919.778849590424 86126.066106949918 91601.956529206989 91682.755824537482
11410279 1 10 9 8 5 3 5 7 4 0 4 4 0 0 2 0 0 1 1 1 0 0 0 0 3 3 3 89244.574954085372 89279.712263428926 -1.0000000000000001e+300 72021.443711266635
11410279 1 1 0 11 9 1 5 5 6 2 4 4 4 0 1 1 2 1 3 1 0 0 0 0 0 2 3 81482.239207519495 85994.754645257432 86628.145598742616 86087.391483371801
11410280 0 0 4 6 6 0 0 4 3 1 1 2 2 0 1 2 0 1 3 1 0 0 0 0 4 4 3 93377.721172012563 93726.214425430982 92653.587943343446 92773.597696411322
11410280 0 0 3 5 6 0 4 6 8 2 2 4 7 3 0 2 5 1 1 1 0 0 0 0 3 1 2 77617.614905392416 89030.589699177843 89406.966449427098 88295.549370156557
11410280 0 2 5 8 9 1 1 2 8 0 1 4 4 0 2 0 3 1 1 1 0 0 0 0 1 2 4 91163.042225475205 91998.968453583715 91933.355495154741 90639.313394672179
11410280 0 5 11 6 4 0 4 6 0 3 2 1 2 0 2 0 2 1 1 1 0 0 0 0 3 1 2 82429.849484319158 81444.084390826989 83035.999183366366 79486.302279471725
11410280 0 10 11 5 3 9 8 10 6 5 7 4 3 1 6 4 1 1 1 1 0 0 0 0 0 3 3 -1.0000000000000001e+300 -1.0000000000000001e+300 9 9
11410281 1 3 1 2 2 0 0 4 0 0 2 2 0 1 3 4 1 1 1 1 0 0 0 0 3 3 3 96781.061916738385 96924.259630833127 96563.777494517373 96762.427247180603
11410281 1 4 4 0 2 6 5 0 0 8 3 2 2 6 3 0 0 1 2 1 0 0 0 0 4 0 2 90184.952106254117 85117.16214913415 90749.147335863861 90644.933063510674
11410281 1 9 6 0 0 7 4 3 1 5 0 0 1 4 2 0 0 3 4 0.33333333333333331 5 0.33333333333333331 6 0.33333333333333331 1 2 4 89780.883694889359 87504.089582044297 88816.393217229037 91258.761051247289
11410281 1 10 11 6 3 8 6 4 3 0 0 2 4 8 3 1 3 1 1 1 0 0 0 0 1 2 3 91895.680954174532 -1.0000000000000001e+300 91775.779990965908 78776.249709655429
11410282 1 1 2 1 2 1 4 1 3 3 0 2 0 0 0 2 0 1 2 1 0 0 0 0 4 3 4 96875.645137685395 97171.242881682745 96791.269490731851 97064.854474955864
11410282 1 3 2 1 3 1 3 4 6 3 2 6 7 0 1 0 1 1 2 1 0 0 0 0 2 3 4 90350.322217036199 90011.879319606523 90360.180570405952 89534.493139961691
11410282 1 9 7 6 4 7 5 4 0 3 1 4 1 0 0 2 0 1 2 1 0 0 0 0 3 3 4 91364.489200355485 91034.382813989971 91367.501167627226 85822.288961413025
11410282 1 3 3 11 10 0 3 5 7 3 5 6 4 0 2 4 1 1 3 1 0 0 0 0 2 2 2 75434.667514787856 85459.636372400855 87892.450480507614 86267.058448900585
11410283 1 0 0 0 1 1 5 3 0 4 5 4 3 0 2 1 4 1 1 1 0 0 0 0 1 4 3 93608.673616098036 93488.849460814672 93643.97743844986 93295.543316400552
11410283 1 4 6 5 4 6 5 3 0 8 6 0 3 6 3 0 1 1 2 1 0 0 0 0 3 3 3 87816.851323841605 83606.701126100554 88457.434626232542 87699.395613180866
11410283 1 4 2 6 0 6 4 0 2 7 6 5 0 9 8 6 1 1 1 1 0 0 0 0 3 3 3 83962.168528081282 81500.598042539452 83279.518739311519 92120.245940600478
11410283 1 2 6 2 0 5 6 8 1 3 6 8 9 1 3 11 10 1 3 1 0 0 0 0 2 2 1 -1.0000000000000001e+300 92274.633032173399 94331.468238713278 95686.453804421079
11410284 1 0 2 1 2 1 2 4 2 1 4 1 3 0 2 0 0 1 3 1 0 0 0 0 3 2 3 96402.360760882424 96294.441213270955 96421.128284499762 96317.808301305471
11410284 1 4 0 3 0 6 3 3 0 8 5 4 1 7 6 4 0 1 2 1 0 0 0 0 3 3 1 92139.211495517055 86122.322926541339 90468.998767825615 91567.082158971345
11410284 1 3 0 2 0 6 3 3 0 8 4 3 3 10 8 6 5 1 1 1 0 0 0 0 1 1 1 90441.507118104782 90584.850869342845 89298.805290800301 90234.612685210202
11410284 1 0 2 3 3 3 5 6 4 11 8 5 2 10 8 4 3 1 1 1 0 0 0 0 3 2 2 88575.945498004832 88582.172537239428 60058.922118678383 89357.104954308161
11410285 1 5 3 4 0 4 3 3 3 2 3 5 0 1 2 3 0 1 2 1 0 0 0 0 4 2 1 94151.710422266086 94048.891784352585 93816.323937853376 94116.212207888369
11410285 1 0 1 0 2 3 3 0 0 4 4 4 1 4 6 8 4 1 3 1 0 0 0 0 2 3 3 90100.335815102677 89598.947599213003 87113.666764015303 89635.438312160841
11410285 1 0 1 0 3 1 0 0 5 0 3 5 6 2 5 6 10 1 3 1 0 0 0 0 2 3 1 88423.774081564872 88325.062042086211 88520.284723943405 88904.691006640584
11410285 1 0 0 3 0 1 1 5 3 9 8 5 1 10 11 4 3 1 2 1 0 0 0 0 1 3 1 88320.206512382647 88669.1823201855 75762.472362958331 88252.522461799177
11410286 1 2 1 1 3 3 3 2 3 2 1 3 0 2 5 0 0 1 1 1 0 0 0 0 2 2 1 96239.157517439351 96304.811762791214 96301.649075429974 96111.473728815719
11410286 1 2 6 8 5 1 3 4 5 2 0 3 0 2 3 0 3 1 3 1 0 0 0 0 3 1 1 90989.055220933456 90755.894755925096 91220.750866990929 88125.781665496805
11410286 1 10 8 6 5 8 6 5 3 4 3 0 3 1 2 0 0 1 2 1 0 0 0 0 1 0 1 89646.886273373442 89576.974905330397 89410.371231466183 86866.500251063728
11410286 1 2 7 11 9 1 4 7 8 0 4 3 4 0 0 3 2 1 1 1 0 0 0 0 0 0 0 87715.073019376665 -1.0000000000000001e+300 88381.81173564888 85174.572889410469
11410287 1 5 2 1 0 3 1 3 0 4 2 0 2 1 1 3 0 1 1 1 0 0 0 0 0 2 2 96211.471348338644 95852.152354549471 96298.992068585052 96295.078884077651
11410287 1 7 3 0 3 8 4 4 2 6 5 3 3 4 4 4 0 1 1 1 0 0 0 0 1 1 2 91367.802426429698 85957.245130140858 88453.089663539417 91350.401186746298
11410287 1 4 0 0 2 7 3 1 3 8 7 0 0 10 8 6 3 1 2 1 0 0 0 0 2 1 0 90426.080167344422 82299.70661093056 90453.317160706094 90361.727937014977
11410287 1 0 0 1 2 4 3 1 0 11 3 0 0 10 5 4 2 1 3 1 0 0 0 0 0 0 1 88170.390100936755 83400.30144310194 85684.553561879817 88239.133928253214
11410288 1 1 0 0 0 3 3 3 2 3 1 1 2 4 3 0 0 1 2 1 0 0 0 0 2 2 4 96346.464616643061 96729.807647222566 96169.961981544897 96303.165370499642
11410288 1 4 4 3 2 7 5 2 3 6 0 0 0 2 3 0 0 1 1 1 0 0 0 0 3 1 1 91854.897491679963 91072.119224805268 90817.759721242255 90845.558448187832
11410288 1 9 8 5 4 8 6 4 1 6 5 3 0 4 0 3 3 1 2 1 0 0 0 0 0 0 2 91072.464007513365 88574.709654150851 90071.608115489857 89462.951892406039
11410288 1 3 4 11 9 2 4 8 6 1 3 4 4 0 1 1 0 1 2 1 0 0 0 0 0 1 1 78373.017861629283 79229.620770434412 79246.674365234503 73007.452973431689
11410289 1 3 5 6 0 3 5 6 0 3 4 1 0 1 0 3 2 1 2 1 0 0 0 0 0 0 0 92193.542492576598 91582.070002966298 92890.967910702981 91804.603097056854
11410289 1 4 3 3 5 8 4 3 0 7 3 3 0 3 0 1 0 1 2 1 0 0 0 0 3 3 4 90145.876793323856 86879.800438034057 88712.985152382636 87664.538572745907
11410289 1 0 0 1 0 0 0 0 1 3 1 3 5 10 9 9 2 3 5 0.25 6 0.25 7 0.5 2 4 3 89806.319778534686 89453.013229079777 90881.65608213807 86859.092626876503
11410289 1 8 6 3 0 11 4 1 2 5 0 0 3 3 3 0 0 1 2 1 0 0 0 0 3 2 2 84928.955902984118 81771.778014101423 84382.05878613019 83746.862054593235
11410290 1 0 0 4 3 2 3 5 3 1 1 2 5 0 3 0 0 1 1 1 0 0 0 0 3 4 4 94930.066537950494 95400.59457106734 94803.820191839579 94555.85642396305
11410290 1 2 0 0 0 3 2 1 2 4 5 6 3 6 8 7 5 1 2 1 0 0 0 0 4 1 3 90539.312573790943 88301.626621081494 75611.310973254338 -1.0000000000000001e+300
11410290 1 0 0 1 1 0 1 4 3 2 3 6 3 10 8 6 4 1 2 1 0 0 0 0 0 1 0 89756.750212185987 -1.0000000000000001e+300 79736.124100153014 89387.062028298533
11410290 1 2 1 0 2 5 3 3 1 7 8 5 3 9 11 7 4 1 1 1 0 0 0 0 0 1 2 80649.362571250735 78254.113529916853 75548.146986691281 80969.291294180279
11410291 1 1 4 4 0 2 5 3 0 3 3 2 1 2 1 0 0 1 2 1 0 0 0 0 1 0 1 95276.438313007355 96023.325511932373 95753.167546590179 95715.865736608146
11410291 1 6 8 6 3 0 3 5 5 3 3 0 3 3 0 0 0 1 3 1 0 0 0 0 4 4 3 90333.148177276627 90847.220331548189 91259.435744833871 88415.252754214671
11410291 1 9 7 6 3 0 0 6 1 3 0 1 2 0 2 1 4 1 3 1 0 0 0 0 0 1 0 90690.330816086251 90713.386832769233 91311.674714333989 87008.953396952755
11410291 1 4 6 10 4 0 4 5 11 1 2 3 3 3 0 1 2 1 2 1 0 0 0 0 4 3 3 73832.750516463508 74201.777704062755 66653.233292541889 69714.571240144825
11410292 1 0 0 3 1 3 1 2 3 0 0 3 0 0 2 0 2 1 3 1 0 0 0 0 1 0 0 96747.372231621703 96957.338857606592 96996.504151803485 96780.102101182551
11410292 1 4 6 8 6 3 5 5 5 0 1 3 0 0 0 2 0 1 1 1 0 0 0 0 2 3 0 90659.103501068297 91438.946509626519 -1.0000000000000001e+300 87313.019837760803
11410292 1 4 5 7 10 0 2 5 7 0 0 2 5 2 1 3 4 1 1 1 0 0 0 0 2 1 3 86712.057904883404 89532.516579255942 89393.489057749277 87331.357503802021
11410292 1 1 5 11 2 0 3 7 6 2 0 4 3 0 0 1 1 1 3 1 0 0 0 0 0 1 0 76091.07374175897 75123.746288369293 76136.815345847994 74432.30147390216
11410293 1 1 2 2 1 5 5 3 1 6 4 4 0 4 3 0 0 1 1 1 0 0 0 0 2 4 2 92011.07932197109 91564.144751145184 -1.0000000000000001e+300 93560.654872616127
11410293 1 3 3 4 0 7 5 0 3 5 6 2 0 5 1 0 0 1 3 1 0 0 0 0 4 4 3 91925.413617835729 90163.75911945499 90864.034039524369 90790.343954087512
11410293 1 2 1 0 0 4 3 0 0 7 7 2 3 9 8 7 0 1 1 1 0 0 0 0 0 0 0 90786.334008297039 88219.239412102717 90033.335620537095 92447.585507276191
11410293 1 4 3 0 0 7 3 0 0 11 4 1 0 4 3 3 2 1 2 1 0 0 0 0 2 1 1 83396.305457501308 81835.204364278907 83455.443669872373 83128.485003945156
11410294 1 0 0 0 1 0 4 2 3 3 0 2 3 0 3 3 1 1 1 1 0 0 0 0 3 4 3 96959.795993910229 96616.779089850854 96823.122309613653 97157.486020289958
11410294 1 7 7 3 0 8 4 3 4 6 3 3 0 5 1 2 0 1 3 1 0 0 0 0 0 0 0 91718.510041792819 86458.458674078691 91892.538272762467 91429.577256123986
11410294 1 10 8 5 4 7 3 5 3 0 0 2 3 0 0 0 2 1 1 1 0 0 0 0 3 2 3 90317.017721750832 -1.0000000000000001e+300 89290.357291815541 77984.876930440572
11410294 1 0 4 11 8 0 3 3 5 3 0 1 3 0 0 2 0 1 1 1 0 0 0 0 3 4 3 83771.03244968543 84282.952125246971 84748.48865685839 81449.583279304643
11410295 1 1 6 2 3 0 2 6 1 1 0 4 5 0 0 3 4 1 2 1 0 0 0 0 1 1 2 91640.818085576175 92523.175955454499 91417.145987157463 91412.143389959179
11410295 1 7 7 4 3 8 4 3 2 6 1 2 0 4 0 3 1 1 1 1 0 0 0 0 0 1 0 92095.576601337598 87237.088072856321 92074.370525390375 87325.99513523755
11410295 1 9 8 6 4 6 4 0 3 0 3 2 2 3 0 0 0 1 3 1 0 0 0 0 4 2 2 90487.695155026173 90205.074971462134 89974.962218072906 84145.980193841067
11410295 1 8 11 7 4 4 7 3 3 4 3 0 0 0 2 1 0 1 3 1 0 0 0 0 4 4 3 80863.902505122402 80595.48729359961 80340.784245340619 81087.489822004456
11410296 1 1 0 4 2 2 2 1 1 1 3 3 0 0 0 2 1 1 1 1 0 0 0 0 2 4 4 97073.726512289737 96532.535762944506 96836.738273832059 96753.047793589649
11410296 1 0 2 2 2 1 3 3 1 4 4 6 5 5 7 8 7 1 3 1 0 0 0 0 3 2 2 90809.59169549268 91060.387068080658 87324.166613261565 92008.65339071858
11410296 1 1 0 0 1 0 3 3 3 0 2 4 5 0 6 7 9 1 3 1 0 0 0 0 3 4 3 88378.68588788803 90683.972430391834 83449.244961384204 90784.346579694175
11410296 1 2 4 1 2 5 3 4 2 8 6 4 1 10 11 6 5 1 1 1 0 0 0 0 0 0 0 89584.663807691657 90132.839410591332 86428.102140501156 89655.42754098936
11410297 1 2 3 0 2 0 2 0 1 4 1 4 3 0 2 3 0 1 1 1 0 0 0 0 3 2 3 96395.424639900506 96600.256576391112 96226.593809935104 96028.691320744765
11410297 1 1 0 5 7 0 0 4 6 0 2 2 4 0 3 1 3 1 2 1 0 0 0 0 2 1 2 91402.393511174567 91345.809311307021 91437.662551595306 91167.150097150923
11410297 1 4 5 7 10 2 1 5 6 0 0 3 3 0 0 2 1 1 2 1 0 0 0 0 4 3 4 89025.30942550952 89047.070891082971 -1.0000000000000001e+300 89648.681328811479
11410297 1 9 11 8 6 6 8 3 2 4 4 3 0 1 1 2 0 1 1 1 0 0 0 0 0 1 1 78205.350359410164 73225.217432285659 75989.233500491027 75812.095644873974
11410298 1 3 0 0 0 2 3 1 0 3 3 5 2 6 3 4 1 1 3 1 0 0 0 0 2 2 0 92946.926384819875 93905.193504357056 94081.872024166732 94011.522281289101
11410298 1 0 2 0 0 4 1 0 1 4 3 2 0 6 8 6 4 1 3 1 0 0 0 0 2 2 2 91443.51809520564 91207.377766820529 87998.57573719215 91429.744796447631
11410298 1 1 0 3 0 0 4 3 4 0 3 7 0 10 9 7 5 1 1 1 0 0 0 0 2 4 3 89380.145980624715 89750.599732069517 78266.410905573692 90360.437464844901
11410298 1 0 0 1 3 2 1 5 8 3 5 6 7 2 3 10 11 1 3 1 0 0 0 0 3 3 3 75818.432940147817 73729.648124527521 78322.138239021384 -1.0000000000000001e+300
11410299 1 1 0 0 0 4 2 0 3 1 1 3 0 2 2 4 0 1 3 1 0 0 0 0 4 4 2 97082.550807112231 96874.96743651104 96524.756217782866 96741.273507572696
11410299 1 7 8 7 5 3 6 3 1 0 3 1 2 0 0 3 3 1 2 1 0 0 0 0 2 2 1 90755.7919830436 89762.049423227931 90907.038920994339 79616.751323134711
11410299 1 10 9 6 4 6 5 5 3 4 3 1 0 0 2 1 0 1 3 1 0 0 0 0 1 2 0 88416.877062685191 89364.434183868638 -1.0000000000000001e+300 80723.512146116787
11410299 1 1 7 11 9 2 4 6 8 1 4 5 6 3 0 3 5 1 3 1 0 0 0 0 3 4 2 87172.13419512831 89206.712145976257 87798.718646415131 87274.96869772597
11410300 1 2 1 2 3 5 4 3 1 1 4 5 2 0 2 4 3 1 3 1 0 0 0 0 2 1 1 93025.069025821154 93209.829346232946 93861.293431029277 93502.974697136568
11410300 1 1 3 4 2 6 4 1 0 7 4 0 0 6 3 0 0 1 2 1 0 0 0 0 0 0 0 -1.0000000000000001e+300 88290.802661919151 89660.651398902657 90743.513863575921
11410300 1 3 2 4 1 9 8 4 1 0 1 3 5 2 0 3 3 1 2 1 0 0 0 0 1 1 0 77446.669697140547 78444.691147181627 76391.818538563515 78473.292665983972
11410300 1 3 3 4 0 6 5 1 0 11 3 0 1 3 0 2 0 1 3 1 0 0 0 0 1 2 2 82841.251512040631 81981.279111197087 83095.763824806811 82628.570462720294
11410301 1 3 3 0 0 0 5 2 1 1 4 4 6 0 2 4 4 1 3 1 0 0 0 0 4 4 3 93157.969789671799 93252.828139726131 92957.924577084937 91127.377229632752
11410301 1 1 0 2 1 3 0 3 0 7 6 4 0 3 1 5 1 1 4 1 0 0 0 0 0 3 3 88825.12621138207 87929.521231433304 86581.527912861187 88623.144417829782
11410301 1 10 8 5 4 6 5 3 1 4 3 0 0 3 1 2 0 1 2 1 0 0 0 0 0 0 1 89652.542123499181 88797.922156299319 90052.164829225861 88965.492574791802
11410301 1 6 2 1 3 8 5 0 0 11 6 3 2 10 8 3 2 1 1 1 0 0 0 0 1 0 2 85743.637833554807 75117.347773065194 85961.940158976329 85560.804568356951
11410302 1 3 1 0 2 3 2 0 0 2 0 0 0 3 0 1 1 1 2 1 0 0 0 0 1 0 1 97577.617941485514 97536.490332477202 97547.848884665305 97647.21320519624
11410302 1 0 0 3 0 3 3 0 3 1 5 3 0 6 7 5 4 1 2 1 0 0 0 0 0 0 0 90558.739745460683 90938.79218809439 89124.567645163566 90393.5687018155
11410302 1 3 1 0 0 4 2 2 0 6 5 2 1 9 8 6 3 1 2 1 0 0 0 0 2 0 4 90320.999873918918 89554.106396723597 84544.847161744998 90657.879410723806
11410302 1 10 8 2 0 11 6 3 4 5 1 3 0 4 0 2 1 1 2 1 0 0 0 0 2 1 2 86926.999128988595 76257.30724966769 87095.139347618446 80449.295276428122
11410303 1 0 3 0 0 3 1 4 3 2 4 6 2 0 0 6 1 1 3 1 0 0 0 0 4 4 2 91591.618385846523 92497.862407750275 92128.962055176788 92346.354317004225
11410303 1 4 0 0 5 6 5 1 2 8 4 3 0 6 1 2 0 1 3 1 0 0 0 0 0 0 0 91006.052421936605 86495.585676969 88081.241391898424 88319.243551458465
11410303 1 4 2 0 2 6 4 3 3 8 5 6 0 10 8 3 3 1 3 1 0 0 0 0 4 2 1 89039.426991835397 79911.113435329753 86195.726764826002 86660.867127175734
11410303 1 9 6 5 2 11 5 4 3 1 4 3 3 0 0 2 3 1 3 1 0 0 0 0 1 0 1 86005.998841985434 86333.319005342491 86258.456827910195 77894.592344757242
11410304 1 2 2 1 0 1 4 4 0 4 5 0 2 3 3 3 0 1 1 1 0 0 0 0 0 0 0 95078.655419040209 95065.490291653259 95040.149627936538 95166.280098577947
11410304 1 6 3 1 2 8 3 0 0 6 3 1 0 3 2 0 0 1 3 1 0 0 0 0 0 0 1 91581.761916392497 88673.211486766755 91591.788356536272 91325.388508476724
11410304 1 9 7 4 2 8 4 2 0 6 3 3 1 5 3 0 0 1 3 1 0 0 0 0 1 0 0 90539.310743086331 83818.390220482848 90635.621209561679 90870.751824381179
11410304 1 0 0 0 2 11 1 0 3 6 3 3 2 5 3 1 0 1 1 1 0 0 0 0 1 2 2 82895.149728881894 81173.299924369217 81492.121556646729 81958.273469780819
11410305 1 4 3 3 0 6 4 5 3 5 0 0 3 1 3 1 3 1 2 1 0 0 0 0 2 3 2 91999.766079054927 91976.12145377908 92836.313380506297 91115.256560421491
11410305 1 2 3 1 2 0 0 5 1 0 0 4 2 1 8 5 4 1 2 1 0 0 0 0 4 3 4 88265.03633995408 88202.255985944823 87203.258549988226 88749.051310945055
11410305 1 0 0 1 0 0 0 3 2 2 4 4 3 9 8 7 5 1 1 1 0 0 0 0 0 0 0 90786.771263133895 91047.842111911843 81592.457350130091 -1.0000000000000001e+300
11410305 1 3 0 1 3 3 2 3 8 3 4 7 7 5 6 11 10 1 1 1 0 0 0 0 1 2 2 82196.334395842976 89985.746626561246 91188.497931184975 90898.879499571995
11410306 1 3 3 0 0 0 2 3 4 0 1 5 3 0 2 1 5 1 3 1 0 0 0 0 4 4 3 95038.887632199694 95196.664866588326 95041.128132224825 94860.01779522092
11410306 1 6 5 5 3 8 6 1 0 6 4 2 0 4 3 3 0 1 2 1 0 0 0 0 3 2 3 91154.519148506224 89099.444471035735 90362.428151122134 89318.138836465529
11410306 1 10 9 7 5 6 0 3 3 0 1 2 2 0 0 3 0 1 3 1 0 0 0 0 3 2 2 89610.932887376359 89306.687540345636 89724.324851336816 75336.409436381655
11410306 1 3 5 11 10 1 7 6 8 2 3 4 3 2 0 0 3 1 1 1 0 0 0 0 0 0 0 85208.145056451642 85913.680673741444 86411.898452305497 72891.219267039734
11410307 1 3 2 4 3 3 1 2 1 0 4 2 0 0 3 0 1 1 1 1 0 0 0 0 2 3 2 96376.394831781028 96333.972927749463 96503.994119472613 96240.982383520037
11410307 1 0 0 1 1 0 0 3 5 1 3 4 8 1 3 6 6 1 2 1 0 0 0 0 0 3 1 87833.823673386694 89219.25263443013 89536.793057313742 89605.739138429228
11410307 1 2 0 0 3 0 3 2 4 0 0 5 6 4 5 7 9 3 4 0.33333333333333331 5 0.33333333333333331 6 0.33333333333333331 2 0 0 90490.596036584539 88214.108334133081 89460.423582521078 88000.405464207914
11410307 1 3 2 0 0 0 3 2 2 5 6 5 3 8 11 5 1 3 4 0.54545454545454541 5 0.27272727272727271 6 0.1818181818181818 2 0 2 79833.620655216961 82364.045697529131 79048.602820794054 81866.513255263708
11410308 1 0 4 0 4 0 4 6 3 2 3 3 6 0 1 0 0 1 1 1 0 0 0 0 2 3 3 92153.325271430993 91808.996253349585 92504.371973565023 92471.160177142854
11410308 1 5 8 5 3 0 4 3 2 0 3 1 1 3 0 2 3 1 3 1 0 0 0 0 4 4 2 90384.812821349828 89827.91947019381 90476.743464693718 89352.534361909449
11410308 1 10 3 3 3 9 4 4 3 8 5 1 3 7 6 0 2 1 2 1 0 0 0 0 4 3 4 91743.908364852556 74997.849660129476 91273.457517520859 91687.777408822076
11410308 1 9 8 4 0 11 7 1 2 5 1 3 0 2 3 2 0 1 1 1 0 0 0 0 1 1 0 86657.695396039446 80669.834750020877 84912.79599441489 85228.412001508492
11410309 1 3 3 2 0 5 4 1 0 3 5 0 0 4 3 4 2 1 3 1 0 0 0 0 3 2 1 94197.25817057291 93876.942874770684 93940.882575141062 94184.501148817275
11410309 1 6 8 6 3 4 5 3 1 0 1 2 0 0 3 1 0 1 3 1 0 0 0 0 1 3 0 91331.925988057104 90954.389627606579 90903.038616809688 87221.648383245702
11410309 1 10 9 8 5 3 8 6 7 3 5 5 4 0 1 2 1 1 2 1 0 0 0 0 1 1 1 85267.419646240785 90982.36655947892 91114.460256958671 73820.536620789819
11410309 1 3 4 11 10 3 4 5 8 3 4 4 5 0 3 1 2 1 3 1 0 0 0 0 0 0 2 89893.382235173951 89741.866689426039 89816.089880224026 89356.160638483809
11410310 1 0 0 2 3 0 1 4 2 0 1 2 1 2 4 3 0 1 2 1 0 0 0 0 4 2 3 96598.795631663801 97134.753531820985 96953.680596848091 96759.464736750102
11410310 1 7 5 1 0 8 4 3 1 6 5 0 0 4 0 3 3 1 2 1 0 0 0 0 2 3 1 90549.323366439057 84273.007317271899 90533.547433920729 91023.982292225759
11410310 1 10 8 3 0 7 6 6 4 4 4 3 3 3 3 0 2 1 1 1 0 0 0 0 0 0 0 90446.706729758604 86151.186039430511 90216.378748432209 88321.730926477874
11410310 1 9 3 7 3 11 8 6 3 7 5 4 2 1 3 3 0 1 3 1 0 0 0 0 4 4 3 72517.175988761461 68797.430377676137 67443.220805571269 70995.721741939298
11410311 1 0 3 4 1 2 5 4 5 0 4 3 3 0 0 0 2 1 2 1 0 0 0 0 3 1 3 93782.053191881321 94150.734710284625 93577.53948413 94045.369463284806
11410311 1 3 0 0 2 0 1 3 5 3 3 6 8 3 4 5 5 1 1 1 0 0 0 0 1 2 2 86653.322848220851 87957.452587652137 86202.746184228919 88556.467145916409
11410311 1 2 2 1 2 0 3 1 4 0 5 5 6 0 3 7 10 1 3 1 0 0 0 0 3 2 2 86469.055386843582 90118.214523964998 -1.0000000000000001e+300 90166.331990610895
11410311 1 0 0 0 3 0 1 2 3 2 4 5 5 4 11 6 8 1 1 1 0 0 0 0 0 0 0 84145.173635561878 84224.186917839193 78347.006230825762 84350.101032124658
11410312 1 2 2 1 0 0 0 0 4 1 1 5 4 0 0 2 6 1 1 1 0 0 0 0 0 1 4 94286.345560783826 94997.277001953131 95212.203725115469 95091.363172626501
11410312 1 0 0 0 2 0 1 2 0 0 5 4 3 4 5 7 4 1 2 1 0 0 0 0 4 2 4 91043.515761118251 91187.865073245921 90687.367544732202 91537.918491527875
11410312 1 2 1 0 1 4 3 1 3 6 4 3 3 10 6 5 4 1 2 1 0 0 0 0 2 3 1 88566.701349093972 87778.43364203861 86900.213952098842 89193.915062528642
11410312 1 3 1 2 3 0 3 4 5 3 6 7 6 1 8 11 9 1 3 1 0 0 0 0 3 4 2 78790.9121352293 82014.32861887844 82171.908322415969 81951.710610890717
11410313 1 0 3 2 0 0 5 1 1 2 1 4 2 0 1 2 3 1 3 1 0 0 0 0 0 0 3 96091.217735078593 95719.377593570272 96073.096102114068 96248.81685645711
11410313 1 4 6 8 0 3 1 2 2 3 0 3 0 3 0 0 0 1 1 1 0 0 0 0 0 0 2 89530.580818727729 88512.509873774281 89253.740711042075 88039.763795750419
11410313 1 10 6 3 1 6 4 2 1 5 0 3 0 3 0 0 3 1 2 1 0 0 0 0 0 0 0 89381.697691820344 87842.729921160746 88941.753793747674 88733.58479565267
11410313 1 6 8 11 10 3 4 7 8 2 4 0 3 3 3 0 0 1 2 1 0 0 0 0 3 1 1 86442.931487860857 85542.240218990919 86901.106174290093 62116.511576105513
11410314 1 0 0 3 5 3 4 3 3 0 0 1 4 3 2 2 2 1 1 1 0 0 0 0 1 0 0 95464.321518792029 95177.221929868057 96318.844587726344 95472.104287324124
11410314 1 4 1 2 0 7 3 4 0 8 6 2 2 7 5 0 4 1 3 1 0 0 0 0 4 2 3 89880.774895279144 80472.629556130662 89296.77758258392 86506.574153097579
11410314 1 0 0 0 3 1 0 3 2 0 3 1 6 9 8 7 6 3 4 0.33333333333333331 5 0.33333333333333331 6 0.33333333333333331 1 2 0 90854.437363297038 91547.809208861261 88738.507489950716 90494.255208397255
11410314 1 1 6 8 9 4 6 7 11 3 4 3 2 2 1 1 1 1 2 1 0 0 0 0 2 3 4 87309.428540412802 87342.16499492299 87832.559648498252 85399.660883861827
11410315 0 1 1 5 3 0 0 2 1 2 5 1 4 0 2 0 0 1 3 1 0 0 0 0 0 1 0 95263.684122244507 95817.344265937805 95163.333570197763 95230.505670265891
11410315 0 2 2 0 2 5 7 1 1 4 6 0 0 4 1 3 0 1 1 1 0 0 0 0 1 2 2 90524.057060012943 87506.065190035719 91369.410416531711 90829.574111065129
11410315 0 0 1 0 0 5 0 0 3 7 7 0 1 9 3 4 3 1 2 1 0 0 0 0 1 2 0 91338.578023121227 85080.705922480745 88167.342920803945 91349.492363479483
11410315 0 0 2 0 7 2 3 3 3 1 3 8 3 7 8 11 8 1 2 1 0 0 0 0 4 2 4 69960.692182874685 66594.695362779777 63772.45757993788 68583.12831317127
11410315 0 2 5 2 0 4 6 9 4 9 8 3 1 10 11 2 4 1 3 1 0 0 0 0 2 0 1 -1.0000000000000001e+300 3 3 -1.0000000000000001e+300
11410316 1 0 4 2 3 3 3 1 3 0 2 5 2 0 3 0 2 1 1 1 0 0 0 0 3 1 0 95974.700144648537 95528.740472409452 95954.194142844935 95697.604068650151
11410316 1 5 4 3 1 8 5 3 0 5 4 1 0 4 0 2 2 1 3 1 0 0 0 0 0 0 1 89574.615576159733 87100.111669993494 90340.340477156744 90839.81034640198
11410316 1 0 3 0 0 0 5 0 3 4 3 0 2 10 6 5 2 1 1 1 0 0 0 0 1 0 1 88754.571495912722 86906.669797974726 85384.381656855767 -1.0000000000000001e+300
11410316 1 10 7 4 4 11 5 1 2 4 1 3 2 3 0 0 3 1 3 1 0 0 0 0 4 4 2 87924.147726150157 74254.035226989203 -1.0000000000000001e+300 80209.530101194294
11410317 1 1 1 3 3 2 2 0 0 2 3 0 0 0 0 1 0 1 1 1 0 0 0 0 0 1 1 97993.811805725098 97612.389371737838 96655.6428939943 97782.844144195318
11410317 1 3 0 0 2 7 1 2 3 8 5 2 1 7 4 3 0 1 3 1 0 0 0 0 3 2 1 91310.249949459729 87291.799833469253 90849.781958944193 90767.830449336645
11410317 1 4 2 1 0 6 5 3 0 8 7 3 3 9 8 4 3 1 1 1 0 0 0 0 1 2 1 88948.478389987169 84080.727001982799 90130.143428321899 88539.93319793453
11410317 1 0 2 0 2 1 3 3 1 6 5 7 0 5 11 8 7 1 1 1 0 0 0 0 1 2 4 83501.342967899429 83931.380710918456 79286.081215464554 80149.419928786228
11410318 1 0 2 0 0 0 1 0 3 3 4 6 2 6 4 4 0 1 1 1 0 0 0 0 3 3 3 92672.161047250382 91741.602965936239 92213.621444728633 91813.66695933872
11410318 1 6 5 5 2 8 4 1 3 7 0 0 1 5 0 3 0 1 2 1 0 0 0 0 3 3 1 91498.410739560903 84820.527220882315 91929.748947022032 89658.296585047443
11410318 1 3 3 1 2 4 2 2 0 1 7 3 4 9 8 7 5 1 3 1 0 0 0 0 2 1 2 84834.677162686508 83562.924156807392 86831.231347955079 90416.551354914642
11410318 1 0 0 1 0 3 2 0 3 0 5 5 6 6 8 11 8 1 1 1 0 0 0 0 0 1 0 80467.033698298896 79223.828109426526 78059.103155598641 79642.039542066821
11410319 1 3 0 3 1 0 2 5 4 0 4 4 4 0 1 4 2 1 3 1 0 0 0 0 3 3 2 93686.398107286717 94004.944752673298 93337.319704509908 93725.04689676658
11410319 1 6 4 0 2 7 4 2 0 8 5 3 0 7 3 0 0 1 1 1 0 0 0 0 1 0 0 91614.109725226954 87698.444945640396 90646.2495423207 90987.145519510304
11410319 1 1 0 0 0 6 4 3 0 7 5 4 3 9 3 0 2 1 2 1 0 0 0 0 4 3 4 89732.909174385306 87581.670309337787 89798.569210359754 90333.862804087141
11410319 1 0 0 2 0 4 3 6 1 4 5 6 8 5 8 11 10 1 2 1 0 0 0 0 1 0 1 88654.629362558568 88737.935005978419 74604.116966093919 88529.384657940915
11410320 1 0 0 0 3 0 2 1 0 3 3 6 2 5 5 4 3 1 1 1 0 0 0 0 0 0 0 93752.817143637716 93068.405563147899 92981.471515568715 93222.665203903656
11410320 1 0 0 0 3 4 4 1 0 5 4 5 3 6 8 6 4 1 2 1 0 0 0 0 1 1 2 91424.742623034675 90743.764046407552 86355.449344615758 91479.165900497756
11410320 1 1 3 0 0 5 0 1 0 7 5 1 1 10 6 4 2 1 3 1 0 0 0 0 0 3 0 89389.570312634009 89250.152641079811 88720.493832129054 89359.903773518236
11410320 1 2 3 3 4 0 3 4 5 1 3 5 6 3 6 11 8 1 3 1 0 0 0 0 4 4 3 81241.260985530651 84519.708969802756 82704.694852684537 84839.123205398209
11410321 1 1 2 5 4 0 4 4 4 3 2 2 1 1 0 0 0 1 2 1 0 0 0 0 4 3 4 94856.858982312246 94995.847632776116 95240.898141173166 94799.65673143341
11410321 1 4 5 7 6 3 4 5 4 2 3 3 4 0 0 2 2 1 3 1 0 0 0 0 3 0 1 90001.771602090681 90098.730716221864 90593.589400126337 89511.559553982996
11410321 1 3 5 8 9 3 5 4 2 6 1 4 1 2 3 0 1 1 2 1 0 0 0 0 0 0 0 88165.792723920225 88803.458227698517 89078.602762228198 76785.949115126801
11410321 1 3 0 2 1 4 3 2 3 5 8 7 11 1 5 9 10 1 1 1 0 0 0 0 3 4 3 77464.215375042128 75521.927472507392 70057.546645892697 -1.0000000000000001e+300
11410322 1 2 4 1 0 4 5 4 0 2 1 6 3 3 0 3 0 1 2 1 0 0 0 0 1 0 0 93189.461746003886 93188.850600043108 92218.579584625026 92462.104094869559
11410322 1 2 0 1 0 3 0 0 0 3 4 5 2 7 8 3 1 1 3 1 0 0 0 0 2 2 2 88869.502591863406 88546.787843834667 87469.358234490734 88675.94853653379
11410322 1 4 0 0 2 6 5 3 1 9 6 2 0 10 3 2 1 3 4 0.5 5 0.25 6 0.25 4 3 4 87531.456626807616 80058.321713484838 87576.230886002173 89029.251466546513
11410322 1 10 9 3 2 11 7 4 1 8 5 6 2 3 3 4 1 1 2 1 0 0 0 0 3 2 4 91790.763246661925 97373.191297816695 88377.161567705072 90685.863893690315
11410323 1 0 2 0 3 0 1 4 0 2 6 4 0 1 6 3 0 1 1 1 0 0 0 0 3 4 4 92561.235195892601 92656.276776276689 92648.428760595576 92136.022899873904
11410323 1 1 2 0 2 0 2 2 4 0 1 4 5 3 6 7 5 1 1 1 0 0 0 0 1 0 1 90955.176776069289 91408.41144265933 89319.980093312886 91178.13972124616
11410323 1 2 0 0 0 0 0 3 1 2 3 6 4 4 5 7 9 1 3 1 0 0 0 0 2 1 2 90860.15157573967 90936.550788455046 84374.283784038867 90109.791454090257
11410323 1 10 11 4 2 7 5 3 0 4 4 1 1 2 2 1 0 1 3 1 0 0 0 0 4 4 3 87412.367421178729 84059.808576227719 88685.740391931642 88563.579666190126
11410324 1 4 3 1 0 3 4 4 2 3 5 3 0 0 3 0 3 1 1 1 0 0 0 0 3 4 3 94298.090180117986 94610.953968456932 94929.190281985197 94494.202819941376
11410324 1 0 2 3 7 3 4 4 5 3 3 6 3 2 4 1 2 1 2 1 0 0 0 0 4 1 4 89214.25328375175 89739.911052456358 88840.957990395647 88601.60273655018
11410324 1 4 6 8 10 1 4 5 7 3 0 4 1 0 0 2 0 3 5 0.25 6 0.25 7 0.5 0 1 1 90718.681358959322 84256.230654512197 -1.0000000000000001e+300 85361.415211172192
11410324 1 3 6 7 10 3 4 6 11 3 1 3 5 2 1 0 3 1 2 1 0 0 0 0 1 1 0 89531.05424618104 89198.581917499134 89535.874124001406 78444.444418339699
11410325 1 2 0 0 0 4 1 2 1 1 5 4 3 2 3 4 1 1 2 1 0 0 0 0 0 0 0 95549.624729965668 94776.713274939044 95190.851219734352 95494.752285742186
11410325 1 3 1 3 0 7 2 0 0 6 3 4 0 3 6 3 2 1 3 1 0 0 0 0 4 3 3 -1.0000000000000001e+300 89909.13866394975 90260.430580147615 90407.652237555216
11410325 1 4 3 2 2 5 5 0 0 8 6 0 0 9 8 6 1 1 1 1 0 0 0 0 2 2 3 92755.762740005142 88968.18944811738 90663.932285179573 92611.91151021322
11410325 1 2 4 8 3 1 4 6 3 11 7 4 3 10 5 4 1 1 1 1 0 0 0 0 2 4 4 -1.0000000000000001e+300 -1.0000000000000001e+300 67774.149502038985 69776.786098973826
11410326 1 6 5 4 4 3 4 5 3 3 2 0 1 1 0 0 0 1 1 1 0 0 0 0 1 3 3 93042.723867187407 92565.887615092841 92711.552645495947 92892.768717783532
11410326 1 7 5 4 0 5 6 3 3 4 3 3 0 0 0 1 0 1 2 1 0 0 0 0 3 3 4 92484.734179683888 90518.421595795808 91320.313181732898 90283.340191324853
11410326 1 9 8 7 5 4 6 1 0 4 4 1 2 0 0 0 1 1 2 1 0 0 0 0 1 2 2 90063.893322894233 89240.199527382589 90971.468037483835 78494.496369142726
11410326 1 2 4 11 10 0 0 5 8 0 0 2 4 1 4 1 3 1 3 1 0 0 0 0 1 1 1 80008.04949330329 -1.0000000000000001e+300 89696.826533752799 83510.276933803339
11410327 1 3 1 3 0 2 5 2 0 4 3 4 0 3 0 0 1 1 3 1 0 0 0 0 0 0 1 94540.9931640625 94982.835292524745 95482.510925292969 95313.997371099598
11410327 1 5 5 0 0 6 7 3 0 5 4 3 0 3 4 2 1 1 3 1 0 0 0 0 3 3 2 91061.178132253233 90686.577292404836 92051.623709216481 90289.657498642831
11410327 1 0 0 2 0 0 4 3 2 5 7 0 0 5 7 8 9 1 3 1 0 0 0 0 4 2 2 91381.255837512901 90802.204230476753 84572.361126942196 90226.568255288672
11410327 1 2 3 9 10 1 5 7 11 2 4 5 8 3 0 3 5 1 3 1 0 0 0 0 2 1 1 90434.460314481883 89737.366868815458 88736.918898829608 90178.321135012709
11410328 1 5 4 5 3 0 4 1 3 1 5 0 2 0 0 2 0 1 3 1 0 0 0 0 2 2 1 93230.581571197501 92648.644867165887 94657.689409565937 93533.533612138039
11410328 1 0 3 0 0 3 3 0 2 3 4 5 1 3 6 7 5 1 2 1 0 0 0 0 1 0 1 90937.778741561895 91236.597139466627 90392.506910760232 91189.20190817205
11410328 1 0 2 1 3 3 3 4 4 3 4 5 6 1 5 7 10 1 2 1 0 0 0 0 1 1 1 89135.861556888587 89721.07708345147 89941.987560590263 89666.712044267915
11410328 1 1 4 1 0 5 4 4 2 7 6 3 0 8 11 3 1 1 1 1 0 0 0 0 0 3 2 84978.110135984229 82696.178053339492 80472.949396070602 85876.598924081816
11410329 1 4 3 5 1 0 5 3 0 0 6 1 0 0 3 0 3 1 2 1 0 0 0 0 0 1 0 95403.574410897723 93468.114902449233 94729.616158944569 93001.165204448465
11410329 1 2 7 5 4 5 5 3 4 0 2 0 1 0 0 0 3 1 1 1 0 0 0 0 2 2 2 89969.085340660749 91242.541552711104 90545.114266358811 89383.276738313638
11410329 1 7 10 10 0 4 0 3 0 4 1 0 3 2 1 0 0 1 2 1 0 0 0 0 0 0 0 89458.026623629819 89720.506189632142 90312.535320349692 85958.743311323764
11410329 1 9 11 4 3 8 4 3 3 4 5 3 2 0 0 0 4 1 2 1 0 0 0 0 4 2 4 85753.524927925522 73529.313599826113 86164.854996561568 75864.965790693575
11410330 1 6 2 1 2 4 5 3 0 2 3 1 0 1 0 0 0 1 3 1 0 0 0 0 2 2 2 94719.730943806964 93770.794904258524 94946.939237022409 94261.843813746687
11410330 1 0 7 3 0 5 5 6 2 1 2 4 0 1 2 1 3 1 3 1 0 0 0 0 0 0 0 90686.940792033332 90360.682723272868 88783.794734829993 90243.667179609387
11410330 1 10 7 6 4 9 6 5 4 7 5 3 2 1 3 0 0 1 1 1 0 0 0 0 2 3 2 -1.0000000000000001e+300 87020.821405111245 88503.115658119481 87685.161275949242
11410330 1 4 0 0 1 11 2 0 0 5 4 0 0 2 5 1 1 1 3 1 0 0 0 0 0 1 2 82341.381160104676 80153.999212805225 83086.220631770702 81734.087241279718
11410331 1 4 3 3 3 3 1 3 6 5 3 4 0 2 1 0 0 1 2 1 0 0 0 0 0 0 0 92329.787563511811 93316.385342040841 93246.733715172973 92691.134441414251
11410331 1 3 4 7 3 3 7 0 0 4 1 0 0 4 2 2 1 1 2 1 0 0 0 0 2 1 3 89600.439082929093 89474.196319157418 90066.078866981785 89598.293937010341
11410331 1 4 6 7 10 3 2 6 7 0 0 0 5 1 2 1 3 1 3 1 0 0 0 0 4 4 3 87883.512388785137 89136.350303244224 89577.27050804015 88643.511195246145
11410331 1 4 1 11 9 2 3 4 8 0 4 7 9 0 4 2 3 1 1 1 0 0 0 0 0 0 0 43316.108815560132 -1.0000000000000001e+300 71016.876616104113 68356.331281970371
11410332 1 2 0 3 6 1 5 4 4 2 3 3 1 2 0 4 3 1 2 1 0 0 0 0 4 2 4 92724.898139602767 92111.076763417543 91007.201223538243 91005.84754240248
11410332 1 6 1 2 3 7 5 2 4 8 7 4 3 7 6 5 3 1 1 1 0 0 0 0 0 0 1 88734.168346640508 80937.318514061975 85930.135120719089 88911.913558887638
11410332 1 4 2 1 4 2 5 5 5 4 1 7 7 10 9 8 2 1 2 1 0 0 0 0 2 0 0 85432.340925177632 81044.079529569688 -1.0000000000000001e+300 -1.0000000000000001e+300
11410332 1 9 8 7 5 11 6 4 3 0 4 5 3 1 3 2 0 3 5 0.37499999999999994 6 0.24999999999999994 7 0.37499999999999994 1 1 1 78852.020971143298 86979.823669959733 80970.649912374007 75917.749048444719
11410333 1 3 3 0 0 2 3 2 3 2 0 1 0 3 0 0 0 1 1 1 0 0 0 0 1 0 0 97466.408493465846 97158.812590175206 97476.587425231934 97179.452829196132
11410333 1 1 6 7 4 6 4 1 2 3 3 0 0 1 2 0 0 1 2 1 0 0 0 0 0 0 1 90080.531224320948 92416.803643227788 -1.0000000000000001e+300 89169.24985052229
11410333 1 3 6 8 10 1 3 3 4 0 0 0 1 0 0 0 3 1 2 1 0 0 0 0 1 2 1 89496.395864399863 89271.626816659656 -1.0000000000000001e+300 84408.177213310977
11410333 1 4 0 0 1 7 3 3 2 11 5 4 2 8 6 4 2 1 1 1 0 0 0 0 1 0 1 83062.826104762964 81404.226764195453 82686.332461417318 82211.512656097912
11410334 1 1 3 0 2 2 5 1 0 3 3 6 0 3 2 6 2 1 3 1 0 0 0 0 3 1 2 91779.074666242232 91675.804691262892 91477.525020448418 91598.034637043427
11410334 1 0 0 4 6 1 3 6 7 1 3 5 6 2 3 4 5 1 3 1 0 0 0 0 0 1 0 89374.021504871896 -1.0000000000000001e+300 89546.653093279223 91174.31850068699
11410334 1 3 5 7 9 2 3 5 4 0 1 0 4 1 0 1 0 1 2 1 0 0 0 0 0 1 3 90733.737315017934 90288.040453262525 91067.541609495514 84932.5298937396
11410334 1 10 9 7 4 11 8 5 3 7 6 4 3 0 8 3 2 1 3 1 0 0 0 0 3 2 1 87612.700472860379 -1.0000000000000001e+300 89569.773872634367 75489.253572296191
11410335 1 4 0 0 0 2 4 1 3 1 4 4 3 3 4 0 0 1 2 1 0 0 0 0 1 1 0 95547.050010045379 95909.258888315278 95345.88585021098 95738.879710912704
11410335 1 4 6 8 7 1 3 5 3 0 1 2 3 0 0 0 2 1 1 1 0 0 0 0 2 3 4 91107.891349425307 90785.710314496202 91554.339510550722 85699.4816890519
11410335 1 5 8 9 10 2 5 6 2 1 3 2 0 3 1 3 1 1 3 1 0 0 0 0 0 0 1 -1.0000000000000001e+300 82596.404855055123 89698.35483957277 81249.723568739108
11410335 1 10 11 3 0 9 9 3 3 7 5 6 0 2 3 4 1 1 2 1 0 0 0 0 3 2 2 94386.584600876507 87253.252069433584 97378.862390265451 94812.181827893059
11410336 1 0 3 3 2 0 4 0 1 3 2 1 0 0 2 1 0 1 3 1 0 0 0 0 4 4 3 96720.331223462999 96930.403987539816 97170.191726656209 97136.918832092328
11410336 1 0 0 0 1 3 0 3 3 5 5 4 3 6 8 5 3 1 2 1 0 0 0 0 0 0 0 91107.7003371787 89974.997747191679 87440.348354002024 90885.62841914114
11410336 1 4 2 2 1 5 4 4 3 8 6 5 5 10 8 6 3 1 2 1 0 0 0 0 2 0 1 90432.635973666896 90246.099880437847 -1.0000000000000001e+300 -1.0000000000000001e+300
11410336 1 0 0 4 4 0 11 6 2 3 7 1 1 3 3 0 2 1 3 1 0 0 0 0 0 0 0 77863.431115900748 79583.280489864905 81874.898771793829 81907.501463305191
11410337 1 3 3 3 2 4 2 4 1 0 1 0 3 0 3 0 2 1 1 1 0 0 0 0 2 2 2 96227.542608322343 96217.380877838747 96066.083249102696 95974.619025233929
11410337 1 1 2 2 3 4 2 0 0 3 1 3 0 3 8 4 3 1 3 1 0 0 0 0 4 3 2 90208.862004688301 89590.897638877112 89503.662301526347 90314.061431800976
11410337 1 1 3 3 4 0 6 5 5 7 6 5 1 9 7 6 2 1 2 1 0 0 0 0 2 2 2 91874.061017417116 89564.701433097391 87267.933667470686 91454.758979517297
11410337 1 0 1 0 1 4 4 0 0 7 6 3 0 9 11 6 0 1 3 1 0 0 0 0 2 4 2 86432.930073130236 83078.306815757096 79257.970218897433 86425.917019078581
11410338 1 2 0 2 1 4 6 6 3 6 0 1 2 0 0 3 3 1 1 1 0 0 0 0 0 0 0 90116.745153430515 91130.133556426008 89827.021645064291 90833.177758077174
11410338 1 4 3 0 3 0 0 3 5 0 0 5 8 0 0 4 4 1 2 1 0 0 0 0 2 1 1 89072.96841644682 91283.830490358101 89498.918816264966 90518.200020495657
11410338 1 2 6 8 10 0 4 6 8 1 4 5 7 1 0 3 4 1 2 1 0 0 0 0 1 1 0 86379.516436459584 90479.154365208131 90263.633330244906 89027.819151789226
11410338 1 10 11 1 0 5 6 8 4 3 4 4 0 4 3 2 3 1 2 1 0 0 0 0 4 3 4 68918.213568768755 68789.0709533099 70490.783251359142 72984.342525556218
11410339 1 3 1 3 3 0 3 2 2 3 3 4 1 0 2 2 0 1 3 1 0 0 0 0 3 1 2 96036.357994182239 96090.929658969239 95827.70182662188 95661.762613149942
11410339 1 1 5 6 7 4 6 3 0 3 3 0 0 2 0 0 3 1 1 1 0 0 0 0 3 4 3 89886.303383237566 90057.351778246069 90176.789273428047 88698.151624548729
11410339 1 3 6 7 9 3 4 1 7 1 0 3 1 1 0 0 0 1 2 1 0 0 0 0 0 3 1 89629.463328862461 89181.16558168226 89369.784477143519 84086.496499584173
11410339 1 10 11 6 4 8 5 1 0 4 5 1 2 2 0 0 0 1 2 1 0 0 0 0 2 1 2 89459.6313118736 82717.086398655578 89666.842902886594 79855.294806223072
11410340 1 5 5 6 1 1 6 3 0 3 0 0 0 2 0 0 0 1 3 1 0 0 0 0 1 2 2 91072.327796887606 92394.271182526485 -1.0000000000000001e+300 91734.581055867238
11410340 1 7 8 7 5 4 3 2 4 3 2 2 5 0 1 0 1 1 1 1 0 0 0 0 1 1 0 86819.904360681612 86819.904360681612 87302.555614892393 74344.810203440429
11410340 1 9 8 6 3 1 5 1 0 2 0 3 0 3 0 0 2 1 2 1 0 0 0 0 2 1 1 91045.952203128312 90400.485845323055 91159.734471699281 85906.799531386059
11410340 1 10 11 5 3 9 8 3 2 2 8 1 1 0 5 3 1 1 2 1 0 0 0 0 0 0 0 102472.50201102703 -1.0000000000000001e+300 101231.7555962551 100660.51526063983
11410341 1 3 2 3 0 4 3 3 0 3 3 2 1 3 3 5 0 1 1 1 0 0 0 0 0 0 0 95821.413579298576 95466.722361861641 94990.380394856125 95554.668705420045
11410341 1 0 3 3 4 1 1 4 6 2 3 5 8 0 1 5 6 1 2 1 0 0 0 0 0 1 0 88200.434336237435 91262.177085042204 90472.805533328617 90898.664493343807
11410341 1 1 3 4 3 2 7 7 0 5 3 8 9 2 0 2 3 1 1 1 0 0 0 0 2 1 2 84777.516610628838 84176.9018207138 86782.569936068336 84646.92241699704
11410341 1 1 0 3 3 0 2 3 3 0 3 5 6 5 7 11 9 1 1 1 0 0 0 0 3 4 4 83771.634169712474 85321.547580205894 79066.578677921629 85449.900638027742
11410342 1 0 3 0 0 3 0 3 3 0 2 3 5 0 3 6 5 1 1 1 0 0 0 0 0 0 1 93375.803561819906 93782.096875508636 93579.224446816035 93514.216518774236
11410342 1 3 6 3 0 3 6 2 3 7 2 0 1 1 0 0 0 1 3 1 0 0 0 0 1 1 0 91243.319086319898 90752.573508097223 90563.370140526386 90721.555419732467
11410342 1 0 5 1 0 0 6 3 2 3 8 4 4 9 8 6 4 1 1 1 0 0 0 0 2 3 2 86655.304820611913 83532.071131634235 81655.402089821684 91729.672747835371
11410342 1 10 8 7 4 11 6 5 3 2 0 1 0 2 0 3 0 1 2 1 0 0 0 0 3 1 2 88998.084632514074 88441.83684233969 -1.0000000000000001e+300 74687.132237068392
11410343 1 1 3 1 1 2 3 2 0 6 3 2 0 0 5 5 1 1 1 1 0 0 0 0 0 2 0 94319.200059890747 94022.86866630007 94259.695269584656 94202.474363336965
11410343 1 7 8 6 4 6 5 1 3 5 4 0 0 3 1 0 0 1 3 1 0 0 0 0 1 3 0 -1.0000000000000001e+300 90739.249579959433 -1.0000000000000001e+300 86640.276993628242
11410343 1 10 7 6 5 8 6 5 1 7 6 3 2 2 0 4 3 1 1 1 0 0 0 0 3 3 3 90771.024409679318 90591.644771109888 89553.227924557752 86493.701974151394
11410343 1 0 3 3 1 1 2 2 0 11 5 4 2 9 9 3 1 1 3 1 0 0 0 0 4 4 3 87720.54733283323 82777.460966607308 81048.342352696258 88310.792125733089
11410344 1 0 2 6 0 0 3 3 3 0 5 3 4 3 0 2 0 1 3 1 0 0 0 0 3 1 1 93908.709694207704 93938.117826006142 93830.734769974792 93470.699913748773
11410344 1 1 0 2 3 0 3 1 3 0 5 5 3 7 8 6 5 1 1 1 0 0 0 0 2 4 1 90764.117146245655 90530.511301543622 87420.455243963166 91432.802101695459
11410344 1 4 0 1 0 5 4 1 0 6 5 5 3 9 7 5 4 1 3 1 0 0 0 0 2 4 2 91007.661236837186 89502.53717954595 87613.062993725645 89073.302277138137
11410344 1 0 0 3 0 2 0 0 4 1 3 4 5 4 11 8 7 1 1 1 0 0 0 0 2 3 2 85490.038741949946 85335.538738507428 79481.485706621315 85082.755602762249
11410345 1 1 4 4 1 0 0 3 0 2 4 1 4 3 0 0 0 1 1 1 0 0 0 0 1 4 1 96003.511352219852 96380.090340766197 95887.751838585173 96240.274589278531
11410345 1 6 7 8 7 1 4 5 6 1 2 4 4 0 2 2 1 1 3 1 0 0 0 0 0 0 0 91043.088982454559 91242.887413486489 -1.0000000000000001e+300 89436.004117018863
11410345 1 3 5 8 9 0 4 3 6 0 0 0 3 1 2 2 3 1 3 1 0 0 0 0 3 2 1 90446.07892819673 90349.131400506463 90219.769853368867 85092.963195014978
11410345 1 1 3 11 9 3 3 3 6 0 4 2 3 0 1 0 1 1 3 1 0 0 0 0 0 2 1 84089.526278037738 86057.124983503629 85975.871249216521 81662.609367475045
11410346 1 0 1 0 1 3 6 3 0 1 4 6 0 0 2 4 4 1 2 1 0 0 0 0 2 3 3 92116.42119313989 91570.022716830528 90906.921725501466 92209.572381595295
11410346 1 5 4 3 0 8 3 1 1 6 0 0 0 2 0 2 0 1 2 1 0 0 0 0 4 3 4 90273.004223724653 87842.555583208334 90856.990017554956 90217.075393207648
11410346 1 10 8 1 3 9 5 5 3 6 3 3 4 3 2 1 5 1 3 1 0 0 0 0 0 1 0 89001.517686565639 79732.322296154874 89091.961020239803 89541.944377822641
11410346 1 0 1 11 9 4 8 7 8 2 5 6 7 1 3 6 2 1 3 1 0 0 0 0 1 1 1 75280.625758769747 -1.0000000000000001e+300 80242.313624987088 70476.552595765155
11410347 0 3 3 3 2 4 3 2 0 5 3 1 1 2 0 0 0 1 1 1 0 0 0 0 0 0 2 96052.884918212891 95375.525607003117 95804.590501573344 95551.365137170869
11410347 0 4 6 8 7 2 2 4 6 0 1 3 0 0 2 2 1 1 1 1 0 0 0 0 2 1 4 90206.829744742092 91524.501189173869 91032.747151784948 82963.597162325968
11410347 0 3 7 9 10 4 7 5 4 1 4 3 0 0 4 4 3 1 2 1 0 0 0 0 0 0 0 87657.597655136939 88733.264523593476 89996.573419376378 76889.086083249262
11410347 0 10 11 8 6 8 6 2 2 7 5 2 0 4 6 0 3 3 5 0.37499999999999994 6 0.24999999999999994 7 0.37499999999999994 4 1 3 1203.6213217526749 49944.12353906464 18894.924002413372 45675.15726005179
11410347 0 10 11 8 6 8 6 2 2 6 7 5 2 4 6 3 3 1 2 1 0 0 0 0 4 0 2 3 3 -1.0000000000000001e+300 -1.0000000000000001e+300
11410348 1 0 2 0 0 6 3 2 3 5 5 3 0 6 2 0 1 1 1 1 0 0 0 0 2 1 1 92784.09990697632 92450.455400431601 92220.556229997557 92054.365474330058
11410348 1 7 5 4 0 8 6 4 1 6 3 0 1 5 0 2 0 2 4 0.5 5 0.5 0 0 0 1 1 89937.056647404301 88633.000969749453 91703.420685075995 92031.924341554972
11410348 1 10 6 7 4 8 3 2 1 4 0 2 0 1 1 0 0 1 3 1 0 0 0 0 1 2 2 87130.289427551455 83302.067937226166 86976.753063042008 83853.455383511304
11410348 1 10 8 6 3 11 6 3 0 6 1 3 0 4 2 0 2 1 2 1 0 0 0 0 3 1 3 88865.405878649151 80581.483610414856 89085.797124872639 84244.979856081729
11410349 1 3 0 0 0 2 3 3 1 5 4 2 1 1 5 2 0 1 1 1 0 0 0 0 3 4 4 94336.694901791969 95084.956160653717 94853.354973595546 95172.439572004834
11410349 1 3 2 1 3 0 2 3 8 1 0 0 7 3 0 0 3 1 3 1 0 0 0 0 0 0 0 89052.27643274577 89599.766454884448 88851.949850083154 89084.48605224042
11410349 1 4 6 9 10 0 3 6 8 3 3 4 6 0 0 2 3 1 3 1 0 0 0 0 4 3 1 85911.798544747828 87436.700362068659 88481.705413845062 86269.23824470304
11410349 1 9 8 4 10 3 4 6 11 0 3 5 4 3 1 2 0 1 1 1 0 0 0 0 3 4 4 72468.569307379948 74638.51245151191 73058.666695346998 62429.788441306955
11410350 1 0 2 2 2 1 1 4 0 5 4 1 0 3 3 0 0 1 3 1 0 0 0 0 1 1 1 95641.174395291891 95555.395973620587 95384.802519546327 95461.744249367432
11410350 1 5 0 3 0 6 3 0 0 8 6 4 2 6 4 2 1 1 1 1 0 0 0 0 0 0 0 90568.348116211448 86258.535138598047 90578.157496212516 90051.533753359472
11410350 1 3 0 0 0 0 4 3 4 7 7 4 4 10 9 7 4 1 3 1 0 0 0 0 4 4 3 89194.48057352833 87323.268096138781 79094.015860140862 89330.573822492268
11410350 1 3 2 1 4 4 4 3 7 0 2 6 9 2 3 11 10 1 1 1 0 0 0 0 2 1 1 77051.331081708558 90406.377160231728 89355.318683053556 84414.42815708225
11410351 1 0 1 3 1 0 0 1 3 2 0 2 0 0 2 2 1 1 3 1 0 0 0 0 0 0 1 96786.953585795782 96876.633384916509 97133.43089811338 97205.102734705913
11410351 1 6 2 0 0 7 6 1 0 6 4 3 2 4 4 0 0 1 2 1 0 0 0 0 4 2 4 91316.931954690503 88906.782128676903 89333.702914669135 89505.075030323394
11410351 1 4 3 3 0 6 4 0 3 7 6 5 0 9 7 6 5 3 4 0.33333333333333331 5 0.33333333333333331 6 0.33333333333333331 4 4 3 90752.295005425869 91364.329653107576 91133.631900625871 89332.54308944376
11410351 1 10 3 3 4 11 7 6 1 9 6 2 2 6 7 0 1 1 3 1 0 0 0 0 2 2 1 72512.374641963601 69465.959415410107 72319.886553228615 71182.957077249885
11410352 1 1 2 4 4 1 2 5 6 0 4 5 5 0 0 2 3 1 1 1 0 0 0 0 1 1 1 92013.459921545451 92202.764234894785 92157.254695397831 90754.465285931088
11410352 1 0 3 5 6 2 3 6 8 1 1 4 6 2 2 3 5 1 1 1 0 0 0 0 0 0 0 84975.90319914557 -1.0000000000000001e+300 90326.922446122611 90190.202799718769
11410352 1 10 9 8 1 4 5 7 4 2 3 3 7 0 2 0 0 1 3 1 0 0 0 0 1 0 1 91980.164221960469 85794.990552506526 -1.0000000000000001e+300 75886.724261465308
11410352 1 10 11 7 5 5 7 2 3 5 2 1 0 4 3 0 1 1 2 1 0 0 0 0 4 3 4 86264.305660841594 77752.718945702567 85842.836156122052 73116.255360509953
11410353 1 0 0 3 0 0 3 0 2 1 0 0 4 0 3 4 1 1 2 1 0 0 0 0 3 3 4 96739.554556351242 96580.546865893586 96767.771372284507 96555.845145225525
11410353 1 3 3 4 2 2 5 4 7 1 3 4 3 0 0 3 0 1 2 1 0 0 0 0 4 2 4 90081.770042114978 90520.893220403901 90205.216824821982 89790.712373337956
11410353 1 4 5 8 10 4 3 4 7 3 2 3 4 1 0 1 2 1 2 1 0 0 0 0 2 1 1 89817.425372764599 89998.418148300509 90203.585282258224 86300.096554816802
11410353 1 10 11 6 1 9 6 6 0 3 7 3 1 1 3 0 2 1 3 1 0 0 0 0 0 2 1 91678.458406248377 77576.718190927961 86671.832478533805 89613.511188017234
11410354 1 3 1 3 1 4 2 3 3 0 3 0 2 1 0 0 0 1 2 1 0 0 0 0 3 3 3 96917.823111837657 96453.316314848096 96485.850685095778 96621.58175146993
11410354 1 2 1 0 0 3 1 3 2 3 6 4 3 6 8 6 4 1 2 1 0 0 0 0 4 3 4 89486.825561499834 89718.877206099729 85988.160335437395 89813.190945353403
11410354 1 3 0 0 3 2 2 3 5 0 1 5 7 3 5 7 10 1 1 1 0 0 0 0 0 0 0 88436.342617951232 89788.47234274607 89532.051240203335 89393.62005337447
11410354 1 0 0 0 3 4 4 0 3 8 6 5 4 9 11 6 4 1 2 1 0 0 0 0 4 3 4 87249.850901055499 87380.716709339424 80047.663567577372 87430.856756616136
11410355 1 3 0 1 3 3 2 5 2 0 1 4 4 0 4 2 1 1 1 1 0 0 0 0 3 4 4 94877.964381294863 94466.354293894532 95126.134421140508 94515.967373086838
11410355 1 3 0 0 0 3 2 0 0 4 3 1 2 4 8 7 4 1 3 1 0 0 0 0 4 3 3 90193.618926490133 90010.198507281559 87924.717985660624 90841.90148473093
11410355 1 0 2 2 3 3 2 2 0 4 5 5 0 7 9 6 3 1 1 1 0 0 0 0 3 0 1 85731.322592158511 83898.970136481366 83295.86397522231 84043.685665595214
11410355 1 0 0 2 3 0 4 4 3 0 6 5 5 2 3 11 8 1 1 1 0 0 0 0 2 1 2 81624.689364004458 84770.412810971029 79041.029529817824 84962.845860017725
11410356 1 0 0 0 2 3 6 1 3 2 0 6 6 0 3 3 4 1 1 1 0 0 0 0 0 0 0 89976.717376532892 91182.256603198737 90869.831353691538 90834.096563700703
11410356 1 4 6 8 6 0 4 3 3 0 3 2 0 3 1 0 0 1 3 1 0 0 0 0 4 4 2 91657.772742598507 91417.552742036569 91288.619625271182 88116.027178875011
11410356 1 3 4 7 10 2 4 4 6 0 0 4 5 0 3 0 1 1 2 1 0 0 0 0 2 1 1 88476.988488234128 88643.764886127668 89760.274001722675 87464.932558756263
11410356 1 4 5 11 8 2 4 4 7 1 6 3 1 0 2 1 3 1 2 1 0 0 0 0 0 0 1 81303.826714155643 79130.599049015756 80490.574645748478 79630.7192819396
11410357 1 0 4 3 0 0 3 2 0 3 4 1 3 0 2 1 1 1 3 1 0 0 0 0 3 4 1 96102.005334836475 95739.393631585684 95864.045586965382 95999.534283521381
11410357 1 0 3 0 0 0 0 5 5 0 1 4 8 2 1 1 2 1 2 1 0 0 0 0 1 1 3 88571.80578745337 90625.838978907268 89437.983383289247 89747.400817417525
11410357 1 0 0 2 0 7 4 0 0 5 6 5 1 5 6 8 10 1 1 1 0 0 0 0 2 3 4 88307.657176106964 89688.746161720614 74329.250077999066 88211.559590524863
11410357 1 0 2 3 5 1 3 5 8 3 5 7 11 4 6 9 10 1 2 1 0 0 0 0 4 3 4 91781.537375144733 -1.0000000000000001e+300 91508.715569259191 -1.0000000000000001e+300
11410358 1 0 0 0 2 0 3 4 2 1 3 5 5 3 2 5 3 1 1 1 0 0 0 0 1 0 3 92985.950167655945 92877.239682515457 92990.268977764805 94479.323399967601
11410358 1 0 0 0 1 3 0 0 2 4 4 3 3 6 8 5 3 1 3 1 0 0 0 0 0 0 2 91042.580183111349 90995.130379579496 88947.441013199568 91022.715322948614
11410358 1 5 0 0 0 3 2 3 0 6 7 3 4 10 8 6 4 1 1 1 0 0 0 0 0 0 0 -1.0000000000000001e+300 86295.251292064204 73838.855415423095 87745.209938720218
11410358 1 3 9 1 2 10 8 4 1 11 8 5 1 4 0 0 3 1 1 1 0 0 0 0 1 4 3 98050.132421282993 89809.440201997466 100905.32387770152 95523.451078145605
11410359 1 0 0 2 4 3 1 3 4 0 3 4 1 6 5 4 2 1 1 1 0 0 0 0 3 4 3 92656.523305981682 -1.0000000000000001e+300 93950.86558058791 93135.133046527146
11410359 1 7 6 3 1 6 4 3 1 4 5 0 0 2 0 3 2 1 3 1 0 0 0 0 3 3 1 89531.393506741166 89679.711749891896 90756.906052698556 90122.729043766041
11410359 1 3 0 3 0 5 3 0 0 6 4 3 1 10 7 4 3 1 2 1 0 0 0 0 1 1 3 89655.744688176288 88510.223006364191 88577.915424666207 89563.982174936813
11410359 1 10 7 5 3 11 5 3 2 8 4 0 0 1 4 3 1 1 2 1 0 0 0 0 1 1 0 -1.0000000000000001e+300 73858.722984915818 86496.819969483753 82853.654064993709
11410360 1 0 2 1 0 0 3 3 0 0 3 6 0 3 4 6 3 1 1 1 0 0 0 0 3 4 4 93417.317774161929 92940.204422779279 92726.401458690088 93148.68827759735
11410360 1 7 2 0 1 6 7 0 2 5 5 1 0 3 2 3 1 1 3 1 0 0 0 0 3 3 3 89271.831514219928 88142.323084868607 90621.755577499702 90458.933983800627
11410360 1 3 1 0 1 4 3 2 0 6 4 4 0 10 7 4 3 1 3 1 0 0 0 0 2 3 2 89474.326240980154 88422.027248669459 89559.728496714815 89365.369325392603
11410360 1 9 8 6 3 11 5 4 3 5 4 4 1 4 2 0 3 1 1 1 0 0 0 0 1 2 2 86668.774682754374 84728.01531468358 86746.017090715002 84615.647145514202
11410361 1 5 5 1 3 3 6 5 0 0 4 3 0 2 0 0 0 1 3 1 0 0 0 0 4 4 1 92059.994085940314 91770.562528638184 91546.222520569223 91946.964448975923
11410361 1 4 6 8 5 3 5 6 4 2 0 3 4 0 3 0 0 1 2 1 0 0 0 0 3 1 2 89161.789941467781 90415.291687574922 90820.89076467944 86485.220194933485
11410361 1 10 9 8 6 2 4 5 7 0 0 4 1 0 2 2 0 1 1 1 0 0 0 0 3 2 3 89366.872406191134 89918.086323130483 89490.18353359148 75709.825912447355
11410361 1 5 1 11 10 4 7 6 9 6 5 5 8 2 0 3 3 1 2 1 0 0 0 0 2 1 3 77332.980650321289 88679.524049955013 -1.0000000000000001e+300 86606.74229509072
11410362 1 5 0 1 0 6 3 0 2 3 6 3 0 2 4 3 0 1 1 1 0 0 0 0 2 2 2 91222.414844385785 91516.614287030257 92155.508031621503 91165.247688484174
11410362 1 6 4 0 0 7 6 4 0 6 4 4 2 4 2 0 0 1 3 1 0 0 0 0 4 2 3 88107.794157197815 87805.602987988052 89126.92294516816 88682.414402821858
11410362 1 10 9 8 5 3 3 4 7 0 4 3 3 3 0 2 0 1 1 1 0 0 0 0 1 1 1 89461.94123617369 89135.078684665263 88996.182187071056 72446.89411582613
11410362 1 3 11 6 1 0 6 3 3 0 4 4 0 0 2 1 0 3 6 0.1818181818181818 7 0.27272727272727271 8 0.54545454545454541 3 4 2 76240.395871769084 78007.249017057315 -1.0000000000000001e+300 80928.154468938286
11410363 1 2 0 0 0 4 4 5 3 4 4 6 3 3 3 3 3 1 2 1 0 0 0 0 4 2 2 93298.170624975173 91992.540760526579 92284.772959015187 91741.514251064349
11410363 1 3 3 2 0 7 4 1 3 6 3 3 1 3 1 2 3 1 3 1 0 0 0 0 2 3 1 90803.283733952601 90142.298456937584 90847.373413638576 90871.88943018805
11410363 1 6 8 9 10 4 6 6 5 1 4 3 4 0 2 1 3 1 3 1 0 0 0 0 1 2 2 88041.538772373911 87819.539933489272 -1.0000000000000001e+300 87397.781563886441
11410363 1 10 11 2 4 9 8 5 3 1 8 2 0 5 4 4 0 1 1 1 0 0 0 0 3 3 2 97570.84024194823 86832.601456550095 99049.47060730806 91795.173388116295
11410364 1 2 1 3 2 5 3 0 0 1 5 0 0 2 3 4 1 1 3 1 0 0 0 0 4 4 3 94214.532546981165 94237.196019059003 95070.834388696938 95067.851745495645
11410364 1 2 1 5 7 0 3 6 8 2 3 4 6 0 1 3 4 1 2 1 0 0 0 0 2 1 1 83956.739091132069 91000.254566292104 91312.458806345065 90638.866264616372
11410364 1 3 5 7 10 1 3 4 6 2 3 3 4 0 0 0 1 1 1 1 0 0 0 0 1 3 2 89045.836110521414 89364.235967921995 89313.106600411498 87952.349458658209
11410364 1 10 11 7 8 7 8 9 3 5 6 1 1 3 1 0 2 1 3 1 0 0 0 0 0 2 0 62000.553492326391 62155.959882696523 57313.423121499123 43933.954756714469
11410365 1 0 0 3 2 2 1 5 3 0 4 3 3 0 2 1 6 1 1 1 0 0 0 0 1 1 2 93877.020286851461 94224.310922119344 93475.255156590603 94349.583799630404
11410365 1 1 3 4 4 1 3 6 7 0 4 2 1 0 0 2 0 1 3 1 0 0 0 0 2 3 2 90476.252625890964 89996.379433692142 91772.545347819439 89567.359178204657
11410365 1 4 6 8 10 3 3 4 1 0 0 3 0 0 0 1 0 1 3 1 0 0 0 0 2 4 2 88336.933354989786 88816.860141933139 -1.0000000000000001e+300 82833.103926613519
11410365 1 9 11 6 3 7 5 4 2 0 5 3 0 1 3 0 1 1 1 1 0 0 0 0 0 2 2 86495.493647053678 84417.362479327727 86843.627293365163 80588.469849185072
11410366 1 4 1 2 1 3 4 3 3 2 1 2 4 1 1 4 0 1 2 1 0 0 0 0 0 1 0 95367.986788961614 95299.200046506172 95697.504248301178 94951.961748864909
11410366 1 0 3 0 3 3 3 2 0 6 3 0 0 6 8 6 4 1 2 1 0 0 0 0 4 2 3 91266.441618581011 89851.29431224514 86019.166459491855 91056.012805628299
11410366 1 3 3 0 1 4 4 0 3 7 5 4 0 10 6 5 4 1 2 1 0 0 0 0 0 0 0 89377.628350995132 88762.883663003799 89410.308231941803 90037.303863936817
11410366 1 6 5 5 4 0 8 6 4 0 11 10 1 1 3 3 0 1 3 1 0 0 0 0 2 4 3 67286.469329915257 66786.530866631001 58894.807199886272 55679.476678799627
11410367 1 2 1 2 0 6 5 0 0 4 4 3 4 2 2 1 3 1 1 1 0 0 0 0 1 0 0 93482.311006428266 93738.636316648233 94195.044397989914 93734.343136681448
11410367 1 4 6 8 7 1 3 4 6 0 2 3 4 0 1 1 3 1 2 1 0 0 0 0 0 1 4 90962.117729475314 -1.0000000000000001e+300 91457.878994861821 86190.768733800476
11410367 1 7 8 9 10 3 6 3 7 3 4 3 0 4 3 1 2 1 1 1 0 0 0 0 3 4 4 85647.252570854995 85304.941567287693 88424.195758712522 72500.908479703285
11410367 1 10 11 4 2 8 7 1 1 6 0 0 0 1 0 0 0 1 2 1 0 0 0 0 0 1 1 -1.0000000000000001e+300 88653.913197734946 89331.774881908204 80282.257033904738
11410368 1 1 2 4 4 3 3 5 3 0 4 3 0 0 3 0 3 1 2 1 0 0 0 0 4 3 3 94256.556141473848 94982.212343393418 95171.939605125779 94604.837783563882
11410368 1 7 5 3 3 6 6 4 0 2 1 0 4 0 0 0 3 1 1 1 0 0 0 0 0 1 1 90800.192150744304 92295.213647736484 91000.371849921212 90030.530119627001
11410368 1 3 2 0 1 7 5 0 3 8 6 5 3 10 7 6 1 1 2 1 0 0 0 0 3 3 4 89104.899922778946 88268.061962838692 90342.574723991347 90446.81905846388
11410368 1 0 0 3 1 2 4 4 4 3 5 6 7 4 7 11 8 1 1 1 0 0 0 0 2 3 2 83661.835590803443 83580.746954749266 80405.249168435301 -1.0000000000000001e+300
11410369 1 2 6 5 4 1 3 6 4 5 3 0 0 4 3 3 3 1 1 1 0 0 0 0 2 3 1 91895.517430553169 91400.276231214724 90964.644463100529 89474.730790397851
11410369 1 1 0 1 2 0 3 4 5 0 0 3 8 0 0 3 6 1 3 1 0 0 0 0 1 2 3 88341.297404106488 90691.287487381458 91055.326470514992 90314.855420843276
11410369 1 5 7 8 9 1 4 6 3 3 3 0 6 0 0 2 6 1 1 1 0 0 0 0 2 3 1 87051.892212183069 87551.322449440107 84909.83084120987 73074.737168636231
11410369 1 10 11 7 1 8 7 5 1 7 6 4 2 4 1 2 3 1 2 1 0 0 0 0 0 0 0 90182.407340131467 91295.376845277759 92303.709487554181 91914.016257672149
11410370 1 2 3 1 3 0 4 2 0 1 4 0 0 3 2 5 0 1 1 1 0 0 0 0 1 1 1 95621.777511031542 95907.11708792932 96542.202284141807 95785.099192054724
11410370 1 6 8 6 4 0 3 4 0 3 1 3 0 0 0 2 3 1 2 1 0 0 0 0 4 3 3 91167.883857208537 91407.323729118129 91286.720219804323 87822.938969870214
11410370 1 10 9 7 4 8 5 3 0 6 4 1 1 3 3 0 2 1 2 1 0 0 0 0 2 2 3 88876.855872574204 83757.814092147251 88467.038178756906 81691.680534309999
11410370 1 3 1 11 10 2 6 5 9 0 5 3 3 0 0 2 4 1 1 1 0 0 0 0 2 2 3 88333.535930216531 91194.872364870942 -1.0000000000000001e+300 86987.2269414771
11410371 1 2 1 0 0 3 4 0 2 3 6 4 2 4 5 4 1 1 2 1 0 0 0 0 4 2 4 92394.977945433711 92712.640660685662 92642.008638393949 92045.519231309605
11410371 1 0 1 2 0 3 1 3 0 7 4 0 2 8 6 5 4 1 3 1 0 0 0 0 1 1 0 89649.625366667518 87899.726907584467 87174.373230510988 89787.20608723785
11410371 1 0 0 1 0 0 2 1 3 3 3 6 5 3 5 7 9 3 4 0.33333333333333331 5 0.33333333333333331 6 0.33333333333333331 3 4 3 90435.463094980514 90108.730892314619 87367.223469247343 90336.919182437807
11410371 1 3 0 0 4 1 1 3 6 4 4 5 8 2 6 8 11 1 2 1 0 0 0 0 3 3 3 76686.62296061746 81542.944471284573 77760.203644508671 -1.0000000000000001e+300
11410372 1 3 5 1 5 0 3 5 4 0 3 6 3 0 0 1 2 1 2 1 0 0 0 0 2 2 2 91096.125120770492 92392.670618290373 92389.183437771251 92485.118795861141
11410372 1 3 3 0 3 2 3 5 6 0 1 4 7 0 0 3 4 1 1 1 0 0 0 0 0 1 1 90822.956493472288 91331.130991133439 90761.475301895844 91474.638955106901
11410372 1 2 3 4 10 3 3 5 8 1 4 7 7 1 3 3 2 1 3 1 0 0 0 0 0 0 0 77938.041538197445 84627.639087622127 84962.613922834149 84459.365093973538
11410372 1 4 3 1 2 6 4 1 0 7 7 5 2 10 11 1 3 3 6 0.1818181818181818 7 0.27272727272727271 8 0.54545454545454541 1 2 4 81354.340718772088 89149.706192148689 78906.435661510215 80280.010691187315
11410373 1 3 1 0 3 4 4 2 0 5 4 1 0 6 3 0 0 1 3 1 0 0 0 0 0 1 0 93776.187678866918 93805.949450280925 93981.524300893143 93842.218135409872
11410373 1 4 6 8 7 0 3 5 1 1 2 3 2 0 2 1 0 1 3 1 0 0 0 0 0 0 2 91576.452577335425 91450.063985878864 91315.565396266698 88460.355434014753
11410373 1 5 9 9 10 5 3 1 3 3 2 0 0 0 1 0 0 1 2 1 0 0 0 0 0 0 1 92470.850320467289 92275.747682470348 95157.0991345027 92869.88582002373
11410373 1 10 11 6 4 9 6 5 3 6 4 1 3 3 0 2 0 1 2 1 0 0 0 0 3 2 3 91234.266306082383 91367.473024034494 91563.680532442493 83069.018664042596
11410374 1 2 6 2 0 1 5 6 3 5 1 1 2 3 0 0 0 1 2 1 0 0 0 0 1 0 2 90535.901629871791 91303.466092003699 90994.203481391611 90299.876853127251
11410374 1 2 3 4 0 0 1 3 3 2 3 6 7 1 1 6 0 1 3 1 0 0 0 0 0 1 0 90849.797012963434 89769.81467340923 90072.428682638507 90333.322572244331
11410374 1 6 7 8 9 2 6 4 2 0 3 4 5 0 1 0 2 1 1 1 0 0 0 0 1 0 0 89441.200964701566 89425.686235560323 90658.868280494498 82196.019876550505
11410374 1 7 0 3 1 2 6 5 4 1 3 7 11 3 4 8 10 1 3 1 0 0 0 0 2 3 2 75836.114185704544 75844.5535905898 79869.82357952997 77154.054861298282
11410375 1 1 0 0 0 0 2 3 0 0 0 4 1 5 4 3 2 1 1 1 0 0 0 0 1 2 2 96054.585782657727 96742.16325749291 96255.893554309354 95989.183745866365
11410375 1 7 3 0 1 8 3 0 0 7 5 0 0 7 4 2 0 1 3 1 0 0 0 0 1 1 1 91207.85687097795 84376.307228355523 89225.326173608613 91687.374906873723
11410375 1 2 0 1 0 3 0 3 0 3 4 4 3 10 9 7 5 1 3 1 0 0 0 0 0 0 0 89548.783935026862 89598.316088183827 80868.450781032196 89447.535698699561
11410375 1 10 9 7 3 11 5 4 2 5 0 4 0 3 2 0 2 1 3 1 0 0 0 0 3 0 0 90522.274330494576 91158.36081431972 90381.763158438422 79158.082892344639
11410376 1 0 0 2 3 1 5 0 4 3 3 4 1 0 2 3 3 1 1 1 0 0 0 0 0 1 0 94746.102228041054 95352.502051070871 95163.436600273053 95187.516623744246
11410376 1 3 0 1 2 0 3 4 5 0 1 4 5 4 2 7 3 1 3 1 0 0 0 0 0 0 0 88853.468667625057 90405.698328522383 89763.414786188718 90378.148540503287
11410376 1 0 1 0 0 0 3 2 3 2 3 0 9 7 6 9 10 1 3 1 0 0 0 0 4 3 3 90266.613972914274 89240.259219603031 85650.344742805508 88965.351414158678
11410376 1 1 0 0 0 3 3 0 0 7 4 3 2 8 11 5 4 1 3 1 0 0 0 0 3 3 2 84856.661702589932 85036.863352246975 79346.786920535233 -1.0000000000000001e+300
11410377 1 1 2 3 4 2 3 3 4 0 5 1 3 0 1 2 0 1 3 1 0 0 0 0 0 0 0 95459.679625164368 95414.20845138024 95690.592520639941 95186.276701927723
11410377 1 5 6 8 6 0 0 6 4 0 0 2 4 1 1 2 1 1 3 1 0 0 0 0 1 2 3 90672.898664119188 90411.181033400586 90218.014067451062 86626.368495467541
11410377 1 9 8 5 0 6 7 3 0 5 5 1 1 4 3 3 2 1 3 1 0 0 0 0 1 2 3 91518.614806065249 88114.189563622946 91384.09454264582 91155.73830205253
11410377 1 5 3 3 0 11 5 0 0 7 6 2 0 6 1 0 1 1 3 1 0 0 0 0 0 1 1 82663.482634107131 81823.095126098313 82749.916880538658 82549.817162456748
11410378 1 0 3 6 4 0 1 6 3 2 4 2 3 0 0 3 0 1 3 1 0 0 0 0 4 3 2 92289.227363350117 92223.365091959626 92312.526267188296 92382.923124671157
11410378 1 7 8 7 4 6 5 3 0 5 3 2 0 2 1 0 1 1 1 1 0 0 0 0 3 4 4 91931.668968278958 90929.288839589048 91928.934401563776 88146.817727670277
11410378 1 10 6 4 3 5 4 3 2 4 2 3 0 3 0 3 0 1 1 1 0 0 0 0 2 1 0 89024.073070684521 88102.471658737515 88940.043430725302 88820.339239685636
11410378 1 5 0 0 1 11 3 0 0 8 7 7 0 4 3 1 2 1 2 1 0 0 0 0 0 0 0 82811.315805197737 79781.71760638016 81637.252373021693 82814.729365566236
11410379 1 0 0 1 0 2 3 4 3 0 4 5 4 1 5 6 3 1 1 1 0 0 0 0 1 3 3 91473.01957960923 91626.73438262938 91843.952589836044 92193.108374459393
11410379 1 3 4 4 5 1 5 6 6 3 0 4 8 0 1 0 7 2 4 0.5 5 0.5 0 0 1 3 1 86434.72171799744 88592.473880030244 90314.662064552889 89526.292725490945
11410379 1 0 0 2 3 3 0 4 5 1 4 5 7 4 6 8 10 1 1 1 0 0 0 0 2 3 2 89199.420640480836 89719.652116498735 88617.816193529783 -1.0000000000000001e+300
11410379 1 3 4 4 10 3 8 4 11 0 0 1 6 0 0 2 3 1 1 1 0 0 0 0 3 4 4 69604.887137934464 78410.856399789671 77972.258182416932 76936.027424630869
11410380 0 0 2 1 4 3 6 4 1 2 3 4 5 0 0 1 0 1 2 1 0 0 0 0 0 0 1 93317.982594807938 92554.682645965499 93535.412590874563 91634.692500644262
11410380 0 6 8 6 3 5 5 0 3 4 0 1 0 1 2 0 0 1 3 1 0 0 0 0 3 4 2 91386.893433516394 91007.762907089564 91528.115658618059 87959.894797787405
11410380 0 10 8 7 6 0 6 6 4 1 3 3 0 0 0 0 3 1 3 1 0 0 0 0 2 3 1 89679.330163667633 89571.7558062764 90087.515647331427 83141.440773568174
11410380 0 4 6 11 10 3 3 3 3 1 0 2 0 0 2 0 0 1 2 1 0 0 0 0 4 2 3 86819.605866304788 87378.948721347508 87075.638150188301 81233.786162692166
11410380 0 1 5 11 10 7 6 7 9 1 4 8 4 2 6 3 5 1 1 1 0 0 0 0 1 3 1 -1.0000000000000001e+300 -1.0000000000000001e+300 3 3
11410381 1 3 1 2 3 0 4 1 4 0 3 2 2 0 1 0 0 1 1 1 0 0 0 0 2 3 3 96480.855045740085 96351.590159271436 96754.31292808766 96581.523386213506
11410381 1 0 5 6 6 2 3 6 8 0 3 5 6 0 3 2 5 1 3 1 0 0 0 0 3 1 1 85625.899025982784 91160.939299900783 86123.496816344283 85447.478016456967
11410381 1 5 6 7 9 3 5 5 8 0 0 3 5 0 2 1 0 1 3 1 0 0 0 0 2 2 2 91212.861792249852 90826.40893746959 90918.024536388242 84759.667725452062
11410381 1 1 3 1 4 0 3 4 6 3 4 5 11 4 5 7 9 1 2 1 0 0 0 0 2 3 3 85104.434976375414 -1.0000000000000001e+300 84815.649692761712 86771.221114803164
11410382 1 2 2 2 0 4 1 4 1 3 3 0 2 3 4 1 0 1 3 1 0 0 0 0 2 1 1 95791.466777894224 95953.349156853583 96014.753275442999 95964.966328553026
11410382 1 3 6 7 5 2 2 3 3 0 0 1 1 0 0 0 2 1 1 1 0 0 0 0 2 2 4 91040.493868363745 91044.342601230528 91395.358154414658 90142.360097023193
11410382 1 3 6 7 9 1 3 4 0 0 3 2 2 0 3 1 0 1 2 1 0 0 0 0 4 3 4 90331.437373932364 90604.557998298784 89920.431282617079 85722.870462730963
11410382 1 1 11 2 0 7 5 3 1 3 4 4 0 3 3 3 0 1 2 1 0 0 0 0 0 0 1 77951.079839466402 77342.030465304386 77916.970455202783 77248.796751200425
11410383 1 0 3 3 0 1 2 3 2 2 0 0 2 0 0 3 0 1 1 1 0 0 0 0 2 0 0 96791.462082087994 97450.926621940394 97266.899858474731 97111.053447339276
11410383 1 0 2 0 4 0 0 0 6 0 1 5 8 2 1 5 7 1 1 1 0 0 0 0 3 4 4 90729.444311512052 92281.181114416948 91177.005083036667 91333.937005383515
11410383 1 0 0 3 1 1 0 3 4 0 5 6 5 5 7 8 10 1 2 1 0 0 0 0 0 1 0 89274.609205355446 89789.567023328884 83870.526123437201 90218.765666426654
11410383 1 4 6 7 9 3 5 6 11 3 1 5 7 2 2 5 1 1 3 1 0 0 0 0 4 4 3 -1.0000000000000001e+300 -1.0000000000000001e+300 87300.033393355203 81634.24973830067
11410384 1 4 0 3 3 1 3 1 0 2 3 2 5 0 1 0 0 1 1 1 0 0 0 0 1 3 1 95903.842291831315 96191.903508806208 95590.806511388466 95909.976569357852
11410384 1 0 0 0 3 0 0 0 3 0 4 4 4 1 4 7 7 1 1 1 0 0 0 0 2 4 2 90043.108300744076 91092.505880843353 90391.475685051671 90497.618605744472
11410384 1 1 0 0 2 0 3 3 4 4 6 5 8 1 3 4 10 1 2 1 0 0 0 0 1 1 0 84640.257990973711 88371.456443635951 83906.681610375876 86922.853375271588
11410384 1 10 8 2 3 11 5 0 2 8 3 0 0 4 1 0 0 3 6 0.1818181818181818 7 0.27272727272727271 8 0.54545454545454541 3 2 2 76832.283399758191 74641.694009778832 -1.0000000000000001e+300 87788.405816544502
11410385 1 3 0 0 0 2 1 0 0 4 4 1 0 5 2 0 3 1 1 1 0 0 0 0 2 3 1 95932.58810018214 96626.768138076703 96221.899802277723 96103.123636166245
11410385 1 1 0 2 0 0 1 6 1 0 7 6 3 0 2 1 2 1 2 1 0 0 0 0 0 0 3 90964.970537115616 90612.418820007995 90897.037303269142 91208.508023289643
11410385 1 5 3 0 0 7 0 0 1 8 5 3 3 10 8 5 0 1 3 1 0 0 0 0 3 4 2 89953.686967058282 82108.954306476371 90011.987197835057 90410.44318789363
11410385 1 8 5 11 10 3 4 7 9 4 2 0 6 1 1 0 2 1 3 1 0 0 0 0 3 3 3 81772.674548825453 84664.449497972964 85471.261905273539 62274.503893939953
11410386 1 2 3 0 1 0 3 0 2 3 1 4 0 0 2 0 0 1 1 1 0 0 0 0 0 0 0 97235.57489599385 97168.136758156208 96757.970397261961 96726.333157362387
11410386 1 5 8 5 1 4 2 1 1 3 3 0 0 1 0 0 0 1 3 1 0 0 0 0 0 3 1 89807.867392054177 90468.874915468856 -1.0000000000000001e+300 87669.315870681778
11410386 1 9 8 7 6 7 6 5 3 0 1 3 0 3 0 2 0 1 1 1 0 0 0 0 3 4 4 89938.104209225799 90938.802726641763 90739.513278299142 77656.158133381745
11410386 1 4 0 3 0 5 2 1 0 11 5 4 0 10 7 3 2 1 3 1 0 0 0 0 4 3 2 88606.852472017665 81185.131351034419 84938.089717321753 -1.0000000000000001e+300
11410387 1 0 4 4 2 0 5 4 0 2 3 2 4 0 1 0 1 1 1 1 0 0 0 0 0 0 0 95153.197567476498 95035.88497126865 94617.680994245995 95007.067501544676
11410387 1 0 0 0 3 1 0 4 4 0 3 6 4 4 6 8 7 1 1 1 0 0 0 0 1 3 1 91252.677369572266 89579.40401837854 86625.928361609695 91239.533405918104
11410387 1 3 0 0 1 0 0 3 6 3 4 4 8 1 6 7 9 1 2 1 0 0 0 0 0 1 1 86978.941508776217 90830.432718003533 87817.927642297276 90743.989351790136
11410387 1 0 0 3 0 0 3 1 0 2 4 0 1 5 8 11 3 1 1 1 0 0 0 0 2 4 2 81790.175359291068 82629.33727984826 80011.399829300339 81519.649370530591
11410388 1 1 0 5 3 3 5 6 3 0 3 4 4 0 1 2 0 1 2 1 0 0 0 0 2 2 4 91922.891401280809 91758.756482625133 92908.797768043616 93198.222091999312
11410388 1 1 3 6 3 0 4 5 8 0 0 3 3 0 0 0 2 1 3 1 0 0 0 0 0 0 0 85653.574063290987 86770.499165035959 -1.0000000000000001e+300 86428.882175161751
11410388 1 6 7 8 9 1 6 5 5 2 2 1 1 0 0 3 0 1 3 1 0 0 0 0 1 2 2 91345.6953607498 91055.226257123853 91175.777497416901 85238.596774381207
11410388 1 10 11 8 7 9 5 4 8 5 4 0 3 1 4 1 1 1 3 1 0 0 0 0 0 3 1 78662.360362015606 74767.806297315998 75785.426706509694 57328.131848196717
11410389 1 0 4 3 6 0 3 6 3 6 3 4 3 1 3 0 1 1 3 1 0 0 0 0 2 4 1 89304.049538972511 89441.48732648576 88600.063300979513 88932.35558415635
11410389 1 0 0 3 2 0 1 5 3 0 3 5 3 3 6 8 4 1 3 1 0 0 0 0 4 4 3 89641.602301894382 -1.0000000000000001e+300 88165.08186752224 89574.635192279587
11410389 1 0 1 0 0 6 1 0 0 3 5 2 2 3 5 8 9 1 2 1 0 0 0 0 2 1 2 90751.943395757538 91391.463390934849 83834.158790679474 91285.953542090807
11410389 1 3 4 6 9 0 2 5 11 3 2 0 6 1 0 0 4 1 1 1 0 0 0 0 2 2 0 75602.726559944378 85256.297683618002 85964.001732817749 83024.490113935317
11410390 1 3 0 0 0 0 1 2 4 2 6 4 4 0 1 4 1 1 2 1 0 0 0 0 2 2 2 93567.111088049845 93852.206841207415 94392.410792774535 94198.610049524999
11410390 1 0 7 0 3 5 4 3 3 1 3 5 0 2 2 1 3 1 2 1 0 0 0 0 4 3 3 90840.601322442482 90601.008519414783 90474.343862257971 90440.718965046748
11410390 1 9 8 7 6 4 6 5 4 1 0 3 1 0 0 2 2 1 1 1 0 0 0 0 2 3 4 89777.47511446767 91067.943337933539 91490.834292379834 76847.437824145134
11410390 1 8 11 5 3 7 5 2 1 4 0 2 0 3 0 2 0 1 1 1 0 0 0 0 2 1 2 84838.854034881791 82725.58163268496 -1.0000000000000001e+300 77612.538856896863
11410391 1 1 5 3 0 5 6 4 3 4 0 1 0 2 0 0 2 1 3 1 0 0 0 0 4 4 3 93022.840178518585 92428.814098884759 93555.43163353506 92868.962116778814
11410391 1 3 3 0 1 7 3 2 0 6 5 3 2 1 0 1 0 1 3 1 0 0 0 0 2 3 2 90721.324071883108 90758.763559933999 90529.46113264584 91081.934589963814
11410391 1 1 0 0 0 0 0 2 2 3 0 3 3 9 8 5 2 1 3 1 0 0 0 0 2 0 1 91541.80262637166 91571.168301386555 87744.301013777425 91339.234688703669
11410391 1 3 2 1 0 0 3 3 3 1 6 5 8 5 7 11 9 1 2 1 0 0 0 0 0 0 0 85561.931618055125 86365.261720172086 73963.033866294543 85678.92523521019
11410392 1 0 3 3 6 2 2 6 5 0 3 3 3 0 0 0 3 1 3 1 0 0 0 0 4 2 1 92094.0376544639 92980.060114895838 93009.890844269394 93181.105275154405
11410392 1 3 0 3 3 0 0 4 3 1 3 4 5 4 7 8 6 1 2 1 0 0 0 0 3 3 3 89884.747934345738 91130.283285874786 87476.271574537939 90978.981099284079
11410392 1 1 3 5 3 1 3 5 6 2 4 6 7 3 4 8 9 1 1 1 0 0 0 0 2 4 3 -1.0000000000000001e+300 -1.0000000000000001e+300 86396.113211341959 91245.178246961252
11410392 1 0 0 3 2 3 0 5 5 0 3 6 7 3 6 11 10 1 2 1 0 0 0 0 3 1 1 86235.052226264597 89666.022862768616 89457.699314319791 90342.253472841694
11410393 1 6 2 0 0 3 6 1 0 0 3 0 1 0 0 3 0 1 3 1 0 0 0 0 1 2 1 94856.329667815007 94310.68154760632 94736.816974321991 93957.78982266839
11410393 1 1 2 0 3 0 1 3 3 4 5 7 5 5 6 8 6 1 2 1 0 0 0 0 3 3 4 87010.232669849764 89013.989742551174 84548.494679996016 89169.630348093808
11410393 1 0 1 2 0 2 1 3 3 3 6 6 3 7 8 9 10 1 3 1 0 0 0 0 1 1 2 88406.599724282438 88505.003034965237 89408.256826452678 90606.816682791017
11410393 1 0 1 0 0 4 3 0 0 6 4 2 2 9 11 5 1 1 2 1 0 0 0 0 3 2 4 85764.855958429092 86414.602374508278 80167.756129201807 86252.19884615732
11410394 1 0 0 1 0 4 0 4 0 2 6 3 3 1 3 3 0 1 1 1 0 0 0 0 2 4 3 94607.616698024824 94581.954295209158 94162.53015577585 94571.06509939571
11410394 1 6 8 6 2 5 4 1 0 2 3 0 0 0 0 0 1 1 3 1 0 0 0 0 0 0 0 91164.71015175138 91045.547193872524 91577.567202173101 88165.73720312443
11410394 1 4 7 8 10 5 6 3 2 3 4 1 0 3 0 0 0 1 2 1 0 0 0 0 3 2 3 -1.0000000000000001e+300 88305.778164354764 88976.140599733859 76839.692770003603
11410394 1 0 1 3 0 0 0 2 11 0 0 3 7 3 0 3 4 1 3 1 0 0 0 0 2 2 0 82208.162390405108 83786.949394871801 82757.752635404511 83631.235628279886
11410395 1 1 3 1 3 0 2 4 4 2 3 3 4 0 3 6 0 1 1 1 0 0 0 0 0 1 2 93326.561925475995 94335.448182141336 93359.142839502412 93309.217810861112
11410395 1 1 0 0 4 0 0 4 6 0 3 5 8 0 3 3 7 1 2 1 0 0 0 0 3 3 3 87209.309361071224 91660.066082066987 91402.429037311114 91432.736949210841
11410395 1 2 6 7 10 1 1 5 6 0 0 3 5 3 0 2 0 1 2 1 0 0 0 0 4 3 4 89180.550433647528 89834.828239591166 89052.398089606504 83158.702212895281
11410395 1 5 0 3 2 8 5 1 0 11 4 3 2 6 2 1 0 1 1 1 0 0 0 0 1 1 0 81521.303620312348 76888.646076383462 82097.627617316582 82317.360163207384
11410396 1 0 0 0 3 1 3 3 3 2 3 6 2 0 3 4 1 1 2 1 0 0 0 0 3 2 3 94221.778408673068 94173.491730509762 94553.088155193516 94385.495323738563
11410396 1 0 0 2 0 1 0 0 3 2 5 4 0 3 5 8 4 1 2 1 0 0 0 0 4 2 3 90379.382439111301 90376.535979508495 88669.906618334076 90368.5151966345
11410396 1 3 3 0 1 0 4 4 2 4 6 5 3 6 7 9 10 1 3 1 0 0 0 0 1 1 2 90371.345306689473 91032.602466079348 76958.785405108982 90538.74281397539
11410396 1 2 0 8 9 0 2 6 11 0 3 6 7 0 0 3 5 1 1 1 0 0 0 0 1 0 2 82000.781738660473 87897.575555441595 87712.665863448899 86249.599613421349
11410397 1 3 0 3 0 5 4 3 1 4 5 2 1 3 5 0 0 1 3 1 0 0 0 0 0 1 1 93914.886672258377 93598.156935144376 93526.095412934257 93731.304791638147
11410397 1 7 3 0 0 8 6 2 0 7 5 1 0 4 4 1 2 1 2 1 0 0 0 0 2 1 3 90334.667642698609 89177.531280747673 90665.074620924104 90412.674631734364
11410397 1 10 9 8 6 1 4 4 5 1 2 1 0 0 0 1 0 1 2 1 0 0 0 0 1 3 3 89787.595556826214 90615.305528880752 -1.0000000000000001e+300 74724.112568653567
11410397 1 9 11 7 5 6 3 1 2 3 0 0 3 3 0 0 0 1 2 1 0 0 0 0 3 2 2 84526.381975342752 83742.023674493816 84311.408209866422 75546.640670180364
11410398 1 2 2 3 2 2 3 5 0 1 4 6 0 3 4 6 5 1 2 1 0 0 0 0 4 0 4 -1.0000000000000001e+300 90360.264232311936 90270.148153058282 90525.953874254119
11410398 1 0 1 0 1 0 3 0 2 5 5 3 4 5 8 6 3 1 3 1 0 0 0 0 3 4 3 88464.683572715599 89127.181866486833 88619.921659300846 91362.812336596107
11410398 1 2 4 3 0 5 4 2 2 7 5 5 1 10 7 5 1 1 1 1 0 0 0 0 0 0 0 89740.601395195874 85908.22101025084 87559.655332774346 89231.171600349204
11410398 1 4 3 3 3 1 4 7 2 11 11 4 1 3 2 1 0 1 2 1 0 0 0 0 3 3 4 86616.848213772464 86904.127781789051 86640.279054498344 86304.117743196897
11410399 1 2 0 1 0 2 4 6 5 3 3 4 5 0 2 1 2 1 3 1 0 0 0 0 4 2 3 92858.601979833082 92129.561090210336 91876.357908331309 92606.026759271263
11410399 1 0 4 7 6 2 4 3 4 1 0 1 2 0 0 3 0 1 3 1 0 0 0 0 4 4 3 91707.532577301448 90870.575916823 91414.006280679241 90637.986545355408
11410399 1 5 7 8 10 6 4 3 0 1 3 1 0 0 2 0 3 3 4 0.5 5 0.25 6 0.25 1 2 0 87224.153611327638 88722.379720591285 89439.917154734838 81718.951001862166
11410399 1 0 0 3 3 2 3 3 9 3 5 8 11 1 3 6 10 1 3 1 0 0 0 0 1 1 1 66765.276718583831 70577.036651295959 70239.515625702217 72050.298003453005
11410400 1 0 0 0 3 3 4 3 1 0 0 3 4 3 1 3 4 1 2 1 0 0 0 0 1 2 1 95851.387179879122 -1.0000000000000001e+300 96095.463685085386 96101.133150200039
11410400 1 0 3 4 1 3 0 4 4 3 7 5 3 4 7 8 6 1 1 1 0 0 0 0 2 4 2 85765.060148431396 85817.365677793074 77711.161343645843 85860.916783038832
11410400 1 0 3 3 1 0 8 4 3 5 4 5 4 10 7 8 5 1 2 1 0 0 0 0 0 0 0 81166.398409848363 79955.486742457986 57534.128279397388 -1.0000000000000001e+300
11410400 1 3 0 1 4 0 2 5 5 1 1 6 8 5 4 11 10 1 2 1 0 0 0 0 0 1 2 87264.021414926523 88650.328482569021 85770.154250875043 89656.054843015008
11410401 1 1 5 5 2 5 6 3 3 3 4 2 0 0 0 0 1 1 3 1 0 0 0 0 2 2 2 91654.829024158666 91570.402547403544 91522.034174149128 90910.105752258445
11410401 1 5 6 8 6 5 6 5 3 3 4 3 0 0 0 3 0 1 1 1 0 0 0 0 3 4 4 90325.731935622563 89978.082358550542 90044.261298228172 86086.976715790792
11410401 1 3 5 6 10 0 3 4 5 1 2 0 4 0 0 1 0 1 1 1 0 0 0 0 1 3 4 88456.63085591291 88771.372057701694 88897.909153306653 85904.296396188933
11410401 1 3 6 11 10 2 3 7 9 3 0 1 3 0 2 3 0 1 1 1 0 0 0 0 3 3 2 89394.049171727209 91385.883167088614 90947.173414298493 80186.475932082249
11410402 1 3 1 2 0 4 2 4 0 2 0 1 3 0 0 3 0 1 3 1 0 0 0 0 4 3 2 96119.917944117085 96789.270391110185 96456.284444530946 96550.850834705692
11410402 1 4 5 7 4 0 4 5 3 3 2 3 0 0 0 1 1 1 2 1 0 0 0 0 2 2 3 91018.655536805367 90930.252293140686 90908.388816963881 91000.429013051194
11410402 1 4 7 9 10 4 7 3 0 2 3 3 5 1 3 0 0 1 3 1 0 0 0 0 0 0 0 89756.391895524939 88291.586845420694 90559.586612450454 80649.834345709067
11410402 1 9 11 6 4 7 6 4 3 0 6 4 2 2 1 5 1 1 3 1 0 0 0 0 0 0 0 87312.306945401113 87464.247293375942 87360.210082128149 80978.055878338244
11410403 1 0 1 0 0 1 4 3 3 2 5 4 6 3 3 3 0 1 2 1 0 0 0 0 1 1 0 93689.053233372935 93967.046449096117 93313.020261172904 94097.488417281042
11410403 1 0 0 3 1 1 2 2 1 0 0 5 2 3 7 7 5 1 3 1 0 0 0 0 0 0 0 89966.596803409804 89247.235074343494 89318.469166084775 89945.678714993526
11410403 1 2 3 2 0 5 1 3 1 7 5 4 4 10 8 6 2 1 3 1 0 0 0 0 1 0 2 89244.247911454993 88980.265980656346 87716.785552295551 -1.0000000000000001e+300
11410403 1 0 3 4 8 2 3 5 9 2 0 5 11 0 1 3 4 1 3 1 0 0 0 0 4 3 3 77283.454191542609 84301.881438699042 85100.014953711143 85149.938469188826
11410404 1 2 2 3 3 0 1 5 4 1 3 0 1 0 0 0 2 1 1 1 0 0 0 0 1 2 2 96380.218237368274 96106.33667503066 96302.283938376117 96173.926251125013
11410404 1 7 2 0 0 5 5 1 0 3 4 3 0 3 3 0 2 1 1 1 0 0 0 0 0 0 0 91421.910026987753 90802.571223066028 91994.117867129738 92093.454955946334
11410404 1 9 8 7 6 0 3 4 5 0 0 3 3 3 3 0 0 1 2 1 0 0 0 0 4 3 3 90905.107443923422 91278.220989397814 91028.379736144707 81863.659102039674
11410404 1 9 11 7 4 8 7 5 4 3 5 0 0 3 0 1 2 1 3 1 0 0 0 0 3 3 3 86829.339287431561 87193.526528213057 85948.182223212119 78780.518204213324
11410405 0 0 0 2 0 0 3 1 2 1 2 0 3 3 2 1 0 1 3 1 0 0 0 0 1 0 0 96573.527867618526 97234.822562727655 97351.505603526472 96834.068632344395
11410405 0 3 1 3 5 0 2 5 6 3 4 6 8 0 0 6 6 1 2 1 0 0 0 0 3 2 1 81167.490221568703 91269.95927668974 87947.383676689889 87405.003688839948
11410405 0 0 2 3 2 1 2 1 6 0 0 6 7 5 6 8 9 1 1 1 0 0 0 0 1 1 1 89447.364859654466 90293.001495595425 90457.186547288729 91021.447963132843
11410405 0 1 0 0 0 3 4 1 2 4 6 3 3 4 8 11 4 1 1 1 0 0 0 0 2 4 4 81091.559171152447 80786.035324621029 78919.240015277683 80770.669238468312
11410405 0 6 4 1 1 8 3 5 3 9 7 8 3 10 11 6 7 1 3 1 0 0 0 0 0 2 2 -1.0000000000000001e+300 -1.0000000000000001e+300 6 6
11410406 1 3 1 3 2 4 2 4 0 1 4 0 0 1 2 0 1 1 1 1 0 0 0 0 1 3 2 95717.026091370761 95768.685539146711 96066.002129886765 96270.125413860209
11410406 1 3 3 4 0 7 6 3 2 3 0 0 0 1 3 0 1 1 1 1 0 0 0 0 2 4 4 90605.167134481278 90224.623590072981 90531.188960117899 90094.378920204195
11410406 1 0 0 0 1 1 2 2 4 0 6 6 3 4 7 9 10 1 1 1 0 0 0 0 0 1 2 90299.033228923232 90393.070647358079 79940.364187588668 90479.222166139894
11410406 1 2 2 0 0 4 4 0 1 5 2 3 1 10 11 6 1 1 2 1 0 0 0 0 2 1 0 86505.486603240744 82254.856516711327 81699.645410162862 -1.0000000000000001e+300
11410407 1 0 0 0 2 2 2 3 4 1 6 1 3 0 0 6 3 1 1 1 0 0 0 0 0 0 0 93367.264125799658 -1.0000000000000001e+300 92750.942847621249 92921.43665738299
11410407 1 0 0 0 2 3 1 2 1 3 3 3 0 3 7 6 3 1 3 1 0 0 0 0 4 4 3 91319.111711037942 91569.24238503151 90965.021913408375 91432.278143804695
11410407 1 10 8 6 4 8 5 4 0 5 4 2 2 4 3 3 1 1 1 1 0 0 0 0 1 1 3 90017.573823816128 87865.125554839615 91207.958501037981 90562.928977843447
11410407 1 2 6 11 9 0 0 7 8 3 1 1 3 3 0 1 0 1 1 1 0 0 0 0 1 4 2 74902.443467787816 83008.589258978958 83053.518804417719 77805.165520132185
11410408 1 3 5 4 1 3 6 3 3 0 3 6 0 0 0 3 1 1 2 1 0 0 0 0 1 2 1 91802.44262018321 91134.288167061619 91484.776427163015 90670.317699884821
11410408 1 1 0 3 0 7 1 0 0 8 7 5 0 6 5 5 1 1 2 1 0 0 0 0 1 3 3 87111.573187277332 86707.362198784191 85883.81484140495 86622.182261946582
11410408 1 4 1 2 0 7 5 0 2 8 6 5 3 9 7 6 4 1 2 1 0 0 0 0 4 2 4 89470.611012605281 87987.572607353635 89936.457666051137 89352.382851713817
11410408 1 3 1 3 0 4 5 2 0 7 4 3 3 9 11 6 3 1 1 1 0 0 0 0 3 4 2 85947.82553556138 81529.771166404142 84914.408273016015 83952.436646003815
11410409 1 0 0 3 2 0 1 6 3 0 0 3 6 3 3 3 4 1 1 1 0 0 0 0 3 4 3 92474.664011890345 92042.872275167043 91763.109941437797 91748.365420458314
11410409 1 4 1 0 0 6 2 3 3 8 4 4 0 7 7 3 2 1 3 1 0 0 0 0 3 2 2 90371.766406176219 86306.575598716619 90459.005912501481 91190.671704512191
11410409 1 2 3 0 1 5 3 3 0 7 6 4 0 10 7 6 4 1 2 1 0 0 0 0 4 3 4 89868.695645565618 88841.721787753326 87860.568703466677 89056.660987609852
11410409 1 0 5 3 2 1 5 4 3 0 5 6 6 3 7 11 10 1 1 1 0 0 0 0 3 4 4 81061.817896470922 84739.486370595914 83406.646235237917 83164.946426237249
11410410 1 0 0 0 2 1 5 6 0 4 5 1 0 2 4 3 2 1 1 1 0 0 0 0 0 0 0 93095.538399050929 92784.717438418447 93869.620736165467 92803.868700603023
11410410 1 4 3 1 0 6 4 2 0 8 5 1 2 8 1 0 0 1 2 1 0 0 0 0 0 0 0 89540.862774971727 85664.319329009246 89259.393202249266 90252.304823278406
11410410 1 1 2 0 0 6 5 1 4 8 4 4 1 10 8 5 3 1 3 1 0 0 0 0 1 3 0 89278.699944099324 87552.435581197395 87786.949280412082 -1.0000000000000001e+300
11410410 1 2 1 0 0 4 3 1 0 8 5 1 0 11 9 5 1 1 3 1 0 0 0 0 0 3 2 78190.580968282098 77824.986152355443 78632.674421914795 -1.0000000000000001e+300
11410411 1 3 1 4 3 4 2 1 0 1 0 4 0 0 3 3 1 1 2 1 0 0 0 0 1 3 1 95352.815782896694 95638.900033199796 95886.231651835958 95594.506540022965
11410411 1 0 2 1 4 0 3 4 7 1 3 6 8 0 4 4 7 1 2 1 0 0 0 0 0 0 0 82756.685843968065 91753.080033013917 90019.669585555108 90983.297155527136
11410411 1 1 0 1 4 0 2 3 6 0 3 6 8 2 5 9 10 1 1 1 0 0 0 0 3 4 4 81102.874442680462 87396.603110330456 85634.487939321989 87072.464647952627
11410411 1 1 2 2 0 5 4 4 4 8 7 4 3 10 11 7 3 1 1 1 0 0 0 0 0 0 2 92310.965434630925 87342.217599038981 89391.592068075872 91497.839845354538
11410412 1 3 0 2 0 1 3 4 3 0 1 2 1 2 4 2 3 1 2 1 0 0 0 0 3 1 2 95686.337468592334 96316.651476494473 95629.997767076362 95941.465112050369
11410412 1 3 5 7 6 1 4 6 0 1 4 1 4 2 0 3 3 1 2 1 0 0 0 0 1 2 1 89712.201005692972 89460.803524292001 90084.002692181501 88278.608576191371
11410412 1 6 7 9 10 5 7 2 0 3 4 0 2 0 3 0 0 1 1 1 0 0 0 0 1 0 0 90740.608366364584 88368.751160035681 90638.229612303927 77493.002517699133
11410412 1 8 11 5 0 7 4 3 1 4 0 2 0 0 3 0 0 1 3 1 0 0 0 0 0 0 0 84936.55147359558 83285.000419747215 84991.150992202602 80982.239820673276
11410413 1 0 0 3 3 0 3 3 5 1 3 6 4 0 3 4 2 1 3 1 0 0 0 0 0 0 0 92562.33906524349 93924.402229976578 92798.500546013864 92994.671832748529
11410413 1 3 4 8 6 0 3 4 3 0 4 3 4 1 0 0 2 1 1 1 0 0 0 0 1 2 3 91180.785470037095 90954.724093995232 90127.843979682613 85827.598113547283
11410413 1 0 4 8 9 0 0 1 5 3 2 0 2 0 1 0 0 1 3 1 0 0 0 0 0 0 0 89555.173356201092 91354.190987426904 91243.906101771528 85148.560775584017
11410413 1 0 3 4 3 1 1 4 1 2 3 4 8 2 5 11 10 1 3 1 0 0 0 0 3 4 2 87429.019163083445 -1.0000000000000001e+300 74101.080288735233 87479.803132536937
11410414 1 0 0 3 3 0 2 2 1 0 1 5 3 1 3 2 3 1 2 1 0 0 0 0 3 2 1 95702.802324455173 95959.960797060863 95834.069922231763 96142.315948857198
11410414 1 7 8 6 4 6 5 4 2 1 5 0 3 0 2 0 4 1 3 1 0 0 0 0 1 0 2 90915.616099955689 89880.281039139227 90717.490215218204 84180.759785247283
11410414 1 10 2 0 0 9 1 3 0 8 7 5 0 5 4 4 3 1 1 1 0 0 0 0 3 4 3 87766.714935527081 75222.701075369157 87782.674896966157 87182.390084687751
11410414 1 6 0 2 0 7 0 2 0 11 7 1 1 10 9 5 3 1 1 1 0 0 0 0 1 2 1 90567.150386056121 89894.147610568412 83257.527929675955 92499.391993754092
11410415 1 1 3 2 3 0 2 4 1 0 3 2 3 3 1 0 0 1 2 1 0 0 0 0 3 2 3 96140.373655833653 96338.645050219129 96168.582990385214 96067.399704934098
11410415 1 7 8 7 5 6 5 4 0 4 2 3 0 2 1 0 5 1 1 1 0 0 0 0 0 0 1 85974.068210460988 89237.039006095394 92142.365141256581 83525.756672024712
11410415 1 10 9 8 4 5 5 3 3 3 4 2 0 2 2 0 0 1 1 1 0 0 0 0 3 1 1 89378.116619175169 88898.263444904776 -1.0000000000000001e+300 82555.603126758549
11410415 1 10 8 3 3 11 9 7 1 5 4 4 6 3 2 3 0 1 3 1 0 0 0 0 1 1 1 82261.755685274344 72468.949267534408 -1.0000000000000001e+300 69129.674549568605
11410416 1 1 4 3 3 2 2 3 3 3 1 5 4 1 0 0 0 1 2 1 0 0 0 0 0 0 0 95055.304086725315 95570.437972464817 94986.365010326117 95210.51140565853
11410416 1 0 1 0 4 2 1 3 4 5 6 2 3 7 8 7 5 1 1 1 0 0 0 0 0 1 1 90295.766049862752 88460.350774022532 79952.849061446948 86573.157804817834
11410416 1 4 1 0 0 6 2 1 2 7 5 4 0 9 7 6 4 1 2 1 0 0 0 0 2 1 4 90140.377839205015 90621.409351343988 91454.390953330134 90192.275608073018
11410416 1 10 4 0 2 11 3 1 0 6 5 7 1 5 9 4 0 1 3 1 0 0 0 0 2 3 2 67245.741714822958 61784.815818413765 66496.761973778499 67502.086757623911
11410417 1 0 0 0 2 1 6 5 5 5 4 3 3 3 2 4 3 1 2 1 0 0 0 0 2 0 1 91210.143312154265 91957.455780834105 88916.497701644897 87845.518721403874
11410417 1 0 0 4 5 0 2 3 8 1 1 0 5 0 0 0 3 1 2 1 0 0 0 0 3 3 3 89028.892141949269 90641.481926494555 91188.993947875919 90793.857102795169
11410417 1 6 7 8 9 3 4 4 3 3 1 2 3 0 0 0 2 1 1 1 0 0 0 0 0 0 0 91002.197377678196 90667.595141823491 91278.410506824817 81250.707837839291
11410417 1 2 5 11 10 1 4 7 9 3 5 8 4 1 4 1 2 1 2 1 0 0 0 0 0 0 0 77349.722977087338 78880.6255171464 79721.551258985492 80257.609862077108
11410418 1 0 2 3 2 1 4 3 3 3 2 5 2 0 1 0 3 1 3 1 0 0 0 0 2 0 0 95552.582625495081 95908.670765770803 95684.259013988354 95381.103664786715
11410418 1 3 3 0 2 1 0 1 0 2 4 3 7 1 4 7 0 1 2 1 0 0 0 0 0 0 0 90936.035607286438 91181.706828094015 90774.672385262558 90205.728386519433
11410418 1 3 2 1 0 6 3 0 3 7 6 5 3 10 7 6 4 1 3 1 0 0 0 0 0 0 0 89884.857193208445 89371.839615186153 89977.678635562901 90157.865274142445
11410418 1 0 0 3 1 3 2 5 5 0 7 7 6 2 6 11 10 1 3 1 0 0 0 0 4 3 2 81156.819647786731 82336.486114047279 78871.236688023419 81851.017343042273
11410419 1 0 5 5 5 1 3 5 4 0 0 0 4 2 2 0 1 1 3 1 0 0 0 0 0 0 0 93959.006047814633 93666.887505990482 93730.709933152306 93467.218120242149
11410419 1 1 3 0 0 1 2 0 0 4 3 3 3 4 7 8 6 1 1 1 0 0 0 0 2 4 1 90177.808201534543 90784.554725703187 85089.767192606305 90423.118627208125
11410419 1 0 3 3 6 0 4 5 5 2 6 7 6 1 6 8 9 1 1 1 0 0 0 0 0 1 0 89912.410088909295 92847.534716514172 92119.287536827062 93011.107343852927
11410419 1 2 3 1 3 1 2 5 5 0 1 6 8 0 3 11 9 1 2 1 0 0 0 0 1 1 1 80670.373821010071 86723.223371061598 86855.281728116184 87680.645022922778
11410420 1 0 0 2 0 0 2 3 1 3 3 2 2 0 1 3 1 1 1 1 0 0 0 0 0 0 0 96896.638927275984 96702.987489256979 96836.773349098527 97018.884620385521
11410420 1 3 0 1 0 0 0 4 0 0 1 4 5 4 6 8 5 1 3 1 0 0 0 0 2 4 0 90432.48416714296 90941.130864297942 87488.418120904302 90525.801644173378
11410420 1 2 0 0 0 0 2 0 3 1 3 6 5 5 7 8 9 1 2 1 0 0 0 0 3 1 2 90884.89774509093 91028.965692120415 78895.202542975079 90801.664504042783
11410420 1 3 1 2 3 4 0 6 8 1 2 8 7 4 8 11 10 1 2 1 0 0 0 0 4 3 4 66102.315418606056 74034.257376832436 66286.439150910548 70568.606338053622
11410421 1 3 6 4 3 4 4 6 3 4 4 5 3 0 1 0 0 1 2 1 0 0 0 0 3 3 2 90966.07059073144 89659.100444402648 90411.078281439492 88792.618223340745
11410421 1 7 8 6 4 5 5 3 2 1 3 1 0 3 0 0 0 1 1 1 0 0 0 0 0 2 2 92533.648009294702 91410.883733148177 -1.0000000000000001e+300 86148.47594432655
11410421 1 10 8 7 5 6 3 1 1 5 3 2 0 2 3 2 0 1 1 1 0 0 0 0 0 0 0 -1.0000000000000001e+300 85371.381751378271 89554.921822079283 79666.655473294843
11410421 1 4 1 1 1 6 2 0 0 11 7 2 0 10 7 3 0 1 2 1 0 0 0 0 0 0 0 -1.0000000000000001e+300 76205.175285448306 82240.077266042121 88852.928966372667
11410422 1 3 6 4 1 6 3 2 0 2 3 1 0 3 0 0 2 1 1 1 0 0 0 0 3 3 4 92187.394285618822 92901.89560713603 92744.452468054966 92356.418769437878
11410422 1 6 0 4 1 8 5 3 2 7 3 2 0 5 1 3 0 1 3 1 0 0 0 0 2 2 2 87276.534566892238 85011.157505281386 91355.68920747083 91539.693150539766
11410422 1 9 6 6 3 8 4 4 2 7 5 3 1 5 2 0 2 1 3 1 0 0 0 0 2 0 0 90532.45189868554 80607.631110457747 90792.315550140498 87372.722792609798
11410422 1 10 11 8 6 7 5 5 0 3 4 0 0 3 0 0 2 1 3 1 0 0 0 0 4 3 3 86214.887957158091 84166.877649490387 86189.36020806391 76862.435546133507
11410423 1 5 5 3 0 6 2 0 1 3 1 3 2 2 0 0 0 1 1 1 0 0 0 0 1 1 1 93833.102757573448 93967.882918463831 94212.729993549365 94292.722924738773
11410423 1 7 3 3 0 8 1 2 0 7 4 2 1 5 5 1 0 1 2 1 0 0 0 0 3 3 4 91007.628833581097 80972.024576767086 91044.294334521415 90857.495448589296
11410423 1 9 9 5 0 3 2 4 2 0 1 0 0 0 0 0 3 1 1 1 0 0 0 0 0 0 0 90442.488564336498 88609.072213394727 91453.960605755055 89603.795023336803
11410423 1 9 5 3 1 8 4 2 3 11 2 0 2 5 1 0 0 1 3 1 0 0 0 0 3 2 2 83314.047449491685 73564.111088133941 84797.804737352242 84445.904811444416
11410424 1 3 3 3 1 0 2 2 3 0 0 1 0 0 2 0 1 1 2 1 0 0 0 0 1 0 0 96857.938836402362 97250.43562623013 96965.173721242827 96970.438359080843
11410424 1 0 3 4 1 3 2 1 4 4 5 5 3 7 8 6 4 1 3 1 0 0 0 0 1 2 1 90571.807983562889 91474.593261964881 89278.846963948599 -1.0000000000000001e+300
11410424 1 0 0 0 4 2 3 3 4 3 5 2 1 9 6 4 3 1 2 1 0 0 0 0 3 1 2 90759.513055703836 88372.189798595777 84677.197897742823 88891.320068323228
11410424 1 2 10 6 3 11 9 5 6 1 2 3 5 0 0 1 3 1 2 1 0 0 0 0 2 1 3 60012.524217622064 60538.551265008398 -1.0000000000000001e+300 51949.117814810437
11410425 1 3 0 1 0 4 3 1 0 6 5 3 2 0 0 5 3 1 2 1 0 0 0 0 0 0 0 93835.078909387492 93869.369556396501 93089.94725391439 93792.408952900849
11410425 1 0 0 3 5 0 0 3 6 3 1 5 8 2 4 7 7 1 2 1 0 0 0 0 3 2 1 85058.035600872347 91303.921386034403 90159.992950785949 91555.842891475404
11410425 1 3 2 2 3 3 4 4 5 5 5 7 6 4 7 8 9 1 1 1 0 0 0 0 2 1 2 85457.372581430507 89779.729359191449 86725.243966092734 89848.016548393178
11410425 1 4 7 9 10 4 4 7 11 0 0 5 3 2 0 2 2 1 1 1 0 0 0 0 3 1 1 84332.522279328768 91138.366364020098 91652.047749811099 89575.873540898669
11410426 1 0 1 0 1 2 4 0 0 3 6 4 0 5 5 6 0 1 3 1 0 0 0 0 0 1 0 92075.68093649167 92503.566910233756 91538.356220245361 92602.071272673435
11410426 1 0 0 0 2 1 0 3 0 4 5 1 2 6 7 5 4 1 2 1 0 0 0 0 2 1 1 91244.277368007926 91064.025462471094 89615.090764537803 91159.459250352331
11410426 1 0 1 4 0 2 3 3 6 1 5 6 5 4 6 7 10 1 2 1 0 0 0 0 1 1 1 89706.805928123998 87649.512036335276 80909.477595005606 88749.830629460092
11410426 1 1 1 2 0 6 3 2 1 7 5 3 0 10 11 4 0 1 2 1 0 0 0 0 3 3 4 88914.371418704686 83243.447940569895 89005.714639753423 88721.719992577928
11410427 0 4 3 2 2 3 6 1 0 4 0 3 1 3 2 0 0 1 3 1 0 0 0 0 3 2 2 93845.005402769355 94239.645860717399 94498.851353998529 93452.987682473729
11410427 0 5 3 1 2 7 5 5 1 8 6 4 3 7 5 1 2 1 1 1 0 0 0 0 0 2 0 88266.328579587629 83550.140060996462 88756.409197229907 88622.12398611012
11410427 0 3 2 3 4 1 4 5 6 2 5 6 8 4 7 8 10 1 2 1 0 0 0 0 3 1 0 -1.0000000000000001e+300 -1.0000000000000001e+300 89732.318565317823 89437.566855713332
11410427 0 0 3 4 7 0 0 3 11 0 0 0 3 3 0 1 2 1 2 1 0 0 0 0 3 2 2 81679.135001806426 84160.689375913469 82686.587866797956 82730.510163274623
11410427 0 2 10 4 5 3 9 1 3 1 8 11 3 5 7 5 1 1 3 1 0 0 0 0 0 2 1 -1.0000000000000001e+300 -1.0000000000000001e+300 6 6
11410428 1 6 4 4 3 5 6 0 1 4 1 0 0 0 3 1 0 1 2 1 0 0 0 0 0 2 1 92242.224319675821 91020.320010648837 92572.523811622916 90500.866961616543
11410428 1 7 8 8 6 5 5 5 2 3 3 0 3 1 2 0 0 1 3 1 0 0 0 0 2 1 3 86948.11609575605 87202.705618551452 -1.0000000000000001e+300 81870.154946386552
11410428 1 4 5 6 10 1 3 5 8 0 2 3 0 2 0 1 0 1 3 1 0 0 0 0 4 4 3 89276.580654785066 88504.452883599224 89110.809367827518 84895.076494103385
11410428 1 3 2 9 10 3 5 6 11 1 5 6 8 3 3 3 4 1 3 1 0 0 0 0 4 4 3 82380.559858237481 86233.656911552607 85683.530083387333 76762.292480507647
11410429 1 1 3 2 2 0 2 3 1 0 0 1 0 0 0 3 3 1 1 1 0 0 0 0 0 1 0 97349.206728407764 97595.712599674851 97214.840555826813 97283.133622825859
11410429 1 0 0 4 4 0 5 4 8 2 1 2 6 0 1 0 3 1 2 1 0 0 0 0 3 2 4 87278.631172328591 90059.136562123414 89213.728545173828 90137.267558433639
11410429 1 7 8 9 10 6 5 4 2 5 2 0 0 1 0 1 1 1 2 1 0 0 0 0 0 0 1 91164.435376671099 91983.746345905995 92309.882294699724 73123.548328167511
11410429 1 5 7 11 6 3 3 4 6 0 0 2 5 0 0 0 1 1 2 1 0 0 0 0 2 1 1 84242.306056615664 84485.13032738585 80523.735809929523 80030.040658396465
11410430 1 3 4 3 5 3 2 3 1 1 2 5 0 0 0 0 1 1 3 1 0 0 0 0 3 4 3 94769.381721606071 94810.736665852863 94458.906104526774 94178.583215005288
11410430 1 7 8 7 5 6 5 3 3 2 3 2 0 1 0 0 0 1 1 1 0 0 0 0 0 0 3 92411.172311808754 91347.391484826701 92323.565943942114 85626.501007114886
11410430 1 9 7 6 3 7 4 3 0 4 3 1 2 3 2 1 0 1 3 1 0 0 0 0 4 4 3 91518.1470019306 91282.3422279441 91364.174669068758 91316.729738332666
11410430 1 3 2 1 3 6 4 0 0 11 5 0 0 9 6 5 3 1 1 1 0 0 0 0 3 4 4 86235.919804062025 80490.088954436826 86056.394150132983 86231.11014311944
11410431 1 1 0 0 0 2 3 6 1 6 5 5 2 4 3 3 0 1 3 1 0 0 0 0 0 0 0 90356.514546212231 90360.92578616408 90531.020331593405 90774.103544476049
11410431 1 7 6 3 0 8 5 3 0 7 4 4 1 5 2 3 0 1 2 1 0 0 0 0 2 1 2 92150.033641350703 85939.69912172429 91935.953105747001 92060.268437757506
11410431 1 9 0 6 1 7 0 2 0 6 1 1 0 3 4 3 0 1 2 1 0 0 0 0 1 2 4 90707.534475637018 85789.270346344332 87127.421635278006 88128.123384404142
11410431 1 3 1 11 10 3 2 6 9 1 3 6 0 5 2 3 3 1 1 1 0 0 0 0 3 4 3 88606.705552242696 89333.527347858442 91055.879395654658 78186.912055644352
11410432 1 0 0 2 3 0 1 1 5 2 2 5 4 1 3 1 4 1 3 1 0 0 0 0 2 3 3 94237.568802664682 -1.0000000000000001e+300 94660.706456867454 93869.409235552666
11410432 1 3 0 1 2 4 3 3 0 4 6 6 0 5 7 6 5 1 4 1 0 0 0 0 0 0 0 91099.432601316526 90080.961446131638 87233.139576974005 90556.166425135627
11410432 1 0 2 2 1 1 3 3 3 0 5 3 3 9 8 5 4 1 3 1 0 0 0 0 3 3 3 90772.369420720264 91058.391553328824 86022.894954908814 90310.909188815334
11410432 1 9 9 3 1 11 1 4 3 5 2 0 0 2 1 0 0 1 2 1 0 0 0 0 1 1 2 90424.139795164403 83663.827950138439 89842.590708860575 85771.802440644286
11410433 1 1 4 2 3 0 3 0 1 0 3 0 5 2 0 0 2 1 3 1 0 0 0 0 3 2 1 96095.479034712291 96310.372456529411 96961.816585816268 96542.633526544509
11410433 1 0 3 0 3 0 2 3 6 3 0 5 7 0 2 4 1 1 1 1 0 0 0 0 3 3 1 89363.890332458148 90781.674166775367 90581.7711793653 90193.98429042325
11410433 1 10 5 3 0 6 3 3 3 4 4 0 0 2 2 1 0 1 1 1 0 0 0 0 2 2 2 88874.41922445246 86091.589975381779 88295.24604106661 88537.175724894318
11410433 1 10 7 8 3 11 6 5 3 7 4 3 0 8 3 2 1 1 1 1 0 0 0 0 2 3 4 85730.480267862979 76175.16997407141 85036.2203699151 85760.538631095245
11410434 1 0 0 2 0 0 0 3 4 3 4 5 4 4 5 6 1 1 2 1 0 0 0 0 3 2 2 92241.838002805351 92386.806611015665 92031.446597447459 93498.986208113405
11410434 1 3 1 0 3 4 2 3 1 5 3 0 0 6 8 6 2 1 3 1 0 0 0 0 1 1 0 91340.035169899376 90904.411158491057 88226.488431321224 91447.714667477776
11410434 1 7 3 0 0 5 4 3 1 8 6 3 2 10 9 7 4 1 1 1 0 0 0 0 3 4 4 -1.0000000000000001e+300 80454.68827524349 85061.387465887557 87150.449142876983
11410434 1 10 7 9 4 11 5 4 3 5 3 2 1 3 1 0 0 1 2 1 0 0 0 0 1 1 2 82315.468466480481 82030.051512567225 -1.0000000000000001e+300 73148.04320378878
11410435 1 0 1 4 4 0 2 3 4 1 4 3 1 0 0 1 2 1 1 1 0 0 0 0 0 3 1 96171.724421940467 95884.984582053294 95553.014284402132 96177.373556759616
11410435 1 1 0 1 0 0 0 3 2 0 0 7 3 3 4 4 4 1 3 1 0 0 0 0 2 3 2 91595.584951727593 91917.616572364437 91670.934554796593 91212.481534077044
11410435 1 2 4 5 6 3 4 4 8 1 4 5 9 2 0 2 10 1 2 1 0 0 0 0 3 0 1 64220.723458620341 88589.815414463577 89155.40924411155 88960.883571144077
11410435 1 0 6 8 9 0 4 3 11 2 3 2 8 0 1 0 4 1 1 1 0 0 0 0 0 0 0 71704.643844068749 83016.524521512009 82995.583826056594 78344.37285501133
11410436 0 3 0 0 0 0 2 4 3 1 6 4 2 2 1 5 1 1 3 1 0 0 0 0 1 1 1 93049.250152084569 93539.414729136013 93213.975891972572 93628.712567141032
11410436 0 1 3 1 3 0 2 4 6 0 3 3 7 1 0 0 3 1 3 1 0 0 0 0 2 4 3 89643.449682042861 90448.474907865035 90319.053627792877 91877.080893252234
11410436 0 5 6 8 10 3 3 5 5 0 4 2 2 0 0 1 2 1 1 1 0 0 0 0 3 2 1 89577.790088017777 88668.917977747595 89659.809772434819 81048.785887990103
11410436 0 8 11 6 4 0 6 4 2 3 3 3 1 0 0 0 1 1 2 1 0 0 0 0 3 3 2 84678.89571630783 82518.552001836026 82340.302932855877 80176.39593920701
11410436 0 10 3 9 4 9 11 8 5 8 7 6 2 6 1 1 2 3 4 0.54545454545454541 5 0.27272727272727271 6 0.1818181818181818 0 0 1 29.999999999999996 8297.6296303504987 -1.0000000000000001e+300 -1.0000000000000001e+300
11410437 1 0 0 5 2 0 2 4 1 0 1 4 6 2 3 3 4 1 1 1 0 0 0 0 0 0 1 93337.467987515862 94526.452107747391 93828.105499969592 93180.820732893771
11410437 1 3 0 0 2 5 2 3 2 7 4 3 0 8 7 5 1 1 2 1 0 0 0 0 4 1 2 89386.738821561768 85138.96636220286 89667.337561263397 89716.056511223607
11410437 1 0 0 0 1 0 0 3 2 3 3 5 6 9 8 6 5 1 3 1 0 0 0 0 4 4 3 91219.229228652475 91309.297663252451 82569.944279842064 91287.658024877295
11410437 1 9 8 5 4 11 6 4 2 5 3 1 2 2 1 3 3 3 6 0.1818181818181818 7 0.27272727272727271 8 0.54545454545454541 2 1 1 81775.193955716153 84553.187850605696 -1.0000000000000001e+300 -1.0000000000000001e+300
11410438 1 0 0 2 3 1 0 0 5 0 0 6 4 2 3 3 3 1 1 1 0 0 0 0 1 1 3 94215.792694888674 94429.242184678718 94471.300756712677 94521.667717147866
11410438 1 6 5 4 1 8 5 4 2 5 4 3 2 5 3 0 1 1 1 1 0 0 0 0 2 3 3 90836.678060314749 90683.015393215683 90845.623349911199 90249.674500889931
11410438 1 10 7 6 3 6 4 4 0 4 4 1 0 1 2 0 3 1 2 1 0 0 0 0 0 0 0 89282.453089687391 88266.796050135672 89460.080960507854 84275.481664688516
11410438 1 4 11 7 5 4 5 4 3 3 1 4 0 0 0 0 3 1 1 1 0 0 0 0 0 2 3 82009.14283730989 80282.072048372283 82652.974353667494 81063.867057280324
11410439 1 0 0 0 3 1 4 1 3 3 2 0 0 3 4 3 3 1 2 1 0 0 0 0 2 2 2 96484.371302572894 96408.583415465895 96410.147569427441 96005.23393247863
11410439 1 0 0 4 7 0 0 4 8 2 2 4 6 0 0 3 3 1 2 1 0 0 0 0 4 1 2 85647.404268347149 91340.114834690408 91126.585557560393 90930.898257716311
11410439 1 5 6 7 9 0 4 6 3 0 3 0 3 1 0 3 0 1 3 1 0 0 0 0 1 2 1 91255.450298813797 91112.987624146088 91033.001250003043 85585.450729727032
11410439 1 9 11 5 1 7 5 6 4 3 4 3 3 1 0 0 0 1 3 1 0 0 0 0 2 4 2 86226.614547688965 84235.479628356406 -1.0000000000000001e+300 74873.079500608132
11410440 1 1 4 4 2 2 4 5 3 0 1 1 4 0 2 0 2 1 3 1 0 0 0 0 4 3 3 94886.253763736924 94545.693947929802 94538.769952394781 94731.248979093391
11410440 1 4 5 8 7 1 5 3 0 0 0 2 3 3 0 0 0 1 2 1 0 0 0 0 1 0 1 91482.231597973921 91253.599902105663 91432.801718512084 85885.506701111051
11410440 1 3 7 9 9 0 3 3 4 0 0 3 5 1 0 0 2 1 1 1 0 0 0 0 1 2 1 88905.32747900892 91292.548932801772 91245.662523276653 84784.756102467582
11410440 1 5 7 11 9 0 5 5 8 0 3 2 8 2 0 0 2 1 3 1 0 0 0 0 3 0 1 79285.053500527298 87400.263427120808 85572.885343967777 78170.537162766021
11410441 1 2 4 2 0 4 0 0 2 4 1 3 1 2 2 3 0 1 1 1 0 0 0 0 3 1 2 96079.753335433517 96090.53983346092 96806.011460645997 96239.120117729064
11410441 1 0 5 3 2 6 5 3 1 3 7 4 1 0 3 3 1 1 2 1 0 0 0 0 0 1 0 88404.643731236167 90653.248758800561 90280.076751356712 89930.731137156457
11410441 1 9 7 4 2 7 4 4 2 6 4 0 0 3 0 5 0 1 1 1 0 0 0 0 1 0 1 90310.852109781321 86455.961033314597 91833.96342564901 91062.358294337013
11410441 1 4 1 11 10 3 6 8 8 0 1 4 5 0 3 3 3 1 2 1 0 0 0 0 0 1 0 81655.885360293323 92034.334126913222 -1.0000000000000001e+300 91959.866442518949
11410442 1 3 1 0 0 4 3 0 0 6 3 4 3 3 6 3 3 1 1 1 0 0 0 0 1 3 2 92118.767884826666 93126.571160523687 91908.637267927348 91088.29101646565
11410442 1 0 3 0 1 1 3 3 0 4 6 5 4 7 8 7 4 1 2 1 0 0 0 0 0 1 1 90612.668010608584 90984.637378909014 86135.282402292127 90444.716141739656
11410442 1 0 0 0 3 1 3 0 2 7 5 5 3 10 8 6 4 1 1 1 0 0 0 0 0 1 1 90238.719499005354 89117.214943401661 84119.212553132733 -1.0000000000000001e+300
11410442 1 7 6 3 0 8 5 3 1 11 4 2 0 5 3 0 0 1 2 1 0 0 0 0 4 3 4 -1.0000000000000001e+300 76030.102253840028 85535.020492674521 86085.1449341158
11410443 1 6 3 3 3 3 1 2 0 2 3 4 1 0 0 1 0 1 1 1 0 0 0 0 2 4 3 94540.495966726274 94757.483685405154 94537.687165395706 93974.163496224486
11410443 1 3 0 1 2 0 1 0 0 3 3 3 0 7 5 4 1 1 2 1 0 0 0 0 1 2 2 92283.272243625644 92147.002676717588 91827.371478817498 92476.046141800238
11410443 1 4 2 0 1 5 4 2 0 7 5 2 3 9 6 5 3 1 2 1 0 0 0 0 3 0 2 89828.183867912245 89972.323154967773 89946.473370112421 90271.108429769141
11410443 1 3 3 0 3 0 3 4 4 8 6 5 3 8 11 9 5 1 3 1 0 0 0 0 3 3 1 75470.018006321217 76677.66028915756 65653.302492416056 74831.636414907756
11410444 1 1 2 3 4 4 5 5 3 6 0 4 0 0 0 2 0 1 3 1 0 0 0 0 4 3 2 92692.315201233549 92715.848024762236 -1.0000000000000001e+300 92380.8151581415
11410444 1 0 0 0 4 2 1 3 2 5 5 4 1 7 8 6 5 1 1 1 0 0 0 0 2 3 2 91183.411849738797 90542.949022518238 86379.319022720054 91307.094787804352
11410444 1 6 0 5 0 8 6 2 3 9 6 1 0 10 4 0 0 1 1 1 0 0 0 0 0 1 1 89564.513421490818 73528.560189928467 91175.07135304554 88591.275159438854
11410444 1 5 3 0 3 7 4 0 0 11 5 1 2 4 4 3 1 1 3 1 0 0 0 0 2 3 0 82605.8527057459 81091.955625780189 82637.848495063488 82224.419573166102
11410445 1 1 3 0 0 0 6 2 1 0 5 5 3 0 2 3 3 1 3 1 0 0 0 0 1 1 0 94111.933100303009 93102.448816123462 93690.05514759486 93565.226017634079
11410445 1 0 0 0 3 2 4 1 0 6 6 3 3 8 2 1 0 1 3 1 0 0 0 0 2 2 0 88510.888614434123 86616.357208057845 88608.707066687391 88100.133327406802
11410445 1 1 0 0 2 3 0 2 3 6 1 2 0 9 6 5 4 1 1 1 0 0 0 0 3 3 4 91323.784058468693 91038.062982162228 89483.675309207407 91577.462608410962
11410445 1 7 1 0 0 6 3 3 1 11 5 0 0 5 3 0 1 1 2 1 0 0 0 0 1 3 1 82379.053988394327 76879.681800343998 82660.038948315138 82992.085765780241
11410446 1 0 5 3 3 2 4 4 3 0 0 5 3 0 0 3 3 1 1 1 0 0 0 0 3 3 2 93697.946829156732 94472.110869238575 93859.184183551202 94166.825613158071
11410446 1 0 1 0 2 0 1 2 1 3 5 2 1 6 8 6 5 1 2 1 0 0 0 0 2 2 3 90826.947897649006 91041.456940960619 85200.698676533342 90745.489141286947
11410446 1 3 3 7 3 0 1 5 0 3 5 7 0 6 7 8 10 1 1 1 0 0 0 0 0 2 0 85165.966502320254 78667.557146330975 71881.236978605957 80788.200414387567
11410446 1 2 1 0 2 5 3 0 3 8 7 4 3 10 11 7 5 1 1 1 0 0 0 0 2 2 3 92063.80109833536 90376.845393768686 91714.355050423139 91348.567622673465
11410447 1 0 0 0 1 2 0 1 0 4 2 4 3 4 4 1 0 1 2 1 0 0 0 0 2 2 2 96739.006592616322 96123.690617434186 96165.113293948001 96578.003891743545
11410447 1 6 3 3 0 8 6 4 2 6 4 0 0 4 2 2 1 1 3 1 0 0 0 0 3 1 3 89592.318636820681 86060.506010135796 88755.954842510255 88884.303888675175
11410447 1 1 2 0 0 5 5 3 1 7 5 4 3 9 6 5 3 1 2 1 0 0 0 0 1 1 2 91142.41417022777 89535.639648968034 88644.90395898791 90363.6656326261
11410447 1 10 8 3 5 11 7 5 4 6 4 4 1 3 0 3 0 1 1 1 0 0 0 0 2 4 3 87850.411801150534 84695.49837545646 -1.0000000000000001e+300 72535.757967577956
11410448 1 3 1 3 4 0 2 6 3 3 0 4 4 3 0 0 1 1 1 1 0 0 0 0 2 4 0 93213.727045600783 94304.862865243136 93656.310583203696 93401.032282173474
11410448 1 3 1 0 0 3 3 4 2 5 5 7 4 1 6 0 0 1 2 1 0 0 0 0 3 3 4 90038.038059056445 90940.866917018982 88994.994294109943 90598.494098755065
11410448 1 3 5 6 9 0 3 5 7 0 0 0 4 3 0 1 1 1 3 1 0 0 0 0 2 4 2 90615.608558343563 90348.219944572367 90160.948053004802 90330.045017393
11410448 1 3 0 2 0 1 0 3 5 1 3 6 11 2 4 8 9 1 1 1 0 0 0 0 1 2 3 86416.111267133994 86294.547664943049 81835.132590085035 86852.319383832786
11410449 1 4 2 1 1 3 2 3 0 3 0 4 0 0 1 0 0 1 3 1 0 0 0 0 2 3 3 96687.10650784061 96369.553064629668 96414.116846638775 96340.672312326176
11410449 1 0 3 0 2 0 3 1 0 3 3 0 4 3 5 7 4 1 2 1 0 0 0 0 2 1 0 92194.670801765707 91887.44247385599 91371.967791316099 91947.606742450225
11410449 1 0 1 0 3 3 2 4 5 0 3 5 6 4 5 7 10 1 3 1 0 0 0 0 1 1 0 88358.534093074151 89373.544066327479 88765.051821011701 89882.844223546053
11410449 1 0 3 8 10 5 3 9 11 3 6 4 4 2 3 2 1 1 3 1 0 0 0 0 2 1 0 63162.365906054889 71680.545247367394 71166.740034310729 68211.13132682594
11410450 1 0 0 3 0 0 6 0 2 3 3 6 3 0 3 4 1 1 1 1 0 0 0 0 3 4 4 92678.399039406184 92214.079625273182 92049.991523020726 92146.451853514372
11410450 1 6 8 7 5 5 7 6 5 4 2 3 5 0 2 1 2 1 1 1 0 0 0 0 1 0 0 86764.257083930308 86824.842221663013 86572.107583222562 79499.450955999346
11410450 1 0 10 10 4 2 6 5 4 0 1 4 3 0 1 0 2 1 3 1 0 0 0 0 0 0 2 87611.838662931768 88925.733405569204 86497.116208723164 87487.958626021631
11410450 1 10 11 7 5 8 7 3 1 1 3 3 0 0 2 0 1 3 4 0.54545454545454541 5 0.27272727272727271 6 0.1818181818181818 1 3 3 87849.982638378264 90210.957759609373 87249.853709753472 80296.224915426879
11410451 1 0 1 3 2 0 3 0 3 0 0 1 1 2 0 2 4 1 3 1 0 0 0 0 4 4 3 97069.921754639145 97018.142812185091 96958.596451702324 96830.402105341054
11410451 1 0 2 2 0 3 0 0 1 3 5 4 0 6 8 6 4 1 1 1 0 0 0 0 2 2 4 91135.450516849771 91111.628611585475 88266.115997074099 91307.693866188551
11410451 1 0 0 0 2 3 0 3 6 0 3 7 5 9 8 7 5 1 1 1 0 0 0 0 3 3 3 90042.845763937206 91660.601677368672 87115.642416022223 92550.321825953215
11410451 1 0 3 2 1 0 3 4 5 3 4 5 8 6 9 11 10 1 2 1 0 0 0 0 2 1 2 82920.5162537008 82296.748064537402 73997.427630776132 82962.014242956793
11410452 1 0 0 3 3 0 0 0 2 0 1 1 3 3 2 0 2 1 3 1 0 0 0 0 1 0 0 97434.456391789296 97845.938586129079 97082.241888152217 97411.93982581739
11410452 1 0 2 0 2 0 3 0 1 0 4 4 3 1 8 5 3 1 1 1 0 0 0 0 1 2 1 89310.232844617916 89596.827805210138 88895.935493527868 89792.933464231799
11410452 1 3 0 0 0 1 4 3 1 7 3 3 3 10 9 4 3 1 2 1 0 0 0 0 1 2 3 88071.329405781798 85713.762808103842 80204.354458090733 87492.187743375063
11410452 1 11 1 2 4 7 4 5 0 4 5 1 0 10 9 1 2 1 1 1 0 0 0 0 0 2 2 64626.627429074026 60740.184219043949 64778.775142627957 66158.126769486349
11410453 1 5 1 0 1 5 6 2 0 3 5 4 0 4 4 0 0 1 1 1 0 0 0 0 1 3 1 92113.585677635667 92451.191060161596 91709.958418693146 91195.268708864853
11410453 1 0 1 2 3 0 7 4 4 2 6 6 3 0 0 0 1 1 2 1 0 0 0 0 4 3 4 90415.007942649579 89631.798463119674 89431.232076887216 89984.463533871167
11410453 1 4 3 1 0 4 5 0 3 1 5 6 4 9 8 7 6 1 3 1 0 0 0 0 1 3 2 89439.61481362232 89757.154835409994 76555.561287891091 87974.842709442833
11410453 1 4 3 3 0 8 4 1 0 9 6 2 3 11 3 0 1 1 2 1 0 0 0 0 0 0 2 80969.623862972163 71557.20657492087 80722.633116462763 79541.705750310372
11410454 1 1 4 5 5 0 3 6 5 0 0 1 5 0 1 0 0 1 2 1 0 0 0 0 0 2 2 91476.939639983349 92383.470304065268 92915.750545793097 92294.739607493073
11410454 1 7 8 7 5 1 6 4 4 2 3 3 1 0 0 2 1 1 3 1 0 0 0 0 3 4 3 89387.068645478095 90139.94936332693 90441.478010401697 81277.211732697731
11410454 1 9 8 5 6 7 5 3 0 3 1 4 0 2 2 0 1 1 2 1 0 0 0 0 4 3 4 91755.449009597025 89974.431999352295 91731.590484156943 82104.637470881207
11410454 1 3 3 3 1 4 5 4 4 11 6 5 5 10 8 6 6 1 3 1 0 0 0 0 2 3 1 92406.632805113128 80456.961628896184 -1.0000000000000001e+300 -1.0000000000000001e+300
11410455 1 0 0 0 4 3 3 6 5 6 4 5 2 0 2 4 1 1 1 1 0 0 0 0 3 3 3 90383.715906220445 89470.621192705294 89990.974905336407 90114.289765963942
11410455 1 0 3 4 5 0 4 5 8 3 2 4 6 3 3 3 4 1 2 1 0 0 0 0 3 1 0 81288.79446719664 89774.909386053085 89251.656799541277 89574.690230215987
11410455 1 0 0 1 9 3 2 4 7 0 3 6 6 0 3 3 3 1 2 1 0 0 0 0 4 3 4 83878.958824257468 91539.71328085805 90904.51703504067 90908.205863429292
11410455 1 1 7 11 10 4 7 8 1 3 3 7 6 0 3 5 3 3 4 0.54545454545454541 5 0.27272727272727271 6 0.1818181818181818 1 3 3 64255.868102681867 64429.312575547374 59711.716930617673 71953.794051704346
11410456 1 3 0 2 0 3 4 1 1 0 0 0 2 0 1 4 2 1 1 1 0 0 0 0 3 4 3 97448.581523994158 97003.422932829679 97515.425715572957 96592.48910981504
11410456 1 4 6 7 6 4 5 6 3 0 3 2 3 4 0 0 1 1 2 1 0 0 0 0 3 2 3 88777.045432488958 90513.394897928432 91363.183334483445 88254.179416720246
11410456 1 10 6 5 3 4 3 4 1 0 1 2 2 0 2 0 0 1 1 1 0 0 0 0 1 1 2 88632.334082657704 88930.215930596896 89019.829229908035 85277.235558047963
11410456 1 3 11 10 1 6 6 3 2 3 4 3 2 2 0 3 0 1 2 1 0 0 0 0 4 1 4 73542.104709098057 74056.999054604676 75569.719499064362 69891.5301442989
11410457 1 1 0 0 2 1 3 3 0 2 0 1 2 0 0 0 2 1 1 1 0 0 0 0 0 0 2 97687.038357986356 97184.636546502239 97135.194474915668 97275.444037808324
11410457 1 5 5 1 3 8 3 3 2 6 1 0 0 3 3 0 0 1 1 1 0 0 0 0 0 2 0 91484.228636375439 87633.820548789896 -1.0000000000000001e+300 90040.059472005465
11410457 1 10 5 3 4 9 6 4 3 8 4 0 0 6 4 2 1 1 1 1 0 0 0 0 2 3 2 87126.462129081658 78105.075946340105 87267.092322896715 86969.009780390712
11410457 1 4 1 0 1 11 4 0 2 8 5 1 2 5 3 3 4 1 3 1 0 0 0 0 0 1 0 83225.181715050479 81135.161770893144 81442.062440730821 82379.925297878901
11410458 1 3 0 0 1 4 3 3 0 3 5 5 2 4 3 4 4 1 1 1 0 0 0 0 1 2 0 94656.005830075999 92662.64953000455 94292.224762285201 93615.916246493653
11410458 1 4 3 0 0 6 3 0 3 8 5 3 0 8 1 2 0 1 1 1 0 0 0 0 3 4 3 91274.885279183858 86614.002505971934 88791.103460050712 91283.453148721892
11410458 1 6 2 1 2 8 7 3 0 9 6 4 0 10 6 1 0 1 1 1 0 0 0 0 1 2 3 91725.704746984818 90807.588007727463 90804.200691151651 91869.160244265717
11410458 1 0 1 6 5 9 7 3 1 11 8 1 4 2 0 2 0 1 3 1 0 0 0 0 1 2 0 70633.563937085302 72388.04167256075 67031.300454127355 68217.89715441603
11410459 1 2 3 0 0 1 2 4 0 3 3 4 0 6 6 2 1 1 3 1 0 0 0 0 3 2 3 92806.123822763329 92853.990139451053 92601.003485865527 92523.17773912978
11410459 1 6 6 1 2 8 4 4 1 6 3 1 2 4 1 3 0 1 2 1 0 0 0 0 0 1 2 91045.335352937444 84773.098318619537 89969.811014052859 90767.317020903545
11410459 1 10 7 6 4 8 6 3 4 6 5 0 2 4 2 0 3 1 1 1 0 0 0 0 1 0 0 88501.324705474559 86814.499456809775 89416.583004243381 89460.777713354953
11410459 1 10 6 0 1 11 5 6 1 6 4 4 0 3 2 1 7 1 3 1 0 0 0 0 1 3 2 87395.256050683325 72541.825365419892 80997.514705469686 88981.762580813753
11410460 1 1 4 4 1 4 4 6 0 2 5 6 1 2 0 0 0 1 2 1 0 0 0 0 0 0 1 91205.324473336892 91368.325941059316 89321.346292248592 90907.815847380029
11410460 1 4 6 8 7 1 3 4 4 0 0 2 0 0 0 3 2 1 1 1 0 0 0 0 0 0 0 91363.818688305677 90912.024225185189 91570.697606602625 85196.66543987875
11410460 1 7 8 9 10 5 6 5 4 1 4 4 4 0 2 2 0 1 1 1 0 0 0 0 0 0 0 88672.305673370021 88927.592979889247 92433.385200393925 83046.971438728477
11410460 1 5 6 8 9 2 4 7 11 2 4 1 3 0 1 0 0 1 3 1 0 0 0 0 0 0 0 85780.651586134758 86421.039719040331 85677.827645447498 80527.520798350743
11410461 1 2 0 1 2 0 0 5 5 0 1 3 1 2 4 2 4 1 1 1 0 0 0 0 3 3 4 94873.253911873137 95528.041728909797 94786.860097083336 95504.463544209793
11410461 1 0 0 2 1 0 2 3 0 1 5 5 0 7 8 7 0 1 1 1 0 0 0 0 0 1 2 90627.556131717589 91092.987783081786 83945.76759481919 90701.271695506133
11410461 1 2 3 0 0 3 5 3 2 3 5 7 0 4 7 9 10 1 3 1 0 0 0 0 4 2 3 -1.0000000000000001e+300 87416.730363345559 78970.011886129738 87046.777436806136
11410461 1 2 3 5 6 2 3 4 7 0 0 3 11 0 1 0 4 1 1 1 0 0 0 0 2 2 3 78426.135220727752 83266.270771314565 83524.357773894095 83679.249332034204
11410462 1 0 2 3 1 0 1 6 3 0 6 0 0 1 2 0 4 1 2 1 0 0 0 0 1 1 0 93940.056369920581 93348.162681142479 93736.215074892389 93404.325717184285
11410462 1 0 1 2 0 2 3 0 0 0 4 4 3 4 8 4 0 2 4 0.5 5 0.5 0 0 2 1 3 90306.084539185642 89185.445613529257 90257.702029612439 88992.861231282222
11410462 1 1 0 3 2 0 5 8 3 3 6 7 6 4 8 9 10 1 1 1 0 0 0 0 3 4 4 65690.330914850507 64419.176036881916 31663.700887852341 48326.74580938022
11410462 1 7 2 1 3 7 4 3 2 7 5 3 0 10 11 5 3 1 1 1 0 0 0 0 0 0 0 89936.357879522489 76732.35799202208 79766.568341885679 88620.940449915026
11410463 1 3 4 4 3 5 4 1 0 1 2 3 0 0 0 3 0 1 2 1 0 0 0 0 0 0 0 94937.808277452437 94998.622061031027 95684.434411841998 94911.208575928642
11410463 1 6 7 8 7 1 2 3 5 0 2 3 2 0 0 0 2 1 1 1 0 0 0 0 2 0 4 91035.309025642229 91025.263646612977 91110.383284879455 79621.147016794741
11410463 1 9 7 6 4 8 5 5 0 3 0 2 0 3 0 1 3 1 3 1 0 0 0 0 2 2 1 93052.717076404369 90809.970645256937 92329.745782328318 92312.078990306793
11410463 1 4 6 11 9 0 4 7 7 3 0 4 2 0 1 1 0 1 1 1 0 0 0 0 2 4 4 83070.329606958534 86595.749388386481 86687.884212163539 80020.539217335696
11410464 1 6 2 1 0 4 4 5 3 2 3 2 0 3 0 0 1 1 1 1 0 0 0 0 1 1 1 94006.405720693103 94555.851413498342 93791.530903568957 93987.666988667144
11410464 1 6 8 6 5 6 4 3 1 4 2 3 0 2 0 1 0 1 3 1 0 0 0 0 4 4 3 91048.672256647187 90637.035814460483 91193.986005170969 87453.742782902991
11410464 1 10 7 6 4 4 4 3 2 3 4 2 0 2 0 0 0 1 3 1 0 0 0 0 3 0 0 87356.021874574275 88282.740842484563 88876.70730324481 84414.502099907942
11410464 1 4 1 11 10 1 4 8 9 0 1 4 7 3 2 3 4 1 2 1 0 0 0 0 0 1 1 81077.749391694029 -1.0000000000000001e+300 91414.549028528898 94022.827306556166
11410465 1 1 2 1 2 5 5 3 0 3 3 3 4 4 3 0 0 1 1 1 0 0 0 0 2 3 2 94338.264789731402 94027.389369441255 93451.35397657608 93857.758792772889
11410465 1 3 6 8 7 3 0 6 6 0 3 3 5 0 2 0 1 1 2 1 0 0 0 0 4 3 3 89636.282399297444 91659.434077075784 91733.414208476315 86377.378407020922
11410465 1 4 8 9 10 1 4 7 5 0 2 1 4 0 0 1 3 1 2 1 0 0 0 0 0 1 0 87939.531031218808 89096.034474000393 -1.0000000000000001e+300 81304.156102094421
11410465 1 0 0 2 1 1 7 3 4 0 6 5 11 0 2 10 10 3 6 0.1818181818181818 7 0.27272727272727271 8 0.54545454545454541 3 3 4 87737.689751498154 91072.928149038577 87643.302872661443 92213.723267524445
11410466 1 2 3 3 0 4 3 4 2 1 4 5 1 0 0 2 1 1 3 1 0 0 0 0 4 4 3 94286.36298265458 94243.244313883071 94428.149929323161 94549.854592223113
11410466 1 8 8 7 5 2 3 0 2 0 3 1 0 1 0 0 0 1 3 1 0 0 0 0 0 0 1 91482.179105581439 89872.396032235512 91808.130719073219 86803.895572791429
11410466 1 10 8 1 4 7 4 5 0 6 3 2 0 4 0 2 3 1 1 1 0 0 0 0 0 0 0 84417.119653602975 74487.002989785178 84943.033772497962 77096.198962390888
11410466 1 6 4 4 3 11 7 3 1 9 8 3 0 5 4 0 3 1 1 1 0 0 0 0 1 3 1 74407.285358477151 66222.398545519434 71873.898948144299 74020.920638750758
11410467 1 2 2 0 0 1 4 3 0 4 6 4 3 5 5 6 2 1 2 1 0 0 0 0 4 1 3 90541.472920837434 90336.539583473685 89778.468694272757 90519.711221467878
11410467 1 5 0 3 0 7 4 0 2 8 5 3 2 6 6 3 3 1 3 1 0 0 0 0 3 1 2 91416.99585475582 82995.11474552314 90504.158564429032 91332.789494241239
11410467 1 5 2 1 0 7 6 4 3 8 4 0 2 9 0 0 3 1 1 1 0 0 0 0 0 0 0 90575.605964775794 81481.407686493403 90426.657267071467 91205.864982999905
11410467 1 2 1 1 2 0 4 3 4 4 9 9 11 0 1 0 3 1 3 1 0 0 0 0 3 4 3 77607.846107048186 77669.469065450074 76644.775773551431 70137.402557323017
11410468 1 3 2 4 0 1 0 0 0 4 2 0 1 3 0 0 0 1 1 1 0 0 0 0 3 4 4 97381.770294674963 97542.961677264204 97718.30720860741 97529.510644342445
11410468 1 3 4 7 0 3 4 3 2 6 4 1 1 0 0 0 3 1 3 1 0 0 0 0 3 4 2 90302.370879022492 90205.4371598547 90221.687442132155 89714.324743582431
11410468 1 9 8 7 5 3 3 5 3 0 3 1 3 0 0 2 0 1 2 1 0 0 0 0 4 3 2 90920.100668945015 90919.205229703352 91086.117844703083 82326.687735834974
11410468 1 10 11 6 4 5 5 5 2 0 3 1 0 0 0 3 0 1 1 1 0 0 0 0 3 4 3 88072.442969336451 86029.187450302037 -1.0000000000000001e+300 78486.639927104188
11410469 1 3 4 0 0 1 2 2 0 1 3 4 3 0 3 0 0 1 1 1 0 0 0 0 3 4 2 96406.243505018734 96073.587149217303 96453.091931740448 96559.04320500957
11410469 1 5 1 0 0 6 0 0 2 8 5 4 1 7 6 4 3 1 2 1 0 0 0 0 0 0 1 91476.88289768649 88042.434616079321 90627.01840235178 91581.726878133501
11410469 1 4 3 3 0 8 5 4 2 9 5 2 3 10 6 1 0 1 3 1 0 0 0 0 4 3 3 89339.560988399098 79379.795948994244 88982.057827656288 89344.992069950662
11410469 1 6 3 3 1 7 4 2 0 11 2 0 0 4 1 0 0 1 2 1 0 0 0 0 4 3 4 83488.720531933723 81208.15392408293 83169.53108496248 83282.290454811096
11410470 1 0 3 0 0 3 5 5 1 3 4 5 0 1 2 3 1 1 2 1 0 0 0 0 1 2 2 94375.041146500909 94257.559824509415 93725.583243276575 93602.061220465766
11410470 1 5 2 1 2 8 3 1 1 5 4 2 2 3 2 0 0 1 3 1 0 0 0 0 3 1 3 90388.62260893904 88779.379204232333 90251.193029158138 89398.05067663372
11410470 1 0 0 2 0 0 0 3 3 3 5 4 2 10 9 7 6 3 4 0.5 5 0.25 6 0.25 4 2 1 87873.824886921531 88373.681176269805 74780.354255128201 -1.0000000000000001e+300
11410470 1 4 3 0 3 8 4 3 3 11 5 2 1 10 3 3 0 1 1 1 0 0 0 0 1 2 1 83899.774429561076 75322.768925976474 82843.843314513681 83920.372150425464
11410471 1 6 5 4 1 1 6 4 4 1 3 0 0 0 0 2 0 1 3 1 0 0 0 0 0 2 1 91171.21527806035 89876.568129048101 91484.921398586695 90702.638874716227
11410471 1 5 7 6 3 4 4 4 3 2 3 3 0 0 0 3 0 1 1 1 0 0 0 0 0 0 0 91031.095378809739 91163.541604849743 92387.504904182613 90132.605484554399
11410471 1 4 6 7 10 3 4 6 8 1 1 3 6 0 2 2 3 1 1 1 0 0 0 0 2 3 4 89875.489762883051 -1.0000000000000001e+300 89959.748884846485 87803.318937096046
11410471 1 10 11 8 6 7 4 3 4 8 3 1 4 8 3 3 3 1 3 1 0 0 0 0 0 1 1 73318.511987728125 29886.160754333858 75805.778288033558 59610.895362387448
11410472 1 5 5 4 0 1 3 3 2 4 3 1 0 1 3 2 0 1 1 1 0 0 0 0 1 3 3 95479.105573251116 93669.315238198586 94503.499326011472 94187.90743792498
11410472 1 4 6 8 7 0 3 4 5 0 2 0 4 3 0 3 0 1 1 1 0 0 0 0 2 2 0 91016.345163590027 91789.482589130814 91458.147428965516 84979.296001893963
11410472 1 1 5 8 10 0 0 4 7 1 3 4 1 0 0 2 0 1 2 1 0 0 0 0 0 1 0 88239.833682051074 89643.265817408887 89849.468035876518 85049.187142638271
11410472 1 9 11 5 4 8 6 3 0 5 4 3 0 3 2 1 3 1 2 1 0 0 0 0 1 0 0 87435.941027241162 83128.486676686603 87601.968688621884 86458.042528775331
11410473 1 1 3 0 3 0 3 4 1 0 3 6 2 0 4 3 1 1 3 1 0 0 0 0 1 3 2 93592.248081145459 93536.792332665122 93372.691589615817 93706.380506009227
11410473 1 2 0 2 0 3 1 4 3 4 4 2 0 4 7 6 4 1 2 1 0 0 0 0 3 0 2 88920.562868613473 89826.658187156878 87797.202893470574 90222.084367424803
11410473 1 7 3 1 0 8 5 3 0 9 5 3 1 10 4 3 2 1 2 1 0 0 0 0 0 0 0 -1.0000000000000001e+300 80492.646935234661 88566.022594378694 89760.097653695731
11410473 1 9 8 3 0 11 6 3 1 7 4 0 0 5 2 0 3 1 1 1 0 0 0 0 3 4 4 86383.774440083522 77136.369303737476 87271.534250976692 86365.05110026311
11410474 1 0 3 1 0 3 0 2 3 0 2 2 0 3 1 3 1 1 3 1 0 0 0 0 4 4 3 96734.45171048271 96937.629962354724 96729.798381360728 96317.677108541408
11410474 1 1 3 7 2 2 3 1 3 0 5 2 2 0 0 3 3 1 3 1 0 0 0 0 3 1 1 90813.247349837809 90899.33700823909 91904.573577911593 91547.902243515884
11410474 1 10 9 7 3 6 6 4 0 4 3 3 3 2 2 0 2 1 1 1 0 0 0 0 3 1 2 89062.852998539645 89019.77036507125 89548.177254753988 85473.170700871007
11410474 1 4 6 11 9 2 3 5 7 3 1 4 7 1 2 1 4 1 3 1 0 0 0 0 0 1 2 84969.034507988181 83679.016401857138 86636.923636305059 75960.772945853387
11410475 1 3 4 4 0 0 4 5 0 3 6 3 0 0 6 3 2 1 1 1 0 0 0 0 1 1 0 91559.36478939763 91493.572968906839 90424.945354174066 91637.045634213719
11410475 1 5 2 0 0 7 4 1 0 8 5 3 3 7 3 0 1 1 3 1 0 0 0 0 1 2 1 90650.454758955748 84727.185285366402 91168.024433875078 90450.863816824247
11410475 1 3 3 0 2 8 1 1 0 9 4 6 0 10 5 3 3 1 2 1 0 0 0 0 0 0 0 87137.632654956586 72005.926392907233 84000.148818608199 87084.986371733408
11410475 1 10 8 6 3 11 7 6 4 0 7 4 4 2 0 3 0 1 3 1 0 0 0 0 4 3 3 91821.57649424547 91082.626188652532 91561.068864719215 82371.582771434056
11410476 1 0 2 0 0 3 2 0 0 1 5 0 0 3 2 4 1 1 2 1 0 0 0 0 3 1 3 96980.100123814162 96266.353865310622 96610.397192833901 -1.0000000000000001e+300
11410476 1 5 8 6 5 5 4 3 0 3 2 0 0 2 0 1 2 1 3 1 0 0 0 0 3 1 3 90667.677213411749 90348.885386471709 90974.511971252461 87924.954980342212
11410476 1 7 8 9 10 1 4 8 1 2 2 3 2 0 1 2 0 1 1 1 0 0 0 0 3 3 4 88604.26330286554 88861.918256106539 89136.309549318612 88526.325618166229
11410476 1 10 11 5 4 7 6 8 3 4 3 3 3 3 2 0 3 1 3 1 0 0 0 0 1 0 0 81221.555848155258 77749.678252483951 81499.668712299739 38857.995860361232
11410477 1 1 6 4 4 0 2 6 4 0 1 3 3 0 0 2 2 1 1 1 0 0 0 0 2 2 3 92657.307080104903 92612.721053575297 92052.284248960073 90756.380568148088
11410477 1 4 5 8 6 3 5 3 1 3 3 0 0 0 0 1 0 1 3 1 0 0 0 0 2 4 1 90878.059357500868 90750.812113805514 90615.388300281425 86791.378452728211
11410477 1 3 4 6 10 3 4 5 7 3 3 1 1 0 0 2 0 1 2 1 0 0 0 0 0 0 0 90074.293159072084 89422.953085273315 89688.650410133312 85978.992583813524
11410477 1 3 11 9 6 3 7 6 4 1 4 0 1 3 2 0 0 1 3 1 0 0 0 0 0 1 0 79643.707534913658 82605.639924251038 81012.120950664787 73116.271846282471
11410478 1 6 2 1 0 4 4 3 0 3 5 4 0 2 1 3 3 1 1 1 0 0 0 0 3 4 4 93482.067382435824 93248.224245084639 93371.582172493974 -1.0000000000000001e+300
11410478 1 3 2 0 3 2 4 3 0 7 5 4 3 7 1 2 0 1 3 1 0 0 0 0 4 2 2 88539.787468423281 87816.821990245851 87048.474861188603 89721.006763810088
11410478 1 5 6 8 10 0 5 5 0 3 3 2 0 0 3 0 1 1 3 1 0 0 0 0 2 2 1 89292.599392700577 89504.094952719053 89342.104723331329 82872.847407052424
11410478 1 3 2 5 3 1 1 6 11 2 4 7 9 2 3 1 3 1 3 1 0 0 0 0 0 0 0 -1.0000000000000001e+300 -1.0000000000000001e+300 77918.937890760193 75955.282526642608
11410479 1 3 1 4 3 0 2 1 0 3 5 3 2 1 0 0 0 1 3 1 0 0 0 0 1 2 1 95727.862148496832 95930.919918007305 95666.579374693043 96034.624011077409
11410479 1 7 8 7 6 3 6 5 0 3 4 3 3 0 0 0 2 1 2 1 0 0 0 0 4 2 4 89726.770401778951 90134.93887932878 89689.40552281047 81839.200854202354
11410479 1 0 6 10 10 0 2 5 3 1 0 4 3 0 0 3 0 1 3 1 0 0 0 0 2 2 1 89443.857895562527 88990.420656466376 89700.558778766252 87893.820346231587
11410479 1 5 11 9 7 3 3 0 3 1 3 1 0 0 2 2 0 1 2 1 0 0 0 0 4 3 4 81991.901280746766 82120.503220183004 81912.147216583573 77863.124177746678
11410480 1 0 0 3 0 4 5 1 3 4 2 3 2 2 1 3 0 1 3 1 0 0 0 0 1 0 0 95492.666438208689 95722.294679005936 95460.929750126816 95196.438603228977
11410480 1 5 3 0 3 7 6 4 1 8 4 2 3 4 3 0 0 1 2 1 0 0 0 0 4 3 3 89062.239688011701 87030.074639027152 87195.746428632396 87623.699021896857
11410480 1 5 3 0 0 6 5 2 1 7 5 4 2 9 7 5 3 1 3 1 0 0 0 0 1 0 1 92175.40629869925 88014.917547278688 91377.951877991974 91418.428245262068
11410480 1 1 0 0 2 2 3 3 4 3 6 6 7 5 7 11 9 1 3 1 0 0 0 0 1 0 0 82691.357027467006 86808.6262625534 74553.814399938841 86688.921662181267
11410481 1 0 0 2 3 1 4 1 2 2 5 4 4 0 1 0 3 1 3 1 0 0 0 0 0 0 0 95108.291700587943 95050.867870414324 95211.012079885928 94892.27553421761
11410481 1 2 0 1 0 0 3 3 3 3 4 5 3 7 8 7 5 1 1 1 0 0 0 0 1 2 2 91030.817193815863 91176.789382359319 83214.729442422482 91382.739212615677
11410481 1 0 3 0 3 2 2 1 2 0 6 3 2 9 8 7 5 1 3 1 0 0 0 0 4 1 1 88938.720106093373 88880.969680200302 77304.513086330378 89159.023930353622
11410481 1 8 0 2 0 11 4 1 3 5 3 0 3 3 3 0 0 1 2 1 0 0 0 0 4 3 4 83856.284711254746 80750.091255194289 84156.242161117785 83731.24938645096
11410482 1 3 3 2 5 0 1 4 1 2 4 2 2 0 1 0 0 1 1 1 0 0 0 0 1 1 1 95752.40302918262 96420.376358879934 95757.144432332774 95671.707781700432
11410482 1 4 5 8 6 3 4 4 0 1 5 2 3 0 0 3 0 1 2 1 0 0 0 0 4 3 2 89197.240802684188 91043.197321020183 90592.990938287548 85134.359978119697
11410482 1 4 5 8 9 3 4 6 4 0 1 4 3 3 0 1 0 1 2 1 0 0 0 0 1 2 2 89997.333604233019 90267.396764407793 90371.172798439293 83075.843655912468
11410482 1 10 8 7 1 11 7 6 6 4 4 3 3 2 3 0 3 1 2 1 0 0 0 0 2 1 3 91883.148759957345 81860.923139385588 91220.194510785892 92230.719570456597
11410483 0 4 0 2 0 3 1 4 2 0 4 4 0 3 6 1 0 1 1 1 0 0 0 0 2 3 1 93991.244746126962 93020.796983663997 94131.858477377886 94444.172412273634
11410483 0 0 1 0 3 0 3 2 0 3 5 3 0 6 8 5 4 1 3 1 0 0 0 0 0 0 0 90925.384564447537 91135.651080699361 88851.041879601034 91013.505729380864
11410483 0 0 0 3 0 3 4 2 0 7 6 5 1 10 7 5 4 1 1 1 0 0 0 0 2 3 2 89640.794017103166 89121.734686692973 84594.138064314815 89305.296206417755
11410483 0 1 0 4 1 1 5 3 1 8 6 7 4 10 9 8 5 1 3 1 0 0 0 0 0 4 2 3 3 3 -1.0000000000000001e+300
11410484 1 3 3 4 5 3 1 2 5 0 4 0 1 0 3 0 2 1 3 1 0 0 0 0 3 3 2 95099.953381801635 95013.500337105885 94509.967858057178 94371.784254847371
11410484 1 7 6 3 0 8 5 4 0 6 4 4 2 4 3 0 0 1 1 1 0 0 0 0 3 3 4 91642.782773333834 86967.91116473329 91805.249436274054 91472.275345468253
11410484 1 10 6 5 1 9 4 2 2 8 5 4 1 6 6 4 3 1 1 1 0 0 0 0 3 4 3 84288.649103232077 83525.957788949338 88496.02186643079 87813.592423126072
11410484 1 5 7 11 10 1 0 5 9 0 2 4 4 0 2 2 0 1 3 1 0 0 0 0 2 0 2 84001.704507762217 90267.17802240829 90381.99088976231 77802.923495936077
11410485 1 0 0 1 3 0 0 5 2 2 0 1 5 0 2 3 1 1 1 1 0 0 0 0 1 2 1 95991.59002253745 96165.775802612305 96232.595266024262 96928.41865793863
11410485 1 4 5 8 3 0 0 5 3 0 3 0 3 3 0 0 3 1 1 1 0 0 0 0 0 1 1 89334.804892196655 90613.971528558759 90844.771081347892 88950.388347363856
11410485 1 3 5 7 9 0 3 5 1 2 0 3 3 0 1 1 0 1 2 1 0 0 0 0 0 1 1 91615.259525919857 91083.312063124846 90473.564479498207 85093.721076214759
11410485 1 0 2 1 0 2 1 5 5 0 1 8 11 2 4 5 10 1 3 1 0 0 0 0 2 2 2 69095.177344549345 75411.849863567113 70871.442640743349 75051.798484047526
11410486 1 0 0 1 3 0 2 3 5 0 1 6 4 2 2 4 2 1 1 1 0 0 0 0 1 0 2 93635.333469390869 -1.0000000000000001e+300 93541.205271402985 93074.612921538166
11410486 1 0 0 1 0 0 0 2 3 3 3 4 3 5 7 3 2 1 1 1 0 0 0 0 1 1 2 92296.208520335029 91932.662534200499 91704.175501613237 91863.527594787709
11410486 1 2 0 0 1 6 1 2 3 7 4 4 3 9 6 1 2 1 3 1 0 0 0 0 3 3 3 91387.196570768108 86099.154677982529 90752.179126854564 90449.136745373326
11410486 1 5 4 3 3 8 6 6 0 11 7 4 2 10 9 0 3 1 3 1 0 0 0 0 4 3 2 99874.238725356918 78379.330199599164 95095.833185682815 92981.82534143806
11410487 1 0 0 1 3 0 5 4 3 0 2 4 3 2 1 3 4 1 3 1 0 0 0 0 4 4 3 95176.982591628417 95226.343442951547 95201.323616156427 94478.430843065566
11410487 1 4 6 8 7 2 2 5 5 0 1 1 3 0 0 0 1 2 4 0.5 5 0.5 0 0 0 1 2 91644.596061849574 92374.983351407805 90748.961557567309 87893.557063775035
11410487 1 6 8 9 10 4 3 4 3 2 3 0 2 0 0 0 1 1 1 1 0 0 0 0 3 3 4 90239.310164591705 90327.707171730362 90615.847458949051 77777.050085105497
11410487 1 1 4 10 11 0 4 5 3 0 0 4 1 2 0 2 0 1 3 1 0 0 0 0 3 3 3 80870.663245291784 80951.201010270481 81986.884496711427 82337.212333235148
11410488 0 1 2 4 0 3 1 3 0 1 2 0 2 1 0 0 0 1 2 1 0 0 0 0 0 0 0 96895.520578914206 97104.064069658023 97480.292424259766 97162.641878779556
11410488 0 0 0 1 4 0 2 3 6 2 3 5 8 1 4 5 7 1 1 1 0 0 0 0 1 2 4 90309.420836878649 -1.0000000000000001e+300 91253.755298927121 91724.768520524784
11410488 0 0 3 0 3 0 0 3 5 1 1 6 8 0 4 6 10 1 3 1 0 0 0 0 1 3 1 84068.40010126181 89643.409743597556 88569.393231542024 89762.336854810928
11410488 0 0 0 1 3 3 4 4 0 3 6 7 3 6 7 11 3 1 2 1 0 0 0 0 0 0 0 78673.902552681451 79285.993349752825 77383.476476432857 80321.355768073146
11410488 0 0 4 2 7 2 6 5 4 3 4 8 11 5 2 9 10 1 3 1 0 0 0 0 3 0 1 3 -1.0000000000000001e+300 3 -1.0000000000000001e+300
11410489 1 1 2 3 3 2 4 5 6 3 4 6 1 0 0 2 0 1 3 1 0 0 0 0 1 0 1 91517.581086546183 91838.509440104157 91162.595808029175 91168.869665745704
11410489 1 6 6 3 1 8 4 1 3 6 3 3 0 1 0 2 0 1 3 1 0 0 0 0 0 2 0 90821.375421262768 86439.401327411149 -1.0000000000000001e+300 89546.6974191716
11410489 1 9 2 0 0 7 1 3 0 5 4 5 1 2 2 1 3 1 3 1 0 0 0 0 0 0 0 90510.478843275268 82430.205446776221 90609.322159374671 90653.228578447408
11410489 1 10 11 5 4 8 6 4 2 3 3 1 1 2 0 3 0 1 3 1 0 0 0 0 1 1 1 87723.235875804239 89259.163274680555 88932.705553283988 76358.697367086599
11410490 1 0 3 0 1 3 4 5 0 4 3 3 0 1 5 3 1 1 2 1 0 0 0 0 1 3 3 94397.651448397388 94438.837936583019 94061.203968619535 93557.876219673752
11410490 1 6 3 0 2 8 4 0 0 7 3 3 3 5 2 1 0 1 1 1 0 0 0 0 0 0 0 90607.41567369127 85151.879716430005 90312.857107239019 90539.11876473359
11410490 1 9 6 4 1 7 5 2 2 4 2 0 0 2 0 1 1 1 3 1 0 0 0 0 1 0 1 91163.78046748694 90919.210418098199 91080.352372387511 90083.525559910879
11410490 1 3 9 11 5 10 7 8 3 6 5 4 0 1 4 4 1 1 2 1 0 0 0 0 2 3 2 89249.108996097697 89108.250938342026 85502.34982571569 44908.116368078307
11410491 1 1 5 5 3 0 3 3 0 2 4 1 0 1 2 3 0 1 2 1 0 0 0 0 3 3 4 94761.938346219948 95070.947114323673 95058.097857030225 95090.5511222645
11410491 1 5 8 7 5 4 5 4 3 4 1 0 3 1 0 0 0 1 3 1 0 0 0 0 1 3 0 89350.213045875149 89266.018897031725 89601.984287156869 86179.196954414423
11410491 1 10 6 5 3 6 6 4 2 3 2 1 1 0 0 0 3 1 1 1 0 0 0 0 0 1 0 90022.847610765602 88598.510064176109 89009.438661322652 85883.76572565129
11410491 1 3 0 3 0 1 3 0 0 11 5 3 2 9 7 6 3 1 1 1 0 0 0 0 3 4 4 85810.592063954449 84962.012829848405 79804.874126906696 85934.826193517438
11410492 1 0 3 0 0 0 3 3 6 0 1 4 5 3 2 4 5 1 3 1 0 0 0 0 4 4 2 92675.647912470493 93449.403559052502 93118.284328469686 93519.027556778907
11410492 1 0 2 0 0 3 2 0 0 3 6 1 0 7 0 3 2 1 1 1 0 0 0 0 2 1 1 91506.996991161272 91665.07284776929 91789.598591721544 92315.914443136571
11410492 1 1 0 2 0 1 0 4 1 2 4 6 5 5 7 8 9 1 2 1 0 0 0 0 1 1 0 91010.889900476817 90792.320296111779 83529.477187163138 90805.271844915304
11410492 1 4 3 0 3 5 4 3 3 6 5 4 3 8 11 8 3 1 1 1 0 0 0 0 2 3 3 81017.665966614673 80032.98579643463 78352.204160893816 79756.422862790685
11410493 1 2 4 0 0 2 1 0 0 3 1 3 1 3 2 2 3 1 1 1 0 0 0 0 3 3 3 96331.40964999795 96524.989714516531 97128.033936078355 96830.059563431467
11410493 1 6 8 6 5 3 5 1 4 2 3 2 0 0 1 0 3 1 1 1 0 0 0 0 0 1 0 90661.76144849573 90799.437754217506 90875.331108358645 85044.761660271091
11410493 1 10 0 1 0 9 3 2 0 8 5 2 0 7 3 3 1 1 3 1 0 0 0 0 1 1 3 90608.157960253215 78609.440703447166 90684.44875334973 90749.948723125606
11410493 1 4 5 11 8 2 5 6 7 1 0 3 3 1 0 0 0 1 3 1 0 0 0 0 1 2 2 85688.2800327843 85301.259103159202 85246.379270126228 81455.808101658098
11410494 1 0 2 0 0 2 1 4 3 2 4 3 5 1 3 4 5 1 1 1 0 0 0 0 2 2 2 95084.051461791998 94945.786524518335 93634.610977293545 94083.499866859871
11410494 1 5 7 8 7 0 0 4 4 5 3 3 1 0 0 0 2 1 3 1 0 0 0 0 3 3 1 91230.107608341248 91062.050592990767 91054.094164703929 87327.746041562743
11410494 1 6 7 9 10 1 4 6 5 0 0 4 4 3 0 1 2 1 2 1 0 0 0 0 0 0 1 87582.199726635241 89412.534577364946 88596.964708887041 81842.926754705011
11410494 1 2 0 0 0 3 2 1 3 3 4 6 11 4 5 7 10 3 4 0.54545454545454541 5 0.27272727272727271 6 0.1818181818181818 1 0 1 89291.040465198384 88560.760742022772 83794.221909783533 89109.391150509429
11410495 1 6 3 4 3 0 3 6 4 0 0 3 0 1 0 3 0 1 2 1 0 0 0 0 3 3 3 92698.557821934228 93244.203554577281 93026.502243386742 92391.079103181881
11410495 1 0 0 0 4 0 1 2 6 1 3 5 8 2 1 4 8 2 4 0.5 5 0.5 0 0 0 1 0 88939.552078840919 91452.007484353671 90503.659471286155 90018.003026333841
11410495 1 2 1 0 3 0 3 5 5 0 4 6 8 5 5 7 10 1 3 1 0 0 0 0 1 1 1 86987.868619763467 90609.532306790934 85973.571535936906 89405.529541739044
11410495 1 0 1 1 6 3 3 5 3 10 4 8 4 3 9 11 2 1 3 1 0 0 0 0 2 3 1 59102.481107192449 54988.259261907515 51832.287132056903 -1.0000000000000001e+300
11410496 1 3 4 3 1 3 5 3 2 0 0 4 4 3 2 0 3 1 1 1 0 0 0 0 3 3 3 94251.313461311438 94316.235378074984 94651.012524358099 94181.909542497116
11410496 1 4 3 0 0 7 4 1 0 8 5 3 2 6 5 2 3 1 2 1 0 0 0 0 4 2 2 -1.0000000000000001e+300 87600.219185552225 89831.684661418069 91349.066029896581
11410496 1 2 0 2 3 4 0 1 0 7 5 2 2 10 7 6 4 1 1 1 0 0 0 0 2 0 1 89502.271208027698 88986.571798052159 85919.987504980163 89305.541478751751
11410496 1 9 7 6 3 11 6 5 5 5 1 2 4 3 3 3 2 1 3 1 0 0 0 0 4 3 2 87572.551106220126 80025.509044530263 -1.0000000000000001e+300 -1.0000000000000001e+300
11410497 1 0 2 3 3 1 3 1 4 3 0 0 2 1 0 0 0 1 1 1 0 0 0 0 2 4 4 96838.137688853414 97307.98880218144 97616.049259925188 97247.280114107358
11410497 1 7 5 4 3 8 4 3 0 6 4 1 3 2 0 0 0 1 2 1 0 0 0 0 3 2 3 -1.0000000000000001e+300 84565.964047597256 90696.461551450368 89487.589796995933
11410497 1 10 7 3 1 8 5 3 0 5 3 0 0 2 0 3 3 1 2 1 0 0 0 0 4 3 2 89631.417397611425 83807.436454866329 89657.621971261018 89101.034626396329
11410497 1 3 0 0 4 3 0 4 5 2 4 9 11 1 5 7 10 1 2 1 0 0 0 0 3 2 0 72861.065233630696 70252.497662533933 68939.457725793487 70617.271424893523
11410498 1 2 4 4 5 3 3 3 3 2 4 3 3 0 1 2 0 1 1 1 0 0 0 0 2 1 4 94809.273357303347 95229.381302449445 95140.679517125332 93963.625848648197
11410498 1 2 0 0 0 0 1 2 3 2 5 7 2 4 4 0 0 1 1 1 0 0 0 0 2 0 3 91869.171113683085 91744.844647783902 91477.666784074187 92021.856916840406
11410498 1 2 0 0 2 0 0 2 1 1 3 7 4 10 9 8 6 1 3 1 0 0 0 0 2 1 2 88954.547360913406 88053.017925719905 75306.945993807196 89141.069299723764
11410498 1 0 3 4 4 2 1 5 6 3 5 7 9 3 4 11 10 1 3 1 0 0 0 0 2 2 1 90439.877302041335 92710.479135492729 92583.330804017183 91829.59414108716
11410499 1 2 3 3 0 4 4 4 0 3 5 4 3 0 3 0 2 1 3 1 0 0 0 0 4 2 2 93946.78069628356 94213.603113054894 93671.670595000411 94347.585228768599
11410499 1 6 8 5 4 0 1 5 3 0 3 4 0 3 1 0 0 1 2 1 0 0 0 0 0 1 1 89773.432311352197 91323.257466805197 91153.142374823685 86731.629166275612
11410499 1 9 7 6 4 5 6 4 3 5 2 1 0 3 1 2 1 1 2 1 0 0 0 0 3 3 4 91377.222135788092 89922.942943129892 91394.901629541651 85398.42517828237
11410499 1 10 4 3 2 11 5 1 3 5 4 0 2 0 3 3 0 1 1 1 0 0 0 0 3 3 3 87369.697327352653 84691.213093719736 86424.760490337707 83852.745422020191
11410500 1 0 3 2 0 0 1 4 0 2 5 2 0 1 1 3 1 1 2 1 0 0 0 0 2 2 2 95930.407152762229 96600.283797541968 96556.473660532632 96525.578276697794
11410500 1 0 0 0 1 6 3 3 2 7 4 2 0 3 3 3 1 1 2 1 0 0 0 0 3 2 4 91701.706261701373 90815.866286159653 91394.005392535604 91970.463734592791
11410500 1 10 8 7 6 1 3 5 4 0 0 2 1 0 1 2 1 1 1 1 0 0 0 0 0 3 4 88057.160151935066 88802.587756140943 88444.583187553042 74362.156702435139
11410500 1 0 3 1 4 2 2 4 5 0 0 11 2 1 3 11 3 1 1 1 0 0 0 0 0 0 0 92919.12211177274 -1.0000000000000001e+300 92392.0315983037 93150.932464213416
11410501 1 1 2 0 3 0 4 4 3 0 5 6 3 0 5 0 0 1 1 1 0 0 0 0 3 4 4 93424.914451560471 93771.108371635884 93247.083010617527 93408.406213375943
11410501 1 0 3 0 0 0 2 2 1 3 3 4 5 4 6 8 8 1 3 1 0 0 0 0 3 2 0 90031.367131851992 92044.952868814289 86118.033919401816 -1.0000000000000001e+300
11410501 1 3 0 2 3 1 1 5 0 2 3 5 6 4 5 7 10 1 2 1 0 0 0 0 3 2 2 89723.975184786454 89276.930523882416 85793.971254138945 90156.023942375832
11410501 1 3 3 0 2 4 3 0 0 7 5 3 1 8 11 6 3 1 1 1 0 0 0 0 1 2 2 85113.432685877473 84655.593405402469 79372.138464503063 85412.288167702805
11410502 1 3 2 4 2 1 3 3 1 1 6 3 0 0 2 0 1 1 3 1 0 0 0 0 3 4 2 93638.152755507705 93863.447046000205 94167.454232953198 93730.473542340987
11410502 1 4 6 8 7 0 4 6 3 3 2 1 0 3 0 0 0 1 3 1 0 0 0 0 2 2 1 91349.407736801426 91168.078763375466 90810.013045442873 88849.595519695358
11410502 1 6 9 8 5 5 5 3 2 0 3 1 0 0 3 0 0 1 2 1 0 0 0 0 3 2 3 84204.778285643653 85532.366149430105 85505.053804988711 80416.266520366014
11410502 1 5 3 11 10 1 5 6 9 2 4 5 7 0 0 3 8 1 3 1 0 0 0 0 0 0 0 82534.025425550019 -1.0000000000000001e+300 89528.13227878623 88788.438128830909
11410503 1 3 0 0 2 0 0 5 3 2 5 4 4 1 1 3 3 1 2 1 0 0 0 0 4 3 2 93802.831466785632 94335.180964203508 94503.101399637526 93694.464208037753
11410503 1 4 6 8 6 0 4 5 4 3 0 1 4 0 2 2 1 1 1 1 0 0 0 0 0 1 0 90704.404809572618 91118.164934998989 91197.953748273067 86999.270999113403
11410503 1 9 8 7 6 5 4 0 0 4 3 0 3 0 0 1 0 1 2 1 0 0 0 0 1 1 0 90769.226159480211 90985.899805372857 90919.758838538226 78465.330879682704
11410503 1 4 5 11 10 4 3 5 7 1 0 7 5 1 0 2 2 1 1 1 0 0 0 0 0 1 0 84443.278379190946 80682.324323900102 80803.604705968668 78934.058743089481
11410504 1 3 6 3 1 6 4 3 2 3 3 0 0 1 2 0 2 1 1 1 0 0 0 0 3 3 3 92826.799693140711 92646.115746259689 92826.799693140711 92646.115746259689
11410504 1 3 0 1 0 5 3 3 0 8 4 0 0 6 2 0 2 1 2 1 0 0 0 0 4 2 4 91290.303313476456 87516.141217037104 90500.960824837792 90642.059664575441
11410504 1 0 3 7 3 1 5 4 3 2 8 5 4 10 9 8 2 1 2 1 0 0 0 0 2 0 0 3943.4552323953358 -1.0000000000000001e+300 75244.051103951875 80321.588862779099
11410504 1 10 9 4 1 11 4 5 4 8 3 2 0 5 3 0 0 1 1 1 0 0 0 0 3 4 3 -1.0000000000000001e+300 73873.557720227196 89600.694077330874 79658.485037969265
11410505 1 0 3 5 5 0 1 6 3 2 0 2 1 3 0 3 0 1 1 1 0 0 0 0 0 1 1 93804.574031723867 94487.140439775263 93860.476852416992 93306.682099501282
11410505 1 1 4 7 2 2 0 3 7 0 0 4 1 1 0 0 0 1 2 1 0 0 0 0 1 1 1 90510.533243325568 90751.605656717875 90840.16775963844 89951.384130531122
11410505 1 4 6 7 10 2 3 5 7 2 3 4 5 0 3 4 4 3 5 0.25 6 0.25 7 0.5 2 0 1 88613.404584221047 82684.866135889577 85186.775590965059 87757.982837491509
11410505 1 10 11 3 0 9 8 2 4 6 1 5 1 3 3 1 1 1 1 1 0 0 0 0 0 4 0 86960.385623496579 22152.604091485297 87994.749299794013 -1.0000000000000001e+300
11410506 1 4 2 1 1 1 4 5 2 2 3 3 0 0 4 3 0 1 3 1 0 0 0 0 4 4 3 94957.038403354018 94683.055915081131 95041.394665827407 94907.446129626129
11410506 1 3 3 4 0 8 5 0 0 7 1 0 1 0 2 0 0 1 2 1 0 0 0 0 1 1 1 90031.231812417871 87325.117911488487 90152.267320091487 89457.532958286261
11410506 1 10 8 6 5 4 6 5 4 0 3 5 3 2 1 0 3 1 1 1 0 0 0 0 0 1 1 88385.351972246834 88481.529619549867 89452.622759116115 81081.939406360689
11410506 1 0 5 11 9 0 0 5 6 0 3 1 4 1 2 1 2 1 1 1 0 0 0 0 0 2 1 83250.066888948131 86301.179253305047 86103.02364290008 85986.404988395821
11410507 1 1 3 1 0 4 3 0 2 3 0 0 0 2 3 5 3 1 3 1 0 0 0 0 1 1 1 95865.587234809427 95649.654746009226 95651.811445642394 95861.066968988496
11410507 1 2 4 1 0 6 5 0 0 8 3 0 2 4 0 0 0 1 3 1 0 0 0 0 4 3 3 89565.248317832855 87718.968119250407 89960.245374307255 89563.636011246577
11410507 1 3 3 3 1 3 4 3 0 7 5 3 0 9 8 7 5 1 2 1 0 0 0 0 2 2 3 90194.327624621248 89062.823755198435 79055.265572745833 90668.913364494729
11410507 1 5 7 11 10 4 6 8 9 1 10 4 5 2 5 3 0 1 1 1 0 0 0 0 3 4 4 -1.0000000000000001e+300 42007.819918292596 43165.761846487854 17240.127373500116
11410508 1 2 4 0 3 0 1 1 3 0 4 2 4 0 3 0 1 1 2 1 0 0 0 0 2 2 2 96090.54502639173 96112.301092828304 96875.074371352021 96985.610912881049
11410508 1 8 5 3 0 8 4 4 0 7 1 0 0 4 4 2 2 1 1 1 0 0 0 0 3 3 4 91878.191791070785 85599.128000912518 91634.632250093797 85590.739288051263
11410508 1 10 7 6 3 8 5 3 3 5 3 0 0 4 2 0 1 1 3 1 0 0 0 0 3 3 3 89750.255931644409 88337.384866586348 88779.965989537945 88565.416735179228
11410508 1 8 11 7 4 7 6 4 3 3 0 3 2 2 0 0 0 1 1 1 0 0 0 0 3 2 3 83352.088900413597 83554.699201157535 -1.0000000000000001e+300 73657.767572047756
11410509 1 1 3 3 2 0 2 3 0 0 0 1 0 3 2 4 0 1 2 1 0 0 0 0 4 2 4 96886.138570220966 97142.789029184642 97020.617476903644 96980.327601466066
11410509 1 5 5 5 0 8 5 3 1 6 4 4 0 4 3 1 1 1 2 1 0 0 0 0 1 3 4 91361.698823233572 83505.68020059292 87274.339161049502 84663.799084293569
11410509 1 10 9 8 6 2 5 7 5 3 3 5 0 0 3 0 0 1 1 1 0 0 0 0 0 0 0 88379.585259444502 91691.559312548212 90908.770153952923 76872.422530564043
11410509 1 3 1 3 5 1 0 4 6 2 3 5 11 3 5 6 10 3 6 0.1818181818181818 7 0.27272727272727271 8 0.54545454545454541 0 1 0 86179.880170005854 478.63636363636363 88999.944245052451 77343.109369270678
11410510 1 1 0 0 1 0 2 5 6 1 3 5 6 0 2 3 5 1 2 1 0 0 0 0 3 3 4 91216.387060326408 91735.795191786019 90840.606819068111 91358.979194299434
11410510 1 2 0 0 0 3 5 3 2 6 6 3 0 7 8 7 6 2 4 0.5 5 0.5 0 0 3 1 4 90814.321609159349 87561.094851751404 80006.00033484702 88946.126788964102
11410510 1 0 1 0 3 3 2 3 0 7 6 3 1 10 9 6 0 1 1 1 0 0 0 0 2 4 3 87735.660351788931 81903.542747153435 81442.202708923345 88808.972869815494
11410510 1 1 3 1 2 2 2 2 3 1 1 6 7 5 6 11 9 1 3 1 0 0 0 0 0 0 1 85459.979908100315 86531.320575345657 78461.264925223077 86565.828268733239
11410511 1 0 1 2 0 0 0 0 0 0 3 3 1 2 2 2 3 1 1 1 0 0 0 0 1 0 1 97378.140483419091 97499.821618994087 97407.771853407219 97483.39972021844
11410511 1 2 1 1 2 0 0 3 3 2 4 5 3 1 8 6 5 1 3 1 0 0 0 0 1 1 0 89540.496288130234 88756.610166163664 88069.467141119894 88679.668689092679
11410511 1 4 0 0 0 4 0 3 1 6 5 3 2 10 8 7 5 1 2 1 0 0 0 0 1 0 0 90225.467254275078 90138.663261206035 79554.369869623508 90398.511555061908
11410511 1 2 0 2 0 1 1 0 3 2 4 5 7 4 7 11 9 1 3 1 0 0 0 0 2 1 0 85779.9409116428 85130.433684661461 76337.714099390811 85744.88998140789
11410512 1 0 2 2 0 0 4 1 3 1 2 0 0 0 4 1 3 1 1 1 0 0 0 0 2 3 4 96738.749175057237 96500.640534694234 97320.948279333708 97209.172063601858
11410512 1 4 3 0 0 6 4 3 3 8 3 3 2 7 4 1 0 1 3 1 0 0 0 0 1 1 0 91565.101566802827 87118.337936191063 91507.812351995934 91808.623152420885
11410512 1 2 0 0 0 1 1 0 3 2 7 0 4 10 9 7 5 1 3 1 0 0 0 0 3 3 3 90776.917630741416 90567.70380099646 80715.258887923686 90515.461679314249
11410512 1 9 7 3 1 11 5 4 1 2 5 0 0 1 6 1 3 1 2 1 0 0 0 0 0 2 2 -1.0000000000000001e+300 75333.664637443318 85893.366519232382 82593.929794666896
