0 3 0 0 1 4 3 11 1 2 5 8 0 3 1 2 9 3 2 3 1 2 3 2 1 2 1 1 1 308 2 4 3
0 0 1 0 2 5 3 0 3 2 11 3 3 2 1 3 0 1 1 1 305 0 0 0
3 3 5 11 2 3 6 3 4 0 3 0 1 0 2 1 0 1 3 1 373 0 0 0
2 6 0 0 0 0 5 4 0 1 4 11 0 2 3 3 7 1 3 1 3 2 1 2 3 4 0.54545454545454541 5 0.27272727272727271 6 0.1818181818181818 330 3 2 2
11 2 1 0 6 4 5 0 5 4 0 0 4 0 0 2 9 1 1 3 2 1 3 2 1 2 1 3 1 331 4 3 2
7 0 0 0 3 6 5 0 11 5 0 0 3 3 7 1 3 2 2 3 1 1 1 339 0 2 1
2 4 6 0 4 5 2 1 4 11 2 0 0 0 3 0 7 3 3 1 1 3 2 1 3 4 0.54545454545454541 5 0.27272727272727271 6 0.1818181818181818 292 3 1 3
3 6 0 0 7 7 5 3 11 5 4 3 2 2 1 2 7 1 1 2 1 3 2 1 1 3 1 324 4 2 1
7 11 1 2 6 3 2 3 4 3 4 0 1 3 0 0 3 2 1 1 1 2 1 359 2 1 0
0 1 11 7 0 0 4 6 2 0 0 4 0 0 0 3 2 1 3 1 2 1 324 1 0 1
4 6 3 0 11 5 3 1 7 3 2 0 2 2 0 0 6 3 1 3 1 3 1 1 2 1 310 3 0 3
0 0 3 0 3 3 2 0 4 6 3 2 3 3 11 3 5 1 2 1 3 1 1 3 1 308 3 1 1
5 11 1 0 6 3 2 3 5 3 0 0 0 1 0 1 4 2 1 2 2 1 3 1 336 1 3 0
1 5 2 0 11 6 0 0 4 4 2 2 2 1 0 0 1 1 1 1 1 343 1 0 0
3 6 11 2 1 3 4 2 2 0 3 0 0 0 1 0 5 1 3 1 3 3 1 2 1 323 2 0 3
6 4 1 3 2 1 2 11 0 0 2 5 0 3 0 1 4 3 1 1 2 1 2 1 335 2 1 1
3 11 6 4 0 0 6 1 0 0 4 1 0 0 0 1 4 2 3 2 3 1 2 1 335 0 2 2
1 1 3 0 4 2 0 0 3 6 4 0 3 11 0 3 6 1 3 3 2 2 2 1 1 1 317 1 3 2
0 0 2 0 3 3 2 1 4 5 4 3 0 3 11 4 9 1 2 2 3 1 1 1 3 3 1 2 1 309 4 2 3
2 0 1 0 0 2 4 11 0 3 3 5 1 5 4 2 10 3 1 2 2 3 1 2 1 3 3 1 1 1 339 3 3 4
4 4 6 0 5 5 1 3 11 4 3 0 3 1 0 0 8 2 2 3 1 2 3 1 2 1 3 1 373 2 4 2
11 0 0 2 7 4 1 3 4 5 3 0 2 3 0 0 10 2 1 1 3 3 3 2 1 2 1 1 3 1 295 4 3 3
0 11 5 2 3 6 4 1 6 3 3 5 0 2 0 0 7 3 3 1 2 1 3 2 1 1 1 287 2 2 3
0 1 0 2 5 5 3 0 6 4 4 0 11 5 0 2 10 1 2 3 2 3 1 1 2 3 3 1 1 1 272 3 3 4
11 6 2 1 4 0 2 0 0 0 3 0 0 0 1 0 4 1 2 3 2 1 1 1 329 1 2 1
1 3 4 3 0 2 5 11 2 0 5 3 0 0 3 1 11 3 1 2 2 1 2 3 1 3 2 3 1 1 1 327 3 4 4
0 0 2 5 2 3 1 3 0 0 0 11 0 4 3 5 10 2 1 1 2 1 3 3 1 3 2 1 3 1 317 4 3 3
0 0 1 5 0 3 2 4 0 3 7 4 1 1 3 11 9 3 2 1 3 1 3 2 2 3 1 2 1 308 2 3 4
4 4 3 0 11 4 3 0 4 6 0 0 3 1 0 2 11 1 2 3 1 3 2 3 3 1 1 2 1 2 1 348 4 3 4
1 5 3 1 11 4 4 3 0 7 5 4 2 3 1 0 4 2 2 3 1 1 2 1 370 1 2 1
3 0 3 0 11 4 0 0 6 3 0 3 3 1 4 3 2 2 1 1 2 1 314 1 1 0
5 6 4 0 11 4 3 0 2 4 0 0 2 0 1 3 3 1 1 3 1 2 1 323 2 0 1
0 0 3 2 0 2 5 4 0 3 5 11 1 0 4 4 5 2 1 1 1 2 3 4 0.54545454545454541 5 0.27272727272727271 6 0.1818181818181818 312 3 2 0
0 3 4 5 0 2 2 6 1 0 1 11 0 0 4 2 9 1 3 2 3 1 1 2 3 3 3 5 0.37499999999999994 6 0.24999999999999994 7 0.37499999999999994 310 3 2 4
11 7 3 3 3 5 3 2 1 2 0 3 2 0 0 0 3 1 3 1 1 3 1 337 2 0 1
2 2 1 0 3 6 11 0 2 6 3 0 1 3 3 3 9 1 1 2 3 3 1 1 2 2 1 3 1 319 4 3 2
4 7 11 3 2 4 3 0 0 0 1 0 0 3 0 0 2 3 1 1 2 1 311 1 0 1
3 3 0 0 3 11 4 0 4 5 1 0 2 4 4 1 4 3 3 2 1 1 2 1 356 1 1 2
0 2 0 0 0 3 1 5 2 11 5 4 0 2 1 3 10 1 1 1 3 3 2 2 3 1 3 1 2 1 317 4 2 4
3 4 3 0 3 2 11 1 5 1 3 0 6 0 2 0 11 3 1 2 2 2 3 3 3 1 1 2 1 1 1 296 3 4 4
11 0 0 1 1 5 3 0 4 0 2 0 3 6 0 0 0 1 2 1 328 0 0 0
11 5 1 0 4 5 3 3 1 4 0 0 3 2 0 0 1 3 1 2 1 323 0 0 1
3 11 1 3 1 5 5 3 0 0 2 2 0 0 3 3 7 3 2 1 2 3 1 1 1 2 1 328 3 2 2
0 6 3 11 1 6 8 3 2 3 4 2 0 0 0 2 9 1 1 3 2 3 3 3 2 1 1 1 1 311 3 2 4
0 0 2 0 6 3 4 4 0 5 6 5 0 11 6 3 1 1 1 3 1 314 1 0 0
6 6 1 0 11 2 1 3 0 0 1 2 2 0 0 0 11 3 2 1 3 2 2 2 1 3 1 1 1 3 1 317 4 4 3
0 11 7 5 0 4 5 6 2 0 1 3 0 0 0 2 10 3 1 3 2 1 2 3 3 1 1 1 2 1 271 4 2 4
3 6 0 0 5 5 4 2 11 3 3 2 6 1 0 1 10 2 3 1 2 1 2 1 1 2 3 1 3 1 287 4 4 2
0 1 0 0 4 0 2 0 6 4 3 0 7 11 1 3 9 1 2 2 2 2 3 3 1 1 1 3 1 307 3 4 2
4 2 0 0 11 4 0 1 5 6 5 0 1 3 0 0 10 2 1 1 2 3 3 3 1 2 3 1 2 1 363 3 3 4
0 2 1 4 0 1 5 4 3 0 0 11 0 0 0 2 6 1 1 3 3 3 2 1 2 1 305 2 1 3
0 3 0 2 3 3 4 1 1 3 6 4 0 11 7 3 2 2 1 1 2 1 295 1 1 0
1 0 3 0 5 2 2 1 3 3 0 0 4 7 11 0 6 2 3 1 3 3 2 1 1 1 311 1 2 3
3 6 11 0 0 4 3 2 6 3 1 0 3 0 0 0 1 2 1 1 1 334 0 1 0
0 3 1 0 1 4 2 2 2 5 3 1 4 11 6 3 1 3 1 3 1 296 0 0 1
5 4 4 0 7 7 3 1 11 4 2 0 0 2 6 3 2 1 3 1 3 1 313 1 0 1
2 5 3 3 3 2 11 3 1 4 3 0 0 1 2 0 2 3 3 1 1 1 304 0 0 2
2 3 11 1 1 5 6 4 1 5 3 3 0 2 0 0 0 1 2 1 294 0 0 0
2 2 0 0 0 1 1 11 0 0 4 6 0 0 4 3 5 3 1 3 3 3 1 2 1 343 1 0 4
0 0 1 4 0 2 4 4 0 0 6 4 1 0 4 11 2 3 3 1 2 1 326 0 0 2
0 0 1 2 0 1 3 3 11 4 2 0 7 6 2 3 9 1 3 2 3 2 2 3 1 1 1 1 1 269 3 3 3
3 4 3 2 11 6 4 1 1 3 3 0 1 0 2 0 10 1 1 3 3 2 1 2 3 2 2 1 3 1 273 3 4 3
1 3 4 1 0 2 3 4 0 3 4 7 0 0 0 11 10 2 3 3 2 1 2 1 2 3 3 1 1 1 318 2 4 4
6 3 2 1 11 5 3 3 3 2 3 3 0 1 0 0 11 2 1 3 2 2 1 2 1 3 1 3 1 3 1 337 4 4 3
1 6 5 3 0 11 6 3 3 4 3 0 3 0 0 0 3 1 3 2 1 2 1 289 1 1 1
0 0 0 1 5 4 2 3 4 5 3 1 0 11 7 2 2 2 3 1 1 1 287 0 1 1
0 0 2 1 1 0 2 2 3 5 4 3 0 6 7 11 1 1 1 3 1 294 1 0 0
11 3 1 0 5 6 2 2 1 4 0 0 0 0 2 3 7 3 1 1 2 2 3 1 1 3 1 289 3 2 2
1 4 11 2 0 4 5 4 0 0 2 3 0 1 0 4 4 2 1 2 1 1 3 1 324 2 2 0
6 11 0 0 5 4 3 0 3 0 2 0 3 0 0 1 7 2 3 3 1 1 3 2 1 3 1 286 2 2 3
5 5 11 3 3 3 0 0 3 0 0 0 0 0 7 0 11 3 2 1 2 3 2 3 2 1 3 1 1 1 1 286 3 4 4
0 2 0 1 2 4 1 3 0 4 5 11 0 3 5 2 10 1 3 3 3 1 2 2 1 2 1 1 3 1 317 4 3 3
0 0 0 2 5 3 3 0 0 3 4 1 0 11 6 3 6 1 3 1 2 2 3 1 3 1 336 2 2 2
4 2 0 0 3 4 0 0 6 4 3 0 11 6 1 2 3 3 1 1 1 2 1 305 2 0 1
7 4 3 2 11 5 2 0 0 3 3 1 3 2 0 0 3 2 1 1 1 1 1 304 2 1 0
1 4 7 11 2 4 3 2 0 1 4 0 0 0 6 3 8 1 1 3 2 3 2 2 1 1 3 1 306 3 3 2
3 1 0 0 4 0 0 0 7 4 5 2 11 0 3 2 9 1 2 3 2 3 3 1 2 1 1 1 1 339 3 3 3
1 3 0 0 3 2 3 0 1 5 3 1 7 11 0 2 3 3 3 2 1 3 1 313 0 1 2
3 1 0 0 3 2 3 0 3 6 4 1 8 11 3 0 10 3 2 2 1 3 3 3 1 1 2 1 2 1 341 3 3 4
0 7 11 2 1 3 5 1 0 3 4 3 3 1 3 1 3 2 2 2 1 3 1 292 0 3 0
2 2 3 0 2 6 5 1 1 7 3 2 11 6 4 1 5 3 2 3 3 1 1 1 1 323 1 1 3
5 4 0 1 7 4 5 0 11 6 3 0 0 3 0 0 8 1 3 3 2 2 2 2 1 1 1 1 298 2 4 2
0 0 2 0 1 0 3 1 0 4 5 6 0 2 3 11 11 2 1 3 3 3 1 2 3 1 1 2 1 2 1 302 4 3 4
3 6 11 3 3 3 3 0 0 3 0 2 0 0 3 0 9 1 1 2 1 1 3 3 2 2 1 3 1 313 4 3 2
0 1 0 0 4 2 0 0 6 11 2 0 6 2 3 1 0 1 1 1 314 0 0 0
1 0 0 0 3 2 3 11 0 1 6 7 0 3 4 4 7 1 2 1 2 3 3 2 1 3 1 300 2 3 2
0 3 2 1 0 11 5 1 3 3 5 3 0 3 3 5 6 3 2 2 2 1 1 1 3 1 345 2 3 1
3 1 0 0 3 4 0 0 11 6 1 1 3 2 3 2 4 1 2 3 3 1 2 1 356 1 1 2
2 1 3 0 11 6 0 0 6 1 3 3 0 0 2 0 3 1 3 2 1 3 1 323 1 1 1
0 7 3 3 3 2 6 6 0 2 7 11 0 0 4 1 4 3 1 2 1 1 3 1 283 2 1 1
6 6 3 2 11 4 3 3 0 3 0 0 2 0 0 0 9 2 1 3 3 2 3 3 1 1 1 1 1 306 3 2 4
0 0 0 3 0 11 4 3 5 4 5 3 0 3 3 0 10 3 1 2 2 1 2 3 3 1 2 1 1 1 293 3 4 3
0 0 1 3 1 2 1 0 4 3 5 11 2 4 4 5 2 1 2 1 2 1 303 1 1 0
0 3 5 1 5 4 5 2 2 0 3 11 0 0 0 3 8 3 2 2 2 1 1 3 1 1 1 1 330 3 3 2
3 3 2 1 0 4 11 3 2 4 3 6 3 0 0 4 4 1 3 1 3 1 2 1 275 2 0 2
0 0 5 11 0 0 5 7 3 2 5 2 1 3 1 3 4 3 1 1 2 1 2 1 335 2 1 1
3 1 3 6 2 3 5 11 0 4 2 3 0 1 0 3 10 2 1 2 1 2 1 3 1 2 3 1 3 1 306 4 4 2
0 0 1 3 0 3 5 2 0 7 5 3 2 0 6 11 4 3 3 2 1 1 1 1 287 1 1 2
2 3 3 0 5 4 3 0 6 3 11 0 7 2 3 1 1 3 1 1 1 346 0 0 1
3 0 0 0 4 3 4 0 0 4 3 0 3 6 11 1 7 2 3 2 1 3 1 3 1 2 1 310 2 2 3
2 1 3 11 3 6 5 3 0 0 5 3 0 0 3 2 10 3 1 2 2 3 2 1 3 1 1 1 3 1 328 4 3 3
3 3 0 0 1 6 0 2 3 11 3 0 1 0 0 6 3 1 3 2 1 2 1 313 1 1 1
5 2 3 2 8 5 3 0 11 2 3 0 0 0 3 0 3 1 3 1 1 1 1 303 2 0 1
1 1 0 0 0 3 4 11 0 3 5 6 0 3 3 6 7 2 2 1 3 2 3 1 1 2 1 298 2 3 2
2 6 0 0 7 2 1 1 11 3 4 0 2 1 0 0 4 2 3 1 3 1 3 1 324 1 1 2
0 0 0 2 0 3 3 11 0 0 5 7 1 3 4 2 7 1 3 3 1 1 2 2 1 3 1 319 3 2 2
3 2 2 1 11 3 0 0 3 4 4 2 5 5 0 0 3 1 1 3 1 3 1 304 2 0 1
2 1 0 11 0 3 5 2 0 1 3 1 0 0 0 3 8 2 3 3 1 1 2 3 2 1 3 1 326 2 3 3
2 3 11 4 0 4 3 0 0 5 3 0 0 2 1 0 4 1 1 3 3 1 2 1 278 2 0 2
0 4 0 0 0 0 0 3 2 5 3 5 1 1 11 1 7 2 1 2 2 3 3 3 1 3 1 331 1 3 3
0 0 2 0 0 4 3 3 3 6 5 3 3 3 11 3 0 1 1 1 335 0 0 0
2 6 11 3 3 3 0 0 0 1 0 3 0 0 2 0 3 1 2 3 1 1 1 292 1 1 1
1 1 5 5 2 5 11 3 0 4 3 0 0 3 0 0 8 2 2 1 2 1 1 2 3 1 3 1 296 3 4 1
2 3 0 0 3 1 0 1 3 5 11 3 3 3 4 5 0 1 2 1 337 0 0 0
0 3 2 2 0 0 0 3 0 2 3 6 3 0 11 6 6 1 3 1 2 3 1 1 1 1 306 3 1 2
1 1 0 0 3 5 0 2 4 7 1 0 2 7 11 0 8 3 2 3 1 3 2 3 2 1 1 1 323 1 3 4
1 0 0 0 6 4 1 2 5 1 4 3 11 0 0 0 1 2 1 2 1 307 0 1 0
3 11 5 5 0 5 4 3 1 2 2 1 0 0 0 3 1 1 1 2 1 293 1 0 0
2 3 1 0 5 3 1 0 11 5 3 2 0 0 3 0 11 2 1 1 3 1 2 3 2 1 3 3 1 2 1 316 4 3 4
0 1 3 2 2 5 4 5 0 3 1 6 0 11 2 3 3 1 1 3 1 2 1 323 2 0 1
0 1 3 0 0 0 6 11 0 2 5 7 1 4 4 6 10 2 3 1 3 1 2 3 3 2 2 1 1 1 342 2 4 4
0 3 1 2 2 5 0 3 1 1 2 4 0 4 11 3 11 1 1 3 3 2 2 1 3 2 3 2 1 1 1 317 3 4 4
0 0 0 7 2 4 4 3 1 3 11 4 0 2 3 6 10 1 2 1 3 1 3 2 3 2 3 1 1 1 304 3 3 4
0 5 11 2 3 3 1 5 0 0 4 2 0 3 1 0 10 2 1 3 3 3 2 1 2 2 1 1 1 1 325 3 4 3
0 0 3 0 0 2 3 11 0 0 5 7 3 3 4 3 9 1 3 1 2 3 3 1 2 2 1 1 1 352 3 3 3
3 1 3 1 6 8 4 2 11 7 3 0 1 3 2 0 7 2 2 1 2 3 3 3 1 1 1 302 1 3 3
4 11 2 3 4 6 4 0 1 2 0 0 1 2 0 0 0 1 1 1 293 0 0 0
2 0 2 0 0 0 3 0 1 1 4 3 2 4 6 11 1 1 1 3 1 314 1 0 0
0 0 3 0 3 11 1 0 2 5 5 0 1 3 7 5 8 1 2 3 2 1 2 3 1 1 2 1 332 3 3 2
0 2 3 0 1 3 3 2 3 6 4 3 11 7 0 0 8 2 1 2 2 1 3 1 1 1 3 1 315 4 3 1
3 3 0 0 0 5 4 2 0 1 1 5 0 3 11 5 5 3 2 1 1 2 1 2 1 344 2 2 1
0 6 11 5 0 4 5 6 3 3 2 1 0 0 3 0 3 1 1 2 1 2 1 292 2 1 0
0 0 2 0 5 3 2 1 11 6 3 0 4 3 3 0 0 1 1 1 327 0 0 0
0 2 0 0 0 3 6 2 4 3 4 2 4 11 3 1 5 2 1 1 1 3 3 4 0.54545454545454541 5 0.27272727272727271 6 0.1818181818181818 363 3 1 1
0 0 0 2 0 2 0 1 0 2 3 1 1 3 6 11 9 3 1 3 2 3 2 1 2 1 1 3 1 339 3 3 3
4 11 6 3 4 3 4 2 3 1 0 0 0 0 1 0 1 3 1 2 1 323 0 0 1
0 7 11 1 0 5 5 2 0 0 7 1 5 2 0 0 5 3 1 2 2 1 1 3 1 336 2 2 1
0 7 0 0 6 11 3 0 5 2 4 3 3 1 0 3 7 1 1 3 2 2 2 1 1 3 1 301 3 3 1
0 11 5 3 1 4 6 3 2 3 2 3 0 0 0 2 2 1 3 1 1 1 276 1 0 1
4 3 1 2 11 5 2 0 6 5 0 0 3 0 1 0 8 2 2 3 2 3 1 1 1 1 3 1 329 3 3 2
0 0 2 1 0 0 6 3 3 11 4 3 3 4 3 4 5 1 2 2 3 1 1 3 1 319 2 2 1
0 4 2 3 7 3 11 3 6 4 1 1 0 0 3 2 11 3 1 3 2 2 2 3 1 3 1 1 1 2 1 283 4 3 4
0 0 2 0 0 1 4 2 3 0 5 5 0 3 5 11 0 1 1 1 302 0 0 0
0 0 0 2 0 0 3 1 3 1 3 5 0 5 11 5 7 1 3 2 3 2 1 2 1 3 1 329 2 3 2
0 3 1 4 2 3 2 11 1 4 6 3 0 5 4 2 3 1 1 3 1 2 1 338 2 0 1
0 1 0 0 6 5 4 0 11 4 2 1 3 3 4 0 8 3 2 2 1 3 3 2 3 1 1 1 331 1 3 4
3 0 1 11 0 3 7 5 3 1 5 3 0 0 3 3 2 2 2 3 4 0.54545454545454541 5 0.27272727272727271 6 0.1818181818181818 369 0 2 0
0 0 0 2 0 0 0 2 0 3 3 5 3 11 7 5 3 2 1 1 1 1 1 304 2 1 0
0 0 4 4 3 2 3 11 5 6 3 1 0 0 2 3 4 1 1 2 2 1 1 1 298 2 2 0
2 3 4 0 0 5 1 0 3 4 7 5 2 1 1 11 4 2 3 1 3 1 2 1 322 1 1 2
6 11 4 0 7 5 0 0 4 2 3 0 3 3 0 3 4 3 1 2 1 1 3 1 323 2 1 1
0 4 3 3 0 5 4 1 5 11 4 3 0 3 0 0 7 1 3 3 2 2 1 3 1 2 1 342 2 2 3
5 11 0 4 5 2 2 2 3 1 3 1 0 2 0 0 1 1 1 1 1 301 1 0 0
4 6 11 1 4 6 4 0 0 3 2 0 0 1 0 0 1 3 1 2 1 292 0 0 1
2 0 0 0 2 0 0 0 11 4 4 3 6 4 3 3 8 3 2 1 1 1 3 3 2 1 1 1 330 3 2 3
3 11 0 3 3 4 8 4 1 5 3 2 3 0 0 0 3 1 1 2 1 2 1 335 2 1 0
3 11 5 4 2 3 4 0 4 1 1 3 0 0 1 2 0 1 2 1 314 0 0 0
4 6 11 0 3 5 4 0 2 0 3 2 1 0 0 0 6 3 1 3 1 2 2 1 1 1 354 2 2 2
5 4 4 5 2 11 6 1 4 3 3 0 1 3 2 0 10 2 1 2 3 2 2 3 1 1 3 1 1 1 319 3 4 3
0 3 2 6 0 3 4 4 3 1 11 0 0 3 0 0 7 2 1 2 1 3 2 3 1 1 1 289 2 3 2
1 2 4 11 3 3 6 6 1 2 0 0 0 0 4 0 3 2 1 2 1 1 1 357 1 2 0
3 11 8 7 3 5 3 1 0 2 2 3 0 0 0 1 8 1 3 2 1 3 2 3 2 1 1 1 290 2 3 3
0 3 1 3 0 2 5 1 0 11 4 1 3 3 0 2 4 1 3 2 3 1 2 1 336 1 1 2
1 1 6 6 0 0 2 11 1 0 0 3 3 0 0 0 3 2 2 1 1 2 1 312 1 2 0
3 0 0 0 0 3 0 0 2 4 6 7 3 1 3 11 10 3 1 1 1 2 3 2 2 3 2 1 1 1 350 3 4 3
5 1 2 0 11 4 4 2 0 5 0 3 0 0 1 0 1 1 1 2 1 314 1 0 0
0 0 0 2 0 0 3 11 0 3 5 5 3 3 4 3 1 1 3 6 0.1818181818181818 7 0.27272727272727271 8 0.54545454545454541 338 1 0 0
7 1 2 1 11 6 3 2 1 0 2 0 3 0 7 0 0 1 3 1 329 0 0 0
4 4 11 0 0 5 4 3 2 2 1 0 3 3 0 0 2 1 1 1 2 1 311 2 0 0
1 0 0 0 2 2 0 0 4 5 0 1 3 6 11 2 0 1 1 1 351 0 0 0
4 8 11 0 3 5 6 2 0 3 4 0 0 1 3 0 11 3 3 2 1 1 1 2 2 3 1 3 1 2 1 304 4 3 4
0 1 3 4 0 2 3 11 0 0 5 4 1 0 0 2 2 1 3 1 2 1 323 1 0 1
0 2 0 0 0 0 1 11 2 1 4 5 2 3 5 3 10 3 2 1 3 3 2 2 1 3 1 1 1 1 326 3 3 4
3 0 0 0 1 3 3 0 3 5 3 4 6 6 11 4 6 2 2 2 1 1 3 1 3 1 309 2 3 1
0 3 2 1 0 2 5 1 3 6 5 3 1 0 11 3 10 2 1 3 1 2 2 3 2 3 3 1 1 1 364 2 4 4
2 0 0 7 3 2 3 0 5 6 5 0 11 8 6 0 6 1 1 1 2 3 3 1 3 1 363 3 1 2
3 11 4 1 4 5 3 3 3 2 4 0 0 0 3 1 6 3 1 3 2 2 3 1 3 1 306 1 2 3
5 11 6 3 3 5 3 3 0 1 0 0 2 0 0 0 9 1 1 3 2 3 2 3 2 3 1 1 1 290 2 3 4
3 5 3 1 1 4 11 0 2 4 4 5 1 1 2 0 3 2 3 3 1 2 1 333 0 1 2
4 3 3 1 2 3 5 0 11 4 3 0 3 4 2 0 7 2 1 2 3 3 1 1 1 3 1 309 3 2 2
0 3 0 0 6 3 0 2 8 6 4 1 11 3 3 0 0 1 3 1 306 0 0 0
0 2 11 6 0 4 6 7 1 4 0 1 0 3 0 2 9 3 1 2 3 3 2 1 1 3 1 2 1 284 3 2 4
5 4 3 3 11 3 1 0 0 4 3 0 2 1 0 0 2 3 3 1 2 1 303 0 0 2
4 1 11 3 2 1 2 2 3 4 0 0 0 5 0 7 10 1 3 1 1 3 2 1 3 2 3 1 2 1 290 4 2 4
0 2 0 0 11 3 3 1 7 6 3 0 3 3 3 2 3 2 3 1 1 1 1 291 1 1 1
3 2 1 2 11 4 1 0 0 5 4 0 4 4 0 0 10 3 1 1 2 3 1 2 1 2 3 1 2 1 302 4 3 3
0 1 0 2 3 3 0 0 4 3 4 3 7 11 1 0 8 2 3 2 3 3 1 2 3 1 1 1 331 1 3 4
11 6 3 0 4 3 2 0 2 3 0 0 1 0 0 3 6 2 3 3 1 2 1 1 1 1 322 2 2 2
2 6 2 2 5 4 3 1 0 3 11 3 0 6 0 0 5 1 3 1 3 3 1 3 1 325 2 0 3
2 3 2 0 5 1 0 0 6 5 0 0 11 0 1 3 11 2 3 2 1 1 3 1 3 1 2 3 1 2 1 331 4 3 4
3 0 0 0 11 0 3 1 6 4 3 2 1 6 3 2 8 3 3 2 3 1 1 2 1 1 2 1 322 3 2 3
3 11 1 0 1 6 0 3 2 3 6 0 0 5 0 0 4 3 2 2 1 1 3 1 324 1 2 1
5 3 3 1 11 6 2 0 4 0 0 0 0 4 0 0 3 3 1 2 1 3 1 302 1 1 1
0 0 3 0 7 3 3 2 11 5 4 0 3 1 3 0 5 2 3 3 1 1 1 2 1 333 2 1 2
3 5 11 3 1 5 2 0 2 2 5 1 3 0 0 0 0 1 1 1 326 0 0 0
1 3 5 6 0 11 4 3 2 4 1 1 0 0 3 2 0 1 2 1 316 0 0 0
0 3 0 3 0 2 3 5 3 4 6 8 3 0 0 11 0 1 1 1 295 0 0 0
2 0 0 0 1 3 0 0 1 3 4 3 5 11 1 2 2 3 3 1 2 1 334 0 0 2
2 3 6 0 5 4 3 0 11 3 2 1 4 3 0 0 6 3 1 1 2 1 2 1 3 1 325 3 2 1
3 7 11 0 5 7 2 2 3 3 4 0 1 0 2 0 3 1 1 3 1 3 1 313 2 0 1
3 2 1 2 3 6 3 4 5 11 4 0 7 0 1 0 6 3 2 3 3 1 3 3 6 0.1818181818181818 7 0.27272727272727271 8 0.54545454545454541 311 1 1 4
4 4 11 4 1 3 4 3 2 0 0 2 0 0 2 0 3 1 1 1 1 2 1 313 3 0 0
0 3 1 0 0 0 1 6 2 3 2 3 3 0 6 11 11 1 3 3 2 1 1 3 2 1 3 2 1 2 1 292 4 3 4
0 1 11 3 0 2 6 5 2 0 0 5 0 1 3 2 10 2 1 3 1 2 1 3 1 3 3 1 2 1 282 4 2 4
0 0 0 3 1 3 1 3 5 2 2 3 5 11 2 1 4 3 2 2 1 1 1 1 286 1 2 1
2 0 2 1 4 11 3 0 5 6 5 3 1 7 4 2 4 2 3 1 3 1 1 1 335 1 1 2
2 0 2 0 5 1 3 1 5 4 2 0 11 1 5 3 6 2 3 3 2 3 1 1 1 1 252 1 2 3
3 3 1 0 0 7 4 2 11 4 5 3 1 3 3 2 10 3 2 1 3 1 1 3 2 2 2 1 1 1 363 3 4 3
6 11 1 2 7 5 3 0 5 4 4 0 4 3 0 0 1 2 1 1 1 307 0 1 0
0 2 4 7 2 3 6 11 1 2 3 5 1 0 0 0 6 3 1 1 3 3 3 1 2 1 322 2 0 4
3 3 2 0 11 4 4 1 6 6 2 0 2 0 0 0 5 1 3 1 3 1 1 2 1 332 3 0 2
0 0 1 0 7 4 0 0 11 5 0 0 5 4 4 2 0 1 3 1 277 0 0 0
0 0 2 0 3 4 1 3 3 6 6 0 4 11 3 2 6 3 1 2 3 1 2 1 1 1 309 2 2 2
4 11 3 6 2 3 2 1 3 1 5 0 0 0 7 1 3 3 2 1 1 2 1 313 1 1 1
6 5 3 0 11 5 0 0 1 5 3 0 3 3 2 1 3 3 2 2 1 1 1 325 0 2 1
1 0 0 0 1 5 0 0 2 1 6 5 1 4 11 3 6 2 3 2 1 3 2 1 2 1 338 1 3 2
0 3 0 1 4 2 0 0 5 4 3 0 6 11 0 0 0 1 3 1 363 0 0 0
0 2 0 1 11 7 0 0 8 3 4 3 3 2 4 2 1 1 1 1 1 363 1 0 0
0 3 1 4 0 4 4 5 2 0 6 11 0 3 4 0 10 1 2 2 1 1 3 3 3 2 1 1 2 1 360 4 3 3
2 3 5 11 2 4 3 1 0 0 3 0 0 0 0 2 7 1 2 3 1 1 2 3 1 1 1 320 3 2 2
5 2 0 0 8 5 1 2 11 4 0 0 3 5 0 0 7 1 1 2 3 3 1 2 1 3 1 291 3 2 2
0 1 1 0 2 0 3 0 0 3 6 11 0 0 5 6 8 2 3 1 3 2 3 2 1 1 3 1 295 2 3 3
1 1 3 1 2 3 4 2 0 0 0 5 2 0 0 11 0 1 3 1 302 0 0 0
0 2 6 0 3 1 7 11 0 0 3 3 0 0 2 1 6 2 1 3 3 2 1 1 3 1 343 2 2 2
0 1 4 3 0 1 5 7 2 1 0 11 0 0 0 3 4 2 3 2 3 1 3 1 320 0 2 2
2 3 2 11 1 1 5 6 0 4 3 0 3 3 0 0 3 2 2 1 1 1 1 266 1 2 0
7 4 3 0 11 6 3 3 0 3 0 0 0 1 0 1 7 1 2 1 2 3 2 3 1 2 1 332 2 3 2
0 0 1 0 0 1 3 2 5 4 4 2 7 11 4 0 0 1 3 1 301 0 0 0
11 6 1 0 7 5 4 2 5 1 3 4 0 0 1 2 0 1 2 1 318 0 0 0
3 0 3 11 3 1 5 3 0 0 7 1 0 0 1 2 2 2 2 1 3 1 278 0 2 0
6 4 0 0 4 5 0 0 11 4 0 3 3 4 3 1 0 1 2 1 339 0 0 0
3 0 0 0 0 3 3 0 2 4 4 5 0 11 6 3 2 1 3 3 4 0.54545454545454541 5 0.27272727272727271 6 0.1818181818181818 325 1 0 1
0 0 0 3 0 0 2 4 1 3 4 4 0 11 6 3 1 3 1 3 1 304 0 0 1
2 0 0 0 11 5 0 0 6 5 0 1 3 4 2 3 6 2 1 2 1 3 1 1 3 1 331 3 2 1
11 6 0 0 4 1 3 1 4 2 2 4 0 0 1 0 8 3 3 2 1 2 1 3 3 1 2 1 271 2 2 4
3 0 0 0 0 2 1 1 0 2 8 0 2 4 5 11 5 1 2 3 1 3 1 3 1 325 2 1 2
0 1 1 3 0 0 5 4 0 5 1 3 3 3 2 11 6 2 1 2 2 1 2 1 3 1 298 2 4 0
0 2 4 6 0 0 4 11 0 3 4 2 2 0 0 1 4 3 2 1 1 1 1 1 331 2 1 1
0 3 0 0 5 2 2 4 0 5 5 8 0 2 5 11 5 3 1 2 1 1 1 1 1 370 3 1 1
0 1 2 0 0 3 4 3 0 11 4 3 3 0 4 2 10 1 1 3 2 2 2 3 1 1 3 3 5 0.37499999999999994 6 0.24999999999999994 7 0.37499999999999994 280 4 3 3
3 11 4 1 3 6 5 6 3 2 5 0 0 0 1 0 10 2 3 3 1 3 1 2 2 3 1 1 2 1 339 3 3 4
2 2 11 3 3 1 5 3 4 3 2 0 3 0 3 0 2 3 1 1 1 1 278 1 0 1
1 0 4 0 6 2 1 0 11 4 1 1 0 3 3 0 7 2 2 1 2 2 3 3 1 3 1 344 1 4 2
0 0 0 3 0 2 2 3 0 3 5 6 1 3 11 7 5 3 1 2 3 1 1 3 1 300 2 1 2
0 1 3 0 3 2 0 2 3 5 4 0 6 11 0 0 1 3 1 1 1 337 0 0 1
2 11 3 0 2 5 3 1 1 3 0 0 3 0 0 3 0 1 3 1 334 0 0 0
0 0 3 0 5 0 3 0 3 3 5 2 6 8 11 0 5 2 2 1 3 1 1 1 1 348 2 2 1
6 0 3 0 2 2 0 1 1 1 4 3 6 11 0 0 1 2 1 3 1 280 0 1 0
2 0 1 3 0 3 2 3 0 4 5 3 0 0 6 11 6 1 1 2 2 3 3 1 1 1 343 2 2 2
4 5 1 2 3 5 1 3 3 2 11 2 0 2 0 0 8 1 1 2 3 1 3 2 3 1 1 1 310 3 2 3
0 2 4 2 1 4 11 0 2 2 3 4 0 5 3 0 7 3 1 3 1 1 1 2 1 3 1 320 4 1 2
0 1 0 3 1 6 4 11 0 0 5 5 0 3 3 2 1 2 1 3 1 313 0 1 0
0 0 1 2 3 4 0 4 0 5 3 1 3 5 11 3 10 3 2 2 3 2 3 1 1 2 1 3 4 0.54545454545454541 5 0.27272727272727271 6 0.1818181818181818 308 3 4 3
2 0 0 0 4 1 0 0 7 6 3 3 11 4 3 0 2 3 2 1 1 1 356 0 1 1
0 2 0 2 4 1 0 0 5 4 1 0 11 5 3 0 5 2 1 3 3 3 1 3 1 263 1 1 3
0 2 0 0 1 3 0 1 11 4 4 0 3 7 4 5 8 1 3 1 2 2 3 3 2 1 3 1 296 2 3 3
6 5 3 3 3 4 1 0 1 3 11 0 2 4 3 2 10 3 1 1 2 2 2 3 2 3 1 1 1 1 330 3 4 3
0 0 3 0 11 3 1 0 7 5 2 0 3 4 4 2 4 1 3 2 3 1 1 1 335 1 1 2
0 2 8 11 0 5 5 2 1 2 5 1 0 0 2 3 5 1 3 1 1 2 1 3 1 312 3 1 1
1 1 2 3 2 3 3 6 0 0 5 11 3 0 4 0 11 3 3 3 1 1 2 2 2 1 1 3 1 2 1 319 4 3 4
2 0 1 0 3 1 4 3 11 3 1 2 3 5 2 4 0 1 3 1 302 0 0 0
0 0 0 1 0 4 3 2 1 5 2 3 3 3 0 11 11 3 1 3 1 3 1 2 2 3 2 1 1 2 1 349 4 3 4
0 1 11 5 0 4 7 8 1 0 4 4 0 0 3 3 3 3 2 3 1 2 1 348 0 1 2
1 4 5 1 0 0 2 11 0 3 2 6 2 0 6 3 1 1 1 3 1 314 1 0 0
3 3 1 3 0 0 0 5 0 0 3 7 0 0 0 11 8 2 2 1 3 2 1 3 2 1 1 1 288 2 4 2
1 2 0 2 11 5 2 0 5 4 1 0 3 3 0 0 10 1 1 3 1 3 3 2 2 3 2 1 1 1 328 3 3 4
1 4 11 6 0 2 4 2 0 0 0 3 0 2 0 0 3 1 3 1 1 3 1 313 2 0 1
2 0 3 0 11 4 5 2 7 6 3 0 6 4 1 0 3 1 2 1 1 3 1 312 2 1 0
1 1 1 2 3 5 2 2 5 7 3 0 11 7 0 0 3 1 3 2 1 3 1 345 1 1 1
0 0 1 0 2 4 1 1 6 6 4 2 11 4 4 0 3 3 3 2 1 3 1 284 0 1 2
0 3 0 1 1 2 0 2 1 5 0 0 3 6 11 3 3 2 3 1 1 2 1 357 1 1 1
0 0 0 2 3 3 4 11 0 3 4 7 2 3 5 4 7 1 1 2 1 2 3 1 1 3 1 307 4 2 1
4 4 0 0 2 3 5 1 11 3 2 2 3 0 0 0 9 1 3 1 2 3 2 3 1 3 1 1 1 303 3 2 4
2 0 5 0 0 1 4 6 2 4 5 11 3 0 1 3 2 2 3 1 1 1 298 0 1 1
0 0 0 3 7 3 0 3 6 4 3 1 0 0 11 4 5 2 2 3 1 1 1 2 1 300 2 2 1
0 1 3 3 2 1 11 4 0 4 4 6 0 1 0 2 4 2 3 3 1 1 2 1 337 1 1 2
3 5 0 0 4 3 0 0 11 4 0 1 3 4 3 1 3 3 2 3 1 2 1 299 0 1 2
7 11 0 5 3 4 5 2 3 0 0 0 3 0 1 0 11 1 1 3 1 3 2 2 2 1 3 2 1 3 1 355 4 4 3
6 1 2 3 11 6 3 3 0 5 4 0 3 2 0 0 0 1 1 1 278 0 0 0
0 3 3 0 3 5 1 0 4 7 2 2 7 6 11 2 3 1 3 1 1 3 1 368 2 0 1
1 1 5 3 0 0 4 5 1 0 4 11 0 6 0 0 2 2 2 1 2 1 301 0 2 0
3 0 0 0 2 3 3 3 0 2 6 5 2 5 5 11 3 1 3 1 1 1 1 333 2 0 1
3 1 3 3 11 1 4 0 0 5 0 3 0 3 0 3 1 2 1 2 1 309 0 1 0
3 1 2 1 11 3 0 0 4 3 6 0 3 3 0 0 2 2 2 1 1 1 301 0 2 0
7 4 3 1 3 3 11 1 0 2 2 5 0 0 1 2 11 3 3 2 1 2 3 2 1 1 2 1 1 3 1 314 4 4 3
2 11 7 6 0 3 4 5 0 0 0 4 0 0 1 4 11 2 3 1 2 1 3 2 1 1 2 3 1 3 1 372 4 4 3
4 11 6 0 2 1 4 0 2 0 1 2 0 1 0 0 9 1 1 3 1 2 3 2 3 3 1 2 1 284 3 2 4
3 0 5 0 1 4 4 2 2 4 6 3 4 5 11 0 6 2 1 3 2 1 1 1 3 1 256 3 2 1
1 3 6 11 0 2 7 6 0 3 1 3 0 0 2 3 11 1 3 3 2 2 1 2 2 3 1 1 1 3 1 294 4 4 3
0 11 7 3 3 5 3 3 3 3 4 0 0 0 2 0 8 3 1 2 2 1 2 1 3 1 1 1 346 3 3 2
2 0 0 0 1 3 4 0 4 11 4 2 5 4 1 0 0 1 3 1 316 0 0 0
7 0 3 0 3 11 5 0 2 1 4 2 4 1 5 3 3 1 3 2 1 3 1 355 1 1 1
0 2 1 3 0 4 0 1 2 5 11 7 4 3 5 1 4 1 2 2 3 1 3 1 351 1 2 1
0 0 3 0 4 0 4 3 0 4 11 4 0 3 6 5 1 1 1 2 1 306 1 0 0
0 0 0 3 3 6 0 0 11 4 3 1 5 5 2 0 6 3 1 2 2 2 1 1 1 1 255 2 3 1
2 0 11 7 0 1 6 5 0 2 1 4 0 0 0 4 4 3 2 3 3 1 1 1 357 0 1 3
4 11 1 2 4 3 3 5 3 0 4 0 0 0 3 3 0 3 5 0.37499999999999994 6 0.24999999999999994 7 0.37499999999999994 340 0 0 0
0 0 2 0 0 0 3 0 1 2 1 0 3 7 11 2 10 3 2 1 2 1 1 3 3 3 2 1 1 1 306 3 3 4
0 0 2 1 0 0 2 3 1 6 5 1 2 0 5 11 11 1 1 3 1 3 2 2 1 2 3 2 1 3 1 273 4 4 3
0 0 1 2 3 11 4 3 3 4 6 3 3 1 2 3 1 3 1 3 1 290 0 0 1
11 2 2 1 3 6 2 0 0 0 5 3 0 0 0 6 5 1 3 3 1 2 1 1 1 341 2 1 2
3 1 2 1 11 5 3 0 7 3 2 0 0 3 4 0 8 3 3 2 1 1 2 3 1 1 2 1 317 3 2 3
3 2 5 11 0 3 6 5 0 1 2 0 0 1 0 0 11 1 3 2 1 2 1 3 2 3 1 2 1 3 1 312 4 4 3
2 0 3 0 0 0 4 0 3 2 5 11 0 3 3 6 5 1 2 2 1 1 1 1 1 333 3 2 0
3 5 3 6 3 5 6 0 3 5 11 0 0 0 7 0 1 3 1 3 1 348 0 0 1
0 2 0 2 5 0 0 0 4 6 3 0 11 3 3 0 8 3 2 1 3 2 1 3 1 1 1 1 319 3 2 3
0 6 8 11 2 5 4 3 1 3 3 3 0 2 0 1 11 1 3 3 3 2 3 2 1 1 1 2 1 2 1 321 4 3 4
1 6 11 0 5 4 0 3 4 2 4 3 2 0 2 0 6 2 1 1 1 3 2 1 1 1 295 3 2 1
0 11 6 2 0 4 2 3 0 0 1 3 2 3 0 0 7 1 1 2 2 1 1 3 1 3 1 330 4 2 1
0 0 0 2 3 4 4 2 6 5 1 0 11 3 1 0 11 1 3 3 1 3 1 1 3 2 2 2 1 2 1 336 4 3 4
1 4 3 0 6 6 3 0 11 4 4 1 3 0 0 0 8 2 2 1 2 3 2 3 3 1 1 1 320 1 4 3
0 2 0 0 0 3 0 3 11 5 0 0 5 4 3 0 2 3 1 1 3 1 345 1 0 1
3 2 6 5 0 2 1 11 0 0 3 1 0 0 0 2 4 1 3 1 3 1 2 1 288 2 0 2
0 0 0 1 0 2 1 11 3 0 4 6 1 4 4 7 9 2 1 2 2 3 2 3 1 3 1 3 1 316 2 4 3
3 1 0 2 0 4 2 3 0 3 3 11 0 5 5 4 0 1 1 1 329 0 0 0
0 2 0 2 0 4 0 0 11 6 4 2 2 1 2 1 8 1 2 3 3 3 3 1 1 1 1 1 320 3 1 4
1 0 2 3 0 3 4 3 0 0 5 7 0 2 6 11 7 3 1 2 1 1 3 2 1 3 1 319 3 2 2
1 2 0 3 0 1 5 11 0 4 5 6 2 2 6 3 7 2 3 1 1 2 1 3 1 3 1 298 3 2 2
0 0 2 3 0 3 4 3 3 2 6 7 1 0 11 5 6 3 2 1 1 2 1 1 3 1 297 3 2 1
6 11 0 1 3 4 2 2 3 0 0 0 1 1 0 0 3 3 3 3 1 2 1 276 0 0 3
3 3 0 0 1 4 3 2 4 6 4 0 2 11 1 1 9 3 1 2 1 2 3 1 3 2 1 2 1 341 3 3 3
0 0 1 0 1 3 1 7 0 2 5 11 0 3 6 3 9 2 2 2 1 1 3 3 3 2 1 3 1 320 2 4 3
0 3 3 0 0 0 2 2 4 1 5 1 2 0 7 11 4 2 3 1 3 1 1 1 329 1 1 2
2 0 3 0 0 0 2 0 1 4 4 1 11 5 6 3 8 1 3 2 3 3 1 2 1 1 2 1 318 3 2 3
0 1 3 2 0 3 4 3 1 3 6 11 5 3 2 3 5 1 2 3 1 2 1 3 1 327 2 2 1
0 3 0 0 4 1 3 0 3 5 6 2 3 11 0 3 8 1 2 1 1 3 2 3 3 1 2 1 329 3 2 3
1 1 2 5 1 4 5 8 0 1 4 11 0 0 0 3 6 3 2 3 2 2 2 1 1 1 315 0 4 2
2 4 1 0 3 11 2 3 1 4 5 6 0 2 0 0 2 1 1 1 2 1 310 2 0 0
6 8 11 1 4 5 7 2 3 2 3 0 1 0 0 0 2 2 1 1 3 1 363 1 1 0
0 3 0 2 0 2 3 11 2 0 0 6 1 3 1 3 7 2 3 1 3 1 1 2 1 3 1 297 3 2 2
0 11 2 2 3 1 5 3 0 3 1 0 0 1 2 0 11 3 2 1 3 2 3 1 2 1 2 1 1 3 1 270 4 4 3
2 0 3 3 3 4 5 0 3 5 1 0 6 4 11 0 10 3 1 3 2 1 3 2 2 2 1 1 1 1 303 3 4 3
0 0 3 0 0 4 1 3 2 4 3 3 1 6 7 11 4 2 1 1 2 1 2 1 291 2 2 0
0 3 3 0 3 1 2 0 0 4 4 2 0 6 11 3 4 2 1 2 1 1 1 1 298 2 2 0
3 3 4 3 11 4 2 3 7 4 2 0 2 0 0 0 6 1 2 1 3 1 3 1 1 1 290 3 1 2
0 3 0 5 0 2 3 6 0 2 3 11 1 1 4 4 0 1 3 1 302 0 0 0
2 3 3 0 0 2 1 0 11 5 3 1 3 2 1 3 5 3 2 2 3 1 1 1 1 286 1 2 2
11 6 1 2 4 5 4 0 1 3 0 0 2 0 0 0 2 3 3 1 3 1 337 0 0 2
0 4 0 0 0 3 11 3 6 3 4 3 1 3 3 3 0 1 2 1 336 0 0 0
1 4 3 3 7 3 1 2 11 5 4 2 2 0 0 0 9 3 3 1 2 1 2 3 2 1 1 1 1 341 3 3 3
5 11 1 0 4 6 0 2 4 4 0 0 3 0 0 0 2 1 2 1 3 1 333 1 1 0
0 3 4 11 2 3 4 5 1 0 4 1 0 0 0 2 2 1 3 1 2 1 312 1 0 1
0 0 3 2 0 0 1 2 0 11 5 4 6 4 3 1 5 3 2 1 2 3 1 1 1 344 1 2 2
6 6 3 1 11 3 3 0 0 0 2 0 3 0 0 0 10 3 2 1 1 3 1 2 1 2 2 1 3 1 340 4 4 2
3 0 0 0 3 0 3 0 11 5 4 4 3 7 3 1 3 2 1 3 1 2 1 357 1 1 1
0 5 0 0 0 2 3 11 1 3 6 7 0 3 4 5 11 3 2 2 2 3 3 1 1 1 3 1 1 2 1 294 4 3 4
0 3 0 0 4 2 0 4 3 5 3 3 3 11 4 1 11 3 2 1 2 3 2 2 3 1 1 1 1 3 1 304 4 4 3
0 0 0 3 0 3 3 3 2 4 5 6 1 3 3 11 1 2 1 1 1 313 0 1 0
3 0 1 0 1 2 4 0 5 11 4 0 6 4 3 2 2 3 2 1 1 1 316 0 1 1
0 2 3 5 0 1 5 11 0 0 3 6 1 0 5 3 10 2 3 3 3 1 2 1 1 3 2 1 2 1 307 3 3 4
3 1 2 0 2 4 0 1 1 4 3 0 11 7 0 0 10 3 3 2 1 1 2 3 2 1 3 1 2 1 344 3 3 4
2 3 3 4 1 4 5 11 3 4 6 2 0 1 2 0 6 3 1 2 3 1 2 1 1 1 339 2 2 2
3 11 6 1 4 3 5 1 1 3 0 3 0 2 0 0 2 2 3 1 2 1 356 0 1 1
7 11 0 0 3 7 5 2 2 5 0 0 1 1 2 1 5 3 1 2 2 1 1 3 1 333 2 2 1
0 1 11 4 2 5 4 3 2 0 0 3 0 0 1 3 9 2 2 1 3 3 3 1 2 1 1 3 1 307 3 3 3
3 11 3 1 2 6 4 0 1 4 1 0 0 2 0 0 7 3 3 1 3 2 1 2 1 2 1 344 2 2 3
0 3 0 0 0 1 0 0 2 4 3 0 4 11 5 3 2 2 3 1 1 1 290 0 1 1
2 3 3 3 1 3 6 3 0 4 11 2 1 0 0 0 3 3 1 3 1 2 1 336 1 0 2
2 0 2 0 3 0 1 0 2 3 6 7 1 5 11 3 5 3 2 1 3 3 1 1 1 324 1 1 3
0 2 1 1 0 0 3 0 2 4 1 0 3 11 7 0 7 1 2 2 3 3 3 2 1 1 1 369 1 3 3
1 4 6 3 3 7 4 11 0 0 5 4 3 0 3 0 8 2 1 2 2 1 3 2 1 1 3 1 343 3 4 1
3 2 4 3 0 4 6 3 2 0 4 11 0 0 3 4 1 1 1 1 1 303 1 0 0
0 4 3 3 0 4 3 11 4 4 5 3 0 1 5 2 7 3 2 2 2 1 1 1 1 3 1 365 3 3 1
2 2 3 0 0 5 4 5 1 2 6 11 0 3 2 1 1 1 1 1 1 325 1 0 0
11 6 3 1 3 5 7 0 3 4 3 0 1 1 0 0 3 3 2 2 1 2 1 317 0 2 1
1 2 0 0 1 2 0 3 3 3 6 4 0 2 5 11 3 1 1 3 1 2 1 312 2 0 1
0 2 3 5 2 1 1 4 0 2 3 11 0 3 3 1 0 1 3 1 321 0 0 0
0 0 0 11 3 4 5 6 0 2 1 4 2 0 3 1 11 2 3 1 2 1 2 1 2 1 3 3 1 3 1 371 4 4 3
0 1 3 1 0 0 2 3 0 4 5 6 6 0 5 11 6 3 2 1 2 1 3 1 2 1 302 2 2 2
3 2 0 0 3 3 1 0 5 4 0 0 11 3 0 3 2 2 1 1 3 1 322 1 1 0
2 0 0 0 0 3 0 5 3 3 4 3 2 3 11 5 2 1 3 1 1 1 289 1 0 1
0 0 2 0 0 0 1 0 11 4 0 0 7 4 4 4 10 1 1 3 2 2 3 1 3 3 2 3 5 0.37499999999999994 6 0.24999999999999994 7 0.37499999999999994 320 3 3 4
0 3 0 3 0 3 0 11 0 3 4 6 3 6 5 3 11 1 1 2 3 1 2 3 3 2 2 3 1 1 1 295 3 4 4
5 2 2 2 5 6 2 0 11 3 1 0 3 0 6 0 7 2 3 3 3 1 1 1 1 1 1 320 3 1 3
5 5 7 2 11 1 3 0 0 2 2 0 0 0 0 3 8 1 3 1 1 2 3 1 3 1 2 1 295 4 1 3
0 0 0 1 1 2 2 0 3 3 5 6 5 11 0 1 11 1 1 2 2 3 2 3 2 3 3 1 3 6 0.1818181818181818 7 0.27272727272727271 8 0.54545454545454541 283 3 4 4
7 5 4 2 11 4 0 1 3 2 0 0 3 0 0 0 0 1 1 1 357 0 0 0
5 11 0 1 2 5 3 0 1 1 0 0 0 2 3 0 10 3 2 2 1 3 2 1 2 3 3 1 1 1 360 2 4 4
2 7 11 0 1 5 6 4 1 4 4 0 3 0 2 3 9 1 2 2 1 1 1 3 2 2 1 3 1 340 4 4 1
6 8 11 1 4 4 3 0 1 4 1 0 0 2 0 0 3 2 3 2 1 3 1 314 0 2 1
3 0 2 0 0 1 5 0 0 4 4 7 2 1 2 11 9 2 1 1 2 3 1 2 3 1 1 3 1 350 4 3 2
0 0 0 3 0 1 3 3 0 3 6 5 2 1 5 11 3 2 3 2 1 1 1 292 0 2 1
3 3 5 5 0 3 11 5 0 5 3 0 4 0 0 0 1 3 1 3 1 337 0 0 1
6 8 11 0 4 1 5 3 0 0 2 0 0 1 0 0 8 1 3 1 2 2 2 3 3 3 5 0.37499999999999994 6 0.24999999999999994 7 0.37499999999999994 317 2 3 3
6 6 3 1 11 3 2 2 0 0 2 0 0 0 3 0 4 1 1 1 2 1 3 1 311 3 1 0
0 0 2 0 0 0 0 1 3 3 3 4 0 4 6 11 11 2 1 3 1 3 3 2 2 1 3 2 1 1 1 279 3 4 4
11 5 5 0 5 3 4 2 4 1 3 2 1 3 1 0 0 1 2 1 348 0 0 0
0 0 0 1 1 3 2 2 2 5 3 1 0 11 7 2 2 3 1 1 3 1 348 1 0 1
0 3 0 0 3 0 5 0 6 3 2 0 3 11 3 1 5 3 2 2 3 1 1 1 1 324 1 2 2
0 0 11 6 2 3 5 2 0 4 3 2 1 3 0 0 7 1 3 3 1 3 2 1 3 6 0.1818181818181818 7 0.27272727272727271 8 0.54545454545454541 292 3 1 3
5 11 0 0 2 5 3 4 1 0 0 0 0 2 2 3 2 3 1 1 1 1 301 1 0 1
3 0 3 0 2 3 5 0 1 0 3 0 5 7 11 2 0 1 1 1 288 0 0 0
0 3 0 0 11 7 4 2 6 6 3 0 1 1 3 3 3 1 3 2 1 2 1 301 1 1 1
0 2 2 0 3 3 2 1 11 6 3 0 5 4 2 0 3 1 1 1 1 3 1 344 3 0 0
1 0 2 3 0 5 2 4 3 7 5 3 0 0 11 3 0 1 1 1 304 0 0 0
0 5 4 0 4 4 2 3 11 3 2 0 2 1 0 3 6 1 1 2 3 3 1 1 3 1 267 3 1 2
0 3 2 0 5 5 3 0 11 4 1 0 2 1 0 1 1 3 1 2 1 338 0 0 1
0 3 3 1 0 3 2 4 2 3 5 4 1 0 11 5 2 3 1 1 2 1 323 1 0 1
0 0 0 2 2 3 3 0 1 1 11 5 3 4 3 0 3 1 3 2 3 4 0.54545454545454541 5 0.27272727272727271 6 0.1818181818181818 321 1 1 1
0 1 4 0 11 5 0 1 7 7 2 0 1 2 3 0 9 3 2 1 2 1 1 2 3 3 1 2 1 319 3 3 3
4 2 0 0 2 0 0 1 4 5 1 0 3 6 11 2 0 1 1 1 307 0 0 0
0 4 3 3 2 4 11 5 0 1 2 6 1 0 0 5 11 2 2 1 1 3 3 2 1 1 3 3 1 2 1 308 4 3 4
1 6 2 2 11 5 1 0 4 0 3 0 3 0 0 0 11 1 3 1 3 3 3 2 2 1 2 1 1 2 1 272 4 3 4
1 4 3 11 3 3 4 4 2 0 3 0 0 0 3 0 11 2 3 2 3 1 3 2 2 1 3 1 1 1 1 316 3 4 4
7 6 1 2 11 4 3 0 3 2 0 0 0 3 0 0 2 3 1 3 4 0.54545454545454541 5 0.27272727272727271 6 0.1818181818181818 347 1 0 1
2 0 0 0 4 1 0 0 4 6 3 0 11 5 1 1 1 2 1 2 1 325 0 1 0
3 4 5 0 3 1 5 2 11 6 0 3 1 3 1 0 7 2 1 1 2 3 2 2 3 6 0.1818181818181818 7 0.27272727272727271 8 0.54545454545454541 297 2 4 1
6 11 0 3 3 4 3 1 3 2 6 3 0 1 0 0 2 2 1 1 2 1 291 1 1 0
2 0 3 3 2 5 3 4 2 3 7 5 0 1 0 11 7 1 1 1 2 3 3 3 1 3 1 285 3 1 3
3 3 11 3 0 2 5 5 1 3 5 4 0 2 0 1 11 1 3 2 1 2 2 3 2 1 3 1 1 3 1 320 4 4 3
4 11 1 0 4 5 3 0 6 1 0 1 2 3 0 0 7 1 3 3 2 2 3 3 1 2 1 319 1 2 4
0 2 0 1 1 7 11 0 3 6 5 6 0 3 1 3 9 2 2 3 2 3 1 3 2 1 1 3 1 330 2 4 3
0 0 2 1 0 0 3 2 0 3 4 11 1 2 3 6 5 2 3 1 3 1 1 3 1 274 2 1 2
1 7 11 2 3 4 0 0 1 0 1 0 0 3 0 0 5 2 2 3 3 2 1 1 1 332 0 3 2
3 2 0 0 7 4 5 0 11 6 1 1 0 0 3 0 9 1 2 1 1 3 3 3 2 2 1 2 1 338 3 3 3
3 4 3 3 11 5 2 0 6 1 0 0 2 0 0 0 10 2 1 2 3 2 1 3 3 1 3 1 1 1 249 3 3 4
4 0 2 0 2 1 0 0 3 3 5 4 2 11 4 3 1 1 1 1 1 299 1 0 0
3 11 3 1 2 1 7 4 3 1 0 6 2 0 2 0 6 2 3 2 1 1 3 3 4 0.54545454545454541 5 0.27272727272727271 6 0.1818181818181818 312 2 2 2
0 1 7 11 0 0 4 6 3 1 0 4 0 0 2 2 6 3 3 3 1 1 2 1 2 1 329 2 1 3
1 11 6 0 3 4 6 0 0 4 3 3 0 1 0 0 5 3 1 2 3 2 1 2 1 300 1 2 2
0 0 0 2 2 0 3 11 0 4 5 6 3 2 3 1 3 3 1 3 1 1 1 337 1 0 2
0 1 11 7 0 2 4 5 0 1 4 2 3 1 0 0 9 1 1 3 3 2 2 2 2 3 1 1 1 319 2 4 3
1 2 1 0 3 4 2 2 4 5 4 0 6 7 11 0 5 1 3 2 3 3 1 1 1 357 1 1 3
0 3 2 0 2 1 3 3 0 5 6 5 0 11 6 3 0 1 1 1 316 0 0 0
4 6 11 0 2 3 4 0 0 1 0 3 0 0 0 2 0 1 1 1 292 0 0 0
0 1 0 3 0 3 6 2 0 11 5 2 2 1 5 3 5 1 3 3 1 2 1 3 1 276 2 1 2
2 3 2 4 11 6 1 0 5 3 1 1 3 0 2 2 3 3 1 3 1 3 1 315 1 0 2
0 4 2 3 1 2 4 6 0 0 1 11 0 0 0 3 4 3 3 1 2 1 3 1 322 1 1 2
0 4 2 5 2 1 5 5 2 3 11 3 0 1 0 3 9 3 1 2 3 2 1 1 1 2 1 3 1 341 4 3 2
0 0 4 0 1 4 0 0 4 6 6 2 5 4 11 3 2 3 1 1 2 1 303 1 0 1
4 3 3 0 6 4 3 1 11 3 4 0 0 1 0 2 3 1 3 2 1 2 1 334 1 1 1
3 3 2 0 11 0 6 0 6 5 2 0 1 5 2 1 4 3 2 3 1 1 1 1 345 1 1 2
3 2 0 2 3 4 3 0 4 7 1 0 6 11 2 0 1 1 1 1 1 260 1 0 0
0 0 2 3 0 0 3 7 2 3 5 4 3 11 6 4 5 2 1 2 1 1 1 1 1 289 3 2 0
3 6 0 0 2 4 8 0 1 3 5 11 0 1 3 4 4 2 2 3 3 1 1 1 360 0 2 2
3 2 3 5 4 3 1 5 0 0 2 11 0 0 3 3 8 3 1 2 1 1 2 2 3 1 1 1 296 3 3 2
1 3 0 3 2 3 5 4 0 0 5 11 0 4 1 3 3 2 3 1 1 2 1 323 1 1 1
2 4 3 6 0 1 11 5 0 3 3 4 0 2 0 0 1 1 1 3 1 313 1 0 0
0 0 3 3 0 0 6 11 2 3 3 5 0 0 0 3 9 2 3 3 2 1 1 2 3 1 1 1 1 306 3 3 3
11 7 0 0 5 3 1 0 3 0 3 3 3 0 0 0 6 2 3 1 1 2 3 1 2 1 353 2 2 2
3 2 1 5 2 0 5 11 0 5 3 0 0 1 2 0 7 1 1 1 3 2 3 3 1 2 1 305 3 1 3
6 11 2 2 5 5 0 0 3 1 0 0 2 0 0 0 3 1 3 3 1 1 1 289 1 0 2
11 4 3 0 6 5 2 3 0 1 6 1 2 0 2 0 1 1 1 3 1 313 1 0 0
0 4 1 3 3 2 5 11 0 2 0 5 0 3 0 1 11 1 3 1 2 2 1 2 3 3 2 1 3 5 0.37499999999999994 6 0.24999999999999994 7 0.37499999999999994 338 4 4 3
3 7 5 3 1 2 11 5 0 4 2 1 5 0 0 4 8 1 2 3 2 3 1 2 1 1 3 1 311 3 3 2
1 3 0 4 0 5 1 2 3 4 11 6 2 1 4 4 4 3 1 2 2 1 3 1 325 1 2 1
11 6 2 0 1 6 3 0 4 1 0 0 2 1 0 2 11 2 2 1 3 2 3 1 3 2 1 3 1 1 1 329 3 4 4
0 2 0 2 0 1 4 5 3 0 3 3 3 1 11 2 10 3 2 2 3 1 1 3 1 2 1 1 3 1 325 4 3 3
3 2 0 0 2 4 3 1 1 3 6 4 1 11 0 2 4 3 3 2 1 1 3 1 288 1 1 2
0 0 1 6 0 3 3 5 0 0 4 11 1 2 5 3 10 3 3 1 2 2 2 1 1 3 2 1 3 1 303 3 4 3
0 0 1 3 0 2 3 11 2 3 6 5 2 3 4 1 10 1 1 2 1 3 3 3 2 2 1 1 3 1 354 4 3 3
1 0 0 0 0 2 0 0 6 4 4 1 11 5 2 0 2 3 1 1 2 1 346 1 0 1
0 1 2 3 0 2 4 3 3 0 0 11 0 0 0 7 7 1 2 3 1 2 3 1 1 3 1 297 3 2 2
1 6 11 0 1 6 4 0 0 3 1 0 0 0 2 2 0 1 2 1 369 0 0 0
0 2 11 4 0 1 6 3 1 7 3 2 0 2 1 0 9 3 2 1 1 3 3 2 2 1 1 3 1 275 3 3 3
3 3 0 0 0 0 0 11 0 3 5 8 0 3 3 6 10 1 3 3 2 2 1 2 1 3 1 1 2 1 366 4 3 3
0 3 0 0 2 3 3 0 0 3 4 11 0 3 5 5 9 2 3 1 3 1 1 1 3 2 1 2 1 283 4 2 3
3 1 0 0 6 2 3 4 11 3 2 1 2 3 4 0 4 3 3 1 1 1 2 1 322 2 0 2
3 11 5 3 1 2 2 0 3 0 1 0 5 0 2 0 2 3 1 1 3 1 292 1 0 1
0 3 0 0 0 3 4 11 0 1 5 6 1 2 3 3 0 1 2 1 327 0 0 0
3 6 0 0 3 3 4 2 4 4 11 0 1 2 1 2 6 1 1 2 3 1 3 1 2 1 310 3 1 2
2 3 6 11 3 2 5 0 1 3 3 0 0 0 1 2 10 1 1 3 2 2 1 3 3 3 2 1 1 1 328 3 3 4
3 2 0 1 11 4 1 3 6 5 4 0 0 0 0 1 3 2 2 1 1 2 1 313 1 2 0
0 0 0 2 0 2 1 1 0 4 6 1 3 3 4 11 7 3 2 3 3 1 2 1 1 2 1 287 2 2 3
2 0 1 0 3 3 5 3 1 2 3 11 0 3 4 5 9 2 3 2 3 3 1 2 1 3 1 1 1 337 2 3 4
1 3 11 2 3 4 1 2 0 1 0 3 0 6 3 2 8 3 2 2 1 1 1 3 2 3 6 0.1818181818181818 7 0.27272727272727271 8 0.54545454545454541 287 3 3 2
3 5 11 3 0 4 5 4 0 0 2 1 0 0 3 0 11 2 2 3 2 1 3 1 2 1 1 3 1 3 1 361 4 4 3
4 4 11 0 3 5 2 3 0 3 1 3 0 0 1 0 0 1 2 1 287 0 0 0
1 6 11 2 5 5 1 0 3 3 0 0 0 0 2 0 1 3 1 3 1 338 0 0 1
0 2 3 4 4 6 4 3 0 7 11 1 3 0 3 3 11 3 1 1 2 3 3 3 2 1 1 2 1 2 1 298 4 3 4
1 0 3 0 2 5 7 11 1 5 3 3 0 2 5 1 5 3 3 3 1 2 1 2 1 313 1 1 3
11 3 0 1 5 4 2 0 4 1 3 0 2 0 3 0 0 1 3 1 336 0 0 0
0 0 0 1 0 0 3 5 0 3 11 5 1 5 1 5 6 1 3 3 2 2 2 1 2 1 310 1 3 2
1 0 0 0 5 1 1 0 11 5 2 3 3 3 0 0 7 1 2 2 2 3 3 1 1 2 1 354 2 3 2
0 1 2 2 4 5 11 0 0 6 1 0 2 0 0 0 10 2 3 1 3 3 2 1 1 3 1 1 2 1 315 4 2 4
3 2 1 0 0 3 6 3 4 5 3 1 0 3 11 2 0 1 3 1 304 0 0 0
6 5 4 3 11 5 3 0 0 3 0 0 0 1 0 0 3 1 3 2 1 2 1 347 1 1 1
3 1 2 5 11 3 4 1 5 3 0 0 0 0 0 2 3 3 2 3 1 1 1 319 0 1 2
7 3 4 0 11 5 3 3 0 3 2 0 0 0 1 0 7 3 2 1 1 3 2 2 1 1 1 330 2 3 2
0 3 2 0 11 4 1 2 6 2 3 0 1 4 3 3 10 3 2 1 3 3 1 1 3 2 1 1 2 1 318 4 2 4
0 6 2 3 0 3 3 3 0 1 4 11 2 3 3 3 1 1 1 3 1 341 1 0 0
3 1 0 0 11 3 0 0 6 3 1 2 3 3 2 0 0 1 3 1 306 0 0 0
0 2 4 5 2 1 6 11 0 0 0 1 0 3 0 0 4 2 3 1 1 1 2 1 312 2 1 1
1 1 6 11 3 2 6 3 0 2 3 4 0 0 0 2 0 1 1 1 304 0 0 0
3 6 11 0 0 0 4 0 1 3 3 2 0 0 3 0 10 2 2 1 1 3 1 3 1 2 3 1 2 1 329 4 3 3
0 0 0 1 2 3 0 3 3 4 3 4 0 0 11 4 0 1 3 1 306 0 0 0
0 0 0 1 2 4 3 0 6 6 1 1 11 4 3 0 8 3 1 2 2 3 3 2 1 1 2 1 317 2 3 3
2 1 2 0 4 5 2 1 1 5 11 0 6 0 5 0 0 1 3 1 318 0 0 0
11 4 3 0 5 5 5 3 0 2 0 1 2 0 0 0 4 1 2 2 1 1 1 1 275 2 2 0
0 2 2 3 0 0 5 11 1 4 4 7 0 1 0 0 1 2 1 1 1 303 0 1 0
0 1 0 2 0 3 2 2 0 1 4 11 5 3 3 6 5 3 1 3 2 3 1 1 1 364 1 1 3
2 0 0 0 11 4 0 0 4 6 1 0 1 2 2 5 10 2 1 2 1 3 1 1 2 3 3 1 3 1 309 4 3 3
3 1 1 0 2 3 1 0 5 4 2 2 11 0 1 3 1 3 1 2 1 322 0 0 1
1 0 1 5 0 0 4 4 2 3 5 4 0 1 11 3 8 2 2 3 2 1 2 3 3 1 1 1 308 1 4 3
0 11 6 3 0 4 4 4 0 2 3 0 3 0 0 2 5 3 3 2 1 1 1 1 1 329 2 1 2
2 3 11 6 0 0 7 6 0 3 2 2 0 0 0 1 3 1 2 1 1 1 1 313 2 1 0
2 4 3 2 11 1 0 0 4 4 1 0 2 5 0 2 5 1 2 3 1 1 1 3 1 336 3 1 1
0 2 0 0 5 3 1 0 11 5 1 2 2 2 1 0 10 1 3 3 3 2 2 2 1 1 3 1 1 1 292 3 3 4
0 0 2 0 2 1 1 0 0 4 4 0 3 11 6 3 2 3 1 1 2 1 294 1 0 1
2 3 6 11 0 1 5 6 0 0 4 4 0 0 3 3 5 3 2 1 2 1 1 3 1 322 2 2 1
2 0 3 6 0 3 1 11 0 1 3 6 0 0 1 4 1 2 1 2 1 345 0 1 0
0 2 0 3 0 4 1 0 11 5 1 2 7 4 3 0 2 2 3 1 1 1 345 0 1 1
0 0 3 0 0 0 2 0 0 2 5 4 3 5 6 11 3 3 1 3 1 1 1 288 1 0 2
3 11 6 3 2 5 3 4 3 0 0 3 0 0 0 3 8 1 1 3 2 2 3 1 2 1 1 1 341 3 3 2
3 11 5 4 1 0 6 4 0 2 4 2 0 0 0 1 6 3 3 1 1 2 2 1 3 1 305 2 2 2
5 11 3 0 5 5 0 2 0 2 1 0 2 0 0 0 9 3 3 3 3 1 1 2 1 1 1 2 1 298 4 1 4
2 5 3 0 6 4 5 3 3 4 11 3 1 0 3 0 11 2 3 1 2 1 3 1 2 2 1 3 1 3 1 315 4 4 3
0 0 0 1 3 1 2 1 2 4 6 2 3 11 4 4 6 3 1 1 3 2 3 1 2 1 335 2 1 3
0 0 2 0 5 0 1 1 8 5 3 0 11 4 2 0 3 3 2 1 1 3 1 313 1 1 1
0 0 1 3 0 2 4 11 1 3 5 6 0 3 0 2 0 1 3 1 327 0 0 0
0 0 0 3 0 1 3 0 0 2 4 5 3 11 5 5 9 2 1 3 1 3 1 2 2 2 1 1 1 308 3 4 2
2 1 0 2 4 3 0 0 7 3 4 3 11 6 0 0 2 1 1 1 2 1 301 2 0 0
0 3 5 11 0 2 1 6 0 0 2 2 3 3 0 0 7 1 2 3 1 3 2 1 1 1 1 316 3 2 2
3 3 6 3 0 4 4 11 0 1 3 3 0 0 2 0 11 2 3 3 1 3 2 3 1 1 2 1 1 2 1 318 4 3 4
0 4 0 0 11 4 2 1 6 4 4 0 1 2 0 0 7 3 2 3 3 2 3 1 1 1 1 333 1 2 4
0 3 2 3 0 1 3 5 0 0 3 11 1 1 0 3 4 3 2 2 3 3 5 0.37499999999999994 6 0.24999999999999994 7 0.37499999999999994 365 0 2 2
0 4 1 0 0 3 2 0 6 4 3 4 1 5 11 1 8 3 2 2 3 3 2 1 3 3 4 0.54545454545454541 5 0.27272727272727271 6 0.1818181818181818 347 1 3 4
1 2 3 3 0 4 3 11 0 1 1 7 0 2 0 0 5 3 3 2 2 3 1 1 1 323 0 2 3
4 4 0 0 6 5 3 1 11 3 0 0 2 2 0 3 7 3 3 3 1 1 2 1 1 2 1 355 3 1 3
1 3 4 11 2 3 5 6 0 0 3 1 0 3 1 0 2 2 2 1 3 1 301 0 2 0
0 3 6 11 0 3 7 3 0 3 1 3 2 0 2 3 9 2 3 1 1 2 1 3 1 2 1 3 1 316 4 3 2
2 0 0 0 3 4 0 4 4 5 4 0 3 4 11 0 1 3 1 1 1 328 0 0 1
3 3 2 2 4 3 0 0 3 5 4 0 3 11 0 0 8 1 3 2 3 1 1 1 3 1 2 1 331 4 1 3
2 4 4 1 0 11 5 2 0 4 3 6 0 0 2 1 1 1 3 5 0.37499999999999994 6 0.24999999999999994 7 0.37499999999999994 359 1 0 0
1 0 3 0 7 3 3 1 11 5 2 0 5 3 3 0 10 2 3 2 3 3 1 2 3 1 2 1 1 1 282 2 4 4
1 2 0 0 6 4 3 2 11 5 4 2 0 0 3 0 5 1 1 2 3 3 1 1 1 299 2 1 2
11 1 0 0 6 6 2 2 3 0 0 0 5 0 0 0 7 3 3 3 1 1 2 3 3 5 0.37499999999999994 6 0.24999999999999994 7 0.37499999999999994 325 2 1 4
3 0 3 0 2 6 0 0 5 5 0 0 3 11 4 6 6 3 1 1 3 1 2 1 2 1 343 3 1 2
0 0 7 1 0 3 3 1 1 5 4 0 6 11 2 3 9 1 2 2 2 2 1 3 3 3 1 3 1 311 2 4 3
3 6 11 2 4 4 3 3 3 3 0 1 0 1 1 0 9 3 3 1 1 3 2 2 2 2 1 3 1 306 2 4 3
4 5 11 3 4 6 0 2 3 1 1 0 0 0 0 3 1 3 1 2 1 323 0 0 1
0 6 0 3 0 0 0 2 2 3 6 3 0 1 6 11 8 1 2 3 2 3 3 1 1 3 4 0.54545454545454541 5 0.27272727272727271 6 0.1818181818181818 298 3 2 3
0 0 1 0 2 1 0 3 3 4 4 4 3 11 6 3 0 1 2 1 326 0 0 0
0 0 0 2 0 2 0 0 0 6 5 2 1 11 5 1 3 3 3 3 1 1 1 321 0 0 3
0 0 2 0 0 3 3 1 0 3 5 4 3 3 4 11 5 3 3 2 1 2 1 1 1 284 1 2 2
0 3 0 0 11 4 2 3 8 4 1 0 5 1 3 2 3 2 3 1 1 3 1 327 1 1 1
3 1 0 0 11 3 0 0 7 5 0 0 4 3 3 2 1 2 1 1 1 325 0 1 0
1 0 0 3 0 3 0 5 2 4 4 2 3 1 11 4 0 1 3 1 279 0 0 0
0 1 0 0 3 3 0 1 5 4 3 2 4 11 4 0 7 1 3 2 2 1 3 3 1 2 1 311 2 2 3
2 0 1 0 1 1 3 0 4 6 3 2 5 11 0 3 9 3 1 1 2 2 3 2 3 1 1 2 1 292 3 3 3
5 11 0 0 5 3 2 2 3 1 6 0 3 2 0 0 6 3 2 3 3 1 1 1 1 1 285 2 1 3
2 3 3 6 1 0 5 11 0 0 3 1 2 0 0 0 9 3 3 1 1 3 3 2 2 1 1 2 1 329 3 2 4
0 0 1 3 7 2 3 4 0 5 6 3 1 11 8 4 4 2 3 2 1 1 3 1 285 1 2 1
0 0 5 0 7 6 3 2 11 4 1 1 1 2 3 2 9 3 2 3 3 1 2 3 2 1 1 1 1 306 2 3 4
3 11 6 3 0 1 0 2 0 0 1 4 0 1 0 2 1 2 1 3 1 299 0 1 0
0 0 1 2 0 0 3 11 2 3 5 6 3 1 4 4 7 1 3 2 2 1 3 2 1 1 1 286 2 3 2
0 2 0 0 0 4 3 0 4 6 4 3 3 6 11 1 11 1 3 3 2 3 1 2 1 2 2 1 1 3 1 282 4 4 3
0 4 3 0 4 3 1 0 11 4 0 2 3 5 4 0 11 2 3 1 1 3 1 2 2 2 3 3 1 1 1 289 3 4 4
0 0 2 1 3 2 1 4 0 2 7 2 0 0 0 11 8 2 3 1 3 1 2 1 1 1 3 1 330 4 2 2
2 4 4 5 0 0 5 8 1 0 4 11 0 0 0 3 11 1 2 2 1 2 1 3 3 1 3 2 1 3 1 332 4 4 3
3 11 6 3 3 4 4 2 0 1 1 0 2 0 0 0 4 3 2 1 2 1 1 1 324 1 2 1
0 3 0 0 3 0 2 1 1 3 3 6 3 4 5 11 8 2 2 3 1 1 2 1 3 1 2 1 307 3 3 2
0 0 3 0 3 11 2 0 4 4 6 1 4 1 2 3 10 2 3 1 3 3 2 1 1 2 2 1 1 1 358 3 4 3
0 4 3 3 2 1 1 7 0 2 5 11 0 2 3 0 6 1 1 2 3 2 1 1 3 1 288 3 2 1
0 3 4 6 2 1 4 11 0 0 0 3 0 3 0 0 11 3 1 3 1 3 2 3 1 1 2 2 1 2 1 316 4 3 4
0 11 6 2 0 4 2 1 2 0 3 1 0 0 0 3 10 1 3 3 2 3 2 2 1 1 3 1 1 1 328 3 3 4
3 2 4 3 0 0 4 11 2 3 5 4 0 0 3 3 2 3 1 1 1 1 333 1 0 1
1 1 2 3 4 4 3 6 3 3 11 0 0 3 0 0 1 2 1 3 1 335 0 1 0
6 5 4 3 11 3 3 0 2 0 0 0 1 0 0 0 6 2 2 2 1 3 1 1 1 1 345 2 3 1
2 4 3 0 11 5 4 2 4 4 1 0 2 2 0 0 8 3 3 2 3 1 3 1 1 1 1 1 295 3 1 4
1 5 1 4 0 4 11 6 2 0 4 2 1 0 0 0 1 2 1 3 1 256 0 1 0
0 2 1 0 7 3 4 1 11 3 0 2 4 3 0 0 9 3 3 3 1 2 1 2 2 3 1 1 1 308 2 3 4
5 1 2 2 6 5 1 0 11 5 0 0 3 0 0 0 6 3 3 2 3 2 1 1 1 1 344 1 2 3
0 0 3 1 0 0 2 2 0 0 3 11 1 3 5 6 0 1 3 1 315 0 0 0
11 5 4 3 0 7 4 3 2 3 3 0 3 0 0 0 0 1 1 1 309 0 0 0
3 5 1 4 5 5 0 0 11 1 0 0 0 0 3 3 2 3 2 1 2 1 317 0 1 1
3 4 4 0 6 3 0 0 11 5 3 3 2 1 0 0 5 2 1 1 2 1 1 2 1 334 3 2 0
3 3 1 0 11 2 1 0 4 3 5 0 2 3 0 2 10 3 1 2 1 3 3 1 3 2 2 1 1 1 361 3 3 4
0 1 3 3 0 3 4 11 2 1 3 3 0 0 3 0 0 1 2 1 294 0 0 0
1 2 3 6 0 6 6 11 0 0 2 3 0 1 0 0 11 1 2 2 1 2 3 1 2 3 1 3 1 3 1 373 4 4 3
3 1 6 7 0 3 4 11 2 5 6 0 1 3 5 0 7 3 3 2 3 1 1 2 1 2 1 298 2 2 3
0 7 11 3 1 4 5 3 0 0 2 3 0 0 0 1 5 2 3 1 2 1 1 2 1 342 2 2 1
0 3 1 0 0 5 0 2 0 6 1 2 3 2 11 4 3 2 1 1 3 4 0.54545454545454541 5 0.27272727272727271 6 0.1818181818181818 344 2 1 0
3 3 0 1 4 11 0 0 4 5 4 3 0 0 2 0 9 1 1 2 3 3 1 2 3 2 3 5 0.37499999999999994 6 0.24999999999999994 7 0.37499999999999994 363 3 3 3
0 0 1 1 0 3 1 3 0 5 2 3 3 0 6 11 6 1 2 2 2 1 3 1 2 1 272 2 3 1
3 1 0 3 0 0 0 1 0 0 6 5 0 1 4 11 6 2 1 3 3 2 2 1 2 1 322 1 3 2
3 6 11 2 1 0 4 0 1 0 3 0 0 2 0 0 11 2 2 1 1 3 3 2 1 3 3 2 1 1 1 303 3 4 4
2 3 3 1 11 4 5 0 0 6 2 0 2 1 0 0 10 3 3 3 1 1 1 2 1 2 2 1 3 1 340 4 3 3
1 6 11 3 0 4 4 3 0 3 3 0 0 2 0 0 4 1 2 3 2 1 1 1 275 1 2 1
1 4 0 0 2 4 5 4 11 4 4 1 4 1 0 0 5 2 3 2 1 3 1 2 1 352 1 2 2
2 3 1 0 11 5 3 1 0 7 4 0 2 2 0 0 3 1 3 3 1 3 1 311 1 0 2
0 0 1 0 2 2 4 11 0 1 2 6 0 1 3 2 1 1 1 3 1 327 1 0 0
3 3 0 2 6 4 0 0 11 5 4 0 3 3 0 0 2 1 1 1 2 1 332 2 0 0
0 0 1 0 6 2 1 0 11 7 4 2 1 4 3 0 0 1 2 1 272 0 0 0
2 0 3 0 3 1 2 3 3 4 5 3 3 11 4 4 3 3 1 2 1 1 1 290 1 1 1
11 5 7 0 8 1 4 0 5 4 2 1 0 0 0 2 11 1 2 1 1 2 2 3 1 3 3 3 1 2 1 342 4 3 4
0 1 4 5 2 3 4 6 2 0 5 11 0 3 3 4 7 2 3 1 1 3 2 3 1 1 1 324 2 2 3
3 2 2 0 4 1 4 0 6 3 1 0 11 3 2 1 11 1 3 1 2 3 3 2 2 3 1 1 1 2 1 351 4 3 4
1 0 0 0 0 2 0 0 0 5 0 2 11 5 5 1 1 3 1 3 1 285 0 0 1
0 0 1 3 3 3 4 2 11 2 3 0 1 6 1 4 5 2 2 1 2 3 1 1 1 334 1 3 1
4 3 6 1 5 4 0 0 11 4 0 1 3 2 0 0 3 2 2 1 1 3 1 324 1 2 0
2 3 11 0 3 3 4 2 3 0 4 0 2 2 1 0 4 1 3 1 1 1 3 1 311 3 0 1
4 2 11 4 1 2 2 0 3 5 1 1 0 3 0 3 11 1 2 2 2 3 3 3 1 3 1 2 1 1 1 312 3 4 4
5 2 4 3 0 3 11 4 1 4 3 1 2 3 0 0 4 1 3 3 2 1 3 1 316 1 1 2
0 2 11 6 2 0 2 6 0 1 4 1 0 0 0 1 6 1 2 3 1 3 3 1 2 1 323 2 1 3
0 11 6 5 1 2 6 3 0 0 1 3 0 0 3 3 0 1 2 1 313 0 0 0
3 3 3 3 0 0 5 11 0 3 5 3 0 6 4 3 4 2 3 1 1 1 2 1 312 2 1 1
0 1 0 0 11 0 1 2 6 2 5 2 4 4 0 0 10 1 2 3 1 1 2 2 3 1 3 1 3 1 274 4 3 3
4 3 11 1 4 4 1 0 2 1 0 0 0 6 2 0 2 3 2 1 3 1 359 0 1 1
1 1 2 0 11 4 2 0 7 6 2 3 1 3 0 0 2 3 3 1 3 1 326 0 0 2
3 1 2 0 6 4 1 3 11 4 2 0 3 0 3 0 9 1 1 3 2 1 2 1 2 3 1 2 1 329 4 3 2
0 0 0 3 0 0 3 11 0 0 4 7 6 1 2 4 4 3 3 2 1 3 6 0.1818181818181818 7 0.27272727272727271 8 0.54545454545454541 278 1 1 2
0 0 2 0 0 4 1 0 11 2 0 0 5 4 4 6 0 1 1 1 286 0 0 0
3 0 3 0 6 5 1 0 11 4 3 0 1 3 0 2 3 3 1 2 1 2 1 337 1 1 1
0 0 5 11 0 3 5 2 3 2 3 1 0 0 3 2 3 2 1 1 1 1 1 298 2 1 0
0 0 2 0 2 3 2 0 1 4 4 1 4 5 11 3 10 3 1 2 2 3 1 3 2 3 1 1 1 1 282 3 3 4
0 4 3 3 0 3 5 11 1 2 3 5 0 0 3 0 6 3 1 2 1 1 2 1 2 1 332 3 2 1
4 0 3 0 1 2 3 3 5 4 4 0 3 11 7 0 11 2 2 3 3 1 3 2 1 2 1 1 3 4 0.54545454545454541 5 0.27272727272727271 6 0.1818181818181818 319 4 4 3
3 3 3 1 11 5 2 0 0 4 0 3 0 3 3 0 8 1 2 1 2 2 3 1 1 1 2 1 317 4 3 1
1 2 5 2 4 3 1 3 4 11 4 0 0 5 0 0 5 2 2 1 3 1 1 3 1 288 2 2 1
1 1 0 0 0 3 0 3 4 6 2 0 4 5 11 0 6 2 2 1 2 3 3 1 1 1 330 1 3 2
11 3 1 2 6 3 4 0 4 3 0 0 4 3 0 0 0 1 3 1 307 0 0 0
6 3 7 11 0 1 3 6 2 0 4 3 1 0 0 0 10 1 2 3 1 2 2 3 1 3 3 1 2 1 340 3 3 4
0 0 3 0 0 2 0 2 0 6 1 2 11 4 4 3 4 1 3 3 3 1 1 1 288 1 0 3
0 0 3 2 1 3 2 1 2 3 6 4 0 7 11 5 0 1 1 1 337 0 0 0
1 0 2 0 0 3 3 0 0 2 6 0 1 3 5 11 9 3 1 2 1 1 3 2 3 2 1 3 1 296 3 3 3
0 3 7 11 2 3 6 8 3 5 5 1 1 0 3 0 10 1 3 3 2 2 2 2 1 3 1 3 4 0.54545454545454541 5 0.27272727272727271 6 0.1818181818181818 355 3 4 3
3 3 1 0 3 5 1 2 0 6 4 2 11 5 5 2 3 1 1 3 1 2 1 347 2 0 1
3 1 11 3 3 5 5 3 0 1 3 4 1 0 0 0 4 3 2 2 3 1 2 1 310 0 2 2
11 3 0 0 6 6 0 0 4 4 3 1 0 3 2 0 7 3 1 2 3 3 3 2 1 1 1 307 1 2 4
3 4 1 11 0 0 4 6 0 2 4 1 0 3 0 2 9 1 2 1 3 1 1 2 3 2 1 2 1 321 4 3 2
3 6 11 3 2 1 6 2 4 0 0 1 0 0 0 1 10 3 2 2 3 1 3 1 1 2 2 1 3 1 331 3 4 3
0 0 2 0 2 6 4 1 0 4 3 5 0 3 11 5 8 3 2 3 2 1 1 1 3 1 3 1 299 3 2 3
4 11 1 2 6 1 3 0 3 2 2 4 7 0 0 0 8 1 3 1 1 1 2 2 3 1 2 1 305 4 2 2
1 0 0 2 0 0 0 1 3 4 6 4 0 11 7 5 1 2 1 3 1 307 0 1 0
2 0 0 0 6 3 3 0 0 4 4 1 3 11 6 3 9 3 3 1 3 3 2 2 1 1 1 2 1 318 3 2 4
3 11 4 4 3 0 6 7 0 0 3 6 2 0 0 0 9 1 2 1 2 3 3 1 1 2 1 3 1 344 4 3 2
2 3 0 0 1 6 5 1 11 5 4 3 2 3 3 1 4 3 3 2 2 1 1 1 321 0 2 2
3 1 0 0 11 4 2 0 5 5 4 4 1 2 3 0 11 3 1 3 1 3 3 2 1 1 2 2 1 2 1 374 4 3 4
0 4 3 0 1 5 0 0 6 6 3 2 11 3 4 0 11 3 1 1 1 1 2 2 2 3 2 3 1 3 1 318 4 4 3
11 3 0 0 3 7 2 0 3 4 0 0 3 0 2 1 0 1 1 1 304 0 0 0
5 8 11 3 5 6 5 0 5 1 4 3 1 2 0 0 0 1 2 1 351 0 0 0
7 11 1 2 2 4 3 0 1 0 0 0 3 0 0 0 5 3 2 1 3 2 1 1 1 298 1 2 2
2 0 0 0 1 4 0 0 11 7 0 0 6 4 4 3 2 3 1 1 2 1 303 1 0 1
2 6 3 0 3 3 4 1 3 4 11 3 0 0 3 0 10 2 3 3 1 1 1 3 2 2 2 1 1 1 296 3 4 3
1 2 5 0 2 5 1 0 2 11 0 0 2 4 0 3 5 1 3 1 2 3 1 1 1 300 2 1 2
2 11 7 3 2 5 3 0 3 1 1 0 0 0 2 0 9 1 1 1 2 2 3 3 2 3 1 1 1 322 3 3 3
0 0 11 5 1 1 5 3 2 0 5 1 0 0 0 2 5 1 3 2 3 3 1 2 1 277 1 1 3
3 3 3 0 4 11 6 0 3 4 3 2 3 1 0 0 9 1 1 2 3 3 2 3 1 2 1 3 1 303 3 3 3
3 4 1 0 7 4 0 2 11 5 2 0 3 0 0 0 0 1 1 1 294 0 0 0
0 2 3 0 0 4 0 0 11 6 1 0 7 5 5 3 0 1 3 1 361 0 0 0
3 0 2 0 1 6 1 3 6 11 2 1 4 4 0 0 7 2 2 1 3 1 3 2 1 3 1 327 2 3 2
0 0 1 4 0 2 3 3 3 3 7 2 0 1 11 4 8 3 3 1 1 2 2 2 1 1 3 1 324 3 3 2
4 3 4 1 11 3 3 0 3 7 3 3 3 5 0 0 9 1 3 1 2 3 2 2 1 3 1 2 1 321 3 3 3
3 4 2 3 1 0 1 11 0 6 5 3 0 0 3 4 6 1 2 1 3 3 2 1 2 1 321 2 2 2
2 0 0 0 2 0 0 0 5 4 0 0 11 7 3 1 7 3 3 1 2 1 1 2 1 3 1 341 3 2 2
2 11 5 0 2 3 5 4 0 1 4 3 0 0 2 0 8 1 1 3 3 1 2 1 3 1 2 1 274 4 1 3
3 0 6 11 0 0 6 3 0 4 3 2 3 1 3 1 8 1 3 2 3 2 2 1 1 1 2 1 319 3 3 2
0 0 1 4 0 4 3 6 0 4 5 1 3 3 2 11 8 2 1 2 2 2 1 1 3 1 3 1 286 3 4 1
0 0 2 0 0 0 2 0 7 3 3 1 11 6 3 0 10 1 3 2 3 2 3 2 1 1 3 1 1 1 306 3 3 4
3 1 0 0 11 4 1 0 5 1 3 3 2 5 2 0 7 1 1 2 3 2 1 2 1 2 1 354 3 3 1
1 0 2 2 7 3 5 1 3 11 1 0 1 4 0 0 3 3 3 2 1 2 1 306 0 1 2
2 0 0 0 2 0 0 0 3 1 4 1 11 6 3 2 1 3 1 1 1 322 0 0 1
1 0 0 0 0 3 1 0 3 4 5 1 4 11 3 2 1 2 1 2 1 327 0 1 0
2 0 0 0 1 2 4 0 3 4 5 5 1 3 3 11 3 3 2 3 1 1 1 298 0 1 2
1 4 0 3 7 7 4 0 11 4 2 0 2 0 0 0 5 1 1 3 2 2 1 1 1 344 2 2 1
6 3 0 0 8 6 0 0 11 4 3 1 2 0 0 0 9 1 2 3 3 1 2 3 3 1 1 2 1 297 3 2 4
4 1 2 0 7 6 3 2 11 3 0 0 0 0 3 0 7 1 1 1 3 2 2 3 1 3 1 347 3 2 2
0 0 0 1 0 5 0 3 3 1 3 11 0 4 4 5 6 2 2 2 1 2 1 1 3 1 333 2 4 0
0 3 2 0 2 3 1 3 1 2 1 11 3 5 4 1 2 2 3 1 3 1 310 0 1 1
0 0 1 2 0 3 5 4 3 2 4 11 5 1 3 1 2 3 2 1 3 1 323 0 1 1
0 3 2 1 2 6 3 0 11 4 4 3 3 5 5 1 7 1 3 3 2 1 3 2 1 3 1 318 2 2 3
2 0 0 0 2 5 3 0 1 11 4 0 4 4 1 3 11 3 2 3 2 2 3 1 3 2 1 1 1 1 1 271 3 4 4
11 6 0 0 5 2 4 0 5 4 0 1 4 2 3 0 4 1 3 1 3 1 2 1 280 2 0 2
1 0 0 0 1 0 2 3 0 1 5 4 0 11 5 1 3 2 2 3 1 2 1 290 0 2 1
6 7 11 0 3 3 1 1 0 2 4 0 0 0 3 0 10 3 3 1 2 1 3 2 3 2 1 1 2 1 317 3 3 4
0 1 2 3 0 0 2 1 3 6 5 5 0 3 6 11 7 3 1 2 1 2 1 3 1 2 1 318 3 2 2
0 1 0 2 1 4 3 0 2 5 3 0 11 3 2 3 5 1 2 3 1 2 1 1 1 320 2 2 1
11 1 4 3 0 3 3 3 1 6 3 4 4 3 0 0 7 2 1 2 3 2 1 2 1 3 1 266 2 4 1
0 0 0 1 0 0 2 1 0 0 5 11 4 1 4 4 7 1 3 3 2 3 3 2 1 2 1 318 1 2 4
3 5 2 3 1 0 11 3 0 0 0 1 0 0 0 3 9 2 3 2 1 2 1 2 3 3 1 1 1 351 2 4 3
2 1 1 2 11 5 0 0 1 5 4 1 0 2 0 0 2 2 3 1 3 1 312 0 1 1
1 3 0 0 2 11 0 7 4 5 3 1 3 5 3 0 6 1 2 3 2 1 2 1 3 1 313 2 3 1
2 2 0 0 0 3 1 1 0 3 5 4 0 11 5 2 4 1 3 2 3 1 1 1 311 1 1 2
0 0 1 0 1 3 4 3 3 5 11 3 0 2 5 5 0 1 2 1 351 0 0 0
0 0 0 5 3 11 7 3 3 4 4 2 0 1 2 4 2 1 1 1 2 1 344 2 0 0
0 0 6 11 2 3 4 5 1 0 3 4 0 0 0 3 8 3 3 3 1 2 2 1 2 1 1 1 297 2 3 3
4 2 3 5 3 11 1 0 0 2 3 2 0 1 6 0 6 3 2 2 1 1 1 1 3 1 334 3 2 1
11 4 1 0 6 4 3 1 2 3 3 1 0 3 0 0 8 3 3 2 2 1 3 1 2 1 2 1 315 2 3 3
1 6 11 6 2 5 4 0 2 1 3 0 0 1 0 0 0 1 2 1 350 0 0 0
1 6 7 2 0 2 4 6 1 0 4 11 0 0 3 4 1 1 1 2 1 324 1 0 0
0 2 7 11 0 1 1 6 1 2 4 0 0 0 0 2 0 1 3 1 290 0 0 0
2 0 0 0 4 3 0 0 3 11 0 3 6 2 5 1 4 3 1 2 3 1 1 1 324 1 1 2
0 0 2 0 0 1 3 3 0 3 7 3 1 11 7 5 0 1 2 1 316 0 0 0
0 3 5 4 6 4 3 3 0 11 1 2 0 1 3 0 9 2 3 2 2 1 3 2 1 1 1 3 1 259 3 4 2
1 0 3 0 0 0 3 1 4 3 4 7 0 6 11 3 4 3 2 2 1 1 2 1 337 1 2 1
0 1 3 4 2 3 5 11 4 4 3 0 0 0 4 1 10 1 3 1 3 2 3 2 2 3 2 1 1 1 327 2 4 4
4 6 11 0 3 6 4 2 2 1 3 0 2 3 0 0 3 3 1 3 1 1 1 312 1 0 2
0 7 0 0 0 2 6 11 0 3 4 6 3 3 4 3 9 2 3 3 2 1 1 1 2 1 3 6 0.1818181818181818 7 0.27272727272727271 8 0.54545454545454541 321 4 3 2
0 3 0 1 3 2 2 0 4 5 5 0 11 6 1 0 11 3 1 2 1 1 1 3 3 3 2 2 1 2 1 328 4 3 4
0 0 0 1 0 0 4 1 2 3 8 5 1 0 0 11 3 2 3 2 1 3 1 313 0 2 1
7 11 2 0 5 3 1 0 4 3 5 0 3 0 0 1 3 2 3 3 1 3 1 359 0 1 2
1 0 5 0 0 4 4 7 1 3 5 11 2 1 2 3 1 2 1 3 1 274 0 1 0
0 11 5 3 0 4 4 3 4 0 0 3 0 0 0 3 11 1 3 1 3 2 1 2 3 1 2 2 1 3 1 318 4 4 3
3 11 3 4 1 0 5 7 0 0 2 4 0 0 1 0 9 2 2 3 1 2 1 3 2 1 1 3 1 299 3 4 2
4 3 0 0 3 4 1 3 7 5 3 0 11 8 6 0 2 2 1 1 2 1 327 1 1 0
3 1 0 0 0 2 2 0 4 3 0 0 11 7 0 1 8 2 2 1 2 3 3 1 1 1 3 1 329 3 3 2
11 6 3 0 7 5 4 0 3 3 0 2 4 0 0 0 10 3 2 1 2 1 1 3 1 3 2 3 6 0.1818181818181818 7 0.27272727272727271 8 0.54545454545454541 323 4 3 3
3 11 6 4 0 3 1 3 0 0 0 3 0 0 0 2 0 1 3 1 268 0 0 0
1 0 0 0 2 6 2 0 11 1 3 1 4 5 4 3 7 2 2 3 3 1 2 3 1 1 1 321 1 3 3
0 11 6 5 0 3 4 5 0 0 3 5 2 1 0 2 5 1 2 3 1 3 1 3 1 301 2 1 2
7 11 0 0 5 4 3 0 4 2 0 3 3 0 0 0 9 3 2 1 2 3 1 1 1 3 1 2 1 342 4 2 3
1 5 0 0 3 2 1 11 0 3 6 6 3 1 4 3 6 1 3 2 2 2 1 1 2 1 327 2 3 1
0 2 0 0 0 1 4 11 0 0 3 5 3 2 4 3 1 3 1 1 1 303 0 0 1
0 0 3 0 0 2 0 2 1 3 1 3 3 11 6 3 5 1 3 1 2 2 3 5 0.37499999999999994 6 0.24999999999999994 7 0.37499999999999994 323 2 2 1
0 1 0 0 0 3 11 3 0 5 4 2 1 0 5 1 8 1 3 3 2 2 3 2 2 1 1 1 334 1 4 3
0 1 11 6 0 3 2 4 0 0 0 4 3 0 0 1 3 2 3 2 1 1 1 301 0 2 1
3 4 1 1 5 4 0 0 11 1 0 0 0 3 0 2 5 2 2 1 3 2 1 3 1 295 1 3 1
0 0 2 0 3 3 3 0 4 5 5 2 3 11 3 1 11 3 2 3 1 2 1 1 3 1 3 2 3 6 0.1818181818181818 7 0.27272727272727271 8 0.54545454545454541 371 4 3 4
2 0 0 2 11 5 1 0 6 4 3 0 3 3 4 0 5 3 1 1 2 3 3 6 0.1818181818181818 7 0.27272727272727271 8 0.54545454545454541 281 2 1 2
11 5 0 2 6 5 1 0 4 3 0 0 3 0 3 0 2 2 1 1 3 1 349 1 1 0
6 6 3 1 11 2 2 0 0 1 3 0 1 0 0 0 10 3 2 3 1 1 1 2 2 3 3 1 2 1 339 3 3 4
11 4 3 3 5 7 4 0 2 5 0 0 0 0 0 1 9 3 1 1 2 2 3 1 2 3 1 3 1 340 3 3 3
0 0 3 2 0 0 1 6 3 3 6 11 6 0 5 0 11 2 1 3 1 2 3 1 3 1 3 2 1 2 1 354 4 3 4
7 7 0 0 6 3 5 0 11 1 3 4 2 1 2 2 4 2 3 1 3 1 1 1 313 1 1 2
0 0 3 0 3 0 0 1 6 4 1 1 11 5 2 0 8 1 1 2 3 2 3 2 2 1 3 1 307 2 4 2
1 6 4 1 11 3 3 0 7 5 2 3 2 2 0 0 1 1 3 6 0.1818181818181818 7 0.27272727272727271 8 0.54545454545454541 381 1 0 0
0 2 1 0 0 3 4 7 0 0 5 11 2 3 4 1 7 3 1 2 3 3 1 3 1 2 1 331 2 1 4
2 1 0 0 11 4 3 0 7 4 3 3 0 0 2 0 1 3 1 1 1 335 0 0 1
3 11 0 0 6 5 8 0 2 3 1 1 3 3 0 3 8 3 1 2 3 2 1 1 2 1 2 1 342 3 3 2
3 1 0 0 3 5 2 3 7 5 4 0 11 6 0 0 8 1 1 2 3 3 2 2 1 1 3 1 309 3 3 2
2 1 5 11 1 3 4 3 0 0 2 3 0 0 1 1 7 1 2 2 3 3 3 2 1 3 1 289 1 3 3
3 3 7 11 0 4 6 5 0 0 3 3 2 0 0 0 10 3 3 2 3 3 1 1 1 2 2 1 1 1 294 3 3 4
0 0 2 0 4 6 3 1 1 4 3 0 2 6 11 0 11 3 3 2 1 1 2 3 1 3 2 2 1 1 1 292 3 4 4
1 0 0 0 11 2 0 2 6 3 1 0 5 4 1 0 8 2 1 3 3 2 3 3 1 1 2 1 283 2 2 4
2 11 8 7 6 1 5 3 0 3 5 1 0 0 0 2 11 2 1 1 3 1 2 3 3 1 2 2 1 3 1 344 4 4 3
3 0 2 0 0 0 1 3 0 3 4 6 0 0 11 7 5 3 3 2 1 2 1 1 1 303 1 2 2
3 11 6 2 0 3 4 0 4 3 3 1 1 0 0 0 2 3 2 1 3 1 284 0 1 1
0 1 3 2 3 0 3 5 0 0 4 11 0 2 3 4 6 1 2 2 3 3 1 1 1 1 321 2 2 2
0 0 6 6 0 3 5 11 0 0 2 4 3 0 3 3 6 3 2 1 2 1 1 3 5 0.37499999999999994 6 0.24999999999999994 7 0.37499999999999994 366 3 2 1
0 1 0 0 0 6 3 6 1 3 5 1 1 0 2 11 4 2 3 3 2 1 2 1 311 0 2 2
3 0 0 0 6 0 0 0 11 6 1 3 3 3 2 0 1 1 1 2 1 314 1 0 0
1 5 5 11 2 0 6 3 0 0 3 3 0 0 0 1 4 3 2 3 1 1 2 1 325 1 1 2
0 0 3 0 3 11 1 0 6 5 5 0 3 2 3 2 5 3 3 1 1 3 1 2 1 309 2 0 3
11 7 3 0 4 5 5 1 1 2 3 0 1 2 0 0 10 2 2 3 3 2 1 1 3 1 2 1 3 1 325 3 4 3
0 2 0 4 0 4 1 7 1 3 2 3 2 0 6 11 10 1 3 2 2 2 3 3 1 3 1 1 1 1 349 3 3 4
7 4 3 3 11 4 0 2 3 4 0 0 0 0 3 0 5 2 2 1 3 1 1 1 1 296 2 2 1
3 1 2 3 6 6 3 0 11 3 3 0 0 0 0 2 5 1 2 1 2 1 1 3 1 354 3 2 0
6 6 0 0 11 2 0 0 5 0 0 0 3 4 1 1 7 2 3 3 1 1 2 2 1 3 1 265 2 3 2
1 0 0 1 0 2 3 0 5 4 2 3 3 6 11 0 3 3 1 3 1 2 1 333 1 0 2
3 4 3 4 11 1 0 0 4 4 1 2 3 2 5 0 1 2 1 1 1 294 0 1 0
0 0 2 0 3 3 0 0 1 1 2 11 2 3 6 7 2 1 3 1 3 1 292 1 0 1
4 3 0 0 5 5 3 0 11 4 0 3 2 3 1 0 10 3 1 3 1 2 1 2 1 3 2 1 2 1 326 4 3 3
0 3 3 3 2 3 4 4 2 0 1 11 0 1 0 0 11 1 1 2 1 3 3 2 2 2 3 1 1 3 1 312 4 4 3
0 0 5 3 1 4 8 11 0 2 4 7 3 2 2 1 1 1 1 3 1 329 1 0 0
0 0 5 11 0 4 5 6 0 2 4 1 1 0 0 3 3 3 3 3 1 2 1 323 0 0 3
0 0 6 1 0 2 4 4 2 0 6 11 0 1 3 4 0 1 3 1 308 0 0 0
3 6 0 0 11 0 0 1 5 3 6 3 3 1 3 2 10 2 1 1 3 1 3 2 3 3 2 1 2 1 327 3 3 4
3 4 1 1 11 3 0 0 6 3 3 0 6 0 0 0 3 3 2 3 1 2 1 322 0 1 2
0 3 1 0 0 6 0 4 2 5 1 2 4 3 11 3 1 1 1 2 1 338 1 0 0
3 2 4 11 0 1 5 8 0 1 5 2 0 0 2 3 1 3 1 1 1 350 0 0 1
3 2 0 0 6 6 4 1 11 5 0 0 0 0 3 0 10 1 3 2 2 2 1 3 2 3 1 1 1 1 306 3 4 3
0 0 0 3 0 4 0 0 5 4 3 1 3 6 11 5 0 1 2 1 327 0 0 0
1 3 0 0 11 2 2 1 4 5 3 0 3 3 2 0 1 3 1 1 1 358 0 0 1
1 5 11 3 3 3 4 6 1 0 2 0 0 0 0 3 0 1 2 1 290 0 0 0
0 0 0 1 4 0 0 0 3 6 0 1 3 7 11 0 9 2 3 3 3 1 2 1 2 3 1 2 1 348 2 3 4
1 2 1 3 11 5 5 2 0 8 3 2 0 4 0 2 6 1 3 1 3 3 1 1 2 1 314 3 0 3
3 5 5 0 11 5 0 0 2 1 2 1 2 0 0 0 8 2 2 1 3 3 1 3 1 1 3 1 340 3 2 3
0 0 1 5 0 2 5 7 2 3 3 9 0 0 4 11 3 1 1 3 1 2 1 355 2 0 1
3 11 1 3 2 1 6 0 3 0 4 2 0 0 2 1 11 2 1 2 3 1 3 3 2 1 1 2 1 3 1 316 4 4 3
2 0 0 0 4 1 0 0 3 5 6 0 11 5 1 2 0 1 3 1 326 0 0 0
0 2 0 0 4 6 0 1 11 3 3 0 4 3 0 0 4 3 2 1 3 1 3 1 323 1 1 2
2 2 0 0 1 5 0 0 4 4 11 0 3 2 4 7 9 3 1 2 1 3 1 3 2 3 1 1 1 284 3 2 4
11 5 0 0 1 5 1 0 2 2 3 2 0 3 0 1 9 2 1 1 3 1 3 2 3 2 1 3 1 291 3 3 3
0 0 11 7 0 0 1 6 2 0 3 4 0 2 0 4 4 3 2 1 3 1 1 1 312 1 1 2
0 0 1 2 3 3 0 3 5 4 4 2 1 5 11 3 11 1 2 2 3 1 3 3 2 1 3 1 1 2 1 274 4 3 4
3 0 0 0 3 11 3 1 4 5 5 0 3 2 1 4 4 1 2 1 2 1 2 1 333 2 2 0
3 0 6 11 0 0 4 4 0 0 5 3 0 1 3 1 3 2 2 1 1 2 1 281 1 2 0
3 1 0 1 2 2 4 0 1 5 4 0 11 5 0 0 9 1 2 3 2 2 3 1 2 3 1 1 1 307 2 4 3
0 1 2 3 0 4 3 0 3 6 4 0 3 7 11 0 0 1 3 1 340 0 0 0
0 0 3 1 2 2 4 0 1 3 5 0 3 4 7 11 4 1 1 2 2 1 3 1 323 2 2 0
0 0 0 3 0 1 4 2 4 5 5 1 4 11 3 3 8 1 2 2 1 3 2 2 1 1 3 1 308 3 4 1
0 0 0 3 1 3 0 0 11 5 4 1 6 4 2 0 0 1 2 1 332 0 0 0
0 1 0 1 0 6 0 2 2 5 4 2 11 3 4 0 6 2 1 3 1 3 2 1 1 1 357 2 2 2
11 6 0 1 3 5 1 0 4 3 2 0 0 1 2 0 6 2 3 3 3 2 3 1 1 1 330 0 2 4
0 3 3 0 0 0 1 3 2 7 4 3 1 11 6 4 3 3 1 2 1 2 1 315 1 1 1
7 0 0 0 0 3 7 11 0 3 4 3 3 0 1 1 7 2 2 1 2 2 3 1 1 3 1 312 2 4 1
0 3 11 3 2 4 6 3 0 4 2 0 2 1 0 1 0 1 1 1 345 0 0 0
7 11 0 3 5 4 1 0 1 3 2 0 4 0 0 0 6 3 2 3 2 2 1 1 1 1 354 1 3 2
3 7 2 0 5 4 0 0 11 3 4 2 3 3 0 0 4 1 1 3 1 1 2 1 337 3 0 1
0 2 2 5 0 2 5 6 0 0 3 11 1 0 7 0 1 1 1 1 1 313 1 0 0
0 0 0 1 0 2 4 3 3 0 3 6 0 0 5 11 8 1 2 3 2 2 3 3 1 1 1 1 321 2 3 3
3 2 1 3 1 4 11 2 2 3 5 5 1 0 0 3 9 2 2 3 1 1 3 3 2 1 1 3 1 265 3 3 3
0 3 1 3 1 2 0 11 3 2 5 4 0 3 0 6 2 2 3 1 1 1 304 0 1 1
11 7 3 3 6 2 1 0 0 5 3 0 0 0 1 2 7 1 2 1 3 3 1 2 1 2 1 297 3 2 2
5 3 4 0 11 4 2 3 0 8 3 0 1 4 0 0 11 3 2 2 3 3 1 2 1 2 1 3 1 1 1 283 3 4 4
3 3 1 0 4 11 3 2 2 3 5 5 0 1 0 0 9 3 1 2 3 1 2 3 2 1 3 6 0.1818181818181818 7 0.27272727272727271 8 0.54545454545454541 318 3 3 3
4 4 3 0 11 5 6 2 5 3 0 0 1 2 1 0 4 2 1 1 2 3 6 0.1818181818181818 7 0.27272727272727271 8 0.54545454545454541 348 2 2 0
4 3 0 3 3 4 1 0 7 5 1 3 11 3 2 0 1 2 1 3 1 318 0 1 0
0 2 0 0 3 1 6 4 0 3 5 7 0 11 6 3 9 1 1 3 1 2 2 2 2 3 1 1 1 319 3 4 2
3 7 11 3 2 3 5 0 1 0 0 0 2 0 0 0 1 3 1 1 1 325 0 0 1
0 3 0 0 0 4 3 1 0 11 4 2 1 5 5 4 4 2 1 1 2 1 2 1 320 2 2 0
0 0 1 4 0 2 5 6 2 3 1 11 0 0 0 3 11 1 2 2 3 3 2 1 1 2 3 3 1 1 1 292 3 4 4
3 1 2 7 0 3 6 5 3 11 1 4 0 2 0 0 0 1 3 1 332 0 0 0
0 3 3 2 0 4 5 3 0 11 4 2 6 3 0 0 4 1 2 3 1 1 1 1 346 2 1 1
0 3 0 2 0 1 2 3 1 6 6 0 5 7 11 0 11 2 2 3 3 3 2 2 3 1 1 1 1 1 1 317 3 4 4
6 11 0 3 4 5 2 0 4 0 0 0 3 1 1 0 9 1 3 1 2 2 2 2 3 1 1 3 1 295 3 4 2
0 0 0 2 0 1 2 5 4 4 5 3 2 3 11 1 10 3 2 3 1 1 3 1 2 3 1 1 2 1 317 4 2 4
2 0 0 2 0 1 4 3 0 3 5 11 0 7 0 0 2 1 3 1 3 1 326 1 0 1
0 0 0 1 0 1 4 5 2 2 3 11 0 5 3 4 11 1 1 3 2 3 2 3 2 1 1 2 1 3 1 303 4 4 3
2 0 0 6 3 3 0 0 5 11 4 0 8 5 4 1 9 3 3 2 3 1 2 2 1 3 1 1 1 332 2 3 4
6 2 1 3 11 5 3 0 0 4 3 0 2 3 0 0 6 1 3 3 1 2 2 1 1 1 309 2 2 2
0 0 11 7 2 3 0 6 0 2 4 3 0 0 1 1 8 1 2 1 3 3 2 3 2 1 1 1 342 2 3 3
1 0 11 2 3 6 2 5 0 0 0 4 0 3 0 1 11 1 1 3 1 2 3 1 2 2 3 3 1 2 1 350 4 3 4
4 2 0 2 11 3 0 0 5 5 4 0 3 1 4 0 5 3 1 2 1 3 1 3 1 306 2 1 2
2 3 3 3 0 1 5 11 0 1 4 3 0 0 6 2 11 3 1 2 3 1 2 3 2 2 1 1 1 3 1 282 4 4 3
2 2 2 2 5 5 1 2 11 3 0 0 0 3 0 0 6 1 3 1 3 1 3 1 1 1 367 3 0 3
1 0 5 3 0 0 3 0 0 1 3 6 0 1 3 11 6 3 3 2 2 2 2 1 1 1 339 0 4 2
4 11 1 2 1 3 5 0 2 3 2 3 3 0 0 0 7 1 3 1 3 1 2 3 1 2 1 340 3 1 3
7 2 0 0 3 2 5 0 11 1 0 3 4 4 2 0 8 1 1 3 2 3 2 1 1 1 3 1 309 4 2 2
0 3 6 11 1 0 6 4 0 0 3 3 0 0 0 1 5 2 1 3 2 3 1 2 1 311 1 2 2
6 1 0 0 4 2 1 3 5 4 3 0 6 11 0 0 9 2 3 3 2 1 2 3 1 1 1 2 1 260 3 3 3
0 0 0 2 3 4 3 1 3 3 7 11 2 1 4 6 11 3 2 1 2 1 1 3 3 2 2 3 1 1 1 375 3 4 4
3 11 4 3 1 4 6 2 2 3 1 0 0 0 0 2 5 3 3 1 3 2 1 1 1 312 1 1 3
0 0 0 3 0 1 6 0 6 4 4 2 11 5 1 3 9 2 2 1 3 3 2 1 2 3 1 1 1 307 2 4 3
4 7 11 3 1 5 3 0 0 1 0 2 0 0 2 0 2 3 2 1 1 1 299 0 1 1
0 1 0 3 0 0 3 2 0 5 6 4 3 11 6 4 8 2 3 3 2 1 2 1 3 1 1 1 276 2 3 3
4 11 2 0 4 5 6 0 2 3 4 1 0 1 0 0 4 2 2 3 1 1 1 1 302 1 2 1
0 3 0 0 2 0 1 0 0 0 5 7 2 4 4 11 1 3 1 1 1 348 0 0 1
2 4 5 4 0 3 11 4 1 4 0 0 3 2 0 0 6 1 3 2 1 3 1 1 2 1 317 3 1 2
2 0 0 0 4 0 1 1 11 4 0 0 4 2 3 0 9 2 3 1 1 3 3 2 1 2 1 3 1 317 3 3 3
0 0 6 4 0 2 3 11 0 0 3 5 1 3 0 0 11 2 1 1 1 1 2 3 2 3 3 2 1 3 1 318 4 4 3
3 0 0 0 3 5 3 0 11 0 0 3 5 3 3 0 6 2 1 1 3 2 2 1 1 1 329 2 3 1
0 1 0 0 0 6 2 0 1 5 4 0 4 11 4 1 8 2 1 2 2 3 1 3 3 1 2 1 320 2 3 3
0 3 2 0 3 0 3 11 0 0 4 7 0 2 4 2 5 1 1 1 2 1 1 3 1 301 4 1 0
0 0 3 0 0 0 0 3 0 1 4 2 2 11 6 4 6 1 3 1 2 3 1 1 2 1 323 3 1 2
0 0 1 0 4 3 3 0 3 5 3 4 3 4 11 1 3 2 2 3 3 6 0.1818181818181818 7 0.27272727272727271 8 0.54545454545454541 335 0 2 1
5 3 1 1 11 5 0 0 4 2 0 2 3 0 0 0 11 3 1 3 2 2 1 2 2 3 3 1 1 1 1 324 3 4 4
3 0 3 0 4 6 0 0 2 5 4 0 11 6 0 2 1 1 1 1 1 279 1 0 0
6 8 11 0 3 6 0 0 1 0 2 3 0 0 1 0 9 3 3 2 2 2 1 2 1 1 1 3 1 350 3 4 2
0 0 11 7 0 2 6 4 3 3 0 4 0 2 1 1 5 1 1 3 2 2 1 3 1 311 2 2 1
2 3 4 5 0 2 4 6 3 11 1 4 0 2 0 0 6 1 1 1 3 1 2 1 2 1 343 4 1 1
0 7 3 0 0 0 6 11 1 4 4 8 0 4 1 4 2 3 2 1 2 1 348 0 1 1
1 4 0 0 11 3 3 0 4 4 3 1 2 5 7 2 6 3 2 3 1 3 2 1 1 1 297 1 2 3
0 3 2 4 4 3 5 3 0 0 1 11 1 2 3 0 5 3 1 2 1 3 1 2 1 276 2 1 2
1 1 1 0 2 3 4 2 3 5 11 0 0 3 3 0 7 3 3 3 1 2 2 1 1 2 1 338 2 2 3
0 0 1 1 0 3 4 0 0 1 6 2 2 11 7 5 3 3 2 2 1 1 1 290 0 2 1
1 6 0 0 0 1 0 5 3 4 3 3 3 2 11 3 7 2 2 3 2 3 1 3 1 1 1 312 1 3 3
3 1 0 0 11 5 0 2 6 5 1 0 3 2 3 0 0 1 3 1 341 0 0 0
0 0 0 1 0 0 2 3 1 3 11 4 0 4 3 6 10 1 3 2 2 1 1 3 3 2 3 1 2 1 257 3 3 4
5 5 3 0 11 5 2 0 3 2 0 3 0 3 2 0 5 3 3 3 1 1 1 1 1 312 2 0 3
7 7 5 0 11 4 2 3 0 3 1 0 1 0 0 0 2 3 2 1 3 1 348 0 1 1
4 11 5 3 4 5 2 0 1 0 0 1 0 0 3 0 9 3 2 3 2 3 1 1 1 2 1 2 1 294 3 3 3
3 4 6 7 0 3 5 11 0 1 3 3 0 0 0 3 3 3 2 1 1 2 1 347 1 1 1
2 0 0 0 1 0 0 1 7 4 3 0 11 5 3 0 2 2 3 1 3 1 348 0 1 1
0 1 1 0 0 3 6 0 3 11 5 0 3 4 4 4 8 3 2 2 1 3 3 2 1 1 2 1 263 2 3 3
0 11 8 6 1 5 3 1 1 3 1 5 0 4 2 0 4 2 2 3 2 1 3 1 338 0 3 1
2 0 0 5 3 0 0 0 4 3 3 1 1 6 11 2 0 1 3 1 288 0 0 0
7 0 0 1 0 1 11 2 0 6 5 3 0 0 0 3 0 1 2 1 282 0 0 0
1 0 0 0 2 2 1 0 4 5 3 0 11 6 0 3 4 1 2 3 3 1 3 1 322 1 1 2
0 0 0 1 0 2 3 11 1 0 5 4 0 0 3 4 8 2 1 3 3 2 3 3 2 1 1 1 309 1 3 4
0 1 11 4 2 5 6 4 0 4 0 0 3 5 0 0 5 2 3 1 1 2 1 3 1 286 2 2 1
0 4 6 11 1 0 5 7 0 1 1 0 2 0 0 0 4 2 2 3 3 1 3 1 333 0 2 2
11 6 0 0 1 4 7 2 2 2 4 0 3 2 0 1 3 3 1 1 3 4 0.54545454545454541 5 0.27272727272727271 6 0.1818181818181818 326 2 0 1
1 0 4 11 0 2 5 7 2 2 3 1 0 2 0 0 3 1 2 1 1 1 1 328 2 1 0
3 0 3 2 2 4 3 0 6 11 1 0 3 1 3 2 9 3 3 2 1 1 1 2 3 1 1 2 1 293 4 2 3
4 0 3 0 6 3 2 1 4 3 3 2 1 3 11 3 0 3 6 0.1818181818181818 7 0.27272727272727271 8 0.54545454545454541 280 0 0 0
3 1 3 1 11 4 0 0 3 3 1 0 2 4 4 6 2 3 2 1 2 1 307 0 1 1
2 4 0 3 3 5 5 0 2 3 11 0 0 0 3 0 7 3 2 1 1 1 1 3 1 2 1 308 4 1 2
0 0 6 11 2 3 7 6 0 0 1 3 1 0 0 2 11 2 2 2 1 2 1 3 1 1 3 3 1 3 1 383 4 4 3
0 4 1 3 0 1 2 11 2 3 4 5 0 2 5 0 7 2 3 3 1 1 2 1 1 3 1 279 3 2 2
2 0 1 0 6 5 5 0 5 6 2 0 11 7 1 3 7 1 1 2 1 2 3 3 1 2 1 310 3 2 2
3 0 1 0 3 4 4 0 2 6 2 0 3 6 11 2 4 3 2 1 1 1 1 1 332 2 1 1
3 0 0 2 7 1 1 0 6 1 0 0 11 6 2 0 1 2 3 4 0.54545454545454541 5 0.27272727272727271 6 0.1818181818181818 306 0 1 0
4 4 3 1 11 2 2 0 6 4 4 0 5 3 5 2 5 1 3 3 2 1 1 1 1 286 2 1 2
3 3 0 0 1 0 0 0 6 5 1 1 3 11 0 4 7 2 2 3 2 3 3 1 1 2 1 312 1 3 3
2 11 8 4 2 4 5 3 0 0 3 3 0 0 1 1 9 2 1 1 3 2 3 3 3 1 1 2 1 342 3 2 4
1 6 2 3 1 5 11 1 2 3 3 0 3 0 2 0 0 1 3 1 324 0 0 0
5 2 1 0 5 11 1 0 5 2 3 2 0 1 0 0 11 2 3 2 1 1 2 3 3 2 1 3 1 1 1 347 3 4 4
11 4 3 3 6 5 1 2 0 3 4 0 0 3 0 0 10 2 3 2 1 1 2 3 1 2 1 1 3 1 319 4 4 2
0 0 2 1 0 3 2 4 3 4 5 7 0 2 3 11 7 1 1 2 3 1 3 1 1 2 1 329 4 1 2
3 11 6 3 0 4 1 3 0 0 3 3 0 0 0 3 8 1 2 1 2 2 3 3 2 1 1 1 350 2 4 2
4 3 0 0 11 2 3 3 5 1 4 0 4 3 0 0 10 2 2 1 2 1 1 2 3 1 3 1 3 1 296 4 4 2
2 0 0 0 4 0 0 0 5 4 1 1 11 8 6 2 2 2 3 1 1 1 377 0 1 1
0 0 2 3 0 3 4 11 0 4 3 6 2 3 3 4 8 1 2 3 1 1 3 1 3 1 2 1 299 4 1 3
11 2 1 1 0 4 3 1 0 6 1 0 2 2 3 0 2 2 3 1 3 1 321 0 1 1
4 11 6 0 3 5 4 0 3 0 0 3 0 2 0 0 9 1 2 3 1 1 3 1 3 2 1 2 1 285 4 2 3
0 2 3 0 1 5 5 7 0 4 11 4 1 4 2 3 11 2 3 1 1 1 3 3 3 2 2 1 1 2 1 318 4 3 4
0 0 3 0 11 3 2 1 7 5 2 0 5 3 3 0 0 1 1 1 301 0 0 0
2 0 0 0 4 5 3 0 11 4 3 0 4 3 2 1 10 3 1 2 1 3 3 3 2 1 2 1 1 1 303 3 3 4
0 0 3 0 0 0 2 0 6 6 1 0 11 6 3 2 3 2 1 3 1 1 1 325 1 1 1
11 0 0 0 4 5 1 3 4 0 1 2 2 3 0 0 4 2 2 1 1 3 4 0.54545454545454541 5 0.27272727272727271 6 0.1818181818181818 307 2 2 0
3 1 3 3 0 0 4 4 0 1 5 11 0 5 0 0 5 1 2 2 2 3 1 3 1 320 1 3 1
3 2 1 6 0 4 5 11 0 0 1 1 0 0 0 2 2 3 2 1 3 1 347 0 1 1
2 3 2 0 6 5 3 6 11 3 0 0 3 2 0 0 6 2 1 1 3 1 1 1 3 1 309 4 1 1
2 2 0 0 1 3 0 0 11 5 0 0 5 3 4 2 4 1 3 1 3 1 3 1 325 2 0 2
0 6 2 0 4 3 0 0 11 1 1 2 2 4 2 0 4 3 1 1 3 1 3 1 343 2 0 2
1 1 11 0 3 2 5 4 0 2 3 3 0 3 0 0 2 2 3 1 1 1 311 0 1 1
1 3 4 11 0 1 2 6 0 2 3 6 0 0 0 3 10 2 1 2 1 1 1 2 3 2 3 1 3 1 346 4 4 2
0 2 3 0 1 1 4 2 2 4 5 0 1 11 3 3 11 1 1 2 2 3 3 2 3 1 1 2 1 3 1 293 4 4 3
2 11 6 5 0 3 5 3 4 3 4 3 0 2 1 5 9 1 2 3 2 3 3 1 1 2 1 1 1 312 3 3 3
3 1 11 4 0 3 1 4 0 6 3 0 0 0 2 0 7 1 3 1 3 2 2 2 1 3 1 325 2 3 2
2 1 3 5 1 4 4 11 0 7 3 0 0 2 0 2 10 1 3 1 2 3 3 2 2 1 1 1 3 1 296 4 3 3
0 2 0 0 1 0 2 0 3 3 5 3 4 11 4 0 10 2 1 3 2 3 3 1 1 3 2 1 1 1 327 3 3 4
0 0 0 3 3 5 0 0 4 4 5 0 11 6 3 2 9 2 1 1 3 3 1 1 2 3 1 2 1 294 4 2 3
3 0 11 7 3 5 4 6 0 1 1 5 5 2 4 5 3 1 2 2 1 3 1 364 1 2 0
1 4 3 0 6 6 1 2 11 2 3 2 1 0 0 0 6 1 1 2 3 3 2 1 3 1 343 2 2 2
4 1 2 1 5 0 3 0 11 3 2 0 2 0 0 0 6 3 3 3 2 3 1 1 1 1 322 1 1 4
2 1 7 11 0 0 3 5 0 0 3 4 0 0 0 1 8 3 1 2 1 3 2 3 2 1 3 1 353 2 3 3
3 2 0 0 4 3 0 0 5 7 1 0 11 6 3 3 1 2 1 1 1 340 0 1 0
2 0 0 0 1 0 3 0 2 6 6 2 11 6 1 3 10 2 3 2 3 1 3 3 2 1 1 1 1 1 330 3 3 4
0 1 0 2 0 3 6 5 3 4 4 2 4 1 11 3 4 2 3 2 1 1 1 1 288 1 2 1
0 0 3 0 0 0 0 2 1 3 3 11 3 4 4 5 10 1 2 1 2 1 3 2 1 2 3 1 3 1 305 4 4 2
0 0 0 3 4 3 1 6 6 0 5 11 3 4 2 3 10 2 1 1 1 3 1 3 2 3 2 1 2 1 330 4 3 3
1 0 0 0 0 0 3 3 1 3 6 6 2 5 5 11 10 2 1 2 3 1 2 1 3 3 2 1 3 1 330 3 4 3
2 4 5 0 1 4 2 0 3 7 3 0 11 1 2 1 6 3 2 1 2 3 3 1 1 1 355 1 2 3
1 0 0 0 3 1 0 3 1 4 6 2 2 7 3 11 9 3 3 2 1 2 1 1 3 2 1 2 1 295 3 3 3
2 2 0 0 0 4 0 0 11 5 4 3 3 3 4 0 2 3 1 1 1 1 288 1 0 1
3 3 2 1 1 3 2 0 5 3 2 3 11 8 3 0 4 2 3 1 3 1 1 1 369 1 1 2
3 4 3 0 2 3 5 0 11 1 0 0 2 0 2 2 8 1 3 1 3 3 1 2 1 1 3 1 316 4 1 3
4 5 6 3 1 0 4 11 0 0 5 2 0 0 2 1 1 2 1 1 1 280 0 1 0
0 0 0 1 2 3 2 5 1 1 5 5 0 4 11 3 1 3 1 2 1 325 0 0 1
0 3 1 2 3 2 5 0 0 2 4 1 0 11 2 2 6 1 3 3 1 1 1 1 2 1 308 4 0 2
0 11 6 4 1 5 3 2 0 3 3 1 0 0 2 3 8 2 3 1 3 2 2 1 3 1 1 1 320 2 3 3
0 0 0 3 2 3 3 4 0 0 7 4 0 0 5 11 3 1 1 2 1 3 1 334 2 1 0
0 3 0 0 0 0 1 0 1 3 3 3 2 11 6 2 8 3 3 1 1 2 1 3 2 1 2 1 310 3 2 3
2 5 7 11 0 1 2 7 0 3 5 0 0 0 3 3 7 3 3 3 2 2 1 1 1 1 1 346 2 2 3
2 0 0 0 1 1 0 0 11 3 0 2 4 4 3 2 10 1 2 3 2 1 3 3 3 1 1 1 2 1 305 4 2 4
3 0 7 11 0 3 6 5 0 0 4 4 0 3 2 3 8 1 1 2 1 2 3 2 3 1 1 1 309 3 3 2
0 0 4 1 0 6 5 4 2 2 0 11 4 3 4 3 9 3 1 1 3 2 2 3 1 1 1 2 1 352 4 2 3
0 2 3 1 0 0 3 7 2 0 3 11 0 0 0 3 3 1 2 1 1 3 1 311 2 1 0
0 3 1 0 5 3 5 3 11 5 3 0 3 3 2 1 1 2 3 4 0.54545454545454541 5 0.27272727272727271 6 0.1818181818181818 256 0 1 0
4 0 0 0 4 11 2 1 2 3 4 2 3 1 1 3 11 1 3 2 3 3 1 2 2 3 2 1 1 1 1 308 3 4 4
11 4 3 0 4 5 2 1 3 1 0 0 3 0 0 0 10 1 3 3 1 2 2 3 2 2 3 1 1 1 352 2 4 4
1 3 1 3 0 3 5 5 2 3 4 11 0 0 3 3 6 3 1 2 1 3 2 1 2 1 331 2 2 2
0 3 1 3 0 3 2 3 4 3 6 5 2 1 5 11 0 1 3 1 313 0 0 0
0 2 0 0 3 0 1 11 0 2 5 6 3 1 4 4 5 2 2 3 3 1 1 1 1 334 1 2 2
0 2 0 3 0 3 5 11 3 4 4 6 0 0 0 2 8 1 2 1 3 3 1 3 1 1 2 1 304 4 1 3
0 0 4 1 2 1 4 11 2 3 3 6 0 0 0 1 2 1 2 1 2 1 280 1 1 0
2 0 0 2 0 0 1 11 0 0 5 6 0 1 0 5 11 2 3 1 1 2 2 2 3 3 3 1 1 1 1 336 3 4 4
3 3 3 1 0 7 4 3 0 6 11 2 0 5 0 2 5 2 3 3 1 3 1 1 1 327 1 1 3
3 11 7 3 4 4 4 6 3 2 0 1 1 0 0 0 10 1 3 2 1 3 2 2 3 3 2 1 1 1 297 2 4 4
0 2 4 1 1 5 4 3 3 1 11 1 0 0 2 2 9 2 1 1 2 1 3 3 2 3 1 2 1 328 3 3 3
3 3 4 0 0 3 6 0 3 4 11 3 2 0 0 0 0 1 1 1 358 0 0 0
3 5 6 3 0 2 11 3 3 1 5 3 2 3 0 0 7 2 1 1 3 2 2 1 1 1 1 341 3 3 1
1 3 6 6 0 5 0 11 3 3 0 0 0 0 0 2 11 1 3 1 1 3 2 1 2 3 3 2 1 2 1 326 4 3 4
1 7 2 2 6 4 8 11 3 3 5 3 0 4 2 1 0 1 1 1 362 0 0 0
1 5 3 3 0 1 5 11 0 1 0 3 0 0 0 3 6 2 2 2 3 1 3 1 2 1 285 1 3 2
2 1 0 0 11 3 0 3 5 5 4 1 0 1 0 2 1 3 1 2 1 282 0 0 1
6 3 2 1 2 4 4 4 0 2 11 3 0 0 3 0 7 3 2 2 1 3 1 1 1 1 1 320 3 2 2
0 2 3 7 0 3 3 6 1 0 5 11 0 0 0 2 7 3 1 3 1 3 2 1 1 2 1 279 3 1 3
0 3 0 0 11 1 0 0 6 6 0 0 2 5 1 2 9 2 2 1 3 3 3 1 3 2 1 1 1 344 2 3 4
0 4 2 11 2 1 7 7 0 0 4 3 1 0 2 0 8 1 3 3 1 2 3 1 2 1 3 1 322 3 2 3
0 1 0 4 0 2 4 6 0 2 3 11 1 0 1 3 10 3 2 1 3 1 2 3 1 2 2 1 3 1 339 3 4 3
3 6 11 3 3 0 5 3 0 1 3 0 0 0 2 0 9 1 3 3 1 2 2 1 3 2 3 4 0.54545454545454541 5 0.27272727272727271 6 0.1818181818181818 334 3 3 3
0 11 7 4 0 4 7 2 1 1 3 2 0 0 1 0 0 1 2 1 347 0 0 0
5 11 0 0 3 4 7 5 3 5 3 0 1 3 2 1 6 2 2 1 1 3 2 1 3 1 298 2 3 1
0 11 5 1 3 3 4 2 5 2 4 2 0 4 0 1 1 3 1 1 1 291 0 0 1
0 0 3 0 4 1 0 3 2 2 4 7 3 11 4 1 4 1 2 1 3 1 2 1 344 2 1 1
4 2 0 3 6 3 2 0 11 4 1 0 3 0 0 0 5 1 1 3 1 2 1 2 1 320 3 1 1
5 5 5 0 11 7 1 0 1 3 0 1 0 0 2 0 4 2 2 3 1 1 2 1 265 1 2 1
2 3 7 7 0 4 3 11 1 1 0 3 0 3 2 0 11 1 1 2 2 3 1 3 3 3 2 2 1 1 1 338 3 4 4
5 3 2 1 11 5 0 0 3 4 5 0 2 3 0 0 7 3 2 3 2 1 3 1 1 1 1 340 2 2 3
2 0 0 0 11 3 3 1 4 5 3 0 2 4 3 0 3 1 3 2 1 1 1 322 1 1 1
11 7 0 0 4 2 5 0 4 1 3 3 0 3 2 0 1 1 1 3 1 332 1 0 0
3 3 0 1 0 7 4 1 11 6 2 3 1 2 4 4 7 2 2 2 1 1 3 1 1 2 1 297 3 3 1
0 0 0 3 1 6 3 1 11 4 2 0 1 1 0 2 6 3 2 1 3 2 3 1 2 1 305 1 2 3
3 0 0 2 0 0 1 0 0 1 4 5 0 11 7 5 5 2 2 1 1 3 1 2 1 356 2 2 1
5 0 4 2 0 0 5 11 7 3 4 1 0 3 0 6 5 1 2 2 1 3 3 5 0.37499999999999994 6 0.24999999999999994 7 0.37499999999999994 275 2 2 1
11 3 2 0 6 0 0 0 1 4 0 2 2 2 0 0 8 3 1 2 3 1 3 1 3 1 1 1 332 3 1 4
3 2 0 0 0 4 1 3 5 4 6 2 0 6 11 2 8 1 2 3 1 1 3 3 1 1 2 1 277 4 1 3
3 1 0 0 4 4 1 0 7 4 3 1 5 11 0 2 2 2 3 1 2 1 382 0 1 1
5 7 11 0 4 5 3 3 0 3 1 0 2 0 0 0 5 2 2 1 1 3 1 3 1 332 2 2 1
9 3 4 0 11 6 2 2 3 4 1 1 0 2 0 1 0 1 3 1 332 0 0 0
0 0 0 3 0 1 3 2 2 6 4 1 6 11 3 0 10 2 3 2 1 1 2 3 3 1 1 1 2 1 328 4 3 3
0 0 6 1 0 0 4 4 1 2 11 1 2 3 4 5 9 1 3 2 3 1 2 2 2 3 1 1 1 344 2 4 3
0 11 7 3 0 2 4 2 3 0 1 1 0 0 0 2 1 1 1 3 1 288 1 0 0
0 4 3 3 0 2 0 1 2 5 5 3 3 4 11 6 7 1 1 1 3 1 2 2 1 2 1 321 4 2 1
1 7 11 0 4 5 1 0 2 1 0 2 2 0 0 3 2 1 3 1 2 1 326 1 0 1
0 0 3 1 0 0 4 3 2 2 7 5 1 1 6 11 10 1 3 2 1 3 2 3 2 1 3 1 2 1 340 3 3 4
1 4 2 6 0 0 5 11 3 3 3 6 0 4 5 0 8 1 1 2 2 3 3 3 1 1 2 1 322 3 2 3
2 2 0 0 3 5 3 0 3 5 0 0 11 5 3 1 0 1 1 1 271 0 0 0
3 2 11 3 0 5 6 3 3 4 3 1 2 0 0 0 10 2 2 2 1 3 3 3 1 3 1 1 1 1 315 3 3 4
0 0 0 2 0 0 4 5 1 2 3 11 0 0 5 6 2 1 1 1 2 1 312 2 0 0
11 3 0 3 6 6 3 1 0 4 0 1 0 0 3 0 7 2 3 3 2 2 2 1 1 1 1 331 1 4 2
0 1 0 0 0 1 2 1 0 5 3 4 2 11 5 2 4 2 1 3 3 1 3 1 318 1 1 2
3 7 11 3 0 3 5 3 0 2 3 6 0 0 3 1 10 3 2 1 2 3 1 3 2 1 1 1 2 1 319 4 3 3
0 0 3 2 1 2 5 7 0 1 6 11 0 4 5 7 0 1 3 1 316 0 0 0
0 2 0 0 3 1 3 1 0 5 3 7 3 11 6 2 8 1 3 2 3 2 1 2 1 1 3 1 321 3 3 2
3 0 3 2 11 3 1 0 6 4 0 0 1 4 5 1 1 2 1 2 1 327 0 1 0
3 3 2 0 4 11 6 2 3 3 4 0 1 0 2 0 2 1 3 1 1 1 336 1 0 1
2 0 3 3 1 7 5 0 3 1 4 0 11 1 0 0 1 2 1 2 1 319 0 1 0
3 3 0 1 11 3 2 0 7 3 4 0 4 2 3 0 1 1 1 3 1 325 1 0 0
2 5 11 0 2 5 1 3 1 6 3 0 2 0 0 0 7 3 3 1 2 1 1 3 1 2 1 328 3 1 3
3 6 0 2 3 0 0 0 5 3 1 0 11 6 3 0 4 1 2 1 3 1 2 1 289 2 1 1
1 3 5 6 0 0 4 11 0 2 0 0 0 1 0 0 1 2 1 3 1 314 0 1 0
3 2 1 6 2 3 6 11 2 2 5 0 0 0 1 3 2 1 1 1 3 1 313 2 0 0
1 2 3 3 0 4 4 3 0 11 6 1 0 0 0 6 4 2 2 3 3 1 1 1 301 0 2 2
0 3 0 0 5 7 6 5 11 4 4 2 2 1 1 0 1 1 1 2 1 333 1 0 0
2 1 1 6 4 4 5 0 4 11 3 0 4 5 3 2 11 3 1 2 2 3 1 2 1 1 3 2 1 3 1 319 4 4 3
0 3 11 5 0 1 5 5 0 0 3 4 1 0 3 1 4 3 2 2 2 1 3 1 345 0 3 1
5 11 0 1 2 5 4 2 2 4 3 0 3 0 0 0 4 3 1 1 3 1 3 1 325 2 0 2
0 0 0 2 1 2 3 3 0 2 4 3 4 11 6 4 6 2 1 3 1 3 3 1 1 1 332 2 1 3
0 0 0 1 6 5 0 1 11 5 2 0 3 4 4 0 7 2 3 2 3 1 1 2 1 3 1 353 2 3 2
0 0 11 6 0 0 5 1 0 3 4 2 1 2 0 3 4 3 3 3 1 1 2 1 324 1 0 3
0 4 5 7 2 3 4 11 0 0 1 0 1 0 1 0 9 3 2 2 2 1 3 3 3 1 1 2 1 341 2 3 4
0 0 0 1 0 0 1 2 1 4 6 0 3 3 3 11 6 2 1 3 2 3 2 1 3 1 289 1 3 2
0 1 0 0 3 0 4 0 2 5 6 6 3 3 4 11 11 1 2 3 1 2 3 3 2 2 3 1 1 1 1 331 3 4 4
3 2 3 0 4 6 3 0 11 0 1 2 3 0 0 0 8 1 3 3 1 3 2 1 3 1 2 1 341 3 1 4
4 11 5 1 3 4 6 4 4 0 0 0 1 0 0 0 5 1 3 2 2 3 1 2 1 342 1 2 2
5 4 0 0 11 4 3 1 3 4 2 0 0 1 0 0 3 2 2 1 1 3 1 304 1 2 0
0 2 3 0 0 0 1 0 2 3 5 11 3 6 7 7 4 1 1 2 3 1 3 1 347 2 1 1
2 0 4 11 0 2 1 6 0 0 3 2 0 0 0 1 8 3 2 3 3 1 1 2 1 1 3 1 352 3 2 3
0 0 2 3 0 2 1 0 1 4 5 0 2 6 11 0 3 1 2 1 1 3 1 321 2 1 0
3 0 1 3 0 2 1 11 0 3 4 5 6 3 4 1 8 2 3 2 3 2 3 1 1 1 2 1 286 2 3 3
2 0 0 1 1 0 2 4 0 2 4 1 3 11 7 7 2 3 1 1 2 1 305 1 0 1
3 3 0 2 0 0 0 3 0 2 5 5 0 1 11 6 8 1 2 3 2 1 1 1 3 1 2 1 286 4 2 2
3 2 4 6 4 1 4 0 3 11 2 1 3 3 0 0 11 3 1 3 3 2 1 2 1 1 3 2 1 2 1 318 4 3 4
1 1 11 2 0 3 3 4 3 3 3 3 5 0 0 2 11 2 2 2 1 3 2 3 1 3 1 3 1 1 1 336 3 4 4
0 11 5 5 3 3 6 4 0 2 0 0 2 0 0 0 1 1 1 1 1 301 1 0 0
0 0 1 3 0 2 4 11 2 1 2 6 1 3 6 3 11 2 3 3 2 2 1 3 2 3 1 1 1 1 1 306 3 4 4
1 2 0 0 4 0 0 0 7 5 3 0 11 0 3 2 6 2 2 1 1 3 1 1 3 1 310 3 2 1
2 0 0 1 0 0 1 0 6 4 4 0 11 7 4 0 8 3 1 2 3 3 1 2 2 1 3 1 317 2 3 3
3 7 11 0 2 5 5 6 0 1 3 0 0 0 2 0 8 3 1 3 3 2 2 1 3 1 1 1 319 2 2 4
0 3 0 0 0 1 4 4 2 11 5 1 0 5 2 2 0 1 1 1 312 0 0 0
0 2 1 0 0 0 4 0 0 5 7 6 3 3 4 11 7 2 2 3 3 1 1 1 1 2 1 298 3 2 2
5 6 11 0 1 6 3 0 2 3 2 0 3 0 0 3 0 1 1 1 337 0 0 0
2 4 0 0 3 3 1 0 11 4 3 3 4 4 4 0 0 1 3 1 308 0 0 0
3 5 11 0 3 6 5 0 0 4 2 2 1 1 0 0 11 2 1 3 1 3 1 1 3 2 3 2 1 2 1 342 4 3 4
3 4 5 11 1 5 6 6 0 0 3 0 0 0 1 2 3 3 2 1 1 2 1 312 1 1 1
0 1 0 3 5 4 1 2 8 2 0 0 11 6 6 3 8 3 3 2 1 2 1 2 3 1 1 1 322 2 3 3
1 0 3 0 0 3 1 0 0 6 4 2 11 7 7 3 10 2 2 1 2 3 3 1 1 3 3 1 2 1 309 3 3 4
3 2 3 0 11 3 0 1 4 5 4 0 4 3 4 0 0 1 3 1 326 0 0 0
0 0 0 3 0 0 3 11 2 3 3 6 3 4 2 3 5 1 2 1 1 1 1 2 1 275 4 1 0
0 4 3 2 3 2 3 1 0 11 5 3 2 3 1 2 2 3 1 1 1 1 297 1 0 1
0 0 1 3 0 4 2 9 2 6 5 3 1 5 11 1 5 2 3 3 1 2 3 5 0.37499999999999994 6 0.24999999999999994 7 0.37499999999999994 340 1 2 2
0 0 0 11 1 1 7 4 0 3 1 4 3 0 0 2 8 3 2 3 2 1 1 2 3 1 2 1 321 2 3 3
4 2 1 2 11 7 2 0 6 5 3 4 1 3 0 0 5 1 1 1 2 2 1 3 1 277 3 2 0
2 0 0 0 1 0 2 3 3 4 5 0 1 4 11 0 4 3 3 2 1 1 3 1 331 1 1 2
3 0 3 0 1 0 4 4 2 0 5 3 3 11 6 3 11 3 1 1 1 2 1 3 2 2 2 3 1 3 1 304 4 4 3
0 0 4 3 0 0 4 2 3 4 5 1 3 7 11 3 10 1 1 3 2 2 2 1 1 3 2 1 3 1 316 4 4 2
0 1 4 7 3 3 6 11 0 0 4 2 3 0 0 0 6 1 1 2 3 2 1 1 2 1 385 3 2 1
1 0 5 2 0 3 4 5 0 3 4 11 0 0 4 4 5 2 3 2 1 1 3 4 0.54545454545454541 5 0.27272727272727271 6 0.1818181818181818 301 2 2 1
0 6 0 0 0 4 1 3 1 4 5 0 11 6 1 4 2 2 2 1 2 1 302 0 2 0
1 0 5 1 0 0 3 4 0 2 4 11 0 1 3 4 7 2 3 3 3 3 1 2 1 2 1 330 1 2 4
4 7 11 0 3 5 6 0 3 4 1 1 0 0 2 0 5 1 2 2 3 3 1 3 1 366 1 2 2
11 4 3 3 7 6 0 0 3 4 0 0 1 2 0 0 1 3 1 3 1 295 0 0 1
0 2 0 3 0 4 2 0 2 4 3 2 1 5 11 1 1 1 1 1 1 335 1 0 0
0 0 4 6 3 5 3 2 1 3 11 1 0 0 2 0 3 3 2 3 1 1 1 343 0 1 2
11 7 5 4 2 5 3 3 1 1 2 0 0 3 0 0 10 1 2 3 3 1 1 2 3 1 2 1 2 1 353 4 3 3
0 0 6 11 0 0 6 2 1 3 4 1 0 0 2 0 1 2 1 1 1 292 0 1 0
7 4 1 2 6 5 4 0 11 3 0 0 2 4 0 0 5 1 1 1 2 2 1 3 1 297 3 2 0
3 1 4 3 0 11 2 3 0 4 4 5 0 0 2 1 4 2 1 2 3 1 1 1 298 1 2 1
2 5 0 1 7 3 2 0 11 1 0 0 3 0 0 0 8 1 2 2 3 2 3 1 3 1 1 1 312 2 3 3
3 1 0 4 0 0 6 3 2 3 4 3 0 0 1 11 9 1 1 1 2 2 2 3 3 2 1 3 1 307 3 4 2
3 11 4 4 5 1 2 5 1 0 3 2 0 1 0 0 1 2 1 3 1 338 0 1 0
1 6 0 2 3 3 0 0 11 4 3 0 2 4 1 3 0 3 5 0.37499999999999994 6 0.24999999999999994 7 0.37499999999999994 309 0 0 0
6 2 1 3 0 11 5 1 0 0 4 1 0 0 2 3 7 1 2 2 2 3 3 1 1 3 1 296 2 3 2
0 1 0 4 0 0 0 4 0 1 6 4 3 0 11 5 2 3 2 1 2 1 313 0 1 1
0 2 1 3 0 3 6 2 0 2 4 1 3 3 3 11 9 2 1 2 3 2 3 3 1 1 1 1 1 327 3 3 3
0 1 11 4 4 4 3 4 2 6 3 0 2 0 0 0 6 2 2 1 3 3 1 1 1 1 309 2 2 2
0 0 2 0 0 3 0 2 7 4 4 1 11 2 1 3 1 1 1 3 1 294 1 0 0
2 2 0 0 3 6 5 1 11 4 1 3 5 3 2 0 0 1 1 1 351 0 0 0
2 0 0 0 4 1 3 0 11 4 2 1 5 3 1 0 7 3 3 2 2 1 1 3 1 2 1 318 2 2 3
6 3 3 11 0 1 5 6 3 0 4 0 0 1 0 0 5 2 1 2 3 3 1 2 1 376 1 2 2
0 0 0 2 2 2 0 1 1 3 4 0 4 6 11 0 3 3 2 1 1 1 1 321 1 1 1
3 3 0 0 11 3 3 0 6 6 3 2 0 0 3 0 1 1 1 3 1 292 1 0 0
1 0 0 0 3 0 0 1 0 3 3 0 4 7 11 3 6 3 1 3 3 2 2 1 2 1 337 1 2 3
0 3 1 11 2 4 4 5 2 7 3 2 2 1 0 0 9 1 1 1 3 1 3 2 3 2 1 3 1 295 4 2 3
3 11 2 1 7 6 3 0 3 1 4 0 3 0 0 0 9 2 2 1 1 1 2 3 3 3 1 2 1 307 3 3 3
0 0 3 0 0 3 3 0 0 6 5 0 3 7 11 3 8 1 3 2 1 2 1 2 2 1 1 1 331 3 4 1
2 2 0 0 0 5 0 0 11 4 1 1 3 3 4 0 5 3 2 1 3 1 1 2 1 267 2 1 2
0 3 0 1 2 2 3 11 0 1 6 5 0 3 3 4 4 3 3 2 1 1 3 1 331 1 1 2
0 0 3 0 0 2 0 0 0 2 5 1 3 11 5 3 5 2 1 2 1 1 1 3 1 277 3 2 0
3 0 1 0 6 2 2 2 11 3 3 0 3 1 4 0 7 3 3 3 1 2 2 1 1 1 1 328 2 2 3
0 0 1 0 3 2 3 0 3 4 3 4 3 11 6 2 4 3 3 1 2 1 1 1 299 1 1 2
0 2 3 0 0 4 1 3 0 0 4 6 3 0 11 6 11 2 3 2 1 2 1 3 2 1 3 1 1 3 1 317 4 4 3
3 0 0 0 11 3 3 0 6 5 4 1 2 1 2 0 0 1 3 1 288 0 0 0
0 0 2 1 0 3 4 11 3 1 5 5 2 0 4 0 11 1 1 2 3 2 3 1 3 3 2 2 1 1 1 337 3 4 4
0 6 0 0 1 2 3 4 0 3 7 4 0 3 6 11 3 2 1 1 1 2 1 325 2 1 0
4 1 0 0 3 3 2 3 5 11 4 0 3 3 4 0 11 3 2 3 2 2 1 1 1 3 3 1 1 2 1 361 4 3 4
0 3 3 0 0 4 0 0 11 5 0 0 6 4 1 2 2 1 2 3 6 0.1818181818181818 7 0.27272727272727271 8 0.54545454545454541 292 1 1 0
0 0 0 3 4 5 0 2 0 6 5 4 2 3 11 2 6 3 1 3 1 1 2 1 1 1 292 3 1 2
3 0 0 0 3 6 1 3 0 0 11 5 3 4 3 3 5 1 3 2 1 2 1 2 1 347 2 2 1
1 3 0 0 0 2 1 0 3 6 5 3 5 8 11 1 3 2 3 2 1 3 1 307 0 2 1
0 5 2 0 4 3 3 0 11 5 0 1 1 4 3 0 10 2 2 2 1 3 1 3 1 3 3 1 2 1 281 3 3 4
0 0 1 1 0 5 3 2 0 4 7 5 1 2 11 5 2 2 3 1 3 1 314 0 1 1
0 0 0 1 0 1 0 11 3 0 0 7 0 3 2 3 7 1 2 2 3 3 3 2 1 1 1 321 1 3 3
6 3 1 0 11 0 0 0 7 5 1 3 5 3 2 3 3 3 2 2 1 1 1 291 0 2 1
0 2 0 0 4 3 2 2 11 7 1 0 7 4 0 0 5 1 1 3 3 3 1 3 1 309 2 0 3
0 0 0 2 2 1 0 0 3 5 1 3 2 6 11 0 10 2 1 1 3 1 1 2 3 3 2 1 3 1 315 4 3 3
3 0 0 0 3 7 5 1 11 5 3 6 3 2 3 2 4 3 2 1 3 1 1 1 288 1 1 2
0 0 0 3 2 3 4 0 0 1 2 11 0 4 4 5 9 1 2 3 1 2 3 3 1 1 1 2 1 295 4 2 3
0 2 3 1 1 3 4 2 0 5 5 3 3 6 11 3 1 1 1 2 1 328 1 0 0
11 3 0 1 7 6 1 0 3 4 0 0 3 0 0 0 8 2 3 2 3 2 3 1 2 1 1 1 339 1 4 3
0 2 4 0 1 1 4 3 0 4 5 3 2 0 6 11 11 1 3 3 1 2 3 1 2 1 2 2 1 3 1 325 4 4 3
1 1 11 4 1 6 5 3 0 3 0 3 0 1 2 0 3 2 2 3 1 2 1 285 0 2 1
0 0 0 3 0 3 0 4 2 3 6 4 0 11 7 5 9 1 1 2 2 2 3 3 3 1 1 1 1 304 3 3 3
3 4 11 1 1 4 4 0 0 0 2 0 0 0 2 0 9 1 3 1 3 3 2 2 3 2 1 1 1 295 2 3 4
1 0 11 5 2 3 5 3 2 5 3 1 0 1 3 2 6 2 3 2 1 3 3 1 1 1 320 1 2 3
1 4 5 11 3 4 4 6 0 0 5 3 0 0 0 1 3 3 3 2 1 2 1 333 0 1 2
0 2 3 1 0 5 4 5 0 2 6 11 3 7 0 3 3 1 3 3 1 3 1 313 1 0 2
0 5 0 0 0 1 5 11 3 3 6 7 0 1 2 4 6 2 3 2 1 2 1 1 3 1 358 2 3 1
1 0 0 0 0 0 4 11 3 0 5 5 0 3 4 1 3 3 2 2 1 3 1 313 0 2 1
0 3 3 0 3 11 2 0 4 1 5 3 4 7 2 1 8 3 3 1 1 2 2 3 1 1 2 1 307 3 2 3
0 4 5 7 1 2 4 11 3 2 5 3 0 0 1 0 11 1 1 3 2 1 2 1 3 3 3 2 1 2 1 347 4 3 4
2 0 0 0 6 6 0 0 11 3 0 0 1 4 4 2 7 3 2 3 1 3 1 1 1 2 1 331 3 1 3
0 0 0 2 0 0 4 1 1 0 2 5 0 3 11 6 9 2 3 1 2 3 3 1 3 1 1 2 1 326 3 2 4
3 1 1 3 11 5 0 0 4 3 5 2 3 3 5 0 5 1 2 1 3 2 1 2 1 335 2 2 1
5 3 2 1 1 11 3 4 2 2 5 0 0 0 0 1 6 1 2 3 1 3 2 1 3 1 321 2 2 2
0 11 6 3 2 5 3 4 0 0 3 3 0 0 3 2 6 1 1 2 3 1 1 1 2 1 364 4 1 1
0 1 0 0 11 4 0 0 6 4 3 1 3 3 4 2 2 2 1 1 2 1 302 1 1 0
0 6 0 0 0 0 2 1 6 4 3 2 11 1 4 4 9 2 2 2 3 1 1 3 3 1 1 3 1 348 3 3 3
1 0 0 0 11 7 0 0 6 5 3 2 6 1 0 0 3 2 3 3 1 3 1 335 0 1 2
3 2 3 0 3 1 4 7 4 6 4 0 11 3 0 1 9 2 3 2 1 1 1 2 3 3 1 2 1 298 3 3 3
0 0 0 1 6 4 4 2 11 1 1 0 3 3 2 0 1 2 1 3 1 291 0 1 0
0 3 2 3 0 0 5 5 0 4 1 11 3 0 0 3 10 2 1 3 1 2 2 3 1 2 1 1 3 1 324 4 4 2
0 0 0 2 11 3 1 1 8 3 3 0 7 7 2 0 3 1 3 3 1 2 1 317 1 0 2
3 2 2 0 11 5 4 0 4 5 4 3 3 2 1 1 4 1 3 1 2 3 6 0.1818181818181818 7 0.27272727272727271 8 0.54545454545454541 335 2 1 1
0 5 0 0 0 6 11 3 0 5 6 4 3 1 4 1 4 2 2 2 1 1 3 1 300 1 3 0
3 0 0 5 2 1 0 0 4 3 6 1 5 7 11 0 5 3 3 2 2 1 1 3 1 325 1 2 2
0 0 2 0 0 0 3 0 6 5 1 3 11 4 3 2 10 1 3 2 2 2 1 3 3 3 1 1 1 1 274 3 3 4
2 0 0 3 0 3 0 4 1 5 11 2 0 3 4 4 10 1 3 1 3 2 2 2 1 1 3 1 3 1 326 4 3 3
3 4 3 0 6 3 3 2 11 3 0 0 0 0 0 2 6 1 3 1 2 1 1 1 2 1 263 4 1 1
0 0 2 0 0 0 3 5 0 1 3 4 2 0 11 6 0 1 1 1 340 0 0 0
5 7 11 3 4 6 3 0 4 3 1 0 2 0 0 0 0 3 5 0.37499999999999994 6 0.24999999999999994 7 0.37499999999999994 306 0 0 0
0 0 6 1 0 2 3 5 3 0 3 11 1 3 4 2 8 3 3 1 2 3 2 1 1 1 2 1 332 3 2 3
1 0 2 1 5 5 0 0 3 6 4 0 11 6 0 0 7 2 1 3 3 1 2 3 1 2 1 302 2 2 3
6 4 4 1 8 6 2 2 11 3 0 0 0 2 0 3 5 1 1 3 3 1 1 2 1 289 3 0 2
0 0 2 0 0 2 3 1 3 0 3 5 0 3 11 6 3 1 3 2 1 1 1 358 1 1 1
0 0 6 11 0 1 5 3 0 3 3 4 3 0 2 3 11 3 1 3 1 1 2 1 2 3 2 2 1 3 1 370 4 4 3
1 0 0 0 11 3 3 0 5 5 3 3 1 4 3 0 8 2 2 2 2 3 1 3 1 1 3 1 305 2 4 2
11 0 1 0 6 0 0 3 4 1 1 1 3 2 0 0 2 2 2 1 2 1 291 0 2 0
0 1 0 0 0 0 3 3 1 4 4 5 0 2 6 11 3 2 3 1 1 2 1 332 1 1 1
3 2 0 2 1 4 0 4 0 5 2 1 7 3 11 3 0 1 1 1 325 0 0 0
2 1 3 11 2 4 5 4 0 0 3 4 0 0 0 3 5 2 1 1 2 1 1 3 1 300 3 2 0
0 0 1 1 3 0 3 0 0 4 1 0 3 4 6 11 5 2 1 2 3 2 1 2 1 297 1 3 1
0 3 0 0 0 2 1 3 1 2 4 2 1 11 7 3 1 3 1 3 1 324 0 0 1
0 1 0 3 0 4 0 0 3 6 4 0 1 6 11 0 7 2 1 3 2 3 2 2 1 1 1 299 1 4 2
4 5 3 1 4 11 2 0 1 3 2 0 1 0 0 0 7 2 2 3 1 2 1 3 1 3 1 349 2 3 2
0 6 2 0 7 3 2 0 11 5 3 2 2 1 7 0 4 3 1 3 1 1 1 1 315 2 0 2
3 0 0 0 4 0 0 3 3 6 3 0 11 5 2 0 1 1 1 3 1 305 1 0 0
2 5 4 0 4 11 3 0 4 1 0 3 4 2 2 0 2 1 1 1 3 1 302 2 0 0
0 4 1 6 2 0 2 11 0 3 4 5 0 3 1 2 10 3 3 3 1 3 2 1 2 1 1 1 2 1 272 4 2 4
4 2 3 0 4 5 1 0 5 6 2 0 11 1 0 3 11 1 1 3 3 1 2 1 3 2 3 2 1 2 1 318 4 3 4
1 3 11 3 0 6 6 3 2 4 3 4 0 2 1 3 1 2 1 1 1 348 0 1 0
0 0 0 3 0 0 11 3 1 4 5 4 0 3 3 2 0 1 3 1 277 0 0 0
2 3 3 11 0 0 4 7 0 0 3 3 0 0 1 3 5 3 3 1 1 2 1 2 1 323 2 1 2
1 0 0 0 3 0 0 0 6 3 1 2 11 5 3 3 9 2 1 1 1 2 3 2 3 3 1 2 1 317 3 3 3
11 6 0 2 2 5 7 3 2 5 2 0 4 0 0 0 4 3 1 1 1 1 1 1 323 3 0 1
3 4 2 11 5 1 8 8 0 4 3 7 2 3 6 0 1 3 1 1 1 368 0 0 1
3 3 0 2 3 4 5 0 3 6 3 0 4 11 3 0 4 1 3 2 1 1 3 1 323 2 1 1
0 11 6 7 7 5 4 3 3 3 3 3 0 0 1 2 11 2 3 1 3 2 1 1 2 3 1 2 1 3 1 339 4 4 3
0 3 0 0 0 3 0 2 6 6 4 0 11 3 1 0 11 3 2 1 3 1 2 3 1 2 1 2 1 3 1 308 4 4 3
1 0 1 2 0 0 6 4 0 0 4 11 0 2 4 4 11 1 3 2 3 1 2 1 1 3 3 2 1 2 1 328 4 3 4
0 3 6 11 2 5 4 4 0 3 2 2 0 0 1 1 10 2 1 2 3 1 3 3 3 1 2 1 1 1 305 3 3 4
2 6 11 3 4 5 0 2 3 3 0 0 0 1 0 0 3 1 1 2 3 4 0.54545454545454541 5 0.27272727272727271 6 0.1818181818181818 347 2 1 0
2 0 0 0 0 0 3 0 1 3 7 11 3 5 5 7 3 2 1 1 1 2 1 304 2 1 0
2 2 0 0 1 4 0 1 3 5 6 0 4 11 5 0 9 2 3 2 1 3 2 1 3 1 1 3 1 307 3 3 3
0 7 0 0 11 3 2 0 8 6 3 0 6 4 2 1 8 3 2 2 1 3 3 1 1 1 3 1 336 3 2 3
2 3 3 1 0 2 1 2 0 3 5 3 0 11 6 5 10 1 2 3 1 2 2 1 1 3 3 1 3 1 316 4 3 3
3 3 0 3 2 11 7 0 3 1 5 0 5 1 2 0 11 2 1 3 3 1 1 1 2 3 2 2 1 3 1 339 4 4 3
1 0 0 0 3 5 6 0 11 4 0 2 4 3 3 0 8 3 3 2 1 2 2 3 1 1 1 1 341 2 3 3
1 0 0 0 3 3 2 0 11 5 0 1 6 4 4 3 10 1 2 1 2 2 3 3 3 1 3 1 2 1 327 3 3 4
3 11 1 1 0 4 3 4 0 3 4 0 3 0 5 0 4 1 2 3 2 1 2 1 248 1 2 1
3 6 0 3 0 0 0 11 0 1 2 3 2 2 3 1 4 3 1 3 1 1 2 1 312 2 0 2
2 1 5 11 1 4 6 6 0 5 5 0 3 0 3 0 0 1 2 1 316 0 0 0
0 0 1 0 2 3 6 0 11 4 3 1 3 6 3 0 5 2 3 1 3 3 1 2 1 336 1 1 3
1 4 11 3 0 3 4 2 0 6 0 3 0 3 2 1 7 3 3 1 3 3 1 2 1 2 1 339 2 1 4
11 2 0 0 6 4 3 0 4 1 3 1 4 0 2 1 10 2 3 3 1 1 2 2 3 2 1 1 3 1 325 3 4 3
4 0 2 0 2 4 11 0 1 6 5 0 6 4 1 2 1 1 1 3 1 312 1 0 0
5 3 0 0 7 5 1 0 11 3 3 2 0 0 3 0 0 1 3 1 314 0 0 0
3 11 6 3 4 2 3 7 3 0 1 0 0 3 0 0 5 1 3 3 2 2 1 1 1 333 1 2 2
0 3 11 7 0 2 5 5 1 1 3 3 0 0 2 2 5 2 3 1 1 3 1 3 1 320 2 1 2
11 5 0 0 2 5 4 2 2 4 0 0 2 0 1 1 4 1 3 1 3 3 4 0.54545454545454541 5 0.27272727272727271 6 0.1818181818181818 324 2 0 2
5 11 6 0 4 4 1 2 4 2 3 0 0 0 3 0 3 1 2 1 1 3 1 316 2 1 0
0 2 3 1 1 11 4 5 0 7 5 0 0 2 6 0 3 3 3 2 1 1 1 281 0 1 2
0 0 0 3 2 2 0 11 0 1 4 6 3 4 2 3 9 2 1 1 3 3 3 2 1 1 1 3 1 342 4 2 3
1 4 2 1 2 11 3 0 2 5 4 0 1 0 6 0 4 2 3 3 1 1 3 1 330 1 1 2
1 5 3 0 11 5 0 4 1 4 5 0 2 4 2 3 11 3 2 2 1 2 1 1 3 3 1 2 1 3 1 352 4 4 3
0 0 1 2 5 3 1 3 3 3 11 3 0 2 5 2 0 1 1 1 301 0 0 0
0 3 11 6 1 1 4 2 3 1 1 0 0 2 0 0 6 3 3 2 1 2 2 1 3 1 309 1 3 2
0 0 0 1 3 0 0 0 3 1 1 5 2 11 6 3 3 3 2 2 1 3 1 315 0 2 1
1 3 3 1 5 5 5 0 11 5 2 2 0 0 2 0 10 2 1 3 1 1 2 3 1 2 3 1 3 1 297 4 3 3
0 0 3 0 1 4 1 3 0 5 4 4 4 2 11 6 9 2 1 3 2 1 3 1 2 2 1 3 1 321 3 4 2
0 3 3 0 2 5 3 0 11 4 1 0 4 3 3 2 10 2 3 3 3 1 2 1 3 1 1 1 2 1 297 4 2 4
0 0 0 2 4 5 11 0 1 4 4 4 3 3 3 0 7 2 2 1 3 1 1 2 3 5 0.37499999999999994 6 0.24999999999999994 7 0.37499999999999994 311 3 3 1
0 3 4 0 0 3 3 7 1 3 4 11 0 0 3 4 9 3 2 1 2 2 1 3 3 2 1 1 1 287 2 4 3
11 2 0 1 7 5 2 0 5 0 1 0 3 4 0 0 0 1 3 1 336 0 0 0
0 0 3 2 4 1 2 0 4 6 3 0 11 2 0 0 2 1 3 1 1 1 305 1 0 1
2 5 5 3 7 7 0 1 11 0 1 0 0 0 3 0 9 2 2 3 1 1 2 3 3 1 1 2 1 319 3 3 3
4 4 3 0 7 3 0 2 11 0 0 0 3 3 0 0 8 1 1 3 1 1 2 2 2 1 3 1 316 4 3 1
0 3 3 0 11 5 2 0 8 5 2 0 1 5 4 2 3 1 1 2 1 1 1 348 2 1 0
3 1 3 0 11 2 2 1 1 4 1 0 4 6 2 0 3 3 2 2 1 1 1 323 0 2 1
0 0 0 1 2 6 11 2 3 3 4 0 3 4 2 0 4 1 3 1 1 1 2 1 343 3 0 1
3 2 1 3 5 5 2 0 11 1 0 0 1 3 1 0 2 3 2 1 2 1 366 0 1 1
0 4 4 11 3 3 4 6 0 0 1 0 0 2 0 0 0 1 3 1 303 0 0 0
0 1 2 0 0 4 11 3 2 1 4 4 0 6 3 2 2 1 1 1 2 1 313 2 0 0
0 2 0 0 11 3 0 0 6 3 1 2 4 5 2 0 8 1 1 2 2 3 1 3 1 1 3 1 247 4 2 2
0 0 1 2 0 0 3 1 2 6 6 3 0 2 11 5 10 2 3 1 1 3 3 2 3 1 1 1 2 1 371 4 2 4
0 0 0 5 0 3 4 8 0 0 3 11 3 4 0 2 9 3 1 1 3 2 1 2 2 1 1 3 1 299 4 3 2
0 1 7 11 0 0 6 4 0 2 4 3 2 0 1 0 0 1 3 1 360 0 0 0
1 0 3 0 4 0 0 0 4 5 4 1 11 5 0 2 4 1 2 3 3 1 2 1 299 1 1 2
2 0 3 0 0 0 2 1 0 3 6 5 0 3 11 5 8 3 1 1 1 3 1 2 2 1 2 1 315 4 2 2
0 3 0 2 1 4 5 3 6 5 3 0 11 2 4 3 9 1 1 2 3 2 2 3 1 3 1 1 1 307 3 3 3
2 1 2 3 11 5 2 0 6 5 3 0 1 3 5 4 9 1 2 3 3 3 1 2 2 1 1 1 1 350 3 3 3
2 2 1 11 3 1 3 6 6 0 5 5 3 0 3 0 11 1 2 1 2 3 3 3 3 1 2 2 1 1 1 286 3 4 4
11 1 4 3 5 4 3 3 1 4 0 0 0 1 0 0 2 2 2 1 2 1 300 0 2 0
2 1 3 3 0 1 4 11 0 3 3 6 0 3 3 2 9 2 3 2 3 2 3 1 1 1 3 5 0.37499999999999994 6 0.24999999999999994 7 0.37499999999999994 373 3 3 3
4 11 6 3 0 4 3 3 0 1 1 0 0 0 2 0 7 3 1 2 3 2 2 1 1 3 1 294 2 3 2
0 0 0 1 3 2 1 0 1 5 5 2 3 3 11 5 0 1 2 1 274 0 0 0
3 11 6 2 3 0 3 4 0 2 1 0 0 0 1 0 7 3 1 3 2 2 2 1 1 1 1 293 2 3 2
2 0 1 0 0 2 1 0 0 3 6 2 0 7 11 3 1 3 1 1 1 290 0 0 1
0 11 6 3 0 4 4 3 0 3 4 0 2 0 3 0 10 1 2 1 3 2 3 3 3 1 1 1 2 1 313 4 2 4
0 1 0 0 3 2 0 3 1 1 5 3 0 4 5 11 7 1 2 2 3 2 3 2 1 1 1 321 1 4 2
3 11 0 3 1 4 6 1 2 2 0 0 3 0 0 0 0 1 3 1 327 0 0 0
0 7 11 2 0 5 4 1 0 4 1 4 3 1 0 2 0 1 2 1 308 0 0 0
0 3 11 7 2 1 6 6 0 3 2 3 0 0 0 1 0 1 3 1 339 0 0 0
0 0 2 2 0 3 5 4 2 1 6 4 1 1 4 11 11 1 1 3 2 2 2 2 3 1 3 1 1 3 1 303 4 4 3
2 2 5 11 0 3 5 2 0 3 1 1 0 0 1 0 0 1 3 1 318 0 0 0
3 3 1 2 1 1 4 7 2 2 6 11 0 0 0 2 5 3 1 2 3 1 1 3 1 332 2 1 2
0 0 4 2 0 2 1 4 1 3 0 4 0 11 8 5 1 1 1 2 1 313 1 0 0
0 3 4 3 2 1 3 1 2 11 6 3 0 0 0 1 10 1 2 3 1 3 3 2 2 1 3 1 2 1 316 3 3 4
3 11 7 6 3 4 5 4 0 0 4 2 0 0 0 1 10 1 1 1 1 3 2 2 3 2 2 1 3 1 297 4 4 2
0 0 0 2 2 3 0 0 11 7 3 1 6 5 3 0 4 1 3 3 2 1 1 1 331 1 1 2
0 0 1 3 0 4 5 4 0 3 11 3 4 1 5 3 9 2 3 2 3 1 3 2 3 2 1 1 1 352 1 4 4
0 0 0 3 0 0 1 4 3 0 4 6 2 3 11 6 9 2 1 1 3 2 1 2 1 3 1 2 1 309 4 3 2
2 0 0 0 3 4 4 7 2 3 11 0 0 2 1 0 7 1 3 1 1 3 3 2 1 3 1 285 3 1 3
0 0 3 2 0 0 1 1 4 3 6 2 0 11 6 4 0 3 6 0.1818181818181818 7 0.27272727272727271 8 0.54545454545454541 280 0 0 0
0 0 3 0 0 1 3 11 2 3 5 7 0 2 3 1 2 1 2 1 3 1 311 1 1 0
0 3 3 5 1 3 6 7 0 2 4 11 1 0 0 0 3 3 3 3 1 2 1 314 0 0 3
1 1 2 4 2 5 5 11 0 0 3 0 2 0 1 0 11 1 1 1 3 3 2 2 1 2 3 3 1 2 1 303 4 3 4
2 3 3 4 11 6 4 1 0 7 6 3 1 0 0 0 4 2 3 1 2 1 3 1 358 1 2 1
3 4 2 0 7 0 0 2 11 3 1 0 3 0 0 0 1 1 1 3 1 318 1 0 0
2 1 0 0 3 3 0 0 5 5 4 1 11 1 3 3 2 2 3 1 2 1 269 0 1 1
0 1 3 3 7 4 2 4 0 0 5 11 1 6 3 3 0 1 2 1 349 0 0 0
2 0 0 0 0 3 1 0 4 6 3 0 3 6 11 1 7 3 3 2 1 3 2 1 1 2 1 322 2 2 3
0 2 0 0 4 3 1 0 6 0 0 1 11 4 0 0 4 1 3 2 3 1 2 1 290 1 1 2
4 6 0 0 11 5 1 0 3 5 2 2 0 0 2 0 4 1 1 1 2 1 3 1 320 3 1 0
0 0 0 2 0 1 1 3 0 5 3 6 2 3 1 11 0 1 2 1 293 0 0 0
1 3 11 6 0 3 6 5 0 0 3 4 0 0 3 0 8 3 3 2 1 2 2 1 2 1 1 1 261 2 4 2
4 8 11 0 4 7 3 0 0 1 0 3 0 0 0 3 3 2 2 3 1 1 1 362 0 2 1
0 0 1 0 0 0 2 11 1 2 1 6 0 0 4 7 4 2 2 3 3 1 1 1 331 0 2 2
0 0 0 2 0 3 3 1 3 0 7 5 0 11 6 5 5 2 3 2 3 1 1 1 1 264 1 2 2
0 1 2 0 1 4 3 0 7 5 2 0 4 6 11 1 3 1 2 3 1 2 1 312 1 1 1
0 11 7 5 1 3 3 3 0 3 1 4 0 0 1 3 5 2 2 1 3 2 1 2 1 299 1 3 1
2 7 6 11 0 0 5 2 0 1 3 1 0 0 3 1 6 3 3 1 2 3 3 1 2 1 298 1 1 4
0 4 6 11 4 3 5 3 3 2 1 0 0 0 0 3 0 1 3 1 361 0 0 0
0 3 1 0 0 4 3 0 4 11 3 2 3 4 5 4 9 1 3 1 2 3 1 2 3 2 1 3 1 295 3 3 3
4 0 0 0 11 1 0 3 6 4 2 0 7 4 3 0 7 2 1 2 3 1 3 1 1 2 1 285 3 2 2
0 0 3 6 0 0 4 4 3 0 5 11 2 6 1 5 4 3 1 2 1 1 2 1 313 2 1 1
0 0 0 1 1 0 6 11 2 4 1 7 2 3 2 3 3 1 3 2 1 3 1 310 1 1 1
0 4 5 3 0 0 4 11 2 3 1 4 1 2 0 0 11 1 1 1 3 2 3 3 3 2 2 1 1 2 1 314 4 3 4
0 0 3 2 2 3 2 1 4 5 4 3 0 0 11 6 7 3 1 1 3 1 1 2 1 2 1 322 4 1 2
4 3 3 6 0 4 5 11 0 0 3 1 0 0 1 2 1 2 1 3 1 314 0 1 0
11 6 3 3 5 6 3 1 5 2 0 0 4 0 0 0 9 3 1 3 2 2 2 1 1 1 1 2 1 293 4 3 2
11 5 0 0 4 5 2 0 1 4 3 1 0 4 2 2 8 1 2 3 3 1 3 3 2 1 1 1 264 2 2 4
6 11 0 0 5 4 5 3 4 1 0 0 3 1 1 1 5 2 2 3 2 3 1 2 1 290 0 3 2
0 3 0 3 1 1 5 0 2 3 4 11 0 2 1 6 0 1 2 1 305 0 0 0
1 4 4 5 0 1 3 6 0 0 4 11 0 3 2 2 2 2 1 1 3 1 311 1 1 0
0 0 3 1 0 0 1 3 0 4 5 2 3 3 5 11 7 1 1 1 3 2 2 2 1 2 1 308 3 3 1
2 7 3 6 0 1 6 11 0 0 0 1 0 0 2 0 5 3 3 1 3 2 1 3 1 303 1 1 3
3 2 0 0 1 4 0 0 3 4 2 3 11 6 1 0 1 1 1 2 1 291 1 0 0
0 2 1 1 0 3 5 0 1 6 6 11 4 2 3 3 3 3 1 2 1 2 1 303 1 1 1
3 2 3 2 4 4 3 5 3 11 4 0 3 0 0 0 6 1 2 3 1 2 1 1 1 1 278 3 2 1
0 0 0 1 2 2 3 4 0 0 6 11 1 3 4 5 4 2 3 3 3 1 1 1 314 0 1 3
0 3 4 0 1 3 2 6 0 2 3 11 0 3 2 1 1 3 1 1 1 356 0 0 1
0 4 1 11 3 2 4 4 0 0 5 2 0 0 1 0 1 2 1 1 1 315 0 1 0
2 1 0 0 0 3 5 0 5 7 2 0 11 5 5 1 3 3 1 2 1 3 1 323 1 1 1
0 3 0 0 0 2 3 0 3 1 4 6 3 6 11 2 9 3 1 1 2 1 2 2 1 3 1 3 1 269 4 3 2
0 0 6 11 0 3 6 5 3 4 3 4 1 1 2 2 0 1 3 1 320 0 0 0
5 11 0 2 3 5 3 0 1 3 0 0 2 2 1 0 2 1 3 1 3 1 337 1 0 1
4 1 0 3 1 1 1 0 2 6 3 5 11 6 2 0 6 2 3 3 2 3 1 1 2 1 312 1 2 3
3 4 3 0 7 5 0 1 11 0 3 0 2 0 0 0 2 3 1 1 2 1 292 1 0 1
0 0 3 0 1 6 4 2 0 2 1 4 2 4 11 4 6 1 2 1 1 3 3 1 2 1 333 3 1 2
0 3 1 0 3 5 0 0 2 6 5 2 11 4 3 3 0 1 1 1 335 0 0 0
0 0 5 11 0 3 6 4 1 3 2 1 0 0 3 3 9 3 3 1 2 2 2 2 3 1 1 1 1 307 2 4 3
3 2 0 0 4 3 0 3 8 6 1 4 11 3 2 0 9 3 1 2 2 3 1 1 2 1 1 3 1 323 4 3 2
4 4 11 3 5 7 2 3 0 0 0 1 0 0 3 0 11 1 3 1 2 3 1 3 1 2 3 2 1 2 1 355 4 3 4
0 3 3 0 0 11 4 1 0 6 4 2 5 3 3 2 10 3 2 2 3 1 3 1 2 1 1 3 4 0.54545454545454541 5 0.27272727272727271 6 0.1818181818181818 298 4 3 3
0 3 3 0 0 1 3 4 2 2 5 6 1 0 11 5 4 1 2 2 3 1 1 1 339 1 2 1
1 3 1 0 2 3 4 3 5 4 6 1 3 11 0 2 6 1 2 3 3 3 2 1 3 1 345 1 2 3
1 3 4 5 3 5 6 0 2 4 11 0 0 0 0 1 3 2 3 3 3 4 0.54545454545454541 5 0.27272727272727271 6 0.1818181818181818 323 0 1 2
4 11 7 2 3 6 0 0 5 3 1 0 2 1 0 0 7 3 2 3 1 3 1 2 1 3 1 274 2 2 3
0 2 0 3 0 3 0 0 2 3 4 2 5 7 11 0 6 2 1 1 3 1 1 3 5 0.37499999999999994 6 0.24999999999999994 7 0.37499999999999994 324 4 1 1
3 4 3 3 0 3 4 11 2 0 6 0 0 0 1 1 5 3 1 3 3 2 1 2 1 276 1 1 3
0 1 11 7 2 3 4 6 0 6 2 3 0 2 3 3 6 3 1 1 1 3 2 3 5 0.37499999999999994 6 0.24999999999999994 7 0.37499999999999994 312 3 1 2
2 2 0 0 4 3 6 0 1 4 4 1 3 11 3 2 9 2 3 1 1 3 2 3 2 1 1 1 1 337 3 3 3
0 11 1 1 3 3 4 6 0 3 1 4 0 0 2 3 2 3 2 1 2 1 333 0 1 1
0 6 0 0 1 3 0 0 3 3 11 0 4 7 1 3 5 2 2 1 2 2 1 1 1 300 1 4 0
11 7 3 0 7 1 2 0 3 1 3 1 0 2 0 0 0 1 2 1 329 0 0 0
1 2 2 11 1 4 6 8 0 0 5 4 0 0 0 3 9 3 1 2 3 3 2 1 2 3 1 1 1 336 2 3 4
4 2 11 2 3 4 0 0 0 3 1 0 0 1 2 0 10 1 2 2 1 3 3 3 3 1 2 1 1 1 294 3 3 4
1 0 0 1 0 5 2 3 0 4 2 3 0 11 6 4 11 3 1 3 2 2 3 3 1 2 1 2 1 1 1 297 3 4 4
0 3 1 0 11 4 0 0 7 5 3 3 6 4 4 0 9 2 2 2 1 3 1 3 3 2 1 1 1 284 2 4 3
0 3 11 5 0 3 4 2 0 1 4 1 3 0 1 3 2 3 2 1 2 1 280 0 1 1
1 1 2 3 11 5 2 1 1 4 0 0 2 3 0 0 8 2 3 1 2 3 2 1 3 1 3 1 321 2 3 3
3 3 11 2 3 4 4 0 3 2 0 0 3 2 0 0 2 1 1 1 1 1 275 2 0 0
1 11 7 6 3 4 5 4 0 0 4 4 0 1 0 0 8 1 3 3 2 3 2 1 2 1 2 1 289 2 3 3
2 0 0 0 2 3 0 0 3 1 3 2 4 6 11 3 8 3 3 1 3 1 2 2 1 1 1 1 332 3 2 3
4 0 0 1 11 6 0 0 3 6 3 0 6 3 2 3 7 2 2 3 2 1 1 3 1 1 1 333 2 3 2
0 2 1 0 0 3 0 0 11 5 3 0 3 1 3 3 10 3 1 1 1 3 2 2 3 3 2 1 2 1 316 3 3 4
0 2 1 0 0 3 2 3 0 5 5 11 3 4 4 4 1 3 1 1 1 317 0 0 1
11 5 3 1 6 4 1 2 3 2 3 0 1 0 2 0 11 2 3 1 1 2 1 2 3 1 2 3 1 3 1 317 4 4 3
5 3 1 0 11 5 5 3 0 0 2 0 0 3 0 0 5 2 2 1 1 3 1 3 1 331 2 2 1
5 5 2 0 11 4 3 1 1 3 3 5 0 0 0 3 6 1 2 3 1 2 2 1 3 1 252 2 3 1
3 11 4 4 3 2 6 5 0 0 1 3 2 0 0 0 10 3 1 3 1 3 3 1 2 2 2 1 1 1 304 3 3 4
1 7 6 11 7 6 4 0 2 1 0 0 3 5 0 3 0 1 2 1 343 0 0 0
3 0 0 0 5 1 3 4 0 5 2 1 2 7 5 11 11 3 3 3 1 1 2 1 1 3 2 2 1 2 1 319 4 3 4
0 0 1 2 1 4 5 6 0 3 7 11 0 0 3 7 6 3 2 2 2 3 1 1 1 1 324 1 3 2
0 0 1 0 4 2 1 1 11 6 2 0 3 8 3 2 0 1 3 1 318 0 0 0
11 6 0 3 5 1 4 0 5 2 2 0 2 0 0 0 3 3 1 3 1 1 1 326 1 0 2
1 1 11 4 0 5 2 3 0 0 1 6 0 1 0 0 8 3 1 3 2 3 2 2 2 1 3 1 330 1 4 3
1 3 4 3 3 6 3 0 11 4 2 0 3 0 0 3 10 3 3 2 1 1 3 2 1 2 1 1 2 1 328 4 3 3
0 0 2 3 3 1 4 1 6 4 2 0 11 3 0 0 7 1 3 1 2 1 2 2 1 3 1 315 3 3 1
3 11 6 2 4 1 6 3 2 0 0 3 3 1 0 0 8 3 2 1 1 1 2 2 3 1 3 1 318 3 3 2
6 4 3 2 11 3 1 2 1 4 0 0 2 3 0 0 2 1 3 1 3 1 302 1 0 1
11 3 2 2 7 5 1 0 0 4 3 0 0 3 1 0 7 2 1 2 1 2 3 1 1 3 1 307 3 3 1
0 2 0 5 1 4 3 3 3 2 5 11 0 0 0 1 1 2 1 1 1 336 0 1 0
0 1 0 0 2 3 7 3 0 3 5 11 0 3 3 4 2 3 1 1 2 1 290 1 0 1
0 1 0 3 0 0 2 3 0 4 6 4 1 0 6 11 8 1 3 2 1 2 3 3 3 1 2 1 292 2 2 4
0 1 0 1 4 2 5 2 4 5 2 2 1 11 1 0 11 2 2 3 3 1 1 3 1 3 2 2 1 1 1 327 3 4 4
0 3 3 3 0 1 2 11 3 4 5 6 1 2 1 3 9 1 2 3 1 1 3 2 2 2 1 3 1 331 3 4 2
0 0 3 0 0 3 4 11 0 3 4 5 2 5 4 2 8 3 1 1 1 3 1 3 2 1 2 1 324 4 1 3
6 11 0 0 5 7 3 0 4 4 0 1 2 3 3 0 8 1 3 1 3 2 3 2 2 1 1 1 299 2 3 3
1 2 0 0 1 3 4 0 2 2 5 6 1 3 4 11 0 1 3 1 323 0 0 0
0 0 1 0 0 0 0 3 0 3 4 6 3 1 11 5 5 3 3 2 1 2 1 2 1 302 1 2 2
0 2 0 0 0 1 0 0 3 3 0 1 11 5 5 1 2 2 3 1 2 1 333 0 1 1
2 0 0 0 4 4 1 0 11 6 3 3 5 4 3 0 2 1 3 1 2 1 324 1 0 1
0 3 0 3 0 0 1 1 5 3 4 5 3 11 4 2 0 1 2 1 313 0 0 0
0 0 0 1 2 4 0 0 6 5 1 0 11 4 4 2 2 1 3 1 2 1 334 1 0 1
3 3 0 0 11 4 1 0 3 3 1 3 2 6 1 0 6 1 3 2 3 3 2 1 2 1 364 1 2 3
3 2 0 0 11 6 2 1 3 1 4 3 1 0 2 0 11 3 1 1 2 2 2 2 3 1 1 3 1 3 1 292 4 4 3
2 4 7 3 6 3 7 3 0 0 4 11 0 0 0 3 10 2 3 3 2 1 3 1 1 1 2 1 3 1 284 4 3 3
11 3 0 2 4 5 3 0 3 6 1 0 0 0 0 2 6 2 1 1 3 3 3 1 3 1 343 2 1 3
0 0 2 0 3 1 2 1 6 4 11 3 4 6 5 5 11 1 3 1 1 2 3 2 2 1 2 3 1 3 1 271 4 4 3
0 0 1 0 0 0 2 2 0 4 4 11 1 2 4 6 4 1 3 2 3 1 1 1 334 1 1 2
0 0 1 0 3 4 0 0 6 6 4 2 11 2 1 3 11 1 2 1 3 2 3 2 1 3 3 1 1 2 1 295 4 3 4
4 3 3 11 1 2 4 6 0 3 3 2 0 0 0 1 9 3 1 3 2 2 1 2 1 3 3 4 0.54545454545454541 5 0.27272727272727271 6 0.1818181818181818 352 3 3 3
0 3 1 1 3 0 2 3 3 6 5 2 0 0 11 1 2 2 1 1 2 1 323 1 1 0
2 4 0 0 7 7 1 0 11 1 0 1 3 0 0 0 6 3 2 2 3 2 1 1 3 1 297 1 3 2
1 0 5 2 0 5 6 11 0 1 3 1 0 0 0 2 0 1 2 1 315 0 0 0
3 0 0 0 0 0 6 4 1 4 4 11 2 1 1 5 7 2 2 3 1 2 3 2 1 1 1 353 1 4 2
3 3 0 0 6 5 3 2 11 4 1 0 0 0 0 1 10 1 2 1 3 2 3 2 3 1 2 1 3 1 326 3 4 3
6 8 11 2 4 5 4 3 4 0 0 0 1 0 0 0 11 1 3 3 3 2 2 1 3 2 1 1 1 2 1 360 4 3 4
1 3 3 11 5 2 5 0 0 3 1 1 2 2 0 0 2 2 1 1 3 1 327 1 1 0
1 0 0 0 11 4 0 0 7 2 1 2 3 1 4 0 0 1 2 1 313 0 0 0
0 0 1 11 2 3 3 6 2 0 3 4 0 0 3 0 9 2 1 3 1 1 2 1 2 3 1 3 1 303 4 3 2
0 0 4 4 0 3 11 2 0 5 4 2 3 0 1 0 3 3 1 1 1 2 1 310 2 0 1
0 1 0 0 2 0 0 0 7 5 3 2 11 4 1 3 8 1 3 3 3 1 2 2 1 1 2 1 335 3 2 3
11 0 0 2 8 5 3 1 2 3 2 4 1 0 0 0 10 3 1 2 3 1 2 2 3 1 1 1 3 1 328 4 3 3
11 2 3 2 0 3 0 2 0 5 2 3 0 0 6 0 6 3 3 3 1 1 1 1 1 1 303 3 0 3
0 4 4 11 2 5 6 6 0 3 0 0 3 0 0 0 3 3 1 3 1 3 1 303 1 0 2
0 0 0 2 0 3 0 0 4 3 4 3 4 11 6 4 8 1 3 3 1 3 1 2 2 1 3 1 307 3 2 3
2 1 0 0 0 4 0 3 11 3 0 2 7 4 4 0 3 2 1 3 1 1 1 346 1 1 1
0 3 0 11 0 3 6 4 0 3 4 3 2 0 7 3 9 1 3 2 1 2 3 2 1 3 1 1 1 293 3 3 3
0 3 3 0 1 0 6 0 2 2 5 11 1 4 3 3 11 1 2 2 2 3 1 2 1 3 3 1 1 3 1 282 4 4 3
0 0 2 1 0 1 5 11 1 2 5 7 0 2 0 0 1 2 1 1 1 302 0 1 0
5 4 5 1 0 4 6 11 2 3 2 3 0 0 0 3 8 1 1 2 2 3 3 1 2 1 1 1 321 3 3 2
1 5 11 0 3 4 3 0 4 1 3 0 2 2 0 6 1 2 1 1 1 301 0 1 0
0 0 0 2 2 3 0 0 0 0 3 11 0 3 6 7 8 1 2 1 3 1 3 3 1 1 2 1 306 4 1 3
2 1 0 0 3 4 6 2 0 0 0 11 0 1 6 3 2 2 1 1 3 1 337 1 1 0
0 3 3 5 0 3 4 11 0 0 3 4 3 2 1 1 1 2 1 3 1 324 0 1 0
3 3 4 0 1 4 6 11 2 1 3 5 3 7 6 2 11 3 1 2 1 3 1 2 3 1 2 2 1 3 1 311 4 4 3
3 7 2 11 2 1 3 1 1 3 5 0 0 0 1 2 7 3 2 3 2 1 3 2 1 1 1 287 1 3 3
0 2 0 1 0 4 0 0 2 1 11 2 4 4 3 1 5 3 2 1 3 3 3 6 0.1818181818181818 7 0.27272727272727271 8 0.54545454545454541 288 1 1 3
1 0 0 0 3 0 2 0 2 0 4 11 1 3 5 6 8 3 1 1 2 3 2 3 1 1 2 1 330 3 2 3
3 1 0 0 0 3 0 0 5 5 2 0 11 4 4 3 6 1 2 2 3 2 1 1 1 1 327 2 3 1
0 0 11 6 1 3 4 5 3 0 2 4 0 0 0 2 0 1 1 1 302 0 0 0
0 0 0 3 0 0 5 11 2 1 5 6 0 3 6 1 2 3 2 1 3 1 291 0 1 1
4 3 2 1 3 6 5 0 4 3 3 0 11 3 3 0 8 3 2 2 3 1 2 1 1 3 4 0.54545454545454541 5 0.27272727272727271 6 0.1818181818181818 265 3 3 2
0 1 6 11 3 5 4 2 2 3 3 0 0 2 1 0 5 1 3 3 2 1 1 3 1 322 2 1 2
1 1 2 11 2 3 6 5 0 3 4 2 0 0 0 1 0 1 3 1 339 0 0 0
0 0 1 3 0 2 4 3 0 3 4 6 3 0 4 11 10 1 2 1 3 1 2 2 3 2 3 1 1 1 340 3 4 3
3 5 11 1 5 4 4 6 1 0 0 0 0 0 0 6 7 2 1 3 3 3 2 2 1 3 1 344 1 3 3
0 1 11 2 1 3 4 6 0 5 6 0 3 1 0 2 1 3 1 2 1 315 0 0 1
0 7 2 0 4 3 1 0 11 4 3 0 3 4 3 2 8 1 3 2 3 1 2 3 1 1 3 1 331 3 2 3
3 3 0 0 2 4 0 0 2 5 4 4 1 4 11 6 0 1 1 1 305 0 0 0
5 4 4 5 1 5 11 2 0 2 4 4 0 3 0 0 1 1 1 3 1 325 1 0 0
1 3 6 6 0 1 2 11 0 4 0 0 0 2 1 0 5 2 3 3 1 3 1 2 1 330 1 1 3
0 0 2 2 0 3 5 0 3 3 3 3 3 11 6 1 8 1 3 1 1 3 2 3 2 1 3 1 328 3 2 3
0 1 0 0 2 4 11 3 0 1 3 6 2 0 2 1 5 3 3 2 3 3 1 1 1 321 0 1 4
2 11 7 1 3 5 4 0 2 0 1 2 3 0 3 2 4 3 1 1 3 1 3 1 341 2 0 2
3 4 11 6 0 0 6 5 0 2 4 4 0 1 2 3 6 2 1 1 2 3 1 1 3 1 290 3 2 1
0 3 11 4 5 5 4 3 1 3 2 3 1 2 0 0 4 3 3 2 1 1 3 1 331 1 1 2
3 0 0 5 0 0 2 1 1 11 6 1 2 7 3 1 1 2 1 2 1 338 0 1 0
3 11 4 0 3 3 2 6 1 4 0 1 0 0 0 3 0 1 2 1 326 0 0 0
1 0 0 0 0 0 2 3 2 2 3 11 3 3 4 6 5 3 1 3 1 2 1 1 1 297 2 1 2
0 0 3 3 0 0 1 3 6 4 7 3 3 11 8 3 1 2 1 3 1 305 0 1 0
0 0 3 3 5 2 0 0 5 4 1 0 6 11 1 0 7 2 2 2 1 1 1 3 1 2 1 300 3 3 1
3 1 2 0 4 2 0 1 4 2 5 0 5 11 0 0 3 1 2 3 1 1 1 279 1 1 1
0 0 3 1 2 2 5 3 0 3 3 7 1 0 5 11 11 1 3 3 3 2 2 1 2 2 3 1 1 1 1 316 3 4 4
1 3 5 11 0 3 6 5 0 0 0 2 0 1 0 3 4 3 3 2 1 1 2 1 278 1 1 2
6 3 2 1 1 5 4 0 1 11 2 3 3 0 0 1 5 2 3 2 2 3 1 1 1 280 0 3 2
0 0 11 6 3 2 5 7 0 0 0 4 2 1 0 1 3 2 1 3 1 3 1 279 1 1 1
11 6 3 0 5 3 4 1 1 3 1 0 0 1 3 2 2 2 2 1 2 1 335 0 2 0
4 1 4 2 0 11 5 7 3 3 2 3 0 0 0 1 1 2 1 1 1 313 0 1 0
1 0 1 11 0 1 6 7 0 3 2 3 0 0 1 3 8 2 3 3 2 2 2 3 3 1 1 1 275 0 4 4
3 1 0 1 5 1 0 0 8 2 3 0 11 7 3 0 3 2 2 3 1 3 1 303 0 2 1
0 0 1 3 11 3 2 0 6 4 2 2 5 6 0 0 2 1 1 1 3 1 253 2 0 0
3 3 4 0 5 11 2 6 3 1 4 0 3 0 0 0 7 2 1 2 3 2 1 3 1 1 1 283 2 3 2
0 0 0 2 0 0 0 3 0 3 6 3 2 4 6 11 3 1 1 1 1 2 1 347 3 0 0
2 2 4 6 0 3 1 11 0 0 4 3 0 0 2 3 7 3 3 1 2 1 1 2 1 1 1 288 3 2 2
2 6 11 0 1 3 4 0 3 3 1 3 0 4 0 0 0 1 2 1 318 0 0 0
2 7 11 1 2 4 5 3 1 3 3 0 0 0 3 0 8 1 2 1 2 3 3 2 3 1 1 1 307 2 3 3
0 3 2 0 0 1 4 0 0 2 5 4 3 11 4 2 5 3 1 1 3 1 1 2 1 309 3 0 2
2 11 3 0 1 6 3 4 2 4 3 3 0 1 0 0 5 2 1 2 3 3 1 1 1 318 1 2 2
0 3 5 7 0 5 4 11 1 2 0 3 0 0 3 0 11 1 2 3 3 2 1 3 1 2 1 2 1 3 1 325 4 4 3
11 7 2 1 2 0 3 0 0 1 4 0 2 0 0 0 5 1 3 3 2 1 1 3 1 265 2 1 2
0 11 8 6 3 5 4 3 3 3 2 0 0 0 0 1 10 1 2 2 3 2 3 2 1 1 3 1 1 1 311 3 4 3
0 5 3 2 3 0 4 5 0 1 4 11 0 0 0 4 0 1 3 1 272 0 0 0
2 3 1 0 3 3 3 3 3 6 5 0 3 5 11 0 8 3 1 3 1 1 3 2 2 1 2 1 275 3 2 3
0 2 1 0 3 2 0 3 4 6 1 2 2 5 11 3 4 3 3 1 3 1 1 1 309 1 0 3
0 0 0 3 5 4 11 1 0 3 6 2 0 4 4 3 2 3 1 1 2 1 348 1 0 1
3 6 11 0 5 3 5 2 4 1 0 0 0 0 2 3 8 1 2 3 1 2 1 2 1 1 3 1 317 4 3 1
0 0 3 1 0 3 5 4 1 6 11 2 2 0 3 4 10 1 2 1 3 3 1 2 3 2 2 1 1 1 271 3 4 3
3 1 2 2 4 0 0 0 1 3 5 0 11 0 0 0 11 1 2 3 1 1 2 3 2 3 3 1 1 2 1 314 4 3 4
2 5 4 11 3 2 4 6 0 2 0 1 0 0 2 0 5 3 3 1 1 1 1 3 1 280 3 0 2
3 4 6 8 0 0 5 11 0 0 4 3 0 0 1 2 1 2 1 1 1 343 0 1 0
0 1 0 3 1 2 0 11 1 4 5 7 0 4 4 4 9 2 3 2 3 1 3 2 3 1 1 2 1 310 2 3 4
11 3 2 1 5 6 3 0 2 4 0 0 1 3 2 0 0 1 1 1 291 0 0 0
0 0 3 0 3 5 0 0 6 3 4 3 11 1 3 1 2 2 2 1 3 1 337 0 2 0
0 3 0 1 0 0 4 2 3 1 6 7 2 4 6 11 3 2 1 1 1 2 1 325 2 1 0
3 4 2 3 1 0 1 11 0 3 6 3 0 0 3 3 6 1 3 3 1 2 2 1 2 1 267 2 2 2
0 0 3 1 1 3 3 11 0 2 6 4 0 0 3 6 3 2 2 1 1 3 1 348 1 2 0
0 3 0 0 2 0 0 4 3 1 3 2 0 11 7 3 3 1 3 1 1 2 1 337 2 0 1
0 0 1 1 0 3 3 0 0 4 6 3 2 5 5 11 6 3 1 2 3 3 2 1 3 1 332 1 2 3
11 3 3 0 1 4 1 2 2 6 3 0 2 3 0 0 1 1 1 3 1 348 1 0 0
3 11 5 2 3 4 4 4 0 3 3 3 1 0 0 0 11 2 1 2 1 1 2 3 3 3 3 2 1 1 1 323 3 4 4
1 3 4 6 0 2 4 11 3 3 0 0 0 1 0 0 8 1 3 2 3 2 2 1 1 1 2 1 353 3 3 2
0 1 4 7 0 2 5 11 2 0 4 0 3 0 3 0 9 1 2 2 3 3 1 1 2 1 1 3 1 296 4 3 2
0 3 0 1 0 2 2 3 1 4 4 5 3 11 5 4 10 3 2 1 2 1 3 1 2 1 3 1 2 1 291 4 3 3
4 7 11 3 3 1 4 2 0 2 4 0 0 1 0 0 11 2 3 2 2 1 1 1 2 1 3 3 1 3 1 352 4 4 3
0 1 1 11 2 2 1 6 0 0 5 1 0 0 3 2 6 1 2 3 3 3 2 1 3 1 357 1 2 3
4 11 6 3 2 3 2 1 0 1 0 1 0 0 0 2 0 1 3 1 326 0 0 0
3 0 0 11 0 4 6 4 0 0 0 4 2 2 3 1 9 1 3 2 3 1 2 1 3 1 1 2 1 304 4 2 3
3 3 1 0 2 2 3 1 7 3 3 0 3 11 0 0 11 1 2 1 1 3 2 3 3 1 2 2 1 3 1 311 4 4 3
0 0 5 1 0 1 5 3 2 2 0 11 0 0 3 4 5 1 2 3 1 3 1 2 1 284 2 1 2
3 11 5 7 3 4 6 3 0 2 1 3 3 0 0 0 2 3 1 1 2 1 315 1 0 1
11 4 3 3 5 5 3 0 0 7 0 0 2 2 0 0 8 3 2 3 1 1 1 3 2 1 1 1 307 3 2 3
3 0 3 2 1 3 6 4 0 6 3 11 0 0 4 4 7 2 1 1 3 3 2 2 1 1 1 352 2 3 2
0 0 3 0 11 3 1 2 6 5 0 0 3 1 0 0 4 2 3 3 2 1 1 1 268 0 2 2
5 4 4 0 11 4 3 0 3 2 0 1 1 3 5 0 10 2 2 3 3 1 1 2 3 1 3 1 2 1 330 3 3 4
1 0 0 0 0 1 1 0 11 4 3 2 5 5 6 3 8 2 1 3 2 1 2 3 3 1 2 1 345 2 3 3
2 3 3 0 0 0 1 11 0 0 4 6 0 0 1 4 7 3 2 1 3 2 2 1 3 4 0.54545454545454541 5 0.27272727272727271 6 0.1818181818181818 285 2 3 2
7 11 0 3 5 4 1 0 4 2 3 0 4 0 0 0 5 2 2 1 2 1 1 1 1 288 2 3 0
5 11 3 0 7 4 0 0 2 1 3 0 3 0 2 1 9 3 3 1 1 3 3 2 2 2 1 1 1 339 2 3 4
0 1 0 2 2 3 1 0 5 3 1 0 8 11 3 0 8 1 3 3 3 1 3 2 2 1 2 1 319 2 2 4
2 11 5 3 0 3 4 2 0 3 0 0 0 1 0 0 1 3 1 1 1 300 0 0 1
0 2 0 3 0 0 1 1 0 0 6 5 1 2 7 11 3 3 2 2 1 1 1 309 0 2 1
0 11 6 3 2 4 3 2 0 0 0 1 2 0 3 0 3 1 3 3 1 1 1 288 1 0 2
2 0 0 1 3 6 3 0 3 6 2 0 1 6 11 0 3 3 2 1 1 3 1 370 1 1 1
1 3 11 0 1 5 7 0 2 3 4 0 0 0 3 3 7 2 2 2 2 1 1 3 1 1 1 345 2 4 1
3 0 2 0 11 3 0 3 5 4 2 0 4 2 0 0 5 1 1 3 2 1 1 1 1 322 3 1 1
0 1 2 0 6 3 4 2 11 1 2 1 2 1 0 0 0 1 3 1 317 0 0 0
6 5 0 0 7 6 1 0 11 4 2 2 0 2 1 0 4 2 1 3 3 1 1 1 335 1 1 2
1 0 0 0 3 3 0 3 5 3 1 0 4 11 7 0 4 3 2 2 1 1 2 1 322 1 2 1
1 0 2 0 6 0 3 0 3 3 4 3 3 11 7 0 11 3 2 2 2 1 3 2 1 1 1 3 1 3 1 337 4 4 3
0 2 1 0 0 3 0 2 4 6 0 0 11 5 5 3 3 1 1 2 1 3 1 299 2 1 0
0 5 3 11 2 1 7 5 0 0 4 4 1 0 0 0 7 3 3 1 2 2 3 2 1 1 1 264 1 3 3
0 0 2 0 0 0 0 1 4 2 7 5 4 11 5 3 5 3 3 2 1 1 3 4 0.54545454545454541 5 0.27272727272727271 6 0.1818181818181818 349 2 1 2
0 2 0 0 0 3 0 0 2 1 0 0 0 11 7 4 5 3 1 1 1 2 1 2 1 334 3 1 1
0 0 11 3 0 2 5 6 0 0 5 3 1 3 3 0 7 2 3 2 3 1 2 1 1 1 1 341 2 3 2
4 6 11 0 4 5 3 0 4 4 3 0 2 3 0 1 11 1 1 1 3 3 3 1 2 2 2 2 1 3 1 362 4 4 3
3 1 0 0 2 2 2 2 4 3 0 0 1 6 11 4 1 1 1 1 1 311 1 0 0
3 0 0 0 11 6 3 2 6 5 3 0 5 3 3 0 6 1 3 2 1 2 3 1 1 1 325 2 2 2
11 2 2 0 7 7 0 2 5 4 0 0 3 0 0 0 7 1 2 1 1 1 3 3 1 3 1 354 4 1 2
2 2 0 0 0 5 1 0 6 6 4 2 11 3 3 1 10 2 1 3 1 1 2 1 3 3 3 1 2 1 327 4 2 4
0 0 2 3 0 0 4 3 0 0 5 5 2 1 6 11 9 2 1 1 3 2 3 3 1 1 1 2 1 327 4 2 3
0 4 11 1 1 2 4 4 0 3 6 2 0 2 1 0 1 3 1 3 1 315 0 0 1
3 11 3 5 1 5 3 0 1 3 0 0 3 0 1 0 4 3 3 2 2 1 2 1 335 0 2 2
0 2 0 0 11 4 1 4 7 5 4 1 5 3 2 0 1 1 1 2 1 302 1 0 0
0 0 1 0 1 0 2 0 0 0 3 3 4 3 6 11 10 1 1 2 3 1 3 3 2 3 2 1 2 1 293 3 3 4
0 0 3 2 0 0 4 7 3 7 5 8 2 1 11 6 9 1 2 1 1 2 3 3 2 3 1 1 1 333 3 3 3
0 0 3 0 0 5 0 6 3 4 5 2 0 3 11 1 11 2 3 3 2 1 1 1 1 3 3 2 1 2 1 340 4 3 4
11 6 0 1 4 7 0 0 4 2 1 0 0 3 0 0 10 2 1 2 3 2 3 3 3 1 2 1 1 1 304 2 4 4
6 11 0 3 4 5 1 0 4 3 0 0 3 0 1 0 8 2 1 3 2 2 2 1 3 1 3 1 344 2 4 2
3 4 11 3 5 4 0 0 4 2 4 2 0 0 3 0 3 1 1 2 1 1 1 324 2 1 0
5 1 4 0 5 0 0 0 11 1 0 3 4 3 1 0 3 2 3 2 1 2 1 305 0 2 1
0 0 0 3 2 1 3 0 11 5 2 1 7 4 4 4 6 1 1 1 2 3 2 1 2 1 343 3 2 1
0 1 0 0 0 2 0 0 1 2 0 4 0 3 6 11 5 3 3 2 3 3 1 1 1 308 0 1 4
0 0 1 2 1 3 3 3 2 5 3 5 0 0 11 7 11 3 1 3 1 1 2 3 1 3 2 2 1 2 1 363 4 3 4
0 3 5 6 3 3 7 11 1 2 3 4 1 0 1 0 7 3 3 3 1 2 2 2 1 3 1 364 1 3 3
0 0 11 4 0 4 7 1 2 0 4 2 0 2 1 0 10 2 2 1 1 3 1 3 3 3 2 1 1 1 303 3 3 4
3 3 2 1 0 0 4 5 1 4 6 11 0 3 0 0 5 1 2 3 2 1 1 2 1 311 2 2 1
0 1 11 5 1 2 5 4 1 3 4 5 0 0 0 3 5 1 2 2 3 3 1 2 1 333 1 2 2
3 1 0 0 11 3 0 0 8 5 0 0 6 4 3 3 1 2 1 3 1 336 0 1 0
1 3 0 0 0 5 7 3 11 3 3 0 6 5 1 2 9 1 3 2 2 3 2 3 2 1 1 1 1 341 2 4 3
0 0 0 1 1 4 2 5 0 4 3 6 4 0 6 11 5 3 1 1 2 2 1 2 1 291 2 2 1
0 1 2 2 3 1 2 4 1 11 7 1 3 5 2 4 11 3 1 1 2 1 3 3 2 1 2 3 1 2 1 293 4 3 4
2 3 4 5 0 3 6 7 2 1 0 11 0 0 1 0 11 3 1 1 3 2 1 2 2 3 3 2 1 1 1 271 3 4 4
11 5 0 3 7 6 4 0 2 3 2 0 1 0 2 0 5 3 1 1 2 3 1 1 1 332 2 1 2
0 2 0 0 0 3 1 1 3 2 6 4 1 0 3 11 6 2 1 2 3 3 1 1 2 1 331 2 2 2
4 3 3 2 6 5 3 0 11 1 0 0 2 0 0 0 10 1 3 1 2 2 3 2 1 1 3 1 3 1 305 4 3 3
11 6 3 3 5 1 0 2 2 0 0 0 1 0 0 0 4 3 2 3 1 1 3 1 326 1 1 2
1 4 6 11 0 3 7 6 0 0 0 4 0 0 3 0 8 3 2 3 1 2 1 1 2 1 2 1 330 3 3 2
11 7 7 1 6 4 4 3 1 0 1 0 0 2 0 0 2 2 2 3 4 0.54545454545454541 5 0.27272727272727271 6 0.1818181818181818 349 0 2 0
1 2 11 7 1 4 5 4 2 3 4 3 0 2 0 0 1 1 1 3 1 304 1 0 0
0 0 0 3 0 3 11 3 6 3 4 1 3 3 3 2 11 1 1 3 2 3 3 2 2 3 1 2 1 1 1 330 3 4 4
2 3 11 0 1 1 5 3 0 3 3 1 0 0 2 0 10 2 2 2 2 1 1 1 3 3 3 1 3 1 304 3 4 3
6 4 4 3 11 5 2 0 2 4 0 0 0 1 0 3 9 2 1 2 2 3 3 3 1 1 1 1 1 319 3 3 3
7 2 1 3 11 5 3 0 3 4 0 0 3 1 0 0 0 1 2 1 325 0 0 0
4 4 11 3 5 6 3 0 4 3 0 0 0 1 2 0 8 1 2 2 1 3 1 3 3 1 2 1 330 3 2 3
4 2 3 3 11 4 1 0 7 7 0 0 7 0 0 0 0 1 3 1 362 0 0 0
1 11 6 0 2 4 4 1 0 0 5 3 0 0 0 2 9 2 2 3 3 1 1 3 2 3 1 1 1 249 2 3 4
2 5 11 4 1 5 4 2 0 3 1 1 0 0 1 3 1 2 1 2 1 316 0 1 0
0 1 1 2 1 3 4 3 0 2 5 3 0 3 8 11 7 2 3 1 2 3 1 3 1 2 1 274 2 2 3
0 0 3 1 0 5 2 6 0 4 4 7 2 1 5 11 9 3 3 3 2 2 1 2 3 1 1 1 1 343 2 3 4
1 0 6 11 2 2 3 1 0 0 3 4 0 3 0 2 3 2 1 3 1 1 1 302 1 1 1
3 3 0 0 11 3 1 2 5 4 1 0 2 3 5 0 0 3 6 0.1818181818181818 7 0.27272727272727271 8 0.54545454545454541 337 0 0 0
0 2 1 0 6 0 1 4 0 11 6 2 2 4 1 4 9 1 1 3 3 2 1 3 2 3 1 2 1 317 3 2 4
3 3 0 0 0 5 3 2 5 6 4 2 11 3 1 0 2 1 3 1 3 1 294 1 0 1
0 3 0 0 3 0 5 0 3 3 3 11 2 0 1 4 11 1 2 3 2 1 3 1 3 1 3 2 1 2 1 301 4 3 4
3 4 11 4 0 5 4 4 7 0 0 3 0 0 1 0 8 1 2 1 3 1 2 3 2 1 2 1 297 3 3 2
3 0 0 3 3 1 0 0 4 5 4 0 5 11 2 0 11 2 2 3 1 1 3 2 2 1 3 3 1 1 1 327 3 4 4
0 1 0 0 3 0 2 0 1 3 3 6 4 11 4 4 7 1 2 1 2 2 3 3 1 3 1 264 2 3 2
0 3 11 3 2 1 3 1 3 5 3 4 2 1 0 3 5 2 1 2 2 3 1 1 1 318 1 3 1
0 0 3 0 0 0 1 11 0 2 4 5 1 3 4 4 0 1 2 1 300 0 0 0
4 11 8 6 3 1 4 6 1 3 6 2 0 1 0 0 3 2 1 2 1 2 1 339 1 2 0
0 1 0 0 0 0 2 4 3 5 3 3 1 4 11 4 4 3 3 2 1 1 2 1 311 1 1 2
2 3 2 0 3 6 1 0 11 3 3 0 3 3 4 7 6 3 2 1 1 2 1 1 3 1 319 3 2 1
0 0 3 7 1 0 3 0 2 6 1 0 7 6 11 0 3 2 3 2 1 1 1 315 0 2 1
3 3 0 1 11 4 0 0 6 1 0 0 3 3 2 0 9 2 2 3 1 2 2 3 1 1 1 3 1 351 3 4 2
2 3 11 6 5 0 6 2 0 0 0 4 0 0 0 1 1 3 1 1 1 284 0 0 1
0 2 3 2 0 0 6 4 1 3 5 11 0 0 3 4 7 3 2 1 3 2 3 1 1 1 1 328 2 2 3
0 1 2 0 3 3 3 0 1 11 2 3 3 1 6 5 9 1 3 1 2 1 2 2 3 2 1 3 1 361 3 4 2
2 11 3 3 3 6 4 0 1 1 4 3 0 2 4 0 11 1 3 2 2 3 1 2 3 1 1 2 1 3 1 307 4 4 3
2 1 3 2 0 5 4 2 11 6 1 3 4 3 3 2 9 3 1 2 1 1 3 1 3 3 1 2 1 287 4 1 4
0 0 0 2 0 2 3 0 0 1 6 6 2 5 5 11 6 2 3 1 1 3 1 1 3 1 288 3 1 2
3 0 6 11 0 0 6 5 0 3 5 3 1 3 1 3 5 3 2 2 1 3 1 2 1 287 1 2 2
5 11 0 2 3 5 4 3 2 0 0 0 3 0 1 0 10 3 3 1 1 2 3 1 2 3 1 1 2 1 339 4 2 4
4 1 3 0 11 4 2 0 5 5 4 1 3 0 3 0 5 2 1 1 3 2 1 2 1 299 2 2 1
1 0 0 2 0 3 1 4 3 4 4 3 4 7 11 2 7 2 3 2 2 1 1 1 1 3 1 320 3 3 1
3 11 1 0 4 3 3 0 3 3 7 3 0 7 2 0 10 1 2 2 1 2 3 1 1 2 3 1 3 1 327 4 4 2
1 7 11 0 2 4 6 5 0 1 2 0 0 0 3 1 3 2 2 3 1 1 1 368 0 2 1
1 1 3 2 0 0 4 3 0 0 0 6 0 1 3 11 1 2 1 2 1 316 0 1 0
0 0 3 4 0 0 5 6 0 3 3 11 3 2 2 3 3 1 2 1 1 1 1 314 2 1 0
0 2 0 0 1 3 2 6 11 4 0 3 5 2 1 0 1 3 1 1 1 340 0 0 1
0 1 0 0 2 0 0 0 11 6 3 2 4 3 3 3 0 1 1 1 335 0 0 0
11 6 1 1 6 1 4 0 0 4 2 6 0 0 4 2 4 1 3 3 2 1 2 1 347 1 1 2
3 6 11 4 5 3 4 0 1 3 0 3 1 0 0 0 3 3 2 3 1 2 1 312 0 1 2
0 0 2 4 0 3 6 6 3 4 7 11 0 0 0 3 7 2 1 2 2 1 3 1 1 1 1 287 3 3 1
4 0 3 0 4 4 0 3 11 5 1 0 1 3 2 0 4 2 1 3 3 1 2 1 335 1 1 2
6 5 2 1 11 4 4 1 0 0 3 0 0 3 2 0 11 1 3 3 2 2 1 3 1 2 2 1 1 3 1 273 4 4 3
0 0 0 3 0 0 3 11 0 4 4 6 1 2 1 2 11 2 1 1 1 1 3 3 2 3 2 3 1 2 1 316 4 3 4
0 0 1 0 2 0 4 0 11 5 2 1 6 6 4 3 4 1 3 2 3 3 5 0.37499999999999994 6 0.24999999999999994 7 0.37499999999999994 345 1 1 2
4 2 1 3 11 3 4 0 0 6 3 0 0 5 2 0 5 2 3 1 1 3 3 6 0.1818181818181818 7 0.27272727272727271 8 0.54545454545454541 314 2 1 2
0 3 4 5 3 1 3 11 0 0 4 0 0 0 3 2 7 2 1 3 3 1 2 1 1 2 1 329 3 2 2
3 1 0 0 11 2 3 2 6 4 0 0 3 3 3 0 10 2 1 3 3 1 2 3 2 1 1 1 3 1 349 4 3 3
5 1 3 2 8 3 4 0 11 1 3 2 0 4 0 3 11 3 1 3 2 1 2 2 1 2 3 1 1 3 1 276 4 4 3
1 0 3 0 0 0 4 3 0 1 3 5 0 3 5 11 7 2 1 3 2 3 1 2 1 2 1 297 2 3 2
0 3 2 0 0 1 0 0 3 5 3 4 11 7 3 1 6 2 1 1 2 2 3 1 3 1 313 2 3 1
3 4 0 0 5 5 3 6 11 3 3 0 0 0 3 0 3 3 2 3 1 1 1 303 0 1 2
6 3 0 0 4 5 0 0 11 1 0 2 2 5 3 1 2 1 3 1 2 1 279 1 0 1
5 2 3 0 3 6 4 0 11 1 4 3 0 3 0 3 9 3 1 2 1 2 2 3 1 1 1 2 1 343 4 3 2
3 2 0 3 6 4 1 1 11 1 3 0 0 0 0 2 0 1 2 1 335 0 0 0
11 3 2 0 4 6 4 2 1 3 0 1 1 2 0 0 0 1 3 1 318 0 0 0
7 11 1 0 5 3 0 0 3 0 0 0 3 0 2 2 7 3 2 2 1 1 1 3 1 3 1 288 3 2 2
0 1 0 0 0 3 1 2 0 4 3 3 2 11 6 3 5 3 2 2 1 3 1 1 1 297 1 2 2
2 3 4 2 5 3 4 1 2 0 11 3 0 0 0 3 2 1 3 1 1 1 324 1 0 1
3 6 1 0 6 4 2 0 1 3 11 2 1 2 2 3 8 1 2 3 3 1 1 2 3 3 4 0.54545454545454541 5 0.27272727272727271 6 0.1818181818181818 332 3 2 3
3 3 0 0 11 5 3 0 4 6 4 0 4 3 2 1 9 3 1 2 2 3 3 2 3 1 1 1 1 351 2 3 4
0 0 1 0 0 0 3 3 2 3 1 4 3 2 11 5 11 1 3 3 1 2 2 2 3 3 2 1 1 1 1 304 3 4 4
3 0 0 0 4 3 2 0 4 5 3 0 11 5 0 1 9 3 1 2 3 1 1 2 2 3 3 4 0.54545454545454541 5 0.27272727272727271 6 0.1818181818181818 321 3 3 3
0 0 6 0 2 2 11 0 5 1 4 3 2 3 4 0 6 1 2 1 1 2 3 1 1 1 314 3 2 1
2 11 7 4 0 5 5 8 0 3 3 1 0 2 0 0 0 1 1 1 304 0 0 0
1 0 1 2 3 5 3 1 2 3 6 3 0 2 11 3 8 2 2 1 3 3 3 1 2 1 1 1 318 2 3 3
1 0 3 0 0 0 1 3 1 0 3 4 0 11 7 4 4 2 3 2 2 1 3 1 314 0 3 1
3 7 3 0 5 6 2 0 11 5 0 3 2 0 0 0 6 1 1 3 2 1 1 1 2 1 334 4 1 1
0 2 4 6 0 4 6 8 3 2 4 11 5 0 1 0 1 1 1 3 1 309 1 0 0
0 0 11 6 0 0 5 4 2 2 1 2 0 0 3 3 8 1 2 1 3 1 1 2 3 1 3 1 301 4 2 2
0 3 3 11 2 3 7 7 0 4 5 5 0 1 1 0 7 2 3 1 2 2 1 3 1 3 1 334 2 3 2
3 0 3 1 0 3 6 6 2 4 3 11 0 2 0 0 9 1 1 3 2 3 2 2 3 1 1 1 1 320 3 3 3
5 4 11 7 4 6 3 0 3 5 0 0 0 0 2 0 10 3 1 2 1 3 1 1 2 3 3 1 2 1 306 4 2 4
0 2 2 2 0 4 4 0 4 7 0 0 11 5 5 0 7 1 3 1 2 1 3 1 3 5 0.37499999999999994 6 0.24999999999999994 7 0.37499999999999994 288 4 1 2
0 3 2 4 0 4 3 1 0 3 11 4 1 3 0 3 7 2 3 3 1 3 2 1 1 2 1 319 2 2 3
3 0 1 4 0 2 6 4 0 4 4 11 0 0 2 3 5 3 1 2 3 3 1 1 1 324 1 1 3
3 1 0 0 3 1 0 0 7 6 2 3 11 5 3 1 2 3 2 1 2 1 372 0 1 1
1 2 0 7 2 11 5 3 5 4 5 0 0 6 0 0 7 3 1 2 3 3 1 1 1 2 1 341 3 1 3
0 0 11 4 0 4 5 4 2 1 3 5 0 0 0 3 9 3 1 2 2 3 3 1 2 1 1 3 1 328 3 3 3
0 6 3 0 0 0 2 6 2 0 4 11 0 4 1 3 9 2 2 1 3 1 3 1 1 3 1 2 1 340 4 2 3
2 0 3 0 0 0 1 1 2 3 3 5 3 11 6 4 1 3 1 3 1 356 0 0 1
3 2 3 2 11 1 3 0 5 4 2 0 1 4 1 0 8 2 1 3 2 2 1 3 1 1 3 1 332 3 3 2
4 4 0 2 7 6 4 1 11 2 0 0 1 0 0 0 4 3 2 3 1 1 3 1 337 1 1 2
3 11 0 0 3 6 5 4 4 2 3 0 1 0 2 1 10 1 2 3 3 1 2 1 3 2 3 3 4 0.54545454545454541 5 0.27272727272727271 6 0.1818181818181818 294 3 3 4
4 0 0 0 3 5 3 4 11 5 0 3 3 2 1 0 7 1 3 2 1 3 2 1 1 2 1 322 3 2 2
4 1 11 3 2 5 5 3 1 3 3 4 3 0 0 0 4 3 1 2 2 1 3 1 312 1 2 1
3 4 3 0 6 3 4 0 3 2 11 7 2 3 3 0 1 1 1 1 1 306 1 0 0
0 0 0 1 2 0 4 0 1 4 6 11 3 1 2 3 10 3 2 1 3 3 2 1 2 3 2 1 1 1 339 2 4 4
1 4 2 0 4 5 3 0 3 7 4 1 3 7 11 0 10 2 3 1 3 2 3 2 2 3 1 1 1 1 350 2 4 4
0 0 3 0 1 5 3 2 2 4 1 0 11 7 3 3 8 2 1 3 3 1 3 2 2 1 1 1 335 2 3 3
1 4 0 2 4 3 6 0 11 2 1 0 3 3 0 0 9 2 1 2 3 1 3 2 1 3 1 3 1 320 3 3 3
0 0 3 3 0 0 2 1 0 0 3 3 11 7 7 1 9 2 3 1 1 2 2 3 2 1 1 3 1 297 3 4 2
0 0 6 11 1 0 5 4 0 2 4 3 0 1 3 3 10 1 2 1 3 3 2 2 1 2 3 1 3 1 307 3 4 3
1 6 11 0 2 5 3 0 0 3 1 0 3 0 1 1 5 3 2 2 3 2 1 3 1 334 0 3 2
1 2 2 3 3 2 3 1 7 6 3 2 11 0 0 0 3 3 3 1 1 1 1 313 1 0 2
0 0 3 3 3 11 6 0 2 3 5 3 0 1 3 3 6 2 2 1 2 1 3 1 1 1 298 2 3 1
0 0 3 0 0 11 3 0 6 5 4 3 7 2 1 4 11 3 2 3 3 1 1 2 2 1 3 2 1 1 1 320 3 4 4
11 6 1 0 5 3 0 0 0 4 0 2 1 3 0 0 3 1 3 2 1 2 1 302 1 1 1
4 3 3 0 4 4 0 1 11 6 0 0 6 0 0 0 1 3 1 2 1 317 0 0 1
4 2 2 0 11 5 0 1 6 3 5 0 4 3 0 0 0 1 1 1 313 0 0 0
5 8 11 0 1 4 5 6 1 6 5 0 0 1 0 0 8 2 3 2 2 2 1 3 3 1 3 1 301 1 4 3
0 2 1 2 3 5 7 5 3 1 2 11 3 4 3 6 8 3 2 1 3 1 2 2 1 1 1 1 345 3 3 2
0 1 3 4 2 0 6 11 0 0 3 5 0 0 1 4 2 2 3 1 3 1 291 0 1 1
0 2 0 0 11 3 1 0 6 6 2 2 3 4 3 0 3 1 1 3 1 3 1 347 2 0 1
0 0 0 3 4 0 1 2 11 3 0 0 5 5 0 0 7 2 1 2 1 2 1 3 1 3 1 308 3 3 1
0 3 6 7 3 2 1 11 3 0 6 0 2 0 5 0 10 2 3 3 1 2 1 3 2 3 1 1 1 1 299 3 3 4
11 6 1 2 4 4 2 0 1 4 3 0 2 0 1 0 11 3 3 1 2 3 1 3 2 1 2 2 1 1 1 286 3 4 4
1 2 1 3 11 4 3 0 6 5 3 2 0 3 0 0 11 1 3 2 2 3 3 2 1 1 1 2 1 3 1 304 4 4 3
7 11 3 3 2 2 4 2 1 0 0 0 1 0 0 0 2 1 2 1 1 1 281 1 1 0
5 0 0 0 3 2 5 6 11 5 0 3 3 1 3 1 5 2 3 3 1 3 1 2 1 317 1 1 3
0 3 2 0 0 0 2 0 3 4 3 4 3 11 6 3 6 1 2 1 1 2 1 1 3 1 320 4 2 0
2 3 0 0 3 4 1 0 6 4 4 0 3 7 11 3 6 2 2 3 1 1 3 1 3 1 333 2 2 2
0 3 5 6 2 1 6 11 0 3 4 0 1 0 0 0 0 1 2 1 313 0 0 0
0 0 2 0 0 1 4 0 0 3 5 11 3 1 2 6 11 1 1 2 3 3 1 1 3 2 2 3 1 2 1 329 4 3 4
3 2 2 1 0 0 3 4 3 4 3 5 0 0 11 6 3 2 1 3 1 1 1 312 1 1 1
1 3 5 0 3 4 4 2 4 11 1 3 2 3 3 0 5 2 1 1 3 2 3 6 0.1818181818181818 7 0.27272727272727271 8 0.54545454545454541 321 2 2 1
0 3 1 3 0 4 1 2 1 3 5 2 2 6 11 3 6 3 2 1 3 1 3 1 2 1 299 2 1 3
0 0 2 0 2 3 0 3 5 4 0 2 1 6 11 3 7 1 2 3 3 2 1 1 1 1 1 319 3 2 2
3 0 0 0 4 3 2 0 3 7 5 3 1 3 11 1 7 1 2 1 2 3 3 3 1 2 1 365 2 2 3
3 0 3 1 0 0 3 3 0 1 5 1 0 6 11 6 3 2 2 2 1 3 1 332 0 3 0
0 3 3 5 0 3 3 11 0 0 6 4 2 2 5 0 9 1 2 3 1 3 3 3 1 2 1 1 1 317 3 2 4
2 2 4 1 11 6 1 0 7 4 5 0 4 0 0 2 10 1 1 1 3 3 2 2 3 3 1 1 2 1 319 4 2 4
0 3 2 0 11 6 0 0 4 4 5 0 4 1 2 3 9 2 3 1 1 1 3 1 2 3 1 2 1 267 4 2 3
6 5 2 3 0 11 5 2 0 3 3 0 3 0 2 0 3 1 3 1 1 1 1 291 2 0 1
1 5 0 0 2 5 0 1 4 5 2 5 6 8 11 0 1 3 1 3 1 297 0 0 1
4 3 0 1 5 3 0 0 11 4 1 0 2 0 0 0 8 1 2 3 3 3 2 1 3 1 2 1 274 2 2 4
0 0 2 0 0 1 3 0 3 1 5 3 2 11 6 0 3 3 1 3 1 2 1 309 1 0 2
0 1 0 0 0 3 0 3 2 3 5 3 3 11 7 2 1 3 1 1 1 339 0 0 1
0 2 0 1 0 0 4 3 0 3 5 4 3 0 11 7 8 1 2 1 3 1 3 3 2 1 2 1 297 3 2 3
0 0 0 1 1 4 6 11 0 4 7 7 0 3 3 4 9 2 2 3 1 3 2 3 2 3 1 1 1 313 1 4 4
1 0 0 0 6 0 0 0 0 4 4 3 3 5 11 4 7 2 1 2 3 3 2 3 1 1 1 329 1 3 3
0 0 0 3 3 0 1 1 11 4 0 0 7 3 3 2 9 2 2 2 1 2 3 3 1 1 1 3 1 307 3 4 2
0 4 3 0 0 6 3 3 0 1 5 2 2 3 11 3 4 1 2 3 1 1 3 1 309 2 1 1
1 0 0 1 4 5 2 3 0 2 5 11 0 3 3 3 11 2 1 1 3 1 3 2 1 3 2 3 1 2 1 327 4 3 4
1 7 3 1 0 11 2 2 0 4 2 0 0 1 0 0 2 2 3 1 1 1 324 0 1 1
0 7 11 3 0 1 3 5 2 2 4 3 0 0 3 3 7 3 3 1 2 1 2 1 1 3 1 297 3 2 2
1 0 1 0 2 3 0 0 6 3 0 0 11 7 0 3 4 2 2 3 1 1 3 1 326 1 2 1
7 5 1 2 11 4 3 3 0 0 0 1 2 0 0 1 4 2 3 3 2 1 1 1 313 0 2 2
1 2 0 0 11 6 3 0 5 3 4 0 4 2 1 3 3 1 3 2 1 3 1 303 1 1 1
1 0 3 0 0 0 4 2 3 4 6 0 2 2 1 11 1 1 1 3 1 335 1 0 0
0 0 1 0 2 5 0 0 11 6 0 0 3 3 4 5 7 3 1 1 3 2 1 2 1 2 1 322 3 2 2
2 3 3 2 6 5 1 0 11 4 0 0 1 3 0 0 0 1 3 1 328 0 0 0
0 3 2 6 1 2 1 11 0 0 3 5 0 3 3 2 7 1 3 1 2 2 3 1 1 3 1 354 3 2 2
1 0 11 6 0 3 1 5 0 2 2 4 0 0 0 4 0 1 3 1 313 0 0 0
11 3 3 0 6 6 3 1 0 4 2 0 3 3 0 0 11 2 1 1 3 2 3 3 3 1 2 2 1 1 1 341 3 4 4
3 0 3 4 0 1 5 4 0 0 4 11 0 3 4 7 0 1 2 1 294 0 0 0
11 4 4 3 6 5 2 0 0 2 0 1 0 0 3 0 0 1 1 1 318 0 0 0
5 5 4 0 3 11 5 1 0 0 3 2 3 0 0 0 11 2 1 2 2 1 3 2 1 3 3 1 1 3 1 328 4 4 3
3 2 4 3 11 4 3 1 0 6 0 0 0 2 3 0 9 3 2 1 2 1 3 3 1 2 1 1 1 306 3 3 3
0 3 0 3 11 7 3 3 6 4 0 0 1 5 4 0 8 2 1 2 3 1 3 2 1 1 2 1 298 3 3 2
3 0 0 3 11 0 2 0 7 5 3 1 5 1 3 0 6 2 2 3 1 1 3 1 2 1 285 2 2 2
0 4 6 11 3 3 4 3 0 0 0 2 0 0 0 2 5 2 1 1 1 3 1 3 1 333 3 1 1
0 1 1 2 4 0 0 0 5 4 3 0 7 11 0 0 7 2 3 1 3 3 1 2 1 2 1 304 2 2 3
0 0 5 3 0 0 5 5 1 2 1 11 0 2 0 3 8 3 3 1 2 1 2 3 2 1 1 1 320 2 3 3
3 0 5 0 2 0 6 0 2 4 4 11 0 1 3 5 9 3 3 1 2 1 1 1 3 2 1 2 1 327 4 2 3
3 0 0 0 3 1 0 2 3 5 0 2 4 5 11 3 0 1 1 1 316 0 0 0
0 4 4 11 1 0 6 7 0 2 4 0 0 2 1 0 7 2 1 1 3 3 3 3 1 2 1 365 2 1 4
0 1 6 5 1 0 4 11 0 0 0 4 0 0 0 3 5 3 2 2 2 1 1 3 1 312 1 3 1
0 0 11 6 3 0 4 5 0 0 4 4 0 2 1 3 0 1 3 1 280 0 0 0
4 3 1 2 11 5 4 3 4 6 3 3 2 1 0 0 11 2 1 3 1 2 3 2 2 1 3 3 1 1 1 294 3 4 4
0 2 3 4 0 0 5 5 0 0 1 11 3 0 2 1 11 3 1 2 1 3 2 2 2 1 3 3 1 1 1 304 3 4 4
11 4 4 0 3 7 5 3 0 0 2 2 0 3 0 0 8 2 1 1 3 3 1 3 2 1 1 1 328 3 2 3
0 0 2 3 2 4 1 6 0 2 11 3 1 4 2 4 1 1 1 1 1 282 1 0 0
2 0 0 0 11 1 0 0 7 5 0 0 4 3 1 3 0 1 2 1 316 0 0 0
0 1 0 0 0 0 5 3 3 4 4 11 0 1 2 5 9 3 1 1 2 2 1 3 3 2 1 2 1 305 3 3 3
3 1 0 0 4 2 0 0 7 4 3 3 6 11 0 0 9 2 2 1 2 2 1 3 1 1 1 3 1 328 4 4 1
0 2 0 3 2 3 3 2 5 5 1 1 11 2 0 0 2 1 3 1 1 1 313 1 0 1
0 0 1 0 0 3 2 0 5 5 4 1 3 6 11 3 7 2 3 3 1 2 1 2 1 3 1 319 2 3 2
2 3 0 0 11 6 3 2 8 4 3 0 3 3 5 4 4 3 3 1 3 1 1 1 315 1 0 3
0 0 3 0 3 0 3 3 4 4 0 0 6 11 3 0 8 1 1 2 2 2 1 3 2 1 1 1 306 3 4 1
1 0 0 0 4 2 0 0 4 5 4 0 7 11 2 1 11 2 3 1 2 3 2 1 1 3 2 3 1 1 1 336 3 4 4
6 0 1 0 4 2 3 0 2 3 11 0 1 5 3 3 5 2 1 2 1 3 1 3 1 358 2 2 1
0 1 0 11 0 3 4 5 3 0 3 5 0 0 3 5 5 1 2 2 2 3 1 1 1 332 1 3 1
0 0 11 7 0 0 5 6 0 3 1 4 3 0 2 1 0 1 2 1 314 0 0 0
3 0 1 1 11 3 2 0 5 3 4 0 3 5 3 0 5 1 2 3 1 2 1 2 1 325 2 2 1
1 4 5 1 3 4 4 5 0 0 0 11 0 0 3 3 2 3 2 1 2 1 335 0 1 1
0 2 0 3 2 5 5 3 0 3 11 3 0 3 3 4 1 1 1 1 1 302 1 0 0
3 1 6 11 3 5 3 5 0 3 3 0 0 1 2 0 5 1 2 2 3 2 1 1 1 308 1 3 1
2 0 2 0 3 1 3 1 3 2 4 6 0 0 3 11 10 3 1 1 2 2 2 3 3 1 1 1 3 1 338 4 3 3
0 5 11 3 4 3 4 3 0 3 3 0 3 1 0 0 5 1 2 2 3 1 1 2 1 288 2 2 1
1 3 2 3 2 3 4 0 3 11 6 0 5 0 1 3 0 1 3 1 315 0 0 0
3 6 11 3 3 4 3 3 1 0 2 0 0 0 0 2 10 1 2 3 3 1 3 1 2 1 2 1 3 1 338 4 3 3
3 2 3 0 11 5 2 3 6 1 4 1 3 1 0 0 4 2 3 1 3 1 2 1 298 1 1 2
1 2 0 2 0 1 3 5 1 3 5 7 0 0 4 11 7 1 3 2 1 2 2 3 1 3 1 300 2 3 2
0 1 4 4 2 5 11 2 0 3 0 4 3 0 0 3 5 3 1 1 1 2 1 2 1 319 3 1 1
0 2 0 0 0 1 2 1 0 5 4 4 2 11 6 3 6 1 1 2 3 3 2 1 1 1 330 2 2 2
0 0 6 11 0 3 6 7 0 3 3 5 2 1 0 3 9 1 3 1 2 1 3 3 2 3 1 2 1 332 3 2 4
2 5 1 3 0 2 11 1 3 2 4 6 0 0 1 1 5 3 3 3 2 2 1 1 1 322 0 2 3
0 1 0 0 0 3 4 3 2 6 4 2 0 11 7 1 11 1 3 1 2 3 3 2 2 2 1 3 1 1 1 342 3 4 4
3 11 6 3 0 4 5 5 2 1 0 3 0 2 0 0 2 1 1 1 2 1 311 2 0 0
7 5 4 4 11 3 3 0 0 1 0 0 0 3 0 2 1 3 1 3 1 262 0 0 1
0 0 0 3 3 6 11 0 3 5 5 6 3 3 3 0 11 1 2 2 3 1 3 3 2 1 1 3 1 2 1 290 4 3 4
1 0 0 0 3 2 4 2 5 5 4 0 3 11 4 1 11 3 3 1 2 3 1 1 3 2 2 1 1 2 1 292 4 3 4
2 2 2 1 1 4 0 0 5 2 3 0 5 11 0 0 6 2 3 1 3 1 1 3 5 0.37499999999999994 6 0.24999999999999994 7 0.37499999999999994 294 3 1 2
1 4 4 4 0 6 5 4 0 11 7 3 0 2 0 0 11 1 3 2 3 3 1 2 3 2 1 1 1 2 1 306 4 3 4
0 3 3 6 3 3 5 11 0 0 4 3 0 3 0 0 9 3 3 2 2 1 1 1 2 1 1 2 1 264 4 3 2
3 3 4 1 2 2 3 5 0 0 5 11 0 1 3 1 4 1 2 2 3 1 3 1 334 1 2 1
3 1 11 7 5 4 4 3 0 3 0 3 0 0 0 3 1 2 3 5 0.37499999999999994 6 0.24999999999999994 7 0.37499999999999994 308 0 1 0
0 0 2 0 2 3 2 1 4 1 5 6 3 11 5 3 0 1 1 1 312 0 0 0
0 2 3 1 0 4 11 2 3 6 5 3 0 4 0 1 3 3 1 3 1 2 1 314 1 0 2
3 3 5 7 0 1 4 11 0 0 3 3 2 0 1 0 0 1 2 1 318 0 0 0
0 0 2 0 1 11 0 1 6 5 3 0 4 3 2 0 2 1 3 1 2 1 292 1 0 1
5 3 3 2 11 5 0 0 7 4 4 3 0 5 3 0 8 1 2 2 3 2 1 1 3 1 1 1 298 3 3 2
0 0 0 1 11 3 2 2 3 5 0 0 2 0 4 3 1 1 1 1 1 311 1 0 0
0 0 1 0 4 0 3 3 0 4 5 3 0 11 5 2 5 2 3 1 3 2 1 1 1 278 1 2 2
5 11 0 0 3 4 7 5 1 5 0 4 2 2 2 2 3 1 3 1 1 1 1 290 2 0 1
3 11 6 0 3 6 3 0 0 0 1 6 0 0 2 0 11 1 1 2 2 3 1 3 2 3 2 1 1 3 1 314 4 4 3
5 4 2 0 11 6 1 0 3 3 1 2 0 0 1 0 4 1 3 3 2 1 2 1 282 1 1 2
3 1 2 3 11 4 3 0 6 5 2 3 0 0 3 0 5 1 1 3 2 1 1 2 1 332 3 1 1
3 0 5 11 0 3 4 5 0 3 3 4 0 0 3 3 9 1 2 2 3 1 1 2 2 3 1 1 1 315 3 4 2
0 4 0 3 3 3 11 1 7 3 5 2 0 6 4 4 7 3 3 2 2 1 2 1 1 1 1 309 2 3 2
4 5 11 2 1 4 4 2 2 3 1 3 3 0 0 0 9 1 1 3 1 2 2 2 3 1 1 3 1 345 4 3 2
0 0 1 2 0 3 4 3 2 0 5 6 0 1 1 11 1 3 1 2 1 323 0 0 1
3 4 11 3 1 4 6 5 0 0 3 2 0 0 2 0 4 3 1 1 2 1 3 1 299 2 1 1
3 2 6 11 0 5 1 3 0 0 3 2 0 0 1 1 2 3 3 1 2 1 311 0 0 2
0 2 0 5 3 2 3 6 3 0 11 3 2 4 3 1 7 3 3 2 1 2 1 1 1 1 1 319 3 2 2
0 2 1 0 0 3 6 0 11 4 4 0 6 5 3 2 6 2 3 1 2 1 1 1 3 1 287 3 2 1
1 7 11 1 5 7 1 0 0 1 3 0 0 3 2 0 4 2 3 3 2 1 2 1 347 0 2 2
4 3 2 4 11 3 2 3 1 6 0 0 4 3 0 0 6 1 2 3 3 1 1 1 2 1 287 3 1 2
2 0 1 0 0 0 1 0 0 3 4 2 3 4 6 11 8 2 3 3 2 1 2 1 1 1 3 1 307 3 3 2
0 1 1 2 0 0 5 5 2 0 3 11 0 4 3 3 9 1 3 3 3 2 3 2 2 1 1 1 1 341 2 3 4
1 2 3 0 0 2 4 0 3 7 4 3 0 7 11 3 0 1 1 1 294 0 0 0
4 1 3 1 11 2 2 0 2 6 5 0 3 3 0 1 1 3 1 3 1 322 0 0 1
3 4 3 0 11 6 1 0 6 1 1 2 0 0 2 0 1 3 1 2 1 346 0 0 1
7 11 1 3 5 4 2 0 1 3 5 3 1 2 0 0 3 3 2 1 1 2 1 348 1 1 1
3 4 7 11 0 4 3 6 0 0 0 2 0 1 0 0 9 2 2 1 3 3 3 1 1 3 1 2 1 344 3 2 4
0 0 0 3 3 3 5 11 1 7 3 7 0 0 5 3 3 3 1 2 1 2 1 326 1 1 1
0 11 6 1 0 5 1 2 2 3 2 4 0 3 0 0 4 1 2 3 3 1 1 1 288 1 1 2
1 5 0 0 7 7 3 4 11 4 4 1 0 1 0 7 7 1 2 2 3 3 2 2 1 3 1 321 1 4 2
0 2 0 0 1 3 1 2 0 4 3 3 3 11 6 4 11 1 1 2 2 3 2 3 2 3 1 3 1 1 1 305 3 4 4
0 1 0 0 0 2 3 0 2 3 5 4 0 5 11 3 5 1 2 1 3 1 1 2 1 308 3 1 1
0 1 2 0 0 4 3 0 1 0 4 11 3 3 6 5 1 3 1 2 1 279 0 0 1
6 11 1 2 4 3 4 3 3 1 3 0 2 0 0 0 11 3 3 2 2 1 2 2 1 1 3 1 1 3 1 316 4 4 3
0 0 0 1 2 2 4 4 2 5 5 5 1 1 11 3 11 2 3 1 1 3 2 1 1 3 3 2 1 2 1 340 4 3 4
0 1 0 0 0 2 1 4 2 4 3 8 7 5 6 11 3 1 3 2 1 3 1 322 1 1 1
0 3 6 11 0 5 1 3 0 2 3 1 1 0 0 1 6 2 2 2 3 3 2 1 1 1 319 0 4 2
0 0 0 1 2 1 3 11 0 0 6 6 0 3 4 1 7 2 3 2 3 3 1 3 1 2 1 305 1 2 4
0 1 4 11 2 2 5 4 3 0 2 1 0 0 0 1 5 3 3 1 1 2 1 2 1 344 2 1 2
11 6 3 3 6 5 0 0 3 4 0 0 0 0 1 0 10 1 1 1 3 3 2 2 2 2 3 3 4 0.54545454545454541 5 0.27272727272727271 6 0.1818181818181818 317 3 4 3
3 2 2 1 5 4 1 3 0 0 3 11 0 0 6 4 10 2 3 1 2 2 2 1 1 1 3 1 3 1 317 4 4 2
0 3 0 1 11 3 3 0 6 5 0 0 4 4 0 0 8 1 2 3 2 1 2 1 2 3 6 0.1818181818181818 7 0.27272727272727271 8 0.54545454545454541 331 3 4 1
0 6 11 5 4 0 6 5 0 1 4 0 0 2 1 0 3 1 3 2 1 2 1 326 1 1 1
2 0 1 0 1 2 4 0 3 5 3 6 2 11 7 3 9 1 1 3 3 2 3 2 1 1 1 2 1 296 4 2 3
0 4 3 2 2 0 4 11 0 3 6 3 0 0 7 3 9 1 2 3 3 1 3 1 1 2 1 3 1 318 4 2 3
0 0 0 3 0 2 11 3 6 3 4 3 1 5 3 3 10 2 3 1 1 3 1 3 2 2 2 1 1 1 342 3 4 3
4 4 5 0 7 5 3 0 11 4 0 2 2 3 0 0 1 1 1 1 1 349 1 0 0
0 11 5 3 2 4 5 4 0 2 4 3 0 1 3 0 8 1 2 3 1 2 3 2 1 1 1 1 310 3 3 2
0 0 1 0 4 0 0 0 5 7 3 3 5 8 11 0 7 2 3 2 1 2 3 1 1 3 1 335 2 3 2
0 3 0 3 0 2 1 0 0 2 4 3 1 4 6 11 10 2 3 2 1 2 2 1 1 3 3 1 1 1 326 3 4 3
0 0 3 0 3 1 5 4 0 5 11 1 3 4 3 3 3 1 2 2 1 2 1 299 1 2 0
2 0 3 4 0 0 3 6 0 3 2 11 0 1 3 1 8 2 1 3 1 1 2 3 2 1 3 1 329 3 3 2
0 2 4 11 1 2 3 6 0 0 1 2 0 1 0 0 7 3 3 2 3 2 1 1 1 3 1 294 2 2 3
3 3 5 2 7 6 3 2 11 4 0 0 1 2 0 0 6 3 3 2 3 1 1 1 1 1 292 2 1 3
0 5 5 11 0 3 6 3 2 3 4 2 3 0 0 0 4 1 1 3 2 1 1 1 297 2 1 1
0 3 3 0 0 1 2 6 0 4 3 0 1 5 11 5 5 3 2 1 1 2 1 2 1 310 2 2 1
2 3 11 4 5 3 4 4 0 0 1 1 0 0 3 0 1 2 1 3 1 267 0 1 0
3 4 5 7 0 11 5 3 0 3 2 0 1 1 0 3 4 2 2 2 1 1 1 1 315 1 3 0
1 0 4 0 0 2 5 5 3 1 4 11 4 4 2 3 11 1 2 3 1 3 3 1 2 2 3 2 1 1 1 270 3 4 4
3 1 3 0 3 6 2 0 11 4 0 1 3 3 1 0 9 2 1 2 2 1 3 2 3 3 1 3 1 316 2 4 3
6 4 1 0 1 2 11 3 0 7 2 0 0 3 0 0 9 1 2 2 1 2 3 3 1 1 1 2 1 315 4 3 2
3 3 1 0 3 4 7 0 4 5 11 2 2 3 1 0 11 3 3 1 2 1 1 3 3 2 2 1 1 2 1 307 4 3 4
3 11 6 5 2 0 4 2 3 1 0 1 0 0 0 2 1 3 1 1 1 289 0 0 1
4 3 8 0 3 11 4 0 1 4 2 1 0 0 2 0 7 3 3 3 2 3 1 1 1 2 1 341 2 1 4
0 0 4 11 6 4 5 1 0 4 2 3 7 0 2 0 10 1 2 3 3 1 2 1 3 2 1 1 3 1 328 4 3 3
1 0 1 0 3 4 1 0 4 4 4 0 3 6 11 7 3 2 2 3 1 2 1 305 0 2 1
0 1 1 0 3 6 1 0 11 5 5 3 3 3 3 3 6 2 2 3 2 2 3 1 1 1 321 0 4 2
3 11 6 4 0 4 3 0 3 3 0 1 0 2 0 0 7 2 3 2 1 2 1 1 1 3 1 322 3 3 1
3 0 2 0 2 3 2 3 0 1 4 11 0 3 6 6 8 1 3 1 1 2 3 3 1 1 2 1 358 4 1 3
3 0 2 3 5 3 3 0 8 4 0 0 11 4 3 0 6 2 1 3 2 3 1 1 1 1 333 2 2 2
0 0 0 3 3 3 0 11 0 1 3 5 0 2 6 3 9 2 1 3 2 1 2 2 3 1 1 1 1 284 3 4 2
0 2 0 0 1 1 0 1 4 3 2 0 3 6 11 3 0 1 2 1 301 0 0 0
3 0 0 0 2 1 1 0 2 3 5 0 1 4 6 11 2 2 2 1 1 1 314 0 2 0
0 3 0 2 2 1 1 3 1 4 11 5 0 0 5 3 6 3 2 1 3 2 3 3 5 0.37499999999999994 6 0.24999999999999994 7 0.37499999999999994 289 1 2 3
0 0 3 3 0 0 4 3 2 1 6 7 3 6 4 11 5 1 2 2 3 1 3 4 0.54545454545454541 5 0.27272727272727271 6 0.1818181818181818 304 2 2 1
3 0 1 3 2 4 0 0 4 6 5 3 5 7 11 0 2 3 2 1 1 1 350 0 1 1
6 5 5 3 11 6 0 0 0 4 0 2 0 2 0 1 3 3 1 3 1 3 1 279 1 0 2
0 1 0 0 4 3 4 2 11 5 4 3 3 3 3 3 4 2 2 3 1 1 1 1 310 1 2 1
0 1 4 0 3 1 6 11 2 5 5 7 3 1 2 4 4 3 3 2 2 1 1 1 311 0 2 2
0 4 3 0 3 6 1 0 11 3 0 3 3 5 4 7 0 1 2 1 307 0 0 0
0 0 3 0 6 3 7 0 11 5 0 1 3 4 0 0 9 2 1 2 1 3 2 1 2 3 1 3 1 329 3 4 2
0 0 0 2 0 0 3 1 2 0 6 4 0 3 5 11 5 2 1 3 3 3 1 1 1 344 1 1 3
6 11 3 0 6 3 0 3 5 1 0 0 2 0 0 0 9 3 2 2 2 1 2 1 3 1 1 1 1 306 3 4 2
0 3 7 11 0 1 3 6 1 5 0 0 0 0 4 0 9 2 3 3 3 2 2 3 1 2 1 1 1 285 1 4 4
3 4 1 6 1 0 4 11 0 0 5 1 0 0 4 2 1 2 1 2 1 305 0 1 0
2 11 3 2 0 1 2 5 2 0 3 3 0 3 6 0 4 3 1 3 1 1 1 1 356 2 0 2
3 0 1 0 2 5 7 0 3 3 6 11 3 1 2 6 11 1 2 3 3 2 2 1 3 3 2 1 1 1 1 319 3 4 4
1 2 0 0 1 5 0 0 11 5 0 1 4 4 1 0 6 3 2 3 2 3 2 1 3 1 321 0 3 3
0 2 1 0 5 4 4 0 11 6 0 0 4 1 2 1 10 2 1 1 2 2 3 1 3 2 3 1 3 1 297 3 4 3
5 4 3 3 6 3 0 0 11 4 3 2 0 3 0 0 3 2 1 1 1 3 1 299 2 1 0
4 0 0 3 11 4 0 0 5 6 3 0 4 4 7 0 9 2 2 1 1 3 1 2 2 1 1 3 1 332 4 4 1
2 11 7 2 0 5 4 4 0 3 3 0 0 0 0 2 8 1 3 1 1 1 3 2 3 1 3 1 338 4 1 3
1 0 0 1 3 3 3 0 3 4 5 4 11 3 0 0 8 1 2 2 3 3 3 2 1 1 2 1 297 2 3 3
6 11 0 1 5 4 3 2 4 3 0 0 1 0 3 0 3 3 3 2 1 3 1 310 0 1 2
0 11 7 1 0 3 6 5 1 0 4 4 0 0 2 1 3 2 2 3 1 3 1 311 0 2 1
4 3 11 6 1 2 2 0 0 4 1 0 0 0 3 0 5 1 3 2 3 2 1 1 1 301 1 2 2
2 11 6 3 3 4 5 0 1 2 0 0 0 0 2 0 8 1 3 3 3 1 2 3 1 3 6 0.1818181818181818 7 0.27272727272727271 8 0.54545454545454541 320 3 1 4
1 0 11 1 2 6 3 6 2 4 3 4 0 1 0 2 6 3 2 3 1 1 3 1 2 1 262 2 1 3
0 11 6 7 0 3 5 4 2 1 4 2 0 2 0 0 6 1 1 3 2 3 3 1 1 1 306 2 1 3
0 1 0 0 3 3 0 3 4 3 5 4 2 4 11 4 4 1 2 2 3 1 1 1 308 1 2 1
0 6 11 1 0 1 5 2 0 2 1 3 3 1 1 2 8 2 3 3 1 1 2 2 2 1 3 1 320 2 4 2
0 0 0 1 3 2 1 4 0 0 4 11 4 4 5 7 5 1 2 1 3 2 1 2 1 347 2 2 1
0 1 4 6 1 3 3 7 0 4 4 11 0 0 5 2 0 1 2 1 374 0 0 0
1 6 11 1 4 3 5 0 0 0 2 0 1 0 0 0 9 2 2 3 3 3 1 1 2 2 1 3 1 349 2 4 3
0 3 0 0 4 3 11 0 0 5 5 0 3 3 1 3 9 3 2 2 2 1 1 3 3 2 1 1 1 327 2 4 3
0 1 7 0 3 5 6 0 3 11 4 1 2 1 2 2 9 3 3 1 3 1 1 2 3 2 1 2 1 345 3 2 4
1 2 5 5 1 4 3 11 0 2 3 0 0 0 0 3 10 2 1 1 3 3 3 1 1 2 2 1 2 1 313 4 3 3
0 0 0 4 0 1 3 2 0 0 1 6 2 2 11 6 6 3 2 1 2 1 3 1 1 1 299 2 2 2
1 11 6 0 2 0 5 1 0 1 4 0 0 0 2 0 1 2 1 3 1 291 0 1 0
1 0 0 0 3 2 0 0 11 4 0 1 6 6 4 6 10 3 2 1 3 3 1 2 2 1 3 1 2 1 295 3 3 4
2 4 0 0 0 5 2 0 11 4 1 0 5 3 3 2 7 3 3 1 3 3 1 2 1 1 1 286 2 1 4
0 3 0 0 0 1 1 11 0 0 5 6 2 0 3 4 3 3 2 1 1 2 1 320 1 1 1
2 2 2 3 0 11 1 3 0 3 5 3 3 1 1 5 11 2 2 1 1 3 3 1 1 2 2 3 1 3 1 317 4 4 3
1 1 0 3 0 3 2 3 0 4 5 4 0 0 11 6 11 3 3 3 2 1 3 1 1 2 2 2 3 6 0.1818181818181818 7 0.27272727272727271 8 0.54545454545454541 319 3 4 4
0 1 0 0 0 1 2 0 3 3 6 2 5 4 4 11 2 2 3 1 1 1 325 0 1 1
0 0 2 0 3 0 11 5 0 4 6 4 1 3 5 4 7 3 2 1 1 2 3 2 1 1 1 363 2 3 2
0 1 0 0 1 3 2 2 3 3 5 11 2 4 5 7 6 3 1 1 3 2 2 1 1 1 333 2 2 2
11 1 2 3 4 5 3 0 3 1 0 0 3 0 0 0 0 1 2 1 332 0 0 0
0 1 3 11 0 1 6 5 3 0 3 3 0 0 2 0 0 1 2 1 295 0 0 0
3 1 4 5 0 1 4 7 2 1 6 11 0 0 5 2 2 3 2 1 3 1 313 0 1 1
0 1 0 2 0 1 3 4 0 5 4 1 2 3 2 11 9 3 3 3 3 2 1 1 2 2 1 1 1 342 2 3 4
4 11 0 2 3 6 3 1 3 1 1 1 3 0 3 0 3 2 3 2 1 2 1 334 0 2 1
0 1 0 3 11 4 1 0 4 6 0 0 4 3 0 0 7 2 3 3 2 2 1 1 1 2 1 363 2 3 2
0 6 11 2 3 5 3 4 0 3 0 0 0 0 0 1 8 3 2 1 3 3 2 2 1 1 1 1 322 2 3 3
0 0 5 7 0 5 3 3 0 5 11 2 4 5 1 3 4 2 3 3 1 1 3 1 278 1 1 2
0 0 0 3 0 3 2 4 0 1 4 5 2 2 11 7 3 2 1 1 1 1 1 338 2 1 0
3 2 3 2 2 4 3 4 1 6 4 1 2 0 11 2 7 1 2 1 1 1 3 3 1 3 1 289 4 1 2
1 0 1 0 5 3 4 2 0 4 2 2 0 0 11 3 1 3 1 1 1 314 0 0 1
0 6 0 0 0 0 3 0 6 6 3 0 11 4 4 4 9 2 1 3 2 1 2 1 2 1 1 3 1 307 4 4 1
3 3 0 3 0 5 4 3 0 11 3 2 0 0 2 0 5 3 3 2 1 1 1 1 1 353 2 1 2
0 0 2 2 1 4 0 0 6 4 3 0 11 5 4 0 10 3 2 1 1 3 2 2 1 3 1 1 3 1 328 4 3 3
0 0 0 1 3 1 0 2 3 4 0 3 11 6 3 2 8 2 2 1 1 3 2 3 3 1 1 1 299 2 3 3
2 0 0 0 1 3 0 1 2 4 3 0 11 7 3 0 0 1 3 1 318 0 0 0
1 6 2 3 3 4 5 11 0 4 0 1 0 2 0 0 2 2 3 1 1 1 340 0 1 1
8 5 0 0 11 6 2 3 6 4 2 0 0 0 1 0 7 2 3 1 1 1 3 2 1 3 1 299 3 2 2
0 5 0 2 1 4 4 1 11 2 4 2 1 3 2 4 10 2 1 2 1 3 3 1 1 3 3 1 2 1 318 4 2 4
1 4 3 3 5 4 2 0 11 4 2 0 0 0 0 2 3 1 1 2 1 1 1 310 2 1 0
2 0 0 0 0 3 0 0 4 3 1 2 5 11 7 0 0 1 1 1 284 0 0 0
2 0 0 0 2 0 3 4 0 3 2 1 0 11 7 3 9 1 1 3 2 1 3 1 3 2 1 3 1 350 4 2 3
2 2 1 0 5 5 0 3 11 3 3 0 1 3 0 0 2 2 3 1 1 1 314 0 1 1
3 0 4 0 0 0 5 2 1 1 4 11 0 3 3 4 2 1 2 1 2 1 302 1 1 0
3 0 0 0 1 0 2 0 2 3 4 11 1 2 3 7 0 1 1 1 301 0 0 0
0 0 1 3 0 0 4 7 0 3 5 6 3 5 11 7 9 3 2 3 2 3 1 1 1 2 1 2 1 276 3 3 3
2 0 2 4 0 1 5 6 0 1 3 11 0 0 0 3 2 2 1 1 3 1 322 1 1 0
3 1 3 4 0 3 5 7 0 0 6 11 0 0 3 7 8 1 2 2 3 1 2 2 3 1 1 1 321 2 4 2
2 3 3 4 3 1 6 5 0 0 11 6 0 0 2 1 3 3 3 1 1 2 1 336 1 0 2
4 11 5 1 3 4 3 3 3 0 3 1 0 2 0 0 1 2 1 3 1 314 0 1 0
2 0 1 0 0 1 4 4 0 3 6 11 0 0 0 3 5 3 3 2 1 2 1 3 1 300 1 2 2
0 0 1 0 0 0 1 0 0 3 3 4 1 11 7 4 6 3 1 3 2 2 2 1 2 1 334 1 3 2
2 5 11 0 3 5 3 0 3 0 0 0 1 0 0 3 7 2 3 3 1 2 2 1 1 1 1 286 2 3 2
11 2 2 0 5 5 1 1 5 3 3 0 1 4 2 0 4 2 1 1 3 1 2 1 299 2 1 1
2 6 11 5 0 5 4 3 1 3 4 2 0 0 0 2 7 3 1 2 3 1 3 3 1 1 1 356 2 1 4
0 1 0 0 3 2 3 6 2 3 5 11 0 1 3 4 11 3 1 1 3 1 2 2 1 3 3 2 1 2 1 329 4 3 4
0 1 0 1 3 3 3 3 0 6 4 0 5 5 11 3 5 2 2 1 3 2 1 3 1 345 1 3 1
2 0 0 0 0 4 3 0 11 7 4 2 6 4 1 2 1 1 1 1 1 328 1 0 0
0 1 0 0 0 0 2 11 0 3 5 7 3 3 4 4 8 1 1 2 3 2 3 3 2 1 1 1 283 2 3 3
0 1 0 3 0 1 4 1 3 5 3 2 2 0 2 11 11 3 2 3 2 2 1 1 3 3 2 1 1 1 1 268 3 4 4
6 8 11 0 1 6 3 0 2 4 3 0 3 3 0 1 9 3 2 2 3 1 1 2 3 1 1 2 1 321 3 3 3
0 0 3 0 0 0 0 3 3 3 3 6 3 6 11 4 11 3 1 3 2 1 2 1 2 1 3 3 1 2 1 328 4 3 4
3 3 0 0 2 5 4 0 4 2 1 0 11 3 3 1 8 2 2 1 3 1 2 1 3 1 3 1 318 3 3 2
0 4 11 6 1 5 6 1 2 0 3 3 0 0 0 1 7 3 1 3 3 3 2 2 1 2 1 288 1 2 4
2 1 3 3 4 5 5 2 2 3 11 0 3 1 0 0 2 2 1 1 1 1 277 1 1 0
3 5 11 0 2 5 5 0 0 0 1 0 0 0 1 2 6 3 3 3 2 1 1 1 2 1 333 2 1 3
4 4 0 0 11 3 2 0 3 5 0 2 1 3 7 0 11 1 3 2 1 3 1 2 3 1 3 2 3 6 0.1818181818181818 7 0.27272727272727271 8 0.54545454545454541 338 4 3 4
1 0 0 0 0 3 4 2 1 2 7 6 3 3 4 11 4 2 2 3 1 1 1 1 287 1 2 1
0 0 3 0 4 0 2 0 4 5 3 0 6 7 11 1 0 1 3 1 328 0 0 0
0 2 11 5 1 5 4 3 2 0 0 4 0 0 0 1 9 3 3 2 2 3 3 1 1 2 1 1 1 327 2 3 4
0 3 2 3 0 4 3 2 3 5 1 1 1 0 11 6 9 3 2 1 1 3 1 2 2 2 3 5 0.37499999999999994 6 0.24999999999999994 7 0.37499999999999994 262 3 4 2
0 3 4 1 0 3 1 3 3 5 1 3 2 1 0 11 3 2 3 2 1 2 1 299 0 2 1
5 11 7 1 4 3 7 0 0 3 0 0 2 0 0 0 1 1 1 2 1 319 1 0 0
2 4 3 6 2 0 5 11 1 0 6 0 0 3 1 0 11 3 1 2 2 1 1 3 1 2 3 2 1 3 1 336 4 4 3
0 0 0 3 0 3 1 1 11 5 5 2 4 6 1 2 1 2 1 3 1 337 0 1 0
0 3 3 4 0 1 5 5 2 3 4 11 0 0 1 0 1 3 1 2 1 317 0 0 1
2 0 0 0 0 1 2 0 3 6 0 1 11 7 0 0 9 3 3 1 2 1 3 1 2 3 1 2 1 294 3 2 4
11 6 0 0 4 6 4 1 3 4 3 0 1 4 0 0 4 2 1 2 2 1 3 1 324 1 3 0
3 0 0 3 0 0 3 3 2 4 5 4 0 1 7 11 10 1 1 1 3 2 1 2 2 2 3 1 3 1 339 4 4 2
1 7 5 2 0 4 5 3 2 1 2 11 0 0 0 1 11 2 2 1 1 2 2 3 3 1 3 3 1 1 1 300 3 4 4
1 0 0 0 0 3 1 11 0 4 4 8 2 3 5 5 8 1 3 2 3 1 3 2 2 1 3 1 346 2 3 3
0 1 11 5 6 5 1 3 2 3 0 3 0 0 1 0 4 2 2 1 2 1 3 1 321 1 3 0
3 0 1 0 0 0 4 3 4 6 4 2 0 3 11 7 2 3 1 1 2 1 373 1 0 1
2 0 1 0 0 0 5 3 3 4 4 3 2 1 5 11 3 2 3 3 1 1 1 323 0 1 2
0 0 0 3 11 3 4 0 1 4 6 4 4 8 7 2 8 3 1 2 1 2 2 1 1 1 2 1 230 4 3 1
0 5 7 3 0 0 3 11 2 5 4 1 2 0 3 2 4 1 3 2 1 1 1 1 323 2 1 1
2 3 2 3 1 0 0 11 3 5 1 3 1 3 2 4 11 3 2 2 1 3 2 3 3 1 1 1 1 2 1 316 4 3 4
0 0 4 4 1 2 11 5 3 4 5 3 0 3 0 1 10 2 2 1 3 3 1 2 3 3 1 1 2 1 281 3 3 4
3 1 0 0 6 3 0 3 11 5 1 0 5 2 0 0 3 3 2 3 1 3 1 290 0 1 2
4 3 3 3 4 5 3 0 2 3 11 0 1 0 3 0 10 1 3 1 3 2 2 2 1 1 3 1 2 1 341 4 3 3
5 2 0 0 4 11 1 3 2 4 0 0 3 4 0 0 6 3 2 1 3 1 1 1 2 1 300 3 1 2
3 2 0 0 0 2 1 0 11 5 5 3 5 4 2 1 4 1 1 2 3 1 3 1 278 2 1 1
3 0 1 0 3 3 2 1 3 5 1 0 3 11 5 0 4 1 2 2 2 1 3 1 309 1 3 0
3 11 3 2 4 2 1 2 3 1 3 0 1 6 6 0 6 2 3 3 3 1 1 1 2 1 342 2 1 3
1 11 0 0 5 6 4 3 4 0 0 3 0 3 0 0 3 2 2 3 1 1 1 301 0 2 1
1 0 3 0 3 2 4 2 5 5 0 1 1 11 7 0 7 3 2 2 1 1 3 2 1 3 1 289 2 3 2
3 0 3 0 6 3 0 1 4 5 11 0 3 4 5 3 0 1 2 1 337 0 0 0
1 3 0 0 2 4 0 0 0 5 11 5 3 3 3 0 3 1 3 2 1 3 1 295 1 1 1
0 4 7 1 0 3 4 11 0 4 5 5 1 0 3 1 8 3 3 2 2 3 2 2 1 1 3 1 374 1 4 3
3 1 3 3 2 3 4 11 0 1 7 0 0 1 2 1 7 2 3 3 1 1 2 2 1 2 1 344 2 3 2
0 11 6 1 1 3 5 2 0 3 0 4 1 0 2 3 3 1 2 3 1 2 1 294 1 1 1
0 0 0 3 5 0 4 4 0 1 4 4 0 5 11 2 11 1 3 2 3 2 2 3 1 1 2 3 1 1 1 318 3 4 4
0 0 2 0 0 4 1 1 3 4 4 2 3 5 11 3 6 1 1 2 3 3 2 1 3 1 310 2 2 2
1 3 0 0 3 5 3 1 11 7 4 2 3 5 3 0 10 2 1 2 3 3 1 3 1 2 3 1 2 1 308 3 3 4
0 1 0 0 0 1 3 0 0 0 4 2 3 11 6 5 8 2 3 3 3 1 2 2 1 1 3 1 328 2 3 3
0 2 5 1 0 4 7 0 3 5 5 11 3 1 2 6 11 1 3 2 3 2 1 2 3 3 1 2 1 1 1 296 3 4 4
2 0 3 1 3 0 2 0 2 11 4 1 4 4 5 4 1 3 1 1 1 304 0 0 1
2 0 0 0 1 2 3 3 0 3 3 4 3 11 5 4 10 3 2 2 1 3 1 3 1 1 2 1 3 1 291 4 3 3
11 3 2 3 5 6 1 0 4 3 0 0 3 3 0 0 11 1 3 3 3 1 1 3 2 1 2 2 1 2 1 292 4 3 4
0 0 2 3 0 4 6 0 3 4 5 4 2 6 11 0 1 1 1 1 1 307 1 0 0
0 0 0 3 0 2 0 1 3 4 6 6 2 1 3 11 10 2 2 1 1 2 3 1 3 3 2 1 1 1 341 3 4 3
6 11 0 0 5 5 0 0 4 0 0 0 2 0 1 3 2 1 2 1 3 1 311 1 1 0
0 3 3 4 0 0 4 6 0 0 3 11 4 0 0 3 2 1 3 1 2 1 346 1 0 1
11 7 1 1 7 5 3 0 4 4 0 0 3 3 0 0 8 2 1 2 1 2 3 2 3 1 3 1 320 2 4 2
0 3 1 2 0 2 5 11 1 1 3 7 5 0 0 0 1 2 1 3 1 324 0 1 0
0 1 5 3 0 4 11 4 5 2 0 2 0 3 0 1 8 1 2 3 2 1 3 2 1 1 3 1 328 3 3 2
0 0 4 6 4 5 4 3 1 2 4 11 0 2 3 3 4 1 2 3 3 1 1 1 334 1 1 2
0 2 5 5 1 1 7 11 3 0 2 0 0 0 0 1 0 1 2 1 305 0 0 0
1 11 6 0 5 4 4 0 2 3 2 0 0 3 0 3 4 2 3 1 1 1 3 1 294 2 1 1
1 7 11 0 3 5 8 0 3 4 1 3 0 1 3 0 5 3 2 3 3 2 1 2 1 316 0 2 3
0 0 3 3 0 1 4 11 0 1 3 5 3 2 0 0 0 1 2 1 309 0 0 0
5 7 11 0 4 6 3 2 2 1 0 0 0 1 0 0 1 1 1 2 1 269 1 0 0
0 0 3 3 0 3 4 11 2 5 5 2 1 6 1 3 5 3 1 3 2 2 1 1 1 321 1 2 2
2 0 0 0 0 5 1 0 1 4 0 0 4 2 11 3 3 1 3 3 1 2 1 273 1 0 2
0 0 5 2 0 3 7 0 3 4 3 11 3 2 5 3 8 2 3 1 2 1 1 1 3 1 3 1 322 4 2 2
0 1 0 1 3 4 4 3 0 3 5 11 0 2 1 5 4 1 2 2 2 1 3 1 325 1 3 0
1 3 0 0 0 3 5 11 0 1 4 5 0 0 4 1 6 2 1 2 2 3 3 1 2 1 346 1 3 2
0 11 7 3 1 5 4 3 0 3 3 3 3 3 0 0 0 1 2 1 290 0 0 0
11 3 4 0 6 5 0 1 3 5 0 0 0 0 1 0 9 3 3 3 3 1 1 2 2 2 1 2 1 329 2 3 4
0 1 1 0 2 0 3 0 1 4 6 5 3 3 8 11 6 3 2 3 2 3 2 1 1 1 335 0 3 3
2 1 3 0 2 1 1 2 0 6 3 0 3 4 11 0 11 2 3 1 3 2 3 1 3 1 1 2 1 2 1 315 4 3 4
4 3 1 2 6 4 2 0 11 1 0 0 0 0 3 0 11 3 2 3 1 1 2 3 2 1 2 3 1 1 1 293 3 4 4
1 1 0 0 6 3 2 0 11 6 3 2 0 4 0 3 0 1 3 1 274 0 0 0
0 0 1 2 4 2 3 0 3 4 3 0 6 11 1 0 9 1 3 2 2 1 2 3 3 3 1 1 1 314 2 3 4
3 4 5 6 0 3 3 11 0 0 0 2 1 0 0 0 7 3 3 2 1 1 3 3 1 2 1 310 2 1 4
0 0 0 5 0 0 2 4 0 5 5 1 5 11 6 3 11 1 1 2 3 1 2 2 3 3 2 1 1 3 1 303 4 4 3
11 3 3 0 4 3 6 2 1 4 0 3 3 2 5 0 8 1 1 2 3 1 2 3 1 1 2 1 320 4 2 2
2 3 1 0 4 1 4 2 4 11 7 2 0 2 0 0 2 1 1 1 3 1 327 2 0 0
1 3 4 2 6 3 2 0 11 4 3 2 1 3 0 0 10 1 3 1 2 3 3 2 1 2 3 1 1 1 294 3 3 4
6 0 3 0 5 1 4 2 2 11 1 0 3 2 1 3 11 2 1 3 3 1 2 3 1 2 1 2 1 3 1 337 4 4 3
0 0 3 3 0 3 4 11 3 3 5 3 0 0 0 2 10 2 3 1 1 3 1 1 3 2 2 1 3 1 349 4 3 3
4 7 11 6 1 5 5 0 0 0 3 0 0 0 3 0 1 3 1 2 1 316 0 0 1
4 11 2 1 4 6 3 0 0 2 1 0 0 3 5 0 11 2 2 2 1 1 3 3 1 3 2 3 1 1 1 319 3 4 4
0 0 3 3 0 3 5 0 3 1 6 11 2 3 1 2 0 1 3 1 308 0 0 0
0 0 0 2 1 0 3 3 1 4 4 11 5 4 6 7 5 3 3 2 3 1 1 2 1 359 1 1 3
3 1 0 2 11 4 0 0 3 4 2 3 3 6 3 0 10 1 2 2 1 1 1 2 3 3 3 1 3 1 337 4 3 3
11 3 4 0 6 6 3 1 0 0 1 0 2 0 0 0 6 1 2 3 3 1 2 1 2 1 298 2 2 2
11 6 0 1 1 1 4 7 1 2 2 0 0 2 3 0 10 1 2 3 2 2 3 1 2 3 1 1 3 1 319 3 4 3
2 2 0 0 0 1 0 11 0 0 4 6 0 0 4 1 2 1 3 1 2 1 327 1 0 1
3 3 0 2 4 5 3 5 11 3 4 0 3 1 4 2 8 1 3 1 2 1 1 2 2 1 3 1 331 4 3 1
5 11 2 1 1 1 4 5 4 0 0 0 0 3 0 0 7 2 3 1 2 3 2 2 1 1 1 302 1 4 2
11 3 2 0 7 7 3 2 2 5 0 0 1 0 0 0 5 1 1 1 2 3 1 3 1 325 3 1 1
11 2 1 3 0 5 4 2 3 3 0 0 3 1 0 0 11 1 2 3 2 3 1 1 1 2 3 2 1 3 1 295 4 4 3
0 5 1 0 6 11 5 4 0 5 4 3 8 3 3 2 11 2 2 3 3 1 3 2 1 1 2 3 1 1 1 364 3 4 4
0 0 0 2 2 2 3 1 0 3 1 4 1 0 11 5 9 3 1 2 3 1 3 1 3 2 1 2 1 290 3 2 4
1 1 1 1 0 0 2 6 0 0 5 11 2 0 0 4 4 3 2 2 1 1 2 1 313 1 2 1
2 0 0 2 4 11 3 0 1 3 3 1 3 2 7 3 5 3 2 3 3 1 1 1 1 346 1 1 3
0 0 0 5 0 0 3 6 1 0 0 11 0 2 3 3 8 1 3 2 2 1 3 1 3 1 2 1 331 3 2 3
0 0 3 1 0 3 1 1 0 4 5 2 3 11 7 3 8 2 1 1 3 2 2 3 2 1 3 1 308 2 4 2
0 3 11 7 0 1 6 5 3 2 3 1 0 2 0 0 0 1 3 1 335 0 0 0
2 0 0 0 0 0 3 3 3 1 2 3 1 11 6 4 11 2 2 1 3 3 2 3 3 1 2 1 1 1 1 317 3 4 4
0 0 0 1 2 3 0 4 1 3 6 4 0 3 11 4 7 2 1 3 1 2 2 3 1 3 1 283 2 3 2
0 0 0 2 0 1 2 1 3 2 4 3 1 0 11 5 0 1 3 1 305 0 0 0
0 11 7 4 0 3 3 3 0 1 1 0 3 2 0 0 6 2 2 3 1 2 3 1 1 1 297 1 3 2
3 6 1 0 3 6 5 0 11 5 0 0 4 0 2 3 6 1 2 2 2 1 3 1 1 1 322 2 3 1
5 4 3 0 11 5 0 0 0 4 0 3 0 0 0 3 5 2 1 2 1 2 1 1 1 323 2 3 0
0 11 7 5 0 5 3 1 0 1 2 2 3 0 3 2 6 2 2 1 3 1 1 1 3 1 304 3 2 1
0 0 1 0 0 0 0 7 3 0 5 11 0 3 3 5 3 3 3 2 3 6 0.1818181818181818 7 0.27272727272727271 8 0.54545454545454541 325 0 1 2
1 2 0 2 3 1 3 0 5 6 3 1 3 7 11 0 5 2 1 3 3 2 3 5 0.37499999999999994 6 0.24999999999999994 7 0.37499999999999994 300 1 2 2
0 2 0 1 3 2 3 0 1 4 3 11 3 5 5 7 0 3 6 0.1818181818181818 7 0.27272727272727271 8 0.54545454545454541 292 0 0 0
1 4 11 7 0 4 5 6 0 3 3 4 0 2 0 0 3 1 3 3 1 2 1 358 1 0 2
5 11 6 4 0 1 4 0 2 0 2 1 0 0 2 0 10 3 2 2 3 1 3 1 1 1 3 1 2 1 306 4 2 4
0 3 0 0 1 1 3 11 0 0 5 7 0 2 4 4 3 2 3 2 1 1 1 309 0 2 1
2 3 5 5 0 3 11 3 3 1 3 2 0 0 1 0 4 2 2 1 3 1 1 1 334 1 2 1
0 0 0 2 0 4 3 0 0 5 5 3 3 11 5 1 6 1 3 1 2 2 1 1 2 1 288 3 2 1
0 0 1 2 0 4 3 2 0 1 7 1 1 2 3 11 8 2 3 3 2 3 3 1 1 1 2 1 312 2 2 4
2 0 0 0 0 0 3 0 3 4 6 0 3 4 11 7 0 1 1 1 306 0 0 0
4 0 2 0 2 4 0 0 5 3 7 1 5 11 0 3 6 3 3 1 2 1 1 1 2 1 321 3 1 2
11 3 3 0 6 4 2 3 1 5 0 0 0 0 0 2 10 1 1 2 2 3 1 1 2 3 3 1 3 1 291 4 3 3
3 3 4 0 4 4 0 0 11 1 1 1 2 2 0 0 1 2 1 3 1 326 0 1 0
3 0 0 0 0 3 3 0 6 4 4 4 11 5 2 1 6 1 1 2 1 2 2 1 3 1 356 3 3 0
1 2 4 5 0 11 5 3 0 3 5 1 0 0 1 2 4 1 2 2 3 1 3 1 308 1 2 1
3 3 0 0 5 11 2 0 7 4 0 2 6 3 0 0 7 3 2 1 3 1 3 3 1 1 1 344 2 1 4
0 0 0 2 0 0 3 1 3 4 5 5 0 1 2 11 2 1 3 1 2 1 306 1 0 1
1 0 0 0 3 2 3 0 3 4 5 11 2 2 7 1 0 1 1 1 305 0 0 0
2 2 3 11 0 4 5 6 3 2 1 0 3 0 0 0 1 1 1 1 1 315 1 0 0
0 2 3 11 1 3 6 4 3 0 2 4 0 0 0 1 6 3 1 2 2 3 3 1 1 1 323 1 2 3
6 1 2 3 3 4 11 1 0 3 3 5 0 4 1 4 8 2 3 1 2 3 2 1 2 1 3 1 324 2 4 2
7 11 1 2 4 4 6 0 3 2 0 0 0 0 0 2 9 2 2 1 3 3 1 1 1 3 1 3 1 300 4 2 3
2 3 3 2 4 4 0 0 11 6 3 3 2 4 0 0 6 1 3 1 1 1 3 1 2 1 329 4 0 2
0 5 0 3 11 3 3 0 8 5 4 0 3 3 2 1 3 1 1 2 1 2 1 351 2 1 0
0 0 2 0 1 4 0 2 5 4 4 3 2 7 11 3 8 1 1 3 2 3 1 1 3 1 2 1 332 4 1 3
2 3 0 0 0 2 1 11 0 5 2 3 0 0 4 3 7 1 1 1 1 3 2 2 1 3 1 295 4 2 1
5 11 1 0 5 3 0 0 2 1 3 2 2 0 2 0 3 3 1 3 1 1 1 282 1 0 2
0 2 0 0 3 1 3 4 0 4 4 3 0 11 6 4 8 2 1 3 1 3 2 3 2 1 1 1 319 2 3 3
0 3 1 3 3 4 3 0 2 4 5 3 1 7 11 0 1 3 1 2 1 325 0 0 1
0 0 0 2 1 5 0 0 11 4 4 2 4 2 0 1 4 1 2 3 1 1 3 1 314 2 1 1
0 2 3 3 0 1 7 3 0 6 4 5 2 0 2 11 3 1 3 1 1 3 1 347 2 0 1
0 0 3 0 0 2 3 2 1 5 3 5 3 11 6 0 6 2 3 2 1 1 1 1 3 1 318 3 2 1
1 3 6 11 0 0 5 4 0 0 3 3 0 0 2 1 10 2 1 1 1 3 2 2 3 3 3 1 2 1 285 3 3 4
0 0 1 2 0 1 3 4 0 2 5 11 1 4 4 1 2 2 3 1 2 1 356 0 1 1
4 4 3 1 7 5 1 1 11 4 4 0 0 0 5 0 5 2 3 2 2 2 1 1 1 279 0 4 1
0 4 2 1 1 7 2 0 4 5 5 11 1 3 3 6 2 2 1 1 2 1 296 1 1 0
0 0 7 0 2 11 7 6 2 3 6 4 0 0 1 2 9 1 3 2 3 1 3 1 2 3 1 1 1 317 3 2 4
0 4 0 0 0 3 3 0 0 3 6 1 3 11 6 1 4 3 1 2 2 1 2 1 310 1 2 1
0 6 6 4 0 0 3 11 0 1 4 3 1 0 0 5 9 3 2 3 1 2 3 2 3 1 1 2 1 298 2 3 4
