23110820 949 4 1 2 1 3 1 0 2 1 0 0 0 0 2 1 1 4 13 3 2 1 7 2 3 3 0 4 3 0 0 3 1
23110822 910 0 1 0 1 1 0 0 0 0 0 0 0 0 2 0 4 0 1 6 3 0 5 3 13 2 3 3 4
23110823 807 5 2 3 3 1 2 1 0 1 1 0 0 0 0 1 2 2 3 13 1 0 1 4 7 6 4 3 4 0 2 5 5 2
23110824 1038 10 1 3 3 1 2 2 2 1 2 3 1 0 3 1 0 0 0 0 3 4 3 6 0 0 0 1 4 3 0 3 6 4 1 13 3 2 0
23110825 999 10 3 1 2 2 1 2 2 1 3 3 1 0 1 1 0 0 0 0 3 4 3 3 0 1 3 3 6 5 3 2 8 3 2 13 1 4 0
23110827 916 11 1 2 3 3 2 1 2 1 3 3 1 1 0 2 1 0 0 0 0 4 3 4 2 3 0 0 13 5 1 3 5 4 4 8 3 6 0 0
23110828 910 8 1 2 2 1 3 3 2 3 1 0 3 1 0 0 0 0 2 3 3 1 13 3 3 6 4 7 2 3 0 2 5 1 1 0 0
23110830 751 9 2 1 1 2 2 1 3 1 3 1 0 3 1 0 0 0 0 4 3 2 3 0 0 2 2 3 7 3 4 3 1 3 3 13 0 0
23110831 899 7 1 1 3 1 2 2 1 1 0 3 1 0 0 0 0 4 2 1 2 1 0 0 0 4 2 4 3 5 2 1 2 4 13 3
23110833 857 8 3 1 2 3 1 1 2 3 1 0 2 1 0 0 0 0 3 2 3 0 7 0 3 2 5 3 2 0 4 13 3 2 1 1 1
23110834 868 2 1 3 1 0 3 1 0 0 0 0 1 0 1 1 2 0 0 13 3 0 0 3 5 1 2 2 4 3 4
23110841 998 11 3 2 1 1 1 3 2 2 3 3 1 1 0 2 1 0 0 0 0 4 3 4 13 3 3 3 4 6 4 2 1 1 3 0 0 0 2 0
23110843 751 10 1 2 1 2 2 1 1 3 3 3 1 0 3 1 0 0 0 0 4 3 3 0 3 0 2 13 4 4 1 3 6 7 1 2 2 4 9
23110844 862 2 1 3 1 0 1 1 0 0 0 0 1 0 1 4 13 3 0 3 4 6 2 3 2 1 3 2 0 0 0
23110845 798 6 2 3 3 2 3 2 1 0 1 1 0 0 0 0 0 3 3 1 2 3 13 3 1 6 9 0 0 6 3 0 7 6 1
23110846 985 7 1 3 2 3 1 3 2 1 0 3 1 0 0 0 0 2 2 3 13 5 4 2 3 6 0 4 3 1 0 0 0 1 2 0
23110849 1006 7 2 3 3 2 3 1 3 1 0 1 1 0 0 0 0 1 2 4 2 3 3 1 7 4 8 3 13 5 3 0 2 1 0 0
23110850 851 0 1 0 2 1 0 0 0 0 0 0 0 3 2 1 3 3 6 8 3 0 0 1 13 2 3 1 5
23110854 953 1 2 1 0 1 1 0 0 0 0 0 1 0 6 4 2 3 0 1 3 13 3 4 3 1 2 2 1 0
23110857 1054 7 2 1 3 3 2 3 3 1 0 1 1 0 0 0 0 1 2 4 0 2 0 0 1 3 7 13 0 5 3 6 0 0 2 1
23110859 772 7 3 2 2 3 1 1 1 1 0 3 1 0 0 0 0 3 2 2 0 4 3 4 1 5 2 2 2 1 8 13 0 0 3 8
23110860 950 6 1 3 3 2 3 2 1 0 1 1 0 0 0 0 1 2 3 3 3 1 13 1 1 4 2 0 0 2 4 0 0 2 5
23110862 882 5 1 3 1 3 3 1 0 2 1 0 0 0 0 2 0 3 0 3 4 4 0 7 3 2 0 3 13 3 1 0 0 2
23110864 879 2 1 2 1 0 3 1 0 0 0 0 1 1 0 2 3 13 3 0 1 4 1 0 5 4 4 0 0 0 2
23110866 825 3 3 2 1 1 0 1 1 0 0 0 0 1 1 1 0 0 1 3 13 5 6 0 2 4 4 1 2 4 7 2
23110867 835 3 1 1 2 1 0 3 1 0 0 0 0 2 1 0 0 9 3 0 3 7 4 3 0 4 7 1 2 2 3 13
23110868 1036 5 2 3 1 1 1 1 0 2 1 0 0 0 0 3 1 1 0 13 6 1 0 4 4 2 0 3 5 3 2 0 3 6
23110869 1002 4 2 3 2 1 1 0 1 1 0 0 0 0 1 2 1 3 2 8 13 0 4 3 3 3 3 1 5 3 6 0 0
23110871 895 8 2 1 1 2 2 1 2 1 1 0 3 1 0 0 0 0 4 4 0 9 5 5 0 13 6 0 0 3 4 0 0 0 3 0 3
23110872 895 1 3 1 0 3 1 0 0 0 0 0 0 1 8 2 5 1 3 3 13 4 3 1 4 6 0 1 2 2
23110874 1021 11 3 2 2 1 1 3 1 1 3 2 3 1 0 2 1 0 0 0 0 4 3 4 0 1 3 3 0 13 2 3 1 5 2 3 0 0 4 9
23110880 1005 5 2 3 3 1 1 1 0 3 1 0 0 0 0 2 1 2 0 2 1 2 0 4 4 0 9 6 5 3 6 2 1 13
23110881 773 2 1 3 1 0 1 1 0 0 0 0 1 0 1 13 3 3 2 6 5 2 0 7 3 3 0 3 0 0 0
23110883 959 8 1 3 3 2 1 2 1 3 1 0 1 1 0 0 0 0 3 2 3 3 13 4 0 7 2 5 3 4 4 0 2 3 0 0 0
23110884 788 7 1 3 3 1 2 3 1 1 0 1 1 0 0 0 0 3 1 3 2 2 3 13 2 5 7 5 0 4 6 3 3 3 3 0
23110886 996 2 1 2 1 0 2 1 0 0 0 0 1 1 0 3 0 0 0 0 3 3 13 3 4 5 3 3 7 1 5
23110887 880 7 3 1 1 2 2 3 3 1 0 2 1 0 0 0 0 2 2 3 0 0 3 0 0 2 0 4 1 5 13 3 1 6 5 3
23110888 980 8 3 1 2 3 1 2 1 1 1 0 3 1 0 0 0 0 4 2 2 3 3 3 0 3 5 2 0 3 13 0 0 5 0 0 2
23110889 885 3 1 2 2 1 0 3 1 0 0 0 0 1 2 0 1 3 6 1 3 13 3 7 2 3 2 3 0 1 0 0
23110890 903 6 2 3 2 1 1 3 1 0 2 1 0 0 0 0 2 2 2 4 1 1 3 3 13 0 0 2 2 5 0 6 4 1 3
23110891 1012 11 3 1 2 1 3 3 2 2 1 1 2 1 0 3 1 0 0 0 0 4 4 3 13 2 1 0 8 1 7 5 4 2 0 0 6 0 3 3
23110893 882 4 1 2 3 2 1 0 1 1 0 0 0 0 1 2 1 0 1 4 13 0 3 3 5 1 3 6 7 0 2 0 2
23110894 857 4 3 3 2 1 1 0 1 1 0 0 0 0 1 1 2 6 2 1 0 3 4 1 3 0 3 4 2 0 13 2 3
23110895 991 10 3 1 1 2 2 1 1 3 3 3 1 0 2 1 0 0 0 0 4 2 4 1 1 6 4 2 0 3 13 4 6 4 5 2 4 2 3
23110896 881 11 2 2 3 1 1 1 3 1 2 3 2 1 0 3 1 0 0 0 0 4 4 3 0 0 3 0 4 4 3 1 13 8 5 2 8 3 4 0
23110897 766 5 2 3 1 3 1 1 0 2 1 0 0 0 0 2 1 2 7 4 3 0 13 4 0 1 2 3 5 4 2 1 0 0
23110898 1012 4 2 1 2 3 1 0 1 1 0 0 0 0 1 2 1 13 3 1 9 7 5 3 0 4 5 3 2 0 0 0 3
23110899 1002 4 1 1 2 1 3 1 6 0.33333333333333331 7 0.33333333333333331 8 0.33333333333333331 3 1 0 3 4 3 2 5 2 1 3 13 3 0 0 2 0 0 0
23110900 891 1 3 1 0 3 1 0 0 0 0 0 0 1 4 5 0 2 3 3 6 1 13 4 2 0 1 0 0 0
23110903 1017 0 1 0 1 1 0 0 0 0 0 0 0 9 13 0 0 8 3 2 0 3 6 3 0 4 4 3 3
23110904 878 8 2 1 3 2 1 2 2 3 1 0 3 1 0 0 0 0 2 4 2 0 0 1 0 3 1 0 0 3 4 3 3 13 4 6 3
23110905 906 5 2 3 3 3 2 1 0 3 1 0 0 0 0 0 2 3 13 7 3 0 1 5 3 0 2 5 0 0 3 1 0 1
23110907 882 10 2 3 1 1 1 3 1 2 2 3 1 0 3 1 0 0 0 0 4 3 3 1 6 3 2 0 3 13 3 0 0 5 2 2 0 3 1
23110909 740 5 3 1 2 1 2 1 0 1 1 0 0 0 0 2 2 1 3 6 2 3 3 1 3 4 1 3 6 3 2 13 2 7
23110912 962 3 3 1 2 1 0 3 1 0 0 0 0 1 1 1 0 2 2 1 3 3 3 0 4 3 1 0 3 4 13 0
23110913 1007 4 3 1 1 1 1 0 3 1 0 0 0 0 3 0 1 2 2 0 0 4 5 4 2 3 3 13 0 3 4 3 3
23110916 901 7 3 1 2 2 3 2 1 1 0 2 1 0 0 0 0 2 3 2 3 3 6 0 4 1 4 0 2 3 3 6 3 13 1 1
23110917 857 2 2 2 1 0 1 1 0 0 0 0 0 2 0 0 13 3 1 4 3 1 1 1 2 2 5 0 2 3 0
23110919 836 3 1 3 2 1 0 3 1 0 0 0 0 1 1 1 0 4 4 13 2 4 4 1 0 0 2 3 0 0 1 0
23110921 885 1 2 1 0 1 1 0 0 0 0 0 1 0 13 7 5 2 1 5 3 5 0 1 2 0 3 3 0 0
23110923 814 10 2 3 3 3 1 1 1 2 3 2 1 0 2 1 0 0 0 0 3 3 4 0 0 3 4 0 0 3 5 0 3 7 9 1 3 4 13
23110926 926 11 2 2 2 3 1 3 3 1 1 2 1 1 0 3 1 0 0 0 0 4 4 3 0 3 6 13 2 3 5 8 2 3 5 3 1 1 0 0
23110927 1002 8 1 1 3 3 2 1 3 3 1 0 1 1 0 0 0 0 3 1 4 2 3 0 0 5 6 2 0 3 3 3 2 4 6 13 0
23110929 1016 6 2 2 1 1 3 2 1 0 1 1 0 0 0 0 2 3 1 13 4 3 3 5 4 5 0 2 4 0 3 1 0 0 0
23110931 998 5 2 3 3 2 2 1 0 1 1 0 0 0 0 0 3 2 4 5 3 1 0 2 3 1 3 1 4 13 0 0 0 3
23110934 877 8 1 1 1 3 2 3 2 2 1 0 3 1 0 0 0 0 3 3 2 0 0 2 0 4 3 0 1 8 5 7 0 13 3 3 4
23110935 933 4 2 3 3 1 1 0 3 1 0 0 0 0 1 1 2 3 6 13 3 0 2 0 2 0 1 0 0 0 0 1 0
23110937 789 11 2 3 3 1 1 2 1 2 3 2 1 1 0 3 1 0 0 0 0 4 4 3 2 5 1 0 13 2 1 3 3 3 4 1 0 0 0 2
23110938 1021 5 2 3 1 3 1 1 0 2 1 0 0 0 0 2 1 2 3 0 1 2 1 3 5 3 2 6 3 6 0 3 3 13
23110939 908 4 3 3 1 1 1 0 3 1 0 0 0 0 2 0 2 0 0 2 2 1 3 5 7 0 1 5 3 2 2 13 3
23110940 966 8 2 1 2 3 1 3 3 1 1 0 3 1 0 0 0 0 3 2 3 1 4 13 3 0 0 3 6 2 3 7 3 0 2 0 0
23110941 957 5 2 3 3 2 3 1 0 1 1 0 0 0 0 0 2 3 1 1 0 0 4 4 0 0 2 6 0 1 3 13 2 0
23110942 762 6 2 3 2 1 3 1 1 0 1 1 0 0 0 0 2 2 2 2 2 4 2 3 6 1 0 9 13 1 1 3 0 2 0
23110945 927 0 1 0 2 1 0 0 0 0 0 0 0 0 0 0 3 2 0 4 13 1 6 4 1 0 1 2 4
23110946 940 2 1 3 1 0 1 1 0 0 0 0 1 0 1 2 2 2 0 1 6 4 3 1 5 13 0 2 0 4 0
23110949 964 10 1 2 1 2 3 1 2 1 3 3 1 0 3 1 0 0 0 0 4 3 3 0 2 0 0 3 2 1 0 0 5 4 4 3 3 6 13
23110950 818 0 1 0 1 1 0 0 0 0 0 0 0 2 1 3 2 3 6 5 8 0 0 7 13 0 3 3 0
23110951 804 10 2 2 3 3 3 1 3 2 1 2 1 0 1 1 0 0 0 0 2 4 4 0 0 3 1 2 4 5 4 0 8 3 3 1 6 9 13
23110952 938 1 1 1 0 3 1 0 0 0 0 1 0 0 13 3 3 0 4 4 1 2 3 1 2 0 0 3 0 2
23110954 920 2 3 3 1 0 1 1 0 0 0 0 0 0 2 0 0 0 2 1 6 1 1 4 4 2 0 13 2 2 5
23110956 848 3 2 3 1 1 0 3 1 0 0 0 0 1 1 1 2 0 4 4 1 7 5 2 0 1 6 4 0 13 5 3
23110960 883 9 2 2 2 1 3 3 3 1 1 1 0 2 1 0 0 0 0 3 3 3 13 3 4 1 4 4 2 0 1 4 0 0 0 0 3 0
23110961 1129 6 1 2 2 1 1 1 1 0 3 1 0 0 0 0 4 2 0 3 2 2 2 4 4 5 3 5 3 13 1 3 0 0 4
23110964 1056 7 2 2 1 1 2 3 2 1 0 3 1 0 0 0 0 2 4 1 1 0 3 0 1 3 3 0 3 2 5 1 3 13 3 3
23110966 991 4 3 1 1 2 1 0 1 1 0 0 0 0 2 1 1 1 2 0 0 4 4 13 0 4 3 3 0 1 2 2 2
23110968 828 5 3 1 3 2 2 1 0 3 1 0 0 0 0 1 2 2 0 0 3 4 0 1 3 3 2 0 13 5 3 4 1 4
23110970 765 7 3 2 1 2 3 2 3 1 0 1 1 0 0 0 0 1 3 3 0 1 3 6 3 0 13 6 0 1 3 4 0 0 0 2
23110971 854 10 2 3 2 1 3 2 1 1 1 3 1 0 3 1 0 0 0 0 4 3 3 8 6 1 3 2 13 1 2 3 0 6 0 0 2 4 0
23110972 974 1 1 1 0 1 1 0 0 0 0 1 0 0 0 0 0 2 2 0 3 3 4 3 13 4 1 5 2 9
23110973 993 11 1 2 1 3 2 1 2 3 2 1 3 1 0 3 1 0 0 0 0 4 4 3 1 0 0 0 4 3 3 2 2 4 5 0 13 3 3 1
23110975 896 2 1 3 1 0 1 1 0 0 0 0 1 0 1 0 3 8 13 2 2 7 3 0 4 1 3 3 2 0 0
23110976 818 0 1 0 3 1 0 0 0 0 0 0 0 0 2 0 3 3 1 1 3 2 5 4 4 0 0 13 9
23110978 801 1 3 1 0 3 1 0 0 0 0 0 0 1 0 2 0 0 1 3 3 8 1 3 6 6 0 2 13 3
23110979 969 5 3 1 3 2 2 1 0 1 1 0 0 0 0 1 2 2 0 6 3 0 0 5 3 1 1 2 3 13 3 3 2 3
23110980 1041 9 3 2 2 1 1 3 3 3 2 1 0 1 1 0 0 0 0 2 3 4 4 2 2 3 6 3 6 1 13 5 1 0 0 1 8 2
23110981 958 5 3 2 1 2 1 1 0 2 1 0 0 0 0 2 2 1 1 5 2 13 3 0 5 4 0 0 3 2 1 0 1 0
23110984 833 5 2 3 2 1 3 1 0 1 1 0 0 0 0 1 2 2 2 4 1 13 1 5 4 2 0 5 8 4 0 0 3 3
23110985 853 6 2 1 1 3 2 1 1 0 2 1 0 0 0 0 3 2 1 0 4 4 13 1 4 5 6 0 2 4 6 0 0 0 3
23110987 935 8 1 2 3 2 3 2 3 2 1 0 1 1 0 0 0 0 1 4 3 0 0 2 1 0 1 2 2 3 1 5 5 1 1 3 13
23110988 783 3 3 2 2 1 0 3 1 0 0 0 0 0 2 1 0 0 1 1 0 0 5 1 3 2 1 3 0 2 4 13
23110990 1057 8 1 2 2 3 1 3 1 2 1 0 3 1 0 0 0 0 3 3 2 13 8 4 2 2 3 1 0 1 5 3 0 3 3 0 0
23110991 881 4 1 3 1 2 1 0 3 1 0 0 0 0 2 1 1 2 0 2 0 1 2 3 0 4 4 5 3 13 5 8 1
23110992 956 8 3 3 1 3 1 1 2 2 3 1 8 0.33333333333333331 9 0.33333333333333331 10 0.33333333333333331 3 2 3 3 9 3 13 2 6 4 0 0 4 1 2 0 1 2 0
23110994 984 1 3 1 0 1 1 0 0 0 0 0 0 1 3 13 3 2 1 3 4 2 0 4 2 3 1 0 0 4
23110996 930 8 2 3 1 1 3 1 1 3 1 0 2 1 0 0 0 0 4 1 3 2 2 3 2 1 1 5 0 13 4 0 0 3 2 3 0
23110997 888 2 1 2 3 1 4 0.33333333333333331 5 0.33333333333333331 6 0.33333333333333331 1 1 0 0 0 1 2 0 7 3 0 0 4 4 5 1 6 2 13
23110998 801 5 1 3 3 2 3 1 0 2 1 0 0 0 0 1 1 3 2 3 0 0 1 7 4 3 3 5 3 1 13 5 9 0
23110999 902 5 3 1 2 3 3 1 0 1 1 0 0 0 0 1 1 3 0 2 8 0 0 6 4 3 3 6 4 3 1 13 3 2
23111001 912 0 1 0 3 1 0 0 0 0 0 0 0 3 3 4 0 8 4 1 3 13 3 2 0 3 4 4 3
23111002 811 11 1 1 2 2 3 1 1 2 2 3 3 1 0 3 1 0 0 0 0 4 4 3 2 0 0 0 0 3 2 0 1 5 4 1 13 6 3 0
23111003 1000 7 2 1 1 2 3 2 2 1 0 3 1 0 0 0 0 2 4 1 0 3 0 0 3 1 0 1 3 4 3 0 4 13 4 0
23111005 929 3 1 1 2 1 0 3 1 0 0 0 0 2 1 0 13 4 0 0 5 2 3 0 1 4 0 1 0 2 0 2
23111007 966 11 2 3 1 2 3 2 1 3 2 1 3 1 0 1 1 0 0 0 0 3 4 4 0 3 4 13 3 0 4 4 0 0 6 2 0 1 0 3
23111008 888 8 3 1 2 3 2 1 3 2 1 0 1 1 0 0 0 0 2 3 3 9 8 6 13 3 5 4 3 1 0 4 2 0 0 3 0
23111010 899 3 2 3 3 1 0 1 1 0 0 0 0 0 1 2 1 2 3 0 3 4 13 1 5 2 0 1 2 0 0 0
23111014 938 0 1 0 1 1 0 0 0 0 0 0 0 2 5 3 13 0 3 0 5 0 0 0 3 0 0 0 4
23111017 741 5 2 2 3 3 2 1 0 1 1 0 0 0 0 0 3 2 3 1 3 13 0 5 4 6 0 1 4 2 0 0 1 0
23111018 930 9 3 2 3 2 3 1 2 1 2 1 0 3 1 0 0 0 0 2 4 3 3 4 5 7 0 0 3 13 0 2 3 4 1 1 5 1
23111019 1007 11 2 3 2 1 2 1 3 3 3 2 1 1 0 1 1 0 0 0 0 3 4 4 0 13 3 1 0 3 2 4 0 5 5 0 3 3 3 0
23111020 972 9 2 1 1 3 3 2 1 2 2 1 0 3 1 0 0 0 0 3 4 2 0 1 0 1 2 4 1 7 0 4 3 13 3 1 2 2
23111023 972 4 1 3 1 3 1 0 3 1 0 0 0 0 2 0 2 13 6 4 0 2 8 3 1 3 4 3 0 0 3 2 2
23111025 986 2 3 3 1 0 1 1 0 0 0 0 0 0 2 3 2 0 0 3 5 4 0 0 3 13 2 2 4 1 1
23111026 830 8 2 3 1 1 2 3 3 2 1 0 1 1 0 0 0 0 2 3 3 5 3 4 5 7 13 6 1 3 6 4 2 4 0 3 0
23111027 962 9 2 1 3 3 2 3 2 1 1 1 0 2 1 0 0 0 0 3 3 3 0 2 5 2 0 0 1 5 1 0 1 13 0 0 0 3
23111029 824 9 2 1 3 1 2 3 2 2 1 1 0 1 1 0 0 0 0 3 4 2 0 0 1 3 4 5 1 3 3 4 7 2 0 3 13 2
23111030 835 7 1 1 2 1 2 2 3 1 0 3 1 0 0 0 0 3 3 1 3 0 1 8 0 1 3 8 3 6 4 2 0 13 5 2
23111033 925 11 2 3 2 2 3 1 3 1 3 1 2 1 0 1 1 0 0 0 0 3 4 4 3 2 0 0 3 5 3 13 3 6 7 8 0 1 1 2
23111035 855 4 3 1 1 3 1 0 3 1 0 0 0 0 2 0 2 13 2 1 0 8 6 1 0 2 6 2 2 5 3 0 0
23111036 981 3 1 2 3 1 0 3 1 0 0 0 0 1 1 1 13 2 2 1 2 4 6 3 3 3 4 0 1 1 3 0
23111037 844 2 1 3 1 0 1 1 0 0 0 0 1 0 1 4 13 5 2 1 2 4 2 4 2 5 0 3 1 0 0
23111039 896 8 3 2 1 3 1 2 2 3 1 0 2 1 0 0 0 0 2 3 3 0 3 0 0 1 4 4 0 2 4 4 0 1 3 13 1
23111040 950 7 2 3 1 2 3 1 1 1 0 3 1 0 0 0 0 3 2 2 2 0 0 2 1 1 2 3 2 5 13 1 0 4 3 3
23111041 831 10 3 1 1 2 3 3 1 2 1 2 1 0 2 1 0 0 0 0 4 3 3 0 3 0 0 0 1 3 8 0 3 5 6 2 3 4 13
23111043 839 11 1 2 2 3 1 2 3 3 1 1 3 1 0 2 1 0 0 0 0 4 3 4 1 2 2 1 4 2 4 3 0 3 6 13 0 5 1 3
23111045 1024 10 3 3 1 2 1 1 3 2 1 2 1 0 2 1 0 0 0 0 4 3 3 0 3 0 0 0 4 1 1 0 2 5 3 3 13 5 2
23111046 966 11 3 1 2 3 2 1 3 2 1 1 3 1 0 2 1 0 0 0 0 4 3 4 0 4 3 13 1 2 5 5 0 2 3 3 0 3 1 0
23111047 893 3 3 1 2 1 0 3 1 0 0 0 0 1 1 1 13 4 2 1 1 5 2 0 2 3 1 0 4 0 3 0
23111048 911 6 1 3 1 2 3 3 1 0 1 1 0 0 0 0 2 1 3 13 7 3 2 4 4 4 0 0 0 3 0 2 0 0 0
23111049 888 6 1 3 3 3 1 2 1 0 2 1 0 0 0 0 2 1 3 0 2 0 1 5 5 0 0 7 6 5 0 13 3 3 4
23111050 930 5 1 2 3 2 3 1 0 1 1 0 0 0 0 1 2 2 0 4 2 13 0 3 3 3 0 0 8 3 1 0 0 3
23111051 855 2 1 1 1 0 1 1 0 0 0 0 2 0 0 2 0 6 0 0 0 3 3 2 5 4 13 1 4 2 2
23111054 1024 3 2 3 3 1 0 3 1 0 0 0 0 0 1 2 2 1 0 0 5 5 3 1 4 7 8 5 13 2 1 3
23111055 951 8 3 3 2 1 2 2 3 1 1 0 1 1 0 0 0 0 2 3 3 0 1 4 3 0 2 7 7 0 3 4 8 2 1 0 13
23111056 859 7 2 2 2 1 2 1 3 1 0 1 1 0 0 0 0 2 4 1 1 1 2 4 3 1 3 3 0 2 4 13 3 0 3 0
23111057 819 5 3 1 2 3 1 1 0 1 1 0 0 0 0 2 1 2 3 3 0 5 0 2 0 6 0 3 13 4 2 1 3 2
23111059 970 9 2 2 2 3 3 3 1 3 1 1 0 1 1 0 0 0 0 2 3 4 0 0 0 1 0 0 3 1 0 2 3 4 2 5 3 13
23111060 983 8 1 3 3 2 2 3 3 1 1 0 1 1 0 0 0 0 2 2 4 0 1 3 13 2 2 7 8 0 0 1 5 0 0 2 0
23111062 713 6 3 1 2 1 3 1 3 1 4 0.33333333333333331 5 0.33333333333333331 6 0.33333333333333331 3 1 2 2 2 0 0 4 5 4 1 3 2 8 13 3 3 4 3
23111063 802 8 3 1 2 3 2 1 1 2 1 0 2 1 0 0 0 0 3 3 2 6 7 0 0 0 5 4 0 5 2 1 3 1 4 13 0
23111065 953 11 2 3 1 1 1 1 2 2 2 3 3 1 0 3 1 0 0 0 0 4 4 3 0 3 0 1 7 8 2 0 6 5 3 0 13 6 5 3
23111066 900 6 2 2 3 1 3 1 1 0 3 1 0 0 0 0 2 2 2 2 3 3 1 0 1 13 3 1 3 2 5 0 3 2 3
23111069 878 2 2 1 1 0 1 1 0 0 0 0 1 1 0 2 3 4 13 3 1 4 3 0 3 2 5 0 0 0 3
23111070 762 8 3 2 1 2 3 1 1 3 1 0 2 1 0 0 0 0 3 2 3 5 2 2 1 0 13 3 1 3 3 4 6 0 2 1 0
23111072 865 0 1 0 1 1 0 0 0 0 0 0 0 0 3 0 0 0 5 3 13 1 3 3 6 2 4 4 2
23111073 847 11 1 3 2 1 3 3 3 2 1 1 2 1 0 2 1 0 0 0 0 4 3 4 13 3 3 1 2 3 4 2 3 5 3 0 1 0 3 0
23111077 976 7 1 3 1 3 3 2 1 1 0 2 1 0 0 0 0 3 1 3 1 2 4 2 3 3 5 1 13 6 3 0 3 2 0 0
23111079 753 1 1 1 0 2 1 0 0 0 0 1 0 0 0 0 0 4 0 3 5 2 3 0 3 13 4 3 4 1
23111081 869 7 2 1 3 1 1 2 2 1 0 3 1 0 0 0 0 3 3 1 0 0 4 3 2 7 5 3 0 4 13 6 0 8 1 4
23111082 916 6 2 2 1 2 1 1 1 0 3 1 0 0 0 0 3 3 0 13 1 9 0 5 5 2 0 2 4 4 3 0 0 3 1
23111084 866 5 1 2 3 2 3 1 0 3 1 0 0 0 0 1 2 2 0 1 2 4 1 4 6 3 1 0 7 13 0 3 2 3
23111088 867 6 1 1 1 2 3 3 1 0 1 1 0 0 0 0 3 1 2 0 8 2 13 3 0 4 8 0 3 2 6 0 2 0 0
23111093 896 0 3 1 6 0.33333333333333331 7 0.33333333333333331 8 0.33333333333333331 0 0 0 3 6 0 0 4 4 3 0 2 3 2 0 1 3 13 1
23111096 970 6 2 2 1 2 1 1 1 0 3 1 0 0 0 0 3 3 0 0 2 0 0 0 0 3 1 3 2 3 3 4 1 4 13
23111097 935 5 1 1 2 3 3 1 0 3 1 0 0 0 0 2 1 2 4 13 2 1 6 6 4 0 3 3 5 0 2 0 4 0
23111098 812 10 1 3 1 2 1 3 2 1 2 3 1 0 3 1 0 0 0 0 4 3 3 2 4 3 0 7 5 4 0 3 7 1 2 3 6 13 0
23111099 1010 11 3 1 3 3 1 1 2 2 1 2 2 1 0 3 1 0 0 0 0 4 4 3 13 9 3 3 6 7 5 0 3 3 1 0 3 2 0 0
23111100 987 3 2 2 1 1 0 3 1 0 0 0 0 1 2 0 0 4 1 13 1 3 6 2 3 3 1 5 0 0 0 2
23111102 860 3 3 3 3 1 0 1 1 0 0 0 0 0 0 3 5 4 3 13 0 1 8 3 2 0 3 0 2 0 0 0
23111104 947 3 1 2 3 1 0 3 1 0 0 0 0 1 1 1 1 5 13 2 7 1 3 2 0 5 2 0 1 3 0 0
23111106 918 7 2 1 2 3 2 1 1 1 0 2 1 0 0 0 0 3 3 1 0 4 6 4 1 1 6 13 0 5 3 4 0 2 0 3
23111107 989 9 2 2 3 1 2 1 3 1 3 1 0 2 1 0 0 0 0 3 3 3 1 13 3 0 3 7 3 6 0 3 2 1 3 0 3 0
23111109 1053 2 2 1 1 0 2 1 0 0 0 0 1 1 0 1 4 6 13 3 4 4 5 0 0 0 2 0 1 0 0
23111110 816 10 3 1 1 2 3 2 3 2 3 2 1 0 1 1 0 0 0 0 2 4 4 6 1 2 0 4 5 4 4 1 13 2 3 4 1 4 3
23111111 803 11 3 3 3 1 2 1 1 3 2 2 2 1 0 1 1 0 0 0 0 3 4 4 2 6 8 13 0 3 6 3 1 5 4 1 0 2 0 0
23111113 854 3 3 1 3 1 0 2 1 0 0 0 0 1 0 2 0 0 0 1 2 3 1 0 5 5 2 3 13 8 5 3
23111114 968 10 2 3 3 3 2 1 2 1 3 2 1 0 1 1 0 0 0 0 2 4 4 13 7 4 0 5 2 0 0 1 3 3 1 1 0 2 0
23111115 819 11 1 2 1 3 3 2 3 3 2 1 2 1 0 1 1 0 0 0 0 3 4 4 3 0 4 3 3 2 5 2 0 1 3 13 0 0 0 1
23111116 734 6 2 3 1 1 2 1 1 0 2 1 0 0 0 0 3 2 1 0 0 1 3 1 3 1 13 2 3 5 4 2 4 2 6
23111117 1000 6 2 1 3 1 2 2 1 0 3 1 0 0 0 0 2 3 1 2 0 0 0 0 4 5 0 1 1 4 4 13 10 6 0
23111118 803 7 1 2 3 2 1 2 1 1 0 3 1 0 0 0 0 3 3 1 2 4 3 3 13 6 5 0 1 2 3 7 0 1 0 0
23111119 951 4 2 1 3 2 1 0 3 1 0 0 0 0 1 2 1 0 2 0 0 13 1 2 0 1 5 5 4 8 3 3 1
23111120 783 4 1 1 3 3 1 0 2 1 0 0 0 0 2 0 2 0 3 0 2 13 6 4 3 4 3 5 2 2 1 3 1
23111121 778 11 3 2 3 1 3 1 2 2 3 2 1 1 0 1 1 0 0 0 0 3 4 4 3 5 13 3 1 3 2 5 0 0 4 4 0 0 3 3
23111122 969 9 3 2 1 3 1 1 2 3 1 1 0 2 1 0 0 0 0 4 2 3 0 0 2 0 1 13 2 0 4 5 4 3 1 6 4 2
23111123 874 6 2 1 2 3 2 1 1 0 1 1 0 0 0 0 2 3 1 3 1 4 2 5 3 3 3 0 5 2 13 0 0 0 1
23111125 885 1 2 1 0 3 1 0 0 0 0 0 1 0 0 2 1 7 0 0 7 13 0 6 4 3 3 0 1 3
23111128 917 8 1 3 3 1 2 3 1 2 1 0 1 1 0 0 0 0 3 2 3 13 3 3 0 1 2 4 0 4 3 7 2 0 0 2 3
23111129 1068 0 1 0 1 1 0 0 0 0 0 0 0 3 1 2 3 1 3 2 2 0 4 1 13 0 3 0 2
23111130 918 5 1 1 3 2 3 1 0 3 1 0 0 0 0 2 1 2 3 6 13 0 3 7 10 3 6 2 1 0 0 4 2 3
23111132 1001 2 3 2 1 0 1 1 0 0 0 0 0 1 1 2 3 3 4 1 3 4 5 0 3 5 13 0 0 0 3
23111133 789 9 2 3 1 2 1 1 2 2 1 1 0 3 1 0 0 0 0 4 4 1 3 2 3 0 4 3 4 0 13 7 0 0 3 1 4 3
23111134 830 10 3 1 3 2 3 2 1 3 2 1 1 0 2 1 0 0 0 0 3 3 4 4 5 1 3 13 4 5 3 3 2 0 0 0 0 1 0
23111136 816 2 1 1 1 0 1 1 0 0 0 0 2 0 0 5 2 2 4 4 1 3 5 0 3 5 13 0 0 2 2
23111138 990 1 2 1 0 3 1 0 0 0 0 0 1 0 13 4 2 1 3 3 5 0 0 2 1 0 0 3 1 3
23111139 910 10 3 3 3 3 1 2 1 2 2 2 1 0 1 1 0 0 0 0 2 4 4 0 3 2 3 1 2 1 13 2 4 3 1 0 1 6 5
23111140 920 3 1 2 3 1 0 3 1 0 0 0 0 1 1 1 0 13 2 3 0 4 5 2 1 6 0 1 0 0 0 5
23111142 873 11 2 3 2 1 1 3 3 1 1 2 3 1 0 2 1 0 0 0 0 4 3 4 4 3 2 1 13 5 6 0 3 5 2 0 4 1 0 0
23111144 945 10 2 3 3 2 3 2 1 1 2 1 1 0 3 1 0 0 0 0 3 4 3 0 1 3 13 3 2 8 4 0 5 6 4 1 0 3 7
23111145 1051 6 3 2 1 1 2 2 1 0 1 1 0 0 0 0 2 3 1 13 4 3 2 4 4 3 5 3 5 0 0 0 1 0 0
23111146 961 7 3 1 3 1 2 2 2 1 0 1 1 0 0 0 0 2 3 2 0 0 2 0 1 3 3 6 0 2 4 1 0 3 4 13
23111148 905 7 2 1 1 1 2 3 3 1 0 2 1 0 0 0 0 3 2 2 0 0 13 3 0 2 6 1 1 2 3 4 0 0 3 5
23111149 884 9 3 2 1 1 1 1 3 2 3 1 0 3 1 0 0 0 0 4 2 3 0 0 2 0 0 13 1 4 0 3 3 5 2 2 0 3
23111150 780 9 1 3 1 2 1 3 2 3 2 1 0 3 1 0 0 0 0 3 3 3 2 3 13 2 1 7 3 8 2 4 0 4 0 0 1 1
23111151 966 5 1 2 3 3 2 1 0 3 1 0 0 0 0 1 2 2 0 0 0 3 2 1 1 5 0 1 5 2 0 4 4 13
23111152 895 8 1 3 3 3 1 2 2 1 1 0 3 1 0 0 0 0 3 2 3 3 13 3 2 2 5 5 1 5 2 3 0 0 0 0 1
23111153 1011 7 1 3 2 1 2 3 1 1 0 3 1 0 0 0 0 3 2 2 0 0 2 0 2 0 0 0 3 6 1 5 13 8 6 0
23111156 1027 4 3 1 2 2 1 0 3 1 0 0 0 0 1 2 1 2 2 6 13 4 5 3 3 1 3 6 3 0 0 1 1
23111157 971 6 1 3 1 1 2 3 1 0 1 1 0 0 0 0 3 1 2 13 4 2 2 6 4 4 0 4 3 5 2 3 0 0 0
23111158 1141 1 1 1 0 3 1 0 0 0 0 1 0 0 3 2 0 0 5 4 0 0 7 7 4 1 13 3 2 3
23111159 866 4 2 3 2 1 3 1 8 0.33333333333333331 9 0.33333333333333331 10 0.33333333333333331 1 2 1 0 2 3 1 1 2 6 3 3 5 5 13 1 4 0 0
23111160 912 6 2 2 2 2 1 1 3 1 4 0.33333333333333331 5 0.33333333333333331 6 0.33333333333333331 2 4 0 4 1 1 0 6 7 0 0 6 4 3 4 13 6 0 3
23111161 929 1 1 1 0 1 1 0 0 0 0 1 0 0 0 3 0 0 0 3 3 3 3 5 3 13 2 3 2 3
23111163 799 10 1 3 2 3 2 3 2 1 1 2 1 0 1 1 0 0 0 0 3 4 3 3 0 3 0 4 1 4 2 3 13 4 0 4 3 3 3
23111164 847 2 1 1 1 0 3 1 0 0 0 0 2 0 0 0 2 0 7 0 3 5 1 3 2 5 13 0 2 0 0
23111166 891 3 2 3 1 1 0 3 1 0 0 0 0 1 1 1 0 1 5 0 1 4 3 3 0 2 13 1 0 6 2 2
23111167 1058 3 1 3 3 1 0 2 1 0 0 0 0 1 0 2 2 4 0 2 1 5 1 0 6 4 1 0 2 4 13 0
23111169 980 10 1 1 1 3 2 2 1 3 3 2 1 0 2 1 0 0 0 0 4 3 3 2 5 3 13 4 3 2 1 0 0 6 1 0 0 0 3
23111171 1117 9 2 2 1 3 1 3 3 3 2 1 0 2 1 0 0 0 0 2 3 4 13 2 0 1 5 3 1 1 4 2 0 0 1 3 0 0
23111173 804 8 1 2 3 3 1 3 3 2 1 0 1 1 0 0 0 0 2 2 4 2 13 3 5 1 4 3 0 1 5 6 3 0 2 2 0
23111174 894 7 3 2 1 2 2 3 2 1 0 1 1 0 0 0 0 1 4 2 0 5 3 13 1 9 4 1 3 8 3 5 3 2 3 1
23111175 963 6 3 2 1 2 1 1 1 0 2 1 0 0 0 0 3 2 1 13 8 4 3 4 6 4 0 1 5 3 0 3 0 2 0
23111179 931 2 1 2 1 0 2 1 0 0 0 0 1 1 0 0 2 9 13 0 5 3 4 1 3 7 3 0 1 0 0
23111180 980 0 1 0 3 1 0 0 0 0 0 0 0 3 1 2 0 7 4 2 0 13 1 3 3 0 3 1 2
23111182 729 5 1 1 2 2 1 1 0 3 1 0 0 0 0 3 2 0 3 1 13 3 5 2 5 1 0 6 2 4 0 7 0 2
23111185 890 1 3 1 0 3 1 0 0 0 0 0 0 1 3 6 0 0 13 2 1 0 1 5 2 0 4 0 2 1
23111189 724 0 1 0 1 1 0 0 0 0 0 0 0 3 1 0 0 3 5 0 0 2 6 0 0 3 13 3 2
23111190 847 0 1 0 1 1 0 0 0 0 0 0 0 5 3 3 0 1 8 5 1 13 3 6 2 2 0 2 0
23111191 1036 4 3 2 3 2 1 0 1 1 0 0 0 0 0 2 2 0 0 2 3 2 3 1 3 1 3 5 5 0 5 13 1
23111192 989 5 1 2 3 3 2 1 0 1 1 0 0 0 0 1 2 2 13 2 4 4 1 3 7 0 1 5 2 0 0 1 0 2
23111193 838 10 3 3 2 1 2 2 1 3 3 1 1 0 1 1 0 0 0 0 3 3 4 2 2 1 5 0 3 4 3 0 4 7 3 0 4 8 13
23111194 947 2 3 1 1 0 2 1 0 0 0 0 1 0 1 0 2 0 0 13 1 3 1 6 5 8 2 1 2 4 0
23111195 898 10 2 2 2 3 3 3 3 1 1 1 3 1 6 0.33333333333333331 7 0.33333333333333331 8 0.33333333333333331 3 3 4 13 9 3 8 2 5 1 1 6 4 6 2 5 0 8 0
23111197 940 2 3 3 1 0 1 1 0 0 0 0 0 0 2 13 4 1 2 7 6 6 3 6 4 0 0 3 2 0 0
23111200 927 8 3 2 3 1 2 2 3 1 1 0 2 1 0 0 0 0 2 3 3 13 7 2 1 9 5 1 0 6 3 0 0 1 3 0 0
23111201 993 6 2 1 1 1 3 3 1 0 2 1 0 0 0 0 3 1 2 2 3 2 3 4 6 2 0 3 5 13 1 1 3 0 3
23111204 980 4 3 3 1 2 1 0 1 1 0 0 0 0 1 1 2 0 0 3 2 0 2 3 2 0 13 5 6 3 1 1 3
23111205 779 4 3 2 3 1 1 0 3 1 0 0 0 0 1 1 2 1 2 13 7 0 3 5 1 0 2 0 2 0 4 0 1
23111206 927 2 3 1 3 1 5 0.33333333333333331 6 0.33333333333333331 7 0.33333333333333331 1 0 1 0 13 7 3 0 4 6 6 2 7 5 5 0 1 2 4
23111207 787 3 3 1 3 1 0 1 1 0 0 0 0 1 0 2 2 2 0 0 13 5 2 3 5 5 0 0 1 3 5 3
23111208 799 5 1 3 1 3 3 1 0 2 1 0 0 0 0 2 0 3 0 3 6 1 5 0 4 3 6 7 3 2 1 13 2 2
23111209 843 4 1 2 3 2 1 0 3 1 0 0 0 0 1 2 1 13 4 1 3 4 3 4 1 3 3 1 2 2 0 0 0
23111210 737 8 3 3 1 2 1 1 1 2 1 0 3 1 0 0 0 0 4 2 2 6 0 0 2 5 3 7 3 4 13 3 4 3 3 4 2
23111211 839 3 2 1 1 1 0 3 1 0 0 0 0 2 1 0 0 0 0 3 2 3 6 3 3 7 4 1 0 13 5 2
23111212 894 7 3 2 3 1 2 2 1 1 0 3 1 0 0 0 0 2 3 2 1 3 4 3 2 13 3 0 2 4 5 1 1 3 0 0
23111213 806 5 2 2 3 3 1 1 0 1 1 0 0 0 0 1 2 2 3 5 13 4 0 0 4 3 0 2 1 0 0 0 1 2
23111214 967 6 1 3 3 2 2 1 1 0 2 1 0 0 0 0 2 2 2 0 6 0 1 0 2 3 4 3 6 3 6 3 1 4 13
23111215 900 3 3 3 2 1 0 2 1 0 0 0 0 0 1 2 2 1 6 13 1 3 4 7 3 4 5 4 0 0 3 1
23111216 947 10 3 1 1 2 1 2 3 2 3 3 1 0 1 1 0 0 0 0 3 3 4 1 2 2 3 6 4 0 0 3 13 5 1 0 0 2 0
23111217 1000 4 3 1 1 3 1 0 3 1 0 0 0 0 2 0 2 0 2 0 1 0 3 2 2 0 1 6 4 2 3 3 13
23111218 909 6 3 1 3 3 1 1 1 0 1 1 0 0 0 0 3 0 3 0 0 2 2 3 2 4 3 0 2 5 13 0 5 1 2
23111221 855 1 3 1 0 3 1 0 0 0 0 0 0 1 13 3 2 3 6 3 1 0 3 7 4 0 2 0 1 0
23111223 968 8 2 2 3 3 1 2 1 1 1 0 3 1 0 0 0 0 3 3 2 4 3 3 0 13 5 6 2 0 6 0 0 0 3 0 1
23111224 1004 6 2 2 2 3 3 1 1 0 1 1 0 0 0 0 1 3 2 0 0 0 2 13 3 1 1 7 4 2 0 8 4 4 1
23111225 832 11 2 3 3 3 1 2 3 1 2 2 1 1 0 1 1 0 0 0 0 3 4 4 2 0 0 0 13 1 3 2 1 5 3 0 3 7 4 3
23111226 878 6 1 2 3 2 3 1 1 0 2 1 0 0 0 0 2 2 2 13 3 1 0 4 6 4 1 5 0 0 2 0 3 0 0
23111228 879 10 3 3 2 1 2 2 3 1 1 2 1 0 3 1 0 0 0 0 3 4 3 0 0 0 3 0 5 3 4 0 3 4 4 1 0 3 13
23111229 939 10 2 3 1 3 3 1 3 2 2 2 1 0 1 1 0 0 0 0 2 4 4 0 5 4 0 2 8 7 4 1 5 13 2 3 1 3 1
23111232 804 5 2 2 1 1 3 1 0 3 1 0 0 0 0 2 2 1 0 0 3 0 3 1 3 2 5 3 4 3 5 3 13 3
23111233 913 3 3 2 3 1 0 2 1 0 0 0 0 0 1 2 4 2 0 0 13 2 0 1 1 5 1 4 1 3 3 0
23111234 1014 11 1 2 3 2 3 1 3 3 1 1 2 1 0 2 1 0 0 0 0 4 3 4 0 2 0 3 0 3 3 1 3 5 13 0 4 6 3 0
23111237 960 10 1 3 3 1 3 2 3 1 1 2 1 0 2 1 0 0 0 0 4 2 4 2 4 4 0 4 4 0 2 13 3 3 0 0 1 3 0
23111238 812 7 2 1 2 2 3 1 3 1 0 3 1 0 0 0 0 2 3 2 1 13 7 3 4 8 2 1 1 0 5 0 0 2 3 0
23111241 946 5 3 2 2 3 1 1 0 1 1 0 0 0 0 1 2 2 0 2 0 0 0 4 3 3 4 5 4 0 3 1 13 0
23111242 995 9 2 1 2 3 2 2 3 1 1 1 0 3 1 0 0 0 0 3 4 2 0 13 2 4 0 4 4 1 1 3 1 2 3 0 3 0
23111243 1054 10 1 2 1 3 3 1 1 3 2 2 1 0 2 1 0 0 0 0 4 3 3 0 3 3 3 3 1 0 2 1 4 13 3 0 3 3 2
23111246 959 4 3 2 1 3 1 0 1 1 0 0 0 0 1 1 2 6 6 9 13 0 5 3 5 0 5 6 3 0 2 0 0
23111248 890 11 1 2 1 2 3 2 3 3 1 3 2 1 0 1 1 0 0 0 0 3 4 4 2 3 0 0 9 1 3 2 1 3 3 0 13 4 5 4
23111249 790 0 1 0 3 1 0 0 0 0 0 0 0 5 4 1 1 1 2 13 3 6 5 8 3 0 2 2 4
23111253 920 9 1 2 2 3 1 2 1 2 3 1 0 3 1 0 0 0 0 3 4 2 4 2 5 13 0 4 1 4 0 3 3 9 0 0 1 0
23111254 810 5 2 2 1 3 3 1 0 2 1 0 0 0 0 1 2 2 2 7 13 1 4 5 6 1 4 1 4 3 0 3 0 8
23111255 777 9 2 3 1 3 3 3 2 1 1 1 0 2 1 0 0 0 0 3 2 4 4 2 0 2 3 3 13 1 4 5 9 0 3 3 3 1
23111258 884 10 1 2 3 3 1 1 2 3 2 1 1 0 3 1 0 0 0 0 4 3 3 4 2 0 0 3 3 4 0 2 13 1 3 3 3 4 9
23111259 846 7 3 1 2 3 2 3 1 1 0 2 1 0 0 0 0 2 2 3 5 5 1 3 0 3 3 2 0 4 5 13 0 8 1 0
23111260 943 10 2 3 1 3 2 1 2 2 3 1 1 0 3 1 0 0 0 0 3 4 3 1 2 2 13 0 5 5 1 0 3 1 1 0 2 0 4
23111261 792 10 1 1 1 3 3 2 1 2 3 2 1 0 3 1 0 0 0 0 4 3 3 3 1 3 13 2 7 6 7 0 0 5 5 0 0 3 2
23111262 994 3 3 3 2 1 0 1 1 0 0 0 0 0 1 2 0 0 3 1 2 4 0 0 6 5 13 0 4 4 3 0
23111263 815 8 2 2 2 3 1 1 3 2 1 0 1 1 0 0 0 0 2 4 2 2 1 0 0 4 13 7 3 4 5 4 0 3 1 3 0
23111264 830 9 3 2 1 2 3 3 2 2 1 1 0 3 1 0 0 0 0 2 4 3 0 2 4 13 0 3 7 1 1 1 4 2 0 0 3 1
23111265 984 2 3 2 1 0 2 1 0 0 0 0 0 1 1 1 1 2 3 1 3 7 13 0 5 5 1 0 3 0 2
23111266 1022 5 3 2 2 2 2 1 0 1 1 0 0 0 0 0 4 1 0 0 5 1 0 3 1 2 0 5 3 4 1 1 4 13
23111271 1041 7 1 1 1 3 2 2 3 1 0 1 1 0 0 0 0 3 2 2 2 0 0 0 13 1 3 2 4 4 7 2 5 4 0 0
23111272 944 1 2 1 0 1 1 0 0 0 0 0 1 0 13 7 4 2 3 4 3 0 0 6 0 3 3 1 0 0
23111273 969 9 3 3 1 2 1 3 1 2 2 1 0 3 1 0 0 0 0 3 3 3 0 1 4 13 1 1 4 2 3 4 2 6 0 0 3 2
23111274 972 5 3 2 2 2 1 1 0 1 1 0 0 0 0 1 3 1 2 4 3 3 0 3 13 1 0 1 5 7 0 3 3 0
23111276 898 7 2 1 2 2 3 2 3 1 0 1 1 0 0 0 0 1 4 2 0 3 1 2 0 0 3 8 0 3 5 4 1 13 4 1
23111277 885 8 3 2 1 1 2 3 1 3 1 0 2 1 0 0 0 0 3 2 3 13 8 6 3 4 5 4 1 4 0 0 0 2 5 0 0
23111278 881 11 1 3 1 2 2 3 3 1 3 1 2 1 0 2 1 0 0 0 0 4 3 4 3 0 2 0 5 3 4 3 7 3 5 1 13 3 0 0
23111279 976 6 2 1 2 3 1 3 1 0 1 1 0 0 0 0 2 2 2 4 1 3 2 3 2 5 4 13 3 0 0 0 3 0 0
23111280 938 3 2 3 2 1 0 1 1 0 0 0 0 0 2 1 0 0 13 8 3 4 1 5 0 3 3 4 0 0 3 3
23111281 936 7 2 2 1 1 1 2 3 1 0 3 1 0 0 0 0 3 3 1 0 0 2 0 4 4 13 4 1 2 1 3 3 4 3 6
23111282 909 5 3 2 3 1 1 1 0 2 1 0 0 0 0 2 1 2 0 2 3 13 2 4 3 4 0 4 3 3 1 1 0 0
23111284 887 8 3 3 2 1 2 1 1 2 1 0 3 1 0 0 0 0 3 3 2 0 0 3 0 2 4 1 3 0 7 5 13 2 4 5 1
23111285 970 6 3 2 1 3 2 1 1 0 3 1 0 0 0 0 2 2 2 2 2 0 1 1 3 5 1 0 0 5 3 0 2 7 13
23111286 965 7 3 3 1 2 1 2 2 1 0 3 1 0 0 0 0 2 3 2 3 0 0 3 3 3 8 0 2 3 6 1 13 5 1 0
23111287 957 2 2 1 1 0 3 1 0 0 0 0 1 1 0 0 1 0 0 7 3 0 0 9 3 2 3 13 3 3 0
23111288 981 4 1 3 1 3 1 0 1 1 0 0 0 0 2 0 2 0 3 3 2 0 13 3 8 0 2 3 7 3 2 6 4
23111290 940 7 1 2 3 1 1 2 2 1 0 3 1 0 0 0 0 3 3 1 0 13 5 7 3 4 4 2 0 0 5 1 0 0 0 3
23111292 836 11 3 2 2 2 1 3 3 2 1 1 3 1 0 1 1 0 0 0 0 3 4 4 3 5 0 0 4 2 4 2 5 1 6 2 13 1 1 0
23111293 754 4 1 1 2 3 1 0 1 1 0 0 0 0 2 1 1 4 1 2 3 1 4 2 2 3 13 2 2 1 3 0 0
23111295 931 0 1 0 1 1 0 0 0 0 0 0 0 4 0 0 0 0 2 4 13 4 3 5 4 2 1 5 3
23111296 891 4 1 3 3 2 1 0 2 1 0 0 0 0 1 1 2 0 0 0 1 13 5 2 0 1 5 6 7 3 3 2 1
23111298 806 9 1 2 2 2 1 1 3 3 3 1 0 3 1 0 0 0 0 3 3 3 1 3 3 4 5 4 13 3 0 3 1 2 0 0 2 3
23111300 842 7 1 3 2 1 2 2 3 1 0 3 1 0 0 0 0 2 3 2 2 1 5 3 0 3 4 4 0 2 1 13 0 6 1 0
23111301 781 4 2 3 2 1 1 0 1 1 0 0 0 0 1 2 1 2 4 2 4 8 13 3 0 5 6 1 3 0 1 2 1
23111302 973 4 2 2 3 2 1 0 2 1 0 0 0 0 0 3 1 0 0 0 1 0 0 4 1 1 3 7 6 0 1 4 13
23111303 949 2 1 3 1 0 1 1 0 0 0 0 1 0 1 0 3 6 1 9 2 5 8 3 13 3 2 3 6 4 2
23111304 996 4 3 1 2 3 1 0 2 1 0 0 0 0 1 1 2 3 0 1 0 2 2 3 0 0 1 4 1 0 6 7 13
23111306 1024 10 2 1 3 1 2 3 2 3 1 2 1 0 3 1 0 0 0 0 3 4 3 3 3 1 0 1 3 4 3 4 2 13 1 3 2 3 0
23111307 902 7 2 2 1 2 1 2 1 1 0 3 1 0 0 0 0 3 4 0 1 0 2 0 13 5 6 3 1 3 4 2 3 3 1 3
23111308 953 3 2 2 1 1 0 1 1 0 0 0 0 1 2 0 1 0 3 0 0 0 2 7 2 4 1 7 0 3 5 13
23111310 946 2 2 2 1 0 2 1 0 0 0 0 0 2 0 0 0 1 3 4 5 1 1 3 6 1 13 0 3 2 3
23111311 944 9 2 3 1 2 3 1 3 2 2 1 0 3 1 0 0 0 0 2 4 3 3 3 6 1 2 13 5 2 3 1 3 0 1 1 0 0
23111312 861 11 2 3 2 3 1 1 1 3 2 2 1 1 0 3 1 0 0 0 0 4 4 3 1 0 1 2 2 7 6 3 3 5 3 1 0 2 13 4
23111314 857 9 3 2 3 2 1 1 2 3 3 1 0 2 1 0 0 0 0 2 3 4 0 0 0 1 6 1 3 4 3 4 6 2 4 13 3 1
23111315 884 9 3 1 2 3 2 3 2 3 1 3 1 6 0.33333333333333331 7 0.33333333333333331 8 0.33333333333333331 2 3 4 1 4 4 1 0 5 13 6 2 2 4 3 0 0 0 1
23111316 819 1 3 1 0 1 1 0 0 0 0 0 0 1 0 1 0 0 2 4 1 13 0 2 3 9 2 5 3 4
23111318 801 1 2 3 1 5 0.33333333333333331 6 0.33333333333333331 7 0.33333333333333331 0 1 0 2 6 7 4 1 7 4 13 0 0 5 3 0 3 5 1
23111320 827 3 2 1 1 1 0 2 1 0 0 0 0 2 1 0 0 3 0 3 4 3 3 0 7 3 3 0 13 7 4 0
23111321 854 11 1 3 3 3 2 2 1 2 1 1 2 1 0 3 1 0 0 0 0 4 4 3 6 0 2 0 4 1 3 0 3 5 1 0 13 3 2 3
23111324 841 0 1 0 2 1 0 0 0 0 0 0 0 0 2 4 3 0 1 4 7 1 3 4 8 0 5 4 13
23111326 967 11 1 1 2 3 2 3 3 2 1 2 1 1 0 3 1 0 0 0 0 4 4 3 0 0 3 1 13 3 2 1 1 5 4 2 7 3 9 2
23111328 963 1 3 1 0 3 1 0 0 0 0 0 0 1 1 4 2 6 3 13 4 1 1 4 6 0 0 2 2 0
23111331 854 4 2 1 3 1 3 1 6 0.33333333333333331 7 0.33333333333333331 8 0.33333333333333331 2 1 1 13 2 4 1 8 5 4 0 3 4 7 3 0 6 2 0
23111332 868 9 1 2 1 3 3 2 2 1 3 1 0 1 1 0 0 0 0 3 3 3 0 0 1 3 0 6 5 2 0 4 5 3 2 4 8 13
23111333 851 5 2 3 3 3 2 1 0 1 1 0 0 0 0 0 2 3 0 0 0 1 0 1 0 3 3 5 3 3 2 6 8 13
23111334 940 1 3 1 0 1 1 0 0 0 0 0 0 1 3 3 0 3 2 5 4 3 3 2 3 0 13 1 3 0
23111336 973 7 3 3 1 1 2 1 3 1 0 2 1 0 0 0 0 3 1 3 0 2 0 2 3 4 1 1 3 2 1 6 2 3 4 13
23111337 929 11 3 3 1 2 2 2 3 2 1 3 1 1 0 1 1 0 0 0 0 3 4 4 0 3 3 3 0 2 1 5 2 4 5 8 3 13 6 1
23111338 948 3 1 3 1 1 0 1 1 0 0 0 0 2 0 1 4 0 0 0 5 3 2 3 1 6 2 2 13 2 3 0
23111341 753 10 2 2 1 3 3 2 1 1 2 3 1 0 3 1 0 0 0 0 3 4 3 3 0 1 1 6 4 1 0 8 5 2 0 13 2 3 0
23111344 988 4 1 3 1 1 1 0 3 1 0 0 0 0 3 0 1 4 2 2 0 2 3 4 3 0 6 13 0 0 1 0 2
23111346 842 8 1 1 3 3 3 1 3 2 1 0 2 1 0 0 0 0 3 1 4 13 3 3 0 6 4 1 0 4 0 0 2 2 0 0 0
23111350 881 6 3 3 1 1 1 3 3 1 8 0.33333333333333331 9 0.33333333333333331 10 0.33333333333333331 3 0 3 0 3 2 0 3 5 0 3 4 6 4 4 2 3 13 2
23111351 761 6 3 1 1 1 2 2 1 0 2 1 0 0 0 0 3 2 1 1 4 13 6 4 5 5 3 2 1 2 3 0 3 3 0
23111352 977 11 3 3 1 2 1 1 2 2 2 3 3 1 0 1 1 0 0 0 0 3 4 4 3 7 3 3 1 13 2 2 4 3 0 0 0 1 0 0
23111353 803 7 1 2 2 2 2 3 1 1 0 1 1 0 0 0 0 2 4 1 3 3 0 0 3 5 4 3 3 6 4 1 13 7 4 0
23111355 951 0 1 0 3 1 0 0 0 0 0 0 0 13 8 4 1 2 7 3 0 2 4 5 3 3 0 1 0
23111362 916 8 2 3 2 1 2 1 3 2 1 0 3 1 0 0 0 0 2 4 2 1 0 3 0 3 0 4 1 5 4 13 0 3 3 3 0
23111363 945 3 1 3 1 1 0 1 1 0 0 0 0 2 0 1 3 9 13 1 2 3 3 3 2 4 3 4 2 8 2 0
23111366 932 2 1 3 1 0 1 1 0 0 0 0 1 0 1 3 6 4 2 0 3 13 1 2 5 5 7 2 9 0 0
23111367 1029 11 1 2 3 2 3 2 3 3 1 2 1 1 0 1 1 0 0 0 0 3 4 4 0 0 3 0 0 3 13 3 1 4 5 1 0 2 3 2
23111369 946 7 1 2 3 3 3 1 1 1 0 2 1 0 0 0 0 3 1 3 0 3 4 3 9 13 5 3 0 0 2 2 0 0 4 1
23111370 958 2 1 2 1 0 1 1 0 0 0 0 1 1 0 1 3 0 0 3 3 2 2 5 7 4 6 13 8 5 0
23111371 882 5 1 3 2 1 2 1 0 3 1 0 0 0 0 2 2 1 13 4 3 0 7 4 1 0 3 2 5 1 3 3 0 2
23111374 1006 7 2 2 1 3 2 1 2 1 0 1 1 0 0 0 0 2 4 1 3 1 4 0 1 13 3 3 3 2 3 4 0 7 3 0
23111375 1009 0 1 0 3 1 0 0 0 0 0 0 0 0 2 2 0 1 1 5 1 0 2 6 3 0 7 3 13
23111377 840 3 1 1 3 1 0 3 1 0 0 0 0 2 0 1 3 0 1 0 2 5 2 2 3 4 4 0 13 4 2 1
23111378 772 6 1 1 2 3 1 3 1 0 3 1 0 0 0 0 3 1 2 2 4 13 2 4 3 3 0 3 6 1 0 0 2 0 0
23111380 944 8 3 2 1 3 3 2 3 1 1 0 1 1 0 0 0 0 2 2 4 2 1 3 13 3 1 3 6 3 6 4 5 0 2 3 2
23111381 866 10 1 3 3 2 1 2 2 1 2 1 1 0 3 1 0 0 0 0 4 4 2 3 1 0 0 4 5 3 3 4 9 4 2 7 3 13 0
23111382 930 10 2 2 3 1 3 1 3 3 2 2 1 0 1 1 0 0 0 0 2 4 4 0 0 0 1 3 3 0 0 3 6 8 3 13 3 4 3
23111385 1013 8 3 2 3 3 1 1 3 2 3 1 7 0.33333333333333331 8 0.33333333333333331 9 0.33333333333333331 2 2 4 2 5 1 1 13 4 2 0 4 5 2 0 2 1 0 1
23111386 975 9 2 3 3 3 1 3 2 2 1 1 0 2 1 0 0 0 0 2 3 4 2 6 5 1 0 1 13 3 0 4 1 3 1 0 2 6
23111388 970 0 1 0 1 1 0 0 0 0 0 0 0 2 0 0 0 4 0 0 0 2 6 0 1 13 4 3 3
23111391 961 7 3 2 3 1 1 3 2 1 0 2 1 0 0 0 0 2 2 3 0 0 0 1 2 7 1 3 13 5 1 0 2 5 6 3
23111393 876 11 3 2 2 1 1 3 3 1 2 1 3 1 0 2 1 0 0 0 0 4 3 4 0 3 9 13 0 7 7 2 3 4 6 3 0 0 4 1
23111394 765 9 1 2 3 1 3 3 1 2 2 1 0 2 1 0 0 0 0 3 3 3 4 0 1 3 2 5 3 1 1 3 3 0 2 3 13 0
23111396 937 3 2 1 2 1 0 1 1 0 0 0 0 1 2 0 3 0 0 0 3 2 0 0 6 4 5 6 4 13 1 3
23111398 865 3 1 3 1 1 0 2 1 0 0 0 0 2 0 1 3 6 1 3 2 4 6 8 0 4 13 4 3 6 3 2
23111399 1060 11 3 2 3 2 1 2 1 2 3 1 1 1 0 3 1 0 0 0 0 4 4 3 1 13 6 0 3 6 2 0 3 1 1 6 0 2 2 3
23111400 846 9 2 1 3 1 1 2 2 1 3 1 0 3 1 0 0 0 0 4 3 2 4 8 6 4 1 13 3 3 4 5 2 4 6 2 0 0
23111401 785 11 3 1 3 1 2 1 3 3 2 2 2 1 0 1 1 0 0 0 0 3 4 4 6 3 13 3 1 2 1 8 0 5 3 2 0 0 3 0
23111404 900 5 2 2 3 3 2 1 0 1 1 0 0 0 0 0 3 2 0 0 3 3 0 0 2 5 3 0 0 13 1 3 1 1
23111406 813 0 3 1 8 0.33333333333333331 9 0.33333333333333331 10 0.33333333333333331 0 0 0 3 2 13 3 3 4 1 0 3 3 3 0 3 0 0 0
23111409 884 1 1 1 0 3 1 0 0 0 0 1 0 0 1 8 2 13 0 8 4 4 2 1 4 4 2 0 0 0
23111410 865 3 3 2 3 3 1 5 0.33333333333333331 6 0.33333333333333331 7 0.33333333333333331 0 1 2 0 1 9 13 1 4 4 4 0 1 2 4 2 0 3 0
23111416 926 2 2 1 1 0 3 1 0 0 0 0 1 1 0 1 3 5 13 0 3 8 3 3 0 6 2 0 0 0 3
23111417 924 3 1 2 1 1 0 3 1 0 0 0 0 2 1 0 3 1 0 0 2 2 0 0 3 4 5 3 13 4 2 1
23111418 895 8 2 1 2 1 3 3 2 2 1 0 1 1 0 0 0 0 2 4 2 13 4 2 1 6 5 6 3 1 0 3 0 3 0 0 0
23111419 941 2 2 3 1 0 1 1 0 0 0 0 0 1 1 1 3 0 0 0 2 2 3 0 4 8 1 4 5 13 6
23111421 993 10 1 3 3 2 2 1 2 2 1 1 1 0 3 1 0 0 0 0 4 4 2 0 0 2 3 1 5 3 0 5 3 0 0 13 3 0 0
23111422 845 11 3 1 2 2 1 2 1 3 2 3 1 1 0 3 1 0 0 0 0 4 4 3 0 0 0 3 13 5 1 0 1 2 4 1 4 2 2 0
23111425 906 6 2 3 1 3 2 3 1 0 1 1 0 0 0 0 1 2 3 0 2 1 0 0 3 2 13 0 7 4 1 2 1 3 5
23111426 901 2 3 2 3 1 8 0.33333333333333331 9 0.33333333333333331 10 0.33333333333333331 0 1 1 0 0 3 2 0 3 6 5 0 0 3 13 1 3 3 1
23111427 966 3 1 1 2 1 0 2 1 0 0 0 0 2 1 0 0 5 9 13 0 5 6 1 8 2 3 3 0 0 7 3
23111428 814 9 2 2 3 1 2 2 3 1 3 1 0 3 1 0 0 0 0 2 4 3 1 0 0 0 13 5 3 1 4 2 3 0 3 1 0 0
23111432 866 10 3 2 2 3 1 3 3 2 2 1 1 0 1 1 0 0 0 0 2 4 4 13 4 3 1 8 4 7 4 3 2 1 2 0 1 4 0
23111433 1010 3 1 2 2 1 0 3 1 0 0 0 0 1 2 0 1 3 4 2 1 6 0 0 13 2 0 0 3 0 1 3
23111434 942 9 1 3 1 2 3 2 1 3 3 1 0 2 1 0 0 0 0 3 2 4 2 0 0 1 4 7 1 1 2 3 3 2 6 4 13 0
23111435 917 5 3 2 1 2 3 1 0 3 1 0 0 0 0 1 2 2 5 2 3 4 3 13 1 0 3 1 3 2 3 0 1 0
23111438 914 3 3 3 3 1 0 1 1 0 0 0 0 0 0 3 0 0 0 3 2 3 9 2 3 5 1 2 13 3 1 0
23111443 941 11 1 1 2 3 1 3 2 3 1 3 2 1 0 2 1 0 0 0 0 4 3 4 0 6 5 1 2 3 7 1 6 2 9 3 3 3 4 13
23111444 848 7 1 1 3 3 3 2 2 1 0 3 1 0 0 0 0 2 2 3 0 3 3 13 2 1 4 3 0 0 3 5 0 1 5 2
23111445 947 6 3 2 1 3 1 2 1 0 2 1 0 0 0 0 2 2 2 0 1 3 1 0 3 4 1 2 0 0 13 3 7 4 2
23111447 812 9 2 1 3 2 2 1 3 1 3 1 0 3 1 0 0 0 0 3 3 3 0 3 1 0 2 1 4 2 3 7 5 2 13 4 1 0
23111448 930 8 1 1 3 2 1 2 2 3 1 0 2 1 0 0 0 0 3 3 2 13 7 3 3 3 3 0 0 7 0 3 0 1 3 0 0
23111450 969 0 1 0 2 1 0 0 0 0 0 0 0 1 0 0 0 3 5 2 0 3 6 1 0 3 13 0 3
23111451 1030 9 3 1 2 1 1 3 1 2 3 1 0 2 1 0 0 0 0 4 2 3 0 2 2 3 1 1 4 0 5 5 3 0 2 3 13 0
23111452 904 9 2 3 1 1 2 2 2 3 3 1 0 1 1 0 0 0 0 2 4 3 3 1 3 0 7 3 5 3 13 2 3 3 1 0 0 0
23111453 891 10 3 2 3 1 1 2 1 2 1 2 1 0 3 1 0 0 0 0 4 4 2 13 6 4 3 3 3 1 0 3 1 2 2 3 4 0 0
23111454 923 1 1 1 0 1 1 0 0 0 0 1 0 0 2 0 2 0 0 4 2 0 1 6 4 4 0 13 6 3
23111455 817 7 2 3 1 1 3 3 1 1 0 2 1 0 0 0 0 3 1 3 2 3 3 0 8 4 4 5 3 2 13 1 1 6 3 2
23111456 879 6 1 1 2 1 3 2 1 0 3 1 0 0 0 0 3 2 1 2 3 8 3 7 13 5 3 0 5 2 3 1 0 5 0
23111457 840 2 2 3 1 0 1 1 0 0 0 0 0 1 1 0 1 3 1 2 4 5 6 0 3 1 13 2 3 2 5
23111459 996 5 1 3 2 1 3 1 0 3 1 0 0 0 0 2 1 2 3 4 0 0 2 5 3 0 5 5 1 0 13 8 4 2
23111461 890 1 2 1 0 1 1 0 0 0 0 0 1 0 0 3 5 1 2 3 3 13 1 0 2 5 5 0 5 0
23111463 932 3 2 1 2 1 0 2 1 0 0 0 0 1 2 0 4 1 0 3 3 1 3 0 13 7 3 0 4 4 3 0
23111465 790 5 1 1 1 3 2 3 1 5 0.33333333333333331 6 0.33333333333333331 7 0.33333333333333331 3 1 1 2 0 1 2 0 5 3 2 0 2 13 3 4 1 5 6
23111466 1009 1 1 1 0 2 1 0 0 0 0 1 0 0 0 5 2 1 2 1 13 4 6 8 2 4 3 1 3 6
23111467 953 3 2 1 1 1 0 3 1 0 0 0 0 2 1 0 13 4 4 2 1 1 2 0 3 5 2 3 0 0 0 3
23111468 808 1 3 1 0 1 1 0 0 0 0 0 0 1 1 6 13 2 0 2 0 3 2 0 3 0 0 1 0 0
23111469 865 0 1 0 3 1 0 0 0 0 0 0 0 0 1 0 0 0 0 2 3 2 4 6 4 1 3 3 13
23111471 1061 3 3 3 2 1 0 2 1 0 0 0 0 0 1 2 2 1 3 13 0 1 6 8 0 3 1 7 0 0 1 2
23111472 895 5 3 3 2 2 3 1 0 2 1 0 0 0 0 0 2 3 1 3 9 3 3 5 5 0 1 4 13 7 3 5 1 0
23111477 899 3 2 3 1 1 0 2 1 0 0 0 0 1 1 1 2 3 13 4 3 1 0 8 1 5 0 4 0 3 2 1
23111478 776 9 3 3 2 2 1 3 1 2 1 1 0 3 1 0 0 0 0 3 3 3 2 3 3 3 0 4 13 3 0 1 2 3 0 4 1 0
23111479 1070 11 1 3 2 2 1 3 2 2 1 3 3 1 0 1 1 0 0 0 0 3 4 4 13 7 4 2 3 5 1 0 3 0 0 0 3 0 0 0
23111480 957 7 2 2 3 1 2 3 3 1 0 1 1 0 0 0 0 1 3 3 0 1 0 0 2 4 3 4 3 4 3 1 0 13 4 4
23111481 945 11 3 3 1 2 2 2 3 1 2 3 1 1 0 1 1 0 0 0 0 3 4 4 0 0 1 3 13 3 6 1 4 5 2 9 6 4 2 0
23111482 749 10 1 1 3 1 2 3 2 2 3 3 1 0 2 1 0 0 0 0 3 3 4 0 1 4 0 7 3 5 13 2 4 3 4 0 2 1 1
23111483 927 5 3 3 1 2 1 1 0 2 1 0 0 0 0 2 1 2 0 2 4 13 4 6 1 3 0 3 4 3 3 0 2 1
23111484 956 2 3 2 1 0 1 1 0 0 0 0 0 1 1 3 4 13 0 2 3 5 2 1 5 0 0 3 0 3 1
23111485 862 7 1 2 3 3 2 3 3 1 0 1 1 0 0 0 0 1 2 4 2 0 0 0 1 0 5 2 0 13 4 4 1 3 2 1
23111487 782 5 2 1 3 3 1 1 0 2 1 0 0 0 0 2 1 2 0 7 0 1 0 3 2 13 0 4 5 5 3 3 4 4
23111488 1072 0 1 0 2 1 0 0 0 0 0 0 0 13 8 6 3 8 2 7 1 5 3 1 0 0 3 3 0
23111490 927 8 3 2 3 1 1 2 3 2 1 0 2 1 0 0 0 0 2 3 3 3 0 0 0 0 3 3 3 1 5 6 6 0 1 3 13
23111491 975 3 2 3 2 1 0 2 1 0 0 0 0 0 2 1 3 1 0 1 4 8 3 0 3 1 4 1 13 2 5 0
23111493 1000 4 2 2 3 3 1 0 1 1 0 0 0 0 0 2 2 0 0 2 1 1 4 3 3 0 2 5 1 3 4 3 13
23111495 824 0 1 0 1 1 0 0 0 0 0 0 0 0 3 2 0 0 2 1 1 2 6 6 0 13 7 7 4
23111496 973 7 2 3 1 3 3 3 2 1 0 2 1 0 0 0 0 1 2 4 2 1 0 2 4 3 0 1 5 4 13 1 1 1 3 2
23111498 773 4 2 1 1 3 1 0 2 1 0 0 0 0 2 1 1 3 0 4 4 0 4 6 3 0 0 1 13 0 0 0 2
23111499 798 1 3 1 0 1 1 0 0 0 0 0 0 1 2 13 3 1 0 5 2 2 0 3 3 3 0 0 0 1
23111500 892 9 1 3 3 2 2 1 3 3 1 1 0 2 1 0 0 0 0 3 2 4 3 13 3 1 7 6 3 4 1 5 5 0 2 2 0 0
23111501 991 5 1 3 3 2 2 1 0 3 1 0 0 0 0 1 2 2 0 3 4 3 0 3 6 4 1 2 13 3 0 0 1 4
23111502 868 2 2 3 1 0 1 1 0 0 0 0 0 1 1 0 0 2 1 5 7 2 5 4 13 3 0 4 3 5 1
23111504 951 7 2 3 1 3 3 1 2 1 0 1 1 0 0 0 0 2 2 3 2 9 1 3 3 3 13 2 1 7 8 5 6 3 2 0
23111505 998 2 2 3 1 0 1 1 0 0 0 0 0 1 1 1 0 0 0 3 4 3 0 3 3 7 4 13 4 3 2
23111507 863 9 1 1 2 1 3 1 3 3 2 1 0 2 1 0 0 0 0 4 2 3 0 3 1 0 6 0 3 2 4 4 5 0 13 4 2 7
23111509 907 1 2 1 0 1 1 0 0 0 0 0 1 0 2 3 0 0 3 6 1 3 1 2 6 13 0 4 4 5
23111510 977 3 2 3 3 1 0 1 1 0 0 0 0 0 1 2 0 3 0 4 6 4 5 6 2 4 13 4 0 1 7 3
23111511 886 1 3 1 0 1 1 0 0 0 0 0 0 1 3 3 13 4 0 0 4 2 0 0 4 3 0 8 0 3
23111512 868 7 1 3 1 2 3 1 2 1 0 1 1 0 0 0 0 3 2 2 4 3 3 4 8 3 5 0 13 3 2 0 0 0 2 0
23111513 931 4 1 3 2 2 1 0 3 1 0 0 0 0 1 2 1 3 4 9 13 1 1 8 3 4 6 4 2 0 0 2 1
23111515 900 10 1 2 3 3 1 3 3 2 2 1 1 0 2 1 0 0 0 0 3 3 4 3 2 1 0 9 13 6 2 7 5 3 1 0 0 1 0
23111516 838 0 1 0 1 1 0 0 0 0 0 0 0 3 2 0 0 2 5 3 0 13 6 4 3 5 3 1 6
23111517 997 2 2 1 1 0 1 1 0 0 0 0 1 1 0 2 0 0 0 4 7 4 1 9 5 13 0 3 2 3 3
23111518 906 10 1 3 3 3 1 2 2 1 1 2 1 0 3 1 0 0 0 0 4 3 3 0 3 3 4 0 5 6 3 2 1 5 13 0 0 2 0
23111519 856 7 3 1 2 1 2 1 3 1 0 3 1 0 0 0 0 3 2 2 2 0 0 2 3 13 3 0 4 6 5 8 1 3 4 4
23111522 786 9 2 1 1 2 2 3 2 3 1 1 0 3 1 0 0 0 0 3 4 2 1 0 0 0 4 6 0 0 4 4 4 0 13 8 4 3
23111524 955 8 3 3 2 1 2 1 2 2 1 0 3 1 0 0 0 0 2 4 2 3 3 2 1 0 5 2 4 3 1 13 1 0 0 1 4
23111527 910 9 1 2 3 2 3 1 1 1 3 1 0 2 1 0 0 0 0 4 2 3 13 4 3 0 3 6 2 7 3 7 0 0 4 0 0 0
23111528 850 4 1 3 1 2 1 0 3 1 0 0 0 0 2 1 1 1 4 2 2 13 6 4 0 1 4 2 0 3 5 0 3
23111529 825 3 2 2 1 1 0 3 1 0 0 0 0 1 2 0 0 13 7 5 0 3 6 5 1 0 3 1 0 0 2 0
23111530 899 7 3 3 2 1 1 3 1 1 0 2 1 0 0 0 0 3 1 3 2 1 3 13 0 3 3 5 8 5 2 2 0 1 0 3
23111531 853 7 2 1 3 2 3 3 1 1 0 2 1 0 0 0 0 2 2 3 0 0 0 1 3 1 0 0 0 3 2 3 0 7 13 6
23111533 863 0 1 0 2 1 0 0 0 0 0 0 0 3 3 13 3 1 7 5 4 3 3 6 3 6 1 0 2
23111534 913 6 1 3 3 2 1 2 1 0 1 1 0 0 0 0 2 2 2 3 0 0 3 0 3 3 2 1 1 2 4 13 5 3 2
23111538 955 1 2 1 0 3 1 0 0 0 0 0 1 0 0 2 1 3 1 8 7 4 0 6 13 3 0 2 4 1
23111539 943 4 3 3 2 1 1 0 2 1 0 0 0 0 1 1 2 13 2 3 0 3 5 6 0 4 5 1 0 1 0 0 3
23111541 872 6 1 2 2 1 1 3 1 0 3 1 0 0 0 0 3 2 1 3 0 0 0 13 4 5 0 5 1 4 4 3 0 2 2
23111542 903 5 1 2 1 3 3 1 0 1 1 0 0 0 0 2 1 2 0 3 0 4 0 1 4 2 0 2 4 7 2 0 3 13
23111544 1014 10 1 3 3 2 3 2 3 2 1 2 1 0 1 1 0 0 0 0 2 4 4 0 0 7 1 0 6 6 13 0 4 3 3 1 1 2 2
23111545 970 10 3 3 2 2 2 1 3 2 3 1 1 0 1 1 0 0 0 0 2 4 4 4 2 13 0 4 3 8 1 3 5 7 1 3 6 0 0
23111547 733 8 1 1 2 1 3 3 2 2 1 0 2 1 0 0 0 0 3 3 2 3 13 3 1 3 6 5 0 3 1 3 8 3 2 3 0
23111548 1042 9 2 3 2 1 2 3 1 3 1 1 0 1 1 0 0 0 0 3 3 3 2 5 5 0 13 5 4 3 3 1 6 0 0 0 0 2
23111549 883 3 1 3 3 1 0 2 1 0 0 0 0 1 0 2 0 3 0 0 3 1 2 1 3 5 3 2 3 9 13 0
23111551 904 9 2 2 2 2 1 3 1 3 3 1 0 1 1 0 0 0 0 2 4 3 3 1 0 1 4 4 3 0 1 2 2 0 3 5 13 0
23111552 990 7 2 2 3 3 1 1 2 3 1 5 0.33333333333333331 6 0.33333333333333331 7 0.33333333333333331 2 3 2 0 3 3 13 2 3 3 8 3 4 5 3 0 1 5 1
23111553 865 10 1 2 3 2 2 1 2 1 3 1 1 0 3 1 0 0 0 0 4 4 2 13 3 3 0 5 4 3 3 1 7 6 2 3 3 0 0
23111554 896 7 3 3 3 3 1 2 1 1 0 2 1 0 0 0 0 2 1 4 0 0 0 2 2 2 3 6 0 1 4 8 1 8 1 13
23111555 926 0 1 0 1 1 0 0 0 0 0 0 0 0 6 3 4 6 4 6 3 0 13 3 9 0 0 0 2
23111556 868 5 1 2 3 3 2 1 0 3 1 0 0 0 0 1 2 2 3 6 3 3 1 5 4 0 13 6 5 0 0 1 3 2
23111557 894 10 3 1 2 1 3 3 1 2 1 3 3 1 5 0.33333333333333331 6 0.33333333333333331 7 0.33333333333333331 4 2 4 4 4 5 2 2 3 5 13 0 0 4 1 0 0 0 2
23111558 946 3 3 1 3 1 0 2 1 0 0 0 0 1 0 2 2 8 2 1 6 4 4 13 3 4 1 3 0 0 3 0
23111559 814 9 3 1 3 3 2 2 1 2 3 1 0 1 1 0 0 0 0 2 3 4 0 0 1 0 0 0 1 2 0 2 4 5 2 13 4 1
23111560 905 2 1 2 1 0 2 1 0 0 0 0 1 1 0 1 3 3 0 5 13 3 2 9 3 4 0 5 3 1 0
23111561 984 4 1 3 1 1 1 0 2 1 0 0 0 0 3 0 1 0 1 2 2 4 3 4 3 2 6 7 3 6 8 13 0
23111562 962 0 1 0 2 1 0 0 0 0 0 0 0 4 4 3 2 1 1 4 1 2 3 13 0 0 0 3 0
23111563 1023 7 3 1 1 3 3 2 1 1 0 2 1 0 0 0 0 3 1 3 2 2 4 4 0 4 7 5 1 4 13 8 0 0 2 1
23111564 848 0 1 0 2 1 0 0 0 0 0 0 0 0 1 0 3 2 4 13 4 0 4 3 3 3 1 4 4
23111565 911 5 2 3 1 2 2 1 0 1 1 0 0 0 0 1 3 1 1 3 13 3 5 5 6 0 1 4 4 0 3 0 2 0
23111566 924 11 2 3 2 3 2 1 2 1 3 1 1 1 0 3 1 0 0 0 0 4 4 3 0 0 0 2 0 1 3 0 0 0 5 13 3 3 4 5
23111567 1014 11 1 3 2 2 2 2 3 1 3 1 3 3 1 5 0.33333333333333331 6 0.33333333333333331 7 0.33333333333333331 3 4 4 0 1 7 5 0 3 2 4 0 13 3 1 1 4 2 5
23111569 971 7 1 3 1 1 1 3 2 1 0 2 1 0 0 0 0 4 1 2 3 0 1 0 13 5 4 3 3 2 3 1 2 2 2 0
23111571 1035 4 3 2 3 1 1 0 1 1 0 0 0 0 1 1 2 0 0 2 0 1 3 13 0 4 4 2 0 4 3 2 1
23111572 1012 5 2 3 1 1 2 1 0 3 1 0 0 0 0 2 2 1 0 1 13 4 7 6 1 2 2 4 2 4 0 1 0 3
23111573 975 9 2 1 1 2 2 3 3 3 3 1 0 1 1 0 0 0 0 2 3 4 2 5 2 1 2 4 1 0 6 3 3 0 13 7 1 0
23111574 965 4 3 2 1 2 1 0 1 1 0 0 0 0 1 2 1 1 3 3 13 3 1 6 6 0 3 3 2 2 0 0 0
23111576 929 6 1 2 3 3 3 2 1 0 3 1 0 0 0 0 1 2 3 1 2 2 3 0 13 7 4 2 7 1 3 1 0 3 1
23111577 837 3 2 3 1 1 0 1 1 0 0 0 0 1 1 1 3 2 2 2 1 4 3 4 1 6 13 7 3 4 6 0
23111579 928 10 2 1 3 1 2 3 1 2 3 3 1 0 2 1 0 0 0 0 3 3 4 0 1 3 0 1 3 2 0 2 3 5 1 0 13 4 3
23111580 874 2 2 1 1 0 1 1 0 0 0 0 1 1 0 0 3 2 3 3 3 3 2 4 5 3 2 0 13 1 1
23111583 859 6 3 1 1 2 2 2 1 0 3 1 0 0 0 0 2 3 1 2 1 0 1 0 3 7 3 3 4 2 5 0 5 13 1
23111585 931 9 2 1 3 3 3 2 3 2 1 1 0 2 1 0 0 0 0 2 3 4 1 0 0 0 4 3 13 0 3 5 3 1 3 4 4 0
23111587 991 8 1 2 2 3 1 2 3 2 1 0 3 1 0 0 0 0 2 4 2 0 0 0 1 1 0 0 3 0 2 5 1 0 5 3 13
23111588 912 10 3 1 2 3 1 1 3 2 3 2 1 0 1 1 0 0 0 0 3 3 4 0 13 5 4 3 6 2 3 0 7 0 3 2 1 0 0
23111589 904 3 2 1 1 1 0 3 1 0 0 0 0 2 1 0 3 1 5 3 6 2 3 13 3 4 1 3 0 2 0 2
23111591 788 9 1 2 3 3 1 3 1 2 1 1 0 3 1 0 0 0 0 4 2 3 4 3 3 0 3 3 7 0 3 4 13 2 2 0 3 0
23111593 940 5 3 2 3 3 2 1 0 3 1 0 0 0 0 0 2 3 1 3 1 1 13 5 6 2 4 4 3 0 3 0 0 0
23111594 1013 10 2 3 1 3 3 1 1 2 3 2 1 0 1 1 0 0 0 0 3 3 4 2 0 2 0 1 5 3 1 3 7 5 0 13 3 3 2
23111595 868 1 1 1 0 2 1 0 0 0 0 1 0 0 2 3 3 13 3 2 1 6 0 4 1 3 2 1 0 0
23111596 875 5 1 1 3 1 2 1 0 3 1 0 0 0 0 3 1 1 0 0 0 2 2 8 1 4 2 3 5 4 1 2 6 13
23111599 934 2 1 1 1 0 2 1 0 0 0 0 2 0 0 2 5 1 0 6 4 4 2 2 2 7 1 13 1 3 0
23111600 910 5 3 3 2 1 1 1 0 1 1 0 0 0 0 2 1 2 0 2 0 2 13 3 1 0 3 5 2 0 2 4 3 1
23111602 967 6 2 1 3 3 1 3 1 0 1 1 0 0 0 0 2 1 3 0 0 0 2 3 2 2 13 0 1 6 4 4 8 5 4
23111603 943 1 1 1 0 1 1 0 0 0 0 1 0 0 2 2 4 13 0 5 3 3 3 3 0 3 1 2 0 0
23111606 754 9 2 2 1 3 2 1 3 3 3 1 0 1 1 0 0 0 0 2 3 4 13 3 1 2 3 5 3 0 4 3 2 9 3 5 1 0
23111608 892 0 1 0 1 1 0 0 0 0 0 0 0 2 4 0 0 3 13 2 1 4 3 4 0 2 5 3 1
23111611 856 2 1 3 1 0 1 1 0 0 0 0 1 0 1 0 0 0 3 2 3 0 2 5 4 3 0 13 4 4 4
23111613 979 6 2 1 1 3 2 2 1 0 2 1 0 0 0 0 2 3 1 3 5 0 1 6 4 1 1 7 2 1 13 2 3 4 3
23111614 868 5 2 1 3 3 2 1 0 1 1 0 0 0 0 1 2 2 0 3 4 4 3 1 6 4 0 3 13 5 2 1 2 3
23111615 916 2 1 3 1 0 3 1 0 0 0 0 1 0 1 0 0 1 0 0 3 5 2 3 1 5 2 1 2 2 13
23111616 890 9 1 2 1 1 3 3 3 1 3 1 0 2 1 0 0 0 0 4 1 4 0 2 0 0 3 1 0 2 2 3 6 4 13 5 5 3
23111619 927 6 3 1 2 1 1 2 1 0 3 1 0 0 0 0 3 2 1 0 13 6 2 2 5 4 3 0 0 4 7 1 0 3 4
23111620 845 8 1 2 3 3 1 2 3 3 1 0 1 1 0 0 0 0 2 2 4 3 6 3 1 0 5 13 0 2 4 2 2 0 3 1 0
23111621 933 10 2 2 2 1 3 1 2 3 1 3 1 0 1 1 0 0 0 0 3 4 3 0 0 3 0 1 6 3 13 1 5 3 2 3 4 3 2
23111622 950 2 1 3 1 0 2 1 0 0 0 0 1 0 1 0 4 0 3 1 2 5 1 0 5 13 2 0 3 3 3
23111627 744 6 3 1 3 2 1 3 1 0 1 1 0 0 0 0 2 1 3 0 2 3 1 0 3 5 7 2 1 2 13 2 5 6 8
23111628 1098 1 1 1 0 1 1 0 0 0 0 1 0 0 1 2 3 3 1 5 4 2 6 13 2 0 3 3 2 0
23111630 941 2 2 1 1 0 2 1 0 0 0 0 1 1 0 0 3 2 0 1 6 13 0 5 3 3 3 1 2 1 0
23111631 872 11 2 2 3 1 1 2 1 3 3 3 1 1 0 2 1 0 0 0 0 4 3 4 1 6 0 3 8 3 3 0 9 4 5 2 13 3 3 0
23111632 953 5 3 1 2 3 2 1 0 2 1 0 0 0 0 1 2 2 1 2 8 13 3 4 5 3 1 1 3 1 0 0 0 2
23111635 982 11 1 2 3 3 3 2 2 3 1 1 1 1 0 2 1 0 0 0 0 4 3 4 0 0 3 3 2 1 5 3 0 4 7 1 0 13 2 3
23111637 1095 6 2 3 3 2 1 2 1 0 1 1 0 0 0 0 1 3 2 5 6 13 0 4 3 5 4 4 6 3 0 0 0 1 3
23111638 981 0 1 0 3 1 0 0 0 0 0 0 0 0 3 0 0 2 3 2 1 3 13 5 1 2 3 1 4
23111639 1040 5 2 3 3 3 2 1 0 2 1 0 0 0 0 0 2 3 3 2 4 1 1 5 13 3 0 5 3 1 0 7 0 1
23111640 829 11 1 2 3 1 2 3 3 1 2 3 2 1 0 1 1 0 0 0 0 3 4 4 0 0 2 3 1 3 7 0 3 4 3 0 13 4 3 0
23111641 856 8 3 2 2 2 3 1 1 1 1 0 3 1 0 0 0 0 3 3 2 0 6 3 13 3 3 3 5 0 1 5 2 0 0 2 1
23111642 787 0 1 0 1 1 0 0 0 0 0 0 0 3 1 3 13 0 2 3 2 0 4 5 2 0 0 1 4
23111643 1002 5 3 2 2 3 3 1 0 1 1 0 0 0 0 0 2 3 2 5 1 3 9 4 13 2 4 0 1 0 0 0 1 0
23111645 950 8 3 2 1 2 2 1 2 1 1 0 3 1 0 0 0 0 3 4 1 13 3 1 1 4 3 4 2 4 3 3 0 3 0 0 0
23111646 901 7 2 3 1 2 3 1 1 1 0 2 1 0 0 0 0 3 2 2 0 0 0 3 0 1 5 13 0 2 5 3 2 1 3 4
23111647 1004 8 2 1 1 2 2 3 1 3 1 0 1 1 0 0 0 0 3 3 2 13 4 3 3 6 3 0 0 2 4 3 0 3 0 3 0
23111649 976 4 2 2 3 1 1 0 2 1 0 0 0 0 1 2 1 4 5 13 0 4 3 3 1 3 1 0 0 0 0 3 0
23111651 1047 10 3 3 1 1 1 2 2 3 1 2 1 0 2 1 0 0 0 0 4 3 3 5 0 1 0 3 7 2 3 8 5 9 0 13 4 3 3
23111652 1020 8 2 1 1 3 1 3 2 3 1 0 2 1 0 0 0 0 3 2 3 1 3 13 3 3 2 4 6 4 4 2 0 0 3 1 0
23111653 940 10 1 1 2 3 2 1 3 3 2 2 1 0 3 1 0 0 0 0 3 4 3 13 1 3 0 7 5 2 1 3 2 4 0 0 1 0 0
23111656 953 3 3 1 3 1 0 2 1 0 0 0 0 1 0 2 2 4 2 3 4 1 4 5 13 3 4 0 3 1 0 0
23111657 897 9 3 2 3 1 3 1 2 3 2 1 0 2 1 0 0 0 0 2 3 4 2 13 4 1 1 5 4 2 3 1 3 5 1 0 0 0
23111659 1082 0 1 0 3 1 0 0 0 0 0 0 0 0 0 4 1 3 2 3 4 3 5 2 13 0 0 0 1
23111660 935 9 3 1 3 3 2 2 1 1 2 1 0 3 1 0 0 0 0 3 3 3 0 1 2 0 0 3 7 0 0 4 5 4 1 2 4 13
23111661 986 1 2 1 0 1 1 0 0 0 0 0 1 0 0 2 0 0 4 3 0 0 1 4 3 1 13 2 4 3
23111662 985 0 1 0 2 1 0 0 0 0 0 0 0 2 2 0 0 1 5 1 3 7 8 3 3 13 3 1 3
23111663 746 5 3 1 3 2 2 1 0 2 1 0 0 0 0 1 2 2 0 3 0 1 0 0 1 5 2 0 0 13 0 1 3 5
23111664 806 2 3 1 1 0 2 1 0 0 0 0 1 0 1 0 0 0 4 0 0 3 5 0 0 13 4 1 2 3 3
23111665 929 4 1 3 1 2 1 0 3 1 0 0 0 0 2 1 1 1 4 2 3 8 2 1 3 2 13 4 0 1 4 3 2
23111668 934 3 1 2 2 1 0 2 1 0 0 0 0 1 2 0 13 3 6 1 3 8 4 3 0 1 4 2 0 0 1 3
23111669 923 7 2 3 1 1 2 3 2 1 0 3 1 0 0 0 0 2 3 2 0 3 5 13 7 2 4 1 0 1 2 4 3 1 0 0
23111670 882 8 3 1 3 2 1 2 1 2 3 1 4 0.33333333333333331 5 0.33333333333333331 6 0.33333333333333331 3 3 2 1 2 3 13 3 5 8 9 0 0 4 4 0 0 3 3
23111671 849 11 3 2 3 3 2 3 2 1 1 2 1 1 0 1 1 0 0 0 0 3 4 4 3 1 2 3 4 6 4 3 3 5 6 3 0 5 9 13
23111672 956 11 3 1 3 1 2 2 2 1 3 3 2 1 0 1 1 0 0 0 0 3 4 4 5 1 13 2 4 5 0 6 2 7 0 0 1 0 0 0
23111673 794 6 3 1 1 3 2 2 1 0 3 1 0 0 0 0 2 2 2 1 3 0 2 3 5 1 0 13 3 0 0 2 3 4 3
23111678 915 8 3 2 3 1 1 1 2 3 1 0 2 1 0 0 0 0 3 2 3 3 1 0 0 5 5 3 0 7 3 2 0 3 2 13 1
23111679 979 3 1 2 2 1 0 1 1 0 0 0 0 1 2 0 0 2 3 0 0 1 6 13 3 3 4 6 0 3 3 4
23111680 970 7 2 1 1 2 2 3 2 1 0 3 1 0 0 0 0 2 4 1 1 3 5 13 4 6 5 8 0 7 0 4 3 1 0 0
23111681 1002 0 1 0 3 1 0 0 0 0 0 0 0 13 4 2 0 1 7 5 0 3 1 0 3 0 3 0 2
23111684 867 4 3 2 1 2 1 0 3 1 0 0 0 0 1 2 1 1 0 2 4 0 1 6 3 0 4 7 3 0 2 1 13
23111687 969 11 2 3 1 1 3 3 1 3 2 1 2 1 0 2 1 0 0 0 0 4 3 4 3 13 3 0 5 5 2 1 3 2 4 0 1 0 3 0
23111689 945 7 3 2 3 1 3 2 1 1 0 1 1 0 0 0 0 2 2 3 2 7 8 13 8 5 7 2 3 1 6 2 0 5 3 1
23111690 954 4 2 2 1 3 1 0 1 1 0 0 0 0 1 2 1 13 4 4 1 9 4 3 3 2 6 3 1 0 2 0 0
23111691 805 3 1 1 1 1 0 3 1 0 0 0 0 3 0 0 3 3 2 0 4 7 3 2 3 2 4 0 4 6 13 0
23111693 985 10 2 3 1 1 2 2 2 1 3 3 1 0 3 1 0 0 0 0 3 4 3 4 1 3 1 0 0 3 13 3 2 2 3 1 1 3 2
23111694 996 9 3 3 3 1 1 2 2 2 1 1 0 3 1 0 0 0 0 3 3 3 0 2 1 0 3 6 4 0 3 4 3 7 13 5 1 2
23111696 1091 4 2 3 3 2 1 0 3 1 0 0 0 0 0 2 2 0 0 1 0 3 7 5 0 3 3 1 0 3 13 1 2
23111697 969 8 2 3 1 2 2 2 3 1 1 0 1 1 0 0 0 0 2 4 2 13 4 3 3 3 4 3 0 3 5 1 0 0 0 3 0
23111698 813 9 2 3 3 1 1 1 3 2 2 1 0 1 1 0 0 0 0 3 3 3 0 0 2 9 3 4 7 0 3 4 7 0 3 6 13 0
23111699 909 11 2 3 1 2 1 3 3 2 1 1 3 1 0 2 1 0 0 0 0 4 3 4 3 13 3 2 0 4 1 1 0 4 6 4 0 0 5 2
23111701 993 9 1 1 3 3 1 2 3 1 3 1 0 2 1 0 0 0 0 4 1 4 0 0 2 2 3 1 7 2 4 13 4 0 2 4 3 1
23111702 946 8 3 3 2 1 3 1 3 1 1 0 2 1 0 0 0 0 3 1 4 0 0 1 0 3 2 0 2 5 3 6 0 13 7 4 0
23111703 879 3 3 3 3 1 0 1 1 0 0 0 0 0 0 3 0 0 1 0 0 4 2 2 4 4 3 0 4 7 13 0
23111704 1020 0 1 0 2 1 0 0 0 0 0 0 0 1 0 0 0 4 0 3 3 5 3 4 0 13 4 8 0
23111705 1045 10 2 3 3 1 3 1 1 2 3 1 1 0 2 1 0 0 0 0 4 2 4 2 13 3 3 4 0 5 1 3 5 0 0 0 2 0 0
23111706 876 1 3 1 0 3 1 0 0 0 0 0 0 1 1 3 3 3 0 3 4 5 0 2 13 4 2 0 0 1
23111707 976 1 1 1 0 2 1 0 0 0 0 1 0 0 1 1 3 13 4 3 4 2 2 4 4 2 0 0 0 1
23111709 932 9 1 1 3 2 3 1 3 1 2 1 0 2 1 0 0 0 0 4 2 3 0 3 2 0 1 4 1 2 3 6 3 3 2 3 13 9
23111712 966 5 1 1 3 2 1 1 0 3 1 0 0 0 0 3 1 1 3 3 4 0 4 2 2 3 13 4 2 3 0 0 0 1
23111715 927 2 1 2 1 0 3 1 0 0 0 0 1 1 0 0 3 3 13 1 6 3 4 2 0 4 1 0 0 3 2
23111716 852 4 1 2 1 3 1 0 2 1 0 0 0 0 2 1 1 0 1 2 0 0 4 6 13 1 2 2 5 0 0 4 1
23111718 991 5 1 2 3 1 3 1 0 3 1 0 0 0 0 2 1 2 3 13 5 5 0 1 2 2 0 0 7 2 0 1 5 0
23111719 987 6 3 2 2 1 2 1 1 0 1 1 0 0 0 0 2 3 1 3 3 5 13 0 0 3 4 0 0 4 2 0 3 1 3
23111721 915 11 1 2 3 3 1 2 2 1 2 3 1 1 0 3 1 0 0 0 0 4 4 3 4 2 0 0 3 1 1 1 13 2 0 3 2 5 3 0
23111722 980 11 3 2 2 3 3 2 1 1 3 2 1 1 0 1 1 0 0 0 0 3 4 4 0 0 3 3 3 1 7 4 0 0 2 3 1 5 2 13
23111723 772 8 3 2 3 1 2 2 3 2 1 0 1 1 0 0 0 0 1 4 3 0 3 0 1 0 1 0 4 1 5 9 8 2 5 13 3
23111724 875 11 2 1 3 3 2 3 1 2 2 1 1 1 0 3 1 0 0 0 0 4 4 3 0 0 1 3 2 3 4 4 0 13 4 2 0 1 3 3
23111726 860 9 2 2 2 1 2 3 3 1 3 1 0 1 1 0 0 0 0 2 4 3 1 0 0 0 3 4 0 3 2 4 5 3 0 1 13 3
23111727 844 11 2 1 3 1 3 1 2 1 3 2 2 1 0 3 1 0 0 0 0 4 4 3 0 1 3 4 2 3 9 13 1 4 3 3 0 2 0 0
23111729 941 7 1 2 1 2 2 3 2 1 0 3 1 0 0 0 0 2 4 1 4 2 4 10 0 5 1 1 0 0 2 13 1 1 3 3
23111730 794 2 3 1 1 0 3 1 0 0 0 0 1 0 1 0 2 3 5 3 3 1 13 0 0 1 2 0 0 0 2
23111732 844 1 1 1 0 2 1 0 0 0 0 1 0 0 1 10 1 5 9 5 3 3 2 7 13 0 2 2 1 0
23111733 987 6 1 3 3 1 2 3 1 0 2 1 0 0 0 0 2 1 3 0 0 1 0 6 2 0 0 8 3 1 2 13 3 5 3
23111734 989 6 3 2 3 3 1 2 1 0 2 1 0 0 0 0 1 2 3 0 0 0 1 0 8 1 3 1 2 4 4 0 3 3 13
23111735 1028 0 1 0 3 1 0 0 0 0 0 0 0 0 0 3 1 2 4 7 2 0 4 3 3 1 5 6 13
23111736 983 10 2 2 3 1 2 3 1 3 1 1 1 0 3 1 0 0 0 0 4 3 3 13 1 3 0 2 6 3 5 2 2 7 1 3 4 1 2
23111738 904 7 2 2 2 3 1 3 3 1 0 1 1 0 0 0 0 1 3 3 0 0 0 1 4 2 3 0 13 7 5 1 1 4 3 2
23111739 784 2 1 3 1 0 1 1 0 0 0 0 1 0 1 3 2 2 0 13 3 4 0 6 1 7 2 3 4 2 1
23111740 976 2 2 1 3 1 6 0.33333333333333331 7 0.33333333333333331 8 0.33333333333333331 1 1 0 0 1 2 0 0 4 3 4 2 3 3 4 0 1 8 13
23111741 949 5 2 2 2 3 2 1 0 3 1 0 0 0 0 0 4 1 13 5 2 0 4 4 0 1 1 1 1 0 1 0 3 0
23111742 941 3 3 3 1 1 0 2 1 0 0 0 0 1 0 2 1 0 2 2 0 3 5 4 3 4 3 1 0 3 3 13
23111743 823 1 2 1 0 1 1 0 0 0 0 0 1 0 1 2 4 13 4 5 3 5 0 3 2 6 0 0 3 1
23111744 813 9 3 2 3 3 1 1 2 2 3 1 0 1 1 0 0 0 0 2 3 4 2 2 3 13 0 4 1 4 0 4 3 3 1 0 8 0
23111745 884 5 1 1 3 1 3 1 0 2 1 0 0 0 0 3 0 2 0 2 1 3 0 2 0 5 3 5 6 3 0 13 3 2
23111746 894 3 1 3 3 1 0 3 1 0 0 0 0 1 0 2 2 3 1 13 0 0 5 5 0 2 7 3 0 1 0 2
23111748 817 5 2 1 3 3 3 1 0 2 1 0 0 0 0 1 1 3 1 1 5 0 7 4 3 0 13 4 5 2 0 0 4 3
23111750 946 7 2 1 1 1 3 3 2 1 0 3 1 0 0 0 0 3 2 2 0 4 2 2 3 1 4 3 0 3 3 3 2 13 1 3
23111751 940 5 1 3 2 1 2 1 0 1 1 0 0 0 0 2 2 1 0 0 0 2 3 5 0 2 3 7 1 0 13 5 3 5
23111752 995 5 1 3 2 2 2 1 0 1 1 0 0 0 0 1 3 1 13 1 4 0 3 3 3 2 3 8 3 4 0 1 0 0
23111753 913 8 1 1 2 2 3 1 2 3 1 0 1 1 0 0 0 0 3 3 2 0 4 2 4 4 13 3 0 0 2 1 3 3 0 9 0
23111755 999 3 1 1 3 1 0 3 1 0 0 0 0 2 0 1 3 2 1 0 2 4 6 2 8 7 4 3 13 6 1 2
23111756 935 7 2 1 2 3 2 3 1 1 0 3 1 0 0 0 0 2 3 2 1 0 0 0 0 3 0 2 1 3 6 1 2 4 13 0
23111759 923 9 2 2 3 1 3 1 1 2 1 1 0 2 1 0 0 0 0 4 3 2 1 3 3 0 5 2 1 0 3 13 6 5 2 3 3 3
23111762 763 0 1 0 1 1 0 0 0 0 0 0 0 13 4 1 1 1 4 5 3 4 3 4 2 2 2 2 0
23111764 910 5 2 3 3 1 3 1 0 1 1 0 0 0 0 1 1 3 13 3 2 2 3 5 0 0 1 5 1 3 4 0 2 0
23111765 1025 5 2 1 2 2 1 1 0 3 1 0 0 0 0 2 3 0 0 0 0 1 0 0 3 3 0 0 6 4 3 3 4 13
23111766 893 3 1 2 3 1 0 2 1 0 0 0 0 1 1 1 0 4 8 13 1 3 5 7 0 3 2 3 0 0 1 3
23111767 951 8 2 1 3 3 2 1 3 3 1 0 2 1 0 0 0 0 2 2 4 1 0 0 0 2 6 2 0 5 3 6 3 13 3 1 1
23111768 902 5 1 1 3 3 3 1 0 2 1 0 0 0 0 2 0 3 1 0 0 0 4 2 0 0 4 3 3 7 13 5 7 2
23111769 851 9 3 1 3 1 2 2 2 3 2 1 0 3 1 0 0 0 0 2 4 3 3 13 1 3 2 2 4 1 4 4 1 0 1 0 0 0
23111770 858 1 1 1 0 3 1 0 0 0 0 1 0 0 0 0 3 0 3 2 4 1 6 8 3 3 2 13 3 0
23111771 997 2 3 1 1 0 1 1 0 0 0 0 1 0 1 3 3 3 0 3 7 4 0 13 8 2 3 2 5 4 0
23111773 833 10 3 1 2 3 3 2 1 2 3 1 1 0 1 1 0 0 0 0 3 3 4 0 0 2 0 3 1 3 0 4 5 4 3 13 7 4 2
23111774 1039 7 3 3 1 1 2 3 2 1 0 1 1 0 0 0 0 2 2 3 2 1 3 5 2 13 3 3 0 1 3 4 0 0 0 2
23111775 862 8 1 1 3 3 2 2 2 1 1 0 2 1 0 0 0 0 3 3 2 3 4 4 1 13 7 5 3 3 1 2 0 0 3 3 0
23111776 779 0 1 0 2 1 0 0 0 0 0 0 0 2 3 4 13 1 6 7 4 0 3 1 3 0 9 0 3
23111777 918 0 1 0 1 1 0 0 0 0 0 0 0 0 1 4 3 3 6 1 3 13 9 7 4 2 2 6 2
23111780 891 11 1 3 2 2 3 1 2 3 1 1 3 1 0 2 1 0 0 0 0 4 3 4 1 0 0 0 2 2 2 3 1 13 3 4 3 1 4 0
23111782 864 3 3 2 1 1 0 1 1 0 0 0 0 1 1 1 3 3 3 4 1 8 5 6 13 3 5 2 2 0 0 0
23111783 901 4 1 3 1 3 1 0 1 1 0 0 0 0 2 0 2 2 3 3 13 1 6 7 4 3 2 9 3 0 0 2 2
23111784 953 3 3 1 3 1 0 2 1 0 0 0 0 1 0 2 3 2 4 4 4 13 4 1 3 1 0 2 1 0 0 2
23111785 864 9 3 1 2 1 3 1 2 2 3 1 0 3 1 0 0 0 0 3 3 3 0 4 1 3 2 7 4 5 2 3 13 3 0 4 4 1
23111786 1076 7 3 1 1 2 1 3 3 1 0 2 1 0 0 0 0 3 1 3 13 3 3 3 3 5 4 2 2 4 3 0 1 0 0 0
23111787 920 5 2 3 1 1 1 1 0 3 1 0 0 0 0 3 1 1 2 6 13 7 2 3 4 3 3 1 3 6 0 2 0 4
23111788 841 7 2 1 1 2 3 3 2 1 0 3 1 0 0 0 0 2 3 2 2 3 0 0 1 5 0 0 3 13 0 1 3 3 3 0
23111789 1051 8 2 3 1 1 3 2 3 2 1 0 3 1 0 0 0 0 2 3 3 3 13 8 0 1 3 8 3 1 4 2 0 4 2 0 1
23111790 769 4 3 2 2 1 1 0 3 1 0 0 0 0 1 2 1 3 4 4 3 13 3 5 0 2 1 0 0 1 6 0 0
23111792 827 9 3 1 2 2 3 1 1 2 2 1 0 1 1 0 0 0 0 3 4 2 0 3 0 0 3 1 5 2 3 1 8 4 0 3 2 13
23111794 971 8 1 2 3 1 1 2 3 2 1 0 3 1 0 0 0 0 3 3 2 2 0 0 0 4 0 9 0 6 4 3 1 13 8 5 0
23111795 919 11 1 1 2 3 1 2 2 3 3 3 2 1 0 1 1 0 0 0 0 3 4 4 0 6 0 2 0 5 1 3 0 3 3 1 3 4 2 13
23111797 881 6 1 3 3 3 2 3 1 0 2 1 0 0 0 0 1 1 4 0 3 5 13 0 3 5 3 4 0 6 3 0 0 0 1
23111807 845 3 3 1 2 1 0 3 1 0 0 0 0 1 1 1 4 0 0 1 2 2 1 0 3 4 4 0 6 13 3 3
23111809 1035 2 1 1 1 0 2 1 0 0 0 0 2 0 0 1 0 0 1 2 2 0 3 0 13 2 5 3 3 5 3
23111810 806 4 1 3 3 3 1 0 2 1 0 0 0 0 1 0 3 1 3 4 13 0 0 5 4 0 2 2 6 0 1 3 0
23111811 853 6 3 1 3 2 1 2 1 0 3 1 0 0 0 0 2 2 2 3 3 3 1 4 5 8 0 13 5 3 2 0 0 0 5
23111813 882 8 1 3 2 3 2 1 1 1 1 0 3 1 0 0 0 0 4 2 2 4 4 5 2 1 13 6 2 4 3 1 2 0 2 0 0
23111816 921 7 3 2 2 1 1 1 2 1 0 1 1 0 0 0 0 3 3 1 0 3 0 2 1 8 0 3 3 1 2 2 13 3 5 3
23111817 832 10 1 1 2 2 1 3 2 3 3 3 1 0 2 1 0 0 0 0 3 3 4 0 6 0 1 3 3 2 4 4 6 8 1 4 4 13 3
23111818 732 1 2 1 0 3 1 0 0 0 0 0 1 0 4 4 2 3 2 13 3 3 0 1 4 1 3 0 1 0
23111819 763 3 2 1 2 1 0 3 1 0 0 0 0 1 2 0 2 0 3 0 4 1 6 1 3 1 3 13 3 1 2 2
23111820 817 5 2 1 3 1 3 1 0 2 1 0 0 0 0 2 1 2 0 1 5 3 0 4 6 13 2 7 4 3 3 0 4 5
23111822 980 4 2 1 2 2 1 0 3 1 0 0 0 0 1 3 0 3 1 0 4 0 0 3 4 6 4 8 9 0 4 1 13
23111824 821 5 3 2 3 1 2 1 0 3 1 0 0 0 0 1 2 2 2 1 0 6 0 1 4 5 0 0 1 13 0 0 3 2
23111826 990 10 1 2 3 1 3 3 2 2 3 1 1 0 2 1 0 0 0 0 3 3 4 8 0 0 0 13 4 2 0 3 4 3 3 1 1 4 7
23111828 879 3 2 1 3 1 0 3 1 0 0 0 0 1 1 1 0 3 0 2 4 0 0 0 3 5 1 1 13 3 2 0
23111829 889 7 2 1 1 3 2 3 2 1 0 1 1 0 0 0 0 2 3 2 0 0 0 1 0 0 4 4 2 4 5 2 3 4 1 13
23111831 920 7 3 1 2 3 3 1 1 1 0 2 1 0 0 0 0 3 1 3 3 4 0 0 3 3 3 2 1 4 6 0 13 2 1 2
23111832 762 9 1 2 2 3 2 3 3 3 1 1 0 2 1 0 0 0 0 2 3 4 4 1 3 4 2 3 1 3 1 2 7 13 1 0 3 0
23111836 1135 4 3 2 1 1 1 0 1 1 0 0 0 0 2 1 1 2 2 3 2 4 3 6 0 13 2 3 3 1 1 4 0
23111837 971 10 2 3 3 2 1 1 3 1 2 2 1 0 3 1 0 0 0 0 3 4 3 1 4 3 1 4 5 2 0 13 2 3 0 1 4 0 0
23111838 964 3 2 1 1 1 0 3 1 0 0 0 0 2 1 0 2 3 13 8 5 5 6 4 2 5 1 2 1 0 0 0
23111839 982 0 1 0 2 1 0 0 0 0 0 0 0 1 0 0 2 4 4 13 0 1 5 3 3 3 1 2 0
23111840 964 6 3 3 1 2 2 2 1 0 1 1 0 0 0 0 1 3 2 13 9 6 0 3 6 4 3 3 8 3 0 3 0 1 0
23111842 934 6 2 2 1 1 2 3 1 0 3 1 0 0 0 0 2 3 1 2 2 4 3 0 3 4 4 0 13 1 3 1 0 0 1
23111845 948 1 3 1 0 1 1 0 0 0 0 0 0 1 1 5 6 13 0 8 4 4 2 0 2 3 0 0 3 3
23111846 834 11 3 1 2 1 3 3 2 2 2 1 1 1 0 3 1 0 0 0 0 4 4 3 4 13 4 2 4 5 3 5 6 8 3 0 1 3 0 0
23111850 908 1 1 3 1 7 0.33333333333333331 8 0.33333333333333331 9 0.33333333333333331 1 0 0 1 7 5 13 6 4 4 5 0 2 2 1 2 3 0 0
23111851 895 0 1 0 1 1 0 0 0 0 0 0 0 4 3 0 0 9 3 1 0 3 5 2 3 13 3 2 3
23111852 904 6 1 1 3 2 2 1 1 0 3 1 0 0 0 0 3 2 1 0 5 0 6 3 6 8 13 7 2 2 1 5 4 4 3
23111855 691 6 1 3 3 2 2 1 1 0 2 1 0 0 0 0 2 2 2 3 1 2 1 0 2 7 3 0 5 8 3 0 4 1 13
23111856 909 11 3 1 1 2 3 2 2 2 1 3 3 1 0 1 1 0 0 0 0 3 4 4 1 2 0 0 0 0 6 4 2 8 7 4 0 13 4 1
23111857 834 1 2 1 0 2 1 0 0 0 0 0 1 0 0 1 3 13 1 3 7 4 0 2 4 3 0 0 1 4
23111858 842 11 2 3 1 3 3 1 2 1 1 2 2 1 0 3 1 0 0 0 0 4 4 3 3 0 0 1 2 5 2 0 5 4 2 3 1 3 13 1
23111859 954 10 1 2 3 3 2 1 3 1 1 2 1 0 2 1 0 0 0 0 4 3 3 3 0 0 0 4 3 7 0 5 6 6 3 13 3 2 1
23111860 866 4 3 2 1 1 1 0 2 1 0 0 0 0 2 1 1 0 0 0 3 2 13 2 3 1 5 3 1 3 4 3 5
23111861 938 6 3 2 3 3 1 2 1 0 2 1 0 0 0 0 1 2 3 0 0 2 1 0 5 7 4 4 1 6 4 1 2 13 1
23111862 863 0 1 0 3 1 0 0 0 0 0 0 0 1 2 2 0 2 3 4 4 2 1 3 8 1 3 1 13
23111863 970 6 3 2 3 1 2 3 1 0 1 1 0 0 0 0 1 2 3 3 2 0 0 4 1 13 0 7 5 4 3 3 8 3 0
23111865 884 1 3 1 0 1 1 0 0 0 0 0 0 1 3 13 2 0 8 5 0 0 7 5 3 0 3 0 0 3
23111866 775 4 2 3 3 3 1 0 2 1 0 0 0 0 0 1 3 0 3 1 13 1 2 5 3 0 4 7 1 0 1 2 3
23111867 974 6 1 1 1 2 3 2 1 0 3 1 0 0 0 0 3 2 1 1 0 0 0 0 4 2 7 0 5 4 13 4 6 5 2
23111868 908 0 1 0 3 1 0 0 0 0 0 0 0 3 1 0 0 3 1 2 0 6 4 2 2 7 1 13 0
23111873 1026 8 1 1 1 2 3 2 3 3 1 0 2 1 0 0 0 0 3 2 3 4 13 2 0 8 7 6 5 2 1 4 0 0 4 1 4
23111874 945 2 3 2 1 0 2 1 0 0 0 0 0 1 1 13 6 2 0 6 1 1 0 4 5 3 0 1 0 0 3
23111876 1078 9 3 3 3 1 2 3 2 2 1 1 0 1 1 0 0 0 0 2 3 4 0 13 2 3 2 4 6 3 1 1 6 3 0 1 3 2
23111878 866 11 1 2 3 3 1 2 2 1 2 3 3 1 0 1 1 0 0 0 0 3 4 4 0 0 0 1 2 0 3 4 0 4 4 13 0 3 1 2
23111880 1000 10 3 3 1 3 2 1 2 1 2 3 1 0 2 1 0 0 0 0 3 3 4 0 1 5 1 3 8 3 2 0 0 6 13 1 2 4 4
23111881 869 2 2 1 1 0 3 1 0 0 0 0 1 1 0 3 5 13 3 1 6 7 0 1 3 5 2 1 2 2 0
23111883 816 1 1 1 0 2 1 0 0 0 0 1 0 0 1 2 0 0 1 13 2 0 9 6 4 2 3 3 4 1
23111884 1030 10 3 1 3 1 2 2 3 1 2 3 1 0 2 1 0 0 0 0 3 3 4 0 0 3 1 1 3 6 0 2 3 8 2 3 1 13 0
23111885 907 11 1 2 2 1 3 1 3 2 2 1 3 1 0 3 1 0 0 0 0 4 4 3 3 2 0 0 2 3 5 1 1 3 2 0 4 13 0 1
23111886 994 6 2 1 1 1 3 1 1 0 2 1 0 0 0 0 4 1 1 0 3 0 0 0 2 3 4 6 3 5 6 3 2 3 13
23111887 813 2 3 2 1 0 1 1 0 0 0 0 0 1 1 0 1 0 1 13 5 5 0 3 2 4 3 2 3 3 0
23111888 952 2 1 3 3 1 8 0.33333333333333331 9 0.33333333333333331 10 0.33333333333333331 1 0 1 2 3 6 5 0 3 5 13 2 4 7 3 1 0 3 3
23111890 867 9 1 2 3 1 3 1 2 1 3 1 0 2 1 0 0 0 0 4 2 3 13 3 6 3 8 5 4 0 5 3 0 0 2 0 0 0
23111891 686 9 2 2 1 3 2 3 1 3 1 1 0 2 1 0 0 0 0 3 3 3 0 3 4 1 0 5 4 2 3 4 13 1 0 3 4 3
23111894 808 0 1 0 3 1 0 0 0 0 0 0 0 3 0 0 0 13 4 1 2 5 6 0 0 2 4 1 0
23111895 937 9 2 1 3 3 2 3 2 2 1 1 0 3 1 0 0 0 0 2 4 3 1 0 1 1 8 3 2 0 6 5 4 0 13 8 4 0
23111896 960 6 3 2 1 2 1 3 3 1 8 0.33333333333333331 9 0.33333333333333331 10 0.33333333333333331 2 2 2 2 2 1 4 0 0 13 4 0 3 4 5 0 0 1 3
23111897 719 9 3 2 3 3 2 2 1 3 2 1 0 1 1 0 0 0 0 1 4 4 1 4 3 0 3 1 3 1 1 4 3 0 2 13 2 0
23111899 876 6 1 2 3 2 3 1 1 0 1 1 0 0 0 0 2 2 2 3 1 0 0 5 2 0 0 9 4 3 0 13 4 4 2
23111900 847 5 1 1 2 2 2 1 0 2 1 0 0 0 0 2 3 0 1 13 3 0 7 5 5 1 3 3 4 3 3 0 3 0
23111901 932 9 2 1 3 2 2 3 1 3 1 1 0 3 1 0 0 0 0 3 3 3 0 0 1 1 0 3 3 4 0 2 3 9 2 4 6 13
23111902 989 10 3 3 2 1 1 2 1 2 3 3 1 0 1 1 0 0 0 0 3 3 4 0 0 1 2 2 0 1 0 3 2 1 5 0 13 5 2
23111903 758 2 2 1 1 0 3 1 0 0 0 0 1 1 0 0 3 13 3 2 4 5 4 0 0 1 4 1 2 0 0
23111904 932 5 3 2 3 3 1 1 0 2 1 0 0 0 0 1 1 3 0 1 0 0 3 2 4 13 3 5 6 6 3 3 4 1
23111905 917 9 1 2 2 3 2 1 2 3 1 1 0 3 1 0 0 0 0 3 4 2 0 3 1 0 13 5 4 0 4 1 2 3 1 3 2 0
23111906 894 4 1 2 3 3 1 0 1 1 0 0 0 0 1 1 2 13 8 4 3 1 5 3 0 1 2 2 0 0 0 2 0
23111910 849 8 3 3 2 1 2 3 1 3 1 0 2 1 0 0 0 0 2 2 4 0 0 1 0 1 4 2 2 6 1 1 0 13 2 0 0
23111913 964 4 1 1 1 2 1 0 2 1 0 0 0 0 3 1 0 13 6 4 4 2 5 7 0 3 3 0 0 0 0 0 3
23111914 946 8 1 1 2 3 3 1 2 2 1 0 3 1 0 0 0 0 3 3 2 1 3 3 2 0 2 13 3 5 4 6 1 0 4 2 1
23111916 946 6 2 1 2 2 2 1 1 0 3 1 0 0 0 0 2 4 0 3 0 1 0 0 0 3 5 0 1 5 2 0 5 1 13
23111920 804 0 1 0 3 1 0 0 0 0 0 0 0 2 1 0 0 3 6 1 0 2 7 8 1 13 4 3 2
23111921 986 5 3 2 1 2 1 1 0 2 1 0 0 0 0 2 2 1 13 3 3 4 2 7 3 1 3 4 0 0 0 1 0 3
23111922 870 1 1 1 0 2 1 0 0 0 0 1 0 0 2 5 4 3 13 3 4 3 3 5 6 4 0 1 0 7
23111923 820 9 1 3 2 1 1 3 2 2 1 1 0 3 1 0 0 0 0 4 3 2 7 1 5 3 5 5 2 0 1 6 13 3 3 2 2 0
23111924 987 2 3 3 1 0 2 1 0 0 0 0 0 0 2 0 0 3 1 4 1 4 0 3 13 2 3 4 8 3 5
23111925 996 10 3 1 3 1 2 1 3 2 2 1 1 0 2 1 0 0 0 0 4 3 3 4 2 13 5 3 3 4 4 0 3 1 6 3 0 0 9
23111926 946 5 1 3 2 3 2 1 0 2 1 0 0 0 0 1 2 2 0 1 0 0 9 4 2 0 5 4 8 6 13 1 4 1
23111927 738 8 2 2 3 3 1 3 1 3 1 0 1 1 0 0 0 0 2 2 4 4 4 3 0 1 13 2 0 3 2 6 0 2 0 3 1
23111928 832 11 2 3 1 1 1 3 2 3 2 2 1 1 0 3 1 0 0 0 0 4 4 3 3 0 3 0 3 1 5 13 1 3 2 3 2 7 3 9
23111929 995 2 2 3 1 0 1 1 0 0 0 0 0 1 1 5 0 1 0 3 8 0 3 3 7 4 0 13 7 2 0
23111930 993 10 2 2 3 1 1 1 3 1 2 3 3 1 5 0.33333333333333331 6 0.33333333333333331 7 0.33333333333333331 4 3 3 3 3 3 2 3 6 4 0 4 4 3 0 5 4 13 0
23111931 881 3 2 1 1 1 0 1 1 0 0 0 0 2 1 0 2 3 0 0 3 2 1 3 13 3 5 0 3 2 5 3
23111933 886 4 3 1 3 3 1 0 2 1 0 0 0 0 1 0 3 4 0 0 2 3 6 0 0 3 5 4 0 13 3 1 0
23111934 834 0 1 0 1 1 0 0 0 0 0 0 0 0 2 0 0 3 1 3 0 13 6 4 1 3 2 2 4
23111936 800 5 1 2 1 1 2 1 0 3 1 0 0 0 0 3 2 0 3 2 1 3 4 3 13 2 2 3 1 4 3 0 3 0
23111938 875 4 3 2 1 2 1 0 3 1 0 0 0 0 1 2 1 2 1 3 13 0 3 5 6 0 1 4 4 0 1 0 2
23111940 1012 1 1 3 1 4 0.33333333333333331 5 0.33333333333333331 6 0.33333333333333331 1 0 0 3 3 0 3 6 6 3 0 8 6 3 0 13 4 2 0
23111941 965 2 3 2 1 0 1 1 0 0 0 0 0 1 1 1 0 0 0 0 6 2 0 5 5 2 0 13 3 3 1
23111944 969 2 2 2 1 0 2 1 0 0 0 0 0 2 0 3 0 0 1 1 13 0 0 1 3 5 3 2 3 6 1
23111945 991 9 2 3 3 3 1 3 2 2 1 1 0 2 1 0 0 0 0 2 3 4 0 13 3 1 0 2 4 4 3 8 3 1 1 0 4 9
23111949 901 6 1 1 2 3 2 3 1 0 1 1 0 0 0 0 2 2 2 2 0 0 0 1 5 13 0 5 4 2 0 3 4 2 1
23111950 850 2 2 3 1 0 2 1 0 0 0 0 0 1 1 3 1 5 7 2 3 5 0 13 1 2 1 3 0 1 0
23111951 867 5 2 3 3 3 1 1 0 2 1 0 0 0 0 1 1 3 3 13 4 2 8 5 4 0 5 0 1 0 1 0 0 3
23111955 961 9 3 2 1 3 2 1 3 2 1 3 1 6 0.33333333333333331 7 0.33333333333333331 8 0.33333333333333331 3 3 3 0 0 4 4 0 3 3 2 3 4 6 1 2 13 1 3
23111957 943 3 2 2 3 1 0 3 1 0 0 0 0 0 2 1 13 8 2 3 1 3 8 4 2 1 0 0 1 1 0 0
23111962 905 8 2 2 1 3 3 2 1 3 1 0 1 1 0 0 0 0 2 3 3 3 1 5 13 0 2 3 4 0 0 2 7 0 0 1 0
23111963 954 3 3 1 3 1 0 2 1 0 0 0 0 1 0 2 13 1 8 2 6 5 3 2 4 4 0 0 0 0 0 1
23111964 834 7 2 1 1 3 2 2 3 3 1 4 0.33333333333333331 5 0.33333333333333331 6 0.33333333333333331 2 3 2 2 0 1 1 2 6 7 3 0 1 2 13 1 4 3 8
23111967 861 0 1 0 3 1 0 0 0 0 0 0 0 0 0 0 2 3 1 3 0 4 7 5 1 13 3 2 0
23111968 801 7 3 3 3 1 1 2 1 1 0 2 1 0 0 0 0 3 1 3 13 3 6 1 3 6 2 0 0 4 2 0 3 0 0 0
23111970 994 6 1 2 3 2 3 1 1 0 3 1 0 0 0 0 2 2 2 0 0 1 1 0 0 6 1 0 2 2 4 2 3 3 13
23111971 958 2 1 2 1 0 1 1 0 0 0 0 1 1 0 1 0 0 0 0 0 3 5 0 2 4 13 2 0 5 4
23111973 981 1 3 1 0 1 1 0 0 0 0 0 0 1 0 2 1 0 13 4 2 0 4 5 3 1 2 3 3 3
23111974 983 11 1 1 3 2 1 3 2 3 3 1 2 1 0 2 1 0 0 0 0 4 3 4 0 0 3 0 3 3 4 2 0 4 1 2 1 3 6 13
23111975 817 3 2 1 3 1 0 3 1 0 0 0 0 1 1 1 1 3 7 13 0 2 2 4 0 0 1 3 0 0 0 3
23111976 960 11 3 2 1 2 1 3 3 1 2 2 1 1 0 3 1 0 0 0 0 4 4 3 0 0 3 2 0 0 2 1 4 4 3 13 1 3 4 3
23111978 990 9 2 1 3 3 2 3 1 1 2 1 0 2 1 0 0 0 0 3 3 3 3 4 4 1 3 2 13 1 4 2 4 3 0 0 1 0
23111979 1066 3 2 2 3 1 0 2 1 0 0 0 0 0 2 1 3 5 0 3 1 5 7 9 3 1 8 4 1 3 13 0
23111980 770 2 1 1 1 0 2 1 0 0 0 0 2 0 0 2 3 0 0 3 1 1 2 3 5 4 3 2 13 4 0
23111984 966 3 3 1 2 1 0 3 1 0 0 0 0 1 1 1 0 1 4 0 1 4 13 2 5 2 3 1 0 2 0 3
23111985 917 9 2 3 2 3 2 1 3 1 1 1 0 1 1 0 0 0 0 3 3 3 0 4 1 3 0 5 2 5 2 1 3 13 0 3 2 0
23111987 902 11 1 1 2 3 3 3 1 3 2 1 2 1 0 2 1 0 0 0 0 4 3 4 1 0 3 2 3 5 4 1 9 4 6 0 13 4 2 0
23111989 885 11 1 3 3 1 1 2 3 2 2 2 3 1 0 1 1 0 0 0 0 3 4 4 0 0 2 0 1 2 1 0 4 4 3 0 4 5 13 3
23111990 926 1 2 3 1 7 0.33333333333333331 8 0.33333333333333331 9 0.33333333333333331 0 1 0 0 3 13 3 4 5 4 3 3 3 4 5 0 1 0 0
23111991 735 8 1 1 1 2 2 1 2 2 1 0 3 1 0 0 0 0 4 4 0 0 0 0 3 3 3 3 6 3 6 5 13 0 3 5 3
23111993 1038 10 2 3 1 3 3 1 2 1 2 2 1 0 3 1 0 0 0 0 3 4 3 1 3 1 4 4 13 3 0 4 2 0 2 0 0 0 1
23111995 924 3 3 3 2 1 0 2 1 0 0 0 0 0 1 2 0 2 0 1 0 3 1 3 0 0 4 5 2 1 13 1
23111996 919 6 2 1 2 3 2 3 1 0 1 1 0 0 0 0 1 3 2 1 0 0 0 13 4 3 2 5 4 0 0 4 3 1 0
23111997 1038 8 1 2 2 1 2 3 2 1 1 0 1 1 0 0 0 0 3 4 1 3 7 9 13 1 4 2 5 1 6 2 4 0 3 0 3
23112000 865 0 1 0 3 1 0 0 0 0 0 0 0 13 1 5 0 6 3 5 3 2 3 1 3 2 3 0 0
23112001 875 2 2 3 1 0 1 1 0 0 0 0 0 1 1 3 4 13 3 8 7 4 2 1 3 1 6 1 2 2 0
23112002 912 4 1 1 2 1 1 0 3 1 0 0 0 0 3 1 0 0 2 0 2 3 3 3 4 0 4 13 7 0 2 6 1
23112004 906 10 3 2 1 3 3 2 3 1 2 2 1 0 1 1 0 0 0 0 2 4 4 3 1 3 13 0 4 8 6 3 3 3 4 0 2 0 1
23112007 912 4 1 2 2 3 1 0 3 1 0 0 0 0 1 2 1 8 0 2 1 3 4 1 0 4 3 3 0 13 8 4 0
23112008 875 0 1 0 1 1 0 0 0 0 0 0 0 0 2 0 0 4 3 0 1 6 3 0 0 13 4 4 2
23112009 940 5 2 3 1 2 1 1 0 2 1 0 0 0 0 2 2 1 4 0 1 0 1 2 3 7 3 5 4 1 2 13 3 3
23112011 961 4 3 2 3 3 1 0 2 1 0 0 0 0 0 1 3 2 9 3 13 0 6 2 4 1 4 1 1 0 1 0 0
23112013 859 11 2 1 3 3 1 3 2 3 1 2 2 1 0 1 1 0 0 0 0 3 4 4 0 0 1 3 0 3 5 2 1 3 6 3 2 0 4 13
23112014 957 7 3 2 1 2 3 2 2 3 1 7 0.33333333333333331 8 0.33333333333333331 9 0.33333333333333331 1 4 2 0 1 1 1 0 0 3 5 3 3 6 4 0 0 3 13
23112015 861 4 1 2 3 3 1 0 2 1 0 0 0 0 1 1 2 2 4 5 13 3 1 6 3 1 7 1 2 0 0 3 3
23112019 933 7 2 1 2 3 1 2 3 1 0 2 1 0 0 0 0 2 3 2 1 3 3 5 4 13 1 2 0 0 4 3 0 1 0 0
23112021 965 2 3 3 1 0 1 1 0 0 0 0 0 0 2 4 3 0 0 2 13 0 1 4 3 2 0 1 3 2 0
23112024 891 7 1 1 2 1 3 3 2 1 0 1 1 0 0 0 0 3 2 2 7 6 3 2 3 3 6 0 2 9 7 3 3 13 3 0
23112025 826 3 2 3 2 1 0 2 1 0 0 0 0 0 2 1 1 1 0 0 5 3 0 1 4 3 4 2 3 13 1 0
23112027 959 8 3 1 3 1 2 2 1 2 1 0 3 1 0 0 0 0 3 3 2 2 0 3 0 0 1 6 13 4 5 4 4 1 4 2 3
23112029 823 2 3 1 1 0 3 1 0 0 0 0 1 0 1 3 7 8 13 2 3 5 3 0 3 5 3 0 0 0 6
23112032 821 4 1 3 3 2 1 0 1 1 0 0 0 0 1 1 2 2 2 0 0 3 6 1 1 0 5 3 3 2 3 4 13
23112033 876 5 3 3 3 2 2 1 0 1 1 0 0 0 0 0 2 3 0 2 5 13 0 3 4 1 1 3 3 1 0 2 0 0
23112035 1072 0 1 0 1 1 0 0 0 0 0 0 0 0 0 3 3 3 2 8 5 2 3 7 4 1 5 8 13
23112036 941 6 2 1 3 3 2 2 1 0 3 1 0 0 0 0 1 3 2 2 1 0 0 3 1 4 0 1 3 4 3 2 3 13 1
23112037 1007 9 3 1 2 3 2 1 1 1 3 1 0 2 1 0 0 0 0 4 2 3 3 13 2 4 0 3 5 4 0 0 0 1 0 0 0 2
23112039 842 2 1 2 1 0 3 1 0 0 0 0 1 1 0 0 1 0 0 2 13 6 3 0 5 4 3 0 4 2 1
23112042 893 11 3 3 2 1 3 1 3 2 1 1 2 1 0 2 1 0 0 0 0 4 3 4 0 0 0 3 0 1 2 5 3 2 3 5 3 0 1 13
23112043 841 8 3 3 1 2 3 2 1 1 1 0 1 1 0 0 0 0 3 2 3 0 3 2 13 2 1 5 5 0 3 5 4 0 0 2 0
23112046 951 11 1 2 2 2 3 2 3 1 3 3 1 1 0 1 1 0 0 0 0 3 4 4 0 6 8 13 3 6 7 3 3 2 4 4 0 0 0 1
23112047 914 1 2 1 0 1 1 0 0 0 0 0 1 0 0 2 1 0 2 2 3 6 5 7 3 3 1 1 3 13
23112049 837 9 3 2 3 2 3 3 2 1 2 1 0 1 1 0 0 0 0 1 4 4 9 5 2 4 3 5 1 0 13 7 4 0 7 1 0 1
23112051 785 3 2 3 3 1 0 2 1 0 0 0 0 0 1 2 1 5 7 7 3 1 13 3 2 4 6 1 3 3 0 3
23112053 1003 4 2 3 2 1 1 0 1 1 0 0 0 0 1 2 1 4 5 13 0 3 5 3 0 4 3 3 5 0 1 2 0
23112054 944 0 3 1 8 0.33333333333333331 9 0.33333333333333331 10 0.33333333333333331 0 0 0 1 1 2 1 3 4 3 2 4 6 4 0 3 13 2 0
23112055 930 6 1 1 3 2 1 3 1 0 2 1 0 0 0 0 3 1 2 0 0 2 3 3 3 1 1 0 2 13 5 2 2 3 1
23112057 1032 4 3 2 2 2 1 0 1 1 0 0 0 0 0 3 1 0 0 1 0 0 1 3 2 0 3 5 5 3 4 1 13
23112058 898 3 3 3 2 1 0 3 1 0 0 0 0 0 1 2 1 0 1 0 0 6 2 3 0 3 5 9 0 0 3 13
23112059 932 9 3 1 1 2 2 1 3 2 3 1 0 3 1 0 0 0 0 3 3 3 2 0 0 0 5 6 0 1 9 4 2 3 13 4 1 0
23112060 951 10 2 1 3 3 3 2 1 2 2 1 1 0 1 1 0 0 0 0 3 4 3 3 0 5 3 2 2 5 3 1 13 3 0 5 3 1 0
23112062 914 10 3 1 3 2 3 3 1 1 2 2 1 0 1 1 0 0 0 0 3 3 4 0 2 0 0 4 1 3 0 2 1 5 3 2 13 5 6
23112063 917 9 1 3 2 3 2 1 2 2 3 1 0 1 1 0 0 0 0 2 4 3 0 0 4 7 4 5 7 3 1 2 13 1 0 0 3 4
23112065 849 4 2 2 1 1 1 0 1 1 0 0 0 0 2 2 0 0 3 3 2 2 2 3 1 1 13 5 3 4 1 5 2
23112069 876 8 1 1 2 3 3 2 1 2 1 0 1 1 0 0 0 0 3 3 2 0 4 3 13 7 5 7 4 6 3 4 3 2 0 4 3
23112073 884 3 1 1 3 1 0 2 1 0 0 0 0 2 0 1 2 6 6 2 0 3 7 9 1 0 4 13 0 0 1 2
23112074 866 6 1 1 1 3 3 3 1 0 2 1 0 0 0 0 3 0 3 1 3 4 2 13 2 2 0 5 7 3 0 3 1 2 3
23112076 847 1 3 1 0 2 1 0 0 0 0 0 0 1 1 0 0 0 4 4 4 2 4 5 1 0 3 13 6 0
23112077 888 1 1 1 0 3 1 0 0 0 0 1 0 0 13 1 6 3 2 5 1 0 4 2 8 2 0 1 2 0
23112078 1027 3 1 3 1 1 0 2 1 0 0 0 0 2 0 1 0 0 1 3 1 0 3 2 0 5 6 2 0 2 3 13
23112079 936 11 1 1 3 3 2 2 2 3 3 2 1 1 0 1 1 0 0 0 0 3 4 4 0 0 0 3 0 0 4 13 3 1 2 3 3 5 4 3
23112080 730 7 1 1 3 3 3 1 2 1 0 2 1 0 0 0 0 3 1 3 1 3 0 0 3 2 0 6 2 4 3 0 13 3 3 0
23112082 876 0 1 0 2 1 0 0 0 0 0 0 0 1 0 0 0 3 2 3 2 5 13 3 0 4 6 1 1
23112083 929 10 2 1 2 1 3 3 1 3 1 2 1 0 2 1 0 0 0 0 4 3 3 3 1 0 0 13 5 1 3 8 7 5 0 2 3 2 4
23112084 922 0 1 0 2 1 0 0 0 0 0 0 0 13 4 2 0 4 5 4 1 0 1 3 0 0 3 0 0
23112086 932 2 1 3 1 0 1 1 0 0 0 0 1 0 1 4 2 3 13 3 5 7 0 0 1 6 2 2 3 3 0
23112087 974 2 3 1 1 0 2 1 0 0 0 0 1 0 1 0 2 3 0 3 6 3 3 1 4 3 3 0 2 13 1
23112088 856 1 2 1 0 3 1 0 0 0 0 0 1 0 0 2 3 0 1 4 1 3 0 2 1 7 3 3 4 13
23112089 903 1 1 3 1 6 0.33333333333333331 7 0.33333333333333331 8 0.33333333333333331 1 0 0 4 2 0 0 13 3 1 3 1 3 8 9 4 2 5 2
23112091 876 1 1 1 0 2 1 0 0 0 0 1 0 0 3 13 3 3 1 1 2 2 1 1 4 2 3 0 3 2
23112092 1037 1 2 1 0 1 1 0 0 0 0 0 1 0 2 3 13 3 4 5 7 9 3 3 3 6 0 1 2 1
23112095 918 0 1 0 3 1 0 0 0 0 0 0 0 0 1 0 0 0 1 3 2 0 8 4 3 2 13 5 3
23112097 820 0 1 0 3 1 0 0 0 0 0 0 0 4 4 2 0 3 7 13 0 5 4 3 1 1 3 2 0
23112100 845 11 2 2 1 2 1 3 1 3 3 3 1 1 0 2 1 0 0 0 0 4 3 4 0 13 3 1 0 3 6 3 8 3 3 4 0 0 4 2
23112101 763 11 1 1 2 3 1 3 3 1 3 2 2 3 1 4 0.33333333333333331 5 0.33333333333333331 6 0.33333333333333331 4 3 4 13 6 1 2 3 5 4 1 2 4 0 0 3 2 4 0
23112102 888 2 2 1 1 0 1 1 0 0 0 0 1 1 0 2 2 3 0 13 7 1 3 5 7 5 0 2 5 1 4
23112105 864 9 2 2 3 1 2 3 1 1 3 1 0 3 1 0 0 0 0 3 3 3 5 1 4 3 1 2 5 13 0 3 3 4 0 0 2 7
23112106 820 8 2 3 2 3 3 3 2 1 1 0 2 1 0 0 0 0 1 3 4 1 2 3 0 5 3 4 1 13 3 0 0 0 1 0 1
23112107 805 2 3 3 1 0 1 1 0 0 0 0 0 0 2 3 5 3 3 3 7 6 13 2 1 0 0 2 0 0 0
23112108 967 6 1 1 2 2 1 2 1 0 3 1 0 0 0 0 3 3 0 2 6 4 13 3 3 7 7 0 0 1 4 0 0 0 3
23112109 919 10 3 3 2 1 1 3 2 1 2 2 1 0 1 1 0 0 0 0 3 4 3 0 0 0 1 0 6 2 13 3 3 3 5 0 1 4 2
23112110 965 4 3 2 3 3 1 0 1 1 0 0 0 0 0 1 3 2 0 0 0 3 1 0 0 3 4 2 1 13 4 4 6
23112111 983 10 3 2 2 1 1 3 1 3 1 2 1 0 2 1 0 0 0 0 4 3 3 0 2 0 0 1 5 13 3 3 4 6 3 4 9 3 0
23112113 974 5 1 3 2 1 1 1 0 3 1 0 0 0 0 3 1 1 0 6 2 4 0 13 6 2 0 1 4 4 2 3 3 6
23112115 969 8 3 2 2 3 1 1 2 3 1 0 1 1 0 0 0 0 2 3 3 0 3 0 0 3 4 0 0 4 4 5 4 13 3 2 1
23112116 866 11 2 1 3 1 3 1 2 3 2 3 1 1 0 2 1 0 0 0 0 4 3 4 3 0 0 0 5 3 3 5 3 4 6 4 13 3 2 1
23112117 765 4 2 3 1 1 1 0 2 1 0 0 0 0 2 1 1 2 1 4 6 0 3 5 13 0 1 4 0 0 0 2 6
23112118 904 9 3 1 3 2 1 1 1 2 2 1 0 2 1 0 0 0 0 4 3 2 3 3 0 0 4 6 0 0 3 5 3 3 13 3 5 0
23112119 943 11 3 3 2 2 2 1 3 2 1 1 3 1 0 1 1 0 0 0 0 3 4 4 1 0 2 0 0 2 3 3 3 5 4 1 3 3 3 13
23112120 960 3 3 3 2 1 0 2 1 0 0 0 0 0 1 2 0 0 3 1 13 2 2 0 5 5 3 1 4 1 1 0
23112121 889 0 1 0 1 1 0 0 0 0 0 0 0 3 2 0 0 3 5 0 0 4 1 3 0 13 6 3 2
23112122 963 5 1 3 2 1 3 1 0 3 1 0 0 0 0 2 1 2 0 0 2 0 0 4 3 13 0 3 5 7 1 2 4 5
23112125 787 0 1 0 1 1 0 0 0 0 0 0 0 0 4 2 0 2 1 2 3 1 4 4 9 3 3 8 13
23112126 888 1 1 1 0 3 1 0 0 0 0 1 0 0 1 0 0 0 3 4 6 0 2 6 5 3 13 2 1 2
23112133 898 9 3 2 1 2 2 1 1 1 2 1 0 3 1 0 0 0 0 4 4 1 0 0 0 3 3 3 0 0 8 6 0 0 13 5 4 3
23112136 888 9 2 3 3 3 2 3 1 1 2 1 0 1 1 0 0 0 0 2 3 4 2 1 0 2 5 0 0 0 8 3 1 0 13 3 3 0
23112138 928 6 3 1 3 1 1 2 1 0 3 1 0 0 0 0 3 1 2 0 0 2 0 13 1 2 0 7 6 0 0 5 5 2 3
23112140 902 9 1 1 2 1 1 3 2 2 3 1 0 2 1 0 0 0 0 4 3 2 2 3 13 3 6 4 4 3 3 3 3 0 3 1 0 0
23112143 762 0 1 0 2 1 0 0 0 0 0 0 0 3 4 1 13 3 7 5 3 0 3 0 1 0 0 2 0
23112145 871 10 2 2 3 1 2 3 1 3 2 1 1 0 3 1 0 0 0 0 3 4 3 1 0 3 0 0 4 2 6 0 5 6 7 3 1 3 13
23112147 880 1 3 1 0 1 1 0 0 0 0 0 0 1 2 2 0 1 1 9 5 3 1 4 3 2 2 3 13 0
23112150 885 9 3 2 3 1 2 2 1 3 2 1 0 1 1 0 0 0 0 2 4 3 3 4 3 1 13 5 0 0 4 6 3 1 2 7 3 0
23112151 1080 10 2 3 3 2 2 3 2 1 1 3 1 0 1 1 0 0 0 0 2 4 4 0 2 2 13 7 3 6 1 1 4 9 1 0 0 1 2
23112152 958 9 2 3 3 3 3 2 2 1 2 1 0 1 1 0 0 0 0 1 4 4 1 1 0 0 0 0 3 3 1 8 6 3 0 2 4 13
23112153 1014 8 3 3 2 1 1 2 1 3 3 1 7 0.33333333333333331 8 0.33333333333333331 9 0.33333333333333331 3 2 3 13 6 4 1 0 5 4 4 2 4 6 3 0 0 2 0
23112156 933 5 3 2 1 1 3 1 0 2 1 0 0 0 0 2 1 2 3 3 4 13 4 5 7 2 3 4 1 3 0 1 2 0
23112157 806 0 1 0 3 1 0 0 0 0 0 0 0 1 0 0 3 13 3 0 0 4 3 2 0 2 3 1 3
23112159 996 1 3 1 0 2 1 0 0 0 0 0 0 1 0 1 3 4 0 2 1 13 3 4 5 4 2 7 1 4
23112161 942 9 3 3 1 1 1 2 3 3 2 3 1 6 0.33333333333333331 7 0.33333333333333331 8 0.33333333333333331 3 2 4 1 4 2 5 2 3 4 13 0 0 1 0 0 0 0 2
23112162 1015 7 2 2 1 1 3 2 3 1 0 3 1 0 0 0 0 2 3 2 1 0 0 0 3 2 1 0 2 5 4 0 13 4 1 3
23112164 1010 7 1 2 3 3 2 1 2 1 0 3 1 0 0 0 0 2 3 2 0 1 7 0 2 4 3 0 3 5 3 0 13 4 4 1
23112166 838 0 1 0 1 1 0 0 0 0 0 0 0 0 13 3 2 2 4 5 1 0 4 6 2 0 0 0 1
23112168 926 6 3 2 1 3 2 2 1 0 3 1 0 0 0 0 1 3 2 0 1 0 0 1 3 4 1 2 5 3 13 3 5 5 5
23112169 819 5 1 1 3 3 2 1 0 2 1 0 0 0 0 2 1 2 0 3 0 3 1 4 1 13 9 2 6 4 3 2 3 5
23112170 781 4 3 2 1 1 1 0 2 1 0 0 0 0 2 1 1 4 0 0 3 1 3 3 0 5 6 2 2 3 13 3 1
23112171 1052 7 2 3 2 2 3 1 1 1 0 3 1 0 0 0 0 2 3 2 3 0 0 0 1 1 3 0 4 2 0 0 13 5 1 2
23112174 859 0 1 0 3 1 0 0 0 0 0 0 0 0 0 0 3 0 2 4 4 0 3 6 13 3 4 1 3
23112175 965 7 1 3 3 2 1 1 1 1 0 3 1 0 0 0 0 4 1 2 0 13 2 3 3 1 5 2 2 0 5 4 0 0 0 2
23112177 965 10 2 3 3 2 3 1 2 2 3 1 1 0 1 1 0 0 0 0 2 4 4 0 2 0 1 3 3 2 3 4 1 6 0 13 3 4 1
23112178 851 11 2 3 3 2 3 1 3 1 2 1 1 1 0 2 1 0 0 0 0 4 3 4 1 3 13 1 1 5 2 3 2 9 2 0 0 7 3 0
23112179 883 5 1 1 3 1 2 1 0 3 1 0 0 0 0 3 1 1 13 8 7 0 3 6 5 9 7 5 0 2 2 4 0 0
23112180 911 2 3 1 1 0 1 1 0 0 0 0 1 0 1 2 0 0 0 0 3 3 3 2 8 3 9 3 5 4 13
23112181 897 10 2 3 1 3 2 1 2 3 1 1 1 0 3 1 0 0 0 0 4 3 3 0 0 2 6 2 1 1 4 0 4 2 4 0 5 7 13
23112185 910 1 3 1 0 3 1 0 0 0 0 0 0 1 3 7 3 0 13 3 2 4 2 4 1 3 0 0 1 0
23112186 972 1 1 1 0 1 1 0 0 0 0 1 0 0 1 3 0 3 6 1 2 0 3 6 13 4 2 2 3 2
23112187 928 11 2 3 2 3 3 1 1 2 2 1 1 1 0 3 1 0 0 0 0 4 4 3 10 8 1 3 13 4 1 2 5 5 2 0 0 0 3 0
23112188 972 0 1 0 3 1 0 0 0 0 0 0 0 0 0 1 2 0 1 3 3 2 0 4 2 0 6 1 13
23112191 879 10 1 3 2 1 3 2 1 2 3 3 1 0 1 1 0 0 0 0 3 3 4 0 1 0 0 2 7 4 9 2 7 8 1 0 13 5 2
23112193 960 0 1 0 3 1 0 0 0 0 0 0 0 2 1 3 13 0 0 6 8 0 0 4 5 1 0 2 0
23112198 948 5 2 3 3 2 3 1 0 2 1 0 0 0 0 0 2 3 1 1 1 2 0 2 5 13 1 3 3 3 0 3 1 0
23112200 866 1 3 1 0 3 1 0 0 0 0 0 0 1 8 13 1 4 5 6 3 0 3 5 2 0 1 0 0 2
23112201 840 6 3 2 1 1 2 3 1 0 3 1 0 0 0 0 2 2 2 2 5 13 3 1 3 5 3 2 3 7 3 1 8 0 0
23112202 841 6 1 1 3 3 2 2 1 0 2 1 0 0 0 0 2 2 2 1 6 1 13 0 4 5 2 2 4 1 4 0 0 0 3
23112205 823 5 1 2 1 3 1 1 0 2 1 0 0 0 0 3 1 1 2 2 0 0 0 3 1 1 3 6 3 0 13 3 4 2
23112206 993 6 3 3 1 2 1 1 1 0 1 1 0 0 0 0 3 1 2 0 0 2 2 0 5 3 0 1 4 2 3 2 13 3 4
23112208 904 10 3 2 2 2 1 3 1 2 1 3 1 0 3 1 0 0 0 0 3 4 3 0 1 2 1 2 3 4 0 3 5 1 5 4 9 13 0
23112209 789 3 1 2 1 1 0 2 1 0 0 0 0 2 1 0 4 4 13 4 3 2 1 7 3 4 0 0 0 5 0 3
23112210 800 8 3 3 1 3 2 2 1 1 1 0 2 1 0 0 0 0 3 2 3 1 0 3 0 5 6 2 0 3 13 4 0 3 3 1 2
23112211 878 9 1 2 3 3 2 2 3 3 1 1 0 1 1 0 0 0 0 2 3 4 2 4 0 0 6 1 3 4 1 13 2 1 0 2 3 0
23112212 739 4 1 3 3 1 1 0 2 1 0 0 0 0 2 0 2 0 0 3 0 13 4 2 0 3 5 6 3 6 8 1 2
23112213 931 4 1 2 1 2 1 0 1 1 0 0 0 0 2 2 0 13 3 1 2 3 5 5 0 5 3 6 0 0 0 3 2
23112214 845 2 2 3 3 1 6 0.33333333333333331 7 0.33333333333333331 8 0.33333333333333331 0 1 1 13 8 3 5 5 4 6 3 4 2 1 0 1 0 3 0
23112215 1037 10 3 3 3 1 2 1 2 1 2 3 1 0 2 1 0 0 0 0 3 3 4 1 1 0 0 3 2 3 1 5 13 2 0 3 5 4 3
23112218 857 1 1 1 0 1 1 0 0 0 0 1 0 0 4 13 5 3 3 8 4 0 6 2 3 3 2 0 4 0
23112219 815 8 1 2 3 3 2 2 1 1 1 0 2 1 0 0 0 0 3 3 2 1 1 5 2 0 5 7 13 3 1 6 2 0 3 4 0
23112220 879 2 1 2 1 0 3 1 0 0 0 0 1 1 0 1 3 4 3 0 7 5 5 3 2 2 13 0 0 1 3
23112221 827 10 3 2 2 3 1 1 1 3 2 2 1 0 3 1 0 0 0 0 3 4 3 0 3 3 4 1 2 6 4 0 13 3 6 0 1 0 0
23112222 975 7 1 2 3 1 2 2 3 1 0 1 1 0 0 0 0 2 3 2 3 0 0 0 2 4 3 0 1 2 8 4 13 3 5 1
23112223 828 8 3 2 3 3 2 1 2 3 1 0 1 1 0 0 0 0 1 3 4 0 1 13 1 3 3 5 5 2 2 5 3 1 0 0 0
23112225 861 11 2 3 1 1 1 3 2 3 2 1 2 1 0 3 1 0 0 0 0 4 4 3 0 1 0 0 0 13 6 3 3 2 2 3 1 4 3 4
23112226 842 11 3 3 1 2 3 1 1 2 1 3 2 1 0 2 1 0 0 0 0 4 3 4 4 0 3 0 1 6 0 3 4 4 5 1 2 13 4 2
23112227 814 8 3 1 1 3 1 2 3 1 1 0 2 1 0 0 0 0 4 1 3 0 3 0 0 0 6 0 5 0 2 13 6 2 3 2 1
23112228 978 11 1 1 3 1 2 1 3 2 3 3 2 1 0 2 1 0 0 0 0 4 3 4 0 0 0 3 4 4 3 2 13 6 4 1 2 1 0 0
23112230 1056 5 1 3 3 3 1 1 0 2 1 0 0 0 0 2 0 3 0 3 1 0 3 4 1 2 2 4 8 0 2 6 3 13
23112231 872 7 1 1 1 1 3 2 3 1 0 2 1 0 0 0 0 4 1 2 0 0 3 0 8 2 3 4 6 3 0 2 13 1 2 0
23112232 925 5 2 1 1 3 3 1 0 1 1 0 0 0 0 2 1 2 0 0 2 2 5 3 3 0 5 2 7 0 13 1 0 0
23112233 1000 9 2 3 2 1 1 1 1 3 2 1 0 3 1 0 0 0 0 4 3 2 4 8 13 0 4 3 1 0 3 4 3 0 3 2 0 2
23112234 869 7 3 1 2 1 2 1 3 1 0 1 1 0 0 0 0 3 2 2 5 3 3 2 0 2 13 3 3 2 1 6 0 5 2 1
23112238 809 5 3 1 2 3 3 1 0 3 1 0 0 0 0 1 1 3 1 4 3 2 2 1 13 3 0 3 3 1 0 7 0 2
23112239 918 8 2 1 2 3 1 3 1 2 1 0 3 1 0 0 0 0 3 3 2 0 0 0 1 2 4 5 4 2 8 6 1 3 0 13 3
23112240 920 2 3 1 1 0 1 1 0 0 0 0 1 0 1 0 3 3 13 0 2 1 6 2 2 4 5 0 3 0 3
23112242 920 0 1 0 2 1 0 0 0 0 0 0 0 2 2 5 1 8 6 1 1 13 5 4 3 8 8 0 0
23112244 940 2 2 1 1 0 3 1 0 0 0 0 1 1 0 1 2 5 3 3 4 4 2 13 5 5 0 0 6 0 1
23112248 926 6 2 2 1 1 1 2 1 0 1 1 0 0 0 0 3 3 0 3 0 0 0 2 6 3 2 1 5 3 2 3 1 4 13
23112249 897 10 3 1 1 2 2 2 3 2 3 1 1 0 1 1 0 0 0 0 3 4 3 4 3 6 3 3 13 5 4 1 6 2 4 0 0 5 3
23112252 840 11 3 1 3 3 2 3 1 2 1 2 1 1 0 2 1 0 0 0 0 4 3 4 2 0 2 0 3 4 5 1 1 4 6 3 0 13 8 4
23112254 886 9 1 2 3 2 3 3 2 2 1 1 0 1 1 0 0 0 0 2 4 3 13 3 2 3 5 4 8 4 4 0 0 0 1 0 1 0
23112256 914 9 3 1 3 2 2 2 1 2 1 1 0 1 1 0 0 0 0 3 4 2 0 7 3 0 6 4 1 3 2 8 4 3 3 13 0 3
23112257 988 3 1 1 3 1 0 2 1 0 0 0 0 2 0 1 5 6 4 13 0 5 2 3 0 4 1 0 0 3 2 0
23112258 864 9 3 2 2 3 3 1 1 3 1 3 1 7 0.33333333333333331 8 0.33333333333333331 9 0.33333333333333331 3 2 4 0 13 3 2 0 2 5 1 1 4 4 3 0 2 3 0
23112260 992 2 1 3 1 0 2 1 0 0 0 0 1 0 1 2 1 3 13 0 3 6 4 0 2 2 1 0 0 3 1
23112261 973 10 1 2 1 2 3 3 2 1 3 1 1 0 3 1 0 0 0 0 4 3 3 0 4 1 3 1 4 8 13 2 5 5 2 0 2 3 0
23112263 876 9 2 1 3 2 2 3 1 3 1 1 0 2 1 0 0 0 0 3 3 3 3 4 7 13 2 4 6 8 0 1 5 3 0 6 4 1
23112264 878 2 2 1 1 0 3 1 0 0 0 0 1 1 0 2 0 1 3 0 1 3 2 1 5 7 3 0 13 5 2
23112266 960 1 1 1 0 3 1 0 0 0 0 1 0 0 0 0 0 2 13 4 4 2 1 4 3 0 5 4 0 0
23112268 1006 1 1 1 0 3 1 0 0 0 0 1 0 0 0 2 4 0 1 3 3 5 0 4 13 1 2 3 2 3
23112269 983 0 1 0 1 1 0 0 0 0 0 0 0 2 3 0 0 4 3 2 2 1 3 3 5 3 13 4 1
23112270 939 8 2 1 1 3 2 3 2 1 1 0 1 1 0 0 0 0 3 3 2 0 0 3 4 0 3 7 2 0 4 1 8 3 2 0 13
23112271 923 2 2 3 1 0 3 1 0 0 0 0 0 1 1 0 0 4 3 0 1 6 6 3 2 6 3 1 4 13 3
23112273 901 6 2 1 3 1 2 2 1 0 3 1 0 0 0 0 2 3 1 0 3 2 0 0 1 6 0 3 3 5 3 13 5 1 4
23112274 927 11 1 3 3 1 1 2 2 2 1 3 3 1 0 2 1 0 0 0 0 4 3 4 3 1 3 13 0 3 3 2 0 3 4 2 0 0 1 3
23112277 885 3 3 1 1 1 0 2 1 0 0 0 0 2 0 1 4 0 3 0 2 5 6 1 3 8 2 4 13 4 3 3
23112278 913 6 2 1 1 3 2 3 1 0 3 1 0 0 0 0 2 2 2 2 2 2 1 4 4 1 0 13 5 3 1 0 1 2 0
23112279 993 9 2 2 1 3 2 3 3 1 2 1 0 1 1 0 0 0 0 2 4 3 0 13 4 3 1 8 5 3 1 0 3 0 0 0 2 3
23112280 1070 7 3 1 1 3 2 2 2 3 1 4 0.33333333333333331 5 0.33333333333333331 6 0.33333333333333331 2 3 2 0 3 1 4 1 2 1 2 3 6 4 13 0 0 2 1
23112283 1026 6 3 2 1 2 2 2 1 0 1 1 0 0 0 0 1 4 1 13 4 0 0 2 3 1 0 4 5 1 0 0 0 1 3
23112285 840 11 3 1 2 3 2 2 3 2 1 1 3 1 0 1 1 0 0 0 0 3 4 4 0 0 1 2 0 0 4 4 1 3 3 13 0 2 4 6
23112287 846 11 1 1 2 3 3 1 3 1 3 2 2 1 0 2 1 0 0 0 0 4 3 4 3 5 13 0 3 3 1 0 3 4 0 2 0 5 3 0
23112288 935 6 1 3 1 1 2 2 1 0 1 1 0 0 0 0 3 2 1 3 1 3 2 1 5 4 2 3 2 3 5 3 2 6 13
23112289 863 3 2 3 3 1 0 1 1 0 0 0 0 0 1 2 0 2 2 3 1 4 5 1 0 13 6 1 0 2 8 3
23112290 811 11 2 3 2 1 1 1 2 3 3 3 1 3 1 6 0.33333333333333331 7 0.33333333333333331 8 0.33333333333333331 4 3 4 3 6 4 2 2 3 7 13 0 5 2 5 0 1 1 6
23112292 933 8 2 1 2 3 1 3 1 2 1 0 3 1 0 0 0 0 3 3 2 2 4 3 4 3 1 6 3 13 5 0 2 8 3 1 0
23112293 970 0 1 0 3 1 0 0 0 0 0 0 0 1 2 0 0 1 8 4 2 4 3 0 0 13 3 2 1
23112294 883 6 1 3 3 2 2 2 1 0 3 1 0 0 0 0 1 3 2 1 4 8 13 0 2 4 6 4 1 4 1 0 0 9 3
23112295 772 10 2 1 3 3 1 3 2 1 2 3 1 0 2 1 0 0 0 0 3 3 4 3 0 1 1 3 2 5 3 2 13 2 0 1 1 4 0
23112296 866 4 2 1 1 3 1 0 1 1 0 0 0 0 2 1 1 0 2 0 0 3 0 2 0 2 4 5 3 4 13 3 1
23112298 917 7 1 2 2 3 2 1 3 1 0 1 1 0 0 0 0 2 3 2 0 3 0 1 2 1 6 5 2 8 4 4 2 3 13 1
23112301 955 0 1 0 2 1 0 0 0 0 0 0 0 3 2 3 5 13 4 7 0 4 6 1 1 0 7 3 3
23112304 829 3 3 2 3 1 0 1 1 0 0 0 0 0 1 2 2 0 0 0 4 5 6 3 6 5 3 13 1 3 7 3
23112305 1006 5 1 1 2 2 1 1 0 1 1 0 0 0 0 3 2 0 0 0 3 4 2 5 3 5 3 0 0 13 0 3 5 2
23112306 922 9 2 3 2 2 1 3 1 1 2 1 0 3 1 0 0 0 0 3 4 2 0 1 0 0 3 4 3 0 0 4 7 4 0 2 13 1
23112307 881 7 2 2 1 2 1 3 1 1 0 3 1 0 0 0 0 3 3 1 2 2 3 0 5 4 0 1 1 5 3 2 1 8 13 0
23112308 830 7 3 1 2 1 1 2 1 1 0 3 1 0 0 0 0 4 2 1 2 3 2 13 0 1 5 3 0 3 5 3 0 0 3 2
23112312 863 10 1 3 2 1 2 3 3 1 3 1 1 0 2 1 0 0 0 0 4 2 4 0 3 13 3 2 4 3 2 6 3 8 3 0 3 3 1
23112314 872 3 3 1 1 1 0 1 1 0 0 0 0 2 0 1 0 2 4 2 0 4 3 2 1 2 5 13 0 4 3 3
23112315 802 5 1 3 3 1 2 3 1 4 0.33333333333333331 5 0.33333333333333331 6 0.33333333333333331 2 1 2 9 13 3 2 3 4 1 0 7 2 0 0 2 1 0 0
23112316 845 0 1 0 2 1 0 0 0 0 0 0 0 0 1 5 0 2 4 1 13 1 2 3 5 0 3 3 4
23112317 1008 7 3 3 3 3 2 1 1 3 1 4 0.33333333333333331 5 0.33333333333333331 6 0.33333333333333331 2 1 4 0 2 0 0 4 0 4 1 9 4 5 2 13 1 8 2
23112318 983 9 3 3 2 2 3 1 1 2 1 1 0 1 1 0 0 0 0 3 3 3 0 0 2 4 3 0 4 4 0 0 13 4 0 7 3 3
23112320 926 7 2 3 3 2 1 2 1 1 0 2 1 0 0 0 0 2 3 2 13 1 9 3 6 5 4 0 2 3 0 1 0 1 3 0
23112321 886 3 2 1 2 1 0 1 1 0 0 0 0 1 2 0 3 2 7 3 1 5 0 3 4 13 1 0 2 3 0 0
23112322 925 5 3 2 1 3 2 1 0 3 1 0 0 0 0 1 2 2 0 3 2 0 0 1 4 3 3 6 7 5 1 8 13 3
23112325 942 6 1 1 3 3 2 2 1 0 2 1 0 0 0 0 2 2 2 3 0 1 0 3 4 1 0 3 6 3 0 13 7 4 2
23112326 1017 11 1 1 2 2 3 1 2 3 3 2 3 1 0 1 1 0 0 0 0 3 4 4 3 2 13 0 3 2 6 1 1 6 3 0 0 0 3 0
23112327 1020 5 1 1 3 3 2 1 0 1 1 0 0 0 0 2 1 2 0 0 2 1 0 4 5 4 3 2 7 13 0 2 1 2
23112328 1001 8 1 2 3 1 1 3 2 2 1 0 2 1 0 0 0 0 3 3 2 7 0 0 0 13 6 3 3 6 4 5 1 4 2 3 1
23112329 897 5 1 2 3 3 3 1 0 3 1 0 0 0 0 1 1 3 3 4 8 13 2 3 4 5 1 3 4 1 0 0 2 0
23112330 833 3 1 3 1 1 0 1 1 0 0 0 0 2 0 1 2 3 8 6 0 2 13 7 5 1 5 3 2 0 3 2
23112331 788 10 3 1 3 2 3 1 2 2 1 3 1 0 2 1 0 0 0 0 3 3 4 1 5 3 4 0 13 3 2 0 5 6 4 1 1 4 2
23112332 1070 1 1 1 0 3 1 0 0 0 0 1 0 0 1 3 2 13 0 0 0 6 0 2 2 3 0 0 1 0
23112333 915 7 3 1 1 2 3 1 1 3 1 4 0.33333333333333331 5 0.33333333333333331 6 0.33333333333333331 4 1 2 0 2 3 3 2 4 1 2 3 3 2 13 0 4 3 0
23112335 782 0 1 0 3 1 0 0 0 0 0 0 0 2 3 0 0 1 1 6 3 7 5 7 2 13 3 3 3
23112337 899 5 1 2 1 1 3 1 0 3 1 0 0 0 0 3 1 1 2 0 3 0 0 3 2 1 0 2 4 2 3 4 1 13
23112338 865 8 3 2 2 1 3 1 2 2 1 0 1 1 0 0 0 0 2 4 2 3 1 0 0 2 3 5 1 4 7 4 3 13 6 4 0
23112341 1053 0 1 0 3 1 0 0 0 0 0 0 0 2 3 1 13 2 3 1 9 3 4 7 3 0 0 3 5
23112342 846 1 3 1 0 1 1 0 0 0 0 0 0 1 2 0 0 0 0 5 0 3 3 4 1 2 3 6 13 4
23112343 895 6 1 1 2 2 1 2 1 0 3 1 0 0 0 0 3 3 0 1 4 0 0 4 5 3 2 13 4 4 0 0 9 0 0
23112344 862 3 2 2 2 1 0 2 1 0 0 0 0 0 3 0 7 3 1 0 1 4 13 0 4 5 6 3 6 1 1 0
23112345 854 4 2 2 3 1 1 0 3 1 0 0 0 0 1 2 1 2 4 0 0 1 1 6 7 1 4 4 3 2 3 13 0
23112346 978 11 3 1 2 2 2 2 3 3 1 3 1 3 1 7 0.33333333333333331 8 0.33333333333333331 9 0.33333333333333331 3 4 4 3 1 1 3 1 2 5 1 0 2 13 2 0 0 3 0
23112347 955 4 2 2 1 3 1 0 1 1 0 0 0 0 1 2 1 2 1 4 1 3 5 5 0 2 13 4 3 5 0 0 3
23112349 1018 4 2 2 1 3 1 0 1 1 0 0 0 0 1 2 1 0 3 2 0 6 4 5 1 8 6 3 3 13 7 3 0
23112350 928 3 3 2 3 1 0 1 1 0 0 0 0 0 1 2 13 3 7 2 3 6 1 3 4 4 3 3 1 2 0 0
23112351 902 4 3 3 2 1 1 0 1 1 0 0 0 0 1 1 2 3 2 4 2 5 13 1 0 1 0 3 0 0 2 0 0
23112353 926 4 3 3 1 3 1 0 3 1 0 0 0 0 1 0 3 3 4 13 0 1 6 5 2 1 3 2 2 9 2 0 1
23112357 1003 11 3 1 1 1 2 1 3 3 3 2 2 1 0 2 1 0 0 0 0 4 3 4 0 3 2 3 0 1 8 4 2 5 5 3 0 1 3 13
23112358 911 8 2 2 1 3 3 3 1 1 1 0 2 1 0 0 0 0 3 2 3 13 2 1 2 7 5 1 0 5 3 2 0 1 0 0 0
23112359 947 2 1 2 1 0 3 1 0 0 0 0 1 1 0 0 3 2 1 5 3 13 0 3 2 4 3 0 1 4 0
23112362 929 6 1 2 1 3 3 1 1 0 1 1 0 0 0 0 3 1 2 2 2 3 2 3 1 3 0 2 4 13 3 3 0 4 0
23112363 1025 1 2 1 0 3 1 0 0 0 0 0 1 0 0 0 2 1 0 0 4 5 0 1 6 13 3 0 4 7
23112364 1049 6 1 2 2 1 3 2 1 0 1 1 0 0 0 0 2 3 1 2 1 3 13 0 6 7 7 3 3 1 2 0 3 0 0
23112365 874 4 3 3 1 1 1 0 2 1 0 0 0 0 2 0 2 1 3 3 0 2 4 2 3 0 9 5 4 1 2 3 13
23112367 919 2 2 2 1 0 1 1 0 0 0 0 0 2 0 13 3 3 2 3 5 4 1 3 1 3 0 3 0 3 0
23112369 680 3 2 2 3 1 0 3 1 0 0 0 0 0 2 1 13 3 3 2 7 6 5 1 5 4 0 3 1 1 0 0
23112370 831 8 3 1 1 3 3 1 2 2 1 0 2 1 0 0 0 0 3 2 3 3 4 0 1 1 3 2 2 2 13 6 0 3 8 1 0
23112371 722 5 2 2 3 1 1 1 0 1 1 0 0 0 0 2 2 1 0 6 8 5 0 2 13 3 6 0 4 0 0 1 2 0
23112372 819 4 1 1 3 1 1 0 1 1 0 0 0 0 3 0 1 2 2 0 0 4 3 0 2 4 5 4 2 13 8 5 0
23112373 908 10 3 2 3 1 2 1 2 3 1 2 1 0 3 1 0 0 0 0 3 4 3 1 5 0 0 4 4 2 0 1 5 7 4 13 3 3 3
23112375 1055 9 3 1 3 1 1 3 2 2 3 1 0 2 1 0 0 0 0 3 2 4 2 0 2 0 4 1 3 1 3 13 8 0 4 4 5 3
23112376 974 6 1 2 1 1 3 2 3 1 6 0.33333333333333331 7 0.33333333333333331 8 0.33333333333333331 3 2 1 3 4 13 1 3 4 5 1 0 2 3 3 0 2 2 6
23112377 998 2 2 3 1 0 1 1 0 0 0 0 0 1 1 0 5 7 13 0 4 6 3 2 1 6 1 0 0 3 2
23112381 804 3 2 1 2 1 0 3 1 0 0 0 0 1 2 0 3 1 3 13 2 7 4 4 0 6 3 3 1 0 0 0
23112382 970 10 1 3 3 2 2 3 3 2 2 1 1 0 1 1 0 0 0 0 2 4 4 0 1 3 0 3 3 5 2 1 4 6 2 13 4 1 3
23112383 835 9 3 1 2 2 3 2 3 1 1 1 0 3 1 0 0 0 0 3 3 3 0 0 1 5 0 2 4 4 2 3 4 13 0 1 0 0
23112384 968 10 3 3 2 2 2 3 1 2 3 1 1 0 1 1 0 0 0 0 2 4 4 4 5 4 0 1 6 4 1 13 7 6 1 2 2 0 0
23112385 973 0 1 0 1 1 0 0 0 0 0 0 0 0 2 0 0 4 3 4 1 13 8 5 0 3 4 2 0
23112389 991 0 1 0 1 1 0 0 0 0 0 0 0 0 0 2 0 0 1 3 0 4 4 5 0 13 2 4 3
23112393 991 0 1 0 1 1 0 0 0 0 0 0 0 2 2 4 1 0 3 13 3 0 0 2 5 0 0 1 3
23112394 826 8 3 1 3 2 1 1 1 2 1 0 3 1 0 0 0 0 4 2 2 5 2 5 2 13 4 0 2 3 7 0 0 3 1 0 0
23112396 982 1 3 1 0 2 1 0 0 0 0 0 0 1 0 2 1 4 0 0 5 4 1 4 2 13 0 1 0 0
23112397 908 8 1 3 3 2 2 3 3 2 1 0 2 1 0 0 0 0 1 3 4 0 1 7 0 1 3 6 0 0 5 8 13 4 6 3 1
23112398 818 9 3 2 1 2 1 2 1 3 3 1 0 1 1 0 0 0 0 3 3 3 4 3 2 0 13 7 5 0 4 5 4 3 3 1 2 3
23112399 925 5 2 3 3 2 3 1 0 1 1 0 0 0 0 0 2 3 1 0 0 2 3 1 4 0 4 1 3 1 2 4 13 2
23112400 877 2 3 1 1 0 3 1 0 0 0 0 1 0 1 1 2 0 0 1 5 3 7 0 3 5 2 0 13 3 2
23112404 1025 2 1 3 1 0 1 1 0 0 0 0 1 0 1 2 3 2 3 0 7 5 13 3 0 1 4 0 3 2 6
23112406 879 10 2 3 2 1 2 3 2 1 1 1 1 0 3 1 0 0 0 0 4 4 2 0 0 3 3 0 0 0 6 3 3 3 3 0 3 6 13
23112408 871 2 1 3 1 0 2 1 0 0 0 0 1 0 1 1 0 0 0 3 13 2 0 5 4 4 0 3 1 0 2
23112411 827 4 2 2 2 3 1 0 1 1 0 0 0 0 0 3 1 0 8 3 1 2 6 3 1 0 3 4 1 3 13 7 3
23112412 925 1 3 1 0 2 1 0 0 0 0 0 0 1 0 1 0 4 3 1 7 2 5 2 4 1 0 3 4 13
23112415 1060 4 2 1 1 3 1 0 3 1 0 0 0 0 2 1 1 2 2 0 0 1 3 0 0 2 4 3 1 5 5 13 0
23112416 923 5 2 3 3 1 2 1 0 1 1 0 0 0 0 1 2 2 0 5 7 13 3 5 6 4 0 2 4 3 1 0 0 3
23112417 866 4 2 1 2 1 1 0 3 1 0 0 0 0 2 2 0 2 6 3 13 1 4 3 4 0 5 1 5 0 0 3 2
23112418 957 7 3 1 1 2 3 2 2 1 0 1 1 0 0 0 0 2 3 2 0 0 1 2 4 3 4 0 4 5 13 0 3 3 3 0
23112419 922 2 1 2 1 0 2 1 0 0 0 0 1 1 0 0 0 4 1 0 0 3 3 7 1 8 3 2 4 4 13
23112421 860 11 2 3 1 2 1 3 1 3 3 2 2 1 0 1 1 0 0 0 0 3 4 4 13 2 3 2 4 1 3 2 3 6 7 0 1 4 1 0
23112423 945 10 2 3 3 2 3 1 1 1 2 2 1 0 1 1 0 0 0 0 3 4 3 13 5 5 3 4 7 0 0 4 0 1 2 3 0 0 0
23112424 865 5 2 3 2 3 1 1 0 2 1 0 0 0 0 1 2 2 0 6 13 3 2 1 5 1 0 5 1 4 0 3 0 4
23112426 861 5 2 1 3 2 3 1 0 1 1 0 0 0 0 1 2 2 1 13 6 3 0 2 4 3 2 3 4 1 0 0 0 3
23112428 809 8 2 3 1 2 2 1 1 3 1 0 1 1 0 0 0 0 3 3 2 0 5 0 4 8 4 4 0 13 3 3 2 4 4 4 0
23112429 1007 6 2 2 3 1 1 3 1 0 2 1 0 0 0 0 2 2 2 0 13 3 3 0 3 5 2 7 1 4 4 0 0 1 3
23112430 999 10 3 1 1 3 3 2 1 2 2 3 1 0 1 1 0 0 0 0 3 3 4 0 2 0 0 1 0 0 0 3 3 6 4 13 3 4 2
23112431 906 5 2 3 1 2 3 1 0 3 1 0 0 0 0 1 2 2 0 2 3 0 0 1 1 0 0 3 4 4 1 13 3 2
23112432 921 10 3 2 3 1 2 3 2 1 3 1 1 0 2 1 0 0 0 0 3 3 4 8 3 1 0 7 4 3 0 13 5 2 1 0 2 4 1
23112433 878 9 3 1 1 2 3 2 3 2 1 1 0 3 1 0 0 0 0 3 3 3 2 3 13 3 3 5 6 1 0 3 1 6 0 2 2 1
23112434 853 4 1 3 2 1 1 0 3 1 0 0 0 0 2 1 1 2 3 4 13 0 1 8 4 0 3 5 2 0 5 2 1
23112435 788 10 3 1 1 2 2 2 1 1 3 3 1 0 3 1 0 0 0 0 4 3 3 0 5 3 1 2 3 8 1 0 4 13 2 3 2 6 3
23112436 855 0 1 0 3 1 0 0 0 0 0 0 0 3 5 2 4 7 4 6 13 1 3 1 2 0 9 1 2
23112439 834 0 1 0 1 1 0 0 0 0 0 0 0 0 2 7 13 3 4 5 7 0 1 3 4 2 0 3 3
23112440 915 3 3 3 3 1 0 1 1 0 0 0 0 0 0 3 3 13 5 2 5 0 2 0 4 1 0 3 2 1 0 0
23112441 902 4 2 1 2 1 1 0 3 1 0 0 0 0 2 2 0 1 2 0 3 13 5 4 0 3 4 3 1 3 2 3 0
23112442 927 5 3 3 2 2 1 1 0 1 1 0 0 0 0 1 2 2 0 2 2 13 8 3 5 3 3 7 1 1 1 3 2 3
23112444 852 4 3 1 1 2 3 1 7 0.33333333333333331 8 0.33333333333333331 9 0.33333333333333331 2 1 1 2 0 0 0 1 3 5 13 7 1 2 6 9 4 4 2
23112445 935 4 1 1 1 2 1 0 3 1 0 0 0 0 3 1 0 3 4 9 1 2 3 8 8 3 4 2 13 0 0 2 0
23112448 800 0 1 0 3 1 0 0 0 0 0 0 0 0 3 5 1 2 1 5 1 0 4 13 3 0 2 0 2
23112449 924 5 2 1 3 2 1 1 0 1 1 0 0 0 0 2 2 1 3 1 0 0 7 7 0 0 5 2 3 0 13 3 4 2
23112450 922 6 2 3 1 1 3 2 1 0 3 1 0 0 0 0 2 2 2 1 1 0 0 2 13 5 0 8 4 1 3 2 5 3 2
23112452 982 6 2 3 1 3 1 1 1 0 1 1 0 0 0 0 3 1 2 3 3 2 13 0 2 3 3 0 4 6 1 0 2 3 2
23112455 902 8 2 3 3 2 2 3 1 1 1 0 2 1 0 0 0 0 2 3 3 0 1 0 1 2 3 13 0 4 6 3 0 4 4 1 0
23112456 869 5 2 3 1 2 1 1 0 3 1 0 0 0 0 2 2 1 3 3 3 0 4 13 1 1 5 2 2 0 0 0 0 3
23112457 871 8 2 3 1 2 3 3 1 2 1 0 1 1 0 0 0 0 2 3 3 0 3 0 3 0 4 3 2 3 13 1 5 2 0 0 1
23112458 983 0 3 1 7 0.33333333333333331 8 0.33333333333333331 9 0.33333333333333331 0 0 0 0 2 3 1 0 4 1 4 1 1 2 13 3 4 2 2
23112459 936 4 1 1 2 3 1 0 2 1 0 0 0 0 2 1 1 1 0 0 1 3 2 3 2 6 6 0 0 3 13 4 0
23112460 965 5 3 1 1 1 3 1 0 1 1 0 0 0 0 3 0 2 2 2 4 4 2 4 5 2 0 3 13 1 0 0 0 2
23112461 788 9 1 1 3 2 2 2 2 1 3 1 0 1 1 0 0 0 0 3 4 2 3 0 3 3 0 4 1 3 0 3 3 2 0 3 5 13
23112462 845 9 2 3 3 1 1 3 3 1 2 1 0 1 1 0 0 0 0 3 2 4 1 0 2 0 5 1 2 0 7 3 3 0 13 5 2 2
23112463 989 8 3 1 2 2 3 2 3 1 1 0 1 1 0 0 0 0 2 3 3 0 0 0 1 0 2 4 3 0 0 3 6 4 2 1 13
23112466 849 8 3 3 1 3 1 1 3 2 1 0 2 1 0 0 0 0 3 1 4 0 1 2 0 4 7 5 2 3 5 3 0 13 1 3 2
23112467 956 1 2 1 0 1 1 0 0 0 0 0 1 0 3 4 4 13 7 3 6 9 0 4 3 3 1 0 2 0
23112468 952 2 2 1 1 0 3 1 0 0 0 0 1 1 0 5 4 4 0 3 13 2 0 1 2 4 0 1 0 2 1
23112470 978 4 2 2 3 1 1 0 1 1 0 0 0 0 1 2 1 2 4 3 0 13 5 7 0 9 6 3 3 0 3 0 1
23112472 939 0 1 0 3 1 0 0 0 0 0 0 0 1 1 0 0 2 3 0 0 3 5 3 2 5 3 13 3
23112474 1097 7 2 1 3 2 2 3 3 1 0 1 1 0 0 0 0 1 3 3 0 0 0 3 1 0 1 1 0 2 2 3 0 4 6 13
23112476 884 8 3 1 3 1 1 2 2 1 1 0 2 1 0 0 0 0 4 2 2 0 4 4 13 1 1 5 2 3 0 5 4 0 3 2 2
23112477 992 4 3 2 2 1 1 0 3 1 0 0 0 0 1 2 1 0 0 0 2 13 3 5 1 3 1 6 4 2 1 9 5
23112479 944 11 3 2 1 1 1 3 3 1 2 2 2 1 0 3 1 0 0 0 0 4 4 3 0 3 2 2 0 1 1 6 2 3 13 1 0 4 4 3
23112480 813 4 3 1 3 3 1 0 2 1 0 0 0 0 1 0 3 1 0 4 0 3 13 5 0 2 3 6 9 6 5 4 3
23112481 862 1 1 1 0 3 1 0 0 0 0 1 0 0 0 3 2 1 0 1 5 7 3 4 3 6 2 2 13 3
23112482 891 0 3 1 6 0.33333333333333331 7 0.33333333333333331 8 0.33333333333333331 0 0 0 4 4 13 4 0 2 5 0 1 3 3 0 3 0 0 0
23112483 833 10 2 3 3 1 2 1 3 3 1 1 1 0 2 1 0 0 0 0 4 2 4 2 0 0 0 2 13 3 6 0 3 5 5 0 1 0 3
23112484 893 3 3 3 2 1 0 2 1 0 0 0 0 0 1 2 0 2 0 0 8 3 3 4 1 1 7 1 3 3 3 13
23112487 1014 8 2 3 3 2 1 1 2 3 1 0 1 1 0 0 0 0 2 3 3 3 0 0 7 3 4 1 8 0 3 4 2 0 4 5 13
23112489 860 1 2 1 0 1 1 0 0 0 0 0 1 0 2 1 0 0 0 6 4 1 3 5 8 13 3 4 2 3
23112490 937 10 2 2 3 3 2 1 2 3 1 3 1 0 1 1 0 0 0 0 2 4 4 1 0 1 0 0 0 1 2 0 0 6 2 0 4 5 13
23112491 929 6 2 3 1 1 1 1 1 0 3 1 0 0 0 0 4 1 1 2 0 2 0 3 0 3 0 13 4 4 5 2 3 6 3
23112494 954 9 1 1 1 3 3 1 3 3 2 1 0 2 1 0 0 0 0 4 1 4 2 0 2 0 7 3 0 2 5 5 13 1 2 1 4 3
23112495 996 10 2 3 1 2 2 3 2 3 1 1 1 0 3 1 0 0 0 0 3 4 3 0 13 4 6 1 3 4 4 2 3 5 1 0 0 2 1
23112496 843 6 3 2 2 1 3 1 1 0 1 1 0 0 0 0 2 2 2 0 2 4 4 0 4 1 1 3 13 4 2 0 6 4 2
23112498 847 3 3 3 1 1 0 2 1 0 0 0 0 1 0 2 2 0 0 0 1 0 0 0 4 6 1 0 13 7 3 2
23112499 804 10 1 1 2 2 1 1 3 3 3 2 1 0 2 1 0 0 0 0 4 3 3 7 1 2 1 3 4 3 2 3 13 4 0 0 0 3 3
23112500 1035 5 1 3 3 2 1 1 0 2 1 0 0 0 0 2 1 2 0 2 13 6 0 0 4 3 2 0 1 3 0 0 0 1
23112502 1058 2 1 1 1 0 2 1 0 0 0 0 2 0 0 3 5 8 13 3 5 4 4 0 0 2 2 0 1 3 0
23112505 809 9 3 2 1 2 2 1 1 1 3 1 0 2 1 0 0 0 0 4 3 2 3 3 0 0 3 1 7 3 3 3 2 0 13 5 5 3
23112506 853 8 2 1 1 3 3 3 2 3 1 0 2 1 0 0 0 0 2 2 4 2 1 2 1 3 7 1 0 3 5 4 0 13 5 3 0
23112507 889 0 1 0 3 1 0 0 0 0 0 0 0 13 1 4 3 2 3 3 9 6 5 1 0 0 0 0 2
23112511 873 8 2 2 3 3 2 2 3 1 1 0 1 1 0 0 0 0 1 4 3 1 0 0 0 3 1 1 4 5 2 4 2 1 0 4 13
23112512 898 8 1 3 3 2 3 2 1 2 1 0 1 1 0 0 0 0 2 3 3 0 0 13 1 7 4 3 8 3 6 1 3 2 3 2 4
23112514 965 9 2 1 2 2 1 1 3 3 1 1 0 2 1 0 0 0 0 4 3 2 0 4 2 13 3 1 7 7 3 1 3 2 3 0 4 0
23112515 845 3 2 2 2 1 0 1 1 0 0 0 0 0 3 0 3 3 1 13 7 9 4 3 0 1 2 1 0 6 3 0
23112519 933 10 3 2 1 3 1 1 1 3 2 3 1 0 2 1 0 0 0 0 4 2 4 0 2 0 0 3 6 4 2 3 1 1 0 6 2 13 0
23112520 850 6 1 3 2 1 3 1 1 0 3 1 0 0 0 0 3 1 2 0 0 0 2 0 7 0 13 2 0 5 7 0 3 3 5
23112521 947 1 3 1 0 2 1 0 0 0 0 0 0 1 3 3 3 1 4 5 0 2 13 1 0 0 0 0 6 0
23112524 932 6 1 1 2 2 3 3 1 0 2 1 0 0 0 0 2 2 2 0 2 4 3 1 3 3 4 0 1 13 8 0 3 3 3
23112525 809 10 2 1 2 3 2 1 1 3 3 1 3 1 7 0.33333333333333331 8 0.33333333333333331 9 0.33333333333333331 4 3 3 3 4 3 2 0 0 13 4 0 3 1 3 2 3 0 3
23112526 970 6 3 2 1 2 2 3 3 1 7 0.33333333333333331 8 0.33333333333333331 9 0.33333333333333331 1 3 2 5 1 3 0 3 2 3 1 13 4 6 0 0 0 1 3
23112527 864 11 2 1 3 3 1 1 3 1 3 2 2 1 0 2 1 0 0 0 0 4 3 4 0 4 5 13 1 2 5 3 0 0 3 2 0 0 0 1
23112528 989 9 2 1 1 2 3 2 3 1 3 1 0 3 1 0 0 0 0 3 3 3 0 2 13 2 3 1 3 1 0 5 3 5 1 2 4 3
23112530 1020 8 2 1 3 1 3 2 1 1 1 0 2 1 0 0 0 0 4 2 2 0 2 0 3 3 2 3 0 1 4 13 0 4 1 2 3
23112531 913 10 3 3 2 1 1 2 3 1 2 3 1 0 2 1 0 0 0 0 3 3 4 0 0 0 3 1 2 5 3 0 4 6 4 0 1 3 13
23112532 1003 5 2 3 1 2 3 3 1 6 0.33333333333333331 7 0.33333333333333331 8 0.33333333333333331 1 2 2 13 3 2 1 3 1 6 2 0 1 1 0 2 3 0 0
23112535 1003 0 1 0 2 1 0 0 0 0 0 0 0 0 0 0 3 0 4 5 4 1 4 3 2 3 1 3 13
23112539 928 9 2 1 2 3 1 3 1 3 1 1 0 2 1 0 0 0 0 4 2 3 2 3 2 5 0 0 13 5 0 1 3 3 0 0 0 3
23112540 1011 2 1 2 1 0 3 1 0 0 0 0 1 1 0 2 8 4 2 3 1 3 3 0 4 1 13 0 1 0 2
23112542 840 1 1 1 0 3 1 0 0 0 0 1 0 0 4 6 13 0 1 3 5 2 2 3 1 2 3 0 3 0
23112543 925 3 1 3 3 1 0 1 1 0 0 0 0 1 0 2 2 13 2 6 3 3 4 4 5 4 2 1 2 1 4 0
23112544 936 9 2 1 3 3 1 3 2 2 3 1 0 2 1 0 0 0 0 2 3 4 1 1 0 0 0 2 4 13 2 3 5 1 2 7 1 1
23112546 846 8 1 3 2 1 2 3 2 1 1 0 1 1 0 0 0 0 3 3 2 0 0 3 0 0 1 4 13 0 3 4 2 3 0 2 4
23112547 973 10 3 2 1 2 1 3 3 2 2 3 1 0 1 1 0 0 0 0 2 4 4 3 2 0 1 5 13 3 0 3 6 4 0 1 4 5 4
23112552 821 3 2 3 3 1 0 2 1 0 0 0 0 0 1 2 1 3 7 13 0 6 4 7 0 0 1 2 0 0 1 0
23112554 903 2 2 2 1 0 3 1 0 0 0 0 0 2 0 13 1 0 2 6 4 3 0 5 1 1 1 3 3 2 0
23112555 992 3 1 3 3 1 0 3 1 0 0 0 0 1 0 2 1 0 2 3 0 2 5 1 0 2 13 1 0 2 4 6
23112557 956 11 3 2 3 1 1 2 3 1 1 2 2 1 0 3 1 0 0 0 0 4 4 3 1 3 13 1 5 4 4 0 0 6 2 0 2 3 0 0
23112558 1033 7 3 1 2 1 1 3 1 1 0 2 1 0 0 0 0 4 1 2 3 3 0 0 4 1 0 0 7 7 7 2 13 2 3 2
23112561 882 11 3 1 2 1 3 2 2 3 1 1 2 1 0 3 1 0 0 0 0 4 4 3 0 2 1 13 2 3 8 6 0 1 4 4 0 0 0 3
23112562 932 10 1 2 1 3 3 3 1 2 2 1 1 0 3 1 0 0 0 0 4 3 3 0 2 1 4 3 4 2 2 0 1 1 13 2 0 0 9
23112563 990 2 1 2 1 0 2 1 0 0 0 0 1 1 0 3 0 0 3 0 4 3 1 0 3 7 13 0 8 4 4
23112564 1051 2 1 2 1 0 3 1 0 0 0 0 1 1 0 2 13 3 1 1 6 3 4 1 3 4 5 0 2 2 0
23112566 898 1 1 3 1 6 0.33333333333333331 7 0.33333333333333331 8 0.33333333333333331 1 0 0 0 0 2 0 13 5 9 1 4 5 3 2 1 2 6 7
23112567 825 3 3 3 1 3 1 7 0.33333333333333331 8 0.33333333333333331 9 0.33333333333333331 1 0 2 3 0 3 2 0 6 5 2 1 4 6 2 0 3 1 13
23112568 779 5 2 2 3 3 1 1 0 3 1 0 0 0 0 1 2 2 1 0 5 13 0 2 4 8 0 3 5 3 0 1 0 0
23112570 892 3 3 2 3 3 1 5 0.33333333333333331 6 0.33333333333333331 7 0.33333333333333331 0 1 2 3 1 5 0 2 1 8 1 3 7 5 3 2 13 3 3
23112571 932 2 3 1 1 0 1 1 0 0 0 0 1 0 1 1 2 0 0 0 4 2 0 3 6 13 0 3 4 4 2
23112572 819 8 2 3 2 3 2 1 2 1 1 0 3 1 0 0 0 0 2 4 2 13 4 4 3 6 7 3 0 3 5 4 0 1 1 0 0
23112573 909 3 3 1 2 1 0 3 1 0 0 0 0 1 1 1 5 0 0 0 13 4 1 2 2 5 5 0 6 3 1 0
23112574 867 7 3 1 2 1 2 1 1 1 0 3 1 0 0 0 0 4 2 1 2 3 3 13 3 6 3 1 0 4 2 2 3 0 0 0
23112575 970 11 3 2 2 2 1 1 3 3 2 1 1 3 1 4 0.33333333333333331 5 0.33333333333333331 6 0.33333333333333331 4 4 3 0 3 13 2 3 3 3 1 3 7 1 4 0 0 0 2
23112576 772 10 2 1 3 1 3 2 2 1 3 2 1 0 1 1 0 0 0 0 3 4 3 0 0 0 4 3 2 0 5 0 1 4 5 0 0 3 13
23112577 895 7 3 2 3 1 3 2 1 1 0 1 1 0 0 0 0 2 2 3 3 0 0 0 2 0 1 0 1 4 6 3 13 4 2 2
23112579 834 2 2 3 3 1 7 0.33333333333333331 8 0.33333333333333331 9 0.33333333333333331 0 1 1 2 0 0 0 1 3 4 5 0 13 6 5 0 1 7 6
23112581 925 9 3 3 3 1 1 2 1 3 2 1 0 2 1 0 0 0 0 3 2 4 0 2 5 13 1 3 4 3 0 3 5 1 0 2 0 0
23112582 988 0 1 0 1 1 0 0 0 0 0 0 0 3 13 3 0 3 5 3 0 4 2 2 2 1 3 0 1
23112583 992 1 1 1 0 3 1 0 0 0 0 1 0 0 0 0 0 2 0 0 5 3 0 8 5 6 3 3 13 3
23112586 865 4 2 3 1 2 1 0 3 1 0 0 0 0 1 2 1 0 1 0 0 2 1 2 0 4 4 5 3 13 4 1 3
23112587 921 7 1 2 2 3 2 2 1 3 1 6 0.33333333333333331 7 0.33333333333333331 8 0.33333333333333331 2 4 1 3 3 3 13 2 5 1 3 5 4 1 1 0 3 3 0
23112588 777 9 2 1 2 2 3 2 3 3 3 1 0 1 1 0 0 0 0 1 4 4 0 3 0 1 1 8 1 1 0 2 0 5 5 2 13 3
23112589 978 1 2 1 0 3 1 0 0 0 0 0 1 0 1 0 0 0 2 3 3 0 6 1 1 2 13 3 3 0
23112590 965 8 2 1 2 2 3 3 3 1 1 0 1 1 0 0 0 0 2 3 3 0 3 3 0 1 3 7 13 0 4 4 8 0 2 5 4
23112592 821 10 1 2 3 3 1 2 2 1 3 3 1 0 2 1 0 0 0 0 3 3 4 4 4 3 1 5 13 2 4 3 4 8 3 1 0 6 0
23112593 845 9 1 2 3 3 1 1 2 2 1 1 0 2 1 0 0 0 0 4 3 2 0 3 0 5 3 4 3 3 0 13 4 3 3 2 3 1
23112595 982 4 3 1 3 3 1 0 2 1 0 0 0 0 1 0 3 7 0 2 0 6 8 2 1 5 5 13 0 1 3 3 0
23112597 895 3 3 1 3 1 0 1 1 0 0 0 0 1 0 2 0 0 2 5 3 0 9 3 0 2 3 4 0 4 3 13
23112598 897 0 1 0 3 1 0 0 0 0 0 0 0 0 13 3 2 0 2 4 1 0 5 1 1 3 0 0 2
23112600 1037 6 3 1 2 3 3 1 1 0 2 1 0 0 0 0 2 1 3 2 0 0 0 0 0 1 0 3 5 13 0 3 4 3 3
23112602 910 0 1 0 2 1 0 0 0 0 0 0 0 3 5 0 0 1 4 4 1 2 3 13 0 2 1 3 0
23112603 924 3 2 3 2 1 0 3 1 0 0 0 0 0 2 1 6 1 4 3 3 4 4 3 8 13 3 0 1 0 0 4
23112604 996 3 3 3 1 1 0 2 1 0 0 0 0 1 0 2 0 0 2 13 0 1 3 6 1 3 3 4 0 2 0 0
23112605 954 6 2 1 3 2 1 1 1 0 1 1 0 0 0 0 3 2 1 1 3 4 2 5 2 3 3 4 13 0 0 3 2 0 0
23112606 952 3 2 1 1 1 0 3 1 0 0 0 0 2 1 0 0 3 0 0 0 2 4 13 5 1 4 3 2 3 1 2
23112607 827 7 1 1 1 3 3 2 2 1 0 3 1 0 0 0 0 3 2 2 2 13 3 0 1 5 3 4 2 3 2 0 0 0 1 3
23112608 904 8 1 1 2 2 3 2 3 3 3 1 7 0.33333333333333331 8 0.33333333333333331 9 0.33333333333333331 2 3 3 3 2 0 0 2 4 1 3 3 1 1 1 0 13 2 4
23112610 803 9 2 1 3 3 2 2 2 3 3 1 0 1 1 0 0 0 0 1 4 4 1 5 0 1 5 6 1 0 3 4 3 0 3 2 13 0
23112611 879 1 3 1 0 1 1 0 0 0 0 0 0 1 4 5 13 0 1 4 5 2 2 3 3 3 3 2 1 0
23112613 936 2 2 3 1 0 2 1 0 0 0 0 0 1 1 1 0 0 2 5 1 3 0 2 1 6 0 4 13 1 4
23112614 978 4 3 2 1 2 1 0 3 1 0 0 0 0 1 2 1 1 2 1 2 0 5 3 3 0 5 1 13 3 0 3 0
23112615 941 0 1 0 3 1 0 0 0 0 0 0 0 3 4 2 3 1 3 5 1 2 13 0 0 2 0 1 3
23112617 946 8 2 1 3 3 2 3 1 2 1 0 1 1 0 0 0 0 2 3 3 0 0 3 0 3 2 2 0 5 3 1 0 13 1 1 2
23112621 904 7 2 2 1 3 2 2 1 1 0 3 1 0 0 0 0 2 4 1 0 0 0 3 0 1 9 6 1 6 3 3 3 5 4 13
23112622 824 7 3 2 1 1 3 3 2 1 0 2 1 0 0 0 0 2 2 3 0 3 0 0 1 4 4 0 13 1 2 0 1 2 2 1
23112625 839 3 3 3 1 1 0 1 1 0 0 0 0 1 0 2 3 2 3 13 2 8 7 8 6 5 3 6 0 3 0 0
23112626 945 9 2 1 2 2 2 1 3 3 3 1 0 1 1 0 0 0 0 2 4 3 0 5 0 1 0 4 4 13 0 2 2 1 3 3 3 1
23112627 896 11 1 3 1 2 1 3 3 3 2 2 2 1 0 1 1 0 0 0 0 3 4 4 1 3 13 0 4 7 6 2 4 6 2 4 1 2 0 1
23112628 932 6 2 2 3 3 2 1 1 0 3 1 0 0 0 0 1 3 2 1 2 4 0 4 2 5 1 5 4 8 1 13 3 3 1
23112629 768 11 2 2 3 1 1 3 3 2 1 2 1 1 0 3 1 0 0 0 0 4 4 3 0 1 9 0 0 2 5 1 1 6 5 3 2 5 13 2
23112630 825 4 2 1 2 3 1 0 2 1 0 0 0 0 1 2 1 1 6 4 3 1 4 1 0 5 2 13 0 0 0 3 3
23112631 1001 5 1 3 1 3 2 1 0 2 1 0 0 0 0 2 1 2 3 1 13 2 2 1 4 4 0 3 4 5 0 0 5 0
23112632 880 5 2 1 3 3 2 1 0 3 1 0 0 0 0 1 2 2 7 5 1 1 13 4 1 0 4 5 4 0 2 3 0 2
23112633 1033 9 1 3 2 1 3 2 2 3 1 1 0 2 1 0 0 0 0 3 3 3 13 6 3 0 6 0 1 0 7 2 0 0 1 0 0 3
23112634 954 4 1 3 3 3 1 0 2 1 0 0 0 0 1 0 3 1 2 2 0 0 3 3 1 0 13 4 5 0 3 3 0
23112635 872 10 3 1 1 3 1 2 2 2 3 3 1 0 2 1 0 0 0 0 3 3 4 13 2 3 0 5 5 0 0 7 3 1 0 3 0 0 1
23112637 1000 0 1 0 3 1 0 0 0 0 0 0 0 2 5 8 13 3 0 5 3 0 0 3 0 0 0 1 3
23112638 868 5 3 1 1 3 2 1 0 2 1 0 0 0 0 2 1 2 2 13 1 2 6 4 3 3 5 0 3 0 3 0 1 0
23112641 899 5 1 1 2 1 2 1 0 3 1 0 0 0 0 3 2 0 4 2 2 0 4 3 0 0 3 5 3 1 13 5 4 0
23112642 941 2 2 2 1 0 1 1 0 0 0 0 0 2 0 2 0 0 0 3 0 0 0 6 6 3 3 13 4 1 1
23112643 823 8 2 1 3 2 1 2 3 2 3 1 6 0.33333333333333331 7 0.33333333333333331 8 0.33333333333333331 2 4 2 0 0 3 13 0 1 4 5 1 3 3 4 0 0 5 3
23112644 820 3 1 2 3 3 1 7 0.33333333333333331 8 0.33333333333333331 9 0.33333333333333331 1 1 1 0 3 1 13 2 3 2 3 0 3 6 3 1 0 3 4
23112646 1036 5 3 2 1 1 1 1 0 2 1 0 0 0 0 3 1 1 3 5 8 13 0 5 5 2 0 3 1 0 0 2 3 0
23112649 890 2 2 1 1 0 3 1 0 0 0 0 1 1 0 0 0 1 0 0 4 4 2 2 13 6 3 0 1 4 3
23112650 951 1 2 1 0 2 1 0 0 0 0 0 1 0 7 5 3 4 13 3 3 1 6 0 0 0 1 3 0 0
23112651 892 0 1 0 3 1 0 0 0 0 0 0 0 0 0 3 0 3 4 13 2 5 1 3 0 1 0 2 0
23112652 928 7 2 2 3 3 2 2 1 1 0 1 1 0 0 0 0 1 4 2 0 0 0 3 0 0 1 1 0 3 5 3 1 4 2 13
23112653 780 2 3 1 1 0 3 1 0 0 0 0 1 0 1 0 2 3 0 2 0 1 5 0 13 5 7 2 1 3 3
23112655 844 11 1 2 1 1 3 1 2 3 3 3 2 1 0 2 1 0 0 0 0 4 3 4 2 1 0 0 3 3 1 0 4 6 6 0 13 3 2 3
23112656 957 11 2 3 2 1 1 3 1 3 2 3 1 1 0 2 1 0 0 0 0 4 3 4 0 1 0 0 0 5 1 13 0 5 2 3 2 3 4 4
23112657 836 9 3 2 1 1 2 3 2 2 1 1 0 3 1 0 0 0 0 3 4 2 1 5 3 6 3 4 13 1 3 2 0 0 0 3 0 0
23112658 828 7 2 1 3 1 3 2 1 1 0 3 1 0 0 0 0 3 2 2 3 1 1 2 3 4 5 4 6 2 13 0 3 2 3 0
23112659 935 9 3 3 3 1 1 2 2 2 1 1 0 1 1 0 0 0 0 3 3 3 0 3 0 0 4 3 3 2 9 6 3 0 13 1 2 0
23112660 909 0 1 0 3 1 0 0 0 0 0 0 0 13 3 6 0 3 2 2 0 1 3 3 1 0 1 0 2
23112662 882 4 3 2 3 1 1 0 1 1 0 0 0 0 1 1 2 0 1 2 0 0 3 3 2 0 7 4 5 2 1 4 13
23112663 1035 10 1 1 2 1 2 3 2 2 3 3 1 0 3 1 0 0 0 0 3 4 3 0 0 1 0 2 1 3 13 0 3 6 6 0 3 4 5
23112664 972 2 3 3 1 0 2 1 0 0 0 0 0 0 2 6 1 2 0 4 4 6 1 13 8 0 3 0 1 2 0
23112665 959 10 3 1 3 1 3 1 2 2 1 2 1 0 3 1 0 0 0 0 4 3 3 0 1 4 2 6 2 4 1 2 5 6 13 0 4 3 3
23112668 932 4 3 3 1 2 1 0 2 1 0 0 0 0 1 1 2 13 3 2 4 3 1 6 0 3 4 1 2 0 1 6 3
23112669 897 0 1 0 1 1 0 0 0 0 0 0 0 3 1 5 1 0 13 3 2 2 2 4 3 0 0 3 3
23112671 961 9 1 2 3 3 1 2 1 3 2 1 0 1 1 0 0 0 0 3 3 3 0 4 3 0 6 5 13 2 0 2 5 0 3 8 1 0
23112676 941 2 2 1 1 0 1 1 0 0 0 0 1 1 0 3 3 0 0 5 6 3 1 2 4 3 5 2 13 1 2
23112677 829 5 3 2 2 1 2 1 0 1 1 0 0 0 0 1 3 1 0 1 3 0 0 3 3 7 0 1 6 4 2 5 4 13
23112678 868 11 1 2 3 3 2 1 3 1 3 2 2 1 0 1 1 0 0 0 0 3 4 4 1 0 0 0 6 4 5 2 13 1 5 3 3 2 0 0
23112680 916 7 2 2 3 2 3 1 3 1 0 2 1 0 0 0 0 1 3 3 1 0 0 0 5 13 3 0 3 5 1 0 3 3 1 3
23112681 969 10 3 2 1 3 1 3 2 1 2 3 1 0 1 1 0 0 0 0 3 3 4 2 5 1 13 8 3 2 3 0 1 6 3 0 0 3 2
23112682 791 1 3 1 0 3 1 0 0 0 0 0 0 1 2 0 0 0 1 1 3 0 4 9 2 2 13 1 3 3
23112683 881 7 3 1 2 1 3 1 2 1 0 1 1 0 0 0 0 3 2 2 13 4 3 3 1 4 3 1 3 8 4 2 2 2 2 0
23112684 778 9 2 3 1 3 1 2 2 3 1 1 0 2 1 0 0 0 0 3 3 3 13 4 6 3 4 4 3 0 4 3 0 0 0 0 0 1
23112687 857 3 1 3 1 1 0 1 1 0 0 0 0 2 0 1 2 0 4 4 3 5 8 9 3 2 7 13 0 0 0 2
23112689 900 9 1 1 1 3 2 1 2 2 3 3 1 4 0.33333333333333331 5 0.33333333333333331 6 0.33333333333333331 4 3 2 4 1 3 2 13 4 2 0 3 8 3 0 3 4 6 3
23112691 935 8 1 3 2 3 1 3 3 2 1 0 2 1 0 0 0 0 2 2 4 13 2 3 0 6 5 3 0 4 3 0 0 1 1 2 1
23112694 948 7 2 3 1 2 1 3 1 1 0 2 1 0 0 0 0 3 2 2 0 0 3 1 5 3 2 3 1 4 3 2 3 13 6 0
23112696 920 3 2 1 3 1 0 2 1 0 0 0 0 1 1 1 2 0 3 0 4 4 3 6 1 2 1 8 1 4 3 13
23112697 778 5 2 2 2 1 1 1 0 3 1 0 0 0 0 2 3 0 0 0 3 0 0 3 6 3 0 4 9 3 1 13 5 4
23112701 875 10 1 1 3 1 2 3 3 2 2 3 1 0 1 1 0 0 0 0 3 3 4 0 0 0 7 2 0 3 13 2 2 7 5 3 1 9 1
23112702 977 9 2 2 1 1 3 1 2 3 3 1 0 1 1 0 0 0 0 3 3 3 0 0 0 2 4 1 4 3 5 4 7 4 13 3 5 2
23112704 901 5 2 3 1 3 2 1 0 1 1 0 0 0 0 1 2 2 0 13 3 2 0 3 3 5 2 1 4 8 0 3 0 1
23112705 993 5 2 3 3 1 3 1 0 3 1 0 0 0 0 1 1 3 0 1 1 13 2 3 3 2 0 1 5 4 0 0 0 2
23112706 929 8 2 1 2 3 3 1 1 2 1 0 3 1 0 0 0 0 3 3 2 3 3 9 13 1 8 3 3 3 4 4 2 1 2 3 0
23112708 885 9 1 3 1 1 2 2 3 2 3 1 0 3 1 0 0 0 0 3 3 3 1 0 0 0 2 0 5 0 4 4 3 0 13 4 4 3
23112711 965 7 2 1 2 3 1 3 3 1 0 1 1 0 0 0 0 2 2 3 2 13 3 1 7 1 4 3 2 4 2 0 3 3 0 0
23112712 825 11 3 1 3 2 2 3 2 1 3 1 1 1 0 2 1 0 0 0 0 4 3 4 2 0 3 3 0 1 4 0 1 4 2 0 6 4 13 0
23112714 1027 6 1 1 3 2 1 3 1 0 1 1 0 0 0 0 3 1 2 0 0 0 2 0 4 6 0 2 7 6 13 3 5 2 3
23112715 901 8 2 1 2 3 1 3 3 2 1 0 2 1 0 0 0 0 2 3 3 3 0 1 0 4 3 5 0 4 13 3 1 1 3 2 0
23112716 1009 4 3 1 3 1 1 0 1 1 0 0 0 0 2 0 2 0 3 13 2 0 5 9 3 2 2 3 4 0 3 3 0
23112717 859 2 2 3 1 0 2 1 0 0 0 0 0 1 1 8 3 4 1 3 7 5 3 13 6 1 2 1 4 8 3
23112718 787 1 1 1 0 1 1 0 0 0 0 1 0 0 0 0 0 2 0 3 2 13 1 1 2 5 0 3 2 4
23112720 982 11 2 1 3 3 1 2 2 3 1 3 2 1 0 1 1 0 0 0 0 3 4 4 0 3 0 7 3 2 5 2 0 3 13 1 8 1 4 3
23112721 920 7 1 2 3 1 3 3 2 1 0 1 1 0 0 0 0 2 2 3 2 1 3 0 0 4 2 3 2 3 5 4 0 3 1 13
23112722 836 2 3 1 1 0 2 1 0 0 0 0 1 0 1 2 0 5 0 0 0 7 1 3 13 6 8 3 4 5 3
23112723 930 6 1 2 1 2 2 3 1 0 1 1 0 0 0 0 2 3 1 13 6 4 0 8 8 3 3 3 3 2 0 0 4 3 1
23112724 972 5 3 2 2 2 3 1 0 3 1 0 0 0 0 0 3 2 0 3 0 1 4 1 6 0 8 7 5 1 13 4 1 2
23112725 990 4 2 2 3 1 1 0 2 1 0 0 0 0 1 2 1 8 0 1 3 13 3 0 0 5 3 4 0 5 3 1 0
23112727 975 1 3 1 0 3 1 0 0 0 0 0 0 1 0 0 7 3 3 2 2 4 1 5 4 13 1 0 0 0
23112729 764 7 1 1 2 3 3 1 2 1 0 2 1 0 0 0 0 3 2 2 1 0 0 0 0 2 2 3 0 4 5 13 2 1 3 1
23112730 933 0 1 0 2 1 0 0 0 0 0 0 0 4 3 13 1 1 4 5 2 3 7 3 0 3 9 0 0
23112731 883 11 1 3 3 2 2 1 3 2 1 3 1 1 0 2 1 0 0 0 0 4 3 4 3 1 13 3 2 3 5 4 3 0 1 0 0 0 2 0
23112732 923 8 1 2 1 1 3 2 3 2 1 0 3 1 0 0 0 0 3 3 2 0 0 3 0 3 1 13 0 2 3 3 0 1 5 4 2
23112733 936 1 3 1 0 2 1 0 0 0 0 0 0 1 2 0 0 0 0 3 1 4 2 5 13 1 1 0 3 4
23112734 1096 1 3 1 0 2 1 0 0 0 0 0 0 1 0 0 0 2 1 2 5 13 3 1 1 1 0 2 3 3
23112736 929 8 3 2 2 3 3 1 1 1 1 0 2 1 0 0 0 0 3 2 3 10 13 2 1 2 4 3 4 3 0 5 3 1 2 1 0
23112738 902 5 3 1 2 2 3 1 0 2 1 0 0 0 0 1 2 2 0 0 0 2 3 1 1 4 3 6 5 3 1 8 3 13
23112740 998 6 3 1 3 2 2 2 1 0 3 1 0 0 0 0 1 3 2 0 1 0 0 0 0 3 13 2 7 6 6 1 0 1 4
23112741 814 10 3 3 2 3 3 1 1 2 1 2 1 0 1 1 0 0 0 0 3 3 4 0 0 1 0 4 3 0 0 5 6 2 0 13 5 6 2
23112742 1037 11 3 1 3 1 1 2 2 3 2 1 3 3 1 7 0.33333333333333331 8 0.33333333333333331 9 0.33333333333333331 4 3 4 13 4 4 4 2 4 1 0 7 0 3 0 2 0 0 0
23112745 859 5 2 2 2 3 2 1 0 1 1 0 0 0 0 0 4 1 3 1 3 3 0 1 5 2 0 1 13 3 7 1 0 0
23112747 836 6 2 2 3 3 1 1 1 0 3 1 0 0 0 0 2 2 2 3 4 9 5 1 5 7 13 0 4 6 2 1 0 2 0
23112748 898 6 3 3 2 2 2 3 1 0 2 1 0 0 0 0 0 3 3 1 3 0 1 0 1 0 3 0 13 4 1 4 3 4 5
23112749 925 2 2 2 1 0 3 1 0 0 0 0 0 2 0 0 0 3 3 0 0 3 3 1 4 4 13 4 1 4 3
23112750 948 3 1 2 3 1 0 1 1 0 0 0 0 1 1 1 2 3 4 3 5 3 0 2 13 4 1 0 1 4 2 0
23112751 905 7 2 1 1 3 3 3 2 1 0 2 1 0 0 0 0 2 2 3 3 0 0 0 3 4 3 1 2 8 3 1 13 8 1 2
23112752 961 10 3 2 1 2 1 1 2 3 2 3 1 0 3 1 0 0 0 0 3 4 3 1 0 3 0 0 4 5 0 13 8 3 0 4 1 2 3
23112753 1060 2 1 3 3 1 8 0.33333333333333331 9 0.33333333333333331 10 0.33333333333333331 1 0 1 0 0 0 1 0 5 2 3 1 2 4 2 0 3 4 13
23112754 770 6 3 3 2 1 3 2 1 0 3 1 0 0 0 0 1 2 3 0 0 2 3 3 4 1 5 2 0 4 13 1 1 7 4
23112756 988 4 2 1 3 1 1 0 1 1 0 0 0 0 2 1 1 0 0 0 4 0 1 0 7 2 4 2 3 2 3 3 13
23112757 892 3 3 3 2 1 0 3 1 0 0 0 0 0 1 2 2 0 0 0 0 1 6 4 4 13 3 3 4 1 5 3
23112758 837 7 3 1 2 3 1 3 2 1 0 1 1 0 0 0 0 2 2 3 0 1 3 4 0 5 13 2 2 3 5 2 0 4 1 0
23112759 944 4 3 1 2 3 1 0 3 1 0 0 0 0 1 1 2 0 2 1 0 2 4 0 1 13 8 1 4 3 2 3 3
23112760 934 6 2 1 3 1 2 1 1 0 3 1 0 0 0 0 3 2 1 0 0 4 1 3 5 1 1 0 2 2 4 2 3 2 13
23112762 1016 0 1 0 2 1 0 0 0 0 0 0 0 3 0 13 3 0 4 5 2 3 4 7 1 0 1 3 4
23112763 996 0 1 0 1 1 0 0 0 0 0 0 0 0 0 1 2 2 5 3 2 5 1 5 1 13 2 3 0
23112764 933 8 2 3 3 1 2 2 1 2 1 0 3 1 0 0 0 0 2 4 2 0 7 9 13 1 4 7 3 0 0 6 4 1 0 3 3
23112765 892 0 1 0 2 1 0 0 0 0 0 0 0 0 4 1 0 1 8 2 2 2 5 1 4 5 1 13 0
23112767 879 2 1 3 1 0 1 1 0 0 0 0 1 0 1 3 6 8 13 2 6 4 3 0 3 2 3 0 0 0 3
23112768 968 10 1 3 2 3 1 3 1 2 2 2 1 0 1 1 0 0 0 0 3 4 3 0 3 0 3 3 2 3 0 1 7 5 2 3 13 1 0
23112769 896 8 1 3 1 2 3 3 1 2 1 0 2 1 0 0 0 0 3 2 3 4 5 2 3 4 13 1 2 1 3 6 7 3 4 3 0
23112770 841 4 2 2 1 1 1 0 2 1 0 0 0 0 2 2 0 4 4 2 3 0 1 2 13 1 1 6 3 0 0 0 3
23112771 770 2 2 2 1 0 1 1 0 0 0 0 0 2 0 3 1 2 4 1 13 5 6 0 0 4 3 0 0 0 3
23112772 839 7 2 2 3 2 1 1 2 1 0 1 1 0 0 0 0 2 4 1 4 5 1 1 1 3 13 3 2 3 5 3 2 3 0 0
23112773 842 9 1 2 3 2 3 2 2 1 3 1 0 3 1 0 0 0 0 2 4 3 3 4 4 13 1 2 5 6 0 0 1 4 0 0 1 0
23112774 855 1 3 1 0 1 1 0 0 0 0 0 0 1 0 8 2 1 0 3 7 13 3 2 5 4 0 0 3 0
23112778 720 2 2 2 1 0 3 1 0 0 0 0 0 2 0 1 5 3 1 0 5 13 1 0 3 2 6 3 0 1 2
23112779 856 0 1 0 3 1 0 0 0 0 0 0 0 0 0 2 1 1 13 2 0 3 4 3 3 3 3 4 0
23112785 863 0 1 0 1 1 0 0 0 0 0 0 0 2 0 3 3 0 0 0 3 3 5 4 3 0 5 7 13
23112786 917 10 3 3 1 1 2 1 2 2 3 1 1 0 2 1 0 0 0 0 4 3 3 2 5 0 0 1 5 0 0 4 3 3 3 13 1 2 0
23112790 1066 8 2 2 3 3 1 1 3 3 1 0 1 1 0 0 0 0 2 2 4 0 0 4 1 0 1 7 2 2 2 0 4 0 4 3 13
23112792 827 9 3 2 1 2 3 1 3 2 1 1 0 2 1 0 0 0 0 3 3 3 1 2 0 0 1 3 4 6 8 7 4 3 8 13 5 0
23112797 907 10 3 1 1 2 1 2 2 2 3 3 1 0 3 1 0 0 0 0 3 4 3 1 0 0 0 6 2 3 0 9 6 7 1 13 4 3 3
23112799 834 2 1 3 1 0 2 1 0 0 0 0 1 0 1 0 2 1 5 2 0 13 4 0 1 6 3 0 0 4 3
23112800 761 11 2 3 2 2 2 1 1 3 3 3 1 1 0 1 1 0 0 0 0 3 4 4 2 1 2 5 1 7 9 2 1 5 8 3 0 5 7 13
23112802 853 2 3 3 1 0 1 1 0 0 0 0 0 0 2 2 2 4 13 0 4 3 3 1 3 4 5 0 0 2 1
23112803 836 0 1 0 3 1 0 0 0 0 0 0 0 1 2 0 0 3 5 13 0 3 3 6 0 3 2 1 3
23112805 977 0 1 0 3 1 0 0 0 0 0 0 0 1 0 3 0 2 2 6 4 0 2 4 3 1 7 1 13
23112806 895 4 3 3 2 2 1 0 3 1 0 0 0 0 0 2 2 2 1 0 0 1 9 3 13 0 3 3 3 1 4 5 6
23112807 977 6 3 1 2 1 2 1 1 0 1 1 0 0 0 0 3 2 1 0 0 0 2 0 4 13 3 0 0 5 2 3 0 3 5
23112809 738 3 2 2 1 1 0 1 1 0 0 0 0 1 2 0 3 4 4 3 4 7 3 0 13 3 3 0 0 3 0 0
23112810 903 8 2 1 1 3 1 2 3 2 1 0 3 1 0 0 0 0 3 3 2 3 5 4 2 13 5 6 1 2 0 5 3 1 0 0 0
23112811 919 10 2 1 2 1 3 3 1 2 3 2 1 0 1 1 0 0 0 0 3 4 3 0 1 8 13 4 5 8 3 6 3 4 2 3 0 5 3
23112812 856 2 3 2 1 0 3 1 0 0 0 0 0 1 1 0 1 0 2 1 2 4 4 0 0 3 4 0 4 13 1
23112813 951 8 1 1 3 3 1 3 3 2 1 0 2 1 0 0 0 0 3 1 4 0 3 4 2 2 5 4 4 1 13 5 2 0 0 0 1
23112814 856 8 1 2 1 2 3 3 1 3 1 0 1 1 0 0 0 0 3 2 3 3 4 5 3 1 1 7 3 13 6 2 0 2 4 2 2
23112815 950 3 3 2 2 1 0 1 1 0 0 0 0 0 2 1 0 2 1 0 3 3 7 1 0 5 5 13 3 1 4 2
23112817 937 11 1 2 3 2 1 3 1 2 3 1 2 1 0 3 1 0 0 0 0 4 4 3 5 6 13 1 3 6 3 0 0 6 2 0 0 1 2 0
23112818 789 9 3 2 3 2 3 1 1 3 1 1 0 2 1 0 0 0 0 3 2 4 13 3 9 0 9 4 6 0 5 4 3 8 7 3 0 0
23112819 858 10 2 1 2 1 3 3 3 1 2 1 1 0 3 1 0 0 0 0 4 3 3 1 7 3 2 0 4 13 4 2 2 3 3 0 0 3 1
23112820 955 8 2 3 1 3 2 3 1 1 1 0 3 1 0 0 0 0 3 2 3 2 0 0 0 5 4 2 1 8 6 5 0 13 4 3 3
23112823 990 5 3 1 2 3 1 1 0 3 1 0 0 0 0 2 1 2 0 0 0 2 0 0 4 1 1 5 5 4 2 3 2 13
23112824 983 0 1 0 3 1 0 0 0 0 0 0 0 0 0 2 0 3 1 3 0 5 5 0 1 13 5 3 2
23112825 866 6 2 2 3 1 2 2 1 0 1 1 0 0 0 0 1 4 1 1 3 3 13 0 4 7 6 0 5 3 4 0 0 0 1
23112828 844 10 2 3 3 2 2 1 2 3 1 3 1 0 1 1 0 0 0 0 2 4 4 1 3 4 3 3 2 3 2 0 4 13 1 1 3 0 3
23112829 754 8 2 3 2 3 2 3 2 1 3 1 8 0.33333333333333331 9 0.33333333333333331 10 0.33333333333333331 1 4 3 0 3 0 0 1 1 1 0 0 5 0 0 0 13 5 4
23112830 928 5 3 2 3 1 2 1 0 1 1 0 0 0 0 1 2 2 4 2 1 13 3 5 3 3 0 2 6 3 1 3 3 0
23112832 826 0 1 0 2 1 0 0 0 0 0 0 0 0 4 3 3 5 4 6 4 4 2 13 1 3 6 1 3
23112833 754 2 2 3 1 0 2 1 0 0 0 0 0 1 1 1 4 3 1 0 3 4 6 3 3 1 13 0 0 0 2
23112834 829 9 3 3 1 2 2 1 1 1 3 1 0 2 1 0 0 0 0 4 2 3 13 5 4 3 3 6 2 0 3 7 3 0 2 0 1 0
23112838 900 9 3 3 1 1 2 2 3 2 1 1 0 1 1 0 0 0 0 3 3 3 0 0 4 7 3 2 1 5 0 5 13 3 0 0 0 2
23112842 961 8 1 3 2 2 1 2 1 2 1 0 3 1 0 0 0 0 3 4 1 13 5 3 1 7 3 1 0 2 4 0 0 0 0 0 3
23112843 963 11 1 1 3 3 2 3 1 2 3 1 2 1 0 2 1 0 0 0 0 4 3 4 3 13 5 0 1 1 3 3 4 3 2 4 0 2 0 0
23112844 846 3 1 2 3 1 0 2 1 0 0 0 0 1 1 1 9 6 3 4 3 3 3 2 3 1 3 13 0 0 0 1
23112846 955 5 3 3 1 1 1 1 0 3 1 0 0 0 0 3 0 2 2 3 2 3 2 8 3 5 4 1 4 13 0 2 0 0
23112848 985 8 1 2 2 2 3 3 2 1 1 0 3 1 0 0 0 0 2 4 2 1 3 13 1 3 2 2 0 1 5 4 0 0 1 3 0
23112849 864 4 2 3 1 2 1 0 1 1 0 0 0 0 1 2 1 2 3 13 3 1 3 6 4 3 7 5 3 1 3 2 3
23112850 861 11 1 1 3 3 1 1 2 2 2 3 2 1 0 3 1 0 0 0 0 4 4 3 1 2 2 0 1 4 3 4 13 5 3 2 0 3 1 0
23112853 933 11 3 1 2 2 1 3 3 3 2 2 1 1 0 1 1 0 0 0 0 3 4 4 1 4 1 13 0 4 2 4 2 5 3 2 0 0 4 1
23112854 872 7 3 2 3 1 2 3 2 3 1 6 0.33333333333333331 7 0.33333333333333331 8 0.33333333333333331 1 3 3 4 4 1 0 3 13 1 2 4 3 4 3 1 5 0 0
23112858 849 2 2 1 1 0 1 1 0 0 0 0 1 1 0 1 5 2 8 5 2 4 0 13 2 0 0 1 0 0 0
23112861 775 2 1 2 1 0 1 1 0 0 0 0 1 1 0 3 2 4 1 5 13 3 2 3 0 0 3 0 0 0 3
23112866 822 11 3 2 1 2 3 2 2 1 1 1 3 1 0 3 1 0 0 0 0 4 4 3 1 3 3 0 8 5 4 0 2 7 4 2 13 4 1 0
23112867 896 4 3 2 1 2 1 0 1 1 0 0 0 0 1 2 1 13 5 4 1 2 4 5 0 2 1 3 0 0 3 0 3
23112868 842 1 1 1 0 3 1 0 0 0 0 1 0 0 13 5 2 0 1 2 5 1 3 0 6 0 0 0 3 2
23112869 934 5 1 3 2 1 3 1 0 2 1 0 0 0 0 2 1 2 1 0 0 0 0 3 7 13 2 7 5 3 1 3 3 2
23112870 852 0 1 0 3 1 0 0 0 0 0 0 0 3 3 3 0 3 6 2 1 4 7 4 2 1 13 3 0
23112871 899 8 1 1 2 3 1 3 3 2 3 1 7 0.33333333333333331 8 0.33333333333333331 9 0.33333333333333331 3 2 3 0 0 0 3 2 1 3 13 3 2 6 4 0 3 2 1
23112873 880 0 1 0 2 1 0 0 0 0 0 0 0 3 2 0 0 1 8 3 2 13 4 1 0 4 3 1 0
23112874 792 2 3 1 1 0 1 1 0 0 0 0 1 0 1 1 0 2 0 4 2 3 2 0 6 5 13 2 0 7 1
23112875 941 5 3 1 3 2 1 1 0 2 1 0 0 0 0 2 1 2 13 4 3 0 4 3 1 3 3 0 4 0 2 3 0 0
23112876 723 9 1 3 1 3 3 3 2 1 2 1 0 2 1 0 0 0 0 3 2 4 1 0 2 6 1 0 6 0 3 4 2 0 13 7 4 0
23112877 743 5 3 2 1 2 2 1 0 3 1 0 0 0 0 1 3 1 0 2 0 5 3 1 4 1 0 3 13 1 1 5 2 3
23112878 922 2 1 1 3 1 6 0.33333333333333331 7 0.33333333333333331 8 0.33333333333333331 2 0 0 0 0 2 3 0 13 1 5 2 2 1 4 0 3 2 4
23112879 1072 5 2 2 3 3 2 1 0 1 1 0 0 0 0 0 3 2 4 4 5 1 8 3 5 0 13 3 1 0 3 0 0 0
23112881 951 8 1 2 3 1 3 2 3 1 1 0 1 1 0 0 0 0 3 2 3 13 3 2 0 4 6 3 2 3 3 0 0 0 0 0 3
23112882 896 2 2 1 1 0 2 1 0 0 0 0 1 1 0 0 1 0 3 3 1 2 5 3 6 3 2 0 13 5 1
23112883 902 7 1 2 1 2 2 1 3 3 1 6 0.33333333333333331 7 0.33333333333333331 8 0.33333333333333331 3 3 1 4 3 5 0 13 8 5 1 3 3 0 0 0 0 0 2
23112884 959 5 2 2 3 3 1 1 0 3 1 0 0 0 0 1 2 2 0 1 0 2 0 3 1 4 4 6 4 1 3 2 3 13
23112887 866 0 1 0 1 1 0 0 0 0 0 0 0 0 0 3 3 3 3 2 0 4 3 5 1 13 4 2 3
23112888 954 3 1 3 1 1 0 2 1 0 0 0 0 2 0 1 0 0 2 1 3 2 0 0 3 6 4 3 3 13 4 0
23112891 974 4 1 3 3 2 1 0 3 1 0 0 0 0 1 1 2 4 1 2 2 9 2 5 0 13 4 0 0 3 1 1 0
23112892 930 8 2 1 1 3 1 2 3 3 1 0 2 1 0 0 0 0 3 2 3 0 0 3 4 0 1 5 4 2 0 2 13 0 3 0 1
23112893 771 2 2 1 3 1 7 0.33333333333333331 8 0.33333333333333331 9 0.33333333333333331 1 1 0 2 3 0 0 1 4 4 3 3 6 13 3 3 3 5 4
23112894 967 1 3 1 0 2 1 0 0 0 0 0 0 1 3 0 1 0 0 2 1 6 0 2 5 5 3 13 1 4
23112895 802 11 1 2 3 1 1 1 2 3 3 2 2 1 0 3 1 0 0 0 0 4 4 3 4 13 5 4 5 5 3 2 6 5 1 1 3 0 2 0
23112897 877 7 3 1 2 1 3 1 2 1 0 2 1 0 0 0 0 3 2 2 0 0 2 13 0 3 5 3 1 9 1 4 2 3 0 4
23112898 808 4 3 1 1 1 1 0 1 1 0 0 0 0 3 0 1 0 2 8 3 0 6 2 2 3 13 4 6 0 3 0 2
23112899 760 3 2 2 1 1 0 1 1 0 0 0 0 1 2 0 2 5 4 1 0 6 4 13 1 3 2 3 3 0 3 4
23112900 812 0 1 0 1 1 0 0 0 0 0 0 0 3 6 0 0 2 3 0 0 4 3 0 0 13 2 1 3
23112901 802 5 2 3 2 1 2 1 0 1 1 0 0 0 0 1 3 1 3 2 8 13 1 7 4 4 1 6 4 1 2 3 0 0
23112903 884 6 3 3 2 1 2 2 1 0 2 1 0 0 0 0 1 3 2 3 4 13 0 3 3 3 0 3 5 1 1 3 1 0 0
23112905 935 8 3 2 1 1 1 3 1 2 1 0 2 1 0 0 0 0 4 2 2 3 3 3 13 0 3 4 2 0 6 3 4 0 0 3 5
23112908 1055 5 1 1 3 1 2 1 0 2 1 0 0 0 0 3 1 1 3 2 0 0 5 3 3 5 3 4 2 6 13 3 1 0
23112909 743 2 2 3 1 0 2 1 0 0 0 0 0 1 1 0 0 3 0 2 4 1 4 1 0 13 4 0 2 1 1
23112910 817 0 1 0 3 1 0 0 0 0 0 0 0 13 0 2 0 9 6 3 3 5 3 0 0 1 4 3 4
23112911 909 9 1 1 3 2 1 3 2 1 3 1 0 3 1 0 0 0 0 4 2 3 0 13 7 1 3 6 4 3 0 0 5 3 2 2 2 0
23112912 920 2 2 3 1 0 1 1 0 0 0 0 0 1 1 2 3 3 0 0 1 0 0 3 4 6 1 0 13 3 2
23112913 824 10 1 1 1 2 3 3 2 1 3 3 1 0 2 1 0 0 0 0 4 2 4 0 0 0 2 1 3 4 1 0 3 4 7 2 2 8 13
23112914 935 6 2 1 3 2 1 1 1 0 2 1 0 0 0 0 3 2 1 1 3 3 0 3 2 5 0 2 4 9 1 13 5 4 3
23112915 943 11 2 2 2 3 1 3 1 1 2 1 3 1 0 3 1 0 0 0 0 4 4 3 6 3 3 4 0 4 13 8 0 4 2 1 0 0 3 4
23112917 942 10 2 3 2 1 1 3 2 2 1 3 1 0 1 1 0 0 0 0 3 4 3 0 3 0 1 3 3 5 6 2 8 4 7 0 4 3 13
23112919 957 5 2 1 3 3 2 1 0 1 1 0 0 0 0 1 2 2 0 0 0 2 0 1 1 7 2 4 13 3 1 5 4 2
23112922 899 3 3 2 2 1 0 3 1 0 0 0 0 0 2 1 1 13 1 0 4 2 1 0 7 4 6 2 5 0 0 1
23112923 1038 9 3 1 1 3 2 3 1 3 2 1 0 1 1 0 0 0 0 3 2 4 3 6 2 0 6 5 3 1 3 4 3 0 3 2 13 2
23112924 951 5 2 3 2 1 3 1 0 2 1 0 0 0 0 1 2 2 1 3 5 13 1 7 4 4 0 2 0 3 1 0 0 0
23112925 760 3 2 2 1 1 0 1 1 0 0 0 0 1 2 0 2 0 1 0 2 3 8 3 0 5 3 4 1 3 4 13
23112926 933 0 1 0 1 1 0 0 0 0 0 0 0 13 3 1 0 2 5 1 3 7 5 2 3 8 2 0 0
23112927 961 2 3 2 1 0 1 1 0 0 0 0 0 1 1 13 9 4 0 9 4 1 0 5 2 0 1 4 2 0 0
23112928 1090 3 1 3 2 1 0 2 1 0 0 0 0 1 1 1 0 3 4 4 0 1 3 6 2 1 3 13 0 0 0 3
23112929 894 3 2 2 1 1 0 1 1 0 0 0 0 1 2 0 3 0 3 0 4 5 3 0 8 3 3 3 13 3 3 0
23112930 760 11 2 3 2 3 1 1 3 1 2 1 2 1 0 3 1 0 0 0 0 4 4 3 0 0 0 3 4 8 4 2 3 3 7 0 4 6 13 1
23112931 890 5 2 3 3 2 2 1 0 1 1 0 0 0 0 0 3 2 3 1 3 0 3 4 5 1 9 6 3 0 13 4 1 2
23112933 874 3 3 3 1 1 0 2 1 0 0 0 0 1 0 2 0 3 0 0 13 4 4 1 7 5 2 0 4 3 0 0
23112934 929 8 1 2 3 2 1 1 3 2 1 0 3 1 0 0 0 0 3 3 2 0 3 2 0 0 4 1 1 3 2 3 3 3 6 13 3
23112935 950 1 3 1 0 1 1 0 0 0 0 0 0 1 3 1 0 2 7 5 4 2 0 0 0 13 0 1 2 3
23112936 1075 4 1 3 3 2 1 0 3 1 0 0 0 0 1 1 2 0 0 5 2 1 3 4 0 3 4 7 13 0 2 1 4
23112937 861 4 3 1 2 3 1 0 1 1 0 0 0 0 1 1 2 2 0 0 0 0 3 4 13 3 5 4 1 3 2 3 3
23112938 907 0 1 0 1 1 0 0 0 0 0 0 0 0 1 0 2 1 5 4 2 13 4 6 3 3 3 2 4
23112939 940 4 1 3 2 3 1 0 1 1 0 0 0 0 1 1 2 2 4 3 2 0 1 13 4 4 6 3 1 0 0 0 2
23112940 1038 5 2 1 2 3 3 1 0 1 1 0 0 0 0 1 2 2 9 3 3 0 3 13 2 0 8 4 4 2 5 3 1 1
23112945 1087 4 2 3 3 2 1 0 2 1 0 0 0 0 0 2 2 0 1 3 0 0 4 2 0 0 4 5 1 1 13 3 1
23112946 1012 5 2 3 2 1 1 1 0 2 1 0 0 0 0 2 2 1 2 4 1 1 13 1 0 0 0 3 3 0 3 2 0 3
23112947 863 8 1 3 1 2 2 3 3 3 1 0 2 1 0 0 0 0 2 2 4 2 4 1 3 6 13 7 0 2 8 4 0 1 6 0 1
23112950 951 2 3 2 1 0 3 1 0 0 0 0 0 1 1 8 0 0 0 4 6 3 13 2 3 4 1 0 1 3 3
23112953 975 11 2 1 1 1 3 2 2 3 3 2 1 1 0 3 1 0 0 0 0 4 4 3 1 5 1 0 9 4 3 2 13 3 0 0 7 0 0 2
23112954 835 8 1 2 2 3 2 3 2 1 1 0 3 1 0 0 0 0 2 4 2 0 1 5 0 0 3 4 4 3 5 6 1 3 4 4 13
23112957 1017 2 3 1 1 0 1 1 0 0 0 0 1 0 1 0 0 0 2 4 3 3 2 3 3 7 0 13 5 3 0
23112959 934 9 1 3 3 2 1 1 2 2 1 1 0 3 1 0 0 0 0 4 3 2 0 2 4 3 0 1 3 5 2 2 8 3 0 1 8 13
23112961 921 9 3 1 2 1 1 2 3 1 3 1 0 3 1 0 0 0 0 4 2 3 3 3 5 13 3 7 4 2 0 3 4 0 0 0 0 2
23112966 901 6 3 3 2 1 3 2 1 0 2 1 0 0 0 0 1 2 3 1 2 0 0 1 5 4 0 9 4 5 3 13 3 3 1
23112969 975 5 1 3 1 2 1 1 0 2 1 0 0 0 0 3 1 1 3 2 3 13 0 1 6 3 2 4 6 1 0 2 0 3
23112971 912 3 2 1 1 1 0 2 1 0 0 0 0 2 1 0 0 3 1 0 4 3 5 3 3 6 8 1 2 13 2 4
23112976 966 9 3 3 1 1 2 1 2 3 2 1 0 1 1 0 0 0 0 3 3 3 2 5 5 3 2 7 3 0 5 4 13 0 4 1 7 0
23112977 866 6 1 2 2 3 3 1 1 0 2 1 0 0 0 0 2 2 2 2 3 0 1 3 2 0 1 4 4 5 8 1 1 13 2
23112978 953 5 3 1 3 2 3 1 0 2 1 0 0 0 0 1 1 3 1 0 0 0 2 0 3 4 0 3 2 1 1 6 13 3
23112979 933 1 1 1 0 1 1 0 0 0 0 1 0 0 2 3 13 4 0 1 3 4 3 2 5 3 0 0 3 2
23112980 956 6 3 2 1 3 3 1 1 0 2 1 0 0 0 0 2 1 3 3 1 0 2 13 2 0 0 5 6 4 0 4 4 1 0
23112981 888 7 1 1 1 2 1 2 3 1 0 3 1 0 0 0 0 4 2 1 2 3 13 0 3 7 4 1 4 8 4 5 2 2 3 0
23112982 803 10 2 2 3 1 3 1 1 1 3 2 1 0 2 1 0 0 0 0 4 3 3 3 13 1 0 9 5 4 3 4 3 2 0 3 0 3 3
23112984 992 3 1 1 3 1 0 3 1 0 0 0 0 2 0 1 2 0 1 2 2 4 0 0 4 3 1 3 13 5 2 0
23112986 1004 4 1 2 2 3 1 0 1 1 0 0 0 0 1 2 1 0 4 6 13 0 3 1 3 2 4 5 4 0 0 3 3
23112991 1057 0 1 0 1 1 0 0 0 0 0 0 0 0 0 3 0 2 0 3 0 3 4 4 0 13 6 5 8
23112992 837 7 3 2 2 1 3 3 1 1 0 2 1 0 0 0 0 2 2 3 0 5 7 13 0 1 4 4 2 0 8 4 3 0 1 0
23112994 859 2 2 3 1 0 2 1 0 0 0 0 0 1 1 2 3 5 3 3 13 3 0 1 1 5 1 0 8 0 0
23112995 976 3 2 3 2 1 0 3 1 0 0 0 0 0 2 1 3 3 8 13 4 6 4 1 0 3 1 4 0 0 1 2
23112996 932 11 1 2 3 3 1 2 1 2 1 3 3 1 0 2 1 0 0 0 0 4 3 4 3 13 4 2 0 5 6 2 0 1 1 3 0 3 0 3
23112997 845 3 2 1 3 1 0 3 1 0 0 0 0 1 1 1 0 13 4 1 4 7 3 2 3 1 6 3 0 0 5 2
23112998 988 1 3 1 0 3 1 0 0 0 0 0 0 1 3 9 0 0 4 5 0 0 4 13 3 3 4 2 1 0
23112999 838 5 1 2 1 2 1 1 0 3 1 0 0 0 0 3 2 0 4 2 3 1 2 3 4 3 1 5 13 0 0 3 0 2
23113000 865 0 1 0 2 1 0 0 0 0 0 0 0 0 0 1 3 2 1 6 4 2 7 3 4 0 1 3 13
23113002 833 6 1 1 3 2 2 1 1 0 3 1 0 0 0 0 3 2 1 0 0 3 2 0 0 4 1 2 0 7 4 1 4 2 13
23113003 860 4 2 1 2 1 1 0 3 1 0 0 0 0 2 2 0 0 0 3 0 2 7 0 2 1 4 1 0 13 9 7 5
23113005 939 7 2 3 3 3 1 1 1 1 0 3 1 0 0 0 0 3 1 3 2 8 0 0 0 9 1 0 7 13 6 2 7 5 2 4
23113006 896 2 2 1 1 0 1 1 0 0 0 0 1 1 0 0 0 3 0 2 4 5 2 13 7 0 1 3 3 0 0
23113007 1118 3 1 1 3 1 0 3 1 0 0 0 0 2 0 1 13 6 3 2 3 3 2 0 3 5 4 3 3 0 0 0
23113009 852 8 1 3 1 2 3 1 2 2 1 0 1 1 0 0 0 0 3 3 2 0 2 0 0 3 0 0 7 0 3 13 6 0 0 4 5
23113010 868 0 1 0 2 1 0 0 0 0 0 0 0 3 4 6 1 13 8 4 3 2 3 4 1 0 7 3 0
23113011 878 4 2 1 2 1 1 0 3 1 0 0 0 0 2 2 0 0 0 1 0 0 4 3 2 3 2 13 8 4 5 1 3
23113012 997 6 2 1 3 2 3 2 1 0 1 1 0 0 0 0 1 3 2 0 1 0 3 0 3 3 0 0 4 2 3 1 6 7 13
23113015 946 6 3 2 1 3 3 2 1 0 2 1 0 0 0 0 1 2 3 1 3 1 0 0 0 6 13 2 3 6 3 0 1 4 6
23113017 964 1 2 1 0 2 1 0 0 0 0 0 1 0 4 1 13 0 1 3 2 3 3 6 3 0 3 1 0 0
23113018 879 10 2 1 2 3 3 1 2 3 1 2 1 0 1 1 0 0 0 0 3 4 3 3 1 2 3 4 3 7 13 0 5 4 0 0 0 0 3
23113019 912 11 2 1 1 3 1 3 2 2 2 1 3 1 0 3 1 0 0 0 0 4 4 3 2 3 0 0 1 1 3 0 6 5 2 0 13 3 2 1
23113021 880 3 3 2 1 1 0 1 1 0 0 0 0 1 1 1 2 3 4 0 13 6 2 3 1 3 2 0 0 1 3 3
23113023 842 2 3 1 1 0 1 1 0 0 0 0 1 0 1 2 0 5 3 0 3 4 2 0 4 4 1 0 13 4 2
23113024 826 10 3 1 1 2 2 3 1 2 3 2 1 0 3 1 0 0 0 0 3 4 3 0 2 3 2 0 2 3 6 1 0 13 1 1 3 6 1
23113027 936 2 3 3 1 0 2 1 0 0 0 0 0 0 2 0 0 0 3 0 5 1 3 0 2 1 5 1 2 3 13
23113029 908 6 1 3 3 1 2 2 1 0 1 1 0 0 0 0 2 2 2 3 0 0 0 2 3 6 2 4 8 6 1 3 13 3 0
23113030 967 0 1 0 3 1 0 0 0 0 0 0 0 1 13 3 0 1 1 5 3 3 2 3 0 0 2 0 2
23113031 968 6 3 1 2 3 3 2 1 0 2 1 0 0 0 0 1 2 3 0 3 13 3 1 3 4 2 1 1 5 1 2 0 3 0
23113032 995 6 2 2 3 2 1 3 1 0 2 1 0 0 0 0 1 3 2 0 0 0 1 0 1 7 4 0 1 4 13 3 4 8 3
23113033 872 2 2 2 1 0 3 1 0 0 0 0 0 2 0 4 3 13 3 1 8 3 1 4 3 3 4 0 0 3 3
23113034 938 7 2 1 3 1 3 2 3 1 0 1 1 0 0 0 0 2 2 3 3 2 8 3 13 6 0 0 5 5 2 0 4 3 0 1
23113036 1033 9 3 1 1 2 3 2 1 3 2 1 0 2 1 0 0 0 0 3 3 3 0 3 5 0 1 1 3 2 0 2 4 0 0 13 3 1
23113038 1025 0 1 0 3 1 0 0 0 0 0 0 0 0 0 0 1 0 3 2 13 3 6 4 8 1 3 4 2
23113039 817 10 2 3 2 1 1 2 1 3 3 1 1 0 2 1 0 0 0 0 4 3 3 2 4 2 3 2 5 1 1 3 4 7 13 3 5 3 1
23113041 807 10 2 2 1 3 3 3 1 1 2 3 1 0 1 1 0 0 0 0 3 3 4 0 5 8 13 1 5 4 2 0 0 3 3 2 0 3 0
23113044 794 8 3 3 3 1 2 1 1 2 1 0 1 1 0 0 0 0 3 2 3 3 1 2 5 2 3 3 3 0 3 4 13 0 2 3 0
23113046 837 2 3 1 1 0 1 1 0 0 0 0 1 0 1 3 5 2 2 13 3 3 0 6 3 3 0 3 0 3 0
23113047 968 8 2 3 2 1 2 1 3 3 1 0 1 1 0 0 0 0 2 3 3 1 8 0 0 0 2 0 3 2 4 5 4 3 1 13 0
23113048 893 8 2 1 3 3 2 2 2 1 1 0 3 1 0 0 0 0 2 4 2 2 3 3 0 4 13 4 0 2 3 1 1 1 5 0 1
23113052 795 8 2 1 3 3 1 2 3 1 1 0 1 1 0 0 0 0 3 2 3 4 0 3 0 8 5 2 0 2 5 0 0 13 3 1 2
23113053 772 1 3 1 0 1 1 0 0 0 0 0 0 1 2 3 2 0 4 1 0 3 13 4 4 0 0 1 2 0
23113055 901 11 2 2 2 1 1 3 3 1 3 3 2 1 0 1 1 0 0 0 0 3 4 4 13 1 3 3 2 4 3 1 2 3 4 3 2 6 1 0
23113058 800 11 3 1 2 3 2 1 1 2 1 3 2 1 0 3 1 0 0 0 0 4 4 3 0 1 8 13 3 3 7 6 0 4 5 3 0 3 3 2
23113059 853 8 3 1 3 1 2 1 1 2 1 0 2 1 0 0 0 0 4 2 2 3 4 5 0 3 7 5 3 5 5 3 0 13 2 0 0
23113061 1009 8 3 3 2 2 3 1 2 1 1 0 1 1 0 0 0 0 2 3 3 0 3 4 13 1 3 2 7 0 3 4 1 2 0 3 4
23113062 1028 6 1 3 2 1 1 2 1 0 3 1 0 0 0 0 3 2 1 0 0 2 0 13 2 3 0 1 3 6 5 6 4 7 4
23113063 944 3 2 1 2 1 0 2 1 0 0 0 0 1 2 0 0 4 5 7 3 1 4 2 0 13 1 1 0 0 0 3
23113064 1037 6 1 3 2 2 1 2 1 0 1 1 0 0 0 0 2 3 1 13 1 6 7 4 4 3 3 3 2 3 0 3 0 0 0
23113066 928 6 2 2 1 3 3 3 1 0 1 1 0 0 0 0 1 2 3 4 3 13 2 0 5 1 0 3 0 3 0 0 3 0 0
23113067 1009 11 3 2 1 2 3 2 2 3 1 1 3 1 0 1 1 0 0 0 0 3 4 4 3 2 3 13 1 3 6 6 0 3 4 1 0 0 5 2
23113068 947 3 1 3 1 1 0 3 1 0 0 0 0 2 0 1 3 2 3 2 0 2 1 13 0 2 5 0 0 3 3 1
23113069 813 9 2 3 2 2 1 1 3 2 1 1 0 3 1 0 0 0 0 3 4 2 0 0 1 3 1 3 8 4 0 0 2 13 1 2 5 3
23113070 963 10 3 1 2 3 2 3 1 1 2 3 1 0 1 1 0 0 0 0 3 3 4 0 7 0 2 13 6 3 1 5 4 5 1 4 2 3 2
23113071 990 0 1 0 1 1 0 0 0 0 0 0 0 13 7 3 0 2 3 3 3 1 6 3 2 3 0 0 0
23113072 927 6 3 1 2 3 3 2 3 1 8 0.33333333333333331 9 0.33333333333333331 10 0.33333333333333331 1 2 3 13 7 1 0 6 3 3 0 3 0 0 2 1 3 0 0
23113074 838 6 1 1 2 3 2 2 1 0 1 1 0 0 0 0 2 3 1 0 1 13 4 4 1 5 2 0 3 3 3 2 3 0 0
23113075 1013 8 1 1 2 2 2 1 2 3 1 0 3 1 0 0 0 0 3 4 1 13 1 4 0 3 5 4 3 3 1 5 2 3 2 0 1
23113076 735 7 3 1 3 2 2 1 2 3 1 8 0.33333333333333331 9 0.33333333333333331 10 0.33333333333333331 2 3 2 1 4 13 0 4 5 3 0 1 8 4 2 2 4 0 1
23113077 932 7 1 2 3 3 2 1 3 1 0 1 1 0 0 0 0 2 2 3 0 3 0 2 0 1 6 4 5 4 13 3 2 3 3 3
23113078 962 5 3 1 2 3 1 3 1 7 0.33333333333333331 8 0.33333333333333331 9 0.33333333333333331 2 1 2 1 2 0 0 13 2 4 0 4 4 5 2 3 3 1 0
23113080 845 9 2 1 3 2 3 1 3 1 3 1 0 1 1 0 0 0 0 3 2 4 0 2 3 13 2 0 6 4 0 0 4 1 0 0 0 2
23113081 856 3 1 3 2 1 0 2 1 0 0 0 0 1 1 1 1 5 2 3 1 0 5 7 0 4 8 13 0 1 2 0
23113085 920 0 1 0 1 1 0 0 0 0 0 0 0 7 0 0 0 13 2 3 1 3 1 8 0 2 5 2 3
23113087 992 8 3 3 1 1 2 3 2 2 1 0 3 1 0 0 0 0 2 3 3 1 2 4 0 13 3 3 1 3 3 4 1 2 0 3 0
23113088 884 7 1 3 1 2 3 2 3 1 0 2 1 0 0 0 0 2 2 3 1 3 13 0 2 1 3 0 3 2 5 7 1 2 0 1
23113089 887 6 3 1 2 2 2 1 1 0 3 1 0 0 0 0 2 3 1 0 0 3 1 1 1 4 2 2 3 13 1 1 3 2 2
23113090 892 10 1 2 1 1 2 3 2 2 3 3 1 0 1 1 0 0 0 0 3 4 3 3 1 4 0 4 1 3 2 9 3 7 2 13 4 3 3
23113091 962 3 3 2 1 1 0 2 1 0 0 0 0 1 1 1 0 9 0 1 1 2 4 13 3 4 2 3 0 7 3 1
23113092 888 6 1 3 2 1 3 2 1 0 2 1 0 0 0 0 2 2 2 3 13 2 3 0 5 6 1 0 2 1 4 0 2 1 1
23113093 801 7 3 1 2 3 2 2 3 1 0 1 1 0 0 0 0 1 3 3 0 3 1 3 1 3 2 4 2 1 2 13 4 3 1 3
23113094 978 1 1 1 0 2 1 0 0 0 0 1 0 0 13 4 2 0 4 6 1 0 7 3 3 2 3 0 1 0
23113096 876 2 3 1 1 0 2 1 0 0 0 0 1 0 1 0 0 3 1 0 2 5 4 0 6 4 5 8 5 7 13
23113099 880 2 2 1 3 1 4 0.33333333333333331 5 0.33333333333333331 6 0.33333333333333331 1 1 0 0 1 0 3 0 2 7 2 0 0 4 4 1 4 4 13
23113101 851 7 2 2 1 1 1 3 3 1 0 3 1 0 0 0 0 3 2 2 2 0 2 0 1 4 3 0 13 5 7 2 4 6 3 1
23113102 878 6 1 2 3 2 3 1 1 0 1 1 0 0 0 0 2 2 2 0 4 2 13 1 1 7 3 0 3 2 0 3 0 2 0
23113104 713 9 3 1 1 1 2 2 2 1 3 1 0 3 1 0 0 0 0 4 3 2 13 6 5 0 3 5 4 0 3 5 3 2 3 3 0 0
23113105 886 9 3 3 2 2 1 2 3 2 1 1 0 1 1 0 0 0 0 2 4 3 3 1 3 0 3 4 5 0 13 7 3 2 3 2 1 1
23113106 966 6 1 3 3 3 2 1 1 0 3 1 0 0 0 0 2 1 3 2 7 9 3 1 5 2 1 1 5 2 13 0 2 0 0
23113107 842 6 2 1 3 2 1 2 1 0 2 1 0 0 0 0 2 3 1 0 0 9 1 3 8 3 0 1 7 4 0 3 13 6 0
23113108 774 0 1 0 1 1 0 0 0 0 0 0 0 7 3 1 4 2 13 3 4 0 3 5 4 3 0 2 0
23113111 1037 8 1 2 3 1 3 2 3 2 1 0 1 1 0 0 0 0 2 3 3 3 5 13 2 2 5 1 3 7 7 1 0 3 0 3 0
23113113 794 3 3 3 1 1 0 3 1 0 0 0 0 1 0 2 2 1 0 0 0 3 0 0 0 4 4 6 0 13 5 2
23113114 934 0 1 0 3 1 0 0 0 0 0 0 0 3 2 8 13 4 7 1 0 3 4 5 2 2 1 1 0
23113117 868 7 2 2 2 3 3 1 3 1 0 1 1 0 0 0 0 1 3 3 0 2 3 0 0 5 6 1 4 3 3 5 1 5 4 13
23113119 883 0 3 1 5 0.33333333333333331 6 0.33333333333333331 7 0.33333333333333331 0 0 0 0 0 0 1 3 3 4 5 0 0 7 6 0 2 3 13
23113120 963 6 3 2 3 2 2 2 1 0 3 1 0 0 0 0 0 4 2 3 13 4 0 2 4 6 3 3 1 1 3 1 0 1 1
23113121 898 2 1 3 1 0 1 1 0 0 0 0 1 0 1 0 6 7 13 3 4 6 3 0 4 2 1 2 0 2 0
23113122 880 7 2 1 3 3 1 3 2 1 0 1 1 0 0 0 0 2 2 3 0 0 2 0 0 3 1 4 7 4 3 3 2 6 4 13
23113123 896 9 3 2 1 2 1 2 1 1 3 1 0 3 1 0 0 0 0 4 3 2 13 3 1 2 4 7 3 4 3 3 5 3 0 5 2 3
23113125 961 5 1 2 3 2 1 1 0 1 1 0 0 0 0 2 2 1 1 2 5 13 0 7 3 4 3 4 3 3 0 2 3 0
23113126 1007 3 2 1 3 1 0 3 1 0 0 0 0 1 1 1 2 0 1 0 0 1 3 1 3 5 4 3 2 2 3 13
23113127 827 3 2 2 3 1 0 1 1 0 0 0 0 0 2 1 1 5 3 3 4 13 2 0 4 1 3 0 0 0 3 0
23113129 951 3 3 2 1 1 0 1 1 0 0 0 0 1 1 1 13 1 4 2 5 4 0 0 3 0 0 0 3 2 0 0
23113131 987 0 1 0 1 1 0 0 0 0 0 0 0 0 2 3 6 2 2 6 1 1 5 3 13 0 0 0 3
23113132 818 8 2 1 1 3 3 1 3 2 1 0 3 1 0 0 0 0 3 2 3 2 0 1 2 1 7 6 4 0 4 5 2 0 13 4 3
23113133 915 10 1 3 2 1 3 3 2 2 3 1 1 0 2 1 0 0 0 0 3 3 4 2 3 0 0 1 4 2 0 1 8 4 0 13 5 3 1
23113134 798 1 3 1 0 1 1 0 0 0 0 0 0 1 1 2 13 8 7 2 5 4 0 5 4 3 0 2 1 3
23113136 904 10 2 1 3 2 2 1 1 1 3 3 1 0 3 1 0 0 0 0 4 3 3 0 3 2 1 1 3 4 3 7 2 8 4 2 3 8 13
23113138 918 8 1 2 2 2 1 2 3 3 1 0 3 1 0 0 0 0 2 4 2 0 3 3 1 8 4 4 6 1 0 8 13 0 7 3 0
23113139 876 8 3 2 2 3 1 1 2 2 1 0 3 1 0 0 0 0 2 4 2 3 3 5 0 2 4 1 0 13 8 4 1 0 4 0 1
23113140 934 3 1 3 1 1 0 3 1 0 0 0 0 2 0 1 2 0 0 0 4 4 0 0 8 4 4 0 13 6 4 2
23113142 986 11 3 1 1 3 3 2 2 2 2 3 1 1 0 1 1 0 0 0 0 3 4 4 3 0 2 1 0 1 6 4 0 4 3 3 0 2 13 3
23113149 911 1 2 1 0 3 1 0 0 0 0 0 1 0 0 0 0 1 0 0 4 3 0 1 6 4 2 3 3 13
23113150 818 6 1 1 3 2 2 1 1 0 2 1 0 0 0 0 3 2 1 0 8 2 1 0 3 5 13 3 4 5 2 1 0 0 0
23113151 934 0 1 0 3 1 0 0 0 0 0 0 0 2 2 1 5 1 0 4 13 0 1 4 2 0 0 5 0
23113152 910 3 2 3 2 1 0 1 1 0 0 0 0 0 2 1 1 2 3 13 1 3 7 9 3 4 4 4 0 1 0 2
23113154 893 9 1 3 3 3 1 2 1 3 2 1 0 1 1 0 0 0 0 3 2 4 0 1 2 0 0 4 6 0 2 3 3 2 3 4 13 0
23113155 873 2 2 1 1 0 3 1 0 0 0 0 1 1 0 0 13 3 4 3 3 5 7 0 2 1 7 0 1 3 2
23113156 928 0 1 0 2 1 0 0 0 0 0 0 0 3 2 1 4 0 13 4 1 0 5 4 0 0 0 1 2
23113158 841 11 3 2 3 1 1 3 2 2 1 1 2 1 0 3 1 0 0 0 0 4 4 3 2 1 1 0 13 5 8 0 6 6 3 1 2 3 2 3
23113159 904 10 1 2 3 1 2 3 1 1 2 3 1 0 3 1 0 0 0 0 4 3 3 0 2 0 0 1 0 0 0 3 13 4 1 2 3 2 5
23113161 885 3 3 3 2 1 0 1 1 0 0 0 0 0 1 2 0 0 2 0 3 0 3 0 1 13 5 0 5 4 3 3
23113162 846 5 1 3 1 3 1 1 0 2 1 0 0 0 0 3 0 2 1 5 5 13 2 4 3 3 0 0 2 5 0 0 2 0
23113165 889 6 1 2 3 2 1 3 1 0 2 1 0 0 0 0 2 2 2 1 3 5 0 3 4 2 6 13 2 1 0 3 4 0 1
23113166 896 9 1 1 2 1 3 2 2 2 3 1 0 3 1 0 0 0 0 3 4 2 1 3 6 3 4 5 3 3 13 2 7 0 1 0 0 0
23113167 928 11 3 3 1 2 1 3 1 2 3 2 1 1 0 2 1 0 0 0 0 4 3 4 2 1 13 7 0 3 5 4 0 2 3 4 0 0 0 1
23113168 775 4 1 1 2 2 1 0 2 1 0 0 0 0 2 2 0 1 4 0 0 6 5 4 0 8 4 1 0 13 3 2 3
23113170 955 3 2 2 3 1 0 2 1 0 0 0 0 0 2 1 0 3 5 13 0 2 3 7 1 1 5 3 1 0 1 0
23113171 929 4 3 1 1 1 1 0 2 1 0 0 0 0 3 0 1 6 4 13 3 4 6 8 2 5 2 0 0 3 3 0 3
23113173 894 1 3 1 0 2 1 0 0 0 0 0 0 1 0 1 2 4 0 3 3 5 1 2 5 13 0 1 0 0
23113175 985 10 3 2 3 2 1 1 3 1 2 2 1 0 1 1 0 0 0 0 3 4 3 2 4 0 0 7 4 2 3 13 4 1 3 1 1 2 0
23113176 851 6 2 1 2 1 3 1 1 0 3 1 0 0 0 0 3 2 1 3 0 0 0 3 4 2 0 8 6 3 2 13 9 3 1
23113177 868 8 3 2 2 1 3 1 1 2 1 0 3 1 0 0 0 0 3 3 2 3 2 1 3 8 4 6 0 13 3 3 0 2 1 4 0
23113178 974 9 2 1 3 3 1 1 3 2 1 1 0 3 1 0 0 0 0 4 2 3 0 2 0 0 2 0 3 4 0 0 3 7 3 3 5 13
23113179 922 0 1 0 2 1 0 0 0 0 0 0 0 0 0 4 3 0 1 8 6 2 3 5 4 1 3 3 13
23113180 1016 6 1 2 1 2 3 2 1 0 3 1 0 0 0 0 2 3 1 2 1 13 1 6 4 7 3 1 1 2 2 3 4 0 0
23113181 967 1 2 1 0 1 1 0 0 0 0 0 1 0 3 5 6 4 0 5 7 8 0 2 13 3 1 3 0 3
23113184 876 11 2 3 1 2 3 3 1 3 2 2 1 1 0 1 1 0 0 0 0 3 4 4 3 5 1 0 3 2 6 3 1 7 4 2 0 3 13 4
23113187 1016 4 2 2 1 3 1 0 2 1 0 0 0 0 1 2 1 2 3 0 0 0 1 1 1 4 5 6 0 13 9 4 7
23113189 956 5 3 2 2 1 1 1 0 1 1 0 0 0 0 2 2 1 0 3 3 2 3 2 5 7 0 4 3 13 0 0 1 3
23113190 943 1 3 1 0 1 1 0 0 0 0 0 0 1 3 0 1 13 0 0 4 5 0 3 3 4 0 0 2 2
23113191 900 7 3 2 3 1 1 2 2 3 1 8 0.33333333333333331 9 0.33333333333333331 10 0.33333333333333331 2 3 2 4 1 4 4 13 3 2 3 0 7 2 1 0 3 0 1
23113192 809 5 3 2 2 3 2 1 0 1 1 0 0 0 0 0 3 2 13 7 5 0 6 5 1 1 5 6 3 3 0 2 1 0
23113194 985 10 2 3 3 1 1 1 3 3 1 2 1 0 2 1 0 0 0 0 4 2 4 3 3 2 2 4 1 6 3 0 1 9 13 0 0 3 2
23113195 913 0 1 0 3 1 0 0 0 0 0 0 0 0 3 2 0 0 1 1 0 4 4 3 3 13 6 2 0
23113196 910 3 2 2 3 1 0 3 1 0 0 0 0 0 2 1 0 0 8 1 0 3 5 4 1 1 6 4 2 5 4 13
23113202 988 9 1 1 3 2 3 1 2 1 3 1 0 2 1 0 0 0 0 4 2 3 4 3 13 0 4 4 4 0 6 7 3 0 2 6 0 3
23113204 937 10 2 1 3 1 2 3 2 1 1 2 1 0 3 1 0 0 0 0 4 4 2 0 0 3 0 0 3 6 4 0 3 5 8 3 3 4 13
23113205 917 1 1 1 0 1 1 0 0 0 0 1 0 0 3 6 3 2 13 8 2 3 5 4 7 0 1 2 4 0
23113206 899 8 2 2 1 1 3 3 3 2 1 0 3 1 0 0 0 0 2 3 3 0 13 1 3 3 2 4 3 1 3 4 3 0 0 1 2
23113207 890 5 2 1 3 3 1 1 0 3 1 0 0 0 0 2 1 2 0 5 2 1 1 4 5 2 0 4 13 2 3 3 2 1
23113208 864 3 3 1 1 1 0 3 1 0 0 0 0 2 0 1 2 13 4 2 0 3 3 3 0 1 5 0 0 0 0 2
23113210 883 7 1 3 3 2 2 1 1 1 0 3 1 0 0 0 0 3 2 2 0 4 3 0 3 1 2 2 6 7 8 0 13 3 3 3
23113211 742 8 2 3 2 1 3 2 1 1 1 0 3 1 0 0 0 0 3 3 2 0 4 3 3 0 4 4 13 0 5 2 4 3 1 4 0
23113212 906 1 1 1 0 3 1 0 0 0 0 1 0 0 7 13 4 4 7 4 5 2 0 4 3 2 0 0 0 1
23113213 718 3 2 2 3 1 0 1 1 0 0 0 0 0 2 1 0 3 0 2 3 5 1 1 4 4 1 0 13 2 3 0
23113216 988 0 3 1 6 0.33333333333333331 7 0.33333333333333331 8 0.33333333333333331 0 0 0 13 5 3 3 6 1 0 0 4 0 0 0 2 3 0 0
23113217 890 5 2 2 1 1 3 1 0 3 1 0 0 0 0 2 2 1 0 4 3 3 1 5 4 2 3 13 3 2 0 0 0 1
23113218 1057 2 3 1 1 0 1 1 0 0 0 0 1 0 1 4 4 13 0 5 0 6 2 0 2 1 0 0 0 0 2
23113219 848 5 2 2 1 1 1 1 0 2 1 0 0 0 0 3 2 0 2 0 1 4 0 5 4 7 0 4 6 13 0 0 3 3
23113220 823 4 1 2 3 1 1 0 1 1 0 0 0 0 2 1 1 13 8 3 0 3 7 3 2 4 6 4 0 5 2 0 3
23113221 833 1 2 1 0 3 1 0 0 0 0 0 1 0 0 3 1 4 1 5 6 13 0 0 4 4 0 0 2 4
23113223 920 5 3 3 3 1 2 1 0 2 1 0 0 0 0 1 1 3 2 3 4 1 4 8 5 1 0 7 13 3 1 2 6 3
23113224 835 3 3 2 1 1 0 3 1 0 0 0 0 1 1 1 3 2 1 3 6 7 13 3 5 3 3 0 0 1 0 2
23113229 943 0 1 0 3 1 0 0 0 0 0 0 0 0 0 1 0 2 2 4 3 6 13 2 0 1 2 1 1
23113231 813 6 3 1 1 2 3 3 1 0 3 1 0 0 0 0 2 1 3 0 4 1 3 2 4 5 1 0 3 13 2 1 2 2 3
23113232 901 5 3 3 2 1 3 1 0 1 1 0 0 0 0 1 1 3 1 2 5 3 0 13 6 3 4 2 2 4 0 0 1 3
23113238 790 11 3 3 1 3 2 3 1 1 2 2 2 1 0 1 1 0 0 0 0 3 4 4 0 1 0 3 0 3 4 5 2 8 3 7 1 3 2 13
23113239 882 8 3 2 2 2 1 1 1 3 1 0 2 1 0 0 0 0 3 3 2 0 0 1 5 0 1 4 3 4 2 4 3 3 13 8 4
23113241 843 11 1 3 3 1 3 2 1 2 3 1 2 1 0 2 1 0 0 0 0 4 3 4 4 3 0 0 1 8 3 0 8 13 5 3 3 6 3 2
23113242 925 0 1 0 1 1 0 0 0 0 0 0 0 1 4 0 4 2 5 6 1 0 4 2 3 0 2 4 13
23113243 924 3 1 2 1 1 0 3 1 0 0 0 0 2 1 0 2 2 3 0 6 13 0 3 1 4 3 1 5 0 0 2
23113244 923 8 1 2 2 1 3 2 3 1 1 0 3 1 0 0 0 0 3 3 2 4 4 2 0 4 1 13 0 3 5 2 3 0 0 0 1
23113247 837 0 1 0 2 1 0 0 0 0 0 0 0 2 4 4 5 0 6 13 1 1 0 3 2 0 0 1 0
23113248 901 8 3 2 1 1 3 3 2 1 1 0 3 1 0 0 0 0 3 2 3 0 0 3 2 2 1 2 1 0 3 6 5 0 13 3 5
23113250 875 10 2 1 3 3 3 2 3 1 2 1 1 0 1 1 0 0 0 0 3 3 4 13 1 5 0 3 4 7 2 2 6 3 0 1 5 0 2
23113251 762 5 1 2 3 1 1 1 0 3 1 0 0 0 0 3 1 1 1 1 0 0 2 4 3 0 4 13 5 2 5 2 2 4
23113253 915 6 3 2 1 1 1 2 1 0 3 1 0 0 0 0 3 2 1 2 13 3 0 5 4 3 0 1 4 3 0 0 8 2 3
23113255 878 7 1 1 2 1 3 3 3 1 0 2 1 0 0 0 0 3 1 3 3 4 13 0 3 3 1 0 4 6 3 2 3 2 4 0
23113256 1040 9 2 3 2 1 3 1 2 3 2 1 0 1 1 0 0 0 0 2 4 3 0 0 3 1 0 2 4 13 2 4 5 8 1 7 4 1
23113258 993 2 1 2 1 0 1 1 0 0 0 0 1 1 0 0 0 3 4 2 4 4 1 3 3 4 13 0 2 0 0
23113260 884 2 2 2 1 0 1 1 0 0 0 0 0 2 0 0 5 2 13 1 4 1 8 0 0 4 1 2 0 0 4
23113262 862 4 2 1 1 2 1 0 1 1 0 0 0 0 2 2 0 0 0 3 4 2 3 3 3 0 0 5 3 0 3 3 13
23113264 901 8 3 1 2 1 2 3 3 3 1 0 1 1 0 0 0 0 2 2 4 0 1 2 0 2 4 7 0 0 3 13 4 1 4 4 2
23113265 888 7 1 2 1 2 3 3 2 1 0 3 1 0 0 0 0 2 3 2 0 1 1 0 0 6 1 13 3 2 4 2 3 3 4 3
23113266 954 1 2 1 0 3 1 0 0 0 0 0 1 0 13 2 4 1 3 4 5 2 1 0 1 0 0 3 0 0
23113267 911 5 3 2 2 1 1 1 0 3 1 0 0 0 0 2 2 1 3 13 5 0 7 4 3 1 5 1 3 0 3 2 0 2
23113269 784 1 2 1 0 1 1 0 0 0 0 0 1 0 6 1 8 13 0 3 4 3 2 3 5 7 1 0 2 0
23113271 897 1 3 1 0 2 1 0 0 0 0 0 0 1 13 3 3 4 4 4 1 0 8 3 0 0 1 2 0 0
23113272 948 5 2 2 1 1 2 1 0 2 1 0 0 0 0 2 3 0 3 0 3 1 3 1 1 7 4 3 7 4 13 8 2 3
23113273 927 11 2 1 2 3 1 2 2 3 3 3 1 1 0 1 1 0 0 0 0 3 4 4 0 2 2 0 1 3 4 3 1 13 3 4 3 3 1 2
23113276 899 7 2 1 3 3 2 3 2 1 0 1 1 0 0 0 0 1 3 3 13 3 8 2 3 6 3 3 1 4 0 2 1 1 0 0
23113277 946 1 3 1 0 2 1 0 0 0 0 0 0 1 0 0 0 3 4 2 3 1 1 3 13 3 0 4 1 2
23113278 1042 4 2 2 3 1 1 0 1 1 0 0 0 0 1 2 1 0 0 0 2 6 3 0 1 7 4 5 0 13 7 3 0
23113279 985 1 3 1 0 1 1 0 0 0 0 0 0 1 0 5 8 13 2 5 6 5 1 3 3 3 0 0 2 0
23113280 851 5 1 1 3 3 1 1 0 2 1 0 0 0 0 3 0 2 0 2 0 0 3 0 0 0 2 5 7 0 13 3 4 3
23113281 836 5 2 3 1 1 2 1 0 2 1 0 0 0 0 2 2 1 13 4 1 7 9 2 1 3 4 4 4 3 1 0 2 0
23113283 829 0 1 0 2 1 0 0 0 0 0 0 0 4 3 1 1 0 3 8 13 2 7 3 3 3 4 3 4
23113284 942 0 1 0 3 1 0 0 0 0 0 0 0 1 0 0 1 0 0 0 2 0 2 13 5 0 5 5 3
23113285 974 6 3 2 1 3 2 3 1 0 1 1 0 0 0 0 1 2 3 2 3 4 2 1 4 3 3 1 3 6 13 0 3 0 0
23113286 882 8 2 2 3 1 1 3 3 2 1 0 1 1 0 0 0 0 2 3 3 3 0 0 0 1 3 7 2 1 4 3 2 13 4 2 1
23113287 836 11 1 3 3 2 2 1 2 3 2 1 1 1 0 3 1 0 0 0 0 4 4 3 0 0 8 0 4 4 4 2 7 1 5 1 4 13 2 0
23113289 820 3 1 2 3 1 0 3 1 0 0 0 0 1 1 1 0 2 3 0 1 0 5 3 0 1 4 3 2 4 5 13
23113292 906 6 2 2 3 2 3 3 1 0 1 1 0 0 0 0 0 3 3 13 4 3 1 7 5 4 3 4 3 1 0 0 1 0 2
23113293 831 7 1 1 2 3 3 1 2 1 0 3 1 0 0 0 0 3 2 2 0 0 3 4 1 0 4 13 2 3 4 2 0 4 7 3
23113294 728 11 1 1 3 2 3 2 2 3 2 1 3 1 0 1 1 0 0 0 0 3 4 4 13 3 2 3 3 7 4 4 4 1 0 0 3 3 0 0
23113297 944 0 1 0 2 1 0 0 0 0 0 0 0 0 1 5 4 0 3 5 6 0 4 2 13 3 0 1 0
23113299 986 4 1 1 3 2 3 1 4 0.33333333333333331 5 0.33333333333333331 6 0.33333333333333331 2 1 1 13 2 3 1 3 3 5 8 2 4 0 0 1 2 0 0
23113300 863 0 1 0 1 1 0 0 0 0 0 0 0 0 1 4 13 2 3 3 3 0 2 7 2 0 0 0 1
23113301 875 5 2 3 3 2 1 1 0 1 1 0 0 0 0 1 2 2 4 2 3 13 1 5 8 3 0 2 4 3 0 0 1 3
23113302 1009 5 3 2 1 2 3 1 0 1 1 0 0 0 0 1 2 2 3 2 13 3 2 5 5 1 4 4 0 1 0 4 0 0
23113303 843 4 2 3 1 1 1 0 2 1 0 0 0 0 2 1 1 2 7 6 1 1 5 0 13 0 4 5 3 0 0 0 2
23113306 953 4 2 3 3 3 1 0 2 1 0 0 0 0 0 1 3 0 3 0 0 2 3 5 0 1 13 3 4 3 1 1 7
23113307 951 8 1 2 3 3 2 2 1 2 3 1 5 0.33333333333333331 6 0.33333333333333331 7 0.33333333333333331 2 4 2 8 6 13 4 3 4 4 4 0 3 0 0 0 1 0 1
23113308 917 11 2 2 3 1 2 1 1 3 2 3 3 1 0 1 1 0 0 0 0 3 4 4 0 1 0 2 1 0 5 13 1 3 4 5 0 2 2 4
23113309 866 11 2 3 1 1 3 3 2 1 2 2 3 1 0 1 1 0 0 0 0 3 4 4 0 2 2 1 3 4 3 0 4 3 7 3 13 9 1 0
23113310 1018 9 3 2 1 2 1 1 3 3 1 1 0 2 1 0 0 0 0 4 2 3 0 2 0 0 0 0 4 0 3 1 2 0 5 13 6 3
23113313 796 9 1 2 3 1 3 2 1 3 1 1 0 2 1 0 0 0 0 4 2 3 3 0 0 0 0 0 0 6 2 1 2 3 0 4 5 13
23113315 825 2 2 2 1 0 2 1 0 0 0 0 0 2 0 0 3 1 0 13 3 1 1 2 4 6 1 4 3 3 4
23113316 881 10 1 3 2 1 1 2 3 2 1 3 1 0 3 1 0 0 0 0 4 3 3 1 0 2 2 7 6 2 0 13 4 0 0 8 3 1 3
23113317 913 1 2 1 0 3 1 0 0 0 0 0 1 0 3 13 4 3 1 7 4 1 8 0 0 7 0 0 2 3
23113319 908 6 2 1 3 2 1 2 1 0 2 1 0 0 0 0 2 3 1 0 3 5 1 0 0 5 6 1 1 13 2 0 1 4 2
23113320 880 7 3 2 3 2 1 2 1 1 0 1 1 0 0 0 0 2 3 2 0 0 0 3 0 0 1 0 2 4 5 4 3 6 13 4
23113321 853 8 1 3 1 2 3 3 2 1 1 0 2 1 0 0 0 0 3 2 3 0 5 1 0 3 2 8 2 4 4 13 3 4 5 4 1
23113322 946 3 3 1 1 1 0 3 1 0 0 0 0 2 0 1 13 3 2 3 3 1 4 1 2 5 2 2 3 0 0 0
23113323 845 0 1 0 3 1 0 0 0 0 0 0 0 13 1 4 0 2 5 3 0 1 5 2 0 3 4 2 1
23113324 939 7 1 3 2 3 2 2 3 1 0 1 1 0 0 0 0 1 3 3 2 1 0 0 1 3 4 3 0 8 5 3 5 3 3 13
23113326 892 0 1 0 3 1 0 0 0 0 0 0 0 13 1 3 0 5 1 2 3 3 3 0 0 2 3 0 0
23113327 934 0 1 0 2 1 0 0 0 0 0 0 0 2 3 0 0 13 1 3 0 6 4 7 3 4 3 0 1
23113328 843 9 1 3 2 3 3 1 1 2 2 1 0 1 1 0 0 0 0 3 3 3 2 3 1 3 13 2 0 3 3 5 7 1 2 4 3 0
23113331 896 8 2 3 2 3 1 1 1 3 1 0 1 1 0 0 0 0 3 2 3 4 13 3 2 1 8 5 2 4 2 0 0 0 3 0 0
23113335 825 6 2 3 2 1 1 1 1 0 2 1 0 0 0 0 3 2 1 3 3 2 13 1 3 2 4 4 2 5 3 1 4 1 3
23113336 869 5 2 3 2 2 3 1 0 3 1 0 0 0 0 0 3 2 1 0 0 0 5 4 3 0 13 5 3 1 6 1 0 0
23113337 872 6 2 2 2 3 3 1 1 0 1 1 0 0 0 0 1 3 2 13 5 3 3 3 8 3 1 3 4 6 3 4 3 0 0
23113338 768 7 3 1 3 1 2 2 3 1 0 2 1 0 0 0 0 2 2 3 13 3 0 0 1 3 4 2 4 3 1 3 0 0 1 2
23113339 1043 8 2 3 2 2 1 3 1 1 1 0 2 1 0 0 0 0 3 3 2 3 0 1 0 3 3 4 5 3 6 3 6 5 3 5 13
23113340 941 8 1 3 1 2 2 2 1 1 1 0 3 1 0 0 0 0 4 3 1 0 1 9 13 0 4 4 3 0 3 5 4 2 0 3 2
23113342 934 11 3 2 1 1 2 2 1 1 3 3 3 1 0 2 1 0 0 0 0 4 3 4 1 3 4 13 3 2 3 5 0 0 3 4 0 0 4 3
23113344 991 10 3 3 3 1 3 2 1 2 1 2 1 0 2 1 0 0 0 0 3 3 4 0 1 3 1 2 3 2 5 1 5 6 2 3 1 7 13
23113346 941 0 1 0 2 1 0 0 0 0 0 0 0 13 1 1 0 3 3 4 2 3 4 6 0 0 3 4 0
23113348 924 9 3 1 1 3 1 1 2 2 2 1 0 3 1 0 0 0 0 4 3 2 9 3 3 4 7 6 1 0 13 3 2 3 2 0 0 0
23113350 867 5 1 2 1 3 3 1 0 3 1 0 0 0 0 2 1 2 2 3 2 1 4 1 4 3 0 2 4 13 0 0 3 0
23113352 1046 3 1 3 2 1 0 1 1 0 0 0 0 1 1 1 0 3 2 2 2 0 4 7 3 1 6 4 0 1 3 13
23113353 902 4 3 2 3 2 1 0 1 1 0 0 0 0 0 2 2 13 1 1 2 3 5 1 0 5 6 8 0 3 2 0 0
23113358 815 2 3 1 1 0 3 1 0 0 0 0 1 0 1 0 0 1 2 3 3 3 0 2 5 3 0 13 7 4 0
23113359 923 9 1 3 2 2 1 1 1 2 3 1 0 3 1 0 0 0 0 4 3 2 13 1 3 0 5 2 4 3 5 4 3 0 0 2 0 3
23113360 814 8 3 3 2 2 2 3 1 1 1 0 3 1 0 0 0 0 2 3 3 0 2 0 0 0 4 1 1 0 2 5 3 1 3 3 13
23113361 943 10 1 2 1 3 3 2 2 3 1 2 1 0 1 1 0 0 0 0 3 4 3 3 4 13 1 0 2 4 5 0 0 6 7 0 0 3 4
23113362 938 4 2 2 3 2 1 0 3 1 0 0 0 0 0 3 1 1 0 0 0 1 3 0 0 4 6 0 1 4 4 13 8
23113363 807 4 2 1 2 2 1 0 2 1 0 0 0 0 1 3 0 0 0 0 1 5 1 13 4 0 1 4 2 1 3 3 3
23113366 940 5 2 1 3 1 2 1 0 1 1 0 0 0 0 2 2 1 0 0 0 3 3 3 0 0 0 6 6 3 2 4 7 13
23113368 1001 10 2 3 2 1 2 3 1 3 1 1 1 0 2 1 0 0 0 0 4 3 3 13 4 3 3 4 2 3 0 5 3 0 0 0 1 0 0
23113370 939 8 3 3 1 3 2 2 1 2 1 0 3 1 0 0 0 0 2 3 3 0 9 1 0 0 2 3 3 5 7 5 5 1 5 8 13
23113373 1046 5 2 1 3 3 2 1 0 3 1 0 0 0 0 1 2 2 0 0 0 3 1 1 2 0 8 1 4 4 13 8 4 2
23113377 895 10 2 3 1 1 2 1 3 3 2 1 1 0 3 1 0 0 0 0 4 3 3 3 4 1 1 2 2 5 13 0 3 4 6 0 0 4 2
23113378 1018 6 1 3 1 2 3 2 1 0 2 1 0 0 0 0 2 2 2 7 3 1 13 0 4 5 3 0 1 5 2 0 0 3 3
23113379 977 1 3 1 0 1 1 0 0 0 0 0 0 1 0 2 2 1 0 8 5 13 2 3 4 7 9 9 1 3
23113380 868 6 2 1 2 1 1 1 1 0 3 1 0 0 0 0 4 2 0 3 2 0 3 0 4 2 4 0 3 0 2 4 1 13 3
23113382 894 2 2 3 1 0 1 1 0 0 0 0 0 1 1 13 7 1 4 3 0 4 2 2 0 1 0 0 3 0 0
23113383 929 7 3 3 1 2 3 2 1 1 0 1 1 0 0 0 0 2 2 3 0 1 0 3 0 2 4 1 8 13 6 4 2 3 4 2
23113384 928 2 2 1 1 0 2 1 0 0 0 0 1 1 0 2 3 8 13 0 3 1 3 3 4 5 6 0 1 8 3
23113385 830 2 1 2 1 0 3 1 0 0 0 0 1 1 0 0 3 0 2 13 4 3 0 4 3 1 0 2 5 3 1
23113386 843 0 1 0 3 1 0 0 0 0 0 0 0 1 0 0 3 2 5 3 1 2 2 5 1 0 3 13 3
23113387 900 3 2 3 2 3 1 7 0.33333333333333331 8 0.33333333333333331 9 0.33333333333333331 0 2 1 3 9 0 0 13 0 3 1 3 5 1 3 1 2 0 0
23113388 703 11 2 3 1 2 1 3 1 2 1 3 2 1 0 3 1 0 0 0 0 4 4 3 13 4 1 0 3 3 5 0 3 6 7 2 3 5 0 3
23113389 890 4 3 1 1 2 1 0 2 1 0 0 0 0 2 1 1 3 8 6 13 0 3 5 6 0 2 0 4 0 0 0 1
23113390 948 2 1 1 1 0 3 1 0 0 0 0 2 0 0 8 3 3 2 3 13 0 0 6 3 2 0 4 2 4 1
23113391 909 9 3 3 2 1 1 2 2 1 3 1 0 1 1 0 0 0 0 3 3 3 0 0 0 2 3 2 3 8 0 13 5 6 0 4 4 1
23113392 1008 9 3 2 2 3 2 1 1 3 1 1 0 3 1 0 0 0 0 3 3 3 0 3 3 2 6 1 4 1 3 6 3 2 0 4 3 13
23113394 873 6 3 2 3 3 1 3 1 0 2 1 0 0 0 0 1 1 4 0 3 1 2 0 8 1 1 0 3 5 13 2 4 3 3
23113396 843 8 2 3 1 2 1 1 3 2 1 0 3 1 0 0 0 0 3 3 2 0 3 3 13 0 3 2 3 3 1 7 1 2 0 3 4
23113399 794 11 2 2 1 3 2 3 3 2 1 3 1 1 0 1 1 0 0 0 0 3 4 4 1 4 3 2 3 6 5 1 1 13 7 0 2 3 2 0
23113402 936 6 2 3 1 2 3 3 1 0 2 1 0 0 0 0 1 2 3 0 1 1 0 0 2 5 0 3 4 3 3 13 4 1 0
23113403 800 4 2 3 3 2 3 1 4 0.33333333333333331 5 0.33333333333333331 6 0.33333333333333331 0 2 2 1 0 0 0 2 5 1 1 13 6 3 2 4 1 0 3
23113406 871 0 1 0 1 1 0 0 0 0 0 0 0 0 3 0 0 2 3 3 2 0 3 4 1 0 13 5 4
23113408 932 7 2 1 2 2 1 1 3 1 0 2 1 0 0 0 0 3 3 1 3 4 0 0 1 6 4 3 13 3 0 0 7 0 0 0
23113409 902 1 3 1 0 2 1 0 0 0 0 0 0 1 1 0 2 0 1 1 3 2 2 5 13 0 4 7 4 1
23113410 843 8 1 1 2 2 1 3 3 3 1 0 1 1 0 0 0 0 3 2 3 0 3 5 3 0 3 5 3 2 4 13 3 2 7 8 4
23113412 929 1 3 1 0 1 1 0 0 0 0 0 0 1 0 1 1 13 0 3 2 6 0 6 5 4 2 3 0 2
23113413 818 11 1 2 2 2 1 3 3 3 2 1 3 1 0 1 1 0 0 0 0 3 4 4 2 0 0 0 1 1 13 4 3 3 2 5 0 4 4 4
23113415 975 5 1 1 2 1 3 1 0 1 1 0 0 0 0 3 1 1 4 3 0 0 2 7 3 0 8 4 2 2 13 7 3 0
23113416 873 2 3 3 1 0 3 1 0 0 0 0 0 0 2 2 13 0 7 4 7 6 0 1 5 5 0 1 3 2 0
23113418 926 9 3 1 1 1 3 2 2 2 1 1 0 2 1 0 0 0 0 4 3 2 0 0 2 6 0 1 5 3 3 3 8 3 0 5 3 13
23113419 800 5 2 1 3 2 1 1 0 3 1 0 0 0 0 2 2 1 3 2 2 3 8 7 3 3 6 3 1 8 3 1 4 13
23113420 951 1 3 1 0 2 1 0 0 0 0 0 0 1 0 0 2 3 1 1 5 4 0 7 9 4 0 4 8 13
23113422 999 4 1 3 2 1 1 0 2 1 0 0 0 0 2 1 1 0 2 0 1 13 7 3 0 5 5 0 0 3 1 2 3
23113424 963 5 3 1 2 1 3 1 0 2 1 0 0 0 0 2 1 2 2 0 0 0 5 0 1 0 3 5 1 0 13 3 5 2
23113425 830 10 1 1 2 3 3 1 2 3 1 3 1 0 2 1 0 0 0 0 4 2 4 13 9 2 2 3 4 4 0 3 5 6 1 4 3 0 0
23113427 883 8 3 2 1 1 2 1 2 3 1 0 3 1 0 0 0 0 3 3 2 13 9 4 3 5 4 3 0 2 3 0 0 0 0 1 0
23113428 872 2 3 2 1 0 2 1 0 0 0 0 0 1 1 2 0 0 0 1 3 1 3 3 5 3 1 4 13 0 0
23113429 1049 4 2 1 3 2 1 0 1 1 0 0 0 0 1 2 1 0 2 7 13 0 5 6 2 2 1 4 1 0 3 1 3
23113431 871 9 3 2 1 1 1 3 2 1 2 1 0 3 1 0 0 0 0 4 3 2 0 5 7 13 0 4 3 3 3 1 2 2 0 1 0 2
23113432 872 10 1 1 2 2 2 3 3 1 1 3 1 0 3 1 0 0 0 0 4 3 3 0 13 6 5 3 4 4 4 0 0 0 3 0 0 2 0
23113435 955 9 3 1 1 2 3 2 1 3 2 1 0 3 1 0 0 0 0 3 3 3 13 4 5 0 3 5 3 2 4 3 4 1 1 2 0 0
23113436 843 9 1 3 2 2 1 3 3 3 2 1 0 1 1 0 0 0 0 2 3 4 0 1 4 4 0 3 5 13 2 4 2 4 0 1 0 0
23113437 870 8 1 3 2 3 2 2 1 2 1 0 3 1 0 0 0 0 2 4 2 13 3 1 3 4 4 1 0 3 5 4 3 0 2 0 1
23113438 800 0 1 0 1 1 0 0 0 0 0 0 0 2 1 9 13 7 5 6 3 6 2 6 2 0 1 3 3
23113441 867 5 3 2 2 2 1 1 0 1 1 0 0 0 0 1 3 1 0 1 2 0 1 1 4 4 1 5 2 5 3 4 2 13
23113442 784 2 2 2 1 0 1 1 0 0 0 0 0 2 0 1 1 2 4 1 7 6 3 0 6 4 13 2 7 3 4
23113443 864 3 3 1 1 1 0 2 1 0 0 0 0 2 0 1 13 6 4 2 3 7 3 0 1 4 5 1 2 3 2 0
23113444 943 5 3 3 1 3 2 3 1 8 0.33333333333333331 9 0.33333333333333331 10 0.33333333333333331 1 1 3 3 3 3 13 0 2 6 6 0 0 3 3 0 0 0 1
23113446 870 9 3 3 2 1 1 1 3 1 2 1 0 2 1 0 0 0 0 4 2 3 0 0 0 2 3 0 1 3 0 5 3 13 0 4 2 3
23113447 798 9 1 2 3 1 3 2 2 3 1 1 0 2 1 0 0 0 0 3 3 3 0 1 0 3 2 6 1 0 4 6 2 0 4 13 1 0
23113449 790 8 2 2 3 1 3 1 1 2 1 0 3 1 0 0 0 0 3 3 2 8 6 4 2 5 13 0 1 4 5 3 0 4 0 0 0
23113450 900 5 1 3 1 2 2 1 0 2 1 0 0 0 0 2 2 1 0 2 7 13 4 4 9 1 3 6 4 3 1 0 3 0
23113451 1030 0 1 0 1 1 0 0 0 0 0 0 0 2 0 0 0 3 1 2 0 0 0 2 4 1 6 7 13
23113454 961 9 2 3 1 1 1 3 2 2 2 1 0 3 1 0 0 0 0 3 4 2 6 8 2 0 5 5 3 3 4 13 1 0 4 4 1 0
23113456 833 1 1 1 0 2 1 0 0 0 0 1 0 0 1 0 0 1 2 4 13 0 3 6 2 0 4 0 0 0
23113459 839 3 1 1 2 1 0 3 1 0 0 0 0 2 1 0 2 4 3 2 13 1 0 0 4 1 4 1 2 4 2 3
23113461 1022 1 2 1 0 2 1 0 0 0 0 0 1 0 1 13 0 0 4 4 6 0 4 4 3 1 0 0 3 0
23113462 964 8 2 2 3 1 2 3 1 1 1 0 2 1 0 0 0 0 3 3 2 3 1 5 13 2 5 4 3 0 3 1 3 0 0 0 3
23113463 882 4 2 3 1 2 1 0 2 1 0 0 0 0 1 2 1 0 0 3 1 1 3 2 1 6 13 4 0 3 5 9 5
23113464 870 1 3 1 0 1 1 0 0 0 0 0 0 1 2 2 3 3 1 13 3 0 4 3 1 4 0 0 0 2
23113465 833 1 2 1 0 1 1 0 0 0 0 0 1 0 3 0 1 3 3 2 3 2 3 5 4 1 13 3 3 0
23113468 1001 6 3 1 3 2 3 3 1 0 1 1 0 0 0 0 1 1 4 0 0 0 1 5 4 4 2 9 5 6 2 13 8 2 1
23113470 1019 10 2 2 1 2 1 3 2 3 3 1 1 0 1 1 0 0 0 0 3 4 3 13 0 1 0 5 6 7 1 7 5 5 3 2 6 7 2
23113472 763 11 2 1 3 3 2 1 1 3 3 1 2 1 0 2 1 0 0 0 0 4 3 4 0 1 1 2 3 3 4 13 4 6 3 1 3 2 2 3
23113473 823 4 3 1 1 2 1 0 3 1 0 0 0 0 2 1 1 0 3 0 2 1 2 4 0 2 7 3 0 13 6 5 1
23113474 822 3 1 3 1 1 0 3 1 0 0 0 0 2 0 1 0 2 3 0 2 4 9 1 0 4 5 2 3 13 7 3
23113476 966 2 3 2 1 0 2 1 0 0 0 0 0 1 1 13 4 3 0 7 4 7 2 3 5 1 0 1 7 1 0
23113478 960 7 2 1 3 3 2 1 2 1 0 3 1 0 0 0 0 2 3 2 1 7 2 1 1 5 3 7 4 13 4 2 0 1 2 0
23113480 962 4 3 3 1 2 3 1 6 0.33333333333333331 7 0.33333333333333331 8 0.33333333333333331 1 1 2 3 3 13 3 3 5 3 0 0 1 2 0 2 1 0 0
23113482 857 11 3 2 3 2 1 2 1 3 1 2 1 1 0 3 1 0 0 0 0 4 4 3 2 2 7 1 4 13 3 2 5 7 1 0 6 8 1 0
23113484 857 11 2 3 2 1 1 3 1 2 1 3 3 1 0 2 1 0 0 0 0 4 3 4 0 0 3 2 0 4 7 13 0 0 5 4 1 4 4 6
23113485 944 9 2 3 1 2 3 3 1 2 1 1 0 1 1 0 0 0 0 3 3 3 0 3 1 13 4 1 5 2 0 3 9 2 2 0 0 3
23113486 830 0 1 0 1 1 0 0 0 0 0 0 0 0 0 0 3 0 0 4 2 3 5 3 13 3 2 6 1
23113487 960 10 2 1 3 2 3 1 3 1 3 2 1 0 1 1 0 0 0 0 3 3 4 0 2 2 3 0 13 1 3 1 8 3 1 2 6 4 2
23113488 865 4 1 1 3 3 1 0 3 1 0 0 0 0 2 0 2 3 5 5 0 2 2 3 0 3 13 1 0 0 0 3 2
23113489 884 6 1 1 3 2 1 3 3 1 7 0.33333333333333331 8 0.33333333333333331 9 0.33333333333333331 3 1 2 2 1 0 0 3 4 13 0 1 2 4 0 3 2 2 3
23113491 874 11 2 3 3 1 1 2 1 2 1 3 3 1 0 2 1 0 0 0 0 4 3 4 5 4 1 0 8 6 3 2 13 7 4 1 2 1 2 0
23113493 984 10 1 3 3 2 2 2 1 2 1 3 1 0 1 1 0 0 0 0 3 4 3 0 3 0 0 2 3 0 2 9 6 3 0 13 1 4 1
23113495 767 10 2 1 1 2 3 2 1 3 3 2 1 0 1 1 0 0 0 0 3 4 3 3 2 0 0 0 4 13 1 0 2 4 3 1 3 3 3
23113496 987 2 3 1 1 0 2 1 0 0 0 0 1 0 1 13 9 3 1 3 3 7 1 2 2 5 2 0 0 1 0
23113497 747 6 1 1 2 3 2 2 1 0 3 1 0 0 0 0 2 3 1 1 2 0 6 0 0 8 3 1 4 5 3 0 5 6 13
23113498 898 11 2 1 3 1 1 2 2 3 2 3 1 1 0 3 1 0 0 0 0 4 4 3 3 1 3 0 13 7 4 1 3 6 2 2 3 0 0 0
23113499 993 11 2 2 1 3 1 2 3 3 1 1 3 1 0 2 1 0 0 0 0 4 3 4 0 7 4 1 2 5 1 2 13 4 5 0 4 3 3 0
23113500 814 4 3 3 2 3 1 0 2 1 0 0 0 0 0 1 3 0 0 1 8 0 0 4 3 0 1 5 7 3 3 13 4
23113501 807 8 2 3 1 1 3 3 2 2 1 0 1 1 0 0 0 0 2 3 3 1 0 0 0 0 5 3 2 2 1 5 2 1 3 3 13
23113502 950 7 1 3 2 1 3 1 1 1 0 3 1 0 0 0 0 4 1 2 0 0 0 2 3 3 7 2 0 3 4 2 0 13 4 7
23113503 872 11 3 2 1 2 3 1 2 2 3 1 1 1 0 3 1 0 0 0 0 4 4 3 13 4 2 4 4 4 5 3 1 3 1 0 0 2 0 0
23113504 936 9 3 2 1 1 2 3 3 1 3 1 0 2 1 0 0 0 0 3 2 4 7 7 5 1 0 0 1 13 4 5 2 6 0 0 2 3
23113505 820 1 1 1 0 2 1 0 0 0 0 1 0 0 2 1 0 3 0 4 5 2 0 1 4 3 0 2 1 13
23113506 1079 8 1 2 3 1 1 2 1 2 1 0 2 1 0 0 0 0 4 3 1 0 3 0 3 3 1 4 3 7 3 6 2 13 4 3 0
23113507 843 9 3 2 2 1 3 2 1 1 3 1 0 1 1 0 0 0 0 3 3 3 2 3 1 2 0 4 5 2 0 13 1 3 0 3 0 0
23113508 893 10 1 1 3 3 2 2 3 3 2 1 1 0 1 1 0 0 0 0 3 3 4 2 13 6 3 3 3 5 3 9 1 2 0 1 2 0 0
23113509 746 1 3 1 0 2 1 0 0 0 0 0 0 1 2 3 0 1 0 3 6 3 0 1 13 3 0 3 0 0
23113510 943 3 3 2 2 1 0 3 1 0 0 0 0 0 2 1 2 0 3 0 1 5 1 0 3 6 4 0 3 4 13 1
23113512 914 4 2 1 3 1 1 0 1 1 0 0 0 0 2 1 1 2 3 0 0 2 3 4 0 8 5 7 0 13 3 4 3
23113515 802 1 3 3 1 5 0.33333333333333331 6 0.33333333333333331 7 0.33333333333333331 0 0 1 13 5 3 0 4 3 4 0 3 5 2 0 2 1 0 1
23113516 760 1 1 1 0 1 1 0 0 0 0 1 0 0 3 0 0 0 3 2 5 2 5 6 1 4 13 6 3 2
23113519 950 11 3 2 1 1 3 3 2 2 1 1 3 1 0 2 1 0 0 0 0 4 3 4 3 6 1 3 2 1 13 2 4 3 3 3 5 0 3 0
23113520 897 9 3 3 1 3 2 2 2 2 1 1 0 3 1 0 0 0 0 2 4 3 13 3 2 1 1 5 2 0 1 6 4 2 1 0 1 0
23113522 1067 11 2 1 2 3 2 1 1 2 3 3 3 1 0 1 1 0 0 0 0 3 4 4 2 4 1 0 0 3 1 4 0 4 7 3 4 5 2 13
23113523 850 10 3 3 2 2 3 3 1 2 2 1 1 0 1 1 0 0 0 0 2 4 4 6 4 3 0 13 3 6 0 3 6 2 6 3 3 1 1
23113524 940 10 2 2 1 3 1 1 3 1 2 3 1 0 2 1 0 0 0 0 4 3 3 1 1 2 5 13 5 0 0 3 4 3 7 0 2 3 0
23113525 992 1 2 1 0 2 1 0 0 0 0 0 1 0 0 3 13 5 3 2 5 3 1 3 6 1 0 0 3 1
23113527 959 1 1 1 0 3 1 0 0 0 0 1 0 0 0 1 0 0 5 2 2 0 1 5 5 0 13 3 2 3
23113529 1006 7 3 1 1 2 3 2 1 1 0 3 1 0 0 0 0 3 2 2 1 3 0 0 7 2 3 2 3 3 5 2 13 6 1 0
23113531 1071 9 1 2 3 3 3 2 3 2 1 1 0 1 1 0 0 0 0 2 3 4 1 0 0 2 0 3 1 3 0 3 5 5 0 2 13 4
23113533 916 5 2 3 3 3 2 1 0 1 1 0 0 0 0 0 2 3 1 3 0 0 3 4 1 0 13 8 2 0 3 1 5 2
23113534 918 11 3 3 3 1 1 1 1 2 2 3 2 1 0 2 1 0 0 0 0 4 3 4 13 3 1 2 8 6 5 0 2 1 3 6 3 3 4 0
23113536 869 3 2 1 3 1 0 1 1 0 0 0 0 1 1 1 1 2 6 3 4 2 1 3 2 13 8 4 2 0 1 0
23113537 896 2 3 2 1 0 3 1 0 0 0 0 0 1 1 3 13 1 1 0 3 4 4 0 1 2 3 0 0 4 2
23113540 786 7 2 1 2 1 1 1 3 1 0 3 1 0 0 0 0 4 2 1 3 3 13 2 1 2 1 3 2 5 0 5 0 0 2 3
23113542 926 8 2 1 3 2 1 3 3 2 1 0 2 1 0 0 0 0 2 3 3 1 4 4 1 1 13 0 0 2 4 5 3 3 0 0 0
23113545 863 1 3 1 0 2 1 0 0 0 0 0 0 1 0 3 1 13 3 4 7 3 2 3 4 2 1 1 0 0
23113546 1011 1 2 3 1 4 0.33333333333333331 5 0.33333333333333331 6 0.33333333333333331 0 1 0 13 3 1 3 3 6 4 0 4 4 2 7 3 1 0 0
23113547 816 1 3 1 0 1 1 0 0 0 0 0 0 1 0 2 0 0 7 3 0 0 5 3 1 0 13 6 3 2
23113548 910 7 3 3 3 3 1 2 1 3 1 7 0.33333333333333331 8 0.33333333333333331 9 0.33333333333333331 2 1 4 0 0 0 2 0 5 0 1 4 1 2 3 2 3 5 13
23113549 812 4 1 2 1 3 1 0 3 1 0 0 0 0 2 1 1 0 1 2 4 4 13 3 1 2 4 6 3 3 3 7 2
23113550 851 8 2 3 3 3 1 1 1 2 1 0 1 1 0 0 0 0 3 2 3 2 0 0 0 3 3 0 3 1 3 5 0 13 2 5 2
23113551 868 5 3 1 1 1 2 1 0 2 1 0 0 0 0 3 1 1 13 3 3 0 4 3 2 2 3 6 4 1 3 4 4 0
23113552 865 9 1 2 1 3 3 1 2 3 2 1 0 3 1 0 0 0 0 3 3 3 2 0 1 1 4 1 5 3 6 1 2 2 13 4 2 8
23113553 971 5 2 3 3 1 1 1 0 2 1 0 0 0 0 2 1 2 0 1 0 0 0 3 2 0 5 4 2 3 5 1 13 0
23113554 888 10 1 1 1 2 2 2 1 3 2 3 1 0 3 1 0 0 0 0 4 4 2 0 0 3 0 4 3 0 2 8 7 4 0 13 4 1 0
23113555 928 11 3 2 1 1 1 2 2 3 2 3 3 1 0 1 1 0 0 0 0 3 4 4 2 3 6 1 3 4 13 0 3 0 0 0 1 0 3 2
23113558 876 9 2 2 1 3 3 1 3 2 1 1 0 1 1 0 0 0 0 3 3 3 4 3 4 2 3 13 1 2 4 0 2 5 1 0 3 0
23113561 865 11 2 2 2 1 3 1 3 3 1 1 2 1 0 3 1 0 0 0 0 4 4 3 3 1 0 0 3 3 3 3 6 5 9 2 13 4 8 5
23113563 988 7 1 3 1 1 2 2 3 1 0 3 1 0 0 0 0 3 2 2 0 1 3 0 3 2 6 3 0 3 3 3 2 13 5 3
23113564 975 6 1 3 3 3 2 2 1 0 2 1 0 0 0 0 1 2 3 1 5 8 3 6 7 3 0 3 1 13 0 0 0 0 3
23113567 955 10 3 1 1 3 2 1 2 2 3 2 1 0 1 1 0 0 0 0 3 4 3 0 3 1 1 1 8 7 2 3 3 4 13 2 3 2 4
23113569 927 8 3 2 1 1 3 3 2 2 1 0 3 1 0 0 0 0 2 3 3 2 3 0 0 1 1 4 1 5 2 2 1 13 5 3 0
23113570 940 9 1 2 1 1 3 2 3 3 3 1 0 2 1 0 0 0 0 3 2 4 13 2 2 1 4 5 7 3 4 6 1 0 3 3 0 0
23113571 1028 10 1 3 2 3 3 1 2 1 1 3 1 0 2 1 0 0 0 0 4 2 4 3 1 0 0 9 2 4 0 6 3 5 0 13 3 6 2
23113574 863 1 1 1 0 2 1 0 0 0 0 1 0 0 0 3 0 0 5 13 0 0 4 1 4 1 2 3 3 2
23113575 890 5 3 1 2 3 1 1 0 3 1 0 0 0 0 2 1 2 2 3 1 13 2 5 5 3 2 0 9 3 1 0 0 0
23113576 1041 10 3 1 2 3 3 2 1 3 2 1 1 0 2 1 0 0 0 0 3 3 4 3 0 2 0 4 1 0 0 4 7 3 0 13 4 3 1
23113579 887 6 3 3 2 2 3 3 1 0 1 1 0 0 0 0 0 2 4 0 2 0 1 1 4 1 0 2 3 2 4 1 13 4 0
23113580 910 4 3 1 3 2 1 0 3 1 0 0 0 0 1 1 2 13 6 3 1 1 5 3 1 2 3 2 6 2 0 0 0
23113581 907 2 1 2 1 0 3 1 0 0 0 0 1 1 0 3 3 7 13 0 5 4 8 0 9 2 3 0 0 0 1
23113582 912 1 1 1 0 3 1 0 0 0 0 1 0 0 0 13 1 3 2 5 3 2 1 3 2 8 0 0 4 3
23113583 909 11 2 2 1 1 3 3 2 1 1 2 3 1 0 3 1 0 0 0 0 4 4 3 0 0 2 3 1 1 0 5 0 5 1 4 0 2 13 2
23113584 992 6 3 1 2 2 2 1 3 1 8 0.33333333333333331 9 0.33333333333333331 10 0.33333333333333331 2 3 1 1 0 2 0 5 3 0 0 1 3 1 9 2 13 4 6
23113590 812 8 3 2 2 1 1 3 2 1 1 0 3 1 0 0 0 0 3 3 2 3 4 0 0 3 5 3 2 4 4 3 0 13 3 1 0
23113591 841 9 1 2 3 1 3 3 1 1 2 1 0 2 1 0 0 0 0 4 2 3 0 13 6 3 3 5 7 6 3 3 5 3 0 0 0 2
23113595 764 0 1 0 2 1 0 0 0 0 0 0 0 0 3 2 0 3 1 4 1 4 6 3 3 0 13 5 4
23113597 830 6 2 3 1 2 3 1 1 0 3 1 0 0 0 0 2 2 2 1 1 3 0 2 3 2 0 1 4 5 3 13 4 2 3
23113598 858 10 1 2 3 3 1 3 2 1 1 2 1 0 3 1 0 0 0 0 4 3 3 3 13 4 0 3 6 2 0 0 1 4 2 2 4 1 0
23113599 845 7 3 1 3 3 3 2 2 1 0 2 1 0 0 0 0 1 2 4 3 1 3 2 1 13 2 0 2 4 4 0 1 0 1 1
23113601 966 8 3 1 3 2 2 3 1 1 1 0 3 1 0 0 0 0 3 2 3 2 4 9 13 4 4 8 7 1 2 4 2 3 1 0 0
23113603 996 9 2 3 3 1 1 2 2 1 3 1 0 1 1 0 0 0 0 3 3 3 3 1 1 7 4 8 5 2 3 13 6 2 3 4 5 2
23113604 767 0 1 0 2 1 0 0 0 0 0 0 0 1 0 0 0 6 4 13 3 3 3 4 5 0 2 1 3
23113605 957 10 3 1 2 2 3 1 3 2 3 1 1 0 2 1 0 0 0 0 3 3 4 1 0 3 1 2 9 4 2 0 13 6 3 3 1 7 3
23113606 963 7 2 1 3 2 3 3 1 1 0 1 1 0 0 0 0 2 2 3 3 3 0 0 1 6 0 2 3 4 5 2 13 3 3 4
23113607 1000 6 1 1 3 3 2 3 1 0 2 1 0 0 0 0 2 1 3 13 3 2 1 3 4 2 0 1 3 4 2 3 5 1 0
23113608 952 2 2 3 3 1 7 0.33333333333333331 8 0.33333333333333331 9 0.33333333333333331 0 1 1 0 2 3 2 0 4 13 6 0 1 3 5 1 0 1 0
23113609 739 9 2 1 2 3 3 1 2 3 3 1 0 2 1 0 0 0 0 2 3 4 1 3 3 13 0 3 4 6 0 2 1 4 0 1 0 0
23113611 891 5 1 3 3 3 1 1 0 2 1 0 0 0 0 2 0 3 13 1 5 2 3 4 7 2 3 2 0 0 1 0 3 0
23113612 861 2 2 1 1 0 1 1 0 0 0 0 1 1 0 0 3 0 0 2 5 4 0 3 5 6 4 13 1 3 2
23113613 897 0 1 0 3 1 0 0 0 0 0 0 0 13 2 4 0 1 4 5 4 3 6 3 5 3 0 0 3
23113615 943 5 1 2 3 1 1 1 0 1 1 0 0 0 0 3 1 1 0 2 3 0 2 2 3 3 0 7 5 4 4 5 8 13
23113617 840 3 3 2 1 1 0 2 1 0 0 0 0 1 1 1 4 1 13 1 3 3 3 0 2 5 2 3 0 3 1 0
23113620 847 1 3 1 0 2 1 0 0 0 0 0 0 1 1 4 2 1 6 4 3 2 13 1 3 0 6 0 0 0
23113622 937 6 1 2 1 2 3 1 1 0 3 1 0 0 0 0 3 2 1 2 0 8 0 0 4 2 13 0 3 4 4 0 1 6 3
23113623 955 10 2 3 3 3 2 2 1 2 1 1 1 0 3 1 0 0 0 0 3 4 3 0 3 2 13 1 3 2 8 0 5 7 5 1 1 5 6
23113624 786 6 2 1 1 2 2 1 1 0 2 1 0 0 0 0 3 3 0 1 5 1 1 13 5 3 0 2 9 5 2 3 0 3 3
23113625 904 11 1 1 2 2 2 3 1 1 3 3 3 3 1 5 0.33333333333333331 6 0.33333333333333331 7 0.33333333333333331 4 3 4 1 6 3 2 13 2 1 3 3 3 5 0 2 0 0 0
23113626 902 1 2 1 0 1 1 0 0 0 0 0 1 0 1 13 5 3 3 2 4 2 0 4 4 0 0 0 3 1
23113627 926 0 1 0 2 1 0 0 0 0 0 0 0 0 1 1 13 2 5 1 4 0 3 8 2 0 3 0 3
23113628 889 9 3 2 3 1 2 1 1 2 1 1 0 3 1 0 0 0 0 4 3 2 1 4 3 4 8 7 3 8 4 6 7 0 2 13 5 2
23113630 1054 9 3 3 1 2 1 2 2 2 3 1 0 3 1 0 0 0 0 2 4 3 0 5 8 13 1 2 5 7 0 0 1 3 0 0 0 1
23113631 1019 4 3 3 2 2 1 0 1 1 0 0 0 0 0 2 2 3 5 7 13 0 1 5 2 0 0 4 4 1 0 0 0
23113632 822 3 1 1 2 1 0 2 1 0 0 0 0 2 1 0 1 2 0 0 3 3 0 0 0 5 4 3 4 6 6 13
23113634 934 7 1 1 2 3 1 3 2 1 0 2 1 0 0 0 0 3 2 2 2 0 4 4 0 3 4 6 0 4 1 13 0 0 0 3
23113635 833 1 1 1 0 1 1 0 0 0 0 1 0 0 3 4 2 3 2 3 3 4 13 3 6 0 1 0 2 0
23113636 1104 8 3 2 3 2 1 2 2 1 1 0 3 1 0 0 0 0 2 4 2 1 4 3 0 0 3 2 3 13 6 4 1 5 5 3 1
23113637 939 4 1 1 3 3 1 0 2 1 0 0 0 0 2 0 2 0 0 2 1 0 8 4 3 3 5 3 2 4 4 8 13
23113638 880 6 2 2 1 3 1 1 1 0 3 1 0 0 0 0 3 2 1 2 0 3 0 3 1 8 2 13 3 4 1 3 6 2 3
23113639 879 9 1 2 2 3 3 2 1 3 3 1 0 1 1 0 0 0 0 2 3 4 13 4 4 2 2 2 1 6 4 3 0 3 1 1 0 0
23113641 857 1 3 1 0 3 1 0 0 0 0 0 0 1 0 1 0 0 13 4 4 2 6 2 1 0 5 3 3 0
23113642 1011 5 1 2 2 1 3 1 0 1 1 0 0 0 0 2 2 1 2 4 0 0 3 4 5 2 13 3 1 2 3 3 1 0
23113644 881 6 1 1 2 1 2 3 1 0 1 1 0 0 0 0 3 2 1 3 0 4 3 5 1 2 0 1 13 2 2 4 7 3 2
23113647 1048 7 3 1 2 2 1 1 2 1 0 2 1 0 0 0 0 3 3 1 0 0 1 3 0 1 3 3 3 4 3 2 0 13 3 4
23113648 1018 8 3 2 1 1 3 2 1 2 1 0 3 1 0 0 0 0 3 3 2 3 1 0 2 8 5 3 3 2 6 8 1 4 3 13 0
23113650 875 9 3 1 1 2 3 1 2 3 3 1 0 2 1 0 0 0 0 3 2 4 2 4 0 0 3 3 0 1 4 6 5 0 13 7 6 0
23113651 839 6 2 3 1 1 3 1 1 0 2 1 0 0 0 0 3 1 2 13 2 4 3 5 4 6 0 1 8 4 2 0 0 0 3
23113652 941 2 2 3 1 0 1 1 0 0 0 0 0 1 1 1 6 3 2 13 8 8 3 1 2 1 5 2 3 0 4
23113653 995 10 2 1 2 3 1 3 1 3 2 3 1 0 2 1 0 0 0 0 3 3 4 1 3 0 1 6 3 5 3 13 6 2 0 6 4 0 0
23113654 863 7 3 3 2 2 1 1 1 1 0 2 1 0 0 0 0 3 2 2 0 3 0 1 0 5 6 0 3 4 8 2 0 3 13 3
23113655 746 4 1 3 1 1 1 0 2 1 0 0 0 0 3 0 1 6 2 4 13 3 7 2 3 0 2 1 5 0 0 0 3
23113656 877 7 3 1 2 2 1 1 3 1 0 1 1 0 0 0 0 3 2 2 13 2 4 0 3 3 2 2 4 5 8 4 7 1 3 0
23113657 1145 4 3 1 3 1 1 0 3 1 0 0 0 0 2 0 2 1 2 0 0 4 6 2 0 1 2 4 0 13 8 2 3
23113658 1046 5 3 3 2 2 1 1 0 2 1 0 0 0 0 1 2 2 2 0 0 0 1 3 7 1 7 4 8 1 13 6 4 3
23113659 914 4 2 1 2 3 1 0 1 1 0 0 0 0 1 2 1 0 0 4 3 0 3 6 2 3 3 7 8 1 4 8 13
23113660 749 3 2 2 1 1 0 3 1 0 0 0 0 1 2 0 1 0 0 0 0 0 2 4 1 4 6 5 3 5 3 13
23113663 938 6 3 2 2 3 3 2 1 0 3 1 0 0 0 0 0 3 3 6 13 3 1 5 5 4 1 2 1 0 0 3 0 1 0
23113664 812 0 1 0 2 1 0 0 0 0 0 0 0 0 0 3 0 1 5 0 3 1 2 3 7 5 3 13 4
23113670 795 9 3 3 1 3 2 1 2 2 1 1 0 3 1 0 0 0 0 3 3 3 0 2 1 0 4 3 3 3 0 0 2 13 1 3 3 4
23113671 978 8 2 2 2 3 2 1 1 1 1 0 3 1 0 0 0 0 3 4 1 0 2 4 13 1 4 6 7 3 1 3 3 3 3 0 0
23113672 997 8 1 2 1 1 2 1 2 3 1 0 2 1 0 0 0 0 4 3 1 0 3 0 0 0 2 4 0 3 5 4 3 3 13 1 4
23113673 896 6 1 2 3 3 1 2 1 0 2 1 0 0 0 0 2 2 2 5 2 0 0 2 13 4 1 3 1 3 1 5 0 3 0
23113674 835 11 1 1 2 3 1 1 2 2 3 3 2 1 0 3 1 0 0 0 0 4 4 3 0 5 4 4 0 0 1 2 1 4 13 4 2 0 0 0
23113677 1011 1 1 1 0 3 1 0 0 0 0 1 0 0 2 3 6 3 13 3 4 3 2 0 0 0 3 0 1 0
23113678 977 1 3 1 0 1 1 0 0 0 0 0 0 1 2 0 3 0 1 3 4 3 0 5 3 13 0 2 6 3
23113679 967 6 3 2 1 3 2 2 1 0 3 1 0 0 0 0 1 3 2 13 1 2 1 4 4 1 0 2 6 4 0 7 0 1 0
23113680 949 2 2 1 1 0 3 1 0 0 0 0 1 1 0 13 4 3 3 4 4 3 0 4 0 0 0 2 1 0 0
23113681 956 9 1 2 2 1 1 3 3 2 2 1 0 3 1 0 0 0 0 3 4 2 3 0 3 4 0 3 8 5 1 3 7 6 0 3 13 4
23113682 903 10 2 2 1 1 3 2 3 3 1 3 1 0 1 1 0 0 0 0 3 3 4 3 2 7 2 5 4 8 4 3 13 4 1 4 2 0 1
23113684 843 4 3 3 3 3 1 0 1 1 0 0 0 0 0 0 4 3 13 1 5 8 4 4 0 2 3 1 2 0 2 3 0
23113685 921 5 1 3 1 2 1 1 0 2 1 0 0 0 0 3 1 1 0 0 1 4 0 2 2 3 0 3 8 4 3 4 5 13
23113686 941 7 1 3 1 3 2 2 1 1 0 2 1 0 0 0 0 3 2 2 0 10 13 3 0 1 7 5 2 4 4 4 0 3 0 0
23113687 974 4 1 1 3 2 1 0 1 1 0 0 0 0 2 1 1 2 9 2 1 3 4 3 4 2 7 13 1 2 3 5 3
23113689 938 10 2 2 3 3 3 1 2 1 2 3 1 0 1 1 0 0 0 0 2 4 4 0 4 2 13 1 2 3 5 3 3 3 0 0 1 1 0
23113693 765 5 3 1 3 2 1 1 0 1 1 0 0 0 0 2 1 2 0 0 0 2 3 2 0 0 3 3 5 6 4 7 13 8
23113694 745 8 1 2 3 2 2 1 2 3 1 0 3 1 0 0 0 0 2 4 2 1 4 2 0 3 6 4 1 1 7 6 0 3 13 5 0
23113695 863 0 3 1 7 0.33333333333333331 8 0.33333333333333331 9 0.33333333333333331 0 0 0 2 0 3 3 0 1 1 3 3 5 4 3 0 13 3 2
23113698 913 4 3 1 1 2 1 0 2 1 0 0 0 0 2 1 1 1 5 13 0 3 5 2 1 1 2 3 0 2 9 0 0
23113700 904 2 1 3 1 0 3 1 0 0 0 0 1 0 1 2 3 13 1 4 5 4 6 2 1 5 4 0 0 2 0
23113701 970 4 2 1 3 2 1 0 3 1 0 0 0 0 1 2 1 0 4 7 13 3 4 5 4 2 1 8 4 0 1 0 0
23113703 837 10 2 1 2 2 1 3 3 1 1 3 1 0 3 1 0 0 0 0 4 3 3 4 3 3 0 6 13 1 2 7 5 2 3 3 6 3 0
23113704 847 11 2 1 3 3 2 2 1 3 1 2 1 1 0 3 1 0 0 0 0 4 4 3 0 4 3 13 2 3 5 1 3 2 3 0 0 0 0 1
23113705 1066 8 2 1 3 1 3 1 2 3 1 0 2 1 0 0 0 0 3 2 3 6 1 2 3 2 4 8 4 2 3 1 0 13 3 1 0
23113706 896 7 1 3 2 3 3 1 3 1 0 2 1 0 0 0 0 2 1 4 0 0 2 0 1 3 1 1 0 3 4 3 2 5 2 13
23113707 965 11 2 1 2 1 1 2 1 3 3 3 3 1 0 2 1 0 0 0 0 4 3 4 0 6 3 3 0 4 7 13 3 3 6 5 1 2 3 4
23113708 1191 1 1 1 0 2 1 0 0 0 0 1 0 0 0 2 0 0 3 13 3 1 3 2 4 2 1 4 1 3
23113709 896 1 2 1 0 2 1 0 0 0 0 0 1 0 3 3 0 0 3 1 5 4 0 1 4 8 0 1 2 13
23113710 949 4 1 2 3 3 1 0 3 1 0 0 0 0 1 1 2 0 6 0 4 2 0 3 3 0 1 3 4 0 3 3 13
23113711 859 11 1 1 3 2 2 3 3 2 1 1 3 1 0 2 1 0 0 0 0 4 3 4 1 0 4 2 2 3 5 1 2 6 4 0 1 4 13 0
23113712 972 5 3 1 1 2 3 1 0 1 1 0 0 0 0 2 1 2 0 13 5 4 2 3 8 4 0 2 5 2 0 0 3 1
23113713 917 1 2 1 0 3 1 0 0 0 0 0 1 0 1 3 5 13 0 2 5 3 0 4 3 4 0 0 4 1
23113714 943 0 1 0 2 1 0 0 0 0 0 0 0 0 0 2 3 1 3 6 1 1 3 2 3 13 5 3 0
23113716 887 1 2 1 0 1 1 0 0 0 0 0 1 0 4 5 13 3 2 3 4 3 1 6 0 0 0 0 3 0
23113717 1129 11 2 1 1 3 2 3 3 2 3 2 1 1 0 1 1 0 0 0 0 3 4 4 0 3 1 13 2 6 3 3 0 1 4 2 3 0 0 0
23113718 976 3 2 2 1 1 0 3 1 0 0 0 0 1 2 0 1 1 0 0 4 4 5 0 3 6 3 2 13 4 3 3
23113719 937 3 2 1 1 1 0 2 1 0 0 0 0 2 1 0 3 3 1 0 4 2 5 3 6 3 6 4 13 7 2 1
23113720 841 8 2 3 1 1 1 2 3 2 1 0 3 1 0 0 0 0 3 3 2 2 4 5 13 0 3 4 1 1 3 5 3 0 0 3 2
23113723 961 4 3 1 1 2 1 0 3 1 0 0 0 0 2 1 1 3 13 4 1 1 3 5 3 0 7 2 0 2 2 3 0
23113724 894 5 3 3 1 2 3 1 0 2 1 0 0 0 0 1 1 3 1 4 2 0 4 5 3 0 3 13 0 1 3 2 4 1
23113725 953 1 2 1 0 3 1 0 0 0 0 0 1 0 4 5 3 0 1 5 13 3 4 1 3 4 0 2 0 0
23113726 1059 6 1 1 3 3 3 2 1 0 2 1 0 0 0 0 2 1 3 0 2 3 1 1 6 4 2 0 1 4 4 2 0 3 13
23113727 1012 0 1 0 2 1 0 0 0 0 0 0 0 0 0 0 2 1 5 4 0 13 3 4 0 1 1 2 7
23113728 1092 8 1 2 3 3 3 2 1 2 1 0 2 1 0 0 0 0 2 3 3 1 4 1 5 0 5 5 13 0 0 7 2 0 0 0 1
23113729 862 8 2 2 1 3 3 2 1 3 1 0 2 1 0 0 0 0 2 3 3 1 5 4 0 1 7 3 2 9 3 0 0 13 3 3 1
23113731 954 6 2 2 3 1 2 3 1 0 1 1 0 0 0 0 1 3 2 6 3 4 13 0 3 4 1 3 6 1 3 0 0 0 2
23113732 916 7 2 1 1 2 1 3 3 1 0 3 1 0 0 0 0 3 2 2 2 2 0 0 1 3 1 0 3 6 3 0 3 4 13 2
23113734 907 3 2 2 3 1 0 3 1 0 0 0 0 0 2 1 4 0 1 0 2 0 0 3 5 13 1 0 4 4 1 0
23113739 796 5 2 3 2 3 3 1 0 1 1 0 0 0 0 0 2 3 1 4 8 0 4 3 8 3 6 2 13 0 3 1 2 1
23113741 963 7 1 3 1 2 2 2 2 1 0 3 1 0 0 0 0 2 4 1 0 3 1 3 3 2 5 13 0 5 3 1 0 4 1 3
23113744 934 1 1 1 0 3 1 0 0 0 0 1 0 0 13 4 3 4 2 3 5 2 0 3 0 0 0 1 0 0
23113745 822 11 2 1 2 3 3 3 2 3 1 1 2 1 0 1 1 0 0 0 0 3 4 4 3 3 4 1 3 13 4 6 6 4 2 0 7 0 0 0
23113746 1043 10 1 3 2 1 2 1 3 3 3 2 1 0 2 1 0 0 0 0 3 3 4 1 2 3 0 2 4 7 13 3 3 4 6 0 1 3 1
23113747 806 5 2 3 3 2 1 1 0 2 1 0 0 0 0 1 2 2 0 2 1 3 0 5 3 8 0 3 7 3 1 4 13 1
23113748 795 1 1 1 0 3 1 0 0 0 0 1 0 0 13 3 3 1 5 7 5 4 3 5 2 4 2 0 0 0
23113749 952 1 1 1 0 1 1 0 0 0 0 1 0 0 3 5 2 2 2 0 13 5 0 1 3 0 0 0 5 3
23113750 981 1 1 1 0 3 1 0 0 0 0 1 0 0 4 5 2 3 2 1 13 4 3 6 3 6 0 0 5 8
23113751 796 9 1 2 2 2 1 3 2 1 1 1 0 3 1 0 0 0 0 4 4 1 3 3 3 1 2 4 4 4 0 4 3 13 3 0 0 0
23113752 887 4 3 3 1 2 1 0 2 1 0 0 0 0 1 1 2 0 2 3 5 2 1 13 2 1 5 3 7 0 1 3 1
23113753 887 0 1 0 3 1 0 0 0 0 0 0 0 3 2 1 3 4 3 7 3 0 4 1 3 0 2 0 13
23113756 1044 5 3 2 1 1 3 1 0 3 1 0 0 0 0 2 1 2 2 0 0 0 0 1 1 0 6 3 13 0 2 5 4 2
23113757 1043 8 1 3 3 1 2 3 2 1 3 1 8 0.33333333333333331 9 0.33333333333333331 10 0.33333333333333331 3 2 3 0 3 0 3 0 2 3 4 2 5 13 5 1 4 4 4
23113758 962 4 1 1 2 2 1 0 2 1 0 0 0 0 2 2 0 1 3 1 5 0 0 13 4 2 3 4 3 0 3 0 7
23113759 914 5 2 1 3 2 3 1 0 1 1 0 0 0 0 1 2 2 13 5 3 4 2 4 1 2 3 1 3 0 3 0 0 0
23113760 881 5 2 1 3 2 2 1 0 3 1 0 0 0 0 1 3 1 3 1 1 0 4 5 1 0 4 3 2 0 13 4 3 3
23113764 855 10 1 2 1 3 2 3 3 1 2 3 1 0 1 1 0 0 0 0 3 3 4 0 3 3 2 2 1 1 13 0 3 3 3 0 3 5 2
23113765 909 3 3 1 2 1 0 3 1 0 0 0 0 1 1 1 4 5 4 13 5 4 4 2 0 1 1 3 0 0 2 0
23113766 893 1 3 1 0 2 1 0 0 0 0 0 0 1 1 4 1 13 0 1 6 2 0 0 3 2 0 0 2 1
23113767 982 3 2 2 3 1 0 3 1 0 0 0 0 0 2 1 2 0 4 3 1 3 1 6 0 5 4 3 0 13 1 6
23113768 754 11 2 3 1 2 1 1 3 3 2 1 3 1 0 2 1 0 0 0 0 4 3 4 1 4 2 0 4 13 0 0 1 4 2 4 3 2 0 1
23113769 1000 10 2 2 1 1 3 1 1 2 3 2 1 0 3 1 0 0 0 0 4 4 2 2 3 0 0 1 1 5 0 4 3 3 3 13 2 3 0
23113771 1004 2 2 3 1 0 1 1 0 0 0 0 0 1 1 1 3 13 0 2 6 1 0 0 5 4 2 0 0 3 0
23113773 867 1 1 1 0 2 1 0 0 0 0 1 0 0 13 1 4 1 2 5 3 2 3 4 1 0 2 7 0 0
23113774 878 11 3 1 1 3 1 3 2 2 1 2 3 1 0 2 1 0 0 0 0 4 3 4 13 6 3 3 3 5 5 0 1 2 3 1 2 0 0 0
23113775 931 3 1 2 1 1 0 1 1 0 0 0 0 2 1 0 0 0 2 0 1 4 13 0 5 4 4 2 2 4 4 0
23113777 984 10 1 1 2 3 3 3 1 1 3 2 1 0 2 1 0 0 0 0 4 2 4 2 0 0 0 0 0 1 4 2 4 6 4 3 3 3 13
23113778 991 11 3 2 3 2 1 1 1 1 3 2 2 1 0 3 1 0 0 0 0 4 4 3 0 2 5 13 0 5 3 9 1 3 0 1 2 4 0 0
23113779 1019 6 2 3 3 3 2 1 1 0 2 1 0 0 0 0 1 2 3 0 2 1 0 0 2 1 0 3 3 7 0 1 4 13 1
23113781 860 9 1 3 2 3 3 1 3 2 2 1 0 2 1 0 0 0 0 2 3 4 0 0 1 0 0 1 4 9 0 4 5 7 1 2 3 13
23113782 839 9 1 1 2 2 1 2 2 3 3 1 0 1 1 0 0 0 0 3 4 2 3 5 3 2 3 13 3 3 3 4 3 9 3 1 3 0
23113784 910 1 2 1 0 2 1 0 0 0 0 0 1 0 3 1 2 0 2 5 7 3 3 13 3 9 1 1 4 1
23113785 899 7 1 1 2 1 1 2 2 1 0 3 1 0 0 0 0 4 3 0 3 0 3 0 0 0 2 7 3 4 6 3 0 3 8 13
23113786 1007 6 1 2 2 3 1 2 1 0 3 1 0 0 0 0 2 3 1 1 3 4 9 3 5 6 7 0 4 2 13 0 1 0 0
23113787 784 11 3 1 2 2 1 3 1 1 2 3 3 1 0 2 1 0 0 0 0 4 3 4 3 5 5 3 1 3 7 6 0 1 2 13 3 0 2 0
23113790 846 1 3 1 0 3 1 0 0 0 0 0 0 1 2 6 2 0 5 2 2 0 1 1 3 4 3 1 13 1
23113791 872 6 2 3 3 2 2 3 1 0 1 1 0 0 0 0 0 3 3 4 0 0 0 1 4 1 0 6 4 1 2 13 4 3 0
23113794 959 9 3 1 2 3 1 1 2 1 3 1 0 2 1 0 0 0 0 4 2 3 0 3 0 0 2 1 0 1 0 4 7 2 2 4 5 13
23113796 920 10 3 1 1 2 3 2 3 1 2 2 1 0 1 1 0 0 0 0 3 4 3 4 13 2 1 3 0 4 7 3 2 1 0 3 0 0 0
23113797 844 4 2 1 1 3 1 0 2 1 0 0 0 0 2 1 1 3 4 0 0 2 3 0 0 2 5 4 1 13 1 5 3
23113798 866 11 1 1 2 3 2 3 3 3 1 1 2 1 0 2 1 0 0 0 0 4 3 4 0 4 1 3 0 13 5 2 1 2 4 1 0 4 4 2
23113800 794 3 1 2 1 1 0 2 1 0 0 0 0 2 1 0 13 7 2 0 7 5 3 3 1 1 0 0 0 0 2 0
23113802 843 7 3 1 1 2 3 2 2 1 0 3 1 0 0 0 0 2 3 2 0 13 1 3 0 3 4 4 1 3 5 8 0 3 2 3
23113803 772 11 2 1 1 2 1 1 3 3 3 2 2 1 0 3 1 0 0 0 0 4 4 3 4 6 3 5 3 0 13 1 0 3 2 3 0 2 0 1
23113804 1001 11 2 2 3 2 1 3 3 1 2 3 1 1 0 1 1 0 0 0 0 3 4 4 0 1 0 13 2 4 7 3 1 0 4 5 0 0 2 3
23113806 994 3 3 2 2 1 0 2 1 0 0 0 0 0 2 1 13 7 3 1 3 6 1 4 1 5 2 0 1 0 3 0
23113807 953 11 3 3 1 1 2 2 3 2 1 3 2 1 0 1 1 0 0 0 0 3 4 4 13 2 1 0 4 4 4 3 2 5 4 3 0 0 1 0
23113811 944 10 2 2 3 3 2 2 1 1 3 1 1 0 3 1 0 0 0 0 3 4 3 2 1 13 1 3 4 4 3 2 6 8 3 0 3 1 0
23113812 934 3 3 3 2 1 0 2 1 0 0 0 0 0 1 2 1 4 4 13 1 3 3 4 7 4 1 3 0 0 2 0
23113814 964 10 1 2 3 1 1 2 2 3 1 3 1 0 2 1 0 0 0 0 4 3 3 5 0 3 0 0 3 8 13 3 5 3 1 3 3 2 4
23113816 903 7 2 2 1 3 3 2 3 1 0 3 1 0 0 0 0 1 3 3 1 8 13 0 6 7 3 0 5 4 0 1 3 1 0 2
23113819 970 0 1 0 3 1 0 0 0 0 0 0 0 13 1 2 2 1 3 5 1 4 6 0 0 3 2 0 0
23113820 904 10 2 3 1 3 2 2 2 3 1 1 3 1 7 0.33333333333333331 8 0.33333333333333331 9 0.33333333333333331 3 4 3 0 3 1 0 13 5 0 0 4 1 2 3 2 9 3 1
23113823 1046 7 1 2 1 2 3 2 1 1 0 2 1 0 0 0 0 3 3 1 2 7 13 4 4 5 1 4 0 5 0 0 0 0 1 0
23113828 826 9 2 1 3 2 1 3 3 1 2 1 0 3 1 0 0 0 0 3 3 3 3 0 2 0 4 3 3 0 2 6 5 3 1 3 13 1
23113829 1032 1 1 1 0 3 1 0 0 0 0 1 0 0 0 0 1 0 3 4 6 2 2 2 5 8 0 1 3 13
23113830 947 3 2 2 3 1 0 1 1 0 0 0 0 0 2 1 0 4 6 13 0 1 5 3 2 4 7 3 1 0 3 3
23113831 970 11 2 1 3 3 3 2 3 1 2 1 2 1 0 1 1 0 0 0 0 3 4 4 0 4 3 13 0 2 1 4 0 4 7 5 2 1 0 3
23113832 989 2 3 1 1 0 2 1 0 0 0 0 1 0 1 2 2 0 0 1 5 4 5 1 4 5 7 0 4 13 7
23113833 816 7 3 2 1 2 3 1 1 1 0 3 1 0 0 0 0 3 2 2 3 4 3 2 1 6 13 3 0 3 0 1 0 2 2 0
23113834 964 3 1 3 1 1 0 2 1 0 0 0 0 2 0 1 13 4 0 2 4 5 3 1 5 3 0 0 0 0 2 0
23113835 685 7 1 3 3 2 2 1 2 1 0 1 1 0 0 0 0 2 3 2 0 0 1 0 3 4 3 2 3 7 8 3 4 5 13 0
23113837 928 10 2 2 1 2 2 3 3 1 3 1 1 0 3 1 0 0 0 0 3 4 3 1 0 0 1 7 2 3 4 13 6 2 1 2 5 5 1
23113838 856 5 2 1 3 1 3 1 0 2 1 0 0 0 0 2 1 2 0 0 3 2 0 3 4 3 1 0 4 1 0 3 2 13
23113841 852 9 2 1 2 1 3 2 2 3 1 1 0 1 1 0 0 0 0 3 4 2 4 3 13 3 3 8 3 0 3 5 0 0 0 0 3 0
23113842 915 4 3 2 3 2 1 0 1 1 0 0 0 0 0 2 2 1 3 13 6 0 2 6 4 0 0 3 4 0 0 1 3
23113843 866 11 1 3 3 2 1 2 1 2 3 3 1 1 0 2 1 0 0 0 0 4 3 4 0 0 0 2 0 3 5 1 3 2 7 8 1 0 4 13
23113844 902 10 3 1 3 2 1 1 1 3 2 3 1 0 2 1 0 0 0 0 4 2 4 2 3 4 5 0 7 3 2 0 3 13 5 1 3 7 3
23113845 845 9 2 1 2 3 3 2 1 2 1 1 0 3 1 0 0 0 0 3 4 2 13 4 4 1 4 7 0 3 3 3 3 0 3 0 0 0
23113847 893 8 1 2 2 1 1 3 3 3 1 0 3 1 0 0 0 0 3 2 3 0 2 4 2 2 3 4 5 1 6 4 1 0 13 7 5
23113848 1059 4 2 2 2 3 1 0 3 1 0 0 0 0 0 3 1 3 4 1 1 0 2 1 13 0 0 4 3 0 1 5 0
23113849 952 7 2 2 2 1 2 1 1 1 0 3 1 0 0 0 0 3 4 0 2 1 3 3 6 4 3 0 3 5 1 1 2 3 13 0
23113851 800 0 1 0 3 1 0 0 0 0 0 0 0 2 0 0 0 1 4 0 0 1 4 2 2 13 5 4 1
23113853 943 3 1 3 2 1 0 2 1 0 0 0 0 1 1 1 0 2 0 3 3 6 1 1 0 3 5 6 3 3 13 3
23113855 798 4 2 1 1 2 3 1 6 0.33333333333333331 7 0.33333333333333331 8 0.33333333333333331 2 2 0 13 5 5 0 5 3 1 2 1 4 3 0 0 2 0 0
23113856 899 0 1 0 1 1 0 0 0 0 0 0 0 4 4 5 3 7 1 2 2 13 7 3 3 0 2 1 0
23113859 827 1 1 1 0 2 1 0 0 0 0 1 0 0 0 0 2 1 0 0 6 3 3 6 2 4 3 4 13 1
23113860 937 8 3 1 2 3 3 2 2 3 1 0 2 1 0 0 0 0 1 3 4 3 1 0 0 13 3 3 1 3 5 3 1 1 2 0 0
23113862 1000 3 1 3 1 3 1 8 0.33333333333333331 9 0.33333333333333331 10 0.33333333333333331 2 0 1 0 0 2 2 0 0 6 3 3 1 0 4 0 2 5 13
23113863 916 4 1 1 3 2 1 0 1 1 0 0 0 0 2 1 1 0 0 2 0 5 0 3 3 2 1 6 0 2 13 4 3
23113864 868 8 2 2 1 1 1 3 3 2 1 0 2 1 0 0 0 0 3 3 2 3 0 0 3 1 3 13 1 2 5 4 4 0 2 1 3
23113866 1018 5 3 1 2 3 3 1 0 2 1 0 0 0 0 1 1 3 9 0 0 0 2 4 5 13 0 6 4 4 1 0 0 1
23113867 827 4 3 3 2 2 1 0 2 1 0 0 0 0 0 2 2 1 5 13 0 1 4 2 0 1 4 3 3 0 0 1 0
23113868 978 5 1 2 2 2 1 1 0 3 1 0 0 0 0 2 3 0 0 1 0 2 0 3 3 4 3 5 13 1 4 3 4 3
23113869 822 8 1 1 1 2 2 2 3 3 1 0 1 1 0 0 0 0 3 3 2 4 3 13 3 3 1 2 6 0 4 0 4 0 0 2 0
23113871 812 9 2 1 2 3 3 1 3 1 2 1 0 1 1 0 0 0 0 3 3 3 0 3 3 4 0 2 5 5 2 13 3 1 0 0 0 3
23113873 1021 3 1 3 1 3 1 7 0.33333333333333331 8 0.33333333333333331 9 0.33333333333333331 2 0 1 2 6 6 3 2 13 0 1 5 5 4 1 2 2 0 0
23113874 922 5 2 2 1 3 3 1 0 2 1 0 0 0 0 1 2 2 1 3 5 1 2 13 5 1 1 5 7 2 0 3 0 3
23113875 899 11 2 3 1 2 1 3 1 1 3 3 2 1 0 2 1 0 0 0 0 4 3 4 6 5 13 0 3 5 4 0 0 7 4 0 0 0 2 1
23113876 900 10 1 2 3 1 3 2 1 2 2 3 1 0 3 1 0 0 0 0 3 4 3 0 1 0 0 0 2 13 3 7 2 1 3 1 3 3 5
23113877 936 5 1 1 1 3 2 1 0 2 1 0 0 0 0 3 1 1 0 3 3 0 2 2 6 3 13 3 4 2 1 4 1 0
23113878 956 1 3 1 0 2 1 0 0 0 0 0 0 1 0 3 0 1 0 7 1 0 0 13 4 3 3 2 4 5
23113879 879 2 1 3 1 0 1 1 0 0 0 0 1 0 1 3 5 1 9 0 6 5 3 3 2 13 2 0 3 0 2
23113880 910 2 2 2 1 0 1 1 0 0 0 0 0 2 0 0 0 8 2 2 5 6 6 1 1 8 13 1 3 4 3
23113882 952 2 3 1 1 0 2 1 0 0 0 0 1 0 1 4 1 13 0 1 4 8 3 2 3 2 0 0 0 3 3
23113883 975 1 3 1 0 2 1 0 0 0 0 0 0 1 2 0 1 4 0 3 4 3 0 5 13 4 0 0 1 3
23113884 990 8 3 1 3 1 2 3 1 2 1 0 2 1 0 0 0 0 3 2 3 0 4 7 13 3 3 4 7 0 4 1 3 0 0 0 2
23113885 914 2 1 2 1 0 3 1 0 0 0 0 1 1 0 3 1 0 0 7 6 2 2 8 1 3 0 13 7 4 0
23113887 909 9 2 1 2 3 3 2 3 1 3 1 0 1 1 0 0 0 0 2 3 4 4 1 8 13 0 7 5 6 1 2 3 4 0 0 0 2
23113888 1052 9 2 3 1 1 1 2 2 2 3 1 0 3 1 0 0 0 0 3 4 2 0 3 4 1 1 4 3 0 0 13 2 3 0 0 3 0
23113889 1023 8 2 2 1 2 1 3 3 3 1 0 1 1 0 0 0 0 2 3 3 2 0 3 0 3 3 1 0 3 6 5 1 13 3 2 3
23113890 846 1 2 1 0 1 1 0 0 0 0 0 1 0 2 6 1 13 3 3 6 4 0 0 7 3 0 0 0 3
23113891 929 6 3 3 1 2 1 3 1 0 2 1 0 0 0 0 2 1 3 1 3 3 3 4 4 3 1 7 2 3 13 0 0 0 2
23113892 957 6 1 1 2 3 1 2 1 0 3 1 0 0 0 0 3 2 1 3 4 13 0 3 5 3 2 0 4 4 0 3 3 0 0
23113893 738 2 2 3 3 1 4 0.33333333333333331 5 0.33333333333333331 6 0.33333333333333331 0 1 1 3 1 0 1 2 2 5 3 0 1 5 13 1 3 5 2
23113894 850 8 3 3 1 1 1 2 2 2 1 0 2 1 0 0 0 0 3 3 2 3 5 13 0 3 3 3 3 0 4 2 0 1 1 0 0
23113895 897 6 2 1 3 2 1 2 1 0 2 1 0 0 0 0 2 3 1 13 4 1 1 7 7 4 3 3 0 4 0 3 0 0 0
23113897 919 8 1 3 3 2 3 1 2 1 1 0 1 1 0 0 0 0 3 2 3 0 8 0 1 2 5 2 4 0 5 7 13 0 0 2 0
23113898 960 0 1 0 1 1 0 0 0 0 0 0 0 13 1 4 2 6 6 4 2 3 4 3 0 0 3 3 0
23113899 871 5 2 3 2 3 1 1 0 1 1 0 0 0 0 1 2 2 3 1 4 7 5 4 5 9 8 7 2 13 2 3 1 0
23113900 1060 10 1 2 2 3 1 2 3 1 3 2 1 0 3 1 0 0 0 0 3 4 3 3 2 13 1 3 2 1 0 2 4 5 1 1 3 4 0
23113901 883 3 1 1 3 1 0 2 1 0 0 0 0 2 0 1 0 0 0 2 0 3 1 5 2 3 6 5 3 3 5 13
23113902 966 6 3 3 2 2 2 2 1 0 3 1 0 0 0 0 0 4 2 0 5 2 1 1 13 2 6 3 6 3 1 1 1 1 3
23113904 850 8 1 1 3 3 2 2 3 2 3 1 8 0.33333333333333331 9 0.33333333333333331 10 0.33333333333333331 2 3 3 0 0 2 0 0 1 0 3 1 4 6 13 4 5 3 3
23113905 916 9 3 1 2 1 2 2 3 3 3 1 0 1 1 0 0 0 0 2 3 4 13 5 3 4 2 4 3 2 3 3 3 0 1 1 0 0
23113907 939 0 1 0 1 1 0 0 0 0 0 0 0 3 1 2 3 3 3 3 2 0 5 8 13 3 0 4 0
23113908 935 5 2 1 3 1 3 1 0 3 1 0 0 0 0 2 1 2 1 9 0 0 8 3 3 2 5 6 3 2 1 2 7 13
23113909 868 10 3 1 1 3 1 2 3 2 2 3 1 0 2 1 0 0 0 0 3 3 4 1 13 4 1 0 3 4 1 0 2 6 1 0 0 2 2
23113910 876 1 3 1 0 1 1 0 0 0 0 0 0 1 2 7 1 0 1 3 4 0 3 5 4 3 3 13 2 2
23113911 912 8 1 2 1 3 2 3 2 1 1 0 3 1 0 0 0 0 3 3 2 1 1 0 0 2 5 3 2 4 1 3 4 3 13 2 0
23113912 924 5 2 1 3 3 2 1 0 3 1 0 0 0 0 1 2 2 2 0 0 0 3 1 3 1 3 4 4 0 13 4 3 0
23113914 873 4 2 1 2 2 1 0 3 1 0 0 0 0 1 3 0 4 0 0 1 5 0 4 7 1 4 7 0 3 13 4 3
23113915 773 6 1 1 2 3 1 2 1 0 3 1 0 0 0 0 3 2 1 13 5 9 0 4 3 5 2 0 3 1 0 0 2 0 0
23113919 1007 6 3 1 2 1 1 3 1 0 2 1 0 0 0 0 3 1 2 3 0 0 0 3 13 3 1 5 4 2 0 7 6 2 3
23113920 834 9 1 2 2 3 3 1 3 3 1 1 0 2 1 0 0 0 0 3 2 4 1 2 2 2 1 1 5 2 0 1 1 13 0 0 5 2
23113922 963 8 1 1 3 3 3 2 2 1 1 0 2 1 0 0 0 0 3 2 3 1 4 2 3 0 1 13 3 2 5 2 4 0 3 0 1
23113923 924 10 2 1 2 2 2 3 3 3 3 1 1 0 1 1 0 0 0 0 2 4 4 13 5 3 0 8 5 4 0 4 6 3 1 3 0 3 0
23113927 794 4 2 2 3 1 1 0 3 1 0 0 0 0 1 2 1 13 2 4 0 1 4 4 1 6 3 0 0 4 0 0 0
23113929 853 7 1 3 1 2 3 3 1 1 0 2 1 0 0 0 0 3 1 3 2 4 1 4 6 5 3 1 13 4 5 2 3 2 7 6
23113930 869 1 1 1 0 3 1 0 0 0 0 1 0 0 0 2 3 1 3 4 5 6 0 13 3 2 3 3 0 4
23113934 924 8 2 1 1 2 1 3 2 3 1 0 3 1 0 0 0 0 3 3 2 0 0 3 0 4 3 7 2 2 5 3 1 13 3 1 0
23113935 883 11 3 1 2 2 3 2 3 2 1 3 1 1 0 1 1 0 0 0 0 3 4 4 1 0 0 2 2 0 4 5 0 3 3 6 4 4 13 1
23113936 833 0 1 0 3 1 0 0 0 0 0 0 0 1 3 2 3 13 5 2 0 1 3 5 3 0 1 2 0
23113937 749 5 3 2 3 1 1 1 0 2 1 0 0 0 0 2 1 2 2 1 0 3 0 3 2 4 1 3 4 7 0 0 3 13
23113938 953 1 1 1 0 2 1 0 0 0 0 1 0 0 0 2 0 0 0 3 4 1 0 3 5 3 7 4 3 13
23113940 812 11 2 1 2 3 3 1 2 1 2 3 3 1 0 1 1 0 0 0 0 3 4 4 0 0 0 3 1 1 5 0 2 3 4 2 13 6 3 3
23113943 928 9 1 2 3 2 3 2 3 2 1 1 0 1 1 0 0 0 0 2 4 3 1 13 3 2 3 3 4 0 5 3 3 1 6 0 3 0
23113944 929 6 2 1 3 1 3 2 1 0 3 1 0 0 0 0 2 2 2 4 3 1 0 2 3 5 6 13 1 3 3 0 3 2 0
23113945 912 10 1 3 2 2 3 1 3 1 2 3 1 0 1 1 0 0 0 0 3 3 4 2 8 4 3 2 3 5 1 3 2 3 1 2 1 3 13
23113946 810 7 2 1 3 1 2 3 1 1 0 2 1 0 0 0 0 3 2 2 3 13 3 7 1 2 5 1 5 3 2 0 3 3 0 0
23113949 881 1 2 1 0 1 1 0 0 0 0 0 1 0 0 1 0 3 0 0 4 4 3 3 5 2 4 1 13 2
23113952 931 10 1 1 1 2 2 3 3 3 1 2 1 0 2 1 0 0 0 0 4 3 3 0 3 1 13 2 3 8 3 0 2 4 3 3 3 1 3
23113955 1029 9 3 1 1 1 3 2 1 3 2 1 0 2 1 0 0 0 0 4 2 3 0 0 0 2 3 1 4 4 6 5 4 2 0 3 4 13
23113956 965 2 1 3 1 0 2 1 0 0 0 0 1 0 1 0 0 3 0 3 3 0 1 3 4 2 3 13 6 4 0
23113959 825 6 3 1 2 2 2 3 1 0 1 1 0 0 0 0 1 3 2 0 13 6 8 3 7 5 2 0 3 4 1 0 0 4 1
23113960 814 10 1 3 3 1 2 1 3 1 3 2 1 0 2 1 0 0 0 0 4 2 4 5 13 4 5 0 5 4 1 0 3 2 0 2 0 0 0
23113961 850 9 2 3 3 3 2 1 3 1 2 1 0 2 1 0 0 0 0 2 3 4 1 2 5 13 0 2 5 3 0 1 3 1 0 0 4 1
23113965 941 8 1 3 1 1 3 2 2 3 1 0 2 1 0 0 0 0 3 2 3 0 0 3 1 13 3 2 0 4 4 4 3 1 2 7 3
23113966 962 3 1 3 2 1 0 1 1 0 0 0 0 1 1 1 3 0 0 0 2 0 2 0 3 4 4 0 13 1 3 3
23113969 909 7 2 3 2 3 2 1 3 1 0 1 1 0 0 0 0 1 3 3 4 13 4 5 3 4 3 3 3 5 0 0 1 0 0 0
23113970 989 4 1 3 1 2 1 0 2 1 0 0 0 0 2 1 1 3 7 6 2 1 13 5 3 0 0 3 0 0 0 1 2
23113974 1089 6 1 1 1 3 2 2 1 0 2 1 0 0 0 0 3 2 1 1 0 0 0 3 2 3 0 3 1 5 4 2 4 13 3
23113975 924 6 2 2 1 3 2 3 1 0 1 1 0 0 0 0 1 3 2 0 6 5 4 8 2 13 3 0 3 3 1 0 1 3 0
23113976 1018 9 1 2 3 3 3 2 1 2 2 1 0 3 1 0 0 0 0 2 4 3 13 3 5 3 0 2 3 3 1 5 8 3 0 1 1 0
23113978 931 6 1 2 2 2 1 1 1 0 3 1 0 0 0 0 3 3 0 4 2 3 13 3 8 1 3 0 0 5 5 3 0 3 0
23113979 819 11 2 1 1 1 3 2 2 3 2 3 3 1 0 1 1 0 0 0 0 3 4 4 1 13 4 3 5 7 3 1 3 3 5 2 2 0 6 0
23113980 856 2 2 1 1 0 2 1 0 0 0 0 1 1 0 0 3 0 0 0 0 0 3 3 4 4 13 0 1 5 3
23113981 914 10 1 1 3 2 1 1 2 3 2 3 1 0 2 1 0 0 0 0 4 3 3 3 6 4 3 1 3 13 3 3 0 4 4 2 0 3 0
23113983 866 3 1 3 2 1 0 3 1 0 0 0 0 1 1 1 3 3 3 0 2 4 6 3 13 3 1 1 0 2 0 0
23113984 948 8 1 2 1 2 1 3 2 2 1 0 3 1 0 0 0 0 3 4 1 3 4 3 3 0 3 6 13 0 4 3 3 0 6 0 1
23113985 951 8 2 1 2 1 1 3 1 2 1 0 3 1 0 0 0 0 4 3 1 3 8 5 3 1 8 3 2 3 2 13 0 5 3 0 0
23113987 1044 9 1 2 2 1 3 1 3 2 1 1 0 3 1 0 0 0 0 4 3 2 3 0 0 2 2 2 5 1 0 5 3 5 0 1 3 13
23113988 941 11 3 2 3 3 1 2 1 1 2 1 2 1 0 3 1 0 0 0 0 4 4 3 3 3 0 0 13 0 0 0 3 6 1 3 2 3 0 0
23113992 858 11 3 2 2 1 2 1 2 3 3 3 1 1 0 1 1 0 0 0 0 3 4 4 0 3 4 3 1 4 2 0 2 8 4 0 5 13 1 0
23113993 1063 10 2 3 2 1 3 2 2 3 1 3 1 0 1 1 0 0 0 0 2 4 4 13 5 5 1 3 4 0 0 3 2 1 0 0 2 1 0
23113994 902 5 2 3 1 2 3 1 0 2 1 0 0 0 0 1 2 2 4 7 1 3 4 3 6 13 0 0 2 1 0 1 0 0
23113995 867 8 2 1 2 1 3 3 3 3 1 0 1 1 0 0 0 0 2 2 4 2 2 0 0 4 0 1 0 3 13 2 0 4 3 1 3
23113996 842 9 2 2 1 3 2 1 3 3 3 1 0 1 1 0 0 0 0 2 3 4 0 0 2 1 0 0 4 3 2 4 1 2 6 3 1 13
23113997 843 5 1 3 2 3 1 1 0 2 1 0 0 0 0 2 1 2 2 4 4 13 0 7 6 6 1 1 4 5 0 0 0 2
23113998 909 6 2 2 3 2 1 1 1 0 1 1 0 0 0 0 2 3 1 0 0 6 1 1 3 5 3 2 3 4 13 2 4 5 3
23114000 870 9 2 2 3 3 1 2 1 3 1 1 0 1 1 0 0 0 0 3 3 3 0 0 0 2 3 2 5 4 1 13 3 3 3 3 4 3
23114001 914 4 1 1 1 2 1 0 3 1 0 0 0 0 3 1 0 2 2 3 4 0 5 13 3 0 4 4 3 0 3 6 0
23114003 860 9 3 2 3 1 2 1 3 2 1 1 0 2 1 0 0 0 0 3 3 3 0 0 1 3 0 2 5 1 0 4 4 3 3 5 3 13
23114004 936 0 1 0 1 1 0 0 0 0 0 0 0 1 3 13 0 2 4 2 0 5 3 4 3 2 1 0 0
23114006 1019 0 1 0 1 1 0 0 0 0 0 0 0 13 7 3 3 4 4 4 2 4 1 0 0 0 0 2 0
23114007 933 11 3 2 2 2 1 1 3 3 1 1 2 1 0 3 1 0 0 0 0 4 4 3 13 3 1 0 5 4 2 1 3 4 5 0 0 0 2 0
23114008 826 7 1 3 2 3 2 3 1 1 0 3 1 0 0 0 0 2 2 3 1 0 0 1 3 2 3 0 6 5 2 2 13 1 3 0
23114009 829 9 1 1 2 2 2 3 3 1 1 1 0 3 1 0 0 0 0 4 3 2 0 3 13 6 4 8 3 2 3 1 4 2 0 3 0 9
23114010 915 9 1 1 3 2 1 2 3 2 1 1 0 3 1 0 0 0 0 4 3 2 0 6 1 13 0 2 5 8 2 3 4 3 0 0 3 3
23114012 1002 10 2 3 2 3 2 3 1 3 1 1 1 0 1 1 0 0 0 0 3 3 4 2 0 0 0 4 3 3 0 2 7 1 4 7 2 13 1
23114013 896 4 1 1 3 3 1 0 2 1 0 0 0 0 2 0 2 13 3 6 4 2 3 0 2 0 1 0 0 0 0 3 0
23114014 996 8 1 2 2 2 1 1 3 3 1 0 2 1 0 0 0 0 3 3 2 3 2 3 4 3 0 13 5 0 3 4 3 0 0 1 1
23114017 964 4 2 2 1 1 1 0 1 1 0 0 0 0 2 2 0 3 13 7 4 4 5 3 3 0 3 4 2 0 3 0 0
23114019 934 10 3 2 1 1 1 2 2 3 1 2 1 0 3 1 0 0 0 0 4 4 2 3 13 7 3 4 4 1 0 2 6 2 4 3 1 0 0
23114020 962 4 2 3 2 1 1 0 1 1 0 0 0 0 1 2 1 5 4 3 6 3 3 4 2 0 13 1 3 0 0 0 6
23114022 801 6 3 1 1 1 2 1 3 1 6 0.33333333333333331 7 0.33333333333333331 8 0.33333333333333331 4 1 1 3 2 3 2 13 5 2 3 9 1 0 0 2 3 4 0
23114025 925 5 1 2 3 2 2 1 0 1 1 0 0 0 0 1 3 1 0 3 4 1 5 4 7 1 3 1 13 5 4 6 2 2
23114027 1099 1 1 3 1 8 0.33333333333333331 9 0.33333333333333331 10 0.33333333333333331 1 0 0 3 2 3 1 3 2 6 3 2 3 5 1 0 3 13 3
23114028 968 11 3 2 1 1 2 2 3 3 2 3 1 1 0 1 1 0 0 0 0 3 4 4 2 1 0 0 1 4 2 0 3 6 5 0 13 2 8 1
23114029 1009 3 3 2 2 1 0 3 1 0 0 0 0 0 2 1 0 3 4 1 0 5 3 1 3 2 7 13 0 1 4 0
23114032 859 9 1 3 2 2 2 2 3 3 1 1 0 3 1 0 0 0 0 2 4 3 2 3 1 3 3 4 13 0 3 1 2 0 4 1 4 1
23114033 753 7 3 3 2 2 1 3 1 1 0 3 1 0 0 0 0 2 2 3 1 2 4 1 0 4 6 2 4 3 13 4 0 2 1 0
23114038 922 10 3 1 2 2 1 3 2 1 3 3 3 1 8 0.33333333333333331 9 0.33333333333333331 10 0.33333333333333331 3 3 4 0 2 2 3 1 0 13 4 1 4 1 3 0 2 0 4
23114039 942 6 3 2 2 2 3 2 1 0 1 1 0 0 0 0 0 4 2 2 1 1 1 2 3 4 3 13 6 1 5 3 3 1 0
23114041 902 0 1 0 3 1 0 0 0 0 0 0 0 1 0 0 0 13 3 2 5 3 3 6 2 1 3 7 3
23114042 982 8 1 2 2 3 2 3 1 3 1 0 1 1 0 0 0 0 2 3 3 1 3 1 2 0 13 4 3 0 2 3 5 0 3 0 0
23114044 940 5 1 2 3 1 1 1 0 2 1 0 0 0 0 3 1 1 13 7 4 3 7 4 5 0 2 4 2 0 1 0 0 0
23114045 862 6 3 3 1 1 3 2 1 0 1 1 0 0 0 0 2 1 3 0 0 2 1 5 3 5 2 4 2 1 2 13 4 3 0
23114048 934 1 1 1 0 3 1 0 0 0 0 1 0 0 13 6 5 2 3 6 4 2 4 7 0 0 1 0 0 0
23114049 942 9 2 1 3 2 1 3 1 3 3 1 0 1 1 0 0 0 0 3 2 4 0 2 0 0 0 4 3 4 2 5 8 9 0 5 13 3
23114051 1044 8 1 3 3 2 2 1 2 1 1 0 3 1 0 0 0 0 3 3 2 0 6 0 0 4 4 5 3 1 8 6 2 13 3 3 0
23114052 908 2 3 1 1 0 1 1 0 0 0 0 1 0 1 0 2 0 3 0 2 5 3 1 4 3 7 2 4 3 13
23114053 911 1 3 1 0 1 1 0 0 0 0 0 0 1 2 8 7 3 2 13 5 3 4 3 3 0 1 0 0 3
23114056 931 1 3 1 0 2 1 0 0 0 0 0 0 1 0 0 3 3 13 3 2 0 3 1 4 1 1 5 2 0
23114057 973 0 3 1 8 0.33333333333333331 9 0.33333333333333331 10 0.33333333333333331 0 0 0 1 5 3 13 0 7 6 6 3 0 3 4 0 0 5 2
23114058 908 6 2 1 3 2 1 3 1 0 3 1 0 0 0 0 2 2 2 3 4 1 0 0 3 4 2 4 5 13 0 0 6 0 0
23114059 909 8 1 1 2 3 3 1 3 2 1 0 1 1 0 0 0 0 3 2 3 0 3 3 0 2 5 5 0 3 6 1 2 13 2 3 0
23114060 1002 11 3 3 2 1 3 1 1 2 3 2 2 1 0 1 1 0 0 0 0 3 4 4 2 0 1 4 0 2 5 4 0 4 4 6 0 1 4 13
23114062 839 4 1 2 1 2 1 0 3 1 0 0 0 0 2 2 0 13 4 3 0 1 3 4 2 3 4 0 0 0 2 0 1
23114063 828 5 1 2 3 2 3 1 0 2 1 0 0 0 0 1 2 2 0 0 0 2 0 0 3 13 1 1 5 6 0 1 5 3
23114064 1037 6 2 3 1 1 2 1 1 0 1 1 0 0 0 0 3 2 1 3 0 0 0 2 5 4 0 3 3 0 0 13 3 2 3
23114065 810 10 1 3 3 1 2 3 2 3 2 1 1 0 2 1 0 0 0 0 3 3 4 1 4 3 13 2 5 4 4 0 0 0 8 0 0 1 0
23114066 934 11 2 3 3 1 3 1 3 1 2 2 2 1 0 1 1 0 0 0 0 3 4 4 1 2 4 0 4 6 2 0 1 3 13 1 0 0 0 2
23114067 888 7 2 3 1 3 1 3 2 1 0 2 1 0 0 0 0 2 2 3 0 1 0 0 0 0 2 7 3 5 4 13 1 0 3 3
23114068 772 3 1 3 3 1 0 1 1 0 0 0 0 1 0 2 1 3 2 13 0 2 4 1 2 6 3 4 0 0 4 2
23114069 894 6 3 1 1 2 3 2 1 0 1 1 0 0 0 0 2 2 2 3 2 4 13 1 2 8 8 0 4 4 1 0 0 2 0
23114070 886 6 1 3 2 1 2 3 1 0 1 1 0 0 0 0 2 2 2 0 4 3 9 0 2 13 4 1 3 5 3 0 2 0 3
23114071 941 5 2 2 2 3 1 1 0 3 1 0 0 0 0 1 3 1 5 2 1 1 1 4 4 3 2 4 13 1 0 3 0 3
23114073 938 7 1 3 1 2 1 2 1 1 0 3 1 0 0 0 0 4 2 1 3 2 8 13 1 4 3 3 2 4 2 3 0 3 0 0
23114074 884 8 2 2 3 3 3 2 2 3 1 0 1 1 0 0 0 0 0 4 4 0 0 4 1 1 1 3 1 0 3 2 5 0 0 3 13
23114075 1022 6 3 3 2 1 3 1 1 0 2 1 0 0 0 0 2 1 3 3 2 2 1 8 6 6 3 13 7 0 0 0 1 3 0
23114077 959 2 3 2 1 0 3 1 0 0 0 0 0 1 1 4 1 1 4 5 3 3 13 2 6 4 3 1 0 2 0
23114079 892 2 1 1 1 0 1 1 0 0 0 0 2 0 0 3 3 5 13 0 5 4 2 0 0 2 2 0 0 3 0
23114080 793 0 1 0 1 1 0 0 0 0 0 0 0 0 0 0 2 0 0 3 13 3 3 1 5 7 5 2 3
23114081 900 6 2 2 3 1 3 2 1 0 1 1 0 0 0 0 1 3 2 1 3 2 0 1 4 0 1 7 2 13 3 4 5 4 3
23114083 958 0 1 0 3 1 0 0 0 0 0 0 0 3 3 2 3 5 1 13 3 0 4 3 5 1 2 0 0
23114084 858 1 3 1 0 3 1 0 0 0 0 0 0 1 3 13 2 3 2 6 5 3 1 1 4 0 3 0 0 0
23114086 966 10 2 1 3 2 2 1 3 1 1 3 1 0 2 1 0 0 0 0 4 3 3 1 3 3 3 0 2 5 3 0 13 3 4 0 3 0 0
23114087 851 2 2 3 1 0 3 1 0 0 0 0 0 1 1 2 0 0 0 0 1 0 0 0 3 13 4 1 3 4 6
23114088 891 2 1 2 1 0 1 1 0 0 0 0 1 1 0 0 3 0 2 3 1 2 0 0 3 6 3 0 4 3 13
23114090 918 1 2 1 0 2 1 0 0 0 0 0 1 0 0 3 4 0 1 5 1 1 0 5 13 2 3 1 4 2
23114091 927 7 2 1 1 1 2 2 3 1 0 2 1 0 0 0 0 3 3 1 1 0 0 0 6 4 0 0 5 4 0 0 13 5 4 3
23114094 936 3 3 1 1 1 0 3 1 0 0 0 0 2 0 1 0 3 0 3 2 4 4 4 0 1 2 13 2 3 0 0
23114095 958 5 2 1 2 3 3 1 0 1 1 0 0 0 0 1 2 2 3 2 1 3 4 13 3 1 6 0 1 0 2 2 0 0
23114099 871 2 2 3 3 1 5 0.33333333333333331 6 0.33333333333333331 7 0.33333333333333331 0 1 1 0 0 0 2 0 1 1 0 3 6 3 3 4 3 13 3
23114100 1001 1 2 3 1 4 0.33333333333333331 5 0.33333333333333331 6 0.33333333333333331 0 1 0 3 0 0 0 13 3 3 0 1 4 3 1 4 4 2 0
23114103 899 3 2 3 3 1 0 3 1 0 0 0 0 0 1 2 0 0 4 1 1 0 5 2 0 0 3 13 2 3 5 1
23114105 902 6 1 1 3 3 2 3 1 0 2 1 0 0 0 0 2 1 3 1 0 0 3 0 3 6 3 3 6 4 5 0 2 4 13
23114107 844 2 3 3 1 0 1 1 0 0 0 0 0 0 2 2 4 13 0 3 4 4 0 1 5 1 0 2 0 0 2
23114108 1043 4 2 1 3 1 1 0 3 1 0 0 0 0 2 1 1 0 3 6 4 4 5 4 2 1 2 3 13 3 1 3 2
23114109 983 5 2 1 3 2 2 3 1 7 0.33333333333333331 8 0.33333333333333331 9 0.33333333333333331 1 3 1 13 4 1 0 5 8 1 3 5 4 0 0 2 1 0 0
23114112 929 1 1 1 0 3 1 0 0 0 0 1 0 0 0 1 5 13 2 4 4 2 0 2 1 3 1 2 8 0
23114114 1018 3 2 1 2 1 0 3 1 0 0 0 0 1 2 0 1 13 3 1 3 5 4 0 3 4 2 0 7 3 0 0
23114115 889 0 1 0 1 1 0 0 0 0 0 0 0 2 3 0 0 0 0 0 5 0 4 4 3 0 5 3 13
23114117 963 10 3 1 2 1 1 3 3 2 2 1 1 0 2 1 0 0 0 0 4 3 3 0 3 0 0 2 0 5 1 4 4 7 0 13 1 4 2
23114119 858 7 3 3 2 1 3 1 3 1 0 1 1 0 0 0 0 2 1 4 0 0 2 0 13 5 2 1 5 5 8 2 3 3 0 0
23114121 914 1 3 1 0 1 1 0 0 0 0 0 0 1 0 5 3 13 0 2 3 4 5 2 8 3 1 3 0 3
23114124 807 3 2 1 3 1 0 2 1 0 0 0 0 1 1 1 0 0 2 0 4 1 4 1 4 5 3 3 4 6 13 0
23114126 994 11 2 2 1 2 3 1 3 1 3 2 3 1 0 1 1 0 0 0 0 3 4 4 0 0 1 3 0 1 3 5 2 3 4 8 3 2 5 13
23114127 851 10 3 3 2 3 3 2 1 2 2 1 1 0 1 1 0 0 0 0 2 4 4 0 2 1 4 3 3 3 6 2 4 3 13 1 1 0 0
23114129 908 0 1 0 3 1 0 0 0 0 0 0 0 3 2 3 13 3 4 6 1 0 5 3 3 1 2 4 0
23114131 931 7 2 2 1 3 3 1 2 1 0 1 1 0 0 0 0 2 3 2 1 4 1 3 2 4 13 0 3 4 7 0 3 0 4 2
23114132 896 8 2 1 2 1 1 2 3 1 1 0 3 1 0 0 0 0 4 3 1 0 0 0 3 0 4 4 4 1 4 7 3 2 3 13 2
23114133 790 8 3 3 1 3 2 2 2 2 1 0 1 1 0 0 0 0 1 4 3 3 1 0 1 5 4 6 3 13 4 6 0 0 0 0 3
23114134 959 4 2 3 3 1 1 0 2 1 0 0 0 0 1 1 2 0 0 5 1 0 3 3 4 0 0 5 6 1 3 2 13
23114135 925 9 1 1 2 1 2 3 3 1 3 3 1 7 0.33333333333333331 8 0.33333333333333331 9 0.33333333333333331 4 2 3 3 6 13 0 3 5 3 2 3 4 3 6 0 2 0 0
23114137 857 10 1 2 3 2 3 2 3 2 1 3 1 0 1 1 0 0 0 0 2 4 4 3 2 9 0 1 13 2 3 4 4 4 1 1 0 5 0
23114138 927 10 3 3 1 2 1 2 1 2 2 3 1 0 3 1 0 0 0 0 3 4 3 0 1 3 1 0 6 4 2 3 4 5 2 1 4 8 13
23114139 994 10 2 2 1 1 2 3 3 3 1 1 1 0 2 1 0 0 0 0 4 3 3 0 0 2 3 3 7 13 2 3 4 3 6 4 3 1 1
23114140 850 4 3 2 2 1 1 0 1 1 0 0 0 0 1 2 1 1 5 0 0 0 2 5 4 2 4 6 8 0 1 3 13
23114141 923 6 3 2 2 1 2 1 1 0 3 1 0 0 0 0 2 3 1 3 1 0 3 0 0 1 13 0 4 2 3 1 4 5 2
23114143 977 0 1 0 2 1 0 0 0 0 0 0 0 4 0 2 2 9 4 1 0 4 1 4 1 13 7 3 0
23114144 860 9 3 2 1 2 2 1 3 3 1 1 0 3 1 0 0 0 0 3 3 3 2 0 1 3 0 0 7 3 0 8 3 4 0 4 3 13
23114149 938 4 3 2 2 2 3 1 8 0.33333333333333331 9 0.33333333333333331 10 0.33333333333333331 0 3 1 3 3 1 1 6 4 3 0 13 1 0 0 3 2 3 1
23114150 912 3 3 3 2 1 0 2 1 0 0 0 0 0 1 2 1 1 2 0 6 5 3 1 13 9 4 0 8 4 4 0
23114152 893 4 1 3 2 3 1 0 1 1 0 0 0 0 1 1 2 8 4 4 9 6 13 5 3 3 0 7 2 2 1 3 0
23114153 886 3 1 1 3 1 0 1 1 0 0 0 0 2 0 1 2 6 7 8 3 4 3 2 13 6 4 3 2 5 2 1
23114154 978 5 3 2 1 3 3 1 0 1 1 0 0 0 0 1 1 3 0 0 1 2 8 0 4 5 2 4 6 7 2 1 3 13
23114155 1062 11 1 1 3 2 2 3 3 2 1 1 3 1 0 2 1 0 0 0 0 4 3 4 3 5 4 1 6 13 4 0 3 3 5 0 4 2 0 0
23114156 789 7 1 3 3 1 3 2 3 1 0 2 1 0 0 0 0 2 1 4 0 0 1 3 2 2 6 5 6 3 13 3 3 4 4 1
23114159 877 6 3 2 1 1 2 2 1 0 3 1 0 0 0 0 2 3 1 1 4 6 3 7 4 3 2 13 2 3 1 0 1 0 0
23114160 1030 5 3 1 3 2 2 1 0 2 1 0 0 0 0 1 2 2 0 3 0 0 4 3 0 0 5 3 4 3 13 3 1 1
23114161 1006 6 1 1 2 3 2 1 3 1 5 0.33333333333333331 6 0.33333333333333331 7 0.33333333333333331 3 2 1 1 3 5 4 3 2 13 4 2 3 3 0 0 0 3 0
23114162 921 11 1 2 1 3 3 1 2 2 1 3 3 1 0 2 1 0 0 0 0 4 3 4 2 1 0 1 2 6 3 3 5 5 1 2 4 13 3 5
23114163 976 9 3 1 3 2 2 2 2 1 3 1 0 1 1 0 0 0 0 2 4 3 6 5 2 0 7 5 3 0 13 1 0 3 1 0 0 0
23114164 831 4 1 1 2 2 1 0 2 1 0 0 0 0 2 2 0 3 4 5 13 6 3 5 3 0 1 0 3 0 0 0 3
23114167 879 7 1 3 1 2 2 3 3 1 0 1 1 0 0 0 0 2 2 3 2 0 2 0 4 3 2 0 3 1 7 3 3 5 13 1
23114170 824 10 2 1 3 3 1 3 2 3 1 2 1 0 2 1 0 0 0 0 3 3 4 0 3 3 1 1 7 4 3 0 4 6 8 0 2 7 13
23114171 994 2 3 2 1 0 2 1 0 0 0 0 0 1 1 1 13 6 1 3 2 3 4 3 4 1 4 0 2 1 5
23114172 779 1 2 3 1 6 0.33333333333333331 7 0.33333333333333331 8 0.33333333333333331 0 1 0 4 4 3 2 6 9 2 3 13 1 4 0 0 3 1 1
23114173 1013 3 1 2 3 1 0 1 1 0 0 0 0 1 1 1 2 0 3 3 5 1 0 0 6 4 0 0 13 2 6 0
23114176 848 5 3 2 2 3 3 1 0 1 1 0 0 0 0 0 2 3 4 3 13 0 3 4 1 3 9 6 2 5 3 0 1 0
23114177 852 5 1 1 3 2 2 1 0 2 1 0 0 0 0 2 2 1 13 1 0 0 4 0 0 3 3 2 4 1 3 4 0 0
23114178 806 3 3 1 2 3 1 4 0.33333333333333331 5 0.33333333333333331 6 0.33333333333333331 1 1 1 0 1 0 3 0 7 3 13 3 5 5 2 2 1 6 3
23114179 961 6 1 3 2 1 3 2 1 0 2 1 0 0 0 0 2 2 2 0 1 0 6 3 4 5 6 2 3 3 1 0 3 6 13
23114180 1015 8 1 2 2 3 3 1 2 1 1 0 1 1 0 0 0 0 3 3 2 9 0 3 0 6 5 1 1 3 2 4 2 4 2 13 0
23114181 825 11 2 1 3 1 2 3 3 1 2 2 3 1 0 1 1 0 0 0 0 3 4 4 0 3 0 0 4 7 2 4 1 0 4 13 0 3 7 3
23114184 954 7 1 1 3 1 2 2 1 1 0 2 1 0 0 0 0 4 2 1 0 0 0 3 13 3 0 0 4 7 6 3 2 3 0 3
23114185 854 6 2 3 2 1 3 2 1 0 1 1 0 0 0 0 1 3 2 2 3 4 4 0 1 4 13 1 3 2 3 0 0 1 0
23114186 889 5 2 1 3 3 3 1 0 2 1 0 0 0 0 1 1 3 1 4 3 1 3 13 1 2 2 1 5 0 4 0 4 2
23114189 930 7 2 2 2 3 3 3 1 1 0 1 1 0 0 0 0 1 3 3 2 0 0 0 1 1 4 3 3 3 3 3 13 5 5 0
23114191 975 4 3 1 2 3 1 0 1 1 0 0 0 0 1 1 2 3 13 3 0 3 5 4 2 0 3 6 1 3 7 2 0
23114192 900 6 1 3 2 2 2 1 1 0 3 1 0 0 0 0 2 3 1 0 3 0 0 3 2 2 4 1 4 5 1 0 3 13 1
23114194 832 8 3 2 2 3 1 1 2 3 1 0 1 1 0 0 0 0 2 3 3 13 2 4 0 5 1 4 0 3 3 0 0 5 1 0 2
23114195 843 5 1 3 3 1 2 1 0 3 1 0 0 0 0 2 1 2 13 4 6 2 9 4 2 0 6 0 3 0 1 3 0 0
23114196 849 6 1 1 1 2 1 2 1 0 2 1 0 0 0 0 4 2 0 0 3 1 6 3 2 3 13 3 5 9 4 0 4 2 3
23114197 961 9 1 1 3 2 2 3 2 2 3 1 0 1 1 0 0 0 0 2 4 3 2 3 13 3 1 7 3 0 3 3 3 0 1 0 0 0
23114198 872 5 1 1 2 3 3 1 0 1 1 0 0 0 0 2 1 2 0 0 0 2 3 4 6 1 2 3 5 3 2 3 4 13
23114199 961 7 2 1 2 3 1 1 3 1 0 2 1 0 0 0 0 3 2 2 1 0 2 3 4 8 1 3 9 4 5 3 13 4 2 0
23114200 948 1 2 1 0 2 1 0 0 0 0 0 1 0 3 6 13 0 3 8 3 0 3 5 3 1 0 1 3 0
23114203 980 11 3 2 1 2 1 1 2 1 3 3 2 1 0 3 1 0 0 0 0 4 4 3 1 6 1 3 0 4 2 4 2 13 4 2 0 1 0 0
23114205 978 3 2 3 2 1 0 2 1 0 0 0 0 0 2 1 0 4 7 13 0 1 7 7 0 1 3 5 2 0 1 1
23114206 914 4 2 1 3 2 1 0 1 1 0 0 0 0 1 2 1 0 2 2 1 2 3 3 4 5 4 5 1 13 9 1 7
23114207 897 6 1 1 2 1 1 3 1 0 3 1 0 0 0 0 4 1 1 3 0 2 0 7 13 3 2 4 2 4 8 3 0 3 0
23114209 1002 2 3 1 1 0 1 1 0 0 0 0 1 0 1 3 0 3 2 2 4 1 13 0 3 5 3 0 2 0 0
23114210 939 5 2 1 3 1 3 1 0 3 1 0 0 0 0 2 1 2 2 4 3 2 0 5 7 3 1 5 8 13 0 7 0 0
23114211 1009 2 1 3 1 0 1 1 0 0 0 0 1 0 1 0 3 3 13 3 4 5 8 2 0 6 4 0 0 0 2
23114213 836 8 1 1 3 2 2 2 3 2 1 0 1 1 0 0 0 0 2 4 2 0 1 3 0 3 0 8 13 2 2 1 4 1 4 3 3
23114214 834 9 2 2 3 2 1 3 3 1 2 1 0 3 1 0 0 0 0 2 4 3 1 5 0 0 2 4 3 0 4 13 0 0 1 0 8 1
23114216 973 8 1 1 1 3 3 1 2 3 1 0 2 1 0 0 0 0 4 1 3 0 3 0 2 2 1 3 3 0 6 5 3 0 13 5 2
23114217 954 10 3 3 2 2 2 3 1 1 1 3 1 0 2 1 0 0 0 0 3 3 4 3 13 1 0 6 3 4 0 4 5 0 2 3 0 1 0
23114218 1014 7 3 2 1 1 3 3 3 1 0 1 1 0 0 0 0 2 1 4 0 0 1 2 13 1 3 0 3 6 8 0 2 2 2 3
23114219 903 1 1 1 0 3 1 0 0 0 0 1 0 0 0 0 13 3 1 5 7 4 2 5 6 3 2 0 0 3
23114220 1030 6 3 3 2 1 3 1 1 0 1 1 0 0 0 0 2 1 3 13 1 2 2 8 6 5 4 5 5 0 0 3 2 0 0
23114221 1043 6 1 3 2 1 2 1 1 0 2 1 0 0 0 0 3 2 1 0 2 0 1 5 1 4 4 0 4 2 5 0 3 3 13
23114223 963 7 1 1 2 3 3 1 1 3 1 5 0.33333333333333331 6 0.33333333333333331 7 0.33333333333333331 4 1 2 0 0 2 3 0 1 4 3 3 13 6 3 2 2 2 3
23114224 863 7 2 3 1 1 2 3 2 1 0 1 1 0 0 0 0 2 3 2 13 4 6 1 3 4 8 0 3 3 5 6 0 0 2 3
23114225 865 10 3 3 1 2 2 2 3 3 1 1 1 0 1 1 0 0 0 0 3 3 4 3 2 3 5 2 3 5 3 1 13 1 2 3 1 2 0
23114226 1096 6 3 2 1 3 1 1 3 1 7 0.33333333333333331 8 0.33333333333333331 9 0.33333333333333331 3 1 2 5 3 3 13 2 7 3 6 0 0 2 5 0 0 6 0
23114228 1061 7 2 1 1 2 1 3 3 1 0 1 1 0 0 0 0 3 2 2 3 4 4 13 3 5 4 1 0 2 2 3 0 0 0 2
23114229 994 10 3 2 3 2 2 3 1 3 1 1 1 0 1 1 0 0 0 0 3 3 4 0 4 5 13 0 3 4 3 3 1 2 7 0 0 2 0
23114231 827 11 1 3 2 3 1 3 3 1 2 2 1 1 0 2 1 0 0 0 0 4 3 4 2 0 3 6 0 0 3 4 0 3 5 4 0 1 13 5
23114232 850 5 3 2 3 1 2 1 0 1 1 0 0 0 0 1 2 2 2 2 3 1 1 3 5 4 4 6 4 1 2 13 3 0
23114233 914 0 1 0 1 1 0 0 0 0 0 0 0 0 2 2 13 0 3 3 4 0 0 5 3 3 0 0 1
23114236 864 6 2 3 2 3 2 1 3 1 5 0.33333333333333331 6 0.33333333333333331 7 0.33333333333333331 1 3 2 2 1 3 0 3 3 5 0 3 4 13 1 0 1 0 0
23114238 935 1 3 1 0 2 1 0 0 0 0 0 0 1 3 0 0 0 2 3 0 3 0 5 4 4 1 1 4 13
23114241 1103 5 3 1 2 3 2 1 0 2 1 0 0 0 0 1 2 2 2 0 0 0 1 3 0 0 4 3 1 1 13 4 6 0
23114243 1066 8 1 1 2 3 3 1 1 2 1 0 3 1 0 0 0 0 4 2 2 13 7 3 2 2 1 6 2 3 5 5 1 3 2 0 0
23114244 884 10 1 1 1 3 2 3 3 2 3 2 1 0 1 1 0 0 0 0 3 3 4 2 3 1 2 13 6 3 0 4 4 4 0 2 1 0 0
23114247 900 7 1 2 3 1 1 2 2 1 0 3 1 0 0 0 0 3 3 1 3 2 1 1 7 13 3 2 4 4 5 0 0 0 4 3
23114249 987 9 3 3 2 3 2 1 3 2 1 1 0 1 1 0 0 0 0 2 3 4 1 3 2 1 13 4 5 2 3 7 0 0 0 1 0 2
23114251 935 10 1 3 3 3 2 2 2 3 2 1 1 0 1 1 0 0 0 0 2 4 4 0 3 0 2 0 0 4 1 0 2 4 1 1 3 13 4
23114253 815 2 3 1 1 0 3 1 0 0 0 0 1 0 1 3 8 0 0 3 7 3 0 4 3 5 3 2 4 13 5
23114254 856 1 3 1 0 1 1 0 0 0 0 0 0 1 0 1 0 1 0 5 4 2 0 13 3 2 2 2 5 1
23114255 1038 2 3 1 1 0 2 1 0 0 0 0 1 0 1 3 1 4 0 3 7 2 13 1 4 6 2 6 3 3 4
23114256 936 10 1 3 1 2 2 3 3 3 1 2 1 0 1 1 0 0 0 0 3 3 4 0 13 3 4 2 1 4 2 0 4 3 2 0 0 0 1
23114257 828 9 2 3 1 2 1 3 3 1 2 1 0 3 1 0 0 0 0 3 3 3 0 0 2 2 0 1 6 6 0 3 7 8 1 3 3 13
23114258 803 1 3 1 0 2 1 0 0 0 0 0 0 1 1 0 3 3 1 1 5 1 0 9 4 13 2 2 2 3
23114259 897 1 3 1 0 1 1 0 0 0 0 0 0 1 2 1 8 3 3 5 5 13 0 4 2 2 0 0 0 1
23114260 950 8 3 2 1 2 1 3 1 2 1 0 3 1 0 0 0 0 3 3 2 0 1 5 13 0 0 4 4 0 2 3 2 1 0 3 0
23114262 980 1 3 1 0 3 1 0 0 0 0 0 0 1 13 3 2 0 2 6 3 0 3 6 7 0 1 1 2 1
23114264 883 2 3 2 1 0 3 1 0 0 0 0 0 1 1 0 3 1 3 0 6 1 5 2 7 4 13 0 2 1 3
23114265 962 1 2 1 0 3 1 0 0 0 0 0 1 0 0 4 7 1 1 3 6 13 0 0 3 2 3 0 0 0
23114266 1011 2 1 3 1 0 2 1 0 0 0 0 1 0 1 0 1 4 13 2 3 8 3 0 0 5 3 1 3 0 2
23114267 950 6 3 2 1 2 3 2 1 0 3 1 0 0 0 0 1 3 2 1 3 4 1 0 3 4 6 1 2 5 13 0 0 3 5
23114268 966 4 1 3 3 2 1 0 3 1 0 0 0 0 1 1 2 1 6 4 0 0 4 3 3 0 3 4 13 1 2 3 2
23114271 823 5 1 2 3 3 1 1 0 3 1 0 0 0 0 2 1 2 13 7 5 0 3 6 5 0 1 7 1 2 2 2 0 0
23114272 852 4 2 1 3 2 1 0 3 1 0 0 0 0 1 2 1 1 9 3 0 4 5 0 0 1 5 1 0 13 2 3 2
23114273 964 10 2 2 2 3 1 1 1 3 2 1 1 0 3 1 0 0 0 0 4 4 2 0 0 3 0 5 2 3 3 6 3 0 0 13 9 1 0
23114274 997 0 1 0 1 1 0 0 0 0 0 0 0 1 2 2 0 1 5 3 7 13 5 4 2 3 3 8 0
23114275 845 9 1 2 3 2 3 3 1 2 3 1 0 2 1 0 0 0 0 2 3 4 0 3 3 13 0 3 5 3 0 0 4 4 1 0 1 5
23114276 830 7 1 1 1 3 2 3 2 1 0 3 1 0 0 0 0 3 2 2 0 3 5 3 3 4 6 13 2 0 2 3 0 1 3 0
23114277 743 6 2 1 1 2 1 2 1 0 3 1 0 0 0 0 3 3 0 0 3 0 0 3 2 5 1 4 1 2 0 13 5 8 0
23114278 933 3 2 1 1 1 0 1 1 0 0 0 0 2 1 0 4 2 3 2 3 3 8 1 13 2 5 0 0 4 3 0
23114279 904 7 2 3 3 1 2 1 2 1 0 3 1 0 0 0 0 2 3 2 0 0 1 0 13 3 1 0 6 5 2 2 4 3 1 0
23114280 923 9 2 3 1 2 1 1 3 2 3 1 0 1 1 0 0 0 0 3 3 3 1 7 0 3 7 3 1 3 2 2 5 2 13 6 5 0
23114281 829 7 2 1 1 3 2 1 3 1 0 2 1 0 0 0 0 3 2 2 13 3 1 0 3 4 5 3 2 3 2 0 0 3 0 1
23114282 879 5 2 3 1 1 3 1 0 2 1 0 0 0 0 2 1 2 0 3 0 0 2 3 1 3 13 4 4 0 1 6 3 2
23114285 986 1 2 1 0 2 1 0 0 0 0 0 1 0 0 1 0 2 4 7 5 3 3 6 1 0 13 7 3 1
23114286 937 8 1 1 1 2 3 2 2 3 1 0 3 1 0 0 0 0 3 3 2 1 2 3 13 3 3 8 8 0 2 6 6 0 0 1 3
23114288 916 1 3 1 0 3 1 0 0 0 0 0 0 1 0 0 0 2 2 3 5 1 3 1 4 3 3 4 5 13
23114292 819 7 2 1 1 3 1 3 2 1 0 2 1 0 0 0 0 3 2 2 1 2 3 1 4 6 3 0 8 4 5 2 13 4 3 0
23114294 888 3 3 2 3 1 0 2 1 0 0 0 0 0 1 2 3 3 4 0 3 5 6 1 1 13 0 0 6 0 1 2
23114295 869 4 2 3 3 2 1 0 1 1 0 0 0 0 0 2 2 1 2 0 3 1 3 13 4 4 4 3 5 3 5 1 2
23114296 866 6 2 2 1 3 3 3 1 0 3 1 0 0 0 0 1 2 3 0 2 0 1 2 1 0 1 3 13 6 4 0 3 3 3
23114297 774 10 1 3 3 1 1 2 2 2 2 1 3 1 6 0.33333333333333331 7 0.33333333333333331 8 0.33333333333333331 4 4 2 5 6 0 0 5 4 2 3 13 6 4 0 1 8 4 0
23114298 963 6 2 3 3 2 3 1 1 0 2 1 0 0 0 0 1 2 3 1 13 3 1 0 4 4 6 2 8 3 5 0 0 3 1
23114302 822 0 1 0 1 1 0 0 0 0 0 0 0 3 0 1 2 1 3 7 2 13 4 4 0 0 2 3 0
23114306 989 3 2 3 3 1 0 2 1 0 0 0 0 0 1 2 1 3 1 0 1 6 4 0 4 2 3 2 13 1 0 0
23114307 873 0 1 0 1 1 0 0 0 0 0 0 0 0 3 0 0 3 5 4 1 2 3 13 3 3 6 3 2
23114309 891 6 3 1 1 3 3 3 1 0 2 1 0 0 0 0 2 0 4 2 3 0 4 0 5 2 1 1 2 13 4 0 3 3 3
23114310 853 2 3 3 1 0 1 1 0 0 0 0 0 0 2 5 4 4 0 3 8 4 0 2 13 2 3 1 0 0 0
23114311 861 1 2 1 0 1 1 0 0 0 0 0 1 0 2 0 7 0 0 3 7 13 1 3 7 3 0 4 4 3
23114313 885 0 1 0 3 1 0 0 0 0 0 0 0 6 3 3 2 13 7 6 4 3 4 4 2 0 1 1 0
23114316 950 3 1 1 3 1 0 2 1 0 0 0 0 2 0 1 1 13 4 0 3 2 4 6 1 5 7 2 3 3 0 2
23114317 888 3 1 3 2 1 0 1 1 0 0 0 0 1 1 1 0 3 2 13 1 3 4 6 2 7 3 4 0 3 4 0
23114318 975 0 1 0 3 1 0 0 0 0 0 0 0 1 4 3 13 0 1 7 2 2 0 4 3 0 0 0 3
23114319 863 1 2 1 0 2 1 0 0 0 0 0 1 0 1 2 1 13 0 1 1 3 3 6 4 3 0 3 2 5
23114320 875 0 1 0 2 1 0 0 0 0 0 0 0 3 2 13 1 3 4 5 4 1 3 4 0 3 0 0 0
23114321 850 0 1 0 2 1 0 0 0 0 0 0 0 0 2 0 5 1 0 3 3 3 7 13 4 0 4 3 1
23114322 1041 0 1 0 1 1 0 0 0 0 0 0 0 0 1 2 0 0 6 7 0 2 6 2 0 13 1 4 3
23114323 926 4 2 3 3 1 1 0 1 1 0 0 0 0 1 1 2 13 8 1 2 4 7 3 1 4 5 2 0 2 3 0 0
23114324 931 1 1 1 0 3 1 0 0 0 0 1 0 0 2 1 6 13 3 4 10 4 0 2 4 2 0 0 3 1
23114326 851 8 2 3 2 3 1 3 2 1 1 0 3 1 0 0 0 0 2 3 3 2 3 2 0 1 4 3 0 3 8 7 0 13 4 1 1
23114327 965 1 1 1 0 3 1 0 0 0 0 1 0 0 0 1 0 2 3 13 0 0 3 5 2 0 8 4 3 0
23114329 860 2 3 1 1 0 1 1 0 0 0 0 1 0 1 0 0 2 6 0 0 5 3 0 0 2 6 1 2 3 13
23114331 907 9 1 3 1 3 2 2 3 1 2 1 0 1 1 0 0 0 0 3 3 3 0 0 0 2 3 3 1 2 0 4 5 5 13 6 3 3
23114332 929 2 2 3 1 0 1 1 0 0 0 0 0 1 1 0 0 1 0 6 2 0 0 9 4 7 8 4 13 1 2
23114333 837 3 2 1 2 1 0 3 1 0 0 0 0 1 2 0 13 3 6 0 3 5 3 1 3 7 1 0 2 0 0 0
23114334 977 0 1 0 1 1 0 0 0 0 0 0 0 1 2 4 13 2 8 4 3 0 3 5 6 0 0 3 3
23114337 1029 2 1 3 1 0 3 1 0 0 0 0 1 0 1 0 2 2 0 3 3 3 4 1 4 6 1 0 2 7 13
23114338 868 10 2 2 2 1 1 3 2 3 1 1 1 0 3 1 0 0 0 0 4 4 2 0 2 3 13 3 0 6 3 0 0 0 3 0 0 4 1
23114340 833 1 1 1 0 3 1 0 0 0 0 1 0 0 13 2 2 1 8 3 3 0 7 7 7 0 3 4 5 0
23114341 940 8 2 3 1 3 3 3 1 2 1 0 1 1 0 0 0 0 2 2 4 5 13 3 1 4 8 0 0 3 4 0 0 2 2 0 0
23114342 894 9 3 2 1 2 1 2 3 1 3 3 1 4 0.33333333333333331 5 0.33333333333333331 6 0.33333333333333331 3 3 3 4 3 2 3 1 7 3 0 13 8 0 1 0 3 0 2
23114343 772 0 1 0 1 1 0 0 0 0 0 0 0 3 2 3 1 0 2 13 4 2 3 6 4 0 1 4 4
23114344 909 8 2 2 1 2 3 3 1 1 1 0 2 1 0 0 0 0 3 3 2 0 0 0 3 1 5 3 13 0 3 4 4 0 0 3 4
23114345 957 6 3 1 2 1 3 3 1 0 3 1 0 0 0 0 2 1 3 0 0 1 2 6 7 4 4 3 4 3 7 2 2 1 13
23114346 987 0 1 0 2 1 0 0 0 0 0 0 0 5 2 0 1 1 3 1 0 13 0 3 0 3 2 4 0
23114348 726 4 2 2 3 3 1 0 1 1 0 0 0 0 0 2 2 3 1 4 1 0 0 13 4 2 2 5 4 0 1 3 6
23114349 894 11 1 3 2 1 1 3 3 2 2 1 2 1 0 3 1 0 0 0 0 4 4 3 0 13 2 3 4 6 2 5 1 3 3 1 0 0 4 3
23114352 964 2 1 2 1 0 2 1 0 0 0 0 1 1 0 2 0 0 0 3 1 4 2 4 6 1 0 13 1 0 3
23114356 935 5 2 2 1 2 3 1 0 1 1 0 0 0 0 1 3 1 0 0 0 1 3 1 2 5 3 6 6 13 2 1 7 4
23114357 903 0 1 0 1 1 0 0 0 0 0 0 0 0 4 6 13 0 2 4 3 2 3 7 6 3 1 3 0
23114358 995 2 1 1 1 0 3 1 0 0 0 0 2 0 0 2 4 2 1 2 5 2 1 0 3 3 13 0 0 1 2
23114359 998 2 2 1 1 0 3 1 0 0 0 0 1 1 0 9 0 0 3 4 8 2 0 5 4 7 1 4 13 0 0
23114360 914 7 1 1 1 2 2 2 1 1 0 3 1 0 0 0 0 4 3 0 3 0 0 0 3 3 0 0 4 6 13 2 4 5 5 0
23114361 919 5 2 1 2 3 2 1 0 1 1 0 0 0 0 1 3 1 3 0 0 3 1 13 3 1 4 7 4 6 3 6 2 3
23114365 912 5 3 2 2 1 1 1 0 3 1 0 0 0 0 2 2 1 4 1 3 13 2 3 5 4 0 4 1 2 0 0 3 3
23114368 960 2 2 1 1 0 2 1 0 0 0 0 1 1 0 0 0 3 3 8 0 4 13 1 5 4 3 0 1 2 0
23114369 910 9 2 1 1 2 1 2 3 3 3 1 0 3 1 0 0 0 0 3 3 3 3 7 13 0 3 4 7 3 1 3 4 3 2 3 0 4
23114371 952 1 1 1 0 3 1 0 0 0 0 1 0 0 0 0 3 8 0 0 3 4 2 2 5 5 0 1 3 13
23114372 815 11 3 2 3 2 3 1 1 2 1 2 3 1 0 1 1 0 0 0 0 3 4 4 6 0 0 0 13 4 2 3 1 4 5 6 3 5 3 0
23114373 885 11 1 3 1 2 2 2 2 3 3 1 1 1 0 3 1 0 0 0 0 4 4 3 3 0 0 0 3 3 3 0 13 4 5 0 3 1 4 2
23114374 912 4 2 1 3 1 1 0 3 1 0 0 0 0 2 1 1 3 0 0 0 4 4 3 4 7 6 7 0 13 4 2 0
23114376 948 7 2 2 3 3 1 1 1 3 1 4 0.33333333333333331 5 0.33333333333333331 6 0.33333333333333331 3 2 2 13 3 0 2 4 3 4 2 4 3 1 0 0 3 0 0
23114377 1049 1 2 1 0 3 1 0 0 0 0 0 1 0 4 3 4 1 0 5 13 3 0 3 8 3 3 2 1 0
23114378 914 4 2 1 3 3 1 0 2 1 0 0 0 0 1 1 2 0 0 0 3 0 0 5 4 0 1 4 4 2 1 5 13
23114379 883 4 1 3 1 2 1 0 2 1 0 0 0 0 2 1 1 0 0 1 4 4 3 13 2 0 1 5 2 3 3 4 4
23114381 744 10 1 3 2 2 3 1 1 2 3 3 1 0 2 1 0 0 0 0 3 3 4 0 1 1 0 2 1 3 6 0 6 5 7 4 2 13 3
23114382 1010 6 2 3 1 1 1 3 1 0 3 1 0 0 0 0 3 1 2 2 0 2 0 2 7 5 3 3 5 1 0 13 4 3 0
23114383 936 1 2 1 0 3 1 0 0 0 0 0 1 0 13 1 3 0 3 2 6 7 3 1 3 0 5 0 2 1
23114384 929 4 1 2 3 3 1 0 1 1 0 0 0 0 1 1 2 1 3 0 0 4 6 2 3 6 13 0 0 3 2 0 0
23114386 924 11 3 1 1 2 3 1 2 2 2 3 3 1 0 1 1 0 0 0 0 3 4 4 0 1 2 0 1 3 5 7 13 4 4 2 1 2 3 3
23114387 1052 8 1 2 3 1 2 3 1 2 1 0 2 1 0 0 0 0 3 3 2 13 6 4 2 4 4 3 0 1 1 0 3 3 0 0 0
23114388 983 0 1 0 1 1 0 0 0 0 0 0 0 3 0 0 0 0 4 3 2 8 6 3 4 3 3 4 13
23114391 834 8 3 1 2 2 2 2 1 3 1 0 3 1 0 0 0 0 2 4 2 3 5 13 0 6 3 5 1 7 4 4 0 3 1 0 0
23114393 940 2 1 3 1 0 3 1 0 0 0 0 1 0 1 2 3 4 13 3 7 3 7 0 1 0 3 0 0 0 2
23114395 908 4 2 1 1 3 1 0 3 1 0 0 0 0 2 1 1 0 2 1 3 0 4 6 3 2 4 7 2 3 13 1 3
23114396 968 4 1 3 2 1 1 0 1 1 0 0 0 0 2 1 1 3 0 8 0 4 4 3 0 3 5 2 13 2 1 4 2
23114397 826 2 2 2 1 0 3 1 0 0 0 0 0 2 0 0 0 0 1 0 1 3 5 1 0 4 8 3 5 2 13
23114400 922 7 2 3 3 1 2 2 3 1 0 1 1 0 0 0 0 1 3 3 1 0 4 13 0 3 4 5 0 3 7 3 0 0 2 1
23114401 823 3 1 2 2 1 0 3 1 0 0 0 0 1 2 0 0 3 2 0 0 1 4 1 1 2 6 13 0 5 5 5
23114403 977 11 3 2 1 2 2 3 1 2 3 3 1 1 0 1 1 0 0 0 0 3 4 4 0 1 5 0 1 0 2 4 4 7 5 6 2 3 3 13
23114404 958 5 3 1 2 3 1 1 0 1 1 0 0 0 0 2 1 2 1 3 0 2 0 0 3 5 2 2 3 4 0 0 3 13
23114406 966 11 1 2 3 3 3 2 2 3 2 1 1 1 0 1 1 0 0 0 0 3 4 4 0 6 0 3 1 2 4 1 7 5 3 3 13 2 1 2
23114407 909 0 1 0 1 1 0 0 0 0 0 0 0 3 0 4 0 3 13 2 1 4 5 3 1 3 3 2 2
23114408 873 5 1 2 2 3 3 3 1 4 0.33333333333333331 5 0.33333333333333331 6 0.33333333333333331 1 2 2 4 3 1 2 5 1 7 1 4 3 6 0 13 2 8 0
23114409 842 2 2 3 1 0 3 1 0 0 0 0 0 1 1 0 3 1 2 1 13 3 3 2 3 6 4 0 1 0 3
23114410 963 4 2 2 3 1 1 0 1 1 0 0 0 0 1 2 1 3 2 1 0 6 3 3 0 13 5 3 3 0 0 0 3
23114411 840 0 1 0 3 1 0 0 0 0 0 0 0 2 0 2 0 3 4 0 1 13 3 0 0 3 6 5 1
23114413 1101 0 1 0 3 1 0 0 0 0 0 0 0 0 3 3 1 0 3 4 3 0 6 6 4 7 13 9 2
23114415 849 9 1 1 1 2 3 3 2 1 2 1 0 2 1 0 0 0 0 4 3 2 3 2 3 1 7 6 3 4 8 2 13 1 4 3 3 3
23114416 805 8 3 2 3 2 3 1 2 1 1 0 2 1 0 0 0 0 2 3 3 2 0 0 1 5 3 1 1 3 3 3 0 4 6 13 0
23114419 954 3 3 2 3 1 0 2 1 0 0 0 0 0 1 2 0 1 0 0 1 7 3 2 3 4 3 4 13 1 4 0
23114421 853 5 3 2 1 1 1 1 0 2 1 0 0 0 0 3 1 1 0 2 6 4 0 1 5 4 0 4 2 13 3 0 3 3
23114422 924 4 3 1 2 3 3 1 7 0.33333333333333331 8 0.33333333333333331 9 0.33333333333333331 1 1 2 2 4 4 3 2 4 5 7 13 1 4 0 1 0 0 0
23114424 856 3 1 3 3 1 0 1 1 0 0 0 0 1 0 2 0 2 8 5 2 5 5 8 2 3 4 13 0 0 0 1
23114426 917 2 1 3 1 0 2 1 0 0 0 0 1 0 1 2 3 2 0 0 5 0 0 0 1 5 3 0 1 13 4
23114427 880 9 1 2 3 1 3 3 2 1 2 1 0 3 1 0 0 0 0 3 3 3 3 8 13 4 0 2 4 3 0 3 6 1 0 2 0 1
23114428 952 5 3 3 2 1 1 1 0 2 1 0 0 0 0 2 1 2 3 1 3 2 0 4 13 5 0 3 0 3 0 0 1 2
23114429 864 7 3 1 2 2 2 2 1 1 0 3 1 0 0 0 0 2 4 1 4 1 3 0 4 4 3 0 2 13 0 1 1 3 0 0
23114431 819 2 3 1 1 0 3 1 0 0 0 0 1 0 1 4 3 4 2 4 13 2 0 5 4 0 3 0 1 0 0
23114432 956 6 3 3 2 3 2 1 1 0 1 1 0 0 0 0 1 2 3 0 1 3 13 0 4 7 1 2 3 2 2 1 0 0 0
23114433 752 11 2 1 2 1 1 3 1 3 2 2 3 1 0 3 1 0 0 0 0 4 4 3 2 3 4 3 1 0 3 13 0 4 7 3 0 0 0 3
23114434 1003 2 3 2 1 0 2 1 0 0 0 0 0 1 1 3 1 1 4 5 13 4 0 3 0 0 6 2 0 0 1
23114436 810 2 3 2 1 0 1 1 0 0 0 0 0 1 1 3 8 13 3 5 7 3 0 0 4 1 0 0 0 0 2
23114437 1064 1 3 1 0 1 1 0 0 0 0 0 0 1 2 3 0 0 3 0 4 0 8 7 6 0 2 13 1 3
23114438 935 10 1 1 2 2 3 2 1 3 3 1 1 0 2 1 0 0 0 0 4 3 3 0 2 1 1 3 2 2 7 3 1 4 3 0 5 13 3
23114440 889 8 2 3 2 2 1 2 3 1 1 0 3 1 0 0 0 0 2 4 2 3 3 4 13 0 1 6 3 0 1 7 3 0 0 2 1
23114443 905 4 1 1 1 3 1 0 2 1 0 0 0 0 3 0 1 2 13 2 0 7 6 6 3 2 4 0 0 1 0 0 0
23114444 882 4 2 1 2 2 1 0 1 1 0 0 0 0 1 3 0 1 1 0 3 0 2 0 4 0 4 4 3 0 5 7 13
23114449 975 7 1 3 2 3 3 2 2 1 0 3 1 0 0 0 0 1 3 3 2 3 1 0 13 4 4 2 1 1 5 0 0 0 0 1
23114451 708 0 1 0 3 1 0 0 0 0 0 0 0 2 4 3 13 0 7 3 3 1 1 4 3 0 0 2 3
23114452 851 0 1 0 3 1 0 0 0 0 0 0 0 0 3 3 3 6 5 4 1 2 4 3 0 13 5 4 0
23114453 899 5 3 1 3 3 2 1 0 1 1 0 0 0 0 1 1 3 4 4 13 5 1 5 7 0 2 2 3 0 0 0 3 0
23114454 862 10 1 2 2 3 2 3 1 3 2 1 1 0 1 1 0 0 0 0 3 4 3 2 5 13 3 1 3 1 8 2 5 2 0 1 0 0 0
23114455 866 7 1 3 2 2 2 3 2 1 0 3 1 0 0 0 0 1 4 2 1 3 13 3 3 4 7 6 0 4 6 1 0 1 0 0
23114456 931 4 1 3 2 3 1 0 3 1 0 0 0 0 1 1 2 13 2 3 1 5 1 4 0 2 3 3 0 1 0 2 0
23114458 1046 1 1 1 0 3 1 0 0 0 0 1 0 0 2 0 4 1 0 0 3 13 0 6 3 8 2 4 5 3
23114459 816 10 3 3 3 3 2 1 1 1 2 1 1 0 2 1 0 0 0 0 4 2 4 13 4 1 2 4 5 4 1 6 2 3 0 2 3 0 0
23114460 937 6 3 3 2 2 1 2 1 0 1 1 0 0 0 0 1 3 2 0 4 1 0 0 3 7 3 0 2 13 2 3 4 1 1
23114461 950 0 3 1 7 0.33333333333333331 8 0.33333333333333331 9 0.33333333333333331 0 0 0 0 0 1 3 7 3 1 9 2 6 5 5 4 13 4 2
23114462 860 8 1 1 3 2 1 2 3 2 1 0 3 1 0 0 0 0 3 3 2 0 0 3 0 6 3 0 2 7 5 2 0 13 1 1 0
23114464 950 10 1 2 1 1 2 3 2 3 3 1 1 0 3 1 0 0 0 0 4 3 3 0 2 3 0 2 0 5 0 13 1 7 1 3 3 2 3
23114465 912 4 2 3 2 1 1 0 2 1 0 0 0 0 1 2 1 13 3 3 0 1 4 1 1 3 5 4 1 2 0 3 2
23114467 875 0 1 0 2 1 0 0 0 0 0 0 0 3 6 6 13 1 6 4 5 1 0 0 3 0 2 0 0
23114469 903 2 1 1 1 0 3 1 0 0 0 0 2 0 0 6 2 3 2 13 0 0 2 1 3 5 3 4 3 0 0
23114470 898 1 3 1 0 3 1 0 0 0 0 0 0 1 0 1 0 6 0 13 2 3 1 4 4 2 2 3 1 3
23114471 870 6 2 1 2 2 2 1 1 0 1 1 0 0 0 0 2 4 0 0 1 0 3 0 3 4 3 8 7 3 2 3 1 4 13
23114473 931 8 2 1 2 1 3 3 2 1 1 0 1 1 0 0 0 0 3 3 2 2 1 1 13 3 1 3 2 5 4 5 3 2 3 2 3
23114475 949 5 1 3 3 1 2 1 0 2 1 0 0 0 0 2 1 2 2 4 3 0 4 3 3 0 13 6 4 1 8 0 0 0
23114476 961 7 2 1 2 3 3 1 3 1 0 2 1 0 0 0 0 2 2 3 3 3 4 13 0 1 7 4 0 4 3 2 0 0 0 1
23114477 916 4 2 1 3 2 1 0 3 1 0 0 0 0 1 2 1 1 4 13 0 4 2 3 4 4 1 3 0 0 0 2 1
23114479 924 7 3 1 2 2 3 3 1 1 0 2 1 0 0 0 0 2 2 3 0 1 3 0 1 2 5 2 3 4 3 4 0 13 3 1
23114481 948 8 2 1 2 3 1 3 2 3 1 0 1 1 0 0 0 0 2 3 3 13 1 4 2 3 2 3 1 1 4 2 4 3 6 0 0
23114482 765 0 1 0 1 1 0 0 0 0 0 0 0 0 2 1 4 0 1 13 2 2 4 5 5 1 0 0 2
23114483 1021 7 2 2 3 1 1 2 2 1 0 3 1 0 0 0 0 2 4 1 3 3 5 1 3 3 4 1 0 7 4 13 0 6 0 0
23114484 851 1 2 1 0 3 1 0 0 0 0 0 1 0 0 0 3 1 3 1 0 4 3 13 3 2 0 3 4 4
23114485 900 5 3 2 2 1 2 1 0 2 1 0 0 0 0 1 3 1 3 0 0 0 9 3 1 0 4 5 1 0 13 4 1 3
23114486 955 5 3 2 1 1 2 1 0 1 1 0 0 0 0 2 2 1 0 8 1 0 3 2 13 3 2 4 4 0 3 5 0 0
23114488 938 0 1 0 1 1 0 0 0 0 0 0 0 0 1 0 2 2 2 5 0 3 6 4 1 13 8 7 0
23114489 880 3 2 3 1 1 0 3 1 0 0 0 0 1 1 1 1 0 2 0 3 4 6 13 2 8 4 2 4 1 1 3
23114492 840 8 2 2 1 3 1 2 3 3 1 0 1 1 0 0 0 0 2 3 3 0 3 2 1 3 4 3 3 0 4 13 2 1 0 0 0
23114493 924 11 2 2 1 1 3 2 2 3 1 3 1 1 0 3 1 0 0 0 0 4 4 3 0 8 1 0 1 5 4 2 0 3 2 4 2 5 13 1
23114496 907 1 2 1 0 3 1 0 0 0 0 0 1 0 2 0 0 0 0 13 1 1 1 2 4 5 0 2 3 1
23114497 848 6 2 2 2 2 1 3 1 0 1 1 0 0 0 0 1 4 1 1 2 6 13 0 1 3 1 0 4 4 3 0 0 0 4
23114498 836 0 1 0 2 1 0 0 0 0 0 0 0 2 1 3 0 3 1 3 7 0 4 8 3 0 6 7 13
23114499 908 7 3 2 3 3 1 2 2 1 0 2 1 0 0 0 0 1 3 3 1 0 3 13 3 1 6 5 1 3 4 3 0 1 0 2
23114500 970 9 3 1 1 1 3 2 2 2 3 1 0 3 1 0 0 0 0 3 3 3 3 4 0 1 4 5 3 0 8 2 3 2 13 1 6 0
23114501 845 6 3 2 2 3 2 3 3 1 5 0.33333333333333331 6 0.33333333333333331 7 0.33333333333333331 0 3 3 0 0 3 0 1 3 13 0 5 4 7 1 0 0 1 0
23114502 908 11 3 3 2 3 1 1 3 2 1 2 2 1 0 1 1 0 0 0 0 3 4 4 6 8 1 5 2 0 9 13 0 1 2 5 3 0 3 0
23114503 896 1 3 1 0 1 1 0 0 0 0 0 0 1 2 4 4 13 3 7 6 8 0 3 4 3 0 1 0 2
23114504 860 1 1 1 0 3 1 0 0 0 0 1 0 0 13 6 3 0 7 5 7 0 1 5 2 1 2 3 2 0
23114505 846 6 2 3 2 1 1 3 1 0 1 1 0 0 0 0 2 2 2 2 3 0 0 3 3 0 0 3 5 7 0 13 4 4 3
23114507 897 0 1 0 2 1 0 0 0 0 0 0 0 0 5 2 0 13 1 3 0 4 3 1 1 9 2 4 3
23114510 970 10 2 2 1 1 3 3 1 1 3 3 1 0 2 1 0 0 0 0 4 2 4 1 6 4 2 0 4 3 5 2 3 1 13 0 0 2 0
23114511 917 10 1 3 2 1 2 3 2 3 3 1 1 0 1 1 0 0 0 0 3 3 4 0 0 0 2 3 3 1 13 3 9 5 4 2 3 5 3
23114512 1009 2 3 2 1 0 1 1 0 0 0 0 0 1 1 0 4 6 13 0 0 2 5 1 2 3 5 0 4 1 3
23114513 748 10 3 3 3 2 3 2 1 2 1 2 1 0 1 1 0 0 0 0 2 4 4 3 13 1 1 7 4 6 8 0 2 2 6 0 1 3 4
23114515 918 8 2 3 2 3 2 1 2 1 1 0 3 1 0 0 0 0 2 4 2 3 3 2 0 3 4 3 0 3 8 5 1 13 1 3 1
23114516 913 8 1 3 1 3 3 1 1 2 1 0 2 1 0 0 0 0 4 1 3 0 6 2 0 2 0 6 0 3 5 1 0 4 13 3 2
23114519 1004 7 2 2 3 3 3 1 3 1 0 2 1 0 0 0 0 1 2 4 1 3 5 13 0 6 4 9 0 1 0 3 0 1 2 0
23114520 768 11 1 3 2 3 3 1 2 1 3 2 2 1 0 1 1 0 0 0 0 3 4 4 2 5 1 0 1 7 6 3 4 1 2 13 2 3 4 3
23114521 919 0 1 0 2 1 0 0 0 0 0 0 0 13 2 4 0 6 2 5 1 5 5 0 3 1 0 1 0
23114523 840 5 1 2 2 1 3 1 0 3 1 0 0 0 0 2 2 1 0 1 3 4 3 5 13 4 2 5 3 5 0 2 1 3
23114524 849 0 1 0 2 1 0 0 0 0 0 0 0 7 13 2 2 4 3 5 1 1 3 0 0 3 0 0 1
23114525 960 2 1 1 1 0 2 1 0 0 0 0 2 0 0 13 4 7 2 6 4 2 3 2 3 4 0 1 0 1 0
23114527 808 4 2 1 3 2 1 0 3 1 0 0 0 0 1 2 1 0 1 2 0 4 7 4 1 5 1 2 3 13 4 3 0
23114529 964 7 1 2 3 1 1 3 3 1 0 1 1 0 0 0 0 3 1 3 13 3 4 0 5 3 2 2 4 0 0 0 2 0 3 0
23114530 822 5 3 3 1 2 1 1 0 2 1 0 0 0 0 2 1 2 4 1 3 2 2 13 1 0 3 6 3 5 3 5 4 0
23114531 864 2 3 1 1 0 2 1 0 0 0 0 1 0 1 13 8 4 2 3 3 7 0 3 4 3 0 0 2 1 1
23114534 872 6 2 1 2 3 3 1 1 0 2 1 0 0 0 0 2 2 2 4 1 2 3 3 4 5 3 3 13 0 0 1 0 0 0
23114535 845 0 1 0 2 1 0 0 0 0 0 0 0 2 1 3 13 3 5 4 5 1 4 1 3 0 0 0 2
23114537 838 1 1 1 0 2 1 0 0 0 0 1 0 0 1 3 0 0 5 4 6 0 2 4 6 3 3 13 4 3
23114538 997 4 2 3 1 1 1 0 1 1 0 0 0 0 2 1 1 1 2 9 0 13 5 3 0 6 3 2 3 0 0 2 0
23114539 922 2 3 3 1 0 2 1 0 0 0 0 0 0 2 3 2 3 0 4 5 13 0 3 6 7 5 3 8 1 1
23114540 930 6 1 2 2 3 1 3 1 0 3 1 0 0 0 0 2 2 2 2 1 3 3 7 3 4 2 0 1 3 13 0 1 2 0
23114542 884 9 2 1 3 2 1 2 1 3 1 1 0 2 1 0 0 0 0 4 3 2 13 1 3 0 2 4 1 3 2 8 6 1 3 4 2 0
23114543 1018 7 1 1 2 2 1 2 2 3 1 5 0.33333333333333331 6 0.33333333333333331 7 0.33333333333333331 3 4 0 3 0 7 3 0 0 3 4 0 5 6 1 4 13 7 3
23114544 808 2 1 2 1 0 3 1 0 0 0 0 1 1 0 3 0 0 0 1 2 1 0 13 3 3 0 4 2 4 3
23114546 918 3 2 1 1 1 0 1 1 0 0 0 0 2 1 0 3 0 0 0 3 1 2 0 0 5 3 2 2 4 3 13
23114549 1007 8 1 3 3 2 2 3 2 1 1 0 2 1 0 0 0 0 2 3 3 0 0 1 1 0 0 0 4 3 4 2 4 0 1 3 13
23114551 770 9 2 2 1 3 1 3 1 1 2 1 0 2 1 0 0 0 0 4 3 2 3 1 0 0 3 3 3 0 13 5 0 0 2 4 4 3
23114552 944 10 1 2 1 2 3 3 2 1 3 3 1 0 2 1 0 0 0 0 3 3 4 13 3 1 1 2 3 2 3 3 8 3 6 1 1 4 2
23114553 862 0 1 0 1 1 0 0 0 0 0 0 0 13 3 3 2 3 7 3 1 3 4 0 0 3 2 0 0
23114555 1070 11 3 3 3 1 1 1 3 2 2 1 2 1 0 2 1 0 0 0 0 4 3 4 4 4 2 1 13 3 3 3 4 5 3 0 3 0 0 0
23114556 885 1 2 1 0 3 1 0 0 0 0 0 1 0 13 1 4 0 5 6 3 1 4 1 0 2 3 0 2 0
23114557 920 11 3 2 1 2 1 3 3 1 1 3 2 1 0 2 1 0 0 0 0 4 3 4 1 2 3 13 0 2 4 1 0 2 5 6 0 0 1 4
23114558 818 3 3 3 1 1 0 2 1 0 0 0 0 1 0 2 1 6 3 3 13 4 3 3 3 4 2 0 0 3 0 0
23114559 924 9 3 1 1 2 3 1 2 3 3 1 0 2 1 0 0 0 0 3 2 4 2 1 3 0 1 5 2 2 3 7 4 8 3 3 1 13
23114560 1078 5 3 1 3 1 3 1 0 1 1 0 0 0 0 2 0 3 2 13 3 3 3 6 4 2 2 4 2 0 0 0 1 0
23114562 848 2 3 1 1 0 3 1 0 0 0 0 1 0 1 3 0 2 3 0 2 6 6 1 6 1 3 0 2 0 13
23114563 963 6 2 1 2 1 3 1 1 0 3 1 0 0 0 0 3 2 1 0 2 3 13 3 0 4 8 3 2 5 4 0 1 0 3
23114565 678 3 1 3 2 3 1 5 0.33333333333333331 6 0.33333333333333331 7 0.33333333333333331 1 1 1 0 2 0 1 0 0 0 4 0 13 4 8 3 3 5 3
23114566 868 7 1 1 3 2 1 2 1 1 0 3 1 0 0 0 0 4 2 1 13 3 2 3 6 7 3 0 5 5 2 0 3 0 0 0
23114567 880 11 2 1 2 1 3 3 1 3 2 3 1 1 0 2 1 0 0 0 0 4 3 4 2 4 2 3 3 4 13 1 3 1 0 0 3 0 0 0
23114569 828 4 3 2 1 3 1 0 3 1 0 0 0 0 1 1 2 3 6 3 0 13 4 4 0 3 6 0 2 0 0 1 0
23114571 889 4 2 2 3 1 1 0 3 1 0 0 0 0 1 2 1 1 0 1 3 2 4 4 6 0 2 7 13 1 0 3 0
23114573 949 8 2 3 1 1 1 2 3 3 1 0 1 1 0 0 0 0 3 2 3 0 0 2 0 1 3 0 0 3 2 4 2 13 9 5 0
23114574 791 7 1 2 1 3 2 3 2 1 0 2 1 0 0 0 0 2 3 2 1 5 1 0 6 4 4 0 3 1 2 0 3 4 13 3
23114578 871 2 2 2 1 0 3 1 0 0 0 0 0 2 0 0 2 1 0 0 3 3 0 1 1 7 13 3 7 4 3
23114580 906 4 2 3 2 2 1 0 3 1 0 0 0 0 0 3 1 6 3 3 13 7 5 4 1 3 1 3 1 0 1 0 2
23114581 913 4 3 3 1 2 1 0 3 1 0 0 0 0 1 1 2 13 3 3 3 3 3 5 0 4 6 1 0 0 0 2 0
23114582 918 0 3 1 8 0.33333333333333331 9 0.33333333333333331 10 0.33333333333333331 0 0 0 0 0 1 0 4 7 3 2 1 13 3 0 2 3 3 0
23114583 946 3 1 1 1 1 0 2 1 0 0 0 0 3 0 0 0 0 2 2 0 3 3 4 0 3 13 5 3 3 4 8
23114584 747 8 2 1 1 1 2 1 3 3 1 0 2 1 0 0 0 0 4 2 2 3 4 3 3 2 13 4 8 1 4 2 1 0 2 3 0
23114586 894 5 3 1 3 2 3 1 0 1 1 0 0 0 0 1 1 3 3 1 4 2 2 3 3 0 13 2 4 0 0 1 0 0
23114588 743 6 1 2 3 3 2 2 1 0 2 1 0 0 0 0 1 3 2 0 1 0 0 0 1 4 3 4 2 3 1 3 1 4 13
23114590 866 1 3 1 0 1 1 0 0 0 0 0 0 1 13 7 5 0 3 5 3 2 3 5 0 0 1 0 2 0
23114591 1007 7 2 3 3 3 1 1 2 1 0 3 1 0 0 0 0 2 2 3 13 4 2 0 2 4 4 1 0 0 3 2 1 0 1 0
23114592 1073 2 1 1 3 1 5 0.33333333333333331 6 0.33333333333333331 7 0.33333333333333331 2 0 0 0 1 5 2 0 0 4 4 3 2 2 13 0 6 0 0
23114594 926 7 3 1 2 3 1 2 3 1 0 3 1 0 0 0 0 2 2 3 4 4 3 2 13 7 7 0 9 0 1 0 7 0 0 0
23114595 1018 5 1 1 2 3 3 1 0 3 1 0 0 0 0 2 1 2 2 0 0 0 3 0 0 0 3 4 3 1 13 8 3 2
23114598 760 3 3 3 1 1 0 2 1 0 0 0 0 1 0 2 13 3 3 3 3 6 0 0 4 4 6 0 0 2 1 0
23114600 816 6 3 2 1 2 2 3 1 0 2 1 0 0 0 0 1 3 2 13 3 3 1 8 7 1 4 5 5 6 0 0 1 3 3
23114601 839 5 1 1 1 1 2 1 0 3 1 0 0 0 0 4 1 0 0 4 7 0 0 5 4 2 0 13 4 3 2 2 0 0
23114602 928 6 2 2 1 2 3 1 1 0 2 1 0 0 0 0 2 3 1 1 0 1 0 3 3 0 0 13 4 4 3 7 4 4 0
23114603 1008 8 3 2 1 1 1 3 2 3 1 0 1 1 0 0 0 0 3 2 3 2 2 5 1 2 0 3 13 0 6 3 4 0 3 2 1
23114604 893 6 1 3 1 2 3 2 1 0 1 1 0 0 0 0 2 2 2 9 4 3 3 0 4 13 0 2 3 2 3 0 0 1 0
23114605 876 4 1 3 1 2 1 0 1 1 0 0 0 0 2 1 1 1 0 0 2 3 5 4 0 4 13 2 3 3 2 0 0
23114607 960 6 3 1 3 3 3 2 1 0 1 1 0 0 0 0 1 1 4 3 3 0 0 5 4 3 1 13 5 2 0 0 0 0 2
23114608 946 8 1 3 2 2 1 3 2 3 1 0 2 1 0 0 0 0 2 3 3 13 3 1 1 4 5 2 0 4 1 4 0 0 0 3 0
23114609 856 4 1 2 2 1 1 0 3 1 0 0 0 0 2 2 0 1 13 2 2 0 5 7 3 0 1 5 3 0 2 1 0
23114610 998 8 1 2 1 1 2 3 3 2 1 0 3 1 0 0 0 0 3 3 2 0 3 3 4 3 5 13 3 4 5 6 2 0 6 3 1
23114613 1038 5 2 3 1 3 2 1 0 1 1 0 0 0 0 1 2 2 4 1 3 3 3 8 13 2 0 3 0 5 2 8 0 1
23114615 978 9 3 1 3 2 2 2 3 1 1 1 0 1 1 0 0 0 0 3 3 3 3 1 0 2 0 5 2 0 2 5 6 1 5 8 13 0
23114616 898 11 3 2 2 3 2 3 1 1 3 1 1 1 0 2 1 0 0 0 0 4 3 4 1 13 3 3 8 4 5 6 6 0 2 0 0 0 0 3
23114618 830 9 1 1 1 3 3 3 3 2 2 1 0 1 1 0 0 0 0 3 2 4 4 13 2 2 1 1 3 3 2 0 5 0 0 2 4 0
23114620 854 9 1 2 3 3 2 3 2 1 1 1 0 2 1 0 0 0 0 3 3 3 2 1 0 0 5 4 1 0 5 8 1 3 2 13 7 0
23114621 967 1 1 1 0 2 1 0 0 0 0 1 0 0 3 5 3 13 6 0 6 3 0 0 1 3 0 2 4 0
23114622 734 9 2 1 2 3 1 3 2 2 1 1 0 3 1 0 0 0 0 3 4 2 1 0 0 0 3 1 3 2 6 3 13 3 4 6 4 4
23114623 973 3 1 2 1 1 0 3 1 0 0 0 0 2 1 0 13 2 3 1 1 3 2 2 1 6 0 0 8 2 0 0
23114625 1017 11 1 3 2 3 1 3 2 3 2 1 2 1 0 1 1 0 0 0 0 3 4 4 0 2 1 13 0 4 5 1 2 5 4 6 6 4 0 7
23114626 898 11 2 1 3 1 3 1 3 2 1 3 2 1 0 2 1 0 0 0 0 4 3 4 1 7 5 13 0 3 3 2 0 4 7 0 0 0 2 1
23114627 928 0 1 0 1 1 0 0 0 0 0 0 0 4 2 13 0 3 1 3 0 2 1 2 2 0 5 1 0
23114629 871 6 2 3 1 3 2 1 1 0 2 1 0 0 0 0 2 2 2 9 7 13 0 3 5 3 0 3 1 4 3 3 0 0 0
23114630 990 1 2 1 0 2 1 0 0 0 0 0 1 0 4 13 7 1 4 1 8 5 0 3 2 0 0 0 0 1
23114631 914 8 2 1 3 1 2 1 3 2 1 0 2 1 0 0 0 0 3 3 2 13 1 1 3 7 5 1 0 2 3 4 3 2 2 1 0
23114632 919 2 3 3 1 0 1 1 0 0 0 0 0 0 2 0 2 2 1 0 4 5 0 0 1 3 3 2 3 13 8
23114635 964 10 2 1 3 1 1 2 1 2 2 3 1 0 3 1 0 0 0 0 4 4 2 3 13 4 3 0 4 1 3 0 2 3 3 0 3 0 6
23114636 880 1 2 1 0 1 1 0 0 0 0 0 1 0 0 3 5 4 0 8 7 6 2 1 5 13 2 4 1 0
23114637 905 1 3 1 0 2 1 0 0 0 0 0 0 1 1 9 4 13 3 4 1 4 2 7 2 4 3 1 0 0
23114638 951 0 1 0 3 1 0 0 0 0 0 0 0 0 1 0 0 13 3 2 0 6 5 4 6 4 3 3 3
23114643 790 6 2 2 2 3 1 3 1 0 3 1 0 0 0 0 1 3 2 0 4 3 13 2 5 4 3 1 4 7 3 0 1 4 1
23114644 972 10 2 3 1 3 2 1 2 1 2 1 1 0 3 1 0 0 0 0 4 4 2 0 1 3 0 0 4 1 3 0 2 1 6 2 2 4 13
23114645 902 6 2 3 1 1 3 1 1 0 3 1 0 0 0 0 3 1 2 1 2 3 13 1 7 8 2 0 2 5 5 0 0 2 3
23114647 941 2 1 2 1 0 3 1 0 0 0 0 1 1 0 0 2 0 0 1 0 1 4 2 3 4 13 4 4 5 3
23114648 892 10 3 2 1 3 2 1 1 2 3 1 1 0 3 1 0 0 0 0 4 3 3 2 3 4 13 3 7 5 7 0 5 4 3 0 1 0 2
23114649 921 9 3 2 1 3 1 3 3 2 2 1 0 1 1 0 0 0 0 2 3 4 0 3 3 4 2 4 5 3 1 4 7 13 0 7 1 2
23114653 725 10 3 1 1 3 2 1 3 2 2 1 1 0 3 1 0 0 0 0 4 3 3 0 3 5 13 2 1 1 4 0 7 5 2 0 2 0 3
23114655 819 4 3 3 3 1 1 0 2 1 0 0 0 0 1 0 3 4 3 5 9 13 6 0 3 8 2 5 0 3 1 0 0
23114657 855 7 2 2 3 1 1 1 3 3 1 4 0.33333333333333331 5 0.33333333333333331 6 0.33333333333333331 3 2 2 0 13 5 2 3 3 3 5 0 3 6 2 0 0 0 1
23114661 931 10 2 2 3 1 3 2 1 2 3 1 1 0 3 1 0 0 0 0 3 4 3 0 2 3 4 1 1 3 5 0 4 7 13 0 0 2 1
23114662 934 5 3 1 2 2 3 1 0 1 1 0 0 0 0 1 2 2 0 0 9 2 0 0 8 7 2 5 1 3 1 5 3 13
23114664 814 3 1 3 3 1 0 3 1 0 0 0 0 1 0 2 0 0 0 2 2 1 2 4 0 7 4 3 1 3 5 13
23114665 923 9 1 3 3 1 1 3 2 2 3 1 0 2 1 0 0 0 0 3 2 4 0 1 3 2 1 4 2 2 1 3 1 5 0 2 3 13
23114667 837 7 3 1 2 3 1 1 2 1 0 3 1 0 0 0 0 3 2 2 3 4 1 0 7 5 3 0 1 3 13 0 2 2 3 2
23114669 800 4 3 3 1 1 1 0 2 1 0 0 0 0 2 0 2 3 1 13 0 4 7 2 0 3 5 3 0 3 1 2 2
23114671 984 0 1 0 1 1 0 0 0 0 0 0 0 4 3 13 2 3 3 3 0 0 2 4 0 0 1 0 0
23114672 932 11 1 2 2 1 2 3 2 3 1 3 1 1 0 3 1 0 0 0 0 4 4 3 3 7 8 4 0 1 13 3 2 1 3 3 0 0 4 2
23114674 820 6 2 3 3 1 3 2 1 0 1 1 0 0 0 0 1 2 3 0 0 3 1 3 2 5 13 4 6 6 3 3 3 2 1
23114675 878 8 2 1 3 2 1 2 3 2 1 0 1 1 0 0 0 0 2 4 2 0 4 3 3 3 2 13 3 3 6 1 3 0 1 3 0
23114677 783 1 2 1 0 1 1 0 0 0 0 0 1 0 0 3 2 0 13 4 5 1 5 3 3 2 4 4 1 0
23114678 976 3 2 3 2 1 0 3 1 0 0 0 0 0 2 1 1 1 1 0 0 4 3 0 0 4 4 5 0 4 13 2
23114680 1042 3 2 3 2 1 0 3 1 0 0 0 0 0 2 1 4 4 1 1 0 6 3 13 1 2 5 9 0 3 2 1
23114681 816 9 2 1 2 3 1 2 3 2 3 1 0 1 1 0 0 0 0 2 4 3 4 13 3 1 4 6 1 0 1 4 2 0 0 2 0 0
23114683 829 11 2 3 2 3 1 2 3 1 3 2 1 1 0 1 1 0 0 0 0 3 4 4 7 0 0 0 13 3 0 1 5 4 3 2 4 4 3 0
23114686 1052 11 3 3 2 1 1 3 3 2 1 2 1 1 0 2 1 0 0 0 0 4 3 4 0 2 0 0 6 3 0 0 4 13 3 1 2 1 3 3
23114687 866 3 2 3 2 1 0 3 1 0 0 0 0 0 2 1 4 1 5 3 13 3 3 4 2 8 1 0 1 3 3 0
23114688 948 7 1 1 3 2 2 1 3 1 0 2 1 0 0 0 0 3 2 2 1 1 6 3 2 3 4 2 13 5 0 0 7 6 0 3
23114689 867 10 3 3 1 3 2 2 2 1 2 1 1 0 3 1 0 0 0 0 3 4 3 2 1 7 13 1 5 5 7 0 4 3 2 1 3 0 0
23114691 857 3 2 2 1 1 0 3 1 0 0 0 0 1 2 0 0 0 2 3 1 0 4 4 0 5 6 7 0 1 3 13
23114692 897 10 1 3 1 2 2 2 1 3 1 2 1 0 3 1 0 0 0 0 4 4 2 0 3 0 0 4 13 3 1 9 4 4 0 4 2 0 0
23114693 893 11 3 2 3 1 1 3 2 2 3 1 2 1 0 1 1 0 0 0 0 3 4 4 0 1 0 0 2 6 2 3 5 4 13 0 1 4 3 4
23114694 853 3 2 2 1 1 0 1 1 0 0 0 0 1 2 0 2 3 2 3 4 13 1 0 3 9 5 0 1 0 1 2
23114695 774 3 3 1 3 1 0 1 1 0 0 0 0 1 0 2 8 3 3 0 2 5 0 2 2 4 3 3 3 1 13 4
23114696 969 10 1 3 1 2 1 3 1 2 3 2 1 0 3 1 0 0 0 0 4 3 3 2 2 0 0 3 4 4 0 2 3 1 0 1 13 5 6
23114698 923 4 3 3 2 1 1 0 1 1 0 0 0 0 1 1 2 4 7 4 0 13 6 2 0 3 5 1 3 1 0 2 2
23114699 829 9 2 2 3 1 3 1 1 3 2 1 0 1 1 0 0 0 0 3 3 3 2 6 13 4 1 7 4 2 0 6 4 1 0 0 2 3
23114701 980 3 2 3 1 1 0 2 1 0 0 0 0 1 1 1 0 3 1 0 3 1 5 6 0 3 4 1 0 13 2 2
23114702 954 0 1 0 3 1 0 0 0 0 0 0 0 0 13 6 3 3 3 4 3 1 6 4 1 0 2 3 2
23114704 821 3 3 2 2 1 0 1 1 0 0 0 0 0 2 1 0 3 3 1 0 5 4 13 7 9 6 4 2 1 3 3
23114705 993 1 2 1 0 3 1 0 0 0 0 0 1 0 13 7 3 1 7 5 4 1 6 2 1 3 2 0 4 0
23114709 835 1 2 1 0 2 1 0 0 0 0 0 1 0 0 1 0 0 1 4 2 3 0 3 3 4 1 13 5 4
23114710 837 9 3 3 1 1 2 1 3 1 3 1 0 2 1 0 0 0 0 4 1 4 4 0 2 2 1 7 6 0 5 2 3 0 13 5 4 0
23114711 844 5 2 3 1 2 3 1 0 2 1 0 0 0 0 1 2 2 0 3 3 0 0 7 1 1 2 3 3 8 1 4 4 13
23114713 953 2 1 2 1 0 1 1 0 0 0 0 1 1 0 4 3 0 0 3 5 0 0 4 4 3 3 13 2 6 0
23114717 795 10 2 1 2 1 2 3 3 3 1 2 1 0 3 1 0 0 0 0 3 4 3 1 0 0 0 0 13 2 5 3 3 1 3 0 4 4 4
23114718 997 0 1 0 3 1 0 0 0 0 0 0 0 13 5 5 3 3 3 2 1 4 2 0 0 0 0 0 1
23114720 787 3 1 1 3 1 0 2 1 0 0 0 0 2 0 1 3 1 3 0 5 4 5 2 4 4 4 1 2 13 3 2
23114721 817 5 1 3 2 2 1 1 0 2 1 0 0 0 0 2 2 1 0 0 2 0 0 1 1 7 0 4 5 8 3 4 4 13
23114722 882 11 2 1 3 1 2 1 3 2 3 3 1 1 0 2 1 0 0 0 0 4 3 4 2 0 1 3 0 0 2 7 0 1 5 4 0 3 5 13
23114724 1019 3 3 1 1 1 0 2 1 0 0 0 0 2 0 1 3 5 0 0 1 7 2 0 3 4 6 0 13 4 2 5
23114725 1020 0 1 0 1 1 0 0 0 0 0 0 0 0 0 3 3 3 8 13 2 3 6 2 3 1 1 4 2
23114728 944 9 1 3 2 3 3 2 2 1 3 1 0 1 1 0 0 0 0 2 3 4 4 2 4 3 3 4 1 2 13 5 0 0 3 0 1 0
23114731 858 2 2 2 1 0 3 1 0 0 0 0 0 2 0 0 3 2 0 0 3 4 1 3 4 8 3 1 6 13 1
23114732 896 7 2 3 3 3 2 1 3 1 0 2 1 0 0 0 0 1 2 4 0 3 1 0 2 6 3 4 4 3 5 2 1 1 1 13
23114733 822 2 1 3 1 0 2 1 0 0 0 0 1 0 1 0 0 3 2 0 3 5 1 1 3 3 4 0 2 8 13
23114734 965 8 3 3 1 2 3 1 2 2 1 0 3 1 0 0 0 0 2 3 3 0 0 0 9 0 13 4 3 0 4 3 3 1 3 3 7
23114735 909 0 1 0 2 1 0 0 0 0 0 0 0 2 13 1 1 4 4 7 4 1 6 6 3 3 3 2 0
23114737 831 4 3 1 1 2 1 0 1 1 0 0 0 0 2 1 1 0 0 3 0 3 4 2 0 4 7 4 0 6 8 13 2
23114739 1090 3 2 2 1 3 1 7 0.33333333333333331 8 0.33333333333333331 9 0.33333333333333331 1 2 0 2 1 0 0 0 1 0 3 0 1 3 4 2 5 7 13
23114740 787 0 1 0 1 1 0 0 0 0 0 0 0 4 3 3 2 5 6 5 3 2 7 9 13 1 3 0 0
23114741 1109 10 2 3 2 2 3 1 2 1 3 1 1 0 3 1 0 0 0 0 3 4 3 13 4 3 5 2 1 8 1 4 1 2 0 1 0 2 0
23114743 855 4 2 1 3 3 1 0 1 1 0 0 0 0 1 1 2 2 0 3 13 0 4 3 4 3 6 4 2 0 0 1 0
23114744 971 11 2 1 3 2 3 3 1 2 3 2 1 1 0 1 1 0 0 0 0 3 4 4 13 8 4 0 5 2 1 0 3 2 0 1 4 0 3 0
23114745 752 10 3 2 1 1 2 3 3 3 2 1 1 0 2 1 0 0 0 0 3 3 4 3 4 13 0 1 1 7 2 3 3 2 0 3 1 0 5
23114747 891 3 2 1 2 1 0 1 1 0 0 0 0 1 2 0 0 4 3 3 3 1 3 0 5 4 3 0 13 8 2 0
23114748 789 2 2 3 1 0 3 1 0 0 0 0 0 1 1 3 4 1 1 1 0 3 13 0 2 8 4 0 3 5 2
23114754 900 7 2 3 2 1 1 2 3 1 0 1 1 0 0 0 0 2 3 2 0 4 2 1 3 6 4 4 0 13 2 4 0 0 1 0
23114755 819 6 3 2 3 1 3 1 1 0 1 1 0 0 0 0 2 1 3 2 2 0 1 5 2 0 0 4 4 0 0 13 4 3 0
23114756 996 1 2 1 0 1 1 0 0 0 0 0 1 0 3 3 3 4 0 5 13 1 2 3 2 6 1 4 0 3
23114757 844 1 3 1 0 2 1 0 0 0 0 0 0 1 13 4 1 3 2 3 5 0 3 1 2 0 1 0 3 0
23114759 908 5 3 2 1 3 2 1 0 1 1 0 0 0 0 1 2 2 0 3 3 0 0 1 3 3 2 3 4 1 2 1 2 13
23114760 863 8 2 3 2 2 3 1 2 3 1 0 3 1 0 0 0 0 1 4 3 2 1 0 0 1 5 1 0 4 4 0 0 13 4 3 1
23114763 852 10 1 3 3 3 1 1 2 2 1 2 1 0 2 1 0 0 0 0 4 3 3 2 1 6 1 2 3 5 1 13 2 3 0 3 3 0 0
23114764 933 3 2 1 1 1 0 3 1 0 0 0 0 2 1 0 0 4 0 3 0 1 2 0 0 4 4 2 1 2 6 13
23114767 772 10 2 1 2 1 3 2 2 3 3 1 1 0 1 1 0 0 0 0 3 4 3 3 5 3 0 3 2 6 2 13 3 4 1 3 1 5 5
23114769 828 2 3 1 1 0 1 1 0 0 0 0 1 0 1 0 2 0 0 0 0 3 3 4 13 4 1 2 5 2 4
23114770 943 5 2 3 1 3 3 1 0 2 1 0 0 0 0 1 1 3 1 0 2 0 0 3 3 0 0 2 4 3 1 13 5 1
23114772 835 11 2 1 3 2 1 2 1 1 2 3 3 3 1 6 0.33333333333333331 7 0.33333333333333331 8 0.33333333333333331 4 4 3 3 1 5 4 1 8 2 5 3 4 6 13 0 5 2 3
23114773 799 0 1 0 1 1 0 0 0 0 0 0 0 3 3 3 2 2 1 13 0 5 4 0 0 3 3 3 0
23114774 946 0 1 0 3 1 0 0 0 0 0 0 0 3 2 3 0 13 4 1 3 2 1 6 1 0 3 2 0
23114776 835 10 3 2 3 1 2 2 1 1 2 3 1 0 3 1 0 0 0 0 3 4 3 13 3 1 2 3 5 1 5 5 4 6 0 1 2 0 0
23114777 884 4 3 1 2 1 1 0 2 1 0 0 0 0 2 1 1 3 7 2 4 6 3 13 1 0 2 3 6 0 1 0 0
23114778 894 5 3 2 1 2 1 1 0 1 1 0 0 0 0 2 2 1 13 3 1 0 5 2 0 0 2 5 4 3 2 4 1 0
23114779 799 3 3 1 3 1 0 3 1 0 0 0 0 1 0 2 3 0 0 2 2 3 4 0 3 13 1 0 6 3 3 0
23114780 993 4 2 1 3 2 1 0 3 1 0 0 0 0 1 2 1 0 13 1 4 3 5 3 2 0 6 7 1 2 1 4 0
23114782 909 2 3 1 1 0 1 1 0 0 0 0 1 0 1 6 9 0 0 2 5 6 4 0 8 7 2 4 6 13 3
23114785 1066 3 1 1 1 1 0 2 1 0 0 0 0 3 0 0 2 0 2 0 5 0 2 0 4 1 7 5 13 4 4 8
23114786 898 7 2 3 3 1 2 1 3 1 0 2 1 0 0 0 0 2 2 3 1 3 3 3 13 4 7 3 7 3 5 0 0 1 0 2
23114789 928 4 1 1 3 2 1 0 3 1 0 0 0 0 2 1 1 0 0 6 0 13 8 1 0 9 6 6 0 2 2 3 6
23114790 978 10 1 1 3 2 1 3 2 2 3 2 3 1 4 0.33333333333333331 5 0.33333333333333331 6 0.33333333333333331 3 4 3 0 3 1 0 3 3 4 0 2 4 3 0 13 8 5 1
23114791 960 3 1 3 1 1 0 3 1 0 0 0 0 2 0 1 0 0 1 0 1 3 3 2 2 5 3 2 0 13 3 2
23114792 934 6 3 1 2 1 2 1 1 0 3 1 0 0 0 0 3 2 1 2 4 6 2 13 4 3 3 2 4 6 1 3 1 0 0
23114793 897 8 3 3 1 1 2 2 1 1 1 0 2 1 0 0 0 0 4 2 2 0 0 3 0 2 0 0 0 4 13 4 4 9 4 4 3
23114797 800 2 1 2 1 0 3 1 0 0 0 0 1 1 0 3 0 0 0 2 13 0 0 1 8 4 3 4 4 0 3
23114798 946 6 1 3 2 1 1 2 1 0 1 1 0 0 0 0 3 2 1 3 3 3 13 2 2 3 8 0 1 5 8 0 0 5 2
23114799 907 1 1 1 0 3 1 0 0 0 0 1 0 0 0 13 6 4 0 2 6 2 0 2 5 0 1 3 3 1
23114800 1071 9 3 1 3 1 3 2 2 2 1 1 0 1 1 0 0 0 0 3 3 3 3 2 13 4 2 5 3 1 0 4 1 2 0 1 0 2
23114801 751 0 1 0 3 1 0 0 0 0 0 0 0 0 3 5 13 1 3 1 5 0 0 3 4 0 2 0 2
23114802 917 7 3 2 3 1 2 3 1 1 0 3 1 0 0 0 0 2 2 3 2 0 0 0 0 1 0 2 1 7 0 0 3 4 13 3
23114803 980 2 1 2 1 0 2 1 0 0 0 0 1 1 0 3 4 1 3 2 3 13 0 5 0 0 0 1 3 0 3
23114807 959 6 2 3 3 1 2 1 1 0 3 1 0 0 0 0 2 2 2 13 2 6 0 4 4 2 0 1 7 4 1 5 0 3 0
23114808 939 0 1 0 2 1 0 0 0 0 0 0 0 0 5 7 13 0 1 5 3 0 0 4 1 3 2 0 0
23114809 872 4 1 3 1 3 1 0 1 1 0 0 0 0 2 0 2 0 0 2 0 3 7 3 2 0 4 4 2 3 3 13 3
23114810 925 11 3 2 2 3 1 1 1 2 2 3 3 1 0 1 1 0 0 0 0 3 4 4 0 3 0 0 0 0 6 4 2 3 5 1 3 13 8 6
23114811 954 7 1 3 2 2 1 3 2 1 0 2 1 0 0 0 0 2 3 2 0 0 3 0 0 13 5 2 3 4 1 1 4 5 1 3
