21310001 532 7 3 2 2 1 2 3 3 1 0 1 1 0 0 0 0 1 3 3 0 2 1 12 2 3 4 7 1 3 0 4 0 1 0 0
21310002 505 0 1 0 2 1 0 0 0 0 0 0 0 1 4 0 0 2 3 0 0 4 6 3 0 12 4 4 1
21310003 490 2 3 2 1 0 1 1 0 0 0 0 0 1 1 3 3 2 0 4 5 5 1 0 7 12 0 0 1 0 2
21310004 546 10 1 1 1 1 2 3 3 3 2 2 1 0 3 1 0 0 0 0 4 3 3 2 3 12 2 4 7 6 1 3 6 2 0 5 1 0 0
21310005 602 8 2 1 3 3 2 1 2 2 3 1 4 0.33333333333333331 5 0.33333333333333331 6 0.33333333333333331 2 4 2 0 1 0 0 3 4 1 0 2 1 4 3 12 5 3 0
21310006 589 8 1 2 2 3 3 1 3 2 1 0 2 1 0 0 0 0 2 3 3 12 1 2 3 6 5 6 0 1 3 8 0 0 0 0 1
21310007 542 11 3 3 3 1 2 3 2 2 1 1 1 1 0 2 1 0 0 0 0 4 3 4 3 1 4 5 12 6 3 3 2 5 3 5 0 3 6 0
21310008 442 10 2 3 1 1 2 3 3 2 1 2 1 0 1 1 0 0 0 0 3 4 3 3 6 12 0 4 4 5 0 0 0 1 3 0 0 2 0
21310009 540 11 1 2 3 2 1 1 3 1 2 2 3 1 0 3 1 0 0 0 0 4 4 3 2 1 4 12 0 3 6 3 3 4 3 4 0 1 0 2
21310010 511 2 2 2 1 0 3 1 0 0 0 0 0 2 0 0 1 1 0 0 3 0 3 0 5 1 5 2 6 8 12
21310011 585 6 3 1 1 2 1 3 3 1 6 0.33333333333333331 7 0.33333333333333331 8 0.33333333333333331 3 1 2 0 0 2 2 4 1 2 0 4 3 3 0 12 5 4 0
21310012 499 2 3 3 1 0 3 1 0 0 0 0 0 0 2 0 0 1 0 1 12 2 4 4 3 3 0 1 2 5 2
21310013 525 8 1 2 3 3 3 1 1 2 3 1 7 0.33333333333333331 8 0.33333333333333331 9 0.33333333333333331 3 2 3 0 0 0 2 0 0 3 5 0 2 4 6 1 3 3 12
21310014 593 10 3 1 2 1 1 2 3 2 1 3 1 0 3 1 0 0 0 0 4 3 3 0 2 2 0 5 6 12 0 4 5 7 3 1 2 3 1
21310015 581 8 3 1 2 3 2 2 1 1 1 0 3 1 0 0 0 0 3 3 2 0 7 0 0 3 5 2 2 12 5 1 0 1 4 3 0
21310016 593 8 3 2 1 1 3 3 2 2 1 0 1 1 0 0 0 0 2 3 3 1 3 2 12 3 6 4 6 0 4 3 3 3 0 0 0
21310017 546 4 2 1 1 1 1 0 2 1 0 0 0 0 3 1 0 2 0 0 0 2 4 0 0 5 4 3 3 1 6 12 0
21310018 543 0 1 0 2 1 0 0 0 0 0 0 0 2 3 0 0 0 1 4 3 0 0 4 4 0 1 7 12
21310019 516 10 2 1 3 2 1 3 1 3 2 3 3 1 4 0.33333333333333331 5 0.33333333333333331 6 0.33333333333333331 3 3 4 0 0 2 0 2 5 2 1 1 5 6 9 3 3 12 1
21310020 563 6 3 2 3 1 2 3 1 0 2 1 0 0 0 0 1 2 3 4 4 4 1 12 3 5 1 0 2 1 0 0 2 3 1
21310021 626 1 2 1 0 3 1 0 0 0 0 0 1 0 1 3 6 12 2 4 5 4 0 3 1 1 0 0 0 2
21310022 521 9 2 3 1 2 1 2 3 1 1 1 0 3 1 0 0 0 0 4 3 2 12 6 6 0 3 6 0 0 3 4 6 0 3 0 0 2
21310023 582 8 3 3 2 1 3 2 1 1 1 0 1 1 0 0 0 0 3 2 3 2 3 7 3 0 0 1 12 0 0 3 2 2 3 0 4
21310024 567 10 1 2 1 3 2 3 2 1 3 1 1 0 2 1 0 0 0 0 4 3 3 12 6 5 1 4 5 3 0 3 3 0 0 3 2 0 0
21310025 572 2 1 3 1 0 2 1 0 0 0 0 1 0 1 0 0 0 3 0 3 12 3 3 3 3 3 6 5 4 3
21310026 558 5 3 1 1 1 3 1 0 1 1 0 0 0 0 3 0 2 3 0 0 0 0 0 2 4 2 4 5 5 2 2 3 12
21310027 534 1 1 1 0 2 1 0 0 0 0 1 0 0 3 3 2 1 5 7 4 0 12 3 1 0 0 0 2 0
21310028 584 8 1 1 3 3 2 2 1 2 1 0 1 1 0 0 0 0 3 3 2 0 2 0 1 3 3 7 2 0 4 5 3 0 4 4 12
21310029 601 0 3 1 4 0.33333333333333331 5 0.33333333333333331 6 0.33333333333333331 0 0 0 12 5 3 0 3 6 4 0 3 3 0 3 1 2 0 0
21310030 537 0 1 0 2 1 0 0 0 0 0 0 0 0 3 12 4 0 2 5 3 1 5 0 3 0 3 1 0
21310031 572 8 2 3 1 3 1 2 3 2 1 0 2 1 0 0 0 0 2 3 3 0 12 4 3 2 6 1 1 0 3 0 3 1 0 3 0
21310032 567 9 2 1 3 3 3 1 3 2 1 1 0 1 1 0 0 0 0 3 2 4 0 0 4 2 0 0 5 4 0 0 0 4 2 3 3 12
21310033 542 0 1 0 2 1 0 0 0 0 0 0 0 0 0 0 1 4 3 3 2 3 7 1 0 12 3 7 0
21310034 533 2 1 2 1 0 3 1 0 0 0 0 1 1 0 12 7 7 2 5 4 0 4 3 1 1 3 2 0 0 0
21310035 564 5 2 1 1 3 1 1 0 3 1 0 0 0 0 3 1 1 0 0 0 2 1 0 4 12 0 2 7 5 0 2 4 4
21310036 554 0 1 0 3 1 0 0 0 0 0 0 0 4 12 5 1 3 6 2 0 2 0 4 0 1 0 0 0
21310037 538 5 3 2 1 1 3 1 0 3 1 0 0 0 0 2 1 2 12 8 4 2 6 3 3 0 4 3 2 1 1 0 2 0
21310038 461 10 2 2 1 1 3 3 2 1 1 3 1 0 3 1 0 0 0 0 4 3 3 0 2 0 0 0 1 3 3 0 4 12 2 4 5 5 3
21310039 498 9 3 2 3 2 3 3 2 1 1 1 0 2 1 0 0 0 0 2 3 4 1 2 0 0 1 5 3 3 0 6 3 5 0 1 4 12
21310040 587 0 1 0 3 1 0 0 0 0 0 0 0 0 0 2 0 3 0 1 3 0 3 7 3 0 7 12 4
21310041 489 9 1 2 2 3 1 3 2 1 3 1 0 1 1 0 0 0 0 3 3 3 2 3 4 4 2 3 6 7 0 0 1 12 0 0 0 8
21310042 558 5 1 2 1 3 1 1 0 2 1 0 0 0 0 3 1 1 0 0 3 12 2 2 4 6 0 0 4 1 1 0 2 3
21310044 526 4 1 1 3 1 1 0 2 1 0 0 0 0 3 0 1 0 3 3 0 0 2 5 2 3 4 4 4 4 12 3 0
21310045 487 11 1 1 3 3 3 1 2 3 1 2 2 1 0 2 1 0 0 0 0 4 3 4 4 6 2 0 0 12 3 1 2 0 5 0 0 0 1 3
21310046 531 0 3 1 7 0.33333333333333331 8 0.33333333333333331 9 0.33333333333333331 0 0 0 0 2 0 0 0 3 0 0 1 5 4 3 0 12 5 3
21310047 558 3 2 3 3 1 0 1 1 0 0 0 0 0 1 2 2 1 3 1 2 7 4 12 0 6 4 3 3 4 0 0
21310049 615 5 1 3 2 3 2 1 0 3 1 0 0 0 0 1 2 2 3 1 0 0 3 3 0 0 5 4 6 2 12 3 1 0
21310050 616 6 3 2 3 2 2 2 1 0 3 1 0 0 0 0 0 4 2 0 0 0 1 5 3 1 0 12 6 1 0 1 3 0 3
21310051 528 8 2 1 3 1 1 3 2 3 1 0 2 1 0 0 0 0 3 2 3 0 0 3 2 3 5 4 1 4 3 3 0 12 3 0 0
21310052 513 1 2 1 0 3 1 0 0 0 0 0 1 0 0 1 1 0 0 12 6 0 4 4 1 2 0 0 0 2
21310053 498 3 2 2 1 1 0 3 1 0 0 0 0 1 2 0 0 0 3 7 4 3 6 12 1 3 3 5 0 3 0 0
21310054 569 9 3 2 1 3 1 2 1 3 2 1 0 3 1 0 0 0 0 3 3 3 2 0 0 0 0 0 0 5 1 1 5 6 1 2 12 2
21310055 509 2 3 2 1 0 2 1 0 0 0 0 0 1 1 6 3 3 0 1 6 1 3 12 2 0 0 1 3 0 0
21310056 519 11 1 2 1 1 2 3 3 3 3 2 1 1 0 2 1 0 0 0 0 4 3 4 1 0 0 0 5 6 0 0 12 1 2 3 6 2 3 0
21310057 567 3 3 3 2 1 0 1 1 0 0 0 0 0 1 2 0 1 2 0 12 3 7 3 8 4 2 3 5 1 4 0
21310058 488 3 2 1 3 1 0 1 1 0 0 0 0 1 1 1 1 2 3 2 3 7 4 12 0 0 9 4 0 3 3 0
21310060 552 6 2 2 2 1 3 3 1 0 3 1 0 0 0 0 1 3 2 0 2 1 0 12 3 3 0 5 5 7 0 4 1 3 1
21310061 488 11 3 2 3 2 3 1 1 3 2 2 1 1 0 1 1 0 0 0 0 3 4 4 12 5 3 4 3 6 2 1 3 3 0 0 0 0 0 3
21310062 560 10 3 1 1 2 1 1 2 3 2 2 1 0 3 1 0 0 0 0 4 4 2 12 4 3 2 2 0 1 0 5 1 3 0 3 0 0 0
21310063 551 10 3 1 2 2 1 1 3 2 3 2 1 0 3 1 0 0 0 0 3 4 3 1 12 4 3 1 4 3 4 0 2 4 1 0 0 2 0
21310064 557 3 2 1 2 1 0 3 1 0 0 0 0 1 2 0 0 3 12 4 2 3 4 5 3 0 3 1 0 0 1 0
21310065 521 0 1 0 2 1 0 0 0 0 0 0 0 0 0 2 1 0 0 4 4 0 4 6 7 1 5 7 12
21310066 548 0 1 0 1 1 0 0 0 0 0 0 0 2 5 4 12 2 1 3 5 0 0 4 4 0 0 3 0
21310067 629 10 2 2 2 1 3 1 2 3 3 1 1 0 3 1 0 0 0 0 3 4 3 1 0 2 0 1 1 3 3 2 4 6 12 0 3 4 3
21310069 561 4 3 1 1 1 1 0 2 1 0 0 0 0 3 0 1 0 2 3 0 0 2 6 0 1 3 4 0 2 3 12 7
21310070 501 7 2 1 2 2 1 3 1 1 0 1 1 0 0 0 0 3 3 1 4 2 12 0 3 4 6 1 0 5 3 0 0 3 3 2
21310071 604 9 1 3 3 2 3 3 2 2 1 1 0 2 1 0 0 0 0 2 3 4 0 1 3 3 0 2 6 1 4 2 4 4 1 12 1 5
21310072 600 10 1 2 1 3 3 1 3 2 2 2 1 0 3 1 0 0 0 0 3 4 3 0 3 1 0 1 4 2 0 0 6 5 0 0 3 12 3
21310073 600 11 1 1 3 2 2 3 2 2 3 3 1 1 0 1 1 0 0 0 0 3 4 4 12 4 1 3 3 3 6 2 4 1 1 2 2 0 0 0
21310074 511 8 2 2 3 3 1 3 3 2 1 0 1 1 0 0 0 0 1 3 4 12 4 3 1 8 3 2 0 3 4 0 0 1 3 0 0
21310075 560 11 2 2 1 3 1 3 3 3 1 2 1 1 0 2 1 0 0 0 0 4 3 4 0 0 6 1 0 5 5 2 3 1 3 3 0 12 2 3
21310076 560 5 2 1 1 3 2 1 0 3 1 0 0 0 0 2 2 1 2 3 0 0 0 4 3 8 3 5 5 1 4 7 12 0
21310077 492 5 1 2 3 1 1 1 0 2 1 0 0 0 0 3 1 1 3 0 2 0 3 4 6 0 0 5 4 3 0 3 6 12
21310078 573 0 1 0 1 1 0 0 0 0 0 0 0 0 0 5 12 3 2 5 4 0 0 2 4 1 0 0 3
21310079 535 6 2 1 3 2 1 2 1 0 3 1 0 0 0 0 2 3 1 0 0 3 0 4 3 1 1 5 4 2 0 12 4 3 3
21310080 633 2 2 2 1 0 2 1 0 0 0 0 0 2 0 12 3 5 1 4 7 4 4 1 3 0 0 3 1 0 0
21310081 541 10 2 1 2 3 2 2 3 1 1 3 1 0 3 1 0 0 0 0 3 4 3 1 0 4 12 2 3 5 1 0 0 5 2 0 4 3 1
21310082 542 0 1 0 2 1 0 0 0 0 0 0 0 0 3 6 12 1 4 4 7 0 2 4 1 0 0 0 3
21310083 584 8 2 1 1 3 2 1 3 1 1 0 2 1 0 0 0 0 4 2 2 4 0 5 0 5 4 12 4 6 3 3 0 3 3 2 0
21310084 475 8 1 2 3 2 1 3 2 3 1 0 3 1 0 0 0 0 2 3 3 0 0 4 1 0 0 3 3 0 2 4 1 1 3 2 12
21310085 584 2 2 1 1 0 2 1 0 0 0 0 1 1 0 3 3 0 1 12 5 1 0 5 2 2 0 0 1 0 0
21310086 499 11 2 2 3 1 1 1 3 3 2 3 2 1 0 1 1 0 0 0 0 3 4 4 0 1 2 0 4 4 0 0 3 5 4 3 12 2 4 1
21310087 497 7 3 3 1 1 2 1 3 1 0 2 1 0 0 0 0 3 1 3 0 0 0 3 0 3 1 3 2 2 4 12 0 4 4 6
21310088 576 8 3 3 2 3 1 2 2 3 1 0 1 1 0 0 0 0 1 3 4 2 0 0 0 1 1 0 0 5 5 4 3 12 4 4 3
21310089 585 6 3 3 3 2 1 1 1 0 2 1 0 0 0 0 2 1 3 0 3 1 2 0 3 12 4 0 0 4 5 1 0 3 2
21310090 515 5 3 1 2 3 2 1 0 1 1 0 0 0 0 1 2 2 12 5 5 0 8 4 2 2 7 6 4 1 1 0 0 0
21310091 601 5 1 2 3 3 2 1 0 2 1 0 0 0 0 1 2 2 12 4 3 0 7 6 1 0 4 0 3 1 3 0 0 0
21310092 550 7 1 2 1 3 1 2 3 1 0 2 1 0 0 0 0 3 2 2 0 12 4 2 0 3 5 2 0 3 1 0 3 0 1 0
21310093 590 4 1 3 3 2 3 1 7 0.33333333333333331 8 0.33333333333333331 9 0.33333333333333331 1 1 2 3 3 12 6 3 5 5 0 3 3 3 0 0 2 0 1
21310094 514 7 1 2 2 1 3 1 2 3 1 5 0.33333333333333331 6 0.33333333333333331 7 0.33333333333333331 3 3 1 3 4 12 0 2 3 5 4 1 0 3 0 3 0 0 3
21310095 501 5 2 1 3 2 2 1 0 3 1 0 0 0 0 1 3 1 1 2 0 1 0 0 5 3 0 4 3 1 0 4 4 12
21310096 530 3 3 2 2 1 0 2 1 0 0 0 0 0 2 1 1 3 6 12 0 4 5 4 2 1 3 4 0 3 1 1
21310097 498 4 2 2 1 3 1 0 2 1 0 0 0 0 1 2 1 12 1 5 0 6 4 4 3 3 3 1 1 0 0 2 0
21310098 587 9 2 2 3 3 1 1 1 3 3 1 0 2 1 0 0 0 0 3 2 4 5 6 3 12 3 4 5 4 0 0 3 3 0 0 2 1
21310099 538 2 3 1 1 0 2 1 0 0 0 0 1 0 1 0 1 0 0 12 4 0 0 5 4 6 0 3 3 3 2
21310100 591 9 1 1 3 1 3 2 2 1 3 1 0 2 1 0 0 0 0 4 2 3 2 2 0 0 0 5 1 1 3 4 3 4 0 2 3 12
21310101 595 10 2 1 1 1 2 3 3 3 2 1 1 0 3 1 0 0 0 0 4 3 3 0 0 2 3 0 12 4 3 2 3 6 7 1 1 3 2
21310102 607 8 2 1 2 3 1 3 2 1 1 0 1 1 0 0 0 0 3 3 2 3 3 5 12 3 4 7 4 0 0 5 2 0 3 0 0
21310103 566 5 3 1 3 2 2 1 0 2 1 0 0 0 0 1 2 2 0 0 3 0 3 3 4 1 6 4 6 4 1 6 8 12
21310104 596 8 3 1 3 2 1 2 1 2 1 0 3 1 0 0 0 0 3 3 2 12 4 3 0 3 5 5 0 2 3 0 0 0 1 0 4
21310106 565 2 3 1 1 0 2 1 0 0 0 0 1 0 1 12 5 3 2 1 4 4 0 3 2 1 0 3 3 0 0
21310107 553 11 2 3 1 2 2 3 3 1 1 1 2 1 0 3 1 0 0 0 0 4 4 3 0 1 3 2 0 1 6 5 2 4 5 12 3 3 3 0
21310108 520 8 3 3 2 2 1 1 2 3 1 0 2 1 0 0 0 0 2 3 3 0 1 0 0 2 3 3 0 3 6 5 1 12 1 4 3
21310109 547 7 2 3 2 1 1 2 1 1 0 3 1 0 0 0 0 3 3 1 0 0 3 0 1 2 0 0 3 4 3 4 3 6 12 4
21310110 647 5 1 3 3 2 2 1 0 3 1 0 0 0 0 1 2 2 4 6 8 12 0 3 4 5 1 3 6 2 0 1 0 0
21310111 609 2 1 3 1 0 2 1 0 0 0 0 1 0 1 0 0 0 5 1 2 5 5 0 0 6 7 0 3 4 12
21310112 640 4 3 2 3 1 1 0 3 1 0 0 0 0 1 1 2 12 8 4 0 4 5 0 1 3 3 2 0 0 2 1 0
21310113 530 0 1 0 1 1 0 0 0 0 0 0 0 3 0 2 0 0 4 2 3 4 3 3 0 1 4 12 0
21310114 526 7 3 1 2 3 3 1 3 1 0 1 1 0 0 0 0 2 1 4 0 2 0 2 1 4 1 3 0 3 3 12 2 5 5 2
21310116 525 5 1 3 2 1 3 1 0 2 1 0 0 0 0 2 1 2 2 0 1 0 3 1 3 0 4 12 2 0 4 4 5 6
21310117 549 6 3 1 1 1 3 2 1 0 3 1 0 0 0 0 3 1 2 1 3 0 6 8 3 0 0 2 4 5 2 3 12 2 0
21310118 613 0 1 0 3 1 0 0 0 0 0 0 0 0 2 2 1 0 3 3 5 0 4 7 12 2 1 4 1
21310119 493 1 2 1 0 3 1 0 0 0 0 0 1 0 0 0 2 4 1 1 1 3 0 3 6 12 2 4 3 3
21310120 555 9 2 3 1 3 1 1 3 1 3 3 1 6 0.33333333333333331 7 0.33333333333333331 8 0.33333333333333331 4 1 4 5 2 0 0 7 5 0 2 7 4 3 0 12 3 2 0
21310121 545 10 1 3 2 3 3 2 2 3 1 2 1 0 1 1 0 0 0 0 2 4 4 0 3 4 1 1 5 3 3 4 7 4 2 12 3 3 4
21310122 508 1 2 1 0 3 1 0 0 0 0 0 1 0 0 0 0 3 1 3 12 3 4 5 4 4 0 2 6 1
21310123 539 2 3 3 1 0 2 1 0 0 0 0 0 0 2 6 0 2 0 4 5 1 1 4 6 3 0 3 4 12 0
21310124 527 3 3 3 3 1 0 1 1 0 0 0 0 0 0 3 0 4 6 12 2 3 5 1 1 0 2 3 0 0 0 2
21310125 530 11 2 3 2 1 1 2 3 1 3 1 2 1 0 3 1 0 0 0 0 4 4 3 1 2 4 12 0 3 4 5 0 2 7 3 0 1 0 0
21310126 539 2 2 3 1 0 2 1 0 0 0 0 0 1 1 0 0 1 3 1 3 5 12 2 7 4 1 0 4 3 3
21310127 581 4 1 3 2 3 1 0 1 1 0 0 0 0 1 1 2 1 2 2 3 4 4 4 0 12 5 5 0 0 7 7 0
21310128 532 9 1 3 3 2 2 1 1 3 1 1 0 2 1 0 0 0 0 4 2 3 0 4 6 12 3 4 5 4 3 3 4 6 2 0 0 0
21310129 543 11 3 3 1 1 2 2 2 2 3 1 1 1 0 3 1 0 0 0 0 4 4 3 0 12 4 5 2 3 4 4 0 1 5 4 0 0 3 3
21310130 558 2 3 2 1 0 1 1 0 0 0 0 0 1 1 1 0 0 0 2 3 3 0 3 5 6 2 4 12 3 1
21310131 556 0 3 1 4 0.33333333333333331 5 0.33333333333333331 6 0.33333333333333331 0 0 0 0 3 3 0 0 5 4 0 8 1 6 3 2 12 7 5
21310133 583 8 3 2 1 2 3 3 1 1 3 1 7 0.33333333333333331 8 0.33333333333333331 9 0.33333333333333331 3 2 3 0 2 0 0 1 3 6 0 2 5 3 2 0 12 4 1
21310134 549 3 2 1 2 1 0 3 1 0 0 0 0 1 2 0 0 0 1 0 3 1 4 5 0 4 6 7 3 2 5 12
21310136 526 5 1 1 1 1 3 1 0 2 1 0 0 0 0 4 0 1 0 3 3 2 0 4 4 4 2 6 3 12 0 0 2 0
21310137 533 10 2 3 2 2 1 3 1 1 3 2 1 0 1 1 0 0 0 0 3 4 3 2 3 3 0 4 0 1 2 3 3 1 0 4 12 4 3
21310138 537 1 2 1 0 1 1 0 0 0 0 0 1 0 12 6 5 2 4 3 0 3 3 1 0 0 0 0 3 0
21310139 575 6 2 2 1 3 3 1 1 0 3 1 0 0 0 0 2 2 2 0 0 4 1 0 2 6 12 3 3 5 1 8 5 2 3
21310140 560 2 3 1 1 0 2 1 0 0 0 0 1 0 1 0 0 6 3 2 2 5 3 0 5 6 4 0 1 1 12
21310141 582 11 1 3 3 2 2 1 2 2 3 3 1 1 0 1 1 0 0 0 0 3 4 4 5 4 0 0 7 6 4 2 12 6 4 1 0 0 0 3
21310142 639 3 3 1 2 1 0 1 1 0 0 0 0 1 1 1 12 7 5 2 4 4 4 0 1 3 3 0 0 0 2 0
21310143 536 6 2 3 1 1 2 3 1 0 3 1 0 0 0 0 2 2 2 0 3 0 0 2 1 0 12 0 6 5 7 2 8 5 1
21310144 568 11 2 1 1 2 2 1 1 3 2 3 3 1 0 3 1 0 0 0 0 4 4 3 0 0 3 0 2 6 1 0 3 8 3 0 12 2 3 1
21310146 488 10 3 3 3 1 1 2 3 2 1 2 1 0 2 1 0 0 0 0 3 3 4 5 3 1 3 0 1 4 4 0 5 2 12 0 2 0 1
21310147 542 4 3 3 1 2 1 0 2 1 0 0 0 0 1 1 2 12 8 4 1 5 1 0 3 2 3 2 0 0 1 0 0
21310148 546 8 2 2 3 1 3 2 1 3 1 0 1 1 0 0 0 0 2 3 3 3 2 1 0 0 4 3 2 1 4 3 1 0 4 12 2
21310149 530 4 2 2 2 3 1 0 3 1 0 0 0 0 0 3 1 0 3 1 0 1 0 6 8 2 3 7 1 0 1 6 12
21310150 624 9 2 3 2 1 2 2 1 1 3 1 0 1 1 0 0 0 0 3 4 2 3 6 3 12 0 2 3 3 0 1 0 5 0 3 0 0
21310151 594 7 1 3 2 2 1 3 1 1 0 2 1 0 0 0 0 3 2 2 0 3 4 12 0 3 4 6 0 0 5 2 3 0 3 1
21310152 490 7 2 2 2 1 3 1 1 1 0 2 1 0 0 0 0 3 3 1 1 0 0 3 3 0 3 0 3 6 4 2 12 6 1 0
21310153 487 11 1 3 3 2 1 3 1 1 2 2 2 1 0 3 1 0 0 0 0 4 4 3 3 2 12 2 0 2 3 5 1 4 3 1 0 3 1 3
21310154 506 0 1 0 3 1 0 0 0 0 0 0 0 0 0 0 2 4 1 3 4 2 12 5 2 1 3 1 0
21310155 508 10 3 3 1 3 2 1 2 3 2 1 1 0 1 1 0 0 0 0 3 3 4 0 1 5 12 0 6 1 1 0 2 0 3 2 0 2 2
21310156 494 1 3 1 0 1 1 0 0 0 0 0 0 1 2 3 1 0 3 1 6 2 3 7 12 0 0 2 3 0
21310157 522 11 2 2 3 1 1 1 3 1 2 2 3 1 0 3 1 0 0 0 0 4 4 3 0 0 0 3 0 0 2 4 0 2 5 1 3 12 5 1
21310158 491 4 1 1 2 3 1 0 2 1 0 0 0 0 2 1 1 0 3 2 1 0 1 4 0 4 3 2 0 3 5 12 0
21310159 617 4 3 3 2 2 1 0 3 1 0 0 0 0 0 2 2 1 3 2 1 0 4 4 3 0 1 7 3 0 12 4 3
21310160 510 6 3 2 1 1 2 1 1 0 2 1 0 0 0 0 3 2 1 0 3 3 12 0 0 6 5 2 0 0 5 0 3 0 1
21310161 550 6 1 3 3 1 2 1 1 0 3 1 0 0 0 0 3 1 2 0 0 6 0 1 6 12 2 2 4 3 0 2 3 3 0
21310162 565 2 1 2 1 0 2 1 0 0 0 0 1 1 0 12 4 3 1 5 3 2 0 5 1 2 0 0 0 1 0
21310163 573 11 2 3 1 3 2 1 3 1 3 1 2 1 0 2 1 0 0 0 0 4 3 4 0 3 4 12 2 3 6 4 0 4 3 2 1 0 3 1
21310164 526 3 1 2 2 1 0 1 1 0 0 0 0 1 2 0 0 1 3 0 0 3 3 3 2 6 4 3 3 1 12 2
21310165 675 3 3 1 3 1 0 1 1 0 0 0 0 1 0 2 0 3 0 3 0 0 2 5 0 4 5 6 2 0 6 12
21310166 504 2 1 2 3 1 6 0.33333333333333331 7 0.33333333333333331 8 0.33333333333333331 1 1 0 3 3 4 2 12 6 4 0 6 5 3 0 0 3 1 0
21310167 532 1 3 1 0 1 1 0 0 0 0 0 0 1 1 2 2 0 4 7 3 0 4 5 1 0 12 4 3 2
21310168 556 9 3 3 3 2 1 2 2 2 1 1 0 1 1 0 0 0 0 2 4 3 3 0 0 0 3 1 0 0 3 4 5 2 3 5 12 1
21310169 557 6 3 1 1 3 1 3 1 0 1 1 0 0 0 0 3 0 3 12 2 2 0 4 1 4 3 3 5 6 2 2 0 2 0
21310170 579 9 1 2 1 2 2 3 1 3 3 1 0 3 1 0 0 0 0 3 3 3 2 0 0 0 4 3 0 1 4 6 1 0 5 12 2 0
21310171 488 8 1 2 1 1 2 1 3 3 1 0 3 1 0 0 0 0 4 2 2 8 12 5 3 1 6 3 2 2 4 0 0 2 0 0 0
21310172 495 11 3 1 3 2 1 2 2 1 3 3 1 1 0 2 1 0 0 0 0 4 3 4 1 0 0 0 4 4 2 3 5 6 2 0 12 1 3 0
21310173 503 5 1 2 3 3 1 1 0 3 1 0 0 0 0 2 1 2 0 1 7 12 5 4 4 2 1 0 2 2 0 0 2 1
21310174 480 3 2 2 3 1 0 2 1 0 0 0 0 0 2 1 0 2 0 0 1 1 3 4 1 4 5 3 0 12 3 1
21310175 574 5 1 3 2 2 2 1 0 1 1 0 0 0 0 1 3 1 0 3 0 0 12 4 3 0 5 5 1 3 6 3 0 0
21310176 488 8 2 2 1 3 1 2 2 1 1 0 1 1 0 0 0 0 3 4 1 3 0 1 0 4 0 4 0 4 3 2 0 5 12 3 3
21310177 501 8 2 1 1 2 2 2 3 3 1 0 3 1 0 0 0 0 2 4 2 1 7 1 0 7 0 3 3 2 4 12 0 3 1 4 3
21310178 529 10 2 3 1 3 1 2 3 2 3 1 1 0 2 1 0 0 0 0 3 3 4 3 4 12 1 1 1 4 0 2 4 6 0 3 0 2 0
21310179 617 8 3 1 1 2 1 2 3 3 1 0 2 1 0 0 0 0 3 2 3 0 0 3 12 0 4 5 5 3 2 3 4 1 0 0 0
21310180 575 7 2 1 3 1 2 3 3 1 0 2 1 0 0 0 0 2 2 3 1 4 6 12 0 3 3 4 0 2 4 0 0 3 0 1
21310181 649 6 3 3 3 2 1 3 1 0 1 1 0 0 0 0 1 1 4 0 0 0 2 0 2 1 3 0 0 5 3 1 2 12 4
21310182 562 6 1 1 3 2 3 1 1 0 2 1 0 0 0 0 3 1 2 0 0 0 1 4 6 2 3 0 4 6 12 2 3 4 4
21310183 564 10 2 1 1 3 2 3 3 1 2 1 1 0 2 1 0 0 0 0 4 3 3 8 8 12 1 0 2 4 4 0 3 4 3 0 0 0 4
21310184 570 6 1 1 3 2 2 3 1 0 2 1 0 0 0 0 2 2 2 0 1 1 2 0 3 4 6 2 3 6 12 0 0 1 3
21310185 504 1 3 1 0 2 1 0 0 0 0 0 0 1 12 4 4 0 6 6 3 0 4 3 2 3 0 0 1 1
21310186 527 6 1 2 3 2 3 1 1 0 3 1 0 0 0 0 2 2 2 0 0 0 2 0 3 4 12 0 6 3 8 1 4 3 3
21310187 561 4 3 1 2 1 1 0 1 1 0 0 0 0 2 1 1 2 3 2 3 0 6 7 5 0 3 1 12 0 0 2 0
21310189 470 2 2 3 1 0 1 1 0 0 0 0 0 1 1 0 2 0 0 0 3 3 0 1 4 5 12 0 7 7 3
21310190 602 1 2 1 0 2 1 0 0 0 0 0 1 0 1 7 3 1 12 2 1 0 1 5 3 3 0 0 2 3
21310191 531 10 1 1 2 2 1 3 3 3 1 2 1 0 3 1 0 0 0 0 4 3 3 0 0 2 0 2 3 3 6 0 12 6 4 0 1 3 4
21310192 617 4 3 2 1 2 1 0 1 1 0 0 0 0 1 2 1 12 3 5 3 4 4 4 3 2 3 0 0 0 0 1 0
21310193 520 7 2 3 1 1 3 3 2 1 0 2 1 0 0 0 0 2 2 3 12 3 1 0 7 4 2 0 6 3 1 1 0 0 2 0
21310194 583 0 1 0 2 1 0 0 0 0 0 0 0 3 1 2 3 5 3 5 1 12 3 7 0 0 0 3 3
21310195 457 7 1 2 1 2 2 2 3 1 0 3 1 0 0 0 0 2 4 1 4 4 3 0 12 6 1 3 7 3 1 0 0 3 0 0
21310196 545 5 3 2 3 1 1 1 0 1 1 0 0 0 0 2 1 2 0 0 2 0 12 4 4 2 4 5 3 0 1 2 3 0
21310197 496 10 2 2 1 1 3 3 3 2 1 2 1 0 3 1 0 0 0 0 3 4 3 0 3 1 0 3 4 8 0 3 5 6 5 3 4 12 0
21310198 530 4 1 2 2 3 1 0 3 1 0 0 0 0 1 2 1 2 0 3 0 1 4 7 12 0 1 4 4 0 1 2 3
21310199 555 2 2 1 1 0 1 1 0 0 0 0 1 1 0 1 2 3 12 0 2 8 3 0 3 3 1 0 0 0 2
21310200 584 6 3 2 1 3 3 1 1 0 2 1 0 0 0 0 2 1 3 2 0 6 0 3 1 0 0 2 3 6 1 12 4 2 1
21310201 525 4 2 3 2 3 1 0 1 1 0 0 0 0 0 2 2 4 6 8 4 12 4 4 0 1 1 3 0 0 0 0 2
21310202 484 0 1 0 1 1 0 0 0 0 0 0 0 2 3 4 0 3 5 3 1 12 5 3 2 6 0 0 0
21310203 596 4 3 3 3 2 1 0 1 1 0 0 0 0 0 1 3 0 0 0 2 0 0 1 12 0 4 5 6 2 1 3 3
21310204 503 9 1 1 1 3 2 3 2 2 3 1 0 1 1 0 0 0 0 3 3 3 0 1 0 5 2 4 2 3 0 12 3 3 3 0 0 0
21310205 546 1 1 1 0 1 1 0 0 0 0 1 0 0 2 1 0 0 0 3 0 5 2 4 4 8 2 7 7 12
21310206 571 10 3 1 2 2 3 1 1 1 2 3 1 0 2 1 0 0 0 0 4 3 3 12 4 5 0 2 4 1 0 3 4 3 3 0 0 3 0
21310207 542 0 1 0 3 1 0 0 0 0 0 0 0 0 3 0 0 12 3 0 0 4 6 4 1 6 4 5 2
21310208 519 0 1 0 1 1 0 0 0 0 0 0 0 0 2 0 0 0 1 5 4 2 3 6 4 6 3 4 12
21310209 554 1 1 1 0 1 1 0 0 0 0 1 0 0 12 1 4 0 2 2 4 0 6 1 2 0 3 3 0 2
21310210 587 1 2 1 0 2 1 0 0 0 0 0 1 0 0 4 1 1 1 3 6 12 0 2 1 3 0 0 5 2
21310211 504 5 3 3 1 3 1 1 0 3 1 0 0 0 0 2 0 3 2 0 1 0 0 1 6 2 2 4 5 2 0 4 5 12
21310212 588 10 1 3 2 2 1 3 1 2 3 3 1 0 1 1 0 0 0 0 3 3 4 3 1 0 2 3 12 3 0 2 4 5 0 7 4 0 0
21310213 534 10 2 2 3 3 3 1 1 3 2 1 1 0 2 1 0 0 0 0 3 3 4 5 3 3 1 12 5 4 0 3 6 0 0 3 5 0 0
21310214 523 4 3 3 1 3 1 0 1 1 0 0 0 0 1 0 3 1 2 7 12 3 4 5 3 0 2 4 2 0 0 3 3
21310215 538 5 2 1 1 3 3 1 0 2 1 0 0 0 0 2 1 2 5 4 4 0 7 5 3 0 12 3 1 2 0 0 3 0
21310216 494 0 1 0 2 1 0 0 0 0 0 0 0 2 3 1 12 0 0 4 3 1 0 5 2 0 1 3 0
21310217 517 6 2 1 1 3 3 1 1 0 2 1 0 0 0 0 3 1 2 0 4 2 12 0 1 8 5 2 3 2 3 0 0 1 3
21310218 558 2 3 2 1 0 1 1 0 0 0 0 0 1 1 12 7 3 3 6 3 5 0 7 3 4 0 0 5 0 0
21310219 611 4 1 2 1 3 1 0 3 1 0 0 0 0 2 1 1 0 12 7 4 3 3 6 4 2 0 3 0 2 0 1 0
21310220 605 7 1 3 1 1 2 3 2 1 0 2 1 0 0 0 0 3 2 2 0 0 3 0 0 3 0 1 0 3 5 2 3 12 8 7
21310221 519 8 3 2 2 1 3 3 2 1 1 0 1 1 0 0 0 0 2 3 3 2 1 5 12 1 3 5 2 3 2 4 1 0 0 0 3
21310222 485 0 1 0 1 1 0 0 0 0 0 0 0 12 7 5 2 4 5 0 3 3 3 2 1 3 0 0 0
21310223 551 10 2 1 3 3 2 3 2 1 3 2 1 0 1 1 0 0 0 0 2 4 4 1 0 2 0 4 12 3 0 1 4 2 4 3 1 3 3
21310224 624 11 2 2 3 1 1 3 2 3 1 3 2 1 0 1 1 0 0 0 0 3 4 4 1 0 0 0 2 3 12 0 3 7 2 0 8 3 3 1
21310225 552 5 1 2 2 1 3 1 0 1 1 0 0 0 0 2 2 1 0 0 1 0 3 0 2 0 2 5 4 4 0 5 5 12
21310226 562 9 1 2 2 3 3 1 2 3 2 1 0 1 1 0 0 0 0 2 4 3 0 0 1 0 0 2 9 4 0 3 4 4 3 7 1 12
21310227 464 3 2 1 3 1 0 3 1 0 0 0 0 1 1 1 0 2 1 0 0 4 1 3 0 1 6 5 2 2 3 12
21310228 496 8 2 1 1 1 3 1 2 2 1 0 3 1 0 0 0 0 4 3 1 0 3 0 0 0 3 3 2 3 3 5 3 0 4 6 12
21310229 654 3 2 2 1 1 0 2 1 0 0 0 0 1 2 0 12 6 1 0 5 0 4 3 2 1 1 0 0 0 0 3
21310230 648 5 2 1 3 1 1 1 0 3 1 0 0 0 0 3 1 1 3 0 0 7 0 0 2 5 2 2 4 4 3 12 6 1
21310231 586 4 3 2 3 1 1 0 1 1 0 0 0 0 1 1 2 5 0 3 0 0 2 4 0 4 6 3 0 12 3 2 1
21310232 474 7 3 1 3 3 2 1 2 1 0 1 1 0 0 0 0 2 2 3 3 1 12 0 5 5 4 0 3 4 0 2 3 2 0 0
21310233 638 7 2 3 1 2 2 3 2 1 0 3 1 0 0 0 0 1 4 2 0 0 3 3 3 1 4 6 0 6 5 12 1 0 0 1
21310234 548 5 2 1 1 3 2 1 0 3 1 0 0 0 0 2 2 1 0 0 2 3 0 5 1 4 3 12 3 3 1 2 6 8
21310235 509 7 2 1 2 3 1 3 3 1 0 2 1 0 0 0 0 2 2 3 0 3 3 0 3 2 4 2 2 0 1 12 1 1 1 4
21310236 560 4 1 1 1 2 1 0 3 1 0 0 0 0 3 1 0 12 7 6 2 0 6 6 3 3 1 3 2 0 3 3 2
21310237 540 10 1 3 3 1 3 1 3 2 2 2 1 0 1 1 0 0 0 0 3 3 4 0 1 0 2 2 3 1 0 4 5 2 0 3 12 4 0
21310238 641 6 1 1 2 2 3 3 1 0 1 1 0 0 0 0 2 2 2 0 4 4 12 0 1 5 2 0 0 6 2 2 0 1 3
21310239 620 9 3 2 3 2 1 3 2 1 1 1 0 1 1 0 0 0 0 3 3 3 4 1 2 3 7 4 3 2 12 3 0 0 0 3 0 0
21310240 511 4 1 2 3 1 1 0 3 1 0 0 0 0 2 1 1 1 1 3 12 0 2 4 2 1 4 7 2 0 0 0 2
21310242 547 7 1 2 3 2 3 1 3 1 0 2 1 0 0 0 0 2 2 3 0 12 6 4 0 1 3 3 1 6 5 3 2 0 7 6
21310243 496 7 1 2 1 3 3 1 2 3 1 7 0.33333333333333331 8 0.33333333333333331 9 0.33333333333333331 3 2 2 0 0 0 3 0 2 0 0 2 5 1 4 1 12 4 2
21310244 574 7 3 3 2 2 1 1 1 1 0 3 1 0 0 0 0 3 2 2 3 4 2 3 0 2 4 12 1 0 3 3 0 0 6 3
21310245 622 8 3 1 3 3 2 2 2 1 1 0 1 1 0 0 0 0 2 3 3 4 3 0 1 1 4 0 0 12 0 0 0 3 2 4 2
21310246 617 11 3 1 1 2 3 2 3 3 1 2 1 1 0 2 1 0 0 0 0 4 3 4 0 0 1 1 0 2 4 0 2 4 6 12 0 3 3 5
21310247 555 7 1 2 3 1 2 2 3 1 0 1 1 0 0 0 0 2 3 2 3 0 0 0 3 6 2 0 1 6 0 3 12 3 4 0
21310248 537 5 1 3 1 2 3 1 0 1 1 0 0 0 0 2 1 2 0 7 0 2 2 6 2 12 0 4 3 5 0 1 3 4
21310249 513 7 1 2 2 1 3 3 2 1 0 2 1 0 0 0 0 2 3 2 4 12 3 0 5 1 2 1 1 3 4 0 3 0 0 0
21310250 558 8 3 1 2 1 3 3 1 2 1 0 2 1 0 0 0 0 3 2 3 12 6 3 0 3 5 3 0 3 2 0 1 3 0 0 0
21310251 497 4 2 2 2 3 1 0 1 1 0 0 0 0 0 3 1 0 4 3 3 0 4 6 5 3 1 3 12 0 0 1 0
21310252 497 8 2 1 1 2 3 3 3 2 1 0 2 1 0 0 0 0 2 3 3 1 2 0 0 1 4 0 0 12 5 3 1 4 3 0 0
21310253 559 4 2 3 1 2 1 0 1 1 0 0 0 0 1 2 1 0 0 0 1 1 4 4 6 2 1 2 3 0 3 12 2
21310254 472 0 1 0 1 1 0 0 0 0 0 0 0 5 2 0 0 6 3 0 1 12 6 3 0 0 4 2 0
21310255 555 1 1 1 0 2 1 0 0 0 0 1 0 0 3 0 3 2 1 7 3 0 5 7 4 0 12 1 2 0
21310256 514 4 3 2 3 1 3 1 5 0.33333333333333331 6 0.33333333333333331 7 0.33333333333333331 1 1 2 12 6 4 0 4 8 4 2 4 3 1 0 0 0 2 1
21310257 582 9 3 1 2 1 2 2 2 1 1 1 0 3 1 0 0 0 0 4 4 1 3 5 8 12 4 4 1 1 0 2 0 2 0 0 3 0
21310258 495 6 2 3 2 1 1 3 1 0 1 1 0 0 0 0 2 2 2 12 6 6 3 0 4 3 6 2 3 3 0 0 1 2 0
21310259 514 2 1 1 1 0 3 1 0 0 0 0 2 0 0 2 0 0 0 12 3 5 3 3 5 2 3 4 3 0 0
21310260 563 10 1 2 1 1 3 2 3 2 3 3 1 0 1 1 0 0 0 0 3 3 4 3 3 3 3 0 1 5 5 0 3 2 12 0 2 0 0
21310261 579 0 1 0 1 1 0 0 0 0 0 0 0 0 2 0 0 2 1 4 4 0 4 6 7 0 4 5 12
21310262 651 9 2 3 3 2 1 2 3 1 3 1 0 2 1 0 0 0 0 2 3 4 3 1 3 5 2 5 3 12 0 0 1 0 0 0 0 1
21310263 615 8 1 1 2 1 2 3 1 3 1 0 3 1 0 0 0 0 4 2 2 1 2 3 2 6 3 7 2 12 5 3 0 0 1 0 2
21310264 595 7 3 3 2 2 1 3 1 1 0 3 1 0 0 0 0 2 2 3 1 0 2 0 2 1 4 1 0 0 3 2 0 6 8 12
21310266 644 2 1 1 1 0 1 1 0 0 0 0 2 0 0 12 5 3 2 7 4 2 0 6 3 3 0 0 0 6 2
21310267 554 1 1 1 0 2 1 0 0 0 0 1 0 0 2 3 2 3 7 6 1 0 12 1 3 3 1 0 2 0
21310268 634 11 2 1 3 2 2 2 1 3 3 3 1 1 0 1 1 0 0 0 0 3 4 4 1 2 0 0 3 4 3 2 5 5 3 1 12 7 4 3
21310269 597 5 2 1 1 3 1 3 1 4 0.33333333333333331 5 0.33333333333333331 6 0.33333333333333331 3 1 1 2 4 3 3 3 3 2 0 5 12 4 0 0 0 6 0
21310270 535 1 2 1 0 2 1 0 0 0 0 0 1 0 4 12 3 0 3 3 5 0 5 1 1 2 0 1 0 0
21310271 508 5 1 2 3 1 2 1 0 2 1 0 0 0 0 2 2 1 0 2 3 12 3 5 3 1 3 4 4 1 0 0 1 2
21310272 518 8 3 1 2 2 3 3 3 1 1 0 1 1 0 0 0 0 2 2 4 0 2 0 0 12 2 1 0 4 6 1 0 3 4 4 2
21310273 516 6 1 2 1 3 3 3 1 0 3 1 0 0 0 0 2 1 3 4 4 12 3 2 6 5 1 1 3 0 2 0 0 2 0
21310274 554 1 1 1 0 3 1 0 0 0 0 1 0 0 0 0 0 1 6 3 12 2 4 4 5 0 0 2 4 0
21310275 501 0 1 0 1 1 0 0 0 0 0 0 0 0 1 3 0 2 3 7 4 4 3 5 4 2 12 3 5
21310276 473 3 1 3 1 1 0 2 1 0 0 0 0 2 0 1 3 2 0 0 1 2 0 0 5 8 0 1 7 6 12 2
21310277 572 4 3 1 3 1 1 0 1 1 0 0 0 0 2 0 2 12 7 2 2 3 6 6 0 0 3 7 0 0 0 2 3
21310278 567 0 1 0 2 1 0 0 0 0 0 0 0 3 0 2 0 0 0 2 0 1 12 3 1 1 3 4 6
21310279 545 9 3 2 1 2 2 2 3 1 1 1 0 3 1 0 0 0 0 3 4 2 3 0 0 0 12 3 0 1 1 6 5 0 3 1 2 2
21310280 563 1 3 1 0 1 1 0 0 0 0 0 0 1 12 5 3 0 2 5 1 2 2 6 1 0 3 0 0 0
21310281 599 4 1 2 1 2 1 0 3 1 0 0 0 0 2 2 0 0 0 3 5 0 0 3 6 2 0 3 12 0 1 3 4
21310282 503 3 2 2 1 1 0 3 1 0 0 0 0 1 2 0 0 3 0 0 0 5 1 12 1 1 6 6 2 2 4 5
21310283 534 7 1 3 3 1 2 2 1 1 0 3 1 0 0 0 0 3 2 2 3 2 1 2 1 2 6 6 0 4 1 12 0 0 2 0
21310284 623 0 1 0 2 1 0 0 0 0 0 0 0 2 2 0 0 0 3 1 0 0 5 3 12 1 6 3 1
21310285 482 0 1 0 1 1 0 0 0 0 0 0 0 0 0 1 3 1 0 2 6 2 2 3 1 0 4 2 12
21310286 549 0 1 0 1 1 0 0 0 0 0 0 0 0 3 3 3 7 0 5 12 0 0 1 8 0 2 2 3
21310287 584 7 2 1 2 2 1 3 3 1 0 1 1 0 0 0 0 2 3 2 0 1 3 1 2 3 6 6 0 2 4 12 0 0 2 1
21310288 596 6 2 3 3 3 2 1 1 0 2 1 0 0 0 0 1 2 3 2 0 0 5 1 3 5 0 1 4 5 6 1 4 12 0
21310289 506 11 2 1 2 3 1 2 3 1 2 3 3 1 0 1 1 0 0 0 0 3 4 4 3 2 4 3 1 12 2 0 5 1 3 1 2 0 0 0
21310290 594 6 2 2 2 3 1 1 1 0 1 1 0 0 0 0 2 3 1 0 1 4 4 3 3 12 4 0 3 7 4 0 0 4 2
21310291 489 8 1 2 1 3 1 2 2 3 1 0 3 1 0 0 0 0 3 3 2 0 0 7 6 3 12 3 3 0 3 2 4 2 1 5 1
21310292 550 3 2 3 2 1 0 1 1 0 0 0 0 0 2 1 1 1 3 0 5 4 8 3 3 7 3 2 12 0 6 0
21310293 581 3 1 1 3 1 0 1 1 0 0 0 0 2 0 1 3 4 12 0 2 3 7 1 3 4 4 2 2 2 0 0
21310294 545 9 1 2 1 2 3 2 2 1 3 1 0 3 1 0 0 0 0 3 4 2 0 1 0 0 5 3 2 3 1 12 2 0 1 3 0 0
21310295 564 8 2 2 1 3 2 3 3 1 1 0 3 1 0 0 0 0 2 3 3 1 0 0 0 2 3 0 0 5 4 0 0 5 12 3 1
21310296 557 4 2 3 3 3 1 0 2 1 0 0 0 0 0 1 3 12 1 5 0 5 3 1 1 4 2 0 0 0 2 1 0
21310297 572 8 1 2 3 1 3 3 1 2 1 0 2 1 0 0 0 0 3 2 3 0 2 1 3 3 2 4 0 7 5 1 3 12 4 3 0
21310298 562 3 3 2 1 1 0 2 1 0 0 0 0 1 1 1 8 6 12 3 4 3 3 0 0 4 4 0 0 0 1 0
21310299 592 10 2 1 3 1 1 2 3 2 2 3 1 0 1 1 0 0 0 0 3 4 3 12 4 1 0 4 6 4 0 2 4 0 2 3 1 0 0
21310300 538 2 1 2 1 0 3 1 0 0 0 0 1 1 0 12 1 2 3 3 5 5 2 1 3 2 0 1 0 0 0
21310301 547 6 2 1 1 3 2 3 1 0 2 1 0 0 0 0 2 2 2 12 5 2 1 4 5 4 0 1 3 0 0 3 0 0 0
21310302 566 0 1 0 1 1 0 0 0 0 0 0 0 0 0 0 2 1 2 4 1 0 4 5 5 2 3 7 12
21310303 565 2 2 1 1 0 3 1 0 0 0 0 1 1 0 0 1 4 1 0 2 5 3 4 5 7 6 2 3 0 12
21310304 537 7 2 1 2 1 3 1 3 1 0 3 1 0 0 0 0 3 2 2 0 1 0 0 3 0 2 0 12 4 6 2 4 6 0 6
21310305 609 5 2 1 3 1 3 1 0 1 1 0 0 0 0 2 1 2 0 5 2 0 0 0 5 4 0 4 6 3 6 12 4 2
21310307 594 6 3 3 1 2 3 2 1 0 3 1 0 0 0 0 1 2 3 12 3 0 0 6 3 0 2 1 6 1 1 0 2 0 0
21310308 484 1 2 1 0 2 1 0 0 0 0 0 1 0 0 1 0 0 12 6 3 0 7 6 5 2 3 1 3 1
21310309 566 11 1 1 1 3 2 3 3 3 1 2 2 1 0 2 1 0 0 0 0 4 3 4 4 2 1 0 1 5 5 1 12 2 2 0 3 0 0 0
21310310 594 2 1 3 3 1 6 0.33333333333333331 7 0.33333333333333331 8 0.33333333333333331 1 0 1 0 2 0 0 2 3 0 0 1 4 5 3 12 7 4 3
21310311 541 2 1 1 1 0 1 1 0 0 0 0 2 0 0 0 0 7 6 5 12 3 0 7 4 2 3 2 4 2 3
21310312 533 7 1 3 2 1 1 2 3 1 0 1 1 0 0 0 0 3 2 2 0 2 5 6 0 4 5 2 3 4 6 12 0 0 3 0
21310313 509 3 1 3 3 1 0 3 1 0 0 0 0 1 0 2 1 0 2 0 3 2 3 0 0 4 6 4 3 6 5 12
21310314 545 0 1 0 2 1 0 0 0 0 0 0 0 1 3 5 3 3 5 12 3 0 2 4 0 0 0 1 0
21310315 504 5 3 1 2 1 2 1 0 3 1 0 0 0 0 2 2 1 0 0 1 0 6 4 2 0 7 4 0 3 12 5 4 0
21310316 589 8 3 2 3 3 1 2 3 2 1 0 1 1 0 0 0 0 1 3 4 0 12 1 5 0 5 3 1 0 0 2 2 6 1 0 0
21310317 558 0 1 0 1 1 0 0 0 0 0 0 0 5 4 4 12 3 4 6 1 0 3 2 4 0 0 2 0
21310318 564 5 3 2 3 2 2 1 0 1 1 0 0 0 0 0 3 2 0 1 0 0 0 3 4 12 0 4 3 6 1 0 3 5
21310319 615 4 1 3 2 3 1 0 2 1 0 0 0 0 1 1 2 12 3 1 2 3 7 4 3 1 5 3 0 0 0 3 0
21310320 530 8 2 1 3 1 1 2 1 3 1 0 2 1 0 0 0 0 4 2 2 2 4 12 3 3 1 5 7 0 2 4 4 0 0 0 3
21310321 538 8 2 1 2 1 1 1 2 2 3 1 6 0.33333333333333331 7 0.33333333333333331 8 0.33333333333333331 4 4 0 3 3 3 3 0 3 5 4 0 0 4 12 0 0 0 3
21310322 522 5 1 3 2 2 1 1 0 2 1 0 0 0 0 2 2 1 0 0 3 0 3 6 4 0 3 4 4 1 12 5 3 0
21310323 504 7 1 1 1 3 1 2 3 1 0 3 1 0 0 0 0 4 1 2 0 5 3 12 2 6 4 5 2 3 3 4 0 2 0 0
21310324 494 0 1 0 3 1 0 0 0 0 0 0 0 7 4 1 0 5 12 3 1 4 6 4 2 4 2 0 0
21310325 565 3 1 2 2 1 0 1 1 0 0 0 0 1 2 0 0 12 4 1 1 4 6 3 2 2 2 4 0 1 3 3
21310326 545 5 1 2 3 1 3 1 0 2 1 0 0 0 0 2 1 2 2 0 0 1 0 12 4 4 0 1 5 3 2 4 2 1
21310327 597 5 3 3 2 2 1 1 0 3 1 0 0 0 0 1 2 2 0 2 2 0 0 2 5 1 3 1 3 1 1 12 4 9
21310328 515 8 3 1 3 1 1 2 2 2 1 0 3 1 0 0 0 0 3 3 2 0 0 2 0 7 1 1 0 5 3 4 0 2 4 12 3
21310329 518 1 3 1 0 1 1 0 0 0 0 0 0 1 7 3 2 0 4 6 3 0 12 5 3 0 4 0 2 1
21310330 597 7 1 3 1 3 3 2 1 1 0 1 1 0 0 0 0 3 1 3 0 0 2 4 2 2 5 3 5 3 7 3 0 3 3 12
21310331 566 1 2 1 0 2 1 0 0 0 0 0 1 0 3 1 3 2 4 4 1 0 12 4 3 0 0 1 0 0
21310332 534 6 3 1 2 2 3 3 1 0 1 1 0 0 0 0 1 2 3 0 0 2 12 3 1 0 7 1 1 3 2 0 0 0 2
21310333 553 5 2 3 1 1 2 1 0 2 1 0 0 0 0 2 2 1 0 2 0 0 1 4 0 4 7 5 5 0 12 6 3 1
21310334 498 10 2 1 1 3 3 2 1 1 3 2 1 0 2 1 0 0 0 0 4 3 3 0 3 0 3 1 2 3 0 3 5 4 3 12 7 9 3
21310335 477 4 1 1 2 3 1 0 2 1 0 0 0 0 2 1 1 3 12 6 4 0 2 3 4 0 6 1 1 0 3 2 0
21310336 509 7 1 2 2 3 2 2 1 1 0 3 1 0 0 0 0 2 4 1 3 1 0 0 0 3 2 0 0 4 6 1 0 1 3 12
21310337 641 2 2 1 1 0 2 1 0 0 0 0 1 1 0 3 3 4 5 0 0 12 8 0 0 2 3 0 0 1 1
21310338 554 3 3 3 2 1 0 1 1 0 0 0 0 0 1 2 12 4 3 0 3 4 3 2 3 7 0 0 4 0 0 1
21310339 500 5 1 1 2 1 2 1 0 2 1 0 0 0 0 3 2 0 0 3 3 0 2 3 4 12 1 5 3 2 0 4 1 3
21310340 607 3 1 2 3 1 0 2 1 0 0 0 0 1 1 1 1 2 5 3 4 12 4 1 1 4 0 0 0 0 0 2
21310341 500 0 1 0 1 1 0 0 0 0 0 0 0 0 0 3 1 0 2 2 1 2 4 4 3 3 5 7 12
21310342 564 1 1 1 0 2 1 0 0 0 0 1 0 0 5 12 0 0 1 5 4 0 2 3 4 2 3 2 1 1
21310343 581 0 1 0 2 1 0 0 0 0 0 0 0 0 2 1 0 4 6 0 0 4 5 0 2 1 1 12 3
21310344 486 7 2 2 3 2 3 1 1 1 0 3 1 0 0 0 0 2 3 2 1 1 0 0 4 0 0 1 5 3 2 0 12 3 2 0
21310345 567 7 2 3 3 2 1 1 2 1 0 2 1 0 0 0 0 2 3 2 1 4 0 0 2 3 5 3 3 1 12 1 7 0 0 0
21310346 527 9 3 2 3 1 1 1 3 3 2 1 0 1 1 0 0 0 0 3 2 4 0 3 3 3 2 4 4 4 0 4 3 12 0 0 0 2
21310347 545 8 2 3 2 2 3 1 1 1 1 0 3 1 0 0 0 0 3 3 2 0 2 0 0 1 3 4 1 2 4 1 3 3 2 8 12
21310348 485 9 3 3 3 2 1 1 1 3 1 1 0 2 1 0 0 0 0 4 1 4 0 0 2 0 0 4 2 4 3 1 6 6 2 3 12 3
21310350 455 5 2 2 1 2 3 1 0 3 1 0 0 0 0 1 3 1 0 3 4 3 7 6 6 3 0 12 3 3 0 1 1 0
21310351 593 7 1 3 1 2 1 2 3 1 0 2 1 0 0 0 0 3 2 2 2 6 7 12 4 6 2 1 3 3 3 3 0 3 1 0
21310352 545 4 3 1 3 3 1 0 2 1 0 0 0 0 1 0 3 12 3 2 2 4 3 1 1 3 4 1 0 2 0 0 0
21310354 579 1 2 1 0 2 1 0 0 0 0 0 1 0 0 3 0 0 2 5 1 1 0 8 1 1 8 12 3 2
21310355 584 3 1 3 3 1 0 2 1 0 0 0 0 1 0 2 3 2 3 1 12 4 3 0 4 3 0 0 3 2 0 1
21310356 632 1 2 1 0 1 1 0 0 0 0 0 1 0 0 1 0 3 0 5 3 12 0 4 4 5 4 2 3 3
21310357 546 9 3 2 3 3 2 1 2 1 2 1 0 1 1 0 0 0 0 2 4 3 3 4 4 12 0 3 5 7 3 0 5 5 0 0 1 0
21310358 562 2 1 2 1 0 1 1 0 0 0 0 1 1 0 2 2 7 0 12 3 2 1 3 4 5 3 0 1 0 3
21310359 527 6 3 1 1 3 1 2 1 0 3 1 0 0 0 0 3 1 2 0 0 6 4 0 0 5 12 0 3 4 3 2 0 4 2
21310360 468 2 1 1 3 1 5 0.33333333333333331 6 0.33333333333333331 7 0.33333333333333331 2 0 0 0 0 2 0 4 1 0 3 7 5 3 2 12 2 3 0
21310361 525 10 3 1 2 3 2 1 2 3 1 2 3 1 5 0.33333333333333331 6 0.33333333333333331 7 0.33333333333333331 3 4 3 1 4 3 0 1 5 3 3 3 7 6 0 12 2 5 0
21310362 567 3 1 3 3 1 0 2 1 0 0 0 0 1 0 2 2 3 3 6 1 7 5 7 0 3 6 12 2 0 1 0
21310363 554 10 1 3 1 2 3 2 3 1 1 3 1 0 2 1 0 0 0 0 4 2 4 0 2 0 0 0 4 0 3 2 1 6 3 0 12 6 3
21310364 551 1 3 1 0 3 1 0 0 0 0 0 0 1 12 3 4 2 7 6 4 3 1 5 0 2 1 6 0 0
21310365 525 4 1 1 2 1 1 0 2 1 0 0 0 0 3 1 0 12 7 4 0 8 6 3 2 5 5 3 0 2 1 0 0
21310366 618 6 3 3 1 2 2 2 1 0 2 1 0 0 0 0 1 3 2 12 1 1 0 4 7 3 0 3 5 4 0 3 3 0 1
21310367 570 6 2 1 2 3 1 3 1 0 1 1 0 0 0 0 2 2 2 3 3 0 0 3 1 5 0 12 6 2 0 4 1 2 2
21310368 525 5 2 2 1 1 3 1 0 1 1 0 0 0 0 2 2 1 3 0 0 0 4 3 2 0 6 5 5 0 12 2 1 3
21310369 640 8 1 2 1 3 2 2 1 2 1 0 3 1 0 0 0 0 3 4 1 1 3 3 3 2 7 5 1 12 2 3 0 1 0 0 0
21310371 449 1 2 1 0 3 1 0 0 0 0 0 1 0 1 4 3 2 3 12 6 0 3 5 5 6 1 0 7 0
21310372 552 9 2 1 2 3 2 1 3 1 2 1 0 1 1 0 0 0 0 3 4 2 0 0 3 3 6 3 5 4 0 3 12 1 0 2 5 3
21310373 560 7 1 1 2 1 1 2 3 1 0 3 1 0 0 0 0 4 2 1 12 5 4 0 4 4 6 2 1 2 3 0 0 0 0 2
21310374 581 6 2 1 1 3 1 3 1 0 2 1 0 0 0 0 3 1 2 0 3 2 0 0 4 0 4 2 1 4 12 0 4 2 1
21310375 522 2 2 3 1 0 2 1 0 0 0 0 0 1 1 1 12 7 5 0 4 4 1 0 6 2 0 0 1 0 0
21310376 636 11 2 1 3 1 1 3 3 2 2 3 1 1 0 2 1 0 0 0 0 4 3 4 12 8 2 0 6 6 4 3 4 3 1 0 3 0 0 0
21310377 499 9 3 3 1 2 1 3 2 1 2 1 0 1 1 0 0 0 0 3 3 3 0 3 7 3 0 0 3 12 2 4 5 3 3 0 0 0
21310378 557 4 2 3 3 3 1 0 2 1 0 0 0 0 0 1 3 2 0 1 0 0 0 1 3 1 3 5 6 1 3 2 12
21310379 522 11 1 3 2 1 3 3 2 2 1 2 3 1 0 1 1 0 0 0 0 3 4 4 3 0 0 1 12 1 1 0 6 2 2 2 5 4 4 0
21310380 549 3 1 2 1 1 0 3 1 0 0 0 0 2 1 0 4 3 3 12 3 6 5 4 0 0 2 3 1 0 2 0
21310381 575 1 2 1 0 2 1 0 0 0 0 0 1 0 1 3 1 0 3 12 4 0 2 4 1 2 3 0 3 1
21310382 557 1 3 1 0 1 1 0 0 0 0 0 0 1 0 2 0 0 4 3 3 0 7 3 5 0 12 4 5 3
21310383 610 2 1 3 1 0 2 1 0 0 0 0 1 0 1 1 3 4 12 0 2 7 3 1 4 2 2 0 3 1 0
21310384 533 8 3 3 2 1 1 3 1 2 1 0 2 1 0 0 0 0 3 2 3 2 0 0 0 3 0 1 3 4 4 2 0 12 5 1 0
21310385 528 4 3 1 3 3 1 0 1 1 0 0 0 0 1 0 3 4 4 1 2 5 3 2 2 12 1 4 0 2 0 0 0
21310386 598 9 1 1 1 2 2 3 3 3 2 1 0 3 1 0 0 0 0 3 3 3 12 5 2 1 3 3 5 0 1 1 8 0 2 0 2 0
21310387 577 8 3 2 1 3 2 2 1 1 1 0 3 1 0 0 0 0 3 3 2 12 2 3 2 4 5 1 0 4 3 3 0 3 0 1 0
21310388 546 6 3 1 2 2 3 1 1 0 1 1 0 0 0 0 2 2 2 2 8 12 0 5 3 1 0 5 2 3 0 1 0 3 2
21310389 543 3 3 2 1 1 0 1 1 0 0 0 0 1 1 1 0 5 7 12 2 2 7 3 1 4 0 0 1 2 0 0
21310390 569 8 3 2 3 2 1 2 3 2 1 0 3 1 0 0 0 0 1 4 3 1 1 0 1 5 3 1 0 3 6 3 4 12 4 2 0
21310391 603 11 1 3 1 2 3 1 3 2 2 2 1 1 0 3 1 0 0 0 0 4 4 3 3 12 6 8 0 3 4 4 0 4 2 3 0 0 1 4
21310392 635 1 3 1 0 2 1 0 0 0 0 0 0 1 0 2 0 3 12 0 1 0 4 7 3 0 1 4 5 3
21310393 490 3 1 1 3 1 0 1 1 0 0 0 0 2 0 1 12 2 2 3 5 5 0 0 1 4 3 2 0 2 3 0
21310394 571 2 3 1 1 0 1 1 0 0 0 0 1 0 1 2 2 12 3 0 3 1 3 1 4 2 4 0 3 3 2
21310395 509 1 3 1 0 2 1 0 0 0 0 0 0 1 3 0 1 1 12 5 0 0 7 5 2 0 1 3 4 2
21310396 587 1 2 1 0 3 1 0 0 0 0 0 1 0 0 0 1 2 3 3 1 3 5 12 4 3 3 3 3 0
21310397 468 2 1 1 1 0 1 1 0 0 0 0 2 0 0 2 0 0 0 12 4 2 0 5 3 3 2 4 4 0 3
21310398 531 2 1 3 1 0 3 1 0 0 0 0 1 0 1 5 0 5 3 0 0 4 2 0 3 7 4 0 12 5 3
21310399 532 10 3 2 3 1 2 3 2 1 2 1 1 0 1 1 0 0 0 0 3 4 3 1 2 3 12 2 4 7 2 4 1 3 3 3 0 1 0
21310400 511 8 2 3 1 2 3 1 2 2 1 0 3 1 0 0 0 0 2 4 2 1 2 0 0 4 3 3 0 1 6 5 0 12 3 1 3
21310401 481 2 2 2 1 0 2 1 0 0 0 0 0 2 0 12 4 4 1 4 1 0 0 1 4 0 2 0 6 1 0
21310402 594 8 1 1 2 2 3 2 3 3 1 0 3 1 0 0 0 0 2 3 3 0 1 0 2 8 4 1 0 7 3 5 1 12 4 2 0
21310403 562 1 3 1 0 1 1 0 0 0 0 0 0 1 2 3 1 4 0 0 12 2 0 3 1 5 0 2 0 0
21310404 512 2 1 2 1 0 3 1 0 0 0 0 1 1 0 3 0 4 0 2 1 5 3 0 3 1 12 8 2 3 4
21310405 513 11 1 3 2 2 3 2 3 1 1 1 2 1 0 3 1 0 0 0 0 4 4 3 0 0 2 0 1 5 2 0 7 5 1 3 12 3 0 0
21310406 604 1 3 1 0 1 1 0 0 0 0 0 0 1 0 3 0 2 12 5 2 0 3 6 3 1 4 3 0 3
21310407 482 2 2 2 3 1 6 0.33333333333333331 7 0.33333333333333331 8 0.33333333333333331 0 2 0 1 3 1 0 0 4 4 4 0 5 5 2 0 12 6 1
21310408 526 9 1 3 2 2 3 1 2 2 3 3 1 6 0.33333333333333331 7 0.33333333333333331 8 0.33333333333333331 2 4 3 12 3 2 1 1 5 6 0 3 3 5 0 0 4 3 1
21310409 506 5 3 1 1 1 2 1 0 2 1 0 0 0 0 3 1 1 0 0 3 3 2 1 6 0 3 2 5 0 4 6 12 0
21310410 602 0 1 0 3 1 0 0 0 0 0 0 0 12 1 3 3 8 1 2 0 5 5 2 0 1 2 0 0
21310412 537 4 3 3 2 1 1 0 2 1 0 0 0 0 1 1 2 3 1 0 0 0 4 4 3 0 6 7 8 1 2 3 12
21310413 491 1 2 1 0 2 1 0 0 0 0 0 1 0 0 4 12 3 3 1 5 6 0 2 3 1 0 0 1 0
21310414 569 9 1 3 1 3 3 1 2 2 2 1 0 2 1 0 0 0 0 3 3 3 3 12 1 3 3 7 6 3 3 3 0 0 1 2 0 0
21310415 490 2 3 1 1 0 1 1 0 0 0 0 1 0 1 1 2 3 3 0 5 0 4 2 4 7 2 0 4 5 12
21310417 550 1 3 1 0 3 1 0 0 0 0 0 0 1 12 6 1 0 5 4 3 0 3 0 1 2 2 0 0 0
21310418 531 9 3 1 3 2 1 3 1 2 2 1 0 3 1 0 0 0 0 3 3 3 2 4 4 0 12 4 7 1 5 1 0 0 3 0 2 0
21310420 583 3 1 2 2 1 0 3 1 0 0 0 0 1 2 0 12 1 0 2 6 5 1 0 6 1 3 0 2 6 0 0
21310421 509 2 3 1 1 0 3 1 0 0 0 0 1 0 1 7 4 3 3 2 7 5 0 12 7 2 0 1 0 0 0
21310422 531 0 1 0 1 1 0 0 0 0 0 0 0 0 2 3 0 0 4 4 2 0 5 5 4 1 12 7 3
21310423 617 1 2 1 0 3 1 0 0 0 0 0 1 0 7 7 12 2 4 5 1 0 0 1 0 0 0 3 0 0
21310424 490 8 2 1 2 2 3 3 3 1 1 0 3 1 0 0 0 0 2 3 3 6 8 12 0 3 5 5 0 3 4 1 1 0 0 2 0
21310425 548 4 2 1 3 3 1 0 2 1 0 0 0 0 1 1 2 12 8 1 0 8 5 2 0 5 4 0 0 3 0 0 1
21310426 528 1 2 1 0 3 1 0 0 0 0 0 1 0 2 1 1 1 12 7 3 0 4 3 2 0 3 0 3 0
21310427 537 8 1 2 1 2 3 1 3 2 1 0 2 1 0 0 0 0 3 3 2 0 4 1 12 0 3 6 5 3 3 3 3 0 3 5 0
21310428 442 2 2 3 3 1 7 0.33333333333333331 8 0.33333333333333331 9 0.33333333333333331 0 1 1 0 0 1 0 12 3 5 0 5 3 4 0 1 2 2 1
21310429 639 6 1 2 1 2 1 2 1 0 3 1 0 0 0 0 3 3 0 4 3 3 0 7 6 2 2 12 3 1 1 0 3 0 0
21310430 513 8 1 1 3 2 1 2 3 1 1 0 3 1 0 0 0 0 4 2 2 2 4 4 3 12 4 6 0 4 3 8 2 5 1 2 0
21310431 517 7 1 1 2 2 3 3 2 1 0 3 1 0 0 0 0 2 3 2 0 5 5 12 0 0 2 3 2 1 1 1 0 0 3 0
21310432 559 7 3 1 2 3 3 2 1 1 0 1 1 0 0 0 0 2 2 3 3 2 1 12 4 3 4 3 0 2 6 3 0 0 2 1
21310433 527 2 2 1 1 0 1 1 0 0 0 0 1 1 0 0 0 0 1 0 12 4 2 0 7 4 2 7 4 3 0
21310434 583 3 3 3 2 1 0 1 1 0 0 0 0 0 1 2 8 6 1 2 12 6 4 0 4 3 2 0 0 0 1 0
21310436 443 6 2 2 2 3 2 3 1 0 1 1 0 0 0 0 0 4 2 1 4 3 0 3 4 12 1 1 3 0 0 3 0 0 0
21310437 538 2 1 1 1 0 3 1 0 0 0 0 2 0 0 3 2 0 1 0 4 6 3 2 3 4 2 0 3 4 12
21310438 502 7 1 3 3 3 2 1 2 1 0 1 1 0 0 0 0 2 2 3 0 0 0 3 12 2 1 0 3 3 4 6 1 2 3 2
21310439 623 10 1 1 1 3 3 1 2 2 2 3 1 0 3 1 0 0 0 0 4 3 3 0 5 0 2 2 4 6 1 12 7 2 0 1 3 7 3
21310440 506 4 2 1 3 3 1 0 1 1 0 0 0 0 1 1 2 0 12 6 3 1 6 4 7 2 0 6 3 0 3 0 2
21310441 550 5 1 3 2 1 2 1 0 3 1 0 0 0 0 2 2 1 0 3 0 0 6 2 2 0 0 3 5 1 0 12 6 1
21310442 558 11 1 3 1 3 3 2 2 3 1 1 2 3 1 6 0.33333333333333331 7 0.33333333333333331 8 0.33333333333333331 4 3 4 0 0 2 0 2 3 1 0 0 3 5 6 0 3 5 12
21310444 527 6 2 3 1 2 1 3 1 0 3 1 0 0 0 0 2 2 2 0 0 2 3 2 1 1 5 0 3 4 2 0 4 1 12
21310445 659 2 2 3 3 1 4 0.33333333333333331 5 0.33333333333333331 6 0.33333333333333331 0 1 1 1 1 7 8 3 6 6 12 0 0 0 5 0 0 2 0
21310446 595 9 3 1 3 2 2 2 2 1 1 1 0 1 1 0 0 0 0 3 4 2 0 0 0 3 0 3 0 2 0 6 5 5 3 12 6 1
21310447 573 5 2 1 2 1 2 1 0 1 1 0 0 0 0 2 3 0 0 4 1 12 1 3 4 5 0 0 2 3 0 0 2 3
21310448 480 1 1 1 0 3 1 0 0 0 0 1 0 0 1 0 2 0 0 0 4 3 0 3 5 3 2 5 7 12
21310449 584 7 2 1 2 1 3 3 2 1 0 1 1 0 0 0 0 2 3 2 0 2 7 1 3 1 4 3 2 2 5 12 3 4 1 3
21310450 538 8 1 3 1 2 3 1 2 3 1 0 2 1 0 0 0 0 3 2 3 0 1 5 12 0 3 4 2 0 0 3 4 2 0 0 1
21310451 595 7 2 1 3 1 3 1 2 1 0 2 1 0 0 0 0 3 2 2 0 5 8 12 1 6 4 7 0 0 4 4 0 2 0 0
21310452 514 7 1 3 3 1 2 2 3 1 0 3 1 0 0 0 0 2 2 3 0 0 0 1 0 4 6 3 0 4 4 3 2 12 5 3
21310453 495 0 1 0 3 1 0 0 0 0 0 0 0 0 0 1 3 2 4 3 1 2 3 6 2 1 12 5 3
21310454 624 1 1 1 0 3 1 0 0 0 0 1 0 0 0 0 2 0 0 1 0 1 2 3 3 2 0 12 8 5
21310455 526 3 2 3 3 1 0 1 1 0 0 0 0 0 1 2 12 8 5 0 4 7 3 0 2 0 0 3 0 0 1 0
21310456 494 1 2 1 0 2 1 0 0 0 0 0 1 0 8 4 1 12 0 5 5 3 2 5 6 1 0 0 0 1
21310457 550 6 2 3 3 2 1 2 1 0 2 1 0 0 0 0 1 3 2 0 0 1 0 4 4 1 0 5 5 6 0 1 6 12 7
21310458 549 5 1 2 2 3 3 1 0 1 1 0 0 0 0 1 2 2 0 3 3 0 0 3 5 1 2 4 7 3 1 5 12 2
21310459 536 4 3 2 3 2 1 0 2 1 0 0 0 0 0 2 2 1 1 0 0 12 6 0 0 7 5 3 2 3 1 1 0
21310460 575 7 2 3 1 1 2 3 3 1 0 1 1 0 0 0 0 2 2 3 3 2 1 12 0 4 5 2 0 1 4 2 0 0 1 2
21310461 534 6 1 2 3 1 1 2 1 0 3 1 0 0 0 0 3 2 1 12 7 5 0 1 5 5 5 3 2 3 0 2 0 0 0
21310462 509 9 1 3 3 2 1 2 2 3 1 1 0 2 1 0 0 0 0 3 3 3 0 0 0 1 3 0 3 4 0 3 3 4 0 4 12 3
21310463 555 6 1 2 1 2 2 3 1 0 3 1 0 0 0 0 2 3 1 0 0 3 0 12 3 1 5 5 4 6 0 3 4 0 0
21310464 561 6 1 2 2 2 3 1 1 0 3 1 0 0 0 0 2 3 1 0 3 3 0 1 4 6 2 12 5 3 0 4 3 1 7
21310465 541 11 2 3 3 2 1 1 3 1 2 1 2 1 0 3 1 0 0 0 0 4 4 3 12 3 4 0 3 4 5 0 0 2 3 3 0 0 1 3
21310466 540 9 1 1 2 1 3 2 3 3 2 1 0 3 1 0 0 0 0 3 3 3 0 0 2 0 1 4 2 1 4 5 7 0 3 5 12 0
21310467 562 6 3 1 2 3 3 2 1 0 2 1 0 0 0 0 1 2 3 0 1 3 1 0 5 6 3 3 4 9 3 2 1 3 12
21310468 529 2 1 3 1 0 2 1 0 0 0 0 1 0 1 3 4 3 12 0 0 7 3 0 3 4 3 0 0 3 0
21310469 530 0 1 0 1 1 0 0 0 0 0 0 0 0 2 0 0 4 4 0 0 12 5 3 3 6 4 3 0
21310470 557 8 3 2 1 3 1 3 2 2 1 0 2 1 0 0 0 0 2 3 3 1 0 0 0 3 0 0 3 0 3 4 5 1 4 6 12
21310471 596 7 3 2 3 1 1 3 2 1 0 1 1 0 0 0 0 2 2 3 2 3 0 2 6 5 3 1 7 12 4 0 3 5 4 6
21310473 549 5 1 1 3 2 1 1 0 1 1 0 0 0 0 3 1 1 0 2 2 0 0 4 1 2 4 5 5 3 3 8 2 12
21310474 527 9 2 3 1 2 1 1 2 3 3 1 0 1 1 0 0 0 0 3 3 3 3 2 3 0 3 4 6 0 1 4 5 3 12 4 0 2
21310475 586 5 2 2 1 3 3 1 0 1 1 0 0 0 0 1 2 2 2 3 5 3 3 0 4 7 0 3 4 12 0 1 0 3
21310476 501 3 1 2 2 1 0 1 1 0 0 0 0 1 2 0 12 5 5 1 3 6 2 0 0 2 3 0 1 0 0 0
21310478 532 11 1 1 3 3 1 1 3 2 3 2 2 1 0 2 1 0 0 0 0 4 3 4 3 0 3 4 0 0 12 1 3 2 2 4 0 0 1 3
21310479 551 3 2 2 3 1 0 3 1 0 0 0 0 0 2 1 0 2 0 1 0 3 1 5 1 4 5 7 0 4 6 12
21310480 553 5 2 3 1 3 2 1 0 2 1 0 0 0 0 1 2 2 4 4 5 0 6 2 1 0 12 5 4 6 0 1 0 1
21310481 574 4 3 2 1 3 1 0 3 1 0 0 0 0 1 1 2 0 0 4 1 0 3 12 1 6 5 3 2 2 0 3 3
21310482 589 11 1 2 3 1 3 2 2 1 2 3 1 1 0 3 1 0 0 0 0 4 4 3 1 0 0 1 0 3 3 2 0 2 6 4 0 12 7 5
21310483 471 1 3 1 0 3 1 0 0 0 0 0 0 1 2 1 0 0 1 5 1 0 3 7 4 5 12 2 6 2
21310484 499 8 1 1 3 2 3 1 2 2 1 0 3 1 0 0 0 0 3 3 2 0 1 3 1 2 3 4 2 0 12 3 2 0 1 4 0
21310485 472 0 1 0 3 1 0 0 0 0 0 0 0 0 0 3 0 4 4 1 2 3 4 5 0 5 8 12 0
21310486 556 8 2 2 1 1 3 1 2 1 1 0 3 1 0 0 0 0 4 3 1 7 2 3 2 12 3 4 0 4 3 1 1 5 2 0 3
21310487 572 2 2 1 1 0 3 1 0 0 0 0 1 1 0 0 1 0 2 0 4 3 3 4 6 5 1 2 5 7 12
21310488 523 7 3 3 2 2 2 1 3 1 0 1 1 0 0 0 0 1 3 3 3 3 0 0 1 2 4 1 3 4 3 0 12 1 4 2
21310489 519 5 2 1 3 1 2 1 0 1 1 0 0 0 0 2 2 1 0 0 3 1 2 3 4 0 2 4 7 5 3 3 3 12
21310490 492 7 1 2 3 3 1 1 2 1 0 1 1 0 0 0 0 3 2 2 3 2 3 12 3 6 4 1 0 2 3 4 0 0 2 3
21310491 511 10 3 2 2 1 1 3 2 3 1 2 1 0 3 1 0 0 0 0 3 4 3 0 0 0 1 1 3 6 0 2 4 4 4 12 6 3 3
21310492 652 5 1 3 1 1 2 1 0 2 1 0 0 0 0 3 1 1 12 9 4 2 3 8 6 0 3 4 3 0 4 3 0 0
21310493 595 0 1 0 2 1 0 0 0 0 0 0 0 12 4 3 0 8 5 2 0 1 4 3 1 1 0 2 3
21310494 589 0 1 0 1 1 0 0 0 0 0 0 0 0 5 3 0 3 3 3 1 5 5 0 0 12 8 2 2
21310495 521 2 1 3 1 0 2 1 0 0 0 0 1 0 1 1 1 3 1 0 4 4 2 2 12 6 3 0 2 0 3
21310496 514 6 3 1 2 1 1 2 1 0 2 1 0 0 0 0 3 2 1 0 0 3 1 0 3 4 2 4 6 5 3 3 3 4 12
21310498 541 1 3 1 0 1 1 0 0 0 0 0 0 1 2 5 0 0 4 4 6 0 12 2 2 1 1 0 0 0
21310499 508 4 2 1 2 2 1 0 3 1 0 0 0 0 1 3 0 0 1 3 0 4 3 1 0 6 4 3 3 12 7 3 3
21310500 473 8 2 1 2 3 1 1 1 3 1 0 3 1 0 0 0 0 4 2 2 12 5 2 3 1 3 2 4 1 3 5 2 0 0 2 0
21310501 522 6 3 2 3 2 1 2 1 0 1 1 0 0 0 0 1 3 2 1 2 1 0 0 3 4 0 8 1 5 2 0 5 12 4
21310502 581 11 3 3 3 1 1 2 2 1 1 2 3 1 0 2 1 0 0 0 0 4 3 4 0 1 4 12 2 3 4 5 0 4 3 2 3 1 3 0
21310503 533 8 2 3 3 2 1 1 2 1 1 0 3 1 0 0 0 0 3 3 2 3 3 3 12 0 5 4 2 3 3 0 4 0 1 0 0
21310504 588 0 1 0 2 1 0 0 0 0 0 0 0 12 3 1 1 3 6 0 0 4 5 0 0 2 0 0 0
21310505 488 7 3 1 3 1 1 2 1 1 0 2 1 0 0 0 0 4 1 2 3 0 0 3 0 3 4 3 0 0 6 5 0 2 2 12
21310506 567 3 3 1 3 3 1 7 0.33333333333333331 8 0.33333333333333331 9 0.33333333333333331 1 0 2 12 7 2 1 3 5 4 0 2 4 0 0 2 1 0 0
21310508 521 11 1 2 1 1 3 3 1 3 2 2 3 1 0 2 1 0 0 0 0 4 3 4 2 3 0 0 3 5 0 0 3 1 7 2 12 4 3 1
21310509 460 0 3 1 5 0.33333333333333331 6 0.33333333333333331 7 0.33333333333333331 0 0 0 12 4 0 0 5 3 2 3 1 3 3 1 2 0 0 0
21310510 554 10 1 2 2 3 3 3 1 2 2 1 1 0 1 1 0 0 0 0 3 4 3 3 3 4 4 0 12 2 1 0 4 4 0 0 0 3 3
21310511 550 6 3 1 3 2 1 2 1 0 3 1 0 0 0 0 2 2 2 0 1 2 0 1 5 3 3 12 7 2 4 1 2 3 3
21310512 537 0 1 0 3 1 0 0 0 0 0 0 0 0 2 3 0 3 0 1 0 2 6 3 0 12 7 6 1
21310514 509 10 1 3 3 1 2 1 2 2 2 1 1 0 3 1 0 0 0 0 4 4 2 1 0 0 0 3 2 3 0 4 5 0 0 4 12 3 3
21310515 531 8 3 1 2 3 3 1 1 2 1 0 3 1 0 0 0 0 3 2 3 12 6 4 1 1 5 2 2 1 4 2 0 2 0 0 0
21310516 581 5 2 2 2 2 3 1 0 1 1 0 0 0 0 0 4 1 3 0 0 0 0 12 3 4 0 1 4 4 1 3 1 4
21310517 522 3 1 2 1 1 0 2 1 0 0 0 0 2 1 0 0 0 2 1 3 0 1 3 2 12 6 4 4 3 3 8
21310518 504 9 2 2 3 1 1 1 2 3 1 1 0 3 1 0 0 0 0 4 3 2 3 0 1 2 3 6 3 2 0 3 2 3 0 12 1 4
21310519 586 3 1 2 2 1 0 1 1 0 0 0 0 1 2 0 0 0 0 3 0 1 3 3 0 6 4 5 8 2 5 12
21310520 618 4 1 1 2 1 1 0 1 1 0 0 0 0 3 1 0 3 2 3 0 2 3 4 0 4 5 12 2 3 0 4 0
21310522 550 5 2 1 3 3 1 1 0 3 1 0 0 0 0 2 1 2 12 8 1 0 7 6 4 0 3 5 4 0 3 0 2 2
21310523 549 6 3 2 2 1 1 1 1 0 1 1 0 0 0 0 3 2 1 2 2 5 0 5 4 0 0 12 3 3 3 6 0 0 0
21310524 623 0 1 0 2 1 0 0 0 0 0 0 0 0 0 1 0 0 4 3 12 4 5 3 8 3 3 3 4
21310525 560 7 2 1 1 1 3 2 3 1 0 2 1 0 0 0 0 3 2 2 3 4 1 2 0 3 4 0 3 4 1 0 2 12 4 0
21310526 534 3 3 1 1 1 0 2 1 0 0 0 0 2 0 1 4 3 1 2 0 6 5 7 0 0 2 12 0 0 0 3
21310527 576 10 1 2 2 3 3 1 2 1 3 3 1 0 1 1 0 0 0 0 3 3 4 2 0 0 0 3 3 0 0 3 5 3 0 12 3 4 3
21310528 476 4 2 3 3 2 1 0 2 1 0 0 0 0 0 2 2 1 1 0 2 4 0 0 0 1 5 3 1 12 7 3 0
21310529 489 9 2 2 3 1 1 3 3 3 2 1 0 1 1 0 0 0 0 2 3 4 3 6 5 3 0 1 12 5 2 3 5 6 0 1 0 2
21310530 524 5 3 2 1 2 3 1 0 1 1 0 0 0 0 1 2 2 0 0 0 3 2 3 4 3 0 1 2 12 1 3 9 7
21310531 589 3 3 2 1 1 0 3 1 0 0 0 0 1 1 1 0 12 7 3 4 5 4 6 1 1 4 2 0 0 0 2
21310532 563 11 3 1 1 3 3 3 2 2 1 2 1 1 0 2 1 0 0 0 0 4 3 4 12 3 3 0 3 4 0 0 3 5 6 1 4 0 3 2
21310533 501 7 2 2 1 3 3 1 2 1 0 3 1 0 0 0 0 2 3 2 1 2 3 7 2 4 4 12 3 1 5 3 0 3 1 0
21310534 581 5 3 2 3 3 2 1 0 1 1 0 0 0 0 0 2 3 1 1 2 12 0 3 5 5 0 1 3 3 0 0 0 2
21310535 487 10 2 3 1 1 2 3 1 3 1 2 1 0 3 1 0 0 0 0 4 3 3 3 12 1 2 1 4 7 4 2 2 4 0 3 0 0 0
21310536 505 0 1 0 3 1 0 0 0 0 0 0 0 0 3 2 0 5 1 3 0 2 4 3 0 3 12 1 3
21310537 531 6 2 3 3 1 1 3 1 0 1 1 0 0 0 0 2 1 3 0 0 7 0 0 3 3 0 3 7 3 12 2 2 4 4
21310538 576 10 1 3 3 1 3 1 1 2 2 2 1 0 2 1 0 0 0 0 4 3 3 1 7 3 3 12 3 2 0 4 0 0 0 0 3 0 0
21310539 548 7 2 1 3 1 2 2 2 1 0 3 1 0 0 0 0 2 4 1 0 0 0 1 5 3 3 1 7 4 0 0 12 5 4 0
21310540 482 5 2 1 1 3 3 1 0 3 1 0 0 0 0 2 1 2 4 4 5 2 1 2 4 2 0 12 1 1 0 0 2 0
21310541 516 4 3 1 1 2 1 0 2 1 0 0 0 0 2 1 1 0 0 3 0 1 3 3 0 4 7 6 0 12 2 1 2
21310542 552 2 2 1 1 0 1 1 0 0 0 0 1 1 0 0 3 3 0 3 3 5 0 5 5 6 3 12 5 2 3
21310543 485 9 1 3 2 2 1 3 3 1 1 1 0 3 1 0 0 0 0 4 2 3 1 4 5 2 0 6 6 7 0 3 4 12 2 2 3 3
21310544 573 4 2 3 2 1 1 0 1 1 0 0 0 0 1 2 1 0 4 3 3 7 5 12 1 0 6 0 3 0 2 3 0
21310545 498 5 1 2 1 3 3 3 1 7 0.33333333333333331 8 0.33333333333333331 9 0.33333333333333331 2 1 2 0 3 6 1 3 2 5 7 2 0 2 12 0 0 0 1
21310546 482 5 2 2 1 1 2 1 0 1 1 0 0 0 0 2 3 0 3 3 1 4 0 1 5 5 2 4 2 12 0 3 0 0
21310547 494 2 1 3 1 0 1 1 0 0 0 0 1 0 1 3 4 2 2 0 2 6 3 3 12 1 0 2 0 1 0
21310548 540 3 2 1 1 1 0 1 1 0 0 0 0 2 1 0 1 2 5 2 3 12 4 2 2 0 1 0 3 0 0 3
21310549 472 2 1 1 1 0 2 1 0 0 0 0 2 0 0 12 7 3 0 4 4 4 2 2 3 3 0 1 0 0 0
21310550 573 9 3 1 1 2 3 1 2 2 2 1 0 1 1 0 0 0 0 3 4 2 0 0 2 3 0 2 6 1 1 3 5 4 3 12 5 3
21310551 555 1 3 1 0 2 1 0 0 0 0 0 0 1 0 0 0 3 1 0 3 12 2 3 5 7 0 1 5 4
21310552 503 0 1 0 2 1 0 0 0 0 0 0 0 0 0 3 0 0 3 6 3 2 1 4 1 0 3 12 6
21310553 488 11 1 3 2 1 2 3 1 2 2 3 3 1 0 1 1 0 0 0 0 3 4 4 0 0 2 0 1 1 4 12 0 4 6 3 0 2 3 4
21310554 563 0 1 0 2 1 0 0 0 0 0 0 0 3 1 3 3 1 5 2 2 0 3 1 12 0 0 3 0
21310555 492 9 3 1 2 1 3 2 2 3 1 1 0 3 1 0 0 0 0 3 3 3 0 2 0 0 3 1 1 8 2 4 4 0 5 7 12 0
21310556 608 1 3 1 0 2 1 0 0 0 0 0 0 1 0 0 3 12 0 4 1 8 0 1 1 4 2 0 2 3
21310557 585 7 3 2 2 2 1 3 3 1 0 1 1 0 0 0 0 1 3 3 12 7 4 4 5 5 6 3 1 0 1 0 2 0 0 0
21310558 538 3 1 1 1 1 0 3 1 0 0 0 0 3 0 0 0 2 0 0 0 4 2 2 3 6 3 3 3 4 7 12
21310559 471 3 3 3 1 1 0 2 1 0 0 0 0 1 0 2 2 3 0 2 0 4 1 3 1 6 4 2 0 5 12 1
21310560 480 10 1 2 1 2 3 3 2 1 3 1 1 0 2 1 0 0 0 0 4 3 3 12 8 4 0 3 4 4 0 4 3 1 3 0 0 2 3
21310561 486 0 1 0 3 1 0 0 0 0 0 0 0 0 12 1 3 5 7 4 2 0 4 4 2 5 0 1 0
21310562 492 7 1 2 1 1 3 2 3 1 0 1 1 0 0 0 0 3 2 2 0 0 0 2 0 2 1 4 6 0 5 3 3 2 12 3
21310563 543 1 2 1 0 1 1 0 0 0 0 0 1 0 0 3 4 12 3 4 6 3 0 0 4 3 0 0 2 1
21310564 579 8 3 3 3 3 1 1 2 2 1 0 1 1 0 0 0 0 2 2 4 2 2 0 0 12 4 0 1 8 5 3 1 4 4 2 0
21310565 497 11 3 3 3 1 2 1 2 2 1 2 1 1 0 3 1 0 0 0 0 4 4 3 5 8 12 2 5 4 1 3 2 3 0 0 1 0 0 0
21310566 480 5 2 3 3 3 1 1 0 2 1 0 0 0 0 1 1 3 0 5 3 4 3 12 5 3 1 2 1 1 0 2 0 0
21310567 491 6 3 1 2 1 1 2 1 0 3 1 0 0 0 0 3 2 1 0 1 1 2 0 5 4 3 7 5 4 3 2 12 3 2
21310568 524 6 2 3 2 2 3 1 1 0 1 1 0 0 0 0 1 3 2 0 4 5 12 0 4 6 3 0 2 4 1 3 1 0 0
21310569 485 10 3 1 3 1 2 1 2 3 3 2 1 0 1 1 0 0 0 0 3 3 4 2 0 3 3 0 4 6 4 0 3 12 4 0 0 3 0
21310570 462 11 3 1 2 2 3 3 1 3 2 1 2 1 0 1 1 0 0 0 0 3 4 4 0 12 7 5 1 7 4 4 0 0 3 4 0 2 0 0
21310571 590 7 3 2 3 3 1 1 3 1 0 2 1 0 0 0 0 2 1 4 0 2 5 0 1 3 3 1 0 12 4 2 0 2 3 1
21310572 557 4 3 3 3 2 1 0 1 1 0 0 0 0 0 1 3 0 0 3 2 0 4 5 1 0 3 1 3 3 12 2 4
21310573 498 9 2 3 1 3 1 2 3 1 2 1 0 3 1 0 0 0 0 3 3 3 0 0 1 0 4 2 1 2 4 5 5 0 3 12 4 0
21310574 521 8 3 2 2 1 1 2 1 3 1 0 1 1 0 0 0 0 3 3 2 0 3 4 3 0 3 5 4 2 0 9 4 0 3 7 12
21310575 616 6 1 2 1 2 3 3 1 0 2 1 0 0 0 0 2 2 2 12 1 3 0 7 4 3 0 3 7 5 0 0 1 2 3
21310576 603 11 3 2 1 3 1 2 3 3 1 2 1 1 0 2 1 0 0 0 0 4 3 4 0 0 2 0 1 1 2 0 3 6 0 4 12 7 7 3
21310577 592 6 2 3 1 1 2 3 1 0 1 1 0 0 0 0 2 2 2 12 3 3 0 4 6 2 0 2 3 0 0 0 1 0 3
21310578 586 5 1 3 3 3 2 1 0 2 1 0 0 0 0 1 1 3 4 6 4 3 1 2 5 3 12 5 6 3 0 3 7 1
21310579 563 6 2 1 2 1 3 3 1 0 3 1 0 0 0 0 2 2 2 0 0 0 2 1 3 0 0 4 6 0 0 12 8 6 3
21310580 547 5 1 3 2 1 2 1 0 3 1 0 0 0 0 2 2 1 1 0 2 0 0 2 0 3 0 12 5 2 1 7 4 1
21310581 580 2 1 3 1 0 1 1 0 0 0 0 1 0 1 3 6 6 0 5 4 3 3 12 2 4 0 0 2 0 0
21310582 502 1 2 1 0 2 1 0 0 0 0 0 1 0 1 3 0 0 2 5 3 3 1 6 3 1 3 4 12 0
21310583 604 7 3 3 3 2 1 2 1 1 0 2 1 0 0 0 0 2 2 3 7 5 5 12 0 0 4 3 0 1 2 0 0 1 0 0
21310584 577 9 1 3 3 2 2 3 3 1 1 1 0 2 1 0 0 0 0 3 2 4 0 1 2 0 0 0 4 3 2 3 3 5 0 4 1 12
21310585 459 2 2 1 1 0 2 1 0 0 0 0 1 1 0 12 4 3 0 4 3 2 3 2 1 4 1 3 0 1 0
21310586 605 6 2 1 3 2 1 3 1 0 2 1 0 0 0 0 2 2 2 0 0 3 0 2 0 1 4 3 5 4 5 0 1 4 12
21310587 596 4 3 2 2 1 1 0 3 1 0 0 0 0 1 2 1 0 1 0 0 0 2 12 1 0 5 4 3 3 1 2 4
21310588 546 4 1 3 2 3 1 0 1 1 0 0 0 0 1 1 2 12 7 3 3 3 6 2 0 4 4 0 0 2 1 0 0
21310590 544 10 1 1 3 1 3 1 2 3 2 2 1 0 3 1 0 0 0 0 4 3 3 0 0 3 1 0 3 0 6 2 3 6 2 0 4 7 12
21310591 587 5 3 1 2 3 2 1 0 3 1 0 0 0 0 1 2 2 2 1 1 12 8 3 5 2 0 6 4 3 0 0 1 3
21310592 518 4 2 2 3 1 1 0 3 1 0 0 0 0 1 2 1 0 2 0 1 0 3 3 1 0 3 5 3 3 4 5 12
21310593 559 2 3 1 1 0 1 1 0 0 0 0 1 0 1 4 0 2 0 0 2 6 12 3 4 5 7 5 3 3 9
21310594 537 5 2 2 1 3 3 1 0 3 1 0 0 0 0 1 2 2 2 1 0 0 2 1 0 0 4 6 7 1 12 8 3 0
21310595 608 5 1 3 1 2 3 1 0 1 1 0 0 0 0 2 1 2 0 0 3 0 12 3 2 1 5 4 2 2 4 3 3 0
21310596 514 2 3 2 1 0 1 1 0 0 0 0 0 1 1 3 12 7 5 2 4 6 4 0 1 7 1 3 0 2 0
21310597 589 2 3 3 1 0 1 1 0 0 0 0 0 0 2 2 6 6 12 3 1 4 3 0 0 3 2 0 2 1 0
21310598 501 6 2 3 3 1 1 1 1 0 1 1 0 0 0 0 3 1 2 0 2 0 0 0 2 3 3 6 12 5 2 0 6 4 4
21310599 503 11 3 1 2 1 2 2 3 1 3 1 3 1 0 2 1 0 0 0 0 4 3 4 2 3 3 12 1 5 4 3 0 3 5 0 0 0 0 3
21310600 572 4 2 1 2 2 3 1 7 0.33333333333333331 8 0.33333333333333331 9 0.33333333333333331 1 3 0 4 1 12 7 3 4 5 0 0 5 3 0 0 1 0 3
21310601 560 6 3 2 1 1 2 3 1 0 3 1 0 0 0 0 2 2 2 5 4 3 3 8 6 3 0 12 4 3 2 0 0 1 0
21310602 457 3 2 1 3 1 0 2 1 0 0 0 0 1 1 1 3 0 0 0 2 3 1 1 0 4 6 4 3 1 2 12
21310603 570 7 2 2 2 1 2 3 1 1 0 3 1 0 0 0 0 2 4 1 0 0 8 0 12 5 0 1 8 5 3 0 1 4 3 0
21310604 527 2 1 1 1 0 2 1 0 0 0 0 2 0 0 0 2 0 2 1 0 0 0 4 12 0 0 4 5 4 3
21310605 603 5 1 3 3 2 2 1 0 1 1 0 0 0 0 1 2 2 0 2 1 0 2 4 3 0 3 4 6 3 4 1 12 3
21310606 569 8 2 3 2 1 2 3 2 1 1 0 3 1 0 0 0 0 2 4 2 1 4 4 12 1 3 3 3 0 2 5 3 0 0 1 0
21310608 542 4 1 1 3 1 1 0 3 1 0 0 0 0 3 0 1 3 2 0 0 3 5 3 1 6 4 5 3 12 2 2 2
21310609 532 0 1 0 1 1 0 0 0 0 0 0 0 12 7 2 1 5 3 4 0 2 3 0 0 3 3 0 0
21310610 513 5 2 2 2 2 3 1 0 3 1 0 0 0 0 0 4 1 0 4 0 1 4 1 4 1 12 1 3 0 5 3 0 0
21310611 617 9 3 3 2 2 2 1 1 1 3 1 0 3 1 0 0 0 0 3 3 3 1 3 3 4 2 5 7 5 0 4 3 12 0 2 1 0
21310612 637 4 2 3 1 3 1 0 1 1 0 0 0 0 1 1 2 2 2 0 0 5 3 1 0 9 4 1 2 12 3 0 0
21310613 515 7 3 1 1 3 2 1 3 1 0 2 1 0 0 0 0 3 1 3 0 0 1 0 1 3 12 2 3 2 5 6 2 7 6 5
21310614 503 4 2 3 2 1 1 0 1 1 0 0 0 0 1 2 1 0 5 3 3 3 0 12 3 0 4 8 4 0 0 8 3
21310616 572 0 1 0 2 1 0 0 0 0 0 0 0 0 2 3 0 3 0 1 8 1 1 3 4 0 2 4 12
21310617 580 5 2 2 1 3 1 3 1 6 0.33333333333333331 7 0.33333333333333331 8 0.33333333333333331 2 2 1 12 6 4 1 4 4 2 0 3 1 4 0 2 0 0 0
21310618 608 3 1 2 1 1 0 1 1 0 0 0 0 2 1 0 2 2 0 1 3 4 2 0 4 5 5 0 4 12 3 0
21310619 593 8 1 2 3 3 3 3 2 2 1 0 2 1 0 0 0 0 1 3 4 12 4 0 1 1 5 4 3 4 4 1 0 2 1 0 0
21310620 486 7 2 2 1 1 1 3 3 1 0 1 1 0 0 0 0 3 2 2 0 12 7 3 2 3 5 3 0 5 0 3 0 0 2 0
21310621 610 4 2 1 3 1 1 0 3 1 0 0 0 0 2 1 1 0 0 0 2 1 3 4 3 2 4 12 3 0 3 5 3
21310622 491 9 1 3 2 3 3 1 2 3 1 1 0 2 1 0 0 0 0 3 2 4 0 2 0 0 4 3 1 1 5 4 0 0 12 4 2 0
21310623 546 9 2 1 3 3 3 2 1 1 2 1 0 3 1 0 0 0 0 3 3 3 12 4 2 3 1 1 6 2 3 0 4 1 0 0 0 2
21310624 575 0 1 0 2 1 0 0 0 0 0 0 0 0 1 3 0 0 3 2 2 0 5 5 3 1 1 7 12
21310625 575 4 3 1 2 3 1 0 2 1 0 0 0 0 1 1 2 1 2 0 0 12 3 0 0 1 7 5 3 4 4 3 4
21310626 549 9 3 1 2 2 3 1 3 1 2 1 0 1 1 0 0 0 0 3 3 3 0 3 2 12 0 4 6 4 2 3 5 1 3 0 2 1
21310627 573 4 2 1 3 3 1 0 2 1 0 0 0 0 1 1 2 0 6 5 12 1 4 2 4 2 0 1 0 0 0 0 1
21310628 516 10 1 2 3 1 1 2 2 3 3 3 1 0 1 1 0 0 0 0 3 3 4 2 0 3 12 0 0 6 6 0 5 4 5 0 0 1 2
21310629 518 3 3 1 3 1 0 2 1 0 0 0 0 1 0 2 3 12 3 0 1 6 4 1 0 2 4 0 0 3 0 2
21310630 566 11 1 3 3 2 1 1 3 3 1 2 2 1 0 2 1 0 0 0 0 4 3 4 2 0 0 3 0 1 3 1 2 4 6 4 0 4 4 12
21310631 516 3 2 3 1 1 0 1 1 0 0 0 0 1 1 1 3 12 6 4 0 3 5 2 0 1 6 0 0 0 0 2
21310632 635 11 3 2 1 2 1 3 2 3 2 1 3 1 0 1 1 0 0 0 0 3 4 4 3 3 0 3 4 3 4 1 1 12 0 0 2 3 2 3
21310633 513 8 3 3 3 1 1 1 1 2 1 0 2 1 0 0 0 0 4 1 3 0 2 2 0 0 0 6 1 0 3 5 3 2 12 7 4
21310634 557 9 3 2 1 3 2 3 1 2 1 1 0 1 1 0 0 0 0 3 3 3 0 3 0 2 2 4 0 0 7 5 4 2 12 1 1 0
21310635 525 8 1 2 1 1 2 2 1 3 1 0 2 1 0 0 0 0 4 3 1 0 0 6 12 2 4 1 4 3 6 1 8 3 0 2 3
21310637 563 4 1 2 1 3 1 0 2 1 0 0 0 0 2 1 1 1 0 0 0 12 2 3 6 4 4 5 3 1 3 2 0
21310638 564 0 1 0 3 1 0 0 0 0 0 0 0 3 2 3 2 2 3 6 3 1 12 3 0 4 1 3 1
21310639 531 2 1 3 3 1 5 0.33333333333333331 6 0.33333333333333331 7 0.33333333333333331 1 0 1 2 6 5 1 3 12 4 3 4 2 4 0 2 0 1 0
21310640 533 10 3 3 3 1 1 3 2 1 2 2 1 0 1 1 0 0 0 0 3 3 4 0 2 5 12 0 5 3 4 1 3 3 0 0 0 0 2
21310641 548 4 1 3 2 2 1 0 3 1 0 0 0 0 1 2 1 3 6 1 12 2 8 5 1 0 4 5 3 0 0 3 0
21310642 580 8 1 3 2 2 3 1 3 1 1 0 2 1 0 0 0 0 3 2 3 0 0 12 6 0 4 3 4 2 0 2 1 0 1 0 3
21310643 520 2 2 3 1 0 2 1 0 0 0 0 0 1 1 1 0 0 0 6 3 0 0 5 5 5 0 12 3 3 1
21310644 513 7 3 3 2 3 1 2 1 1 0 2 1 0 0 0 0 2 2 3 12 5 4 2 4 6 4 0 3 5 0 0 1 1 0 0
21310645 476 3 2 3 3 1 0 3 1 0 0 0 0 0 1 2 12 3 3 3 3 5 4 0 1 2 3 0 1 0 0 0
21310646 552 3 2 3 2 1 0 1 1 0 0 0 0 0 2 1 1 2 12 1 6 4 4 4 0 5 0 1 0 3 2 0
21310647 547 11 2 3 1 2 2 3 1 3 1 2 1 1 0 3 1 0 0 0 0 4 4 3 0 0 3 2 0 1 4 6 3 6 7 1 2 3 3 12
21310648 468 4 2 3 3 2 1 0 2 1 0 0 0 0 0 2 2 0 12 1 1 3 3 5 2 0 4 4 1 0 0 0 1
21310649 579 4 1 3 2 2 1 0 2 1 0 0 0 0 1 2 1 0 0 1 0 3 2 1 0 5 3 3 0 12 5 4 1
21310650 584 9 1 2 1 3 2 3 1 2 3 1 0 3 1 0 0 0 0 3 3 3 0 0 0 2 0 4 1 0 1 2 5 3 0 12 7 6
21310651 606 6 2 1 2 3 3 3 3 1 4 0.33333333333333331 5 0.33333333333333331 6 0.33333333333333331 1 2 3 0 0 0 2 1 3 4 1 3 3 4 4 0 12 5 3
21310652 610 0 1 0 1 1 0 0 0 0 0 0 0 3 4 12 0 3 4 4 1 2 6 2 0 0 3 3 0
21310653 434 0 1 0 2 1 0 0 0 0 0 0 0 0 0 2 3 3 1 5 1 2 4 3 4 3 1 3 12
21310654 562 2 2 2 1 0 3 1 0 0 0 0 0 2 0 0 0 1 0 2 4 4 7 0 5 4 4 12 4 1 1
21310655 592 3 2 1 2 1 0 3 1 0 0 0 0 1 2 0 2 2 3 1 1 1 4 3 0 3 7 6 0 4 6 12
21310656 569 0 1 0 2 1 0 0 0 0 0 0 0 0 3 3 0 1 0 4 4 0 3 5 4 0 12 6 5
21310657 593 9 1 3 1 1 3 2 2 2 1 3 1 5 0.33333333333333331 6 0.33333333333333331 7 0.33333333333333331 4 3 2 12 4 4 2 5 1 3 3 3 3 0 0 0 2 0 3
21310658 581 10 3 3 1 3 2 1 3 2 2 1 1 0 1 1 0 0 0 0 3 3 4 12 3 3 0 3 6 0 0 6 0 0 0 3 0 0 2
21310659 552 2 3 1 1 0 3 1 0 0 0 0 1 0 1 0 0 2 0 3 3 4 0 4 4 2 1 5 7 12 0
21310660 585 4 3 2 2 3 3 1 6 0.33333333333333331 7 0.33333333333333331 8 0.33333333333333331 0 2 2 12 4 0 0 3 5 3 1 5 1 3 1 0 0 2 0
21310661 494 10 2 2 2 2 3 3 1 1 1 3 1 0 1 1 0 0 0 0 3 4 3 4 1 3 6 0 3 4 12 3 2 6 7 0 2 4 1
21310662 504 9 3 1 1 2 2 3 2 3 1 1 0 1 1 0 0 0 0 3 3 3 4 0 0 0 3 1 1 0 4 5 0 2 2 12 2 0
21310663 586 9 3 1 1 2 2 3 2 1 2 1 0 3 1 0 0 0 0 3 4 2 12 1 3 3 5 4 6 3 2 4 3 0 0 0 0 1
21310664 557 5 1 1 1 3 3 1 0 3 1 0 0 0 0 3 0 2 1 2 2 0 0 5 7 12 2 3 5 3 0 5 3 2
21310665 579 7 3 3 2 1 1 1 2 1 0 2 1 0 0 0 0 3 2 2 0 1 3 0 2 3 5 12 0 4 4 6 0 3 3 4
21310667 537 9 2 3 3 1 3 1 2 1 2 1 0 3 1 0 0 0 0 3 3 3 12 7 4 0 3 6 2 0 3 1 4 0 1 2 2 1
21310668 508 11 3 2 1 1 3 2 2 1 3 1 3 1 0 2 1 0 0 0 0 4 3 4 0 0 2 5 1 1 5 6 2 0 3 12 0 3 0 0
21310669 576 9 1 2 1 3 3 1 1 3 2 1 0 3 1 0 0 0 0 4 2 3 2 0 0 2 12 4 2 0 6 4 1 3 4 0 0 0
21310670 561 4 1 2 1 3 1 0 3 1 0 0 0 0 2 1 1 2 0 0 1 5 4 6 1 12 5 0 0 4 2 2 0
21310671 490 11 3 1 3 1 1 2 2 2 2 1 3 1 0 3 1 0 0 0 0 4 4 3 1 2 6 2 0 0 5 3 0 0 5 1 0 3 12 4
21310672 533 4 3 2 1 1 3 1 7 0.33333333333333331 8 0.33333333333333331 9 0.33333333333333331 2 1 1 3 0 1 2 2 3 2 5 1 4 5 7 0 3 7 12
21310673 625 5 1 3 2 2 1 1 0 1 1 0 0 0 0 2 2 1 3 0 4 0 2 4 6 3 0 4 3 12 3 1 2 3
21310674 578 5 1 3 2 3 1 1 0 1 1 0 0 0 0 2 1 2 0 0 2 3 0 2 4 3 1 0 3 5 3 5 2 12
21310675 523 7 3 3 2 3 2 1 1 1 0 2 1 0 0 0 0 2 2 3 0 0 0 2 0 0 1 4 1 4 4 3 0 4 5 12
21310676 518 4 2 1 1 2 1 0 2 1 0 0 0 0 2 2 0 3 1 3 5 12 3 1 0 3 5 4 0 2 5 8 0
21310677 555 7 2 1 1 2 3 2 2 1 0 3 1 0 0 0 0 2 4 1 0 3 3 1 0 4 3 3 3 12 5 3 0 0 1 0
21310678 476 10 2 2 1 2 3 2 1 3 3 3 1 0 1 1 0 0 0 0 2 4 4 1 3 0 3 1 6 3 2 0 4 5 3 0 0 3 12
21310679 555 9 2 2 3 1 3 3 2 1 1 1 0 3 1 0 0 0 0 3 3 3 0 0 6 1 0 4 1 3 0 12 4 3 2 2 3 7
21310680 544 10 1 3 2 3 3 2 1 2 3 1 1 0 1 1 0 0 0 0 3 3 4 3 3 4 2 1 4 3 0 12 3 5 3 0 0 2 0
21310681 535 5 3 3 3 1 1 1 0 2 1 0 0 0 0 2 0 3 1 0 0 0 3 2 2 2 3 6 3 0 12 5 4 1
21310682 596 8 2 1 3 2 1 2 1 2 1 0 3 1 0 0 0 0 3 4 1 1 3 3 3 0 4 6 3 0 2 4 3 0 12 4 1
21310683 566 3 3 2 2 1 0 3 1 0 0 0 0 0 2 1 1 0 1 6 0 1 5 5 0 12 4 3 0 2 3 3
21310684 615 2 3 3 1 0 1 1 0 0 0 0 0 0 2 12 5 3 0 7 4 2 0 4 0 1 0 2 1 0 2
21310685 543 11 2 2 1 1 3 3 2 1 1 2 3 1 0 3 1 0 0 0 0 4 4 3 1 3 0 0 1 2 4 4 0 3 5 2 0 4 5 12
21310686 560 5 1 2 1 2 2 1 0 1 1 0 0 0 0 2 3 0 0 0 2 0 0 4 3 4 1 4 6 3 3 3 7 12
21310687 535 7 3 2 1 1 3 1 2 1 0 1 1 0 0 0 0 3 2 2 0 2 2 0 3 0 6 4 0 4 5 4 0 12 1 2
21310688 513 6 1 3 3 3 1 1 1 0 2 1 0 0 0 0 3 0 3 3 2 3 3 12 4 3 2 3 5 0 0 2 1 0 0
21310689 571 4 2 3 3 1 1 0 1 1 0 0 0 0 1 1 2 0 0 2 0 0 1 3 4 2 6 4 1 2 3 4 12
21310690 570 9 2 1 3 2 3 1 1 3 2 1 0 2 1 0 0 0 0 3 3 3 0 1 2 0 3 0 6 6 0 5 7 8 1 1 2 12
21310691 478 9 3 1 3 3 2 1 2 2 3 1 0 1 1 0 0 0 0 2 3 4 2 3 0 0 2 3 7 1 4 4 3 0 4 7 12 1
21310692 603 11 2 1 2 3 3 1 3 2 1 2 3 1 0 1 1 0 0 0 0 3 4 4 2 1 3 0 3 1 5 0 5 3 6 0 12 2 2 1
21310693 539 0 1 0 1 1 0 0 0 0 0 0 0 1 0 0 0 2 2 12 2 3 2 3 1 5 5 1 0
21310694 514 9 1 3 3 2 1 3 2 1 3 1 0 2 1 0 0 0 0 3 2 4 3 2 0 0 1 0 3 1 3 7 5 0 2 5 7 12
21310695 537 8 2 2 2 1 3 1 2 3 1 0 1 1 0 0 0 0 2 4 2 12 8 4 1 3 6 6 0 2 4 1 0 0 3 4 3
21310697 570 1 2 1 0 1 1 0 0 0 0 0 1 0 2 4 12 0 4 4 1 0 1 5 2 3 2 3 0 1
21310698 546 9 3 2 1 3 2 2 3 3 1 1 0 1 1 0 0 0 0 2 3 4 2 1 6 12 0 3 4 3 0 4 0 2 0 3 0 1
21310700 507 2 1 1 1 0 3 1 0 0 0 0 2 0 0 3 0 0 0 4 1 2 1 2 5 4 2 12 8 2 0
21310701 563 4 2 3 3 1 1 0 1 1 0 0 0 0 1 1 2 0 12 4 3 0 3 7 2 0 0 5 1 3 0 0 2
21310702 473 7 1 2 2 1 3 1 3 1 0 2 1 0 0 0 0 3 2 2 0 0 3 0 0 0 0 3 2 5 5 7 0 1 4 12
21310703 529 4 2 3 2 1 1 0 1 1 0 0 0 0 1 2 1 1 0 2 0 0 3 0 4 2 5 6 1 0 4 4 12
21310704 572 5 1 3 1 3 2 1 0 2 1 0 0 0 0 2 1 2 0 0 0 1 0 3 4 2 0 5 6 0 3 7 12 3
21310705 521 3 1 2 2 1 0 1 1 0 0 0 0 1 2 0 0 12 8 5 0 3 5 3 1 2 5 3 0 0 3 3
21310706 549 8 1 3 3 3 1 2 2 2 1 0 1 1 0 0 0 0 2 3 3 0 0 0 3 0 12 3 1 0 4 4 2 1 2 4 4
21310707 567 11 2 3 1 2 1 3 1 2 3 1 3 1 0 2 1 0 0 0 0 4 3 4 0 12 7 4 2 3 5 4 0 1 3 6 0 0 4 3
21310708 475 7 1 2 2 3 2 3 1 1 0 2 1 0 0 0 0 2 3 2 1 4 5 12 4 5 4 2 0 1 3 1 3 3 0 0
21310709 473 8 3 3 3 1 2 1 1 3 1 0 2 1 0 0 0 0 3 1 4 0 0 2 0 0 12 5 3 0 5 3 1 2 1 3 2
21310710 572 4 2 1 2 2 1 0 1 1 0 0 0 0 1 3 0 3 4 12 1 1 4 4 0 1 4 2 0 0 2 0 0
21310711 550 0 1 0 3 1 0 0 0 0 0 0 0 0 1 1 0 3 5 0 2 12 7 4 0 3 3 2 0
21310712 540 9 2 1 2 1 3 3 2 3 1 1 0 2 1 0 0 0 0 3 3 3 1 4 1 0 0 2 3 3 12 4 6 0 4 2 1 3
21310713 493 9 3 2 3 1 2 2 1 3 2 1 0 3 1 0 0 0 0 2 4 3 12 4 4 1 2 3 5 3 4 0 3 0 0 1 1 0
21310714 553 5 3 3 2 1 2 1 0 3 1 0 0 0 0 1 2 2 1 2 1 3 0 5 3 6 0 3 7 12 0 1 2 0
21310715 506 3 3 2 3 3 1 6 0.33333333333333331 7 0.33333333333333331 8 0.33333333333333331 0 1 2 2 1 1 3 3 3 3 5 1 5 6 12 0 0 3 2
21310716 545 2 1 2 1 0 3 1 0 0 0 0 1 1 0 1 3 0 0 3 5 7 0 12 4 5 6 3 3 3 2
21310717 568 10 3 3 2 1 3 1 2 3 1 2 1 0 2 1 0 0 0 0 3 3 4 4 6 12 1 3 3 4 6 0 2 6 3 0 0 0 1
21310718 493 11 2 3 3 1 2 3 3 1 2 1 2 1 0 1 1 0 0 0 0 3 4 4 5 6 3 3 4 4 4 12 0 3 5 2 1 0 0 0
21310720 579 7 3 2 1 1 3 2 1 1 0 1 1 0 0 0 0 3 2 2 0 0 0 2 0 0 4 0 3 2 1 12 4 5 6 2
21310721 532 8 1 1 1 3 1 3 2 2 1 0 3 1 0 0 0 0 4 2 2 3 4 7 0 3 5 3 0 4 5 2 2 4 12 0 0
21310722 548 1 2 3 1 5 0.33333333333333331 6 0.33333333333333331 7 0.33333333333333331 0 1 0 2 0 0 0 3 1 1 3 4 5 4 1 12 2 3 0
21310723 477 7 1 2 2 2 1 2 1 1 0 3 1 0 0 0 0 3 4 0 1 5 2 12 1 0 4 4 0 0 3 5 0 0 3 0
21310724 645 3 1 2 1 1 0 3 1 0 0 0 0 2 1 0 2 5 4 12 3 6 4 5 0 0 7 3 0 0 0 3
21310725 543 4 1 2 2 2 1 0 1 1 0 0 0 0 1 3 0 0 2 1 0 7 5 1 0 12 4 4 0 3 6 4 3
21310726 579 7 2 1 1 3 3 2 2 1 0 1 1 0 0 0 0 2 3 2 0 0 0 3 0 0 1 3 2 3 6 2 1 5 8 12
21310727 668 4 1 1 1 2 3 1 4 0.33333333333333331 5 0.33333333333333331 6 0.33333333333333331 3 1 0 0 0 0 2 0 12 2 3 1 8 5 3 2 7 6 0
21310728 569 8 3 2 3 2 2 2 3 1 1 0 1 1 0 0 0 0 1 4 3 3 0 0 0 1 6 1 6 2 4 4 0 12 5 3 1
21310729 442 10 1 1 1 2 2 2 2 3 3 1 1 0 3 1 0 0 0 0 4 4 2 5 8 12 3 5 6 1 0 2 1 0 2 0 3 0 3
21310730 576 10 3 1 2 2 3 1 1 3 3 1 3 1 5 0.33333333333333331 6 0.33333333333333331 7 0.33333333333333331 4 2 4 2 0 0 0 4 1 4 0 12 5 2 0 8 6 3 2
21310731 557 9 1 3 3 2 2 1 2 1 2 1 0 3 1 0 0 0 0 3 4 2 3 0 0 0 12 3 5 0 5 7 4 3 3 2 1 1
21310732 483 11 1 3 1 3 2 2 3 1 1 3 2 1 0 2 1 0 0 0 0 4 3 4 3 1 3 0 12 0 0 2 3 7 6 3 4 8 5 3
21310733 543 8 2 3 2 1 1 3 3 3 1 0 2 1 0 0 0 0 2 2 4 2 1 4 12 3 2 7 3 0 0 4 1 0 1 0 3
21310734 575 9 2 2 1 1 3 3 2 3 3 1 0 1 1 0 0 0 0 2 3 4 0 1 7 12 0 4 5 5 2 2 3 4 0 0 0 1
21310735 557 8 1 3 2 2 1 3 1 3 1 0 2 1 0 0 0 0 3 2 3 12 4 2 1 3 6 3 4 2 0 1 0 3 0 3 0
21310736 615 9 3 2 1 2 3 1 1 1 3 1 0 2 1 0 0 0 0 4 2 3 1 6 12 0 3 4 4 2 3 3 0 0 2 0 3 0
21310737 560 0 1 0 1 1 0 0 0 0 0 0 0 3 3 3 0 5 4 2 3 12 4 2 0 1 0 0 0
21310738 580 8 1 2 1 1 2 3 2 1 1 0 3 1 0 0 0 0 4 3 1 0 3 0 12 3 2 3 6 0 3 4 4 0 2 1 3
21310739 578 0 1 0 1 1 0 0 0 0 0 0 0 0 4 2 1 0 2 12 6 3 1 4 6 0 0 2 0
21310740 580 9 1 1 3 3 3 1 2 2 1 1 0 3 1 0 0 0 0 4 2 3 0 0 0 2 2 1 2 0 12 7 5 3 4 3 3 0
21310741 528 3 2 2 3 1 0 3 1 0 0 0 0 0 2 1 2 1 0 0 12 6 1 0 6 5 0 1 8 4 3 0
21310743 537 3 1 2 1 1 0 3 1 0 0 0 0 2 1 0 5 0 2 0 5 4 8 0 12 1 3 0 0 0 2 3
21310744 448 11 2 2 3 1 3 3 2 2 3 1 1 1 0 1 1 0 0 0 0 3 4 4 1 0 0 0 2 3 6 3 0 12 4 3 0 3 2 1
21310745 548 5 3 1 1 2 1 1 0 2 1 0 0 0 0 3 1 1 3 3 0 3 0 3 4 2 0 12 5 1 0 2 3 5
21310746 511 0 3 1 5 0.33333333333333331 6 0.33333333333333331 7 0.33333333333333331 0 0 0 4 7 12 4 0 3 5 3 1 2 1 0 0 0 0 2
21310747 559 2 3 3 3 1 7 0.33333333333333331 8 0.33333333333333331 9 0.33333333333333331 0 0 2 0 0 2 1 0 0 2 3 7 1 3 1 2 3 6 12
21310748 551 8 1 2 2 1 3 2 3 2 1 0 3 1 0 0 0 0 2 4 2 0 1 2 4 0 12 3 4 1 4 5 1 0 3 0 0
21310749 554 1 3 1 0 1 1 0 0 0 0 0 0 1 2 4 8 3 3 4 6 7 1 4 2 12 0 0 3 0
21310750 528 0 1 0 3 1 0 0 0 0 0 0 0 4 1 5 12 0 1 1 2 3 4 2 2 0 0 0 3
21310751 573 4 1 1 1 3 1 0 2 1 0 0 0 0 3 0 1 0 3 0 0 3 2 5 12 2 4 4 5 0 1 3 2
21310752 505 1 3 1 0 3 1 0 0 0 0 0 0 1 12 2 1 2 7 3 4 2 3 7 3 1 1 0 0 0
21310753 436 10 2 2 3 3 3 1 1 2 2 1 1 0 3 1 0 0 0 0 3 4 3 0 1 0 0 2 5 3 0 1 3 4 0 3 12 7 4
21310754 571 2 1 2 1 0 2 1 0 0 0 0 1 1 0 1 4 7 12 0 3 5 2 1 3 5 3 0 4 0 0
21310755 530 4 2 2 2 3 1 0 3 1 0 0 0 0 0 3 1 1 0 0 0 1 4 0 0 5 4 4 0 12 3 6 1
21310756 608 2 3 3 1 0 3 1 0 0 0 0 0 0 2 0 0 0 3 0 0 5 4 2 4 2 4 1 12 7 1
21310757 531 3 3 2 3 1 0 1 1 0 0 0 0 0 1 2 12 4 1 0 5 6 2 0 4 3 2 0 1 3 2 1
21310758 505 10 3 2 2 3 1 1 3 2 1 3 1 0 1 1 0 0 0 0 3 3 4 3 5 2 0 12 4 5 3 2 4 1 1 0 2 0 0
21310759 506 6 3 2 3 2 2 1 1 0 1 1 0 0 0 0 1 3 2 1 3 2 12 0 1 4 4 0 2 1 3 0 0 3 0
21310760 483 11 1 2 2 2 1 3 1 1 2 3 3 1 0 3 1 0 0 0 0 4 4 3 2 1 1 0 1 4 4 2 0 5 12 2 0 1 0 2
21310761 524 2 2 1 1 0 3 1 0 0 0 0 1 1 0 0 0 2 1 0 0 2 1 3 3 5 4 0 12 6 4
21310762 495 3 1 2 1 1 0 1 1 0 0 0 0 2 1 0 3 2 2 5 0 4 3 8 0 3 6 12 0 0 5 7
21310763 595 7 2 3 3 1 3 2 1 1 0 3 1 0 0 0 0 2 2 3 12 8 8 7 3 4 5 0 1 1 4 2 0 2 3 0
21310764 598 7 2 3 3 1 1 2 3 1 0 1 1 0 0 0 0 2 2 3 2 3 12 3 5 4 2 1 7 3 3 4 1 0 0 2
21310765 590 1 1 1 0 1 1 0 0 0 0 1 0 0 3 0 0 0 0 3 0 4 0 0 12 5 3 2 2 3
21310766 576 2 1 3 1 0 1 1 0 0 0 0 1 0 1 0 2 0 0 1 2 2 0 3 5 5 2 12 6 1 0
21310767 617 8 3 2 3 1 3 2 2 1 1 0 1 1 0 0 0 0 2 3 3 3 5 5 0 3 12 4 3 6 2 3 2 0 0 1 1
21310768 552 1 2 1 0 1 1 0 0 0 0 0 1 0 3 0 0 0 0 1 4 4 2 3 5 5 0 4 6 12
21310769 531 8 1 3 2 3 2 2 3 1 1 0 1 1 0 0 0 0 2 3 3 3 3 3 3 3 12 1 0 3 2 6 2 1 0 8 0
21310770 592 7 1 3 1 2 3 2 2 1 0 1 1 0 0 0 0 2 3 2 0 3 1 0 0 1 3 0 3 3 2 0 12 7 3 2
21310771 524 0 1 0 1 1 0 0 0 0 0 0 0 1 2 2 12 0 5 5 3 0 1 4 3 2 0 3 0
21310772 524 3 2 3 1 1 0 3 1 0 0 0 0 1 1 1 2 0 3 1 0 1 0 5 0 2 5 6 0 3 12 3
21310774 475 4 2 3 2 2 1 0 2 1 0 0 0 0 0 3 1 3 3 0 0 4 4 0 0 3 6 5 1 12 1 1 1
21310775 618 7 3 3 1 2 2 1 2 1 0 3 1 0 0 0 0 2 3 2 0 12 7 4 1 4 4 3 0 2 3 0 3 0 1 0
21310777 514 3 1 2 3 1 0 3 1 0 0 0 0 1 1 1 4 12 7 2 3 5 4 5 4 6 4 0 3 1 0 0
21310778 535 3 2 1 2 1 0 3 1 0 0 0 0 1 2 0 1 0 0 1 0 4 3 4 0 3 1 2 2 6 12 3
21310779 576 3 2 3 1 1 0 3 1 0 0 0 0 1 1 1 0 2 1 0 0 2 1 1 0 2 4 3 3 4 6 12
21310780 564 10 3 3 3 2 1 1 2 2 3 1 1 0 1 1 0 0 0 0 3 3 4 2 7 3 0 0 3 4 4 2 4 6 3 1 3 3 12
21310781 558 3 2 2 1 1 0 3 1 0 0 0 0 1 2 0 0 0 0 6 0 5 5 12 1 3 6 4 1 3 2 4
21310782 535 8 1 1 3 2 3 3 2 2 3 1 7 0.33333333333333331 8 0.33333333333333331 9 0.33333333333333331 2 3 3 3 0 1 0 0 0 0 2 1 3 4 3 0 4 5 12
21310783 484 0 1 0 3 1 0 0 0 0 0 0 0 6 3 2 0 5 7 0 0 8 3 4 0 12 3 3 1
21310784 544 0 1 0 1 1 0 0 0 0 0 0 0 0 6 8 12 1 5 7 3 0 0 1 5 2 2 0 2
21310785 563 3 3 1 1 1 0 3 1 0 0 0 0 2 0 1 2 12 9 4 3 2 6 6 0 1 4 0 0 0 0 2
21310786 513 2 3 2 1 0 3 1 0 0 0 0 0 1 1 3 0 4 1 1 4 5 4 0 2 2 12 1 0 0 0
21310787 530 11 1 2 3 2 2 3 3 3 2 1 1 1 0 1 1 0 0 0 0 3 4 4 0 12 6 4 0 5 4 1 2 0 4 2 0 1 0 0
21310788 514 5 1 2 1 3 3 1 0 2 1 0 0 0 0 2 1 2 1 3 0 0 3 6 0 0 5 5 3 0 2 3 12 3
21310789 541 7 1 2 1 1 3 2 2 1 0 2 1 0 0 0 0 3 3 1 2 4 12 3 3 1 5 4 0 6 0 1 0 0 6 0
21310790 543 4 1 1 3 1 1 0 3 1 0 0 0 0 3 0 1 0 3 2 2 7 6 5 0 12 4 3 0 2 5 2 1
21310791 538 8 1 2 1 3 3 3 1 1 1 0 2 1 0 0 0 0 4 1 3 4 12 3 3 1 4 3 2 2 4 4 0 2 0 3 0
21310792 543 2 1 1 1 0 3 1 0 0 0 0 2 0 0 3 2 12 0 2 4 4 2 4 7 1 0 2 1 0 0
21310793 507 7 1 3 2 1 3 2 2 1 0 3 1 0 0 0 0 2 3 2 6 2 1 3 12 3 1 0 0 5 2 0 0 0 0 1
21310794 540 11 1 1 3 2 2 1 2 3 2 1 3 1 0 3 1 0 0 0 0 4 4 3 0 0 2 1 2 5 3 4 0 2 5 1 3 1 3 12
21310795 595 1 2 1 0 1 1 0 0 0 0 0 1 0 3 1 12 7 3 1 2 3 2 4 3 4 0 0 1 2
21310796 555 10 2 2 3 2 3 1 3 3 1 1 1 0 2 1 0 0 0 0 3 3 4 0 1 2 4 2 1 3 3 1 6 2 12 1 0 3 0
21310797 597 3 3 1 2 1 0 2 1 0 0 0 0 1 1 1 1 3 3 3 3 4 7 1 0 3 6 12 0 2 2 1
21310798 520 10 2 2 3 1 3 1 3 1 2 3 1 0 1 1 0 0 0 0 3 3 4 3 12 8 1 2 3 3 6 0 2 4 3 2 0 1 0
21310799 479 10 2 2 2 1 2 1 3 1 3 3 1 0 1 1 0 0 0 0 3 4 3 0 3 0 1 0 6 5 3 8 2 5 3 0 12 3 4
21310800 575 8 2 3 3 1 3 2 3 2 1 0 1 1 0 0 0 0 1 3 4 2 0 1 0 0 1 3 12 1 3 2 4 0 2 5 1
21310801 506 3 1 3 1 1 0 3 1 0 0 0 0 2 0 1 8 2 4 2 3 4 4 0 12 4 2 0 0 1 0 0
21310802 569 10 2 3 1 3 2 2 1 1 2 3 1 0 1 1 0 0 0 0 3 4 3 0 0 3 0 3 5 4 3 1 3 7 3 12 4 3 2
21310803 534 4 3 3 2 3 1 0 1 1 0 0 0 0 0 1 3 1 0 0 0 0 3 2 3 2 3 5 5 0 1 3 12
21310804 471 10 1 3 2 2 1 2 3 1 1 3 1 0 3 1 0 0 0 0 4 3 3 12 5 4 1 6 4 2 0 4 3 3 2 0 1 2 0
21310805 580 10 2 1 2 1 1 3 2 3 3 2 1 0 3 1 0 0 0 0 3 4 3 0 0 1 0 2 0 4 3 0 0 4 6 0 1 5 12
21310806 477 11 1 1 3 1 3 3 1 2 2 2 3 1 0 2 1 0 0 0 0 4 3 4 1 6 7 2 0 3 3 5 0 3 3 12 0 0 0 3
21310807 564 5 2 2 1 3 3 3 1 6 0.33333333333333331 7 0.33333333333333331 8 0.33333333333333331 1 2 2 3 1 1 2 5 2 1 0 12 3 5 0 0 3 3 0
21310808 567 8 2 3 3 3 2 1 2 1 1 0 1 1 0 0 0 0 2 3 3 0 0 1 2 3 0 6 3 0 1 2 12 2 4 3 1
21310809 531 7 3 3 1 2 3 2 2 1 0 1 1 0 0 0 0 1 3 3 0 0 0 1 0 6 2 4 0 1 12 4 2 3 1 3
21310810 442 2 1 1 1 0 3 1 0 0 0 0 2 0 0 0 3 2 12 0 3 5 5 1 1 2 3 0 0 2 2
21310811 588 10 2 3 2 1 1 2 1 1 3 3 1 0 3 1 0 0 0 0 4 3 3 5 3 3 4 3 12 1 2 1 0 2 0 3 0 2 0
21310812 611 9 1 1 2 3 3 1 2 2 1 1 0 3 1 0 0 0 0 4 3 2 12 2 3 3 6 5 2 0 1 7 3 1 2 0 0 0
21310813 557 3 2 2 1 1 0 3 1 0 0 0 0 1 2 0 0 2 0 0 3 2 1 0 1 5 4 1 0 12 6 4
21310814 588 3 3 2 2 1 0 1 1 0 0 0 0 0 2 1 3 0 2 0 3 4 1 1 0 0 3 4 0 0 12 3
21310815 543 9 1 1 3 2 2 2 3 1 3 1 0 3 1 0 0 0 0 3 3 3 6 0 0 0 1 2 0 1 0 3 2 4 3 3 5 12
21310817 533 11 1 3 2 2 3 2 3 1 2 1 1 1 0 3 1 0 0 0 0 4 4 3 0 1 0 0 0 3 2 12 0 3 6 7 3 4 4 5
21310818 591 0 1 0 2 1 0 0 0 0 0 0 0 12 6 4 3 5 7 3 0 4 0 2 0 1 0 1 0
21310819 503 4 3 2 2 3 1 0 3 1 0 0 0 0 0 2 2 0 3 5 12 0 3 3 1 0 0 3 4 1 0 3 0
21310820 550 6 2 1 3 1 2 1 1 0 2 1 0 0 0 0 3 2 1 1 0 0 0 0 3 4 4 3 7 6 5 3 4 12 2
21310821 563 2 3 1 1 0 2 1 0 0 0 0 1 0 1 4 4 2 0 8 5 3 0 12 0 0 1 3 3 0 0
21310823 572 6 3 1 2 2 1 3 3 1 4 0.33333333333333331 5 0.33333333333333331 6 0.33333333333333331 2 2 2 12 3 3 7 3 5 3 0 3 6 2 0 4 1 0 0
21310824 588 9 2 2 2 2 1 1 3 3 3 1 0 1 1 0 0 0 0 2 4 3 0 0 3 0 0 4 2 0 8 4 6 4 3 1 12 1
21310825 494 3 1 2 2 1 0 1 1 0 0 0 0 1 2 0 3 12 0 0 2 3 4 3 4 3 2 1 5 1 0 0
21310827 468 11 1 1 2 2 1 2 3 3 2 3 3 1 0 1 1 0 0 0 0 3 4 4 0 2 0 1 1 3 3 3 0 4 3 5 0 2 4 12
21310828 576 0 1 0 1 1 0 0 0 0 0 0 0 3 3 12 4 0 3 5 3 4 2 6 3 0 0 3 3
21310829 556 8 1 3 2 2 2 1 2 3 1 0 3 1 0 0 0 0 2 4 2 1 3 1 3 0 3 4 6 0 3 2 12 0 1 0 0
21310830 563 5 3 1 1 2 3 1 0 2 1 0 0 0 0 2 1 2 0 5 2 12 2 4 7 1 3 6 5 1 3 0 0 4
21310831 537 5 2 3 1 2 1 1 0 3 1 0 0 0 0 2 2 1 0 0 2 3 0 3 4 5 2 4 5 1 1 12 5 8
21310832 581 8 2 3 1 1 1 3 1 3 1 0 2 1 0 0 0 0 4 1 3 0 2 0 3 4 2 0 0 4 5 1 3 8 12 2 0
21310833 558 2 2 2 1 0 3 1 0 0 0 0 0 2 0 1 5 8 12 3 3 6 7 1 3 1 2 0 0 0 3
21310834 610 2 2 2 1 0 1 1 0 0 0 0 0 2 0 2 0 0 0 1 0 0 0 6 5 7 1 12 8 6 3
21310835 536 8 1 2 1 3 3 2 3 1 1 0 3 1 0 0 0 0 3 2 3 2 2 3 3 0 0 2 4 0 1 3 4 0 4 1 12
21310836 497 2 1 3 1 0 1 1 0 0 0 0 1 0 1 3 2 12 0 4 1 4 0 4 4 2 2 0 2 1 0
21310837 527 5 2 3 3 2 3 1 0 3 1 0 0 0 0 0 2 3 1 1 3 4 0 5 3 6 0 2 6 4 0 1 3 12
21310838 595 1 1 1 0 2 1 0 0 0 0 1 0 0 2 3 3 4 1 3 5 12 0 4 3 5 0 0 0 5
21310839 575 5 2 2 3 1 2 1 0 3 1 0 0 0 0 1 3 1 4 5 12 0 3 4 4 1 3 5 2 0 0 1 1 0
21310840 565 9 3 1 3 3 3 1 2 1 2 1 0 1 1 0 0 0 0 3 2 4 2 3 1 0 1 4 3 0 2 3 12 2 4 3 2 0
21310841 537 0 1 0 1 1 0 0 0 0 0 0 0 2 4 1 12 2 5 4 4 0 3 6 1 0 2 4 0
21310842 566 8 2 2 1 2 1 1 3 1 1 0 3 1 0 0 0 0 4 3 1 2 0 1 0 2 3 5 12 3 3 4 7 3 6 3 4
21310843 501 10 3 1 2 2 3 1 1 3 2 3 1 0 1 1 0 0 0 0 3 3 4 12 4 3 3 3 5 2 0 5 0 5 0 2 0 1 0
21310844 549 7 3 1 2 1 2 1 3 1 0 3 1 0 0 0 0 3 2 2 2 3 7 12 4 0 0 3 0 0 0 3 0 0 3 0
21310845 547 7 3 3 2 1 1 2 2 1 0 3 1 0 0 0 0 2 3 2 7 12 2 1 0 6 5 5 1 0 1 4 2 0 0 0
21310846 573 2 2 1 1 0 2 1 0 0 0 0 1 1 0 0 4 1 1 8 5 5 3 0 12 3 6 0 3 2 0
21310847 566 11 2 3 1 2 3 1 2 2 3 1 3 1 0 1 1 0 0 0 0 3 4 4 0 0 2 0 1 0 1 12 0 5 8 2 6 3 3 4
21310848 521 2 1 1 1 0 3 1 0 0 0 0 2 0 0 0 0 2 1 0 0 3 2 2 0 4 4 0 3 12 4
21310849 580 11 3 1 2 1 2 1 3 1 2 3 2 1 0 3 1 0 0 0 0 4 4 3 12 1 4 3 3 1 4 2 3 6 2 2 0 1 0 0
21310850 477 10 3 1 3 3 1 2 1 2 2 1 1 0 3 1 0 0 0 0 4 3 3 12 2 5 0 3 6 5 1 3 5 1 2 2 0 0 0
21310851 599 3 1 1 1 1 0 2 1 0 0 0 0 3 0 0 0 2 7 12 3 0 4 8 0 0 0 5 0 0 0 2
21310853 535 4 1 3 1 3 1 0 1 1 0 0 0 0 2 0 2 7 0 0 0 4 2 2 0 3 3 5 2 12 7 6 3
21310854 609 2 1 3 1 0 2 1 0 0 0 0 1 0 1 2 0 0 0 1 1 3 2 5 5 4 0 6 8 12 3
21310855 496 1 1 1 0 2 1 0 0 0 0 1 0 0 4 2 12 2 4 5 1 0 3 4 4 0 1 0 0 0
21310856 540 5 3 1 1 2 1 1 0 3 1 0 0 0 0 3 1 1 5 12 0 0 2 3 3 6 4 5 0 0 2 3 0 0
21310857 549 2 3 2 1 0 3 1 0 0 0 0 0 1 1 1 4 5 7 2 4 6 12 0 0 1 4 0 0 0 6
21310858 547 11 2 2 3 1 1 2 3 3 2 1 3 1 0 1 1 0 0 0 0 3 4 4 0 0 2 0 1 3 0 5 0 3 1 5 0 2 4 12
21310859 578 11 2 3 3 1 2 2 2 1 1 1 3 1 0 3 1 0 0 0 0 4 4 3 2 0 0 0 1 3 1 3 0 6 5 4 2 3 3 12
21310860 615 7 1 1 2 2 2 3 3 1 0 3 1 0 0 0 0 2 3 2 1 4 3 4 3 2 6 5 0 0 3 12 0 0 1 0
21310861 552 10 2 2 1 3 2 3 1 3 2 1 1 0 3 1 0 0 0 0 3 4 3 12 7 5 4 1 2 6 0 7 4 5 0 0 0 3 1
21310862 549 2 3 1 1 0 1 1 0 0 0 0 1 0 1 3 3 1 2 2 5 4 4 0 2 4 12 0 7 0 0
21310863 581 9 3 1 2 2 3 3 2 1 1 1 0 1 1 0 0 0 0 3 3 3 0 3 0 0 2 4 12 0 1 5 6 0 3 4 4 2
21310864 545 5 2 1 2 1 2 1 0 3 1 0 0 0 0 2 3 0 5 4 4 0 4 6 2 0 12 0 0 3 1 1 0 0
21310865 549 6 1 1 3 3 3 2 1 0 3 1 0 0 0 0 2 1 3 6 0 4 2 3 6 2 2 4 7 3 6 12 1 4 1
21310866 567 6 2 3 1 1 1 2 1 0 3 1 0 0 0 0 3 2 1 3 3 0 0 3 5 0 0 2 3 1 0 3 12 3 2
21310867 618 2 2 3 1 0 3 1 0 0 0 0 0 1 1 0 1 0 0 3 0 6 3 0 3 6 3 0 3 7 12
21310868 535 10 2 3 3 2 3 2 1 1 1 2 1 0 3 1 0 0 0 0 3 4 3 0 3 5 12 0 6 4 2 1 6 4 1 0 2 3 1
21310869 526 10 3 2 3 1 3 2 2 3 1 2 1 0 1 1 0 0 0 0 2 4 4 0 1 0 0 2 3 4 4 1 4 5 6 0 3 3 12
21310870 527 6 3 2 2 1 2 3 1 0 3 1 0 0 0 0 1 3 2 1 0 0 0 1 3 4 0 3 5 3 3 12 8 6 0
21310871 517 11 3 1 3 2 1 1 2 3 2 1 2 1 0 3 1 0 0 0 0 4 4 3 5 1 0 2 4 2 4 0 2 7 1 0 1 3 12 0
21310872 512 5 1 2 1 1 2 1 0 1 1 0 0 0 0 3 2 0 7 4 4 4 0 6 5 3 0 12 2 3 0 2 0 0
21310873 531 1 2 1 0 3 1 0 0 0 0 0 1 0 2 0 0 3 0 1 3 1 0 3 6 3 0 12 4 3
21310874 586 0 3 1 4 0.33333333333333331 5 0.33333333333333331 6 0.33333333333333331 0 0 0 0 0 0 1 2 1 12 3 0 2 4 2 0 4 1 7
21310875 558 3 1 1 3 1 0 3 1 0 0 0 0 2 0 1 12 8 3 6 3 3 2 4 3 3 5 2 0 0 2 1
21310876 572 5 1 1 3 2 3 1 0 3 1 0 0 0 0 2 1 2 0 0 1 2 2 2 5 12 0 0 4 4 0 0 1 3
21310877 452 6 2 2 1 2 2 3 3 1 5 0.33333333333333331 6 0.33333333333333331 7 0.33333333333333331 1 4 1 12 3 3 0 4 1 0 1 2 7 1 0 4 1 0 0
21310878 619 8 2 2 3 1 1 2 1 1 1 0 3 1 0 0 0 0 4 3 1 0 3 0 0 7 4 3 0 12 7 4 2 6 4 3 3
21310879 598 4 1 1 3 3 1 0 2 1 0 0 0 0 2 0 2 5 7 12 0 3 5 6 1 0 3 2 0 0 2 0 3
21310880 468 5 1 3 2 3 1 1 0 2 1 0 0 0 0 2 1 2 0 0 0 1 3 2 3 12 0 3 4 6 0 4 4 5
21310881 510 0 1 0 3 1 0 0 0 0 0 0 0 0 3 1 12 2 0 7 4 0 3 5 3 0 0 0 3
21310882 450 6 3 3 2 1 3 2 1 0 2 1 0 0 0 0 1 2 3 12 3 4 1 1 3 2 0 2 5 4 1 1 0 0 0
21310883 544 5 1 2 1 3 3 1 0 1 1 0 0 0 0 2 1 2 3 3 0 0 2 4 3 3 3 3 6 3 2 5 5 12
21310884 559 11 2 2 1 3 3 1 2 1 3 2 1 1 0 3 1 0 0 0 0 4 4 3 1 3 0 0 0 2 5 0 5 5 3 3 12 3 2 1
21310885 444 1 2 1 0 3 1 0 0 0 0 0 1 0 3 4 3 1 4 7 5 4 6 12 6 0 3 0 3 0
21310886 575 11 3 1 1 2 1 3 1 2 3 3 2 1 0 2 1 0 0 0 0 4 3 4 0 2 1 0 3 3 5 12 3 3 4 8 0 2 1 5
21310887 548 5 1 3 3 2 2 1 0 2 1 0 0 0 0 1 2 2 6 1 0 0 0 3 0 0 4 6 4 0 4 5 12 1
21310888 530 3 1 3 1 1 0 3 1 0 0 0 0 2 0 1 0 3 2 12 0 6 5 6 2 3 4 4 0 1 2 3
21310889 543 6 3 1 3 1 3 2 1 0 2 1 0 0 0 0 2 1 3 0 0 1 0 12 2 3 0 4 1 6 3 2 2 0 1
21310890 516 7 2 2 1 3 3 3 2 1 0 2 1 0 0 0 0 1 3 3 1 0 0 1 0 4 3 4 0 1 3 6 0 3 4 12
21310891 470 0 1 0 1 1 0 0 0 0 0 0 0 0 0 2 2 3 1 5 3 4 4 6 1 12 3 2 0
21310892 482 7 3 2 1 1 2 3 3 1 0 3 1 0 0 0 0 2 2 3 12 3 5 0 7 5 4 3 5 4 3 0 0 2 0 1
21310893 574 5 2 2 3 2 2 1 0 1 1 0 0 0 0 0 4 1 0 12 6 4 0 4 6 3 0 3 1 3 1 1 0 0
21310894 490 7 1 3 3 3 1 2 3 1 0 2 1 0 0 0 0 2 1 4 0 0 2 0 3 1 1 0 6 4 4 0 12 3 0 2
21310895 538 1 2 1 0 3 1 0 0 0 0 0 1 0 0 1 0 0 0 3 0 0 5 4 2 0 12 6 4 1
21310896 558 7 3 1 2 2 3 2 1 1 0 1 1 0 0 0 0 2 3 2 12 4 4 2 4 4 1 0 7 3 0 0 0 3 0 0
21310897 509 2 1 2 1 0 3 1 0 0 0 0 1 1 0 12 1 3 2 6 3 1 0 2 6 2 0 1 3 0 0
21310898 649 1 2 1 0 2 1 0 0 0 0 0 1 0 4 4 1 12 0 7 5 8 0 1 4 5 0 0 3 3
21310899 518 2 2 3 1 0 3 1 0 0 0 0 0 1 1 1 3 6 1 3 6 7 6 12 6 2 3 0 0 1 2
21310900 525 8 2 2 1 3 2 3 3 2 1 0 1 1 0 0 0 0 1 4 3 1 0 1 0 4 3 3 0 4 5 4 0 12 5 2 1
21310901 596 8 2 3 3 2 2 3 1 2 1 0 1 1 0 0 0 0 1 4 3 1 0 0 0 6 3 3 0 8 5 0 1 12 4 3 0
21310902 591 3 2 1 1 1 0 1 1 0 0 0 0 2 1 0 0 2 0 0 1 4 12 0 4 7 6 4 4 4 2 2
21310903 648 2 1 3 1 0 2 1 0 0 0 0 1 0 1 0 3 4 0 1 3 3 5 0 2 12 3 2 3 1 3
21310904 495 1 3 1 0 3 1 0 0 0 0 0 0 1 0 6 4 12 2 7 4 7 0 5 4 5 1 0 2 1
21310905 597 11 2 3 3 2 1 2 3 3 1 1 2 1 0 1 1 0 0 0 0 3 4 4 1 0 0 0 4 4 2 2 5 4 1 0 12 4 5 0
21310907 507 8 1 2 1 1 3 3 3 1 1 0 2 1 0 0 0 0 4 1 3 0 0 3 0 4 1 2 2 5 5 0 0 12 2 3 0
21310908 587 2 1 2 1 0 3 1 0 0 0 0 1 1 0 3 0 1 0 4 0 3 2 4 5 3 5 12 7 7 0
21310909 518 2 3 3 3 1 5 0.33333333333333331 6 0.33333333333333331 7 0.33333333333333331 0 0 2 0 2 1 0 2 1 4 0 0 4 6 12 0 5 5 4
21310910 509 0 1 0 1 1 0 0 0 0 0 0 0 0 2 3 1 3 0 5 2 0 6 4 3 0 0 12 3
21310911 506 11 2 1 3 1 3 1 2 2 1 3 2 1 0 3 1 0 0 0 0 4 4 3 0 2 4 12 0 6 5 1 0 4 2 3 3 1 0 0
21310912 511 3 1 2 2 1 0 2 1 0 0 0 0 1 2 0 3 3 0 0 3 1 0 0 12 4 0 0 6 3 3 1
21310913 486 2 2 3 1 0 1 1 0 0 0 0 0 1 1 2 0 1 0 4 12 3 2 8 7 4 4 3 5 4 1
21310914 558 0 1 0 2 1 0 0 0 0 0 0 0 12 4 3 2 7 6 3 1 8 5 1 3 2 1 0 0
21310915 608 6 3 3 3 2 1 2 1 0 1 1 0 0 0 0 1 2 3 0 0 1 3 2 2 1 0 3 4 7 2 1 4 12 0
21310916 540 1 1 1 0 2 1 0 0 0 0 1 0 0 0 0 2 0 3 4 1 3 5 7 4 0 12 3 3 0
21310917 487 8 2 1 2 1 1 2 3 2 1 0 3 1 0 0 0 0 3 4 1 1 5 2 0 4 12 5 1 0 0 3 3 0 3 0 0
21310918 642 3 3 2 3 1 0 2 1 0 0 0 0 0 1 2 4 6 12 0 3 5 4 0 3 3 3 1 1 0 0 0
21310919 530 0 1 0 2 1 0 0 0 0 0 0 0 12 3 5 1 5 3 2 0 1 7 1 3 2 4 0 0
21310920 660 8 3 3 1 1 3 2 2 2 1 0 1 1 0 0 0 0 2 3 3 2 0 12 5 1 3 6 3 0 0 2 1 0 2 3 1
21310921 529 4 2 3 1 3 1 0 1 1 0 0 0 0 1 1 2 3 8 2 7 12 3 6 3 3 1 3 0 0 2 4 0
21310922 546 2 3 2 1 0 2 1 0 0 0 0 0 1 1 0 12 1 1 3 4 2 4 0 3 6 3 0 0 3 1
21310923 614 7 3 1 2 1 3 2 3 1 0 2 1 0 0 0 0 2 2 3 12 1 6 0 5 5 2 3 3 3 0 0 1 0 0 0
21310925 552 3 3 2 1 1 0 1 1 0 0 0 0 1 1 1 12 2 3 3 6 4 3 0 3 1 4 2 3 1 2 0
21310926 566 9 2 1 1 3 3 2 3 2 1 1 0 3 1 0 0 0 0 3 3 3 2 4 3 0 12 4 5 1 2 5 1 1 0 0 3 2
21310927 512 4 2 3 1 2 1 0 3 1 0 0 0 0 1 2 1 1 1 0 2 4 3 3 0 12 5 4 0 0 1 2 0
21310928 526 6 1 3 2 1 3 2 1 0 3 1 0 0 0 0 2 2 2 1 12 5 2 5 4 3 0 3 2 3 0 0 0 1 0
21310929 521 4 1 1 3 1 1 0 1 1 0 0 0 0 3 0 1 2 0 2 0 1 2 3 0 3 3 4 2 12 7 3 2
21310930 604 10 2 3 1 3 1 3 1 2 2 1 1 0 2 1 0 0 0 0 4 3 3 3 8 7 2 1 3 12 4 3 3 0 3 0 3 0 0
21310931 554 10 2 2 2 1 2 1 3 1 1 3 1 0 3 1 0 0 0 0 4 4 2 1 0 0 0 5 2 5 1 4 5 12 3 4 2 0 0
21310932 631 1 3 1 0 2 1 0 0 0 0 0 0 1 0 1 1 12 3 4 7 5 0 5 2 2 0 0 3 1
21310933 533 7 2 1 3 3 2 3 1 1 0 2 1 0 0 0 0 2 2 3 12 5 4 0 5 4 0 2 6 3 1 0 1 0 0 0
21310934 558 9 1 1 1 2 3 3 2 3 2 1 0 1 1 0 0 0 0 3 3 3 0 2 1 3 0 3 4 5 3 3 3 6 0 2 3 12
21310935 499 6 2 1 2 3 2 1 1 0 3 1 0 0 0 0 2 3 1 3 1 0 0 1 5 3 2 0 1 4 3 0 2 4 12
21310936 577 1 2 1 0 1 1 0 0 0 0 0 1 0 0 0 1 0 0 0 3 3 0 3 2 12 3 6 4 4
21310937 537 2 3 2 1 0 1 1 0 0 0 0 0 1 1 1 3 12 4 2 4 7 6 0 5 0 3 3 0 0 0
21310938 488 9 2 3 1 3 3 2 1 1 1 3 1 6 0.33333333333333331 7 0.33333333333333331 8 0.33333333333333331 4 2 3 2 4 0 0 2 4 8 0 1 5 12 0 5 3 2 3
21310939 509 7 3 3 2 2 2 1 1 1 0 2 1 0 0 0 0 2 3 2 3 0 0 0 3 2 3 3 1 5 12 1 1 5 2 1
21310940 575 0 1 0 3 1 0 0 0 0 0 0 0 0 4 4 12 0 4 5 6 0 1 3 4 2 1 0 2
21310941 496 7 1 2 2 1 3 2 2 1 0 3 1 0 0 0 0 2 4 1 0 4 12 5 0 1 4 5 0 0 0 3 3 1 0 0
21310942 559 6 3 1 2 3 2 2 1 0 1 1 0 0 0 0 1 3 2 12 7 3 0 4 5 3 3 4 1 0 0 5 0 0 0
21310943 564 4 3 3 2 1 1 0 2 1 0 0 0 0 1 1 2 4 4 6 12 0 3 2 1 3 2 0 1 0 1 0 0
21310944 439 4 1 1 1 2 1 0 3 1 0 0 0 0 3 1 0 1 2 0 0 0 4 1 4 2 6 3 3 2 2 7 12
21310945 573 8 1 2 3 1 2 1 1 3 1 0 3 1 0 0 0 0 4 2 2 0 0 2 0 4 4 3 0 5 9 4 0 12 6 5 2
21310946 561 3 3 3 1 1 0 2 1 0 0 0 0 1 0 2 0 3 3 3 3 4 6 12 0 0 2 0 0 0 0 1
21310947 551 1 2 1 0 1 1 0 0 0 0 0 1 0 3 0 0 0 3 4 6 3 1 3 5 2 3 2 12 1
21310948 477 2 3 1 1 0 1 1 0 0 0 0 1 0 1 12 6 3 0 3 3 4 3 5 0 2 0 2 3 0 0
21310949 553 0 1 0 1 1 0 0 0 0 0 0 0 0 0 2 0 0 0 7 2 0 5 5 12 1 5 5 4
21310951 492 3 3 1 1 1 0 3 1 0 0 0 0 2 0 1 0 2 2 0 1 4 6 4 0 12 4 2 2 3 1 3
21310952 521 6 1 2 1 2 2 3 1 0 1 1 0 0 0 0 2 3 1 2 2 3 0 4 3 6 0 6 6 0 1 12 4 1 0
21310953 631 10 3 2 1 1 3 2 2 3 1 3 1 0 1 1 0 0 0 0 3 3 4 3 12 3 0 5 4 4 2 1 0 3 0 0 0 2 0
21310954 452 11 1 1 2 3 3 1 2 2 2 1 3 1 0 3 1 0 0 0 0 4 4 3 3 3 0 2 3 4 3 5 1 4 1 0 12 6 2 0
21310955 605 1 3 3 1 5 0.33333333333333331 6 0.33333333333333331 7 0.33333333333333331 0 0 1 2 0 4 6 0 1 4 7 0 3 4 12 0 0 3 4
21310956 610 5 1 1 2 2 3 1 0 2 1 0 0 0 0 2 2 1 5 7 4 1 3 3 3 12 3 0 0 3 0 0 0 3
21310957 540 6 3 1 3 2 1 2 1 0 3 1 0 0 0 0 2 2 2 0 1 2 0 0 8 6 0 6 3 4 3 0 12 5 4
21310958 590 11 3 2 1 3 1 3 2 3 1 2 1 1 0 2 1 0 0 0 0 4 3 4 3 5 7 12 1 2 5 4 0 2 3 0 1 0 0 0
21310959 542 4 3 1 2 3 1 0 3 1 0 0 0 0 1 1 2 0 0 4 1 0 2 1 3 1 4 3 12 0 2 2 3
21310960 484 7 3 3 3 1 2 2 1 1 0 1 1 0 0 0 0 2 2 3 0 3 6 3 0 3 5 3 2 12 2 3 0 1 0 0
21310961 562 6 3 1 2 1 2 2 1 0 3 1 0 0 0 0 2 3 1 12 6 3 4 8 2 0 0 4 1 0 1 0 0 0 3
21310963 526 4 3 3 3 2 3 1 4 0.33333333333333331 5 0.33333333333333331 6 0.33333333333333331 0 1 3 1 4 4 12 3 2 5 2 0 2 1 0 0 1 1 0
21310964 485 1 2 1 0 3 1 0 0 0 0 0 1 0 4 4 0 2 5 5 1 1 12 5 2 0 0 1 0 0
21310965 557 9 3 2 1 3 3 1 2 2 2 1 0 1 1 0 0 0 0 2 4 3 0 2 1 6 7 6 6 0 7 1 3 0 12 3 0 0
21310966 601 11 1 2 3 3 2 1 3 1 2 3 2 1 0 1 1 0 0 0 0 3 4 4 2 0 0 0 4 3 4 1 3 4 2 0 12 4 0 1
21310967 526 0 1 0 2 1 0 0 0 0 0 0 0 3 1 5 12 1 5 0 2 0 0 0 2 0 0 0 1
21310968 477 2 3 2 1 0 1 1 0 0 0 0 0 1 1 0 1 0 0 2 3 2 4 6 4 1 2 12 5 1 0
21310969 535 2 3 2 1 0 2 1 0 0 0 0 0 1 1 2 1 3 0 3 3 5 1 12 6 3 0 4 3 1 3
21310970 557 9 3 1 2 1 1 3 3 3 2 1 0 2 1 0 0 0 0 3 2 4 2 3 0 0 1 4 2 0 12 6 4 4 4 3 3 1
21310971 552 3 2 3 1 1 0 1 1 0 0 0 0 1 1 1 0 3 8 3 0 0 2 12 1 4 4 7 0 0 2 6
21310972 517 4 1 2 1 3 1 0 2 1 0 0 0 0 2 1 1 6 12 4 3 0 4 5 3 0 1 3 3 0 2 0 0
21310973 504 11 2 1 3 2 3 3 1 3 1 2 2 1 0 1 1 0 0 0 0 3 4 4 3 1 9 12 2 5 4 1 0 2 4 7 1 2 0 0
21310974 546 11 3 3 1 1 1 2 3 2 2 2 3 1 0 1 1 0 0 0 0 3 4 4 0 3 2 12 3 3 5 3 0 3 1 1 0 5 3 2
21310975 471 11 3 3 3 2 2 1 1 1 2 1 3 1 0 2 1 0 0 0 0 4 3 4 0 2 0 0 4 1 0 0 12 2 3 1 7 6 4 3
21310976 558 5 2 2 2 3 1 1 0 2 1 0 0 0 0 1 3 1 4 0 1 1 3 1 3 1 0 4 5 2 0 12 7 4
21310977 475 6 2 3 1 1 3 2 1 0 3 1 0 0 0 0 2 2 2 0 2 1 0 0 3 7 12 2 4 4 4 1 2 1 3
21310978 518 0 1 0 2 1 0 0 0 0 0 0 0 0 0 3 2 0 3 0 5 0 0 4 6 1 1 4 12
21310979 489 11 2 3 3 1 3 2 2 1 2 1 1 1 0 3 1 0 0 0 0 4 4 3 0 4 2 1 2 3 6 12 0 0 1 7 0 0 3 0
21310980 575 7 3 1 2 3 1 2 1 1 0 1 1 0 0 0 0 3 2 2 0 0 3 1 0 3 5 3 0 2 3 7 2 2 3 12
21310981 518 0 1 0 2 1 0 0 0 0 0 0 0 3 1 0 0 3 4 0 1 1 6 2 0 2 3 12 0
21310982 459 7 2 3 3 2 3 3 1 1 0 1 1 0 0 0 0 1 2 4 3 12 6 1 5 1 4 0 0 1 2 2 0 0 0 2
21310983 541 11 2 2 3 2 1 1 1 2 3 3 3 1 0 1 1 0 0 0 0 3 4 4 0 0 7 3 3 1 3 1 0 1 2 12 5 2 4 2
21310984 574 2 1 1 1 0 2 1 0 0 0 0 2 0 0 3 5 12 3 1 5 4 3 6 0 0 0 2 2 0 0
21310985 548 4 3 3 1 3 1 0 1 1 0 0 0 0 1 0 3 2 0 0 0 1 4 2 1 2 5 4 2 2 4 1 12
21310986 556 4 2 1 2 2 1 0 1 1 0 0 0 0 1 3 0 0 0 0 1 0 0 3 2 3 1 3 7 3 8 5 12
21310987 542 2 2 1 1 0 1 1 0 0 0 0 1 1 0 0 0 2 1 3 1 12 6 0 4 2 3 0 2 0 0
21310988 542 11 1 3 3 2 2 3 1 2 3 2 1 1 0 1 1 0 0 0 0 3 4 4 1 2 5 12 3 2 7 3 0 3 5 1 0 0 1 2
21310989 504 6 2 2 3 2 1 1 1 0 3 1 0 0 0 0 2 3 1 4 3 3 0 1 2 5 1 12 4 3 2 0 0 4 1
21310990 588 3 3 1 2 1 0 2 1 0 0 0 0 1 1 1 1 6 12 0 3 6 1 3 1 7 3 0 2 4 2 0
21310991 508 8 3 3 1 2 2 2 2 3 1 0 1 1 0 0 0 0 1 4 3 12 3 5 3 1 5 0 1 1 2 2 0 0 3 1 0
21310992 502 4 3 3 1 2 1 0 3 1 0 0 0 0 1 1 2 1 2 2 0 6 4 3 2 3 6 3 1 1 4 4 12
21310993 598 5 1 2 3 1 2 1 0 2 1 0 0 0 0 2 2 1 0 4 1 3 2 4 5 1 3 5 7 12 0 0 4 3
21310995 453 10 3 1 3 3 2 1 1 3 2 2 1 0 2 1 0 0 0 0 3 3 4 2 5 6 1 1 2 6 3 0 3 12 3 0 1 0 3
21310996 586 10 3 2 1 1 3 3 3 1 2 2 1 0 1 1 0 0 0 0 3 3 4 0 1 2 0 0 5 3 4 0 3 1 4 2 12 2 5
21310997 507 3 1 3 3 1 0 2 1 0 0 0 0 1 0 2 4 3 3 1 7 5 5 0 12 5 2 0 0 3 3 0
21310998 556 3 2 2 3 1 0 1 1 0 0 0 0 0 2 1 12 3 1 3 4 6 3 0 1 2 4 3 1 3 2 0
21310999 479 5 1 2 3 3 1 1 0 2 1 0 0 0 0 2 1 2 3 0 4 2 1 3 3 12 0 2 4 5 0 0 3 1
21311000 484 1 2 1 0 1 1 0 0 0 0 0 1 0 3 1 0 0 0 3 0 2 3 4 5 3 5 7 12 0
21311001 622 5 3 1 2 2 1 1 0 3 1 0 0 0 0 2 2 1 0 0 0 1 0 4 4 12 3 4 6 2 5 2 1 3
21311002 528 4 1 1 1 1 1 0 3 1 0 0 0 0 4 0 0 2 2 3 2 0 4 12 8 0 3 4 5 2 2 0 1
21311003 567 10 1 1 2 3 2 3 3 1 1 2 1 0 2 1 0 0 0 0 4 3 3 12 4 1 3 5 4 5 0 2 4 1 0 0 0 2 0
21311004 555 8 3 2 3 1 1 1 2 3 1 0 2 1 0 0 0 0 3 2 3 0 4 3 5 3 5 5 3 3 2 3 12 0 0 0 1
21311005 564 7 2 2 3 3 3 2 1 1 0 3 1 0 0 0 0 1 3 3 4 3 0 0 7 5 3 1 12 4 2 1 0 0 1 0
21311006 565 1 1 1 0 2 1 0 0 0 0 1 0 0 0 1 2 3 2 1 4 12 0 3 5 7 3 4 6 0
21311007 635 0 1 0 3 1 0 0 0 0 0 0 0 12 2 3 0 7 7 4 3 2 4 1 3 1 0 0 0
21311008 517 2 1 2 1 0 1 1 0 0 0 0 1 1 0 4 0 0 1 4 5 4 2 4 5 3 0 4 2 12 0
21311009 603 6 1 3 3 2 1 2 1 0 3 1 0 0 0 0 2 2 2 0 0 0 1 0 0 2 4 2 1 4 5 0 3 5 12
21311010 612 0 1 0 3 1 0 0 0 0 0 0 0 0 1 0 1 5 0 2 0 6 5 4 0 12 3 2 0
21311011 497 10 2 2 1 1 3 1 3 2 3 3 3 1 5 0.33333333333333331 6 0.33333333333333331 7 0.33333333333333331 3 3 4 5 8 12 2 4 7 3 0 3 2 1 0 0 3 1 0
21311012 464 11 1 2 1 3 3 2 2 2 3 1 1 1 0 3 1 0 0 0 0 4 4 3 0 1 3 0 3 5 3 1 0 0 12 2 3 0 4 2
21311013 593 1 1 1 0 2 1 0 0 0 0 1 0 0 2 3 2 0 12 6 7 1 4 1 6 7 3 0 3 0
21311014 549 6 2 2 3 3 2 1 1 0 2 1 0 0 0 0 1 3 2 0 0 1 3 0 3 5 5 0 4 6 8 4 1 1 12
21311015 588 11 2 3 2 3 3 1 2 3 1 2 1 1 0 1 1 0 0 0 0 3 4 4 12 1 0 1 4 5 4 0 4 3 2 3 2 0 0 0
21311016 570 2 1 3 1 0 2 1 0 0 0 0 1 0 1 1 0 0 0 4 2 0 0 4 5 2 1 12 4 4 0
21311017 543 1 1 1 0 3 1 0 0 0 0 1 0 0 4 6 12 0 3 5 7 2 3 1 3 0 2 0 0 0
21311018 519 10 2 1 3 1 3 2 2 1 2 3 1 0 1 1 0 0 0 0 3 4 3 3 0 0 0 0 0 3 3 0 5 4 3 2 1 6 12
21311019 529 6 1 1 3 3 2 2 1 0 1 1 0 0 0 0 2 2 2 0 0 0 2 4 4 3 0 9 5 4 1 12 3 4 2
21311020 547 7 2 1 1 3 2 1 3 1 0 3 1 0 0 0 0 3 2 2 12 3 3 2 4 4 3 0 4 2 3 1 2 0 1 0
21311021 467 8 3 3 1 3 1 2 1 2 1 0 3 1 0 0 0 0 3 2 3 0 2 3 2 1 3 1 1 2 0 2 4 0 0 5 12
21311022 579 10 3 2 3 2 1 3 3 2 2 1 1 0 1 1 0 0 0 0 2 4 4 4 5 3 0 0 3 12 0 4 2 3 1 0 0 1 0
21311023 562 0 1 0 1 1 0 0 0 0 0 0 0 2 0 2 0 0 0 2 1 1 4 4 4 0 5 3 12
21311024 549 7 1 3 2 1 3 1 2 1 0 3 1 0 0 0 0 3 2 2 2 4 4 8 0 3 5 12 0 1 5 5 0 0 2 0
21311025 539 6 1 2 3 3 2 2 1 0 1 1 0 0 0 0 1 3 2 4 4 3 0 7 6 4 0 12 2 1 3 0 1 0 0
21311026 584 7 3 3 1 3 2 1 2 1 0 1 1 0 0 0 0 2 2 3 3 0 0 0 2 3 4 5 3 4 3 12 0 2 1 3
21311027 546 2 2 1 1 0 2 1 0 0 0 0 1 1 0 0 0 0 1 2 4 3 1 4 4 6 6 4 5 8 12
21311028 507 11 2 3 1 3 2 1 3 2 3 1 2 1 0 1 1 0 0 0 0 3 4 4 12 1 3 3 2 4 7 3 4 5 4 2 0 3 1 0
21311029 476 10 1 2 3 2 3 3 1 2 1 3 1 0 2 1 0 0 0 0 3 3 4 12 7 2 0 6 3 7 1 3 1 1 4 0 0 2 0
21311030 525 4 3 3 1 3 1 0 2 1 0 0 0 0 1 0 3 3 4 12 3 4 6 4 3 0 1 3 3 2 0 0 0
21311031 612 10 3 1 2 2 1 2 1 3 1 2 1 0 3 1 0 0 0 0 4 4 2 3 3 5 6 1 3 6 3 12 3 2 5 3 0 0 0
21311032 517 10 1 3 1 2 3 2 1 2 3 3 1 0 1 1 0 0 0 0 3 3 4 12 4 4 0 4 5 3 0 3 1 5 3 2 0 0 2
21311033 539 9 1 2 2 3 1 2 1 3 3 1 0 2 1 0 0 0 0 3 3 3 1 0 3 0 0 4 2 0 0 1 5 1 0 12 4 2
21311035 488 6 2 3 1 2 3 1 1 0 2 1 0 0 0 0 2 2 2 3 1 3 0 4 4 5 0 6 8 12 3 6 0 0 0
21311036 574 9 1 2 3 1 2 2 3 1 3 1 0 2 1 0 0 0 0 3 3 3 3 1 0 0 3 3 0 1 5 5 4 0 12 3 2 0
21311037 518 2 3 3 1 0 1 1 0 0 0 0 0 0 2 3 6 3 0 5 2 1 2 12 1 3 0 0 0 2 0
21311038 610 3 3 3 1 1 0 2 1 0 0 0 0 1 0 2 12 4 5 2 4 3 4 0 6 0 0 1 0 3 0 0
21311039 573 5 3 2 2 1 1 1 0 3 1 0 0 0 0 2 2 1 12 3 3 0 3 5 4 0 4 5 1 2 0 0 7 0
21311040 508 1 3 1 0 1 1 0 0 0 0 0 0 1 2 5 2 0 5 4 3 0 4 1 12 3 1 0 2 0
21311041 530 8 3 3 1 1 2 3 2 1 1 0 2 1 0 0 0 0 3 2 3 12 6 3 2 4 5 1 0 0 2 3 0 0 0 1 0
21311042 486 0 1 0 3 1 0 0 0 0 0 0 0 1 4 1 6 1 4 6 4 4 2 5 0 12 2 2 0
21311043 493 6 3 2 2 2 1 1 1 0 2 1 0 0 0 0 2 3 1 2 8 5 12 6 4 1 3 1 3 4 4 0 0 0 1
21311044 486 10 2 3 3 3 1 1 1 3 1 2 1 0 2 1 0 0 0 0 4 2 4 2 4 5 12 0 1 4 5 0 2 4 1 0 0 0 2
21311045 607 5 3 2 3 1 1 1 0 2 1 0 0 0 0 2 1 2 5 5 4 0 12 3 3 1 7 6 2 0 1 0 2 0
21311046 572 5 2 1 1 2 3 1 0 3 1 0 0 0 0 2 2 1 0 0 12 3 2 6 3 1 0 1 5 2 3 0 1 2
21311047 605 7 3 1 2 2 2 3 1 1 0 1 1 0 0 0 0 2 3 2 1 0 0 0 4 2 3 3 12 7 6 3 5 5 6 3
21311048 492 1 1 1 0 2 1 0 0 0 0 1 0 0 1 3 3 4 0 5 4 12 7 5 3 2 0 3 0 0
21311049 490 9 3 2 2 1 2 3 1 1 3 1 0 3 1 0 0 0 0 3 3 3 0 12 3 6 0 2 3 6 2 2 1 1 1 0 0 0
21311050 496 7 1 3 1 2 1 2 2 1 0 2 1 0 0 0 0 3 3 1 4 4 3 3 1 6 5 1 12 7 3 0 0 2 3 0
21311051 559 10 3 1 2 2 1 2 3 1 3 3 1 0 1 1 0 0 0 0 3 3 4 0 6 0 0 2 0 6 3 0 4 4 1 0 12 5 2
21311052 535 6 2 2 3 3 2 1 1 0 2 1 0 0 0 0 1 3 2 0 1 0 0 3 3 5 1 0 12 1 3 0 0 0 3
21311053 502 8 3 3 1 1 1 1 2 2 1 0 3 1 0 0 0 0 4 2 2 4 12 4 7 3 6 3 3 2 4 8 0 0 0 0 2
21311054 549 3 1 3 3 1 0 2 1 0 0 0 0 1 0 2 0 0 6 3 0 12 3 4 1 3 7 4 0 2 1 2
21311055 590 9 2 2 3 2 1 3 1 1 3 1 0 2 1 0 0 0 0 3 3 3 6 5 3 1 7 4 3 1 12 3 2 0 0 0 3 0
21311057 553 11 3 3 1 2 3 1 2 2 2 3 1 1 0 1 1 0 0 0 0 3 4 4 3 0 0 0 12 1 3 1 6 7 4 2 3 6 3 2
21311058 621 2 3 3 1 0 2 1 0 0 0 0 0 0 2 4 8 3 1 1 8 2 1 4 3 12 3 0 0 2 0
21311059 473 11 3 3 2 2 1 3 1 1 2 3 1 1 0 2 1 0 0 0 0 4 3 4 3 3 1 12 3 4 4 1 2 5 2 3 3 3 0 0
21311060 584 5 2 3 3 2 1 1 0 1 1 0 0 0 0 1 2 2 0 0 2 0 12 4 0 1 5 5 6 2 3 3 1 0
21311061 573 7 1 2 3 1 3 1 2 3 1 5 0.33333333333333331 6 0.33333333333333331 7 0.33333333333333331 3 2 2 12 6 4 0 5 3 0 2 1 3 4 0 2 0 0 0
21311062 492 4 3 3 2 1 1 0 3 1 0 0 0 0 1 1 2 0 2 0 0 0 0 3 3 1 1 6 5 2 12 7 5
21311063 589 7 1 3 3 3 2 2 1 1 0 2 1 0 0 0 0 2 2 3 3 1 4 0 12 4 1 2 3 5 8 0 2 0 1 0
21311064 543 10 3 2 2 2 1 3 3 1 1 2 1 0 1 1 0 0 0 0 3 4 3 3 1 12 1 3 4 2 4 3 5 2 0 0 3 0 3
21311065 549 3 3 1 2 1 0 1 1 0 0 0 0 1 1 1 0 0 3 0 1 2 3 2 0 5 4 3 0 12 5 3
21311066 536 10 1 2 2 2 1 3 3 1 1 3 1 0 3 1 0 0 0 0 4 3 3 2 0 1 4 0 0 4 12 3 4 4 6 2 0 0 0
21311068 596 2 1 2 1 0 3 1 0 0 0 0 1 1 0 1 4 12 3 2 3 5 6 0 3 4 3 0 1 2 0
21311069 472 9 1 2 1 1 3 2 2 3 1 1 0 2 1 0 0 0 0 4 3 2 3 12 1 0 1 6 4 3 4 2 3 2 0 3 0 0
21311070 549 2 3 3 1 0 1 1 0 0 0 0 0 0 2 0 0 0 3 1 3 3 3 2 2 12 6 4 3 6 3
21311071 518 10 1 3 3 1 2 2 3 3 2 2 1 0 1 1 0 0 0 0 2 4 4 0 1 1 0 3 0 4 5 6 2 3 2 1 9 4 12
21311072 464 3 2 2 3 1 0 1 1 0 0 0 0 0 2 1 0 0 3 0 1 2 0 0 3 12 4 1 4 4 7 0
21311073 545 10 1 2 3 2 1 3 3 1 1 3 1 0 2 1 0 0 0 0 4 2 4 0 4 3 4 2 3 5 6 0 3 6 12 0 1 2 0
21311074 518 10 2 2 1 1 2 3 3 2 1 1 1 0 3 1 0 0 0 0 4 4 2 0 0 0 3 6 3 12 0 2 6 4 2 1 3 1 0
21311075 603 8 3 3 2 1 1 3 3 2 1 0 2 1 0 0 0 0 2 2 4 1 0 0 0 3 2 3 0 7 4 3 0 12 1 1 2
21311076 529 3 2 1 2 1 0 3 1 0 0 0 0 1 2 0 4 1 3 1 2 12 4 0 3 3 2 3 1 0 2 1
21311077 522 9 1 3 3 1 2 2 2 1 3 1 0 1 1 0 0 0 0 3 3 3 2 1 3 5 2 3 4 4 0 1 7 12 3 0 2 0
21311078 554 11 3 1 3 2 1 2 3 1 1 2 2 1 0 3 1 0 0 0 0 4 4 3 1 0 0 0 2 12 4 2 3 1 1 0 4 3 3 2
21311079 501 6 2 3 3 3 2 1 1 0 3 1 0 0 0 0 1 2 3 0 0 1 1 2 2 5 12 0 2 1 5 0 6 3 1
21311080 468 0 1 0 2 1 0 0 0 0 0 0 0 0 0 3 0 3 2 3 0 3 5 12 1 5 5 7 1
21311081 605 9 3 2 3 2 3 1 1 2 1 1 0 2 1 0 0 0 0 3 3 3 3 0 0 0 4 3 1 0 0 6 4 4 0 12 5 3
21311082 663 5 3 2 2 3 1 1 0 2 1 0 0 0 0 1 2 2 1 2 3 12 5 4 4 8 0 0 3 5 0 0 1 1
21311083 527 2 1 3 1 0 1 1 0 0 0 0 1 0 1 3 0 2 2 3 6 4 2 3 2 4 1 0 1 4 12
21311084 504 4 1 2 2 2 1 0 1 1 0 0 0 0 1 3 0 12 4 0 0 6 4 3 0 3 6 3 1 3 0 1 2
21311085 531 1 3 1 0 1 1 0 0 0 0 0 0 1 0 2 1 12 3 6 7 3 0 6 5 3 2 0 0 4
21311086 556 1 3 1 0 2 1 0 0 0 0 0 0 1 0 0 0 2 0 1 0 6 1 3 3 7 2 1 6 12
21311087 575 1 2 1 0 2 1 0 0 0 0 0 1 0 0 0 0 1 3 6 3 4 0 3 5 1 0 3 5 12
21311089 572 9 2 3 1 1 3 3 1 2 1 1 0 3 1 0 0 0 0 4 2 3 3 12 5 2 2 2 3 5 3 1 3 0 1 2 0 0
21311090 534 0 1 0 2 1 0 0 0 0 0 0 0 0 0 1 1 3 2 3 2 1 4 3 5 0 4 5 12
21311091 574 4 3 1 2 2 1 0 3 1 0 0 0 0 1 2 1 3 6 4 2 12 5 2 1 1 5 3 0 0 0 0 1
21311092 591 9 2 3 3 1 2 3 2 1 2 1 0 3 1 0 0 0 0 2 4 3 1 0 12 4 0 3 5 3 0 1 5 3 0 1 2 0
21311093 484 3 1 2 1 1 0 3 1 0 0 0 0 2 1 0 0 0 3 0 0 3 3 12 3 1 5 8 3 2 3 2
21311094 516 10 2 3 1 3 1 2 2 3 2 1 3 1 5 0.33333333333333331 6 0.33333333333333331 7 0.33333333333333331 3 4 3 0 0 1 0 3 2 5 3 0 3 3 4 0 12 4 1
21311095 517 8 2 3 2 3 2 1 2 1 1 0 1 1 0 0 0 0 2 4 2 3 0 1 3 12 0 3 0 8 6 5 3 3 5 4 3
21311097 519 9 1 2 2 1 1 3 1 3 3 1 0 3 1 0 0 0 0 4 2 3 12 7 4 2 3 5 4 0 3 0 0 0 2 4 0 0
21311098 626 10 1 3 1 3 1 1 2 3 2 2 1 0 3 1 0 0 0 0 4 3 3 2 3 5 3 3 3 12 0 5 0 0 3 1 2 0 0
21311099 522 7 3 1 1 2 1 2 2 1 0 3 1 0 0 0 0 3 3 1 0 0 1 0 0 3 6 0 0 1 5 2 2 12 5 4
21311100 603 11 2 3 2 1 2 1 3 1 2 3 3 1 0 1 1 0 0 0 0 3 4 4 4 12 6 0 4 6 3 0 4 4 0 0 1 0 0 2
21311101 516 0 1 0 3 1 0 0 0 0 0 0 0 6 12 3 1 0 3 5 2 5 2 3 2 0 1 3 1
21311102 558 6 2 1 1 2 2 1 1 0 3 1 0 0 0 0 3 3 0 12 7 2 0 3 5 3 0 3 5 3 1 0 0 3 0
21311103 505 9 3 2 3 2 3 1 1 2 1 1 0 2 1 0 0 0 0 3 3 3 0 1 0 3 2 1 4 0 1 5 2 0 12 3 2 1
21311104 560 2 2 1 1 0 3 1 0 0 0 0 1 1 0 0 2 1 0 0 0 3 3 0 1 5 5 2 4 4 12
21311105 522 10 2 1 1 3 2 1 3 3 3 2 1 0 2 1 0 0 0 0 3 3 4 0 0 2 2 0 1 5 2 1 5 5 1 0 1 12 3
21311106 591 1 1 1 0 2 1 0 0 0 0 1 0 0 0 3 5 12 0 3 3 4 1 2 4 5 0 2 0 1
21311108 550 8 3 3 2 2 1 3 1 1 1 0 2 1 0 0 0 0 3 2 3 2 0 0 0 5 3 0 0 4 4 6 3 12 5 1 3
21311109 603 0 3 1 4 0.33333333333333331 5 0.33333333333333331 6 0.33333333333333331 0 0 0 0 1 2 2 0 1 2 3 3 4 7 4 1 3 5 12
21311110 572 5 1 1 1 1 2 1 0 2 1 0 0 0 0 4 1 0 3 2 4 12 0 3 6 3 0 4 2 3 0 0 5 0
21311112 532 9 3 1 2 1 3 2 3 2 2 1 0 1 1 0 0 0 0 2 4 3 1 0 3 0 3 4 3 2 7 6 4 1 12 2 1 0
21311113 637 8 1 2 1 1 2 2 2 3 1 0 3 1 0 0 0 0 3 4 1 12 7 5 0 4 5 3 0 3 0 3 1 3 0 0 0
21311114 479 0 1 0 2 1 0 0 0 0 0 0 0 4 1 3 3 0 12 2 3 0 5 5 0 0 0 1 3
21311115 460 10 1 1 1 3 3 3 2 2 1 3 1 0 2 1 0 0 0 0 4 2 4 2 12 6 3 4 1 3 2 2 3 4 3 0 1 0 0
21311116 617 3 1 1 3 1 0 2 1 0 0 0 0 2 0 1 6 3 3 2 0 5 4 3 1 1 3 12 0 3 2 2
21311117 533 0 1 0 1 1 0 0 0 0 0 0 0 12 4 2 3 7 5 0 0 5 2 1 0 0 0 3 0
21311118 549 10 2 1 2 1 1 3 1 3 2 3 1 0 2 1 0 0 0 0 4 3 3 3 1 7 12 0 3 5 4 0 3 2 2 0 1 0 0
21311119 561 4 3 3 3 1 1 0 2 1 0 0 0 0 1 0 3 0 2 4 1 0 4 6 5 0 4 5 7 3 6 7 12
21311120 516 1 3 1 0 1 1 0 0 0 0 0 0 1 2 4 2 1 12 2 4 2 1 4 1 0 0 0 0 3
21311121 581 5 1 1 2 3 1 1 0 1 1 0 0 0 0 3 1 1 0 0 4 2 3 4 3 0 2 5 2 4 0 2 1 12
21311122 580 7 3 2 1 2 2 1 1 1 0 3 1 0 0 0 0 3 3 1 0 0 1 0 0 0 4 4 2 0 4 3 3 3 3 12
21311123 537 11 3 2 1 1 3 2 3 1 2 1 2 1 0 3 1 0 0 0 0 4 4 3 1 3 4 3 2 4 1 2 0 5 12 5 3 3 0 0
21311124 591 1 3 1 0 2 1 0 0 0 0 0 0 1 0 6 2 3 2 6 5 1 8 5 4 1 3 12 4 1
21311125 615 8 3 3 2 1 2 3 1 1 1 0 2 1 0 0 0 0 3 2 3 0 3 3 12 0 2 3 7 3 1 0 4 0 2 0 1
21311126 549 7 1 2 1 1 1 3 2 1 0 2 1 0 0 0 0 4 2 1 0 0 3 5 0 0 2 6 1 3 4 2 4 12 3 3
21311127 599 3 1 3 2 1 0 3 1 0 0 0 0 1 1 1 3 5 12 1 6 5 2 0 5 3 2 0 1 3 0 0
21311128 586 0 1 0 2 1 0 0 0 0 0 0 0 12 6 1 3 1 4 0 0 5 1 7 2 0 0 2 0
21311129 501 8 2 2 1 3 1 2 3 1 1 0 2 1 0 0 0 0 3 3 2 12 3 4 2 3 6 3 1 3 5 1 0 0 3 0 0
21311130 551 5 1 1 3 1 2 1 0 3 1 0 0 0 0 3 1 1 3 1 0 0 2 3 2 2 5 5 7 0 12 4 5 0
21311131 576 7 3 3 2 2 3 1 1 1 0 1 1 0 0 0 0 2 2 3 7 6 7 12 0 2 5 7 2 4 4 3 1 3 3 0
21311132 470 11 3 1 1 2 2 1 2 3 2 3 1 1 0 3 1 0 0 0 0 4 4 3 2 1 0 0 4 2 1 2 4 6 4 3 12 5 1 0
21311133 625 3 1 3 3 1 0 2 1 0 0 0 0 1 0 2 0 3 1 12 2 2 4 5 0 3 6 7 0 0 1 3
21311134 524 9 2 2 3 3 2 1 2 3 1 1 0 1 1 0 0 0 0 2 4 3 2 4 2 12 0 4 8 1 1 0 1 4 0 3 0 0
21311135 566 11 1 2 3 2 3 1 2 3 2 3 1 1 0 1 1 0 0 0 0 3 4 4 4 5 12 1 3 4 3 2 3 3 0 0 0 1 0 2
21311136 574 3 1 3 3 1 0 2 1 0 0 0 0 1 0 2 2 0 0 0 2 1 4 4 3 1 6 7 0 4 4 12
21311137 621 1 3 1 0 1 1 0 0 0 0 0 0 1 4 6 12 0 1 5 1 0 2 4 6 2 3 0 3 2
21311138 554 0 1 0 1 1 0 0 0 0 0 0 0 0 12 5 4 2 4 4 2 0 3 2 1 0 1 0 0
21311139 609 3 2 3 3 3 1 6 0.33333333333333331 7 0.33333333333333331 8 0.33333333333333331 0 1 2 0 2 0 3 12 4 3 0 4 1 1 0 1 4 2 3
21311140 562 0 1 0 1 1 0 0 0 0 0 0 0 2 5 7 8 2 5 2 0 12 1 6 1 0 0 3 0
21311141 593 0 1 0 1 1 0 0 0 0 0 0 0 3 1 3 7 2 5 12 0 4 4 5 0 3 2 0 3
21311142 502 4 3 2 3 1 1 0 3 1 0 0 0 0 1 1 2 1 4 3 5 6 5 3 0 12 5 3 0 0 0 2 0
21311143 613 1 2 1 0 3 1 0 0 0 0 0 1 0 0 0 1 0 0 5 2 4 0 3 4 1 6 6 8 12
21311144 579 5 1 3 3 2 1 1 0 1 1 0 0 0 0 2 1 2 0 2 0 0 0 3 2 5 0 3 0 5 2 1 4 12
21311145 544 1 1 1 0 1 1 0 0 0 0 1 0 0 0 2 5 12 0 3 5 8 3 2 3 4 1 0 0 2
21311146 614 4 2 2 3 1 1 0 3 1 0 0 0 0 1 2 1 1 3 0 0 6 4 3 2 8 4 1 0 12 4 3 0
21311147 585 2 3 3 1 0 2 1 0 0 0 0 0 0 2 0 0 2 1 0 0 6 3 0 0 5 4 1 5 3 12
21311148 639 5 3 3 3 1 1 1 0 2 1 0 0 0 0 2 0 3 3 6 3 0 12 4 5 0 2 4 0 2 0 0 0 1
21311149 605 10 1 3 1 1 2 3 3 2 3 2 1 0 1 1 0 0 0 0 3 3 4 0 3 2 2 4 1 3 0 5 4 3 0 12 7 5 0
21311150 551 11 1 3 2 2 3 1 3 2 2 1 3 1 0 1 1 0 0 0 0 3 4 4 3 6 3 0 3 1 5 4 2 6 5 1 2 12 3 0
21311151 574 6 2 3 3 3 1 1 1 0 2 1 0 0 0 0 2 1 3 2 12 6 3 0 3 7 3 0 0 3 4 0 0 1 0
21311152 584 3 2 1 3 1 0 2 1 0 0 0 0 1 1 1 0 3 2 1 2 3 4 6 1 2 5 1 0 12 7 1
21311153 603 7 3 1 3 2 1 2 1 1 0 3 1 0 0 0 0 3 2 2 12 4 2 1 6 2 2 0 1 4 1 0 3 0 2 0
21311154 627 7 3 2 3 1 1 1 2 1 0 2 1 0 0 0 0 3 2 2 12 3 2 0 5 1 5 3 3 3 3 0 2 1 0 0
21311155 499 9 1 1 2 3 3 1 2 1 2 1 0 3 1 0 0 0 0 4 3 2 3 3 1 3 8 12 6 0 5 4 2 6 1 2 2 0
21311156 505 5 3 1 2 2 1 1 0 1 1 0 0 0 0 2 2 1 3 2 0 0 5 5 1 0 12 5 3 2 0 0 0 3
21311157 510 1 3 1 0 1 1 0 0 0 0 0 0 1 12 5 5 3 3 7 3 2 4 3 1 0 0 2 3 0
21311158 578 0 1 0 3 1 0 0 0 0 0 0 0 12 6 5 0 6 3 2 0 4 4 0 1 0 0 0 3
21311159 531 0 1 0 3 1 0 0 0 0 0 0 0 12 7 6 0 1 3 4 0 0 3 3 1 2 0 2 0
21311160 496 11 3 2 2 3 1 2 3 3 1 1 1 1 0 2 1 0 0 0 0 4 3 4 0 0 0 6 0 4 7 12 2 5 3 4 3 2 1 1
21311161 573 7 2 3 1 3 1 2 1 1 0 2 1 0 0 0 0 3 2 2 0 0 0 2 12 3 1 3 4 3 4 2 5 1 0 0
21311162 577 1 3 1 0 3 1 0 0 0 0 0 0 1 0 4 5 12 0 4 4 5 3 3 3 2 0 1 0 0
21311163 500 8 2 3 1 3 3 2 2 1 1 0 2 1 0 0 0 0 2 3 3 0 3 4 1 0 1 6 3 1 1 6 12 4 3 2 2
21311164 529 2 1 2 1 0 1 1 0 0 0 0 1 1 0 12 3 3 0 3 7 4 2 2 1 3 1 2 0 0 0
21311165 534 11 3 1 2 2 3 2 1 1 1 2 3 1 0 3 1 0 0 0 0 4 4 3 2 1 0 0 2 3 1 0 7 4 2 0 12 7 4 1
21311166 599 6 2 3 3 1 2 2 1 0 1 1 0 0 0 0 1 3 2 4 3 12 3 3 2 1 1 4 5 0 0 2 4 1 0
21311167 562 10 2 1 3 2 3 1 1 2 2 1 1 0 3 1 0 0 0 0 4 4 2 3 1 3 0 2 3 4 0 1 4 2 3 3 12 4 0
21311168 556 10 1 1 3 3 3 2 3 1 2 1 1 0 2 1 0 0 0 0 4 2 4 3 3 0 0 4 5 1 0 4 2 6 1 2 5 12 2
21311169 568 6 2 2 3 2 1 1 1 0 3 1 0 0 0 0 2 3 1 3 3 12 1 0 4 6 3 5 4 7 2 0 0 3 1
21311170 509 8 2 1 2 3 3 1 3 3 1 0 1 1 0 0 0 0 2 2 4 2 1 4 12 0 5 3 5 0 2 4 2 0 0 0 1
21311171 484 1 2 1 0 2 1 0 0 0 0 0 1 0 4 4 3 0 5 4 1 0 12 3 0 4 1 0 0 0
21311172 489 1 2 1 0 1 1 0 0 0 0 0 1 0 1 5 12 0 4 4 2 0 7 5 3 1 3 2 3 0
21311173 552 3 3 3 3 1 0 2 1 0 0 0 0 0 0 3 1 4 4 12 0 2 4 3 0 1 3 5 0 3 0 0
21311174 492 7 2 3 2 2 3 1 3 1 0 1 1 0 0 0 0 1 3 3 0 0 0 1 0 0 0 5 2 4 5 6 1 0 3 12
21311175 626 11 2 3 1 2 1 2 3 1 1 2 3 1 0 3 1 0 0 0 0 4 4 3 2 1 8 2 0 3 4 12 0 7 3 5 3 8 1 3
21311176 547 3 2 1 3 1 0 3 1 0 0 0 0 1 1 1 12 4 3 2 7 4 6 0 4 2 1 0 1 0 0 0
21311177 539 0 1 0 1 1 0 0 0 0 0 0 0 1 1 2 3 2 7 6 5 2 3 4 12 0 0 0 3
21311178 598 5 3 2 3 1 2 1 0 2 1 0 0 0 0 1 2 2 1 12 4 0 3 4 6 3 1 2 1 3 0 4 3 0
21311179 541 9 2 1 3 2 1 3 3 3 1 1 0 1 1 0 0 0 0 3 2 4 0 0 0 2 0 0 1 3 0 3 5 2 2 12 6 3
21311180 501 11 2 2 3 1 1 2 1 1 2 3 3 1 0 3 1 0 0 0 0 4 4 3 3 6 12 0 3 3 3 0 3 5 2 0 0 3 3 1
21311181 595 3 3 3 1 1 0 3 1 0 0 0 0 1 0 2 2 3 1 0 1 4 0 0 3 6 5 2 4 12 0 2
21311182 510 1 3 1 0 2 1 0 0 0 0 0 0 1 1 3 1 0 3 5 3 0 12 7 3 2 0 1 0 2
21311183 518 4 2 3 2 3 1 0 1 1 0 0 0 0 0 2 2 3 4 3 0 12 7 1 0 3 2 3 4 0 1 2 1
21311184 599 5 3 2 2 2 3 1 0 3 1 0 0 0 0 0 3 2 0 0 1 0 1 3 1 3 6 3 1 2 12 5 4 0
21311185 485 2 1 1 1 0 2 1 0 0 0 0 2 0 0 3 3 3 12 3 5 6 5 0 3 4 6 0 2 0 3
21311186 492 2 2 1 1 0 3 1 0 0 0 0 1 1 0 12 1 4 0 4 4 7 0 3 4 1 3 0 0 2 2
21311187 569 7 1 2 3 3 3 2 1 1 0 2 1 0 0 0 0 2 2 3 0 3 0 0 1 1 0 4 0 2 0 3 0 3 6 12
21311188 574 0 1 0 1 1 0 0 0 0 0 0 0 1 0 2 0 2 4 4 0 12 5 1 3 1 2 3 2
21311189 644 0 1 0 1 1 0 0 0 0 0 0 0 1 0 0 3 0 0 3 2 2 3 7 4 1 12 8 2
21311190 527 6 3 2 2 1 2 3 1 0 1 1 0 0 0 0 1 3 2 0 0 0 3 1 4 1 4 0 12 3 3 2 5 4 3
21311191 596 7 3 3 2 1 1 1 3 1 0 2 1 0 0 0 0 3 1 3 4 6 12 0 3 3 1 3 5 0 2 6 0 0 2 0
21311192 619 4 1 1 1 3 3 1 4 0.33333333333333331 5 0.33333333333333331 6 0.33333333333333331 3 0 1 1 2 3 2 0 2 4 12 0 3 5 6 3 0 2 0
21311193 546 6 3 1 1 2 1 3 1 0 2 1 0 0 0 0 3 1 2 12 3 5 3 5 7 7 2 4 3 3 0 0 1 0 2
21311194 538 2 1 1 1 0 3 1 0 0 0 0 2 0 0 12 2 0 3 4 4 5 1 3 3 2 0 0 2 0 3
21311195 549 4 2 1 1 3 1 0 1 1 0 0 0 0 2 1 1 2 0 0 0 3 1 2 3 2 4 6 0 12 3 0 0
21311196 622 3 1 3 1 1 0 3 1 0 0 0 0 2 0 1 2 2 0 0 12 4 0 0 5 6 4 1 4 4 2 3
21311197 518 4 3 2 3 1 1 0 1 1 0 0 0 0 1 1 2 0 4 7 12 2 2 5 6 2 0 4 4 0 0 1 1
21311198 552 4 3 2 3 2 1 0 1 1 0 0 0 0 0 2 2 1 2 0 0 3 3 8 7 0 1 3 12 0 3 1 2
21311199 532 4 1 3 3 3 3 1 7 0.33333333333333331 8 0.33333333333333331 9 0.33333333333333331 1 0 3 12 5 4 0 4 6 3 0 4 5 1 2 0 0 2 0
21311200 538 6 1 1 3 2 1 2 1 0 2 1 0 0 0 0 3 2 1 0 2 0 0 3 4 7 1 0 3 6 12 3 4 5 7
21311201 490 8 3 3 3 2 1 1 1 2 1 0 1 1 0 0 0 0 3 2 3 4 12 2 2 2 6 4 3 3 1 3 1 0 2 7 0
21311202 571 8 3 2 1 3 2 3 1 2 1 0 2 1 0 0 0 0 2 3 3 4 3 0 1 5 5 3 0 12 3 7 0 0 1 0 0
21311204 549 8 3 1 1 2 2 3 3 1 1 0 2 1 0 0 0 0 3 2 3 0 3 3 12 1 4 4 6 8 6 5 3 0 0 0 2
21311205 571 4 1 3 2 3 1 0 3 1 0 0 0 0 1 1 2 0 2 0 0 0 1 4 12 5 3 4 4 2 0 1 3
21311206 596 6 3 2 3 2 2 3 1 0 1 1 0 0 0 0 0 3 3 0 0 1 2 0 0 4 1 12 6 6 0 3 7 1 4
21311207 573 1 3 1 0 3 1 0 0 0 0 0 0 1 12 3 2 0 3 6 6 0 3 8 2 1 0 1 0 3
21311208 477 2 2 2 1 0 3 1 0 0 0 0 0 2 0 4 3 1 0 5 3 1 1 12 2 0 0 0 3 0 3
21311209 567 8 2 3 1 2 3 2 2 1 1 0 3 1 0 0 0 0 2 4 2 0 1 1 0 2 2 1 3 5 4 1 0 12 4 4 0
21311211 556 5 3 3 1 2 2 1 0 1 1 0 0 0 0 1 2 2 2 1 3 12 4 5 3 5 0 4 3 8 0 0 5 0
21311212 515 2 1 1 1 0 2 1 0 0 0 0 2 0 0 0 2 0 0 0 6 3 0 3 6 2 1 3 5 12 0
21311213 526 4 1 2 1 2 1 0 2 1 0 0 0 0 2 2 0 12 1 0 0 5 4 1 3 2 4 0 3 3 1 2 0
21311214 580 7 1 2 3 2 1 3 2 1 0 1 1 0 0 0 0 2 3 2 0 0 1 0 3 2 5 0 4 5 0 0 12 4 6 3
21311215 526 9 2 1 3 1 1 1 3 2 3 1 0 2 1 0 0 0 0 4 2 3 0 3 5 0 0 3 2 12 1 6 5 2 2 0 1 3
21311216 577 1 1 1 0 3 1 0 0 0 0 1 0 0 2 4 8 12 0 4 5 4 0 0 4 3 0 2 1 0
21311217 532 9 2 2 1 2 1 2 1 1 3 3 1 7 0.33333333333333331 8 0.33333333333333331 9 0.33333333333333331 4 4 1 0 0 3 3 0 2 4 4 3 4 3 3 3 1 7 12
21311218 545 11 1 2 2 1 3 3 2 1 2 3 1 1 0 3 1 0 0 0 0 4 4 3 3 4 3 0 12 0 0 3 6 3 2 0 3 1 0 0
21311220 506 8 2 3 3 1 3 2 1 3 1 0 2 1 0 0 0 0 2 2 4 0 1 0 0 0 4 6 3 0 3 3 12 2 1 3 4
21311221 494 2 1 2 1 0 2 1 0 0 0 0 1 1 0 1 6 3 3 1 4 6 5 12 2 4 4 3 0 0 0
21311222 503 5 2 3 2 3 3 1 0 1 1 0 0 0 0 0 2 3 1 0 2 1 0 0 4 0 3 5 4 3 0 12 6 5
21311223 592 8 1 1 3 1 3 2 2 3 1 0 1 1 0 0 0 0 3 2 3 3 2 0 2 4 4 5 1 12 2 1 3 0 3 0 2
21311224 630 3 1 2 2 3 1 6 0.33333333333333331 7 0.33333333333333331 8 0.33333333333333331 1 2 0 4 0 6 3 1 4 4 0 3 5 6 1 2 12 3 0
21311225 588 11 1 3 2 1 3 1 2 3 2 3 1 1 0 2 1 0 0 0 0 4 3 4 0 0 4 3 0 3 6 12 2 5 3 4 1 3 1 2
21311226 533 2 3 2 1 0 2 1 0 0 0 0 0 1 1 0 0 2 0 1 6 3 1 3 4 3 1 2 1 4 12
21311227 579 6 3 2 1 2 1 3 1 0 3 1 0 0 0 0 2 2 2 2 1 4 12 1 5 7 3 0 5 6 2 0 3 1 2
21311228 567 3 1 1 2 1 0 2 1 0 0 0 0 2 1 0 0 0 3 3 1 2 6 12 0 3 4 4 0 2 3 1
21311229 566 0 1 0 2 1 0 0 0 0 0 0 0 0 3 1 2 3 4 3 3 3 4 6 1 0 2 1 12
21311230 474 7 2 3 2 1 1 1 2 1 0 3 1 0 0 0 0 3 3 1 4 1 1 2 2 6 7 12 4 3 3 2 0 0 4 1
21311231 543 4 2 1 2 2 1 0 2 1 0 0 0 0 1 3 0 3 0 0 3 0 1 5 1 0 0 0 12 3 4 3 1
21311232 519 3 1 1 3 1 0 3 1 0 0 0 0 2 0 1 1 2 0 2 12 6 2 3 5 2 3 4 0 0 0 1
21311233 580 11 2 3 1 1 1 3 3 2 3 1 2 1 0 2 1 0 0 0 0 4 3 4 12 4 3 3 4 4 3 0 3 1 3 0 0 2 0 0
21311234 496 2 3 1 1 0 2 1 0 0 0 0 1 0 1 1 3 1 0 2 8 4 0 12 4 2 2 1 0 0 0
21311235 590 11 3 1 2 1 2 1 3 2 3 1 2 1 0 3 1 0 0 0 0 4 4 3 0 2 3 12 0 2 3 8 0 1 6 4 1 0 3 3
21311236 534 9 1 3 3 1 2 1 2 3 1 1 0 2 1 0 0 0 0 4 2 3 0 4 3 3 3 12 4 4 0 5 6 0 0 2 0 0
21311237 507 3 2 2 1 1 0 1 1 0 0 0 0 1 2 0 2 0 4 1 0 1 5 2 0 4 6 3 0 6 12 3
21311238 588 4 1 1 2 1 1 0 1 1 0 0 0 0 3 1 0 4 0 3 0 4 3 0 2 6 4 2 0 12 2 4 0
21311239 596 3 1 3 1 1 0 2 1 0 0 0 0 2 0 1 2 0 2 3 5 0 3 0 1 7 5 2 12 3 1 0
21311240 536 11 1 2 3 3 2 2 1 1 3 3 1 1 0 2 1 0 0 0 0 4 3 4 0 3 0 0 12 4 3 0 4 4 4 2 1 7 1 2
21311241 523 8 2 2 1 1 1 3 2 3 1 0 1 1 0 0 0 0 3 3 2 2 4 12 0 4 4 1 0 3 5 4 0 3 2 0 3
21311242 517 5 1 3 3 2 2 1 0 3 1 0 0 0 0 1 2 2 12 4 0 0 1 7 4 1 2 2 4 2 0 1 1 0
21311243 585 0 1 0 3 1 0 0 0 0 0 0 0 0 1 0 0 12 2 0 0 6 6 2 0 3 3 3 1
21311244 494 11 3 2 3 3 1 2 1 3 1 2 1 1 0 2 1 0 0 0 0 4 3 4 3 4 1 0 6 12 5 2 4 1 3 0 0 0 0 2
21311245 601 0 1 0 2 1 0 0 0 0 0 0 0 3 3 0 6 0 4 5 4 0 1 2 12 0 0 1 0
21311246 530 0 1 0 2 1 0 0 0 0 0 0 0 3 1 0 0 1 5 1 3 2 6 3 1 2 3 12 2
21311247 474 6 1 1 2 2 3 1 1 0 2 1 0 0 0 0 3 2 1 4 3 6 1 4 3 4 2 12 4 0 0 0 3 0 0
21311248 479 2 3 1 1 0 3 1 0 0 0 0 1 0 1 0 1 0 2 0 4 0 1 12 3 0 2 5 4 2 0
21311249 544 1 3 1 0 1 1 0 0 0 0 0 0 1 2 5 3 2 3 2 1 12 0 3 3 4 8 1 0 0
21311250 595 6 2 2 3 1 2 1 1 0 3 1 0 0 0 0 2 3 1 3 2 4 4 0 1 4 6 0 3 4 12 0 1 0 0
21311251 578 11 3 1 1 1 3 1 2 2 2 2 3 1 0 3 1 0 0 0 0 4 4 3 0 2 0 3 0 3 0 5 3 4 1 0 12 8 4 0
21311252 565 4 1 2 2 1 1 0 1 1 0 0 0 0 2 2 0 0 7 0 3 12 5 1 0 4 2 1 3 2 3 4 2
21311254 533 1 3 1 0 3 1 0 0 0 0 0 0 1 0 0 0 2 3 3 1 0 4 6 1 2 12 4 5 0
21311255 603 5 1 3 1 3 1 1 0 3 1 0 0 0 0 3 0 2 4 12 2 0 2 4 5 4 7 4 0 2 2 3 4 1
21311256 570 1 3 1 0 2 1 0 0 0 0 0 0 1 3 0 0 0 12 6 5 0 6 6 5 2 1 4 0 1
21311257 559 3 2 3 3 1 0 2 1 0 0 0 0 0 1 2 12 6 5 3 1 4 1 0 2 1 1 3 2 0 0 0
21311258 479 5 3 1 1 2 1 1 0 3 1 0 0 0 0 3 1 1 12 5 4 4 2 4 2 0 3 3 0 1 2 0 0 0
21311259 527 5 3 1 3 1 1 1 0 2 1 0 0 0 0 3 0 2 0 2 0 2 1 2 4 4 3 5 4 2 0 12 5 1
21311260 555 10 3 1 1 1 1 2 3 3 2 3 1 0 2 1 0 0 0 0 4 2 4 2 4 5 12 0 2 3 7 0 0 1 3 0 0 0 3
21311262 487 9 3 1 2 2 1 2 2 1 1 1 0 3 1 0 0 0 0 4 4 1 3 2 4 3 1 4 4 0 3 12 5 0 3 4 3 0
21311263 612 2 3 1 1 0 1 1 0 0 0 0 1 0 1 2 3 4 0 0 2 3 0 0 3 7 3 0 4 12 3
21311264 448 6 1 1 2 2 1 2 1 0 3 1 0 0 0 0 3 3 0 3 0 0 0 3 4 12 3 3 4 5 3 2 0 1 0
21311265 496 10 3 2 1 1 2 1 3 3 2 2 1 0 1 1 0 0 0 0 3 4 3 12 5 4 0 5 4 3 0 3 3 0 3 2 1 0 0
21311266 561 4 1 3 2 2 1 0 3 1 0 0 0 0 1 2 1 3 6 12 1 1 5 7 1 2 3 0 3 0 0 3 2
21311267 444 3 3 2 3 1 0 1 1 0 0 0 0 0 1 2 1 3 4 12 3 5 3 3 7 3 2 2 0 1 0 0
21311268 525 4 1 3 3 2 1 0 1 1 0 0 0 0 1 1 2 12 4 2 3 4 5 0 0 4 4 2 0 1 7 0 0
21311269 547 4 3 1 2 1 1 0 1 1 0 0 0 0 2 1 1 0 3 4 12 3 2 4 7 0 4 5 3 0 3 0 2
21311270 505 11 3 1 2 3 2 1 1 1 3 2 3 1 0 2 1 0 0 0 0 4 3 4 3 3 4 6 0 0 5 12 0 0 0 3 0 0 0 3
21311271 560 11 1 3 1 3 3 1 2 3 2 2 2 1 0 1 1 0 0 0 0 3 4 4 3 4 6 3 2 0 2 12 0 1 4 6 0 1 0 0
21311272 523 7 2 1 2 1 3 1 3 1 0 3 1 0 0 0 0 3 2 2 2 1 12 2 3 5 5 0 3 4 0 0 2 1 0 0
21311273 580 8 2 1 2 1 3 3 2 3 1 0 1 1 0 0 0 0 2 3 3 3 3 3 0 3 4 6 0 5 3 12 7 6 4 3 0
21311274 589 2 2 3 1 0 3 1 0 0 0 0 0 1 1 3 4 3 0 2 7 5 3 12 1 1 2 0 0 1 0
21311276 546 4 1 2 3 1 1 0 3 1 0 0 0 0 2 1 1 1 3 12 0 2 5 3 3 3 1 2 0 2 0 0 0
21311277 544 10 2 2 3 1 2 3 3 2 3 1 1 0 1 1 0 0 0 0 2 4 4 4 12 0 0 5 6 3 0 1 5 3 0 0 2 3 1
21311278 544 9 2 3 3 2 2 1 1 1 2 1 0 3 1 0 0 0 0 3 4 2 1 0 3 0 0 0 2 4 3 0 6 5 1 12 7 5
21311279 531 2 3 3 1 0 1 1 0 0 0 0 0 0 2 3 0 0 0 12 2 1 2 5 4 5 0 3 5 4 0
21311281 542 2 1 1 1 0 3 1 0 0 0 0 2 0 0 3 0 1 0 7 0 4 0 5 4 3 2 2 12 7 2
21311282 518 4 2 3 2 1 1 0 3 1 0 0 0 0 1 2 1 0 1 3 2 0 5 3 4 1 12 5 1 0 2 3 3
21311283 607 1 2 1 0 3 1 0 0 0 0 0 1 0 3 12 4 3 0 5 4 1 0 4 1 3 0 2 0 0
21311284 590 6 2 1 1 1 3 2 1 0 3 1 0 0 0 0 3 2 1 0 1 4 12 0 0 4 5 0 2 6 3 2 0 3 0
21311285 539 2 1 2 1 0 3 1 0 0 0 0 1 1 0 0 0 0 1 0 3 3 2 0 1 5 3 2 3 5 12
21311286 568 0 1 0 2 1 0 0 0 0 0 0 0 0 1 0 0 2 3 7 12 1 3 5 5 0 0 4 6
21311287 585 5 2 2 3 1 3 1 0 1 1 0 0 0 0 1 2 2 3 2 2 0 4 4 4 0 1 6 8 0 3 1 12 7
21311288 602 10 3 2 2 1 3 1 3 3 2 2 1 0 1 1 0 0 0 0 2 4 4 1 3 5 12 2 4 5 1 0 0 1 3 0 0 0 2
21311289 489 6 3 1 2 3 2 2 1 0 1 1 0 0 0 0 1 3 2 3 4 12 0 4 4 4 0 1 5 1 7 3 2 0 0
21311290 567 0 1 0 3 1 0 0 0 0 0 0 0 4 0 0 0 3 0 1 0 3 5 4 2 5 8 12 0
21311291 590 0 1 0 3 1 0 0 0 0 0 0 0 3 3 0 0 3 4 3 0 1 2 5 4 12 3 1 2
21311292 545 9 2 1 1 3 3 2 1 2 2 1 0 3 1 0 0 0 0 3 4 2 3 8 12 1 1 2 3 5 3 0 0 4 2 0 1 0
21311293 540 6 1 3 1 2 3 3 1 0 2 1 0 0 0 0 2 1 3 12 6 4 0 4 5 4 2 4 2 3 0 0 0 1 1
21311294 562 3 2 1 1 1 0 2 1 0 0 0 0 2 1 0 0 3 1 12 0 2 4 7 3 1 4 2 3 0 3 0
21311296 514 8 2 2 3 3 1 2 1 1 1 0 2 1 0 0 0 0 3 3 2 12 3 3 0 3 4 6 7 1 2 3 3 0 0 1 0
21311297 503 0 3 1 5 0.33333333333333331 6 0.33333333333333331 7 0.33333333333333331 0 0 0 0 0 5 2 0 3 4 1 0 3 7 3 3 5 3 12
21311298 525 6 2 1 2 3 1 2 1 0 3 1 0 0 0 0 2 3 1 3 4 12 1 0 4 3 4 0 4 2 0 0 0 0 1
21311299 546 8 2 1 3 1 1 3 2 2 1 0 1 1 0 0 0 0 3 3 2 2 3 4 12 0 4 3 5 0 0 3 4 0 0 3 0
21311300 553 6 2 3 3 3 2 2 3 1 7 0.33333333333333331 8 0.33333333333333331 9 0.33333333333333331 0 3 3 1 4 12 3 1 3 5 7 1 3 6 2 1 5 0 0
21311301 564 10 2 1 3 1 3 3 2 1 2 1 1 0 2 1 0 0 0 0 4 3 3 0 2 0 1 1 3 6 4 2 3 5 12 0 3 0 0
21311302 610 2 3 3 1 0 3 1 0 0 0 0 0 0 2 0 0 2 0 0 0 1 1 2 3 5 4 0 6 8 12
21311303 594 7 1 2 3 1 1 3 2 1 0 3 1 0 0 0 0 3 2 2 2 0 2 0 0 1 1 4 2 3 4 5 0 3 9 12
21311304 453 11 1 3 2 2 1 1 3 3 2 3 2 1 0 1 1 0 0 0 0 3 4 4 0 0 1 0 3 2 12 3 2 4 1 0 1 5 2 3
21311305 506 1 3 1 0 3 1 0 0 0 0 0 0 1 0 3 3 1 3 4 5 5 0 3 7 8 0 2 3 12
21311306 538 6 2 2 3 1 2 1 1 0 3 1 0 0 0 0 2 3 1 0 0 1 5 3 3 3 0 3 5 5 0 3 6 12 0
21311307 550 1 3 1 0 3 1 0 0 0 0 0 0 1 12 5 3 3 8 5 3 0 3 1 3 0 2 0 0 0
21311308 465 8 3 1 3 3 1 2 1 2 1 0 2 1 0 0 0 0 3 2 3 1 3 1 3 3 2 3 0 12 2 3 0 0 5 1 2
21311309 538 10 2 1 2 2 3 2 1 3 1 3 1 0 3 1 0 0 0 0 3 4 3 0 2 12 2 0 8 8 1 1 2 6 1 0 4 3 1
21311310 536 6 2 2 1 1 1 3 1 0 2 1 0 0 0 0 3 2 1 0 12 6 4 0 5 5 2 3 1 5 1 0 0 2 3
21311311 645 2 2 1 1 0 1 1 0 0 0 0 1 1 0 2 1 0 0 3 3 0 0 3 2 2 1 12 7 4 3
21311312 464 10 1 3 1 2 2 1 3 3 3 1 3 1 6 0.33333333333333331 7 0.33333333333333331 8 0.33333333333333331 4 2 4 0 2 0 0 3 3 3 1 2 5 5 7 2 4 6 12
21311313 497 5 1 2 3 2 3 1 0 1 1 0 0 0 0 1 2 2 3 0 2 1 0 3 1 5 0 4 5 3 0 2 12 3
21311314 551 0 1 0 2 1 0 0 0 0 0 0 0 0 4 12 7 0 2 4 7 1 4 3 4 0 0 1 3
21311315 521 3 2 1 2 3 1 5 0.33333333333333331 6 0.33333333333333331 7 0.33333333333333331 1 2 0 2 3 4 1 12 3 5 1 2 7 4 3 3 0 1 0
21311316 523 6 2 1 2 1 3 3 1 0 2 1 0 0 0 0 2 2 2 0 0 0 3 0 12 4 3 1 6 5 3 6 0 4 4
21311317 565 2 2 2 1 0 3 1 0 0 0 0 0 2 0 1 3 1 0 4 5 1 5 6 3 3 2 12 4 3 0
21311318 609 0 1 0 3 1 0 0 0 0 0 0 0 12 7 4 1 1 5 4 0 2 4 3 8 0 0 2 0
21311319 542 6 1 3 2 1 2 2 1 0 3 1 0 0 0 0 2 3 1 1 4 0 0 3 5 4 0 3 12 0 1 4 2 0 0
21311320 543 0 1 0 2 1 0 0 0 0 0 0 0 12 8 4 2 6 1 0 0 3 4 1 0 1 2 0 0
21311321 581 7 2 1 2 2 1 1 2 1 0 3 1 0 0 0 0 3 4 0 0 0 1 0 4 2 3 3 3 6 4 1 3 12 4 0
21311322 567 2 3 3 1 0 1 1 0 0 0 0 0 0 2 0 0 0 2 0 4 6 3 1 3 4 2 2 3 1 12
21311323 587 3 2 2 2 1 0 1 1 0 0 0 0 0 3 0 0 0 0 1 0 3 3 1 3 2 3 6 1 4 4 12
21311324 575 1 3 1 0 1 1 0 0 0 0 0 0 1 0 0 1 1 2 2 7 0 3 5 4 12 2 2 1 4
21311325 560 6 1 2 3 1 3 1 1 0 3 1 0 0 0 0 3 1 2 2 3 2 3 8 3 12 0 4 8 5 3 2 4 1 3
21311326 540 5 3 1 2 2 2 1 0 2 1 0 0 0 0 1 3 1 5 12 7 4 1 4 6 4 0 0 1 0 0 1 3 0
21311327 567 9 1 2 1 3 1 3 2 2 1 1 0 3 1 0 0 0 0 4 3 2 0 3 2 12 0 0 6 3 0 3 5 1 3 0 2 0
21311328 601 1 3 1 0 1 1 0 0 0 0 0 0 1 0 2 0 3 0 3 6 3 0 2 5 4 1 5 6 12
21311329 528 3 2 1 3 1 0 3 1 0 0 0 0 1 1 1 0 0 2 0 1 3 1 0 7 3 2 3 12 3 3 0
21311330 522 7 3 2 1 3 3 2 2 1 0 3 1 0 0 0 0 1 3 3 1 0 3 0 12 5 1 2 6 2 3 0 3 1 1 0
21311331 515 4 3 1 2 2 1 0 1 1 0 0 0 0 1 2 1 2 0 1 12 0 6 3 4 0 3 5 4 0 0 3 3
21311332 494 3 2 1 1 3 1 4 0.33333333333333331 5 0.33333333333333331 6 0.33333333333333331 2 1 0 4 7 12 3 4 4 4 3 0 2 1 0 0 2 0 3
21311333 549 6 1 3 2 2 2 3 1 0 2 1 0 0 0 0 1 3 2 1 1 3 0 3 3 4 0 1 6 3 1 12 2 2 1
21311334 561 4 2 1 3 3 1 0 1 1 0 0 0 0 1 1 2 12 2 1 3 6 5 7 2 1 4 3 0 0 0 2 0
21311335 505 4 3 2 1 1 1 0 3 1 0 0 0 0 2 1 1 0 6 8 12 2 6 8 7 2 2 3 5 0 1 3 1
21311336 683 10 1 3 2 3 2 2 2 1 1 3 1 0 3 1 0 0 0 0 3 4 3 0 1 2 0 2 3 4 6 1 8 6 3 5 6 12 1
21311337 586 0 1 0 3 1 0 0 0 0 0 0 0 0 0 1 0 3 2 3 0 0 0 3 4 3 5 7 12
21311338 535 9 2 2 1 2 2 1 3 1 3 1 0 3 1 0 0 0 0 3 4 2 12 8 6 0 8 4 5 3 0 1 2 1 3 0 0 0
21311339 408 6 2 1 2 2 3 3 1 0 2 1 0 0 0 0 1 3 2 12 3 1 0 2 6 1 1 3 4 6 0 3 3 3 1
21311340 528 1 1 1 0 1 1 0 0 0 0 1 0 0 0 0 3 0 0 3 4 2 0 4 4 5 2 3 3 12
21311341 581 1 3 1 0 2 1 0 0 0 0 0 0 1 0 0 3 3 0 0 1 3 0 1 6 1 2 12 2 3
21311342 580 9 3 1 1 3 2 1 2 2 1 1 0 3 1 0 0 0 0 4 3 2 12 4 5 3 4 6 0 0 3 0 0 2 0 0 3 0
21311343 536 5 2 1 3 2 3 1 0 3 1 0 0 0 0 1 2 2 1 0 0 0 1 2 2 12 0 1 6 7 3 5 3 3
21311344 576 2 1 3 1 0 2 1 0 0 0 0 1 0 1 3 0 2 3 0 1 3 5 0 3 5 12 2 0 1 0
21311345 483 11 3 3 1 2 1 1 2 3 2 3 2 1 0 1 1 0 0 0 0 3 4 4 1 3 2 4 2 3 1 0 3 6 1 0 3 12 3 2
21311346 585 11 3 3 2 3 1 1 2 2 3 1 1 1 0 2 1 0 0 0 0 4 3 4 1 0 0 0 0 2 2 0 4 5 5 4 1 5 12 0
21311347 516 1 3 1 0 3 1 0 0 0 0 0 0 1 0 1 0 0 3 2 5 3 12 4 3 1 2 5 1 2
21311348 551 5 2 2 1 1 3 1 0 3 1 0 0 0 0 2 2 1 0 5 3 12 2 4 4 4 0 3 2 1 1 0 0 0
21311349 538 7 3 2 1 1 2 3 3 1 0 1 1 0 0 0 0 2 2 3 2 0 2 1 0 4 5 3 0 0 3 5 0 3 4 12
21311350 472 2 1 2 1 0 2 1 0 0 0 0 1 1 0 0 3 1 2 0 4 4 3 1 1 6 12 0 0 0 2
21311351 565 1 1 1 0 3 1 0 0 0 0 1 0 0 0 0 0 1 0 5 2 2 0 6 5 4 5 12 6 3
21311352 500 2 1 3 1 0 1 1 0 0 0 0 1 0 1 0 0 0 2 0 1 0 4 3 2 4 6 0 2 3 12
21311353 563 8 2 1 3 1 1 2 3 2 3 1 6 0.33333333333333331 7 0.33333333333333331 8 0.33333333333333331 3 3 2 1 5 8 12 3 3 7 2 2 3 1 0 2 0 1 3
21311354 491 6 1 3 2 1 3 2 1 0 2 1 0 0 0 0 2 2 2 4 3 7 4 1 3 12 2 0 3 1 0 0 0 0 3
21311355 567 0 1 0 3 1 0 0 0 0 0 0 0 0 7 3 12 1 4 1 3 0 0 2 5 0 0 2 3
21311356 506 2 1 3 1 0 3 1 0 0 0 0 1 0 1 3 0 0 0 4 2 4 5 5 4 0 0 12 3 1 2
21311357 495 0 1 0 2 1 0 0 0 0 0 0 0 1 0 0 0 0 3 2 4 1 0 5 4 1 5 12 2
21311359 558 4 1 3 1 3 1 0 1 1 0 0 0 0 2 0 2 12 6 7 2 4 4 4 2 0 3 2 1 3 2 0 0
21311360 526 6 2 1 3 2 1 2 1 0 2 1 0 0 0 0 2 3 1 0 6 0 0 1 12 7 6 0 5 6 4 0 5 1 3
21311362 537 1 1 1 0 2 1 0 0 0 0 1 0 0 4 4 1 0 5 6 3 2 12 7 0 0 0 0 3 0
21311363 555 3 1 3 1 1 0 3 1 0 0 0 0 2 0 1 0 0 0 3 0 2 4 8 2 5 6 12 3 3 4 3
21311364 579 11 3 2 2 2 3 1 3 2 1 3 1 1 0 1 1 0 0 0 0 3 4 4 2 3 2 0 1 6 1 5 3 12 4 3 4 3 6 0
21311365 533 3 1 2 3 3 1 4 0.33333333333333331 5 0.33333333333333331 6 0.33333333333333331 1 1 1 0 2 0 7 1 3 6 4 2 5 4 3 1 0 12 7
21311366 680 2 1 2 1 0 2 1 0 0 0 0 1 1 0 3 3 3 3 3 4 7 1 0 2 5 12 0 0 1 0
21311367 541 4 3 3 1 1 1 0 1 1 0 0 0 0 2 0 2 3 3 3 12 0 2 5 6 2 6 4 2 3 0 3 0
21311368 531 11 2 2 2 3 3 1 3 3 2 1 1 1 0 1 1 0 0 0 0 3 4 4 0 12 6 5 0 3 3 4 1 3 3 2 0 0 0 3
21311369 576 11 3 3 1 2 2 2 1 1 3 3 2 3 1 5 0.33333333333333331 6 0.33333333333333331 7 0.33333333333333331 3 4 4 0 1 0 0 2 7 0 0 12 6 3 1 5 3 0 3
21311370 577 10 3 2 3 2 3 1 1 2 1 2 1 0 3 1 0 0 0 0 3 4 3 0 2 0 1 6 5 3 1 8 6 4 0 12 1 3 2
21311371 557 1 1 1 0 1 1 0 0 0 0 1 0 0 12 8 6 0 2 7 5 2 3 3 5 3 1 2 0 0
21311372 570 9 1 2 3 1 1 2 2 2 3 1 0 3 1 0 0 0 0 3 4 2 1 3 1 3 0 2 4 2 5 7 5 3 0 7 12 1
21311373 599 8 2 1 1 3 3 1 1 3 1 0 2 1 0 0 0 0 4 1 3 0 3 2 0 0 3 5 2 0 3 4 4 2 12 3 1
21311374 549 10 3 1 2 3 2 1 3 1 3 2 1 0 2 1 0 0 0 0 3 3 4 3 0 0 0 3 5 0 1 3 4 2 3 3 1 12 0
21311375 546 8 1 1 3 2 2 2 3 2 1 0 3 1 0 0 0 0 2 4 2 0 0 0 1 0 4 4 3 0 6 4 5 1 3 3 12
21311376 501 2 1 3 1 0 2 1 0 0 0 0 1 0 1 3 1 2 0 0 0 5 3 0 3 3 4 0 3 6 12
21311378 498 6 2 2 3 2 1 1 1 0 3 1 0 0 0 0 2 3 1 12 1 4 3 4 8 3 0 4 5 0 0 0 2 0 1
21311379 542 3 2 1 1 1 0 3 1 0 0 0 0 2 1 0 0 3 0 4 2 0 4 12 3 5 4 3 0 2 3 1
21311380 532 4 2 2 2 1 1 0 1 1 0 0 0 0 1 3 0 12 4 4 0 8 6 0 0 3 7 3 0 3 0 1 7
21311381 468 2 3 1 1 0 1 1 0 0 0 0 1 0 1 0 0 0 2 12 3 0 2 6 5 3 2 3 3 4 1
21311382 555 11 3 3 2 3 3 1 2 1 1 2 1 1 0 2 1 0 0 0 0 4 3 4 0 4 4 12 0 3 2 8 1 3 2 6 0 0 1 0
21311383 594 7 1 3 2 2 1 2 3 1 0 3 1 0 0 0 0 2 3 2 12 6 3 0 7 3 3 0 3 1 1 3 2 0 0 0
21311384 559 4 1 1 2 3 1 0 3 1 0 0 0 0 2 1 1 0 3 5 2 0 3 4 3 3 3 1 12 0 0 0 2
21311386 526 5 1 1 3 1 1 1 0 2 1 0 0 0 0 4 0 1 2 2 5 12 0 3 2 6 0 6 3 4 0 0 0 3
21311387 622 1 1 1 0 3 1 0 0 0 0 1 0 0 2 0 3 2 0 3 8 12 1 1 2 3 0 0 3 0
21311388 555 0 3 1 5 0.33333333333333331 6 0.33333333333333331 7 0.33333333333333331 0 0 0 0 2 0 0 4 0 4 2 1 4 3 1 12 5 3 0
21311389 593 6 1 2 2 2 2 3 1 0 3 1 0 0 0 0 1 4 1 3 2 1 3 1 5 3 1 0 2 4 12 1 3 1 0
21311391 542 3 2 3 1 1 0 2 1 0 0 0 0 1 1 1 1 0 3 0 3 3 0 0 12 5 3 0 4 4 0 3
21311392 431 3 1 3 1 1 0 3 1 0 0 0 0 2 0 1 12 6 3 0 4 4 2 3 2 1 0 0 2 3 0 0
21311393 492 9 3 2 1 2 3 1 1 3 3 1 0 1 1 0 0 0 0 3 2 4 0 0 2 0 2 3 1 12 3 2 3 6 0 0 0 5
21311394 508 9 2 1 2 3 2 3 3 2 1 1 0 3 1 0 0 0 0 2 4 3 12 6 4 1 1 3 4 2 4 5 0 0 1 0 0 0
21311395 524 4 1 1 2 1 1 0 3 1 0 0 0 0 3 1 0 3 2 12 3 4 4 3 0 3 7 5 4 3 3 2 0
21311396 528 2 2 1 1 0 3 1 0 0 0 0 1 1 0 1 3 2 0 0 1 3 0 3 2 6 2 0 5 12 1
21311397 564 5 1 2 2 3 3 1 0 1 1 0 0 0 0 1 2 2 0 1 6 2 0 2 5 4 0 4 12 3 1 0 0 3
21311398 592 9 2 3 3 1 1 2 1 3 2 1 0 3 1 0 0 0 0 3 3 3 1 0 0 0 5 5 0 0 6 2 0 0 12 3 1 2
21311399 579 8 3 2 2 1 1 3 2 1 1 0 1 1 0 0 0 0 3 3 2 12 1 1 3 5 5 4 2 2 2 0 0 0 3 0 0
21311400 513 5 3 1 1 2 2 1 0 1 1 0 0 0 0 2 2 1 0 3 2 0 1 0 2 0 0 4 5 4 0 12 6 4
21311401 574 3 1 3 1 1 0 3 1 0 0 0 0 2 0 1 0 2 0 0 0 6 3 5 0 0 6 12 3 2 3 3
21311402 512 7 1 1 1 2 3 2 2 1 0 3 1 0 0 0 0 3 3 1 3 0 3 2 5 6 0 0 12 3 1 0 3 0 0 0
21311403 596 5 3 1 3 3 2 1 0 3 1 0 0 0 0 1 1 3 2 4 6 8 4 4 12 2 1 5 2 0 1 1 0 0
21311404 502 7 2 2 3 2 1 1 2 1 0 3 1 0 0 0 0 2 4 1 0 7 0 0 3 5 12 0 3 1 4 1 1 2 4 3
21311405 508 10 1 1 1 2 2 3 3 1 2 3 1 0 2 1 0 0 0 0 4 3 3 0 2 3 0 0 3 1 3 0 1 4 7 2 4 6 12
21311406 581 7 2 3 2 3 1 1 2 1 0 3 1 0 0 0 0 2 3 2 0 2 6 3 3 6 5 2 1 3 1 4 1 3 12 0
21311407 576 6 3 2 1 1 3 2 1 0 1 1 0 0 0 0 2 2 2 1 0 0 0 3 2 0 0 3 4 3 5 5 12 3 2
21311408 549 2 2 1 1 0 2 1 0 0 0 0 1 1 0 0 4 12 5 3 1 5 3 3 0 4 1 0 0 0 2
21311410 545 8 2 2 1 3 2 3 1 3 1 0 3 1 0 0 0 0 2 3 3 6 12 3 1 5 0 3 0 0 2 0 0 0 0 0 1
21311411 561 6 2 2 1 3 3 2 1 0 2 1 0 0 0 0 1 3 2 0 0 1 0 3 1 3 1 12 5 2 2 1 4 4 1
21311412 551 2 1 1 1 0 3 1 0 0 0 0 2 0 0 2 2 2 0 1 4 2 0 4 5 3 1 5 6 12 0
21311413 548 8 1 3 1 1 3 2 2 3 1 0 2 1 0 0 0 0 3 2 3 12 4 5 3 3 6 3 2 3 1 0 0 3 0 0 0
21311414 573 9 1 1 3 2 3 2 1 3 1 1 0 3 1 0 0 0 0 4 2 3 0 0 4 3 0 0 3 4 0 2 5 3 2 12 3 7
21311415 549 3 1 3 3 1 0 2 1 0 0 0 0 1 0 2 0 3 0 1 1 3 0 0 2 5 3 2 12 5 4 0
21311416 536 8 2 1 3 1 1 2 3 3 1 0 2 1 0 0 0 0 3 2 3 0 3 5 12 3 3 4 7 0 1 0 6 0 0 2 0
21311417 556 10 1 2 3 3 2 1 1 3 2 3 1 0 1 1 0 0 0 0 3 3 4 0 2 0 0 2 3 3 12 1 6 3 7 0 4 3 3
21311418 507 2 2 1 1 0 1 1 0 0 0 0 1 1 0 0 0 0 6 1 3 2 12 0 3 4 7 0 2 5 3
21311419 506 10 3 2 2 2 1 1 1 1 3 3 1 0 3 1 0 0 0 0 4 3 3 0 0 0 2 0 3 6 4 2 0 4 6 1 5 4 12
21311420 544 6 3 2 3 1 2 2 1 0 3 1 0 0 0 0 1 3 2 0 2 0 0 3 0 1 4 0 1 4 12 0 1 4 4
21311421 654 9 3 3 2 3 3 1 2 2 2 1 0 1 1 0 0 0 0 1 4 4 0 0 0 1 3 2 1 1 6 6 4 2 12 1 3 0
21311422 509 10 2 3 1 2 2 3 1 3 2 1 1 0 1 1 0 0 0 0 3 4 3 3 12 8 7 0 4 5 4 1 2 3 3 0 3 0 0
21311423 532 0 1 0 2 1 0 0 0 0 0 0 0 0 4 1 12 5 3 6 3 3 3 5 4 0 2 0 1
21311424 562 2 1 2 1 0 3 1 0 0 0 0 1 1 0 0 0 0 3 0 0 2 3 0 3 1 1 3 2 8 12
21311425 553 0 1 0 1 1 0 0 0 0 0 0 0 3 4 7 12 0 2 4 5 0 3 3 3 0 2 0 1
21311426 557 8 3 1 1 2 2 3 1 3 1 0 2 1 0 0 0 0 3 2 3 3 2 1 2 0 4 6 7 0 3 6 12 0 0 0 1
21311427 483 1 1 1 0 3 1 0 0 0 0 1 0 0 0 0 0 3 0 2 1 4 1 2 5 2 0 3 7 12
21311428 590 8 1 2 3 1 3 2 2 2 1 0 3 1 0 0 0 0 2 4 2 1 0 1 0 3 2 7 12 0 5 4 3 1 3 3 4
21311429 592 10 2 1 1 3 3 1 2 3 2 1 1 0 2 1 0 0 0 0 4 3 3 1 2 1 3 0 5 6 12 0 3 2 1 0 2 3 3
21311430 521 9 3 3 1 2 1 3 3 1 2 1 0 1 1 0 0 0 0 3 2 4 3 6 12 0 4 2 4 2 3 1 3 0 2 0 0 0
21311431 590 5 1 2 2 1 1 1 0 3 1 0 0 0 0 3 2 0 12 7 3 3 2 6 4 5 3 3 3 0 3 0 0 0
21311432 539 2 1 1 1 0 1 1 0 0 0 0 2 0 0 0 0 2 0 3 5 2 2 6 5 3 3 12 6 4 0
21311433 512 4 2 1 1 3 1 0 1 1 0 0 0 0 2 1 1 3 3 4 5 0 2 2 12 0 0 3 2 0 0 0 1
21311434 464 9 2 1 3 3 2 2 2 1 3 1 0 1 1 0 0 0 0 2 4 3 0 0 0 3 4 3 4 1 5 3 5 2 6 12 3 1
21311435 582 2 2 3 1 0 2 1 0 0 0 0 0 1 1 6 4 7 12 0 4 7 1 0 4 5 1 0 0 0 3
21311436 555 0 1 0 3 1 0 0 0 0 0 0 0 3 6 3 2 0 2 6 4 1 5 1 12 0 3 0 0
21311437 513 4 1 1 2 3 1 0 1 1 0 0 0 0 2 1 1 0 0 0 3 0 6 3 12 1 4 5 4 2 3 2 2
21311438 524 11 2 3 1 3 2 1 3 1 1 2 2 1 0 3 1 0 0 0 0 4 4 3 0 1 0 0 1 0 3 0 3 2 4 3 12 6 3 2
21311439 526 2 2 3 1 0 2 1 0 0 0 0 0 1 1 0 0 2 0 0 5 3 12 1 5 7 5 5 3 1 1
21311440 550 0 3 1 6 0.33333333333333331 7 0.33333333333333331 8 0.33333333333333331 0 0 0 0 2 3 12 1 1 6 7 0 3 3 4 2 1 0 2
21311441 495 10 2 3 3 1 2 2 2 1 3 3 1 0 1 1 0 0 0 0 2 4 4 3 3 12 8 0 0 3 1 3 6 2 5 1 0 0 3
21311442 551 3 2 1 1 1 0 3 1 0 0 0 0 2 1 0 2 3 12 8 4 7 3 3 6 5 2 0 2 1 1 0
21311443 424 2 3 2 1 0 1 1 0 0 0 0 0 1 1 12 4 3 3 6 6 1 2 3 1 3 0 0 0 0 2
21311444 529 2 1 3 1 0 3 1 0 0 0 0 1 0 1 1 0 3 0 0 0 2 3 0 0 4 5 0 2 6 12
21311445 531 0 1 0 3 1 0 0 0 0 0 0 0 12 3 5 0 5 4 3 3 5 2 3 0 0 0 0 1
21311446 594 10 1 3 2 3 1 1 2 2 1 2 1 0 3 1 0 0 0 0 4 4 2 3 1 0 3 0 2 2 4 4 5 4 8 0 1 3 12
21311447 485 3 3 2 2 3 1 4 0.33333333333333331 5 0.33333333333333331 6 0.33333333333333331 0 2 1 1 4 0 3 1 3 1 1 2 5 5 0 3 12 2 0
21311448 568 0 1 0 1 1 0 0 0 0 0 0 0 4 12 0 2 3 1 4 0 1 3 2 3 0 2 0 0
21311449 604 9 1 1 2 1 2 2 3 1 3 1 0 3 1 0 0 0 0 4 3 2 0 5 3 12 2 2 5 4 0 1 0 3 0 0 3 3
21311450 551 7 1 3 1 2 3 2 3 3 1 7 0.33333333333333331 8 0.33333333333333331 9 0.33333333333333331 2 2 3 0 2 0 0 0 2 0 8 5 4 4 6 1 12 1 3
21311451 592 0 1 0 1 1 0 0 0 0 0 0 0 4 4 6 2 6 4 6 2 12 3 3 0 1 0 0 0
21311452 532 8 3 1 3 1 2 2 1 2 1 0 1 1 0 0 0 0 3 3 2 0 2 2 0 3 0 4 1 0 0 3 1 2 5 5 12
21311453 502 6 2 3 2 1 1 2 1 0 2 1 0 0 0 0 2 3 1 0 0 3 0 3 5 3 12 0 1 6 4 0 1 3 3
21311454 480 6 1 2 2 3 1 3 1 0 1 1 0 0 0 0 2 2 2 0 1 0 0 2 2 0 3 5 6 1 0 12 5 2 0
21311455 530 2 2 1 1 0 2 1 0 0 0 0 1 1 0 1 3 0 0 1 3 1 4 0 2 6 2 0 7 12 4
21311456 586 3 3 1 2 1 0 1 1 0 0 0 0 1 1 1 0 1 0 0 2 3 2 0 3 6 6 7 12 3 2 1
21311457 633 10 1 1 2 2 3 1 3 2 3 3 1 0 2 1 0 0 0 0 3 3 4 3 1 4 2 7 5 4 0 12 6 5 0 0 0 1 0
21311458 614 2 1 2 1 0 2 1 0 0 0 0 1 1 0 0 2 0 4 0 3 5 1 0 1 5 6 1 2 3 12
21311459 565 11 2 1 2 1 2 3 1 3 2 3 1 1 0 3 1 0 0 0 0 4 4 3 3 1 2 3 2 1 3 0 12 5 3 0 2 4 3 1
21311460 577 11 2 3 3 3 1 1 1 1 3 2 2 1 0 2 1 0 0 0 0 4 3 4 5 3 2 0 4 5 0 1 3 12 0 0 0 3 0 0
21311461 540 4 1 2 3 1 1 0 1 1 0 0 0 0 2 1 1 4 12 8 2 0 1 6 6 0 0 4 5 0 2 2 3
21311462 565 1 3 1 0 1 1 0 0 0 0 0 0 1 2 1 0 1 0 3 0 4 2 3 7 2 0 5 7 12
21311463 553 0 1 0 3 1 0 0 0 0 0 0 0 0 0 2 0 7 0 1 0 5 4 3 2 12 5 4 1
21311464 553 5 3 2 2 1 2 1 0 1 1 0 0 0 0 1 3 1 0 0 0 6 0 3 4 12 3 2 5 4 1 1 4 3
21311465 588 10 2 3 3 3 2 3 1 1 1 2 1 0 2 1 0 0 0 0 3 3 4 0 0 2 0 4 1 3 0 3 5 4 0 3 6 12 1
21311466 551 6 3 2 3 2 1 3 1 0 1 1 0 0 0 0 1 2 3 1 0 0 0 12 3 3 2 8 4 2 0 3 4 1 0
21311467 617 10 2 2 2 3 3 2 1 3 3 1 1 0 1 1 0 0 0 0 2 4 4 0 2 0 1 1 3 5 6 0 6 5 5 5 5 7 12
21311468 581 8 1 3 3 2 3 3 2 1 1 0 1 1 0 0 0 0 2 2 4 0 0 2 0 6 1 3 1 2 12 0 2 4 0 0 0
21311469 531 10 3 1 1 3 1 2 3 1 3 2 1 0 2 1 0 0 0 0 4 2 4 0 3 4 12 3 0 4 6 0 7 0 5 0 0 2 0
21311470 565 9 1 1 3 2 3 3 3 2 1 1 0 2 1 0 0 0 0 3 2 4 0 3 4 3 0 2 12 3 1 3 1 3 0 0 2 0
21311471 611 6 3 2 1 2 3 1 1 0 2 1 0 0 0 0 2 2 2 3 3 0 3 0 3 4 12 0 1 4 6 0 2 4 1
21311472 560 4 2 2 1 2 1 0 1 1 0 0 0 0 1 3 0 0 1 3 0 3 4 4 0 3 5 12 1 6 4 3 2
21311473 517 9 1 3 2 3 3 1 2 2 2 1 0 1 1 0 0 0 0 2 4 3 0 6 3 1 4 3 2 0 1 6 4 0 12 3 3 0
21311474 531 11 1 2 1 1 3 3 2 3 3 2 1 1 0 2 1 0 0 0 0 4 3 4 1 4 1 2 2 12 4 3 0 0 5 2 3 0 1 3
21311475 630 3 2 2 2 1 0 1 1 0 0 0 0 0 3 0 1 3 1 0 3 6 0 3 12 4 2 0 3 1 4 0
21311476 573 4 1 3 1 2 1 0 2 1 0 0 0 0 2 1 1 5 1 0 0 4 3 3 2 12 4 3 6 0 0 3 0
21311477 558 1 3 1 0 2 1 0 0 0 0 0 0 1 1 5 1 0 0 6 5 2 0 12 5 4 0 0 0 3
21311478 593 1 3 1 0 1 1 0 0 0 0 0 0 1 0 3 0 0 2 2 4 3 1 5 4 7 0 3 5 12
21311479 579 1 2 1 0 2 1 0 0 0 0 0 1 0 0 3 0 3 1 5 3 12 3 2 4 5 0 3 1 1
21311480 473 0 1 0 3 1 0 0 0 0 0 0 0 0 1 3 5 4 3 2 6 3 6 2 12 1 0 0 0
21311481 572 2 3 3 1 0 2 1 0 0 0 0 0 0 2 2 0 2 1 1 5 5 1 0 4 4 12 0 0 3 0
21311482 541 10 3 3 1 1 3 2 3 2 1 1 1 0 2 1 0 0 0 0 4 2 4 1 3 1 0 12 2 4 2 3 5 3 0 2 3 0 0
21311483 552 10 1 3 2 2 3 2 1 2 1 3 1 0 1 1 0 0 0 0 3 4 3 0 0 3 3 3 4 12 1 0 4 4 2 0 4 4 3
21311484 471 0 1 0 1 1 0 0 0 0 0 0 0 0 4 6 12 2 4 5 5 1 3 3 4 0 0 2 0
21311485 520 1 2 1 0 2 1 0 0 0 0 0 1 0 0 1 4 2 0 5 4 1 3 3 12 3 0 0 0 1
21311486 497 0 1 0 3 1 0 0 0 0 0 0 0 1 2 4 0 12 4 6 0 7 3 1 0 2 2 1 3
21311487 576 0 1 0 2 1 0 0 0 0 0 0 0 3 3 1 0 2 1 3 0 0 3 5 3 0 6 3 12
21311488 601 0 1 0 2 1 0 0 0 0 0 0 0 1 2 0 0 3 6 5 0 3 4 1 1 4 12 3 2
21311489 535 8 3 2 2 3 2 3 1 1 3 1 6 0.33333333333333331 7 0.33333333333333331 8 0.33333333333333331 2 3 3 3 4 4 12 0 3 5 3 0 5 1 0 0 2 0 1
21311490 523 7 3 2 2 1 1 2 1 1 0 1 1 0 0 0 0 3 3 1 3 3 3 12 0 7 5 5 0 0 2 4 0 5 0 0
21311491 517 0 1 0 1 1 0 0 0 0 0 0 0 0 0 0 3 3 0 5 4 0 3 4 4 0 2 4 12
21311492 580 2 3 1 1 0 2 1 0 0 0 0 1 0 1 0 4 3 12 0 3 5 3 0 5 1 3 3 2 0 0
21311493 548 9 1 1 2 2 3 3 3 1 3 1 0 2 1 0 0 0 0 3 2 4 0 0 3 12 2 3 3 8 0 3 5 6 0 5 4 1
21311494 545 0 1 0 2 1 0 0 0 0 0 0 0 1 2 5 4 3 12 5 3 0 2 3 4 0 1 0 1
21311495 456 11 2 2 1 3 3 1 1 2 3 3 1 1 0 2 1 0 0 0 0 4 3 4 2 4 4 0 1 1 6 3 0 4 7 12 0 2 5 3
21311496 561 3 3 1 2 1 0 3 1 0 0 0 0 1 1 1 12 6 3 3 1 4 6 5 2 5 2 0 1 3 0 0
21311497 549 10 3 3 2 1 1 1 2 2 3 1 1 0 2 1 0 0 0 0 4 3 3 0 0 0 2 0 1 0 5 3 0 5 6 0 0 3 12
21311498 542 9 2 3 2 1 1 3 3 2 3 1 0 2 1 0 0 0 0 2 3 4 0 1 0 0 0 0 3 4 1 2 6 4 1 4 6 12
21311500 488 8 3 2 1 2 1 3 1 1 1 0 2 1 0 0 0 0 4 2 2 0 0 3 3 0 2 4 2 3 3 4 8 0 1 12 3
21311501 568 11 2 1 3 2 3 3 2 2 3 1 1 1 0 1 1 0 0 0 0 3 4 4 0 1 3 0 12 4 2 0 5 5 5 4 6 3 2 1
21311502 502 1 1 1 0 2 1 0 0 0 0 1 0 0 3 4 4 2 1 12 0 0 4 2 3 0 3 0 1 0
21311503 568 6 2 1 2 2 1 1 1 0 3 1 0 0 0 0 3 3 0 0 3 5 2 2 1 5 12 0 4 6 1 0 0 3 0
21311504 512 7 1 3 2 2 1 3 1 1 0 3 1 0 0 0 0 3 2 2 2 2 0 0 3 5 0 3 4 7 3 1 3 4 12 3
21311505 540 2 3 2 1 0 3 1 0 0 0 0 0 1 1 1 0 3 0 0 1 4 2 0 12 5 4 2 3 1 3
21311507 529 4 1 1 2 2 1 0 3 1 0 0 0 0 2 2 0 12 2 4 1 0 7 3 1 1 2 3 5 0 2 3 3
21311508 553 11 1 3 3 2 2 3 2 2 3 1 1 1 0 1 1 0 0 0 0 3 4 4 0 3 0 0 0 1 0 3 3 2 3 4 3 4 6 12
21311509 561 6 2 3 2 1 1 2 1 0 1 1 0 0 0 0 2 3 1 2 7 1 0 3 4 4 0 12 2 3 3 3 1 4 0
21311510 520 2 1 3 1 0 2 1 0 0 0 0 1 0 1 0 4 0 3 0 2 3 3 4 5 1 3 2 1 12 4
21311511 533 9 1 1 2 2 3 3 1 3 3 1 0 2 1 0 0 0 0 3 2 4 12 3 3 0 6 3 3 2 3 2 4 1 1 0 0 0
21311512 492 9 2 3 3 3 1 1 3 2 2 1 0 1 1 0 0 0 0 2 3 4 0 2 0 0 12 3 5 1 3 5 0 0 5 3 3 0
21311513 589 10 2 2 2 2 3 3 1 3 3 1 1 0 1 1 0 0 0 0 2 4 4 7 2 0 1 5 4 1 0 12 3 0 0 3 3 4 0
21311514 568 8 3 1 2 3 3 3 2 1 1 0 2 1 0 0 0 0 2 2 4 1 2 3 1 3 4 5 0 1 4 5 3 2 12 7 0
21311515 515 0 1 0 2 1 0 0 0 0 0 0 0 0 3 0 0 0 1 5 12 1 4 5 4 0 2 1 2
21311516 554 11 2 1 1 3 2 3 2 3 3 1 1 1 0 2 1 0 0 0 0 4 3 4 2 1 1 4 4 4 3 5 2 6 4 12 0 2 1 0
21311517 550 4 1 1 3 3 3 1 6 0.33333333333333331 7 0.33333333333333331 8 0.33333333333333331 2 0 2 2 12 6 2 2 6 3 1 2 3 0 0 6 3 1 3
21311518 468 4 1 2 1 3 1 0 2 1 0 0 0 0 2 1 1 12 4 0 0 6 3 0 0 4 4 1 2 3 0 0 0
21311519 459 8 2 2 1 3 2 3 3 1 1 0 3 1 0 0 0 0 2 3 3 4 6 12 1 3 7 5 1 2 3 3 0 0 1 2 0
21311520 553 5 2 3 3 2 3 1 0 3 1 0 0 0 0 0 2 3 12 3 0 0 5 4 0 1 5 0 4 0 3 1 0 0
21311521 523 2 2 3 1 0 1 1 0 0 0 0 0 1 1 1 4 12 3 0 2 4 6 0 3 2 4 0 1 0 0
21311522 515 4 1 1 2 2 1 0 3 1 0 0 0 0 2 2 0 0 0 0 3 3 1 0 4 5 4 4 0 4 12 4 2
21311523 553 4 3 1 2 2 1 0 1 1 0 0 0 0 1 2 1 0 0 2 0 1 4 3 1 2 3 4 6 0 3 6 12
21311524 558 11 3 2 3 2 1 1 1 1 3 2 2 1 0 3 1 0 0 0 0 4 4 3 12 6 2 0 8 8 1 0 6 6 1 3 0 3 2 0
21311525 625 3 2 3 2 1 0 3 1 0 0 0 0 0 2 1 2 1 1 12 0 4 3 7 0 0 3 7 0 1 0 3
21311526 583 0 1 0 1 1 0 0 0 0 0 0 0 0 0 2 1 0 5 3 1 0 3 7 2 2 3 12 4
21311527 514 10 3 1 2 3 2 3 1 3 2 1 1 0 2 1 0 0 0 0 3 3 4 7 3 0 0 3 1 6 0 1 2 2 1 4 6 12 0
21311528 526 10 1 1 2 3 1 3 2 2 2 3 1 0 1 1 0 0 0 0 3 4 3 3 3 3 3 2 5 7 3 0 4 3 8 0 4 1 12
21311529 548 7 1 3 2 1 1 2 3 1 0 1 1 0 0 0 0 3 2 2 1 6 2 3 3 5 12 0 4 4 0 2 2 0 3 0
21311530 551 5 2 1 3 3 3 1 0 1 1 0 0 0 0 1 1 3 2 3 4 12 0 0 6 5 0 0 4 3 2 0 1 0
21311531 516 10 3 2 1 2 2 3 1 2 1 1 1 0 3 1 0 0 0 0 4 4 2 12 2 4 1 1 4 2 3 5 4 2 1 0 0 0 3
21311532 621 9 1 3 2 2 3 2 1 1 2 1 0 3 1 0 0 0 0 3 4 2 0 1 0 0 2 2 4 3 5 5 6 0 12 1 1 0
21311533 613 4 1 3 1 2 1 0 3 1 0 0 0 0 2 1 1 3 2 0 0 4 5 2 0 4 7 5 1 12 1 3 2
21311534 571 3 2 3 1 1 0 1 1 0 0 0 0 1 1 1 0 12 7 5 1 3 5 4 0 2 3 4 0 2 0 0
21311535 612 1 3 3 1 4 0.33333333333333331 5 0.33333333333333331 6 0.33333333333333331 0 0 1 2 1 4 4 0 3 5 5 0 1 4 12 0 0 0 2
21311536 518 8 3 3 3 2 1 1 2 1 1 0 1 1 0 0 0 0 3 2 3 2 0 0 0 3 1 4 12 0 6 4 2 0 3 2 4
21311537 554 1 1 1 0 2 1 0 0 0 0 1 0 0 1 0 0 0 1 2 0 0 12 6 2 0 5 7 5 3
21311538 568 7 1 3 3 1 1 2 2 1 0 2 1 0 0 0 0 3 2 2 0 2 3 0 3 0 4 0 3 3 6 0 12 4 7 1
21311539 539 3 3 1 2 1 0 2 1 0 0 0 0 1 1 1 0 3 1 0 0 5 0 2 3 3 3 3 3 4 12 1
21311540 477 10 3 3 3 1 1 2 1 2 2 3 1 0 2 1 0 0 0 0 3 3 4 3 3 0 1 4 6 2 7 3 5 3 0 1 4 12 3
21311541 599 5 1 2 3 2 2 1 0 3 1 0 0 0 0 1 3 1 12 8 5 0 6 5 1 0 3 1 2 1 3 0 0 0
21311542 566 1 1 1 0 1 1 0 0 0 0 1 0 0 0 0 0 1 0 2 3 12 0 3 6 2 3 2 7 8
21311543 540 2 2 2 1 0 3 1 0 0 0 0 0 2 0 3 0 1 0 0 3 5 12 2 3 6 1 0 0 1 3
21311544 627 7 3 2 3 3 1 3 1 1 0 2 1 0 0 0 0 2 1 4 12 8 3 1 1 7 6 2 4 2 2 0 0 1 0 0
21311545 595 3 2 3 1 1 0 1 1 0 0 0 0 1 1 1 0 4 4 12 3 5 6 1 1 0 2 4 0 0 2 2
21311546 595 5 2 1 2 3 3 1 0 2 1 0 0 0 0 1 2 2 0 7 6 12 1 1 4 6 0 0 3 3 0 0 0 3
21311547 525 1 2 1 0 1 1 0 0 0 0 0 1 0 0 0 1 0 0 2 0 4 0 2 4 12 1 3 5 5
21311549 567 10 3 2 1 2 1 3 2 2 1 3 1 0 3 1 0 0 0 0 3 4 3 0 0 3 1 7 5 4 2 4 4 6 0 6 1 12 0
21311550 550 5 3 1 2 1 1 1 0 3 1 0 0 0 0 3 1 1 0 3 3 0 6 5 5 3 0 12 4 2 0 0 2 0
21311551 554 9 2 3 3 1 2 1 2 3 1 1 0 1 1 0 0 0 0 3 3 3 4 7 0 0 12 6 4 0 2 5 5 2 3 3 1 0
21311552 488 2 2 3 1 0 1 1 0 0 0 0 0 1 1 2 0 0 0 3 0 1 0 6 4 1 0 12 5 3 2
21311553 624 9 3 1 1 2 3 3 3 1 2 1 0 1 1 0 0 0 0 3 2 4 0 0 0 2 0 0 3 4 0 4 5 3 2 4 6 12
21311554 586 7 1 3 3 3 2 1 1 1 0 2 1 0 0 0 0 3 1 3 0 0 0 3 2 2 4 2 1 5 5 1 0 3 6 12
21311555 551 3 1 2 1 1 0 1 1 0 0 0 0 2 1 0 0 2 4 3 3 3 5 0 8 4 4 2 12 5 3 3
21311557 548 6 1 3 2 2 1 2 1 0 3 1 0 0 0 0 2 3 1 12 5 4 1 7 6 2 1 5 3 0 0 0 1 2 0
21311558 440 5 3 1 2 3 2 1 0 1 1 0 0 0 0 1 2 2 3 5 12 3 3 4 3 1 3 0 4 0 0 0 2 0
21311559 494 5 2 2 1 3 3 3 1 7 0.33333333333333331 8 0.33333333333333331 9 0.33333333333333331 1 2 2 12 5 1 3 3 2 3 0 2 3 5 0 0 1 1 0
21311560 554 1 3 1 0 1 1 0 0 0 0 0 0 1 7 0 0 0 0 6 7 12 7 3 5 2 0 1 4 2
21311561 534 4 1 3 2 3 1 0 3 1 0 0 0 0 1 1 2 0 12 5 4 2 3 5 4 1 1 6 3 0 0 0 2
21311562 503 8 1 3 3 2 3 2 2 2 1 0 3 1 0 0 0 0 1 4 3 1 12 2 1 4 3 3 6 0 3 5 7 1 0 1 0
21311563 525 11 2 1 3 1 1 3 3 1 2 3 2 1 0 2 1 0 0 0 0 4 3 4 0 0 4 2 0 2 6 1 0 1 5 8 3 3 4 12
21311564 528 4 3 2 1 1 1 0 1 1 0 0 0 0 2 1 1 1 2 0 0 3 4 0 0 2 5 6 3 4 12 2 3
21311565 508 7 2 3 3 1 3 1 3 1 0 2 1 0 0 0 0 2 1 4 0 0 2 8 2 1 7 4 0 0 3 3 0 1 4 12
21311566 541 5 3 2 1 2 2 1 0 2 1 0 0 0 0 1 3 1 0 5 8 4 1 4 6 12 0 1 3 3 0 1 3 0
21311567 552 7 3 3 1 3 1 2 2 3 1 4 0.33333333333333331 5 0.33333333333333331 6 0.33333333333333331 2 2 3 3 0 0 0 3 0 0 0 4 6 2 0 12 3 3 1
21311568 535 7 3 1 2 1 3 3 1 1 0 2 1 0 0 0 0 3 1 3 12 3 2 3 6 1 3 0 3 2 4 0 0 2 1 0
21311569 599 7 1 1 2 1 3 3 2 1 0 2 1 0 0 0 0 3 2 2 3 7 12 0 4 5 8 0 3 5 6 0 0 1 2 4
21311570 545 5 2 2 3 1 3 1 0 1 1 0 0 0 0 1 2 2 3 4 2 3 0 12 1 1 0 4 1 2 0 2 3 0
21311571 501 5 2 2 3 3 2 1 0 1 1 0 0 0 0 0 3 2 0 0 3 6 1 3 6 12 0 4 3 3 0 0 1 3
21311572 484 8 2 3 2 3 1 2 3 3 1 0 1 1 0 0 0 0 1 3 4 1 3 0 1 2 4 4 0 3 6 4 0 4 12 6 0
21311573 577 8 1 3 1 3 1 2 2 2 1 0 1 1 0 0 0 0 3 3 2 0 0 0 3 4 3 4 2 0 3 2 1 3 12 7 3
21311574 554 8 3 1 2 1 2 3 3 1 1 0 2 1 0 0 0 0 3 2 3 0 0 0 3 0 2 1 1 3 5 5 0 12 6 2 4
21311575 470 5 1 2 3 2 2 1 0 3 1 0 0 0 0 1 3 1 1 3 1 3 4 3 4 12 0 1 5 2 0 0 0 3
21311576 553 3 2 1 1 1 0 3 1 0 0 0 0 2 1 0 0 12 7 2 0 3 4 4 0 1 3 4 3 0 3 2
21311578 505 2 3 2 1 0 1 1 0 0 0 0 0 1 1 0 2 0 0 0 4 1 0 5 3 4 3 3 12 4 5
21311579 535 9 2 2 1 3 3 1 2 3 3 1 0 1 1 0 0 0 0 2 3 4 2 1 6 12 3 3 7 3 0 0 4 2 0 1 0 0
21311580 527 3 2 1 1 1 0 3 1 0 0 0 0 2 1 0 3 7 12 6 2 4 5 7 4 4 0 0 3 3 0 0
21311581 607 7 1 1 3 2 3 2 2 1 0 3 1 0 0 0 0 2 3 2 0 5 0 1 0 0 2 1 2 4 5 3 12 4 3 1
21311582 565 4 1 3 2 3 3 1 5 0.33333333333333331 6 0.33333333333333331 7 0.33333333333333331 1 1 2 0 5 5 12 3 4 7 3 0 0 3 2 3 0 1 0
21311585 413 2 1 3 1 0 2 1 0 0 0 0 1 0 1 0 0 3 2 2 2 3 5 1 1 6 5 1 3 4 12
21311586 552 8 1 1 1 3 2 2 3 3 1 0 1 1 0 0 0 0 3 2 3 0 4 6 12 0 6 5 2 3 4 6 3 2 0 2 1
21311588 542 10 3 2 3 2 3 1 1 1 2 2 1 0 3 1 0 0 0 0 3 4 3 0 0 2 1 1 1 4 4 0 2 6 2 0 3 12 1
21311589 485 9 3 1 1 2 1 2 3 3 3 1 0 2 1 0 0 0 0 3 2 4 4 1 4 12 3 5 3 2 2 4 2 1 0 0 0 1
21311590 513 9 2 3 1 1 2 2 3 3 3 1 0 1 1 0 0 0 0 2 3 4 2 2 0 0 5 4 1 0 8 5 6 1 12 4 3 4
21311591 492 1 1 1 0 1 1 0 0 0 0 1 0 0 12 2 6 2 5 6 2 3 5 5 0 0 1 0 0 0
21311592 591 10 3 1 2 2 3 1 2 2 3 3 1 0 1 1 0 0 0 0 2 4 4 1 12 4 4 4 3 1 2 0 0 3 0 0 0 2 1
21311593 593 4 2 3 2 3 1 0 1 1 0 0 0 0 0 2 2 0 0 1 3 3 4 6 2 1 3 4 1 2 3 5 12
21311594 607 4 2 1 3 2 3 1 4 0.33333333333333331 5 0.33333333333333331 6 0.33333333333333331 1 2 1 3 0 0 0 0 3 0 1 0 4 0 4 3 6 12 8
21311595 498 8 1 1 2 3 2 2 1 3 1 0 3 1 0 0 0 0 3 3 2 2 0 1 0 0 4 6 1 0 5 7 2 4 12 4 4
21311596 580 2 1 3 1 0 3 1 0 0 0 0 1 0 1 12 6 6 0 1 3 0 0 0 2 2 2 1 0 0 0
21311597 550 5 1 3 1 2 1 3 1 5 0.33333333333333331 6 0.33333333333333331 7 0.33333333333333331 3 1 1 3 12 3 0 1 2 1 2 3 0 5 0 2 0 3 2
21311598 581 10 3 2 2 2 3 1 2 3 3 1 1 0 1 1 0 0 0 0 2 4 4 3 0 1 0 5 7 2 0 4 6 1 1 6 12 3 2
21311599 567 8 2 2 3 2 2 3 1 3 1 0 1 1 0 0 0 0 1 4 3 0 12 7 5 0 2 1 3 0 0 4 1 1 3 0 0
21311600 562 4 1 3 1 3 1 0 1 1 0 0 0 0 2 0 2 3 3 0 0 5 7 2 0 4 4 6 2 12 3 5 2
21311601 472 1 2 1 0 3 1 0 0 0 0 0 1 0 3 12 2 0 2 1 3 3 5 3 4 1 1 0 3 3
21311602 581 9 3 2 1 2 3 3 2 1 3 1 0 1 1 0 0 0 0 2 3 4 12 3 3 0 4 4 6 0 2 3 4 2 1 1 0 0
21311603 527 10 3 1 2 2 2 1 2 3 3 1 1 0 1 1 0 0 0 0 3 4 3 0 1 2 0 5 3 3 3 5 6 1 0 12 7 2 0
21311604 576 1 3 1 0 3 1 0 0 0 0 0 0 1 1 2 0 2 1 6 0 0 6 3 2 0 12 4 1 0
21311605 500 10 1 2 3 3 1 2 3 3 1 2 1 0 1 1 0 0 0 0 3 3 4 5 3 1 0 12 4 2 2 4 1 0 0 0 3 2 0
21311606 607 4 1 3 2 1 1 0 2 1 0 0 0 0 2 1 1 1 6 0 0 7 3 4 2 4 12 3 0 3 4 4 3
21311607 450 0 1 0 1 1 0 0 0 0 0 0 0 12 6 4 0 2 4 3 3 5 2 5 0 1 0 4 0
21311608 550 4 1 2 2 2 1 0 1 1 0 0 0 0 1 3 0 0 0 1 0 3 4 0 0 3 5 5 0 4 7 12 3
21311609 552 4 3 1 3 3 1 0 1 1 0 0 0 0 1 0 3 0 2 1 0 0 0 4 5 0 3 4 2 2 3 6 12
21311610 578 8 3 1 1 3 1 2 3 1 1 0 3 1 0 0 0 0 4 1 3 2 4 3 0 2 4 0 0 12 1 4 2 0 2 0 0
21311611 555 3 2 1 3 1 0 2 1 0 0 0 0 1 1 1 0 4 0 1 3 3 3 1 0 4 4 7 0 2 12 3
21311612 474 7 1 2 3 2 3 1 3 1 0 2 1 0 0 0 0 2 2 3 3 3 1 12 0 7 6 4 0 2 6 3 0 0 0 1
21311613 533 11 1 2 3 3 3 1 2 2 1 3 2 1 0 1 1 0 0 0 0 3 4 4 0 4 5 6 0 1 7 12 0 2 2 3 3 0 1 0
21311614 542 3 2 3 3 1 0 1 1 0 0 0 0 0 1 2 0 1 0 0 0 1 3 4 0 0 4 7 2 2 8 12
21311615 523 8 2 1 1 2 3 3 1 2 1 0 1 1 0 0 0 0 3 3 2 3 0 3 3 0 3 5 4 2 3 7 1 0 5 2 12
21311616 557 9 3 3 3 1 2 1 2 1 3 1 0 1 1 0 0 0 0 3 2 4 2 0 1 0 5 2 4 8 4 6 3 2 12 3 3 0
21311617 548 5 3 1 2 1 2 1 0 3 1 0 0 0 0 2 2 1 0 4 3 3 0 3 5 12 0 3 3 6 2 1 0 0
21311618 492 4 1 1 2 1 1 0 2 1 0 0 0 0 3 1 0 3 12 4 1 6 4 4 2 4 2 3 0 0 0 6 0
21311619 551 6 1 2 2 1 3 3 1 0 2 1 0 0 0 0 2 2 2 12 4 2 3 1 4 2 0 1 2 4 1 3 0 1 0
21311620 595 1 1 1 0 3 1 0 0 0 0 1 0 0 1 4 2 1 0 2 5 3 0 3 5 8 0 2 6 12
21311621 515 4 2 1 1 3 1 0 3 1 0 0 0 0 2 1 1 0 2 8 0 3 1 5 12 1 4 3 2 3 2 1 2
21311622 466 11 1 2 2 3 2 1 1 2 3 3 1 1 0 3 1 0 0 0 0 4 4 3 1 3 0 0 4 3 2 0 1 3 3 0 3 12 2 3
21311623 524 10 2 1 1 3 3 3 2 1 2 3 1 0 1 1 0 0 0 0 3 3 4 0 3 3 12 3 1 7 8 2 0 6 6 2 0 0 0
21311624 574 6 2 2 1 1 3 3 1 0 1 1 0 0 0 0 2 2 2 3 0 2 0 2 1 3 4 1 4 8 2 0 3 4 12
21311625 544 6 2 3 1 1 3 3 1 0 1 1 0 0 0 0 2 1 3 4 1 1 0 2 4 0 0 2 12 2 2 3 7 3 0
21311626 559 10 2 1 2 1 3 3 1 3 1 2 1 0 3 1 0 0 0 0 4 3 3 2 0 1 0 2 0 6 0 2 3 4 12 0 1 3 5
21311627 518 5 3 3 2 1 1 1 0 3 1 0 0 0 0 2 1 2 0 0 0 3 2 0 2 12 0 0 1 5 0 2 4 1
21311629 509 2 3 2 1 0 1 1 0 0 0 0 0 1 1 0 0 1 2 0 1 3 3 3 6 4 5 4 3 2 12
21311630 478 7 1 1 3 1 3 2 3 1 0 3 1 0 0 0 0 3 1 3 1 6 12 0 2 5 5 2 3 3 4 0 2 0 0 0
21311631 534 7 1 1 3 2 2 3 3 1 0 1 1 0 0 0 0 2 2 3 2 3 0 3 0 1 5 4 0 3 4 12 0 0 2 0
21311632 639 8 2 1 2 3 3 3 2 3 1 0 1 1 0 0 0 0 1 3 4 0 1 0 2 0 3 0 1 0 4 12 3 6 6 4 4
21311633 581 11 3 2 1 1 3 1 2 3 2 1 3 1 0 2 1 0 0 0 0 4 3 4 1 0 0 0 2 1 2 0 3 5 3 2 1 12 5 3
21311634 540 3 2 1 1 1 0 3 1 0 0 0 0 2 1 0 2 0 0 0 2 1 4 1 6 5 3 2 12 5 4 0
21311635 647 2 2 1 1 0 1 1 0 0 0 0 1 1 0 0 3 5 12 1 2 4 8 0 2 3 7 0 0 3 4
21311636 544 10 2 1 3 1 2 2 1 1 3 2 1 0 3 1 0 0 0 0 4 4 2 3 0 0 0 6 5 2 4 3 3 5 4 4 12 3 1
21311637 569 8 3 1 2 1 3 3 2 2 1 0 1 1 0 0 0 0 2 3 3 0 0 8 3 4 6 1 2 0 2 12 3 1 3 1 2
21311638 518 6 3 1 2 3 1 3 1 0 2 1 0 0 0 0 2 1 3 3 2 4 4 1 5 5 2 0 5 6 12 0 0 0 1
21311639 591 3 1 1 3 1 0 2 1 0 0 0 0 2 0 1 0 3 0 2 0 7 6 1 2 5 5 4 2 1 4 12
21311640 569 9 2 3 1 1 3 2 1 3 1 1 0 2 1 0 0 0 0 4 2 3 3 4 3 0 7 2 3 4 12 0 3 2 3 1 3 0
21311641 543 0 1 0 2 1 0 0 0 0 0 0 0 12 5 1 1 6 4 4 0 3 2 5 0 3 3 3 0
21311642 623 11 1 3 3 2 2 3 1 1 2 3 1 1 0 2 1 0 0 0 0 4 3 4 0 0 1 2 0 3 5 3 3 1 4 4 0 3 2 12
21311643 529 2 2 1 1 0 3 1 0 0 0 0 1 1 0 0 4 5 2 0 4 6 8 0 0 3 7 3 1 3 12
21311644 559 8 2 1 2 2 3 2 1 3 1 0 1 1 0 0 0 0 2 4 2 3 0 3 12 0 1 5 6 0 1 2 5 0 0 0 3
21311645 617 6 3 1 3 2 1 3 1 0 1 1 0 0 0 0 2 1 3 0 3 2 0 0 2 4 3 3 1 5 2 2 3 1 12
21311646 509 3 2 1 3 1 0 2 1 0 0 0 0 1 1 1 3 1 12 0 2 3 4 0 0 5 3 0 0 0 1 3
21311647 499 5 3 3 2 2 2 1 0 1 1 0 0 0 0 0 3 2 0 3 1 0 2 3 1 5 5 5 1 3 12 8 3 0
21311648 510 1 3 1 0 3 1 0 0 0 0 0 0 1 2 3 4 0 2 5 6 1 1 6 9 3 0 3 3 12
21311649 494 2 1 1 1 0 2 1 0 0 0 0 2 0 0 2 3 3 3 1 3 12 0 0 3 3 0 1 5 2 2
21311650 568 9 1 3 2 3 3 2 2 3 1 1 0 2 1 0 0 0 0 2 3 4 0 0 0 3 3 5 4 3 1 3 12 4 0 1 3 3
21311651 552 2 1 1 1 0 1 1 0 0 0 0 2 0 0 4 6 6 3 2 5 3 12 3 0 6 0 0 0 2 2
21311652 537 5 1 3 2 3 2 1 0 2 1 0 0 0 0 1 2 2 1 4 2 0 4 12 0 1 3 4 1 0 5 3 0 0
21311653 569 0 1 0 2 1 0 0 0 0 0 0 0 1 3 12 0 6 5 1 0 5 3 7 2 3 0 0 3
21311654 619 6 2 2 2 1 3 2 1 0 3 1 0 0 0 0 1 4 1 3 12 6 3 4 5 7 1 0 1 0 0 0 1 0 0
21311655 536 5 2 2 1 1 1 1 0 3 1 0 0 0 0 3 2 0 1 3 0 0 12 7 3 0 4 5 4 2 3 3 2 3
21311656 529 2 2 3 1 0 2 1 0 0 0 0 0 1 1 2 3 12 3 3 7 1 0 4 2 1 0 1 0 1 0
21311658 592 10 1 2 3 3 3 3 2 1 2 1 1 0 1 1 0 0 0 0 3 3 4 2 1 4 12 3 4 5 7 0 3 0 3 0 0 2 0
21311659 618 3 2 1 1 1 0 1 1 0 0 0 0 2 1 0 3 6 3 1 2 3 2 3 4 1 5 2 3 2 0 12
21311660 499 6 1 2 2 1 1 3 1 0 2 1 0 0 0 0 3 2 1 0 2 0 0 0 2 3 12 1 3 4 1 3 3 4 4
21311661 536 5 3 1 1 2 2 1 0 3 1 0 0 0 0 2 2 1 0 1 3 5 0 3 5 12 2 1 3 0 2 3 0 0
21311662 612 8 1 1 1 3 2 3 2 3 1 0 1 1 0 0 0 0 3 2 3 3 12 5 0 3 5 4 2 2 5 0 0 0 0 3 0
21311663 491 1 2 1 0 3 1 0 0 0 0 0 1 0 1 0 2 0 12 3 5 0 2 4 4 0 3 1 1 4
21311664 611 10 2 2 1 2 3 1 3 2 3 3 1 0 1 1 0 0 0 0 2 4 4 4 2 0 0 2 4 1 0 1 3 6 0 12 3 0 1
21311665 553 11 2 1 2 2 3 3 3 2 1 3 1 1 0 1 1 0 0 0 0 3 4 4 0 0 2 0 0 2 4 1 1 1 7 12 0 0 2 3
21311666 583 8 3 3 1 1 1 3 2 3 1 0 2 1 0 0 0 0 3 1 4 0 2 3 0 0 1 2 4 0 3 5 6 3 3 4 12
21311667 510 3 1 2 3 1 0 3 1 0 0 0 0 1 1 1 0 0 2 3 0 2 7 4 0 0 3 4 1 3 1 12
21311668 540 3 3 2 3 1 0 1 1 0 0 0 0 0 1 2 0 0 0 1 0 6 2 12 0 0 5 5 3 0 3 4
21311669 535 7 1 3 1 2 3 1 2 1 0 1 1 0 0 0 0 3 2 2 2 2 0 2 5 1 4 0 4 12 1 0 4 2 0 0
21311670 550 11 1 3 2 2 3 1 3 2 1 2 1 1 0 3 1 0 0 0 0 4 4 3 1 0 2 0 0 0 1 6 0 2 4 4 0 7 12 4
21311671 516 1 1 1 0 3 1 0 0 0 0 1 0 0 2 0 0 0 1 0 4 3 4 1 6 2 0 2 3 12
21311672 592 4 3 2 2 2 1 0 3 1 0 0 0 0 0 3 1 12 5 6 1 7 5 1 0 3 1 3 0 0 3 0 0
21311673 549 0 1 0 1 1 0 0 0 0 0 0 0 4 0 2 0 6 3 0 0 12 3 0 0 2 3 3 1
21311674 513 7 3 2 2 3 1 1 2 1 0 2 1 0 0 0 0 2 3 2 1 0 0 0 0 1 3 3 1 4 5 12 0 2 3 4
21311675 602 10 3 2 2 3 1 1 3 1 3 2 1 0 2 1 0 0 0 0 3 3 4 1 0 1 0 0 0 3 3 2 7 4 5 3 4 5 12
21311676 490 1 3 1 0 1 1 0 0 0 0 0 0 1 2 0 1 1 12 2 0 0 7 5 2 3 3 4 0 0
21311677 482 2 3 3 1 0 3 1 0 0 0 0 0 0 2 0 0 4 12 2 4 4 8 4 1 1 4 0 0 2 3
21311678 563 2 2 2 1 0 1 1 0 0 0 0 0 2 0 12 5 4 1 4 3 2 0 1 1 4 2 3 0 0 0
21311679 579 0 1 0 2 1 0 0 0 0 0 0 0 0 3 0 0 2 1 6 1 3 6 3 0 12 3 4 0
21311681 540 5 2 1 1 1 3 1 0 1 1 0 0 0 0 3 1 1 3 0 3 0 0 2 4 2 3 2 5 4 0 4 4 12
21311682 450 6 3 2 3 2 1 1 1 0 2 1 0 0 0 0 2 2 2 12 1 4 0 4 2 3 1 4 0 4 2 5 0 1 0
21311683 586 3 1 3 1 1 0 3 1 0 0 0 0 2 0 1 0 2 2 1 0 4 5 2 2 3 4 8 2 1 1 12
21311685 529 5 3 1 3 2 1 1 0 1 1 0 0 0 0 2 1 2 0 1 0 3 2 4 2 3 0 2 12 3 0 6 3 4
21311686 498 4 3 1 2 1 1 0 2 1 0 0 0 0 2 1 1 0 3 0 0 4 3 12 0 6 6 4 1 3 7 3 2
21311687 608 2 3 1 1 0 3 1 0 0 0 0 1 0 1 0 3 6 12 0 3 4 3 0 3 4 4 2 1 2 0
21311688 480 3 2 1 1 1 0 2 1 0 0 0 0 2 1 0 0 0 2 0 0 0 0 3 1 1 6 5 2 3 12 5
21311689 563 11 1 3 3 2 1 2 1 1 3 3 2 1 0 2 1 0 0 0 0 4 3 4 0 2 0 0 1 2 0 0 0 4 5 4 0 12 1 4
21311690 528 2 3 3 1 0 2 1 0 0 0 0 0 0 2 1 2 3 12 0 1 5 1 2 5 2 3 0 0 0 1
21311691 566 6 1 2 2 1 3 3 1 0 1 1 0 0 0 0 2 2 2 4 3 2 0 3 5 3 0 3 2 12 0 0 1 0 5
21311692 542 6 3 2 1 3 3 2 1 0 1 1 0 0 0 0 1 2 3 12 3 2 0 6 3 1 3 5 5 1 0 3 3 2 0
21311693 488 11 1 3 3 2 1 2 3 1 3 1 2 1 0 2 1 0 0 0 0 4 3 4 1 0 0 0 12 4 2 0 3 6 4 0 3 3 3 3
21311694 499 3 2 3 3 1 0 2 1 0 0 0 0 0 1 2 0 0 4 12 1 3 9 5 1 0 2 4 0 1 0 0
21311695 514 6 1 2 2 3 2 1 1 0 1 1 0 0 0 0 2 3 1 12 4 3 0 5 6 3 0 2 4 3 0 3 0 1 3
21311696 463 1 1 1 0 2 1 0 0 0 0 1 0 0 2 0 0 0 3 1 1 0 3 5 4 5 12 4 2 3
21311697 555 1 3 1 0 1 1 0 0 0 0 0 0 1 1 0 2 12 0 2 4 7 0 3 3 4 0 0 3 4
21311698 514 9 2 2 3 3 1 1 1 2 3 1 0 2 1 0 0 0 0 3 3 3 0 12 2 4 0 3 1 3 0 3 6 3 3 0 3 1
21311699 514 6 3 1 1 1 3 3 1 0 3 1 0 0 0 0 3 0 3 0 0 2 0 2 4 2 12 0 1 6 6 0 2 3 3
21311700 483 8 3 2 1 3 1 3 2 3 1 0 1 1 0 0 0 0 2 2 4 0 0 1 0 0 0 2 3 0 0 12 6 2 1 4 2
21311701 518 2 3 2 1 0 3 1 0 0 0 0 0 1 1 2 6 8 12 1 5 6 2 0 1 0 3 0 0 1 0
21311702 596 4 2 1 2 2 1 0 3 1 0 0 0 0 1 3 0 2 0 0 0 3 1 0 1 6 6 3 4 12 3 5 1
21311703 556 9 1 2 3 1 3 3 2 1 3 1 0 2 1 0 0 0 0 3 2 4 1 2 1 2 0 4 6 3 0 12 6 4 0 0 7 0
21311704 562 2 2 2 1 0 3 1 0 0 0 0 0 2 0 3 3 3 0 4 5 4 0 12 5 4 1 1 0 0 0
21311705 594 6 2 2 1 3 3 2 3 1 4 0.33333333333333331 5 0.33333333333333331 6 0.33333333333333331 1 3 2 0 1 3 7 2 1 5 7 0 0 3 12 0 0 0 1
21311706 497 5 1 1 1 2 1 1 0 2 1 0 0 0 0 4 1 0 3 0 2 12 3 2 6 4 0 4 3 4 0 0 0 3
21311707 548 8 3 1 1 2 2 1 1 3 1 0 3 1 0 0 0 0 4 2 2 3 2 4 0 2 3 12 0 0 4 1 2 0 3 3 0
21311708 593 11 1 3 3 3 1 2 2 3 1 1 2 1 0 2 1 0 0 0 0 4 3 4 0 0 3 2 0 1 6 3 2 3 4 3 3 3 1 12
21311709 551 2 2 1 1 0 3 1 0 0 0 0 1 1 0 4 3 1 0 12 7 4 2 3 4 1 0 0 0 0 2
21311710 476 6 1 3 3 2 3 2 1 0 1 1 0 0 0 0 1 2 3 3 0 1 0 5 0 2 0 5 6 0 0 12 3 3 3
21311711 623 11 2 2 3 2 3 2 1 3 1 1 3 1 0 1 1 0 0 0 0 3 4 4 12 4 4 3 3 5 3 2 1 0 1 0 2 0 3 0
21311712 517 10 2 2 3 2 2 1 1 1 3 1 1 0 3 1 0 0 0 0 4 4 2 0 1 2 6 3 6 6 7 2 3 1 12 3 0 0 0
21311713 526 10 3 2 1 3 3 3 2 2 1 1 1 0 1 1 0 0 0 0 3 3 4 12 2 3 1 6 4 0 2 3 6 3 0 8 0 0 0
21311714 551 7 1 1 3 1 2 3 2 1 0 2 1 0 0 0 0 3 2 2 0 0 1 2 0 3 4 2 5 4 3 1 3 0 4 12
21311716 506 6 3 3 1 1 2 3 1 0 3 1 0 0 0 0 2 1 3 0 2 0 0 12 4 1 2 6 3 2 3 5 4 1 0
21311717 494 10 1 1 2 3 2 3 1 3 1 3 1 0 2 1 0 0 0 0 4 2 4 0 0 2 0 0 0 2 1 0 1 6 4 2 12 7 4
21311718 499 8 2 2 1 3 3 1 3 3 1 0 1 1 0 0 0 0 2 2 4 2 5 5 12 0 7 3 4 0 1 3 0 0 0 0 2
21311719 553 2 2 2 1 0 1 1 0 0 0 0 0 2 0 1 2 0 0 1 6 0 0 4 4 3 3 3 5 12 0
21311720 572 10 2 1 1 2 1 3 3 2 2 3 1 0 1 1 0 0 0 0 3 4 3 12 2 3 0 7 1 0 0 7 5 3 0 3 0 3 6
21311721 568 2 3 1 1 0 3 1 0 0 0 0 1 0 1 0 4 1 2 0 1 4 2 2 12 3 3 0 0 3 0
21311722 548 2 3 3 1 0 2 1 0 0 0 0 0 0 2 1 0 0 1 0 2 0 0 0 3 4 4 0 12 5 3
21311723 551 0 1 0 1 1 0 0 0 0 0 0 0 1 4 7 12 2 2 4 3 0 3 2 3 0 0 1 4
21311724 497 1 2 1 0 2 1 0 0 0 0 0 1 0 3 7 12 1 3 1 5 0 4 0 2 0 3 1 0 0
21311725 510 10 3 1 2 3 1 1 1 3 3 2 1 0 2 1 0 0 0 0 4 2 4 0 5 4 12 2 2 4 3 0 0 3 4 2 0 1 1
21311726 515 8 1 3 2 3 2 3 1 3 1 0 1 1 0 0 0 0 2 2 4 0 0 0 1 0 4 2 4 0 3 3 7 2 4 7 12
21311727 550 1 1 1 0 1 1 0 0 0 0 1 0 0 0 12 7 5 2 3 5 4 2 3 4 3 0 0 0 3
21311729 546 3 2 3 1 1 0 3 1 0 0 0 0 1 1 1 0 0 1 2 3 6 4 3 12 4 3 0 4 1 2 0
21311730 514 0 1 0 1 1 0 0 0 0 0 0 0 2 2 0 1 3 5 5 0 3 2 5 0 3 1 12 0
21311732 557 0 1 0 2 1 0 0 0 0 0 0 0 12 7 4 0 2 7 4 1 1 5 4 0 0 0 3 3
21311733 555 9 1 2 2 3 1 3 1 2 2 1 0 3 1 0 0 0 0 3 4 2 1 2 0 0 0 3 0 0 3 6 1 3 12 6 4 3
21311734 526 11 1 2 1 2 3 2 2 1 3 3 3 1 0 1 1 0 0 0 0 3 4 4 3 5 4 3 0 4 12 4 3 3 3 4 1 2 0 0
21311735 545 0 1 0 2 1 0 0 0 0 0 0 0 0 0 0 2 1 4 1 1 0 3 5 5 0 4 2 12
21311737 532 10 1 1 2 2 3 2 3 1 1 3 1 0 2 1 0 0 0 0 4 3 3 6 2 1 0 12 4 1 3 4 6 2 3 1 4 2 8
21311738 530 4 1 1 3 2 1 0 3 1 0 0 0 0 2 1 1 0 0 0 2 3 0 1 3 2 4 5 1 2 4 4 12
21311739 544 3 3 3 2 1 0 1 1 0 0 0 0 0 1 2 9 2 4 1 8 6 3 0 12 4 3 0 0 0 6 0
21311740 508 1 3 1 0 1 1 0 0 0 0 0 0 1 3 2 7 4 12 6 3 1 7 1 5 2 2 0 0 0
21311741 581 8 1 2 2 3 3 3 2 3 1 0 2 1 0 0 0 0 1 3 4 0 3 1 0 1 4 3 3 0 12 5 3 1 0 0 0
21311742 515 5 2 3 3 1 3 1 0 2 1 0 0 0 0 1 1 3 1 4 5 1 0 0 2 7 2 0 4 12 0 2 1 1
21311743 582 0 1 0 2 1 0 0 0 0 0 0 0 0 1 3 12 0 1 4 7 2 3 5 3 0 1 2 0
21311744 569 7 2 2 1 2 3 1 1 1 0 2 1 0 0 0 0 3 3 1 0 3 0 0 3 4 4 1 3 5 6 12 0 3 2 1
21311745 599 10 3 2 2 2 3 1 1 1 2 3 1 0 1 1 0 0 0 0 3 4 3 2 0 0 0 6 1 12 0 4 5 1 3 2 3 3 0
21311746 569 2 3 3 1 0 1 1 0 0 0 0 0 0 2 0 2 1 0 2 0 3 0 3 12 6 3 0 3 4 4
21311747 494 7 1 1 2 2 3 2 1 1 0 1 1 0 0 0 0 3 3 1 0 2 5 1 2 3 4 6 3 0 0 12 0 0 3 3
21311748 532 8 3 3 1 2 3 1 1 2 1 0 3 1 0 0 0 0 3 2 3 0 0 1 0 2 4 3 12 0 3 4 4 0 3 3 2
21311749 599 10 3 3 1 2 3 2 2 3 1 2 1 0 1 1 0 0 0 0 2 4 4 2 3 0 0 1 4 1 0 4 6 4 2 12 7 3 1
21311750 530 3 3 3 1 1 0 1 1 0 0 0 0 1 0 2 6 12 2 2 8 7 4 0 3 2 0 0 1 0 0 0
21311751 529 5 3 1 3 1 2 1 0 3 1 0 0 0 0 2 1 2 0 3 3 12 1 5 4 7 3 3 0 5 2 2 0 0
21311752 542 4 2 1 3 3 1 0 1 1 0 0 0 0 1 1 2 0 7 5 12 0 4 3 5 2 3 0 3 1 2 0 0
21311753 540 0 1 0 2 1 0 0 0 0 0 0 0 4 6 5 8 0 2 12 3 1 0 0 3 0 0 1 0
21311754 632 2 3 2 1 0 1 1 0 0 0 0 0 1 1 0 0 0 2 1 3 6 3 0 1 3 3 2 4 5 12
21311755 520 11 1 1 2 3 3 1 3 2 2 2 1 1 0 3 1 0 0 0 0 4 4 3 12 8 3 3 5 4 3 0 1 6 0 0 2 0 0 0
21311756 566 0 3 1 7 0.33333333333333331 8 0.33333333333333331 9 0.33333333333333331 0 0 0 1 4 6 2 3 4 4 12 3 3 5 3 3 0 0 0
21311757 457 7 2 3 1 3 1 2 1 1 0 2 1 0 0 0 0 3 2 2 0 12 8 4 0 3 5 4 0 5 3 3 3 0 1 2
21311758 500 7 3 1 1 3 3 2 3 1 0 2 1 0 0 0 0 2 1 4 2 0 0 0 3 3 1 1 7 5 4 2 12 8 4 0
21311759 541 5 1 1 2 3 3 1 0 3 1 0 0 0 0 2 1 2 2 0 3 0 12 4 0 0 4 2 3 2 1 1 6 3
21311761 649 7 3 2 3 2 3 2 1 1 0 3 1 0 0 0 0 1 3 3 1 0 0 0 0 2 1 0 5 5 7 0 12 3 3 1
21311762 507 2 1 2 1 0 2 1 0 0 0 0 1 1 0 4 8 1 0 12 4 2 3 5 3 0 3 0 0 1 0
21311764 521 8 2 1 3 2 1 3 2 1 1 0 1 1 0 0 0 0 3 3 2 3 0 0 0 0 0 12 3 3 5 6 4 3 6 2 4
21311765 449 2 2 2 1 0 1 1 0 0 0 0 0 2 0 5 4 3 0 12 4 5 0 3 1 1 3 2 0 0 0
21311766 478 11 2 2 1 1 2 3 1 3 3 1 2 1 0 3 1 0 0 0 0 4 4 3 1 2 3 12 0 1 3 5 0 0 1 5 0 3 2 2
21311767 596 9 3 2 2 3 1 3 1 1 2 1 0 2 1 0 0 0 0 3 3 3 0 2 0 1 0 5 3 0 3 1 3 4 0 3 12 4
21311768 525 6 3 1 1 3 2 3 1 0 2 1 0 0 0 0 2 1 3 0 1 3 4 0 0 3 6 3 2 2 12 0 0 0 1
21311769 505 3 2 1 3 1 0 1 1 0 0 0 0 1 1 1 0 2 0 0 0 3 1 2 3 4 3 3 0 12 7 4
21311770 536 9 1 2 3 2 3 2 2 1 3 1 0 1 1 0 0 0 0 2 4 3 2 3 7 12 1 2 6 8 1 4 3 1 3 0 0 0
21311771 515 6 2 3 1 2 1 2 1 0 3 1 0 0 0 0 2 3 1 3 3 1 0 7 5 3 0 12 4 6 3 0 0 3 0
21311772 620 8 2 1 1 1 2 3 2 3 1 0 3 1 0 0 0 0 3 3 2 12 8 5 0 3 4 4 0 1 5 3 3 0 0 0 2
21311773 610 2 1 2 1 0 2 1 0 0 0 0 1 1 0 3 4 0 1 5 4 2 0 12 4 4 0 0 1 0 0
21311774 583 6 3 3 3 2 2 2 1 0 1 1 0 0 0 0 0 3 3 1 2 4 12 1 3 5 1 0 3 7 2 0 0 1 4
21311775 516 3 3 2 1 1 0 2 1 0 0 0 0 1 1 1 12 4 4 8 6 6 0 0 3 4 3 2 0 1 1 0
21311776 592 7 2 2 1 3 1 2 1 1 0 1 1 0 0 0 0 3 3 1 2 3 3 0 5 4 0 2 12 3 1 0 3 0 0 0
21311777 482 5 1 3 1 3 1 3 1 7 0.33333333333333331 8 0.33333333333333331 9 0.33333333333333331 3 0 2 0 2 0 2 4 6 2 0 2 4 12 0 1 3 3 5
21311778 613 11 3 1 1 2 1 2 3 1 3 2 2 1 0 3 1 0 0 0 0 4 4 3 3 2 1 3 0 3 3 5 0 5 1 12 0 0 0 2
21311779 539 1 1 1 0 2 1 0 0 0 0 1 0 0 0 1 5 2 1 5 6 3 2 3 6 12 0 3 0 0
21311781 603 1 2 1 0 3 1 0 0 0 0 0 1 0 12 1 3 0 3 6 5 1 2 4 3 0 1 2 0 3
21311782 580 0 1 0 3 1 0 0 0 0 0 0 0 4 4 2 0 2 3 4 0 1 3 12 0 0 4 3 1
21311783 524 3 3 3 1 1 0 2 1 0 0 0 0 1 0 2 0 12 6 2 0 4 6 1 0 1 2 0 3 3 3 0
21311784 503 0 1 0 3 1 0 0 0 0 0 0 0 0 1 12 3 0 3 5 2 2 4 4 1 0 0 3 0
21311785 572 11 3 2 1 1 2 1 3 1 2 2 3 3 1 7 0.33333333333333331 8 0.33333333333333331 9 0.33333333333333331 4 4 3 0 3 5 12 0 0 5 7 3 0 3 3 3 0 0 0
21311786 575 3 3 3 2 1 0 2 1 0 0 0 0 0 1 2 0 3 0 0 12 3 1 1 5 4 6 0 3 6 3 0
21311787 524 7 1 2 1 2 3 3 3 1 0 1 1 0 0 0 0 2 2 3 3 0 0 0 0 2 7 3 1 2 6 4 3 5 7 12
21311788 654 9 2 3 3 3 1 3 2 1 1 1 0 2 1 0 0 0 0 3 2 4 1 0 3 0 2 3 5 12 0 1 4 5 0 2 3 4
21311789 577 9 2 1 3 2 2 2 3 3 1 1 0 3 1 0 0 0 0 2 4 3 5 4 12 1 3 4 3 7 1 4 2 0 1 3 0 0
21311790 542 8 3 1 1 2 1 3 3 2 1 0 1 1 0 0 0 0 3 2 3 0 2 0 0 2 0 0 3 3 5 4 3 0 4 5 12
21311791 529 4 1 3 1 2 1 0 1 1 0 0 0 0 2 1 1 0 0 2 0 3 2 1 3 0 4 0 2 4 6 12 3
21311792 583 2 3 2 1 0 1 1 0 0 0 0 0 1 1 1 8 0 3 5 3 4 0 7 4 3 0 12 6 2 0
21311793 567 1 3 1 0 2 1 0 0 0 0 0 0 1 0 4 7 12 1 7 4 4 2 3 1 3 0 0 0 3
21311794 502 0 1 0 1 1 0 0 0 0 0 0 0 3 3 3 1 2 4 5 3 0 2 3 12 0 0 3 0
21311795 623 8 3 1 3 2 2 1 1 3 1 0 2 1 0 0 0 0 3 2 3 0 0 2 3 3 4 2 0 12 3 7 1 1 4 3 0
21311796 527 0 1 0 2 1 0 0 0 0 0 0 0 3 0 0 0 1 0 3 0 2 4 1 2 6 12 3 1
21311797 564 1 2 1 0 1 1 0 0 0 0 0 1 0 12 5 5 3 3 3 0 1 4 0 0 2 0 0 0 3
21311798 558 10 2 3 1 3 2 1 1 3 2 1 1 0 3 1 0 0 0 0 4 3 3 2 0 1 0 2 3 5 0 3 5 1 2 12 3 3 0
21311799 562 1 2 1 0 3 1 0 0 0 0 0 1 0 7 6 0 0 12 0 0 1 8 7 0 0 5 3 3 0
21311800 569 9 3 3 3 2 1 1 2 2 1 1 0 3 1 0 0 0 0 3 3 3 1 0 4 12 0 1 7 4 0 2 3 3 0 2 2 1
21311801 544 5 2 2 1 1 3 1 0 3 1 0 0 0 0 2 2 1 3 0 5 0 1 3 4 4 2 5 6 12 2 1 3 3
21311802 484 1 3 1 0 2 1 0 0 0 0 0 0 1 12 1 2 0 3 6 3 0 3 1 3 1 0 0 2 0
21311803 569 10 2 3 3 1 2 1 2 2 1 1 1 0 3 1 0 0 0 0 4 4 2 5 3 4 1 3 7 5 2 12 3 0 0 3 2 1 3
21311804 517 3 2 3 1 1 0 3 1 0 0 0 0 1 1 1 2 5 3 6 1 5 12 0 1 4 4 0 2 0 0 0
21311806 501 9 1 3 1 3 3 1 3 2 2 1 0 1 1 0 0 0 0 3 2 4 0 2 0 0 12 4 5 0 5 4 6 0 3 2 1 2
21311807 518 10 1 1 1 2 2 2 3 3 3 2 1 0 1 1 0 0 0 0 3 4 3 12 7 3 3 4 4 1 0 4 2 3 0 3 0 0 0
21311808 610 1 1 1 0 3 1 0 0 0 0 1 0 0 12 4 2 0 6 7 5 0 5 5 2 1 0 2 0 1
21311809 556 0 1 0 1 1 0 0 0 0 0 0 0 0 0 2 4 0 0 5 12 6 4 2 3 3 0 1 4
21311811 515 6 2 1 2 1 2 3 1 0 3 1 0 0 0 0 2 3 1 3 0 0 2 1 3 0 0 4 7 1 0 12 5 4 0
21311812 518 1 2 1 0 1 1 0 0 0 0 0 1 0 4 7 1 3 4 6 5 3 12 4 0 0 4 2 0 0
21311813 616 3 3 1 1 1 0 3 1 0 0 0 0 2 0 1 2 0 0 0 4 5 2 3 3 2 7 1 3 12 0 0
21311814 513 9 1 3 3 1 2 3 3 1 2 1 0 2 1 0 0 0 0 3 2 4 0 1 2 0 0 3 2 4 4 5 3 3 1 6 8 12
21311815 528 1 1 1 0 3 1 0 0 0 0 1 0 0 12 4 2 0 6 4 5 1 5 5 2 0 3 1 3 2
21311816 578 1 3 1 0 2 1 0 0 0 0 0 0 1 0 0 1 0 4 3 0 0 4 5 7 0 12 4 4 3
21311817 597 4 3 1 1 2 1 0 2 1 0 0 0 0 2 1 1 0 4 3 12 3 7 5 4 0 0 3 3 2 0 1 0
21311818 562 2 1 2 1 0 3 1 0 0 0 0 1 1 0 4 1 2 2 7 4 3 4 12 4 1 0 2 0 1 0
21311819 571 5 1 3 3 2 3 1 0 2 1 0 0 0 0 1 1 3 0 1 0 2 5 4 4 0 6 5 2 3 12 1 4 1
21311820 560 5 2 1 1 3 1 1 0 1 1 0 0 0 0 3 1 1 0 0 0 3 2 0 4 12 0 3 4 6 0 2 2 3
21311821 541 11 2 2 1 2 3 1 1 1 3 3 3 1 0 2 1 0 0 0 0 4 3 4 5 12 4 0 5 3 3 3 2 6 0 0 0 1 0 0
21311822 570 1 3 1 0 2 1 0 0 0 0 0 0 1 0 3 2 3 0 1 5 5 3 0 4 12 1 0 0 0
21311823 574 0 1 0 3 1 0 0 0 0 0 0 0 3 12 4 1 5 5 6 3 3 0 4 0 2 0 0 3
21311824 545 10 3 1 2 3 3 1 2 3 2 1 1 0 1 1 0 0 0 0 3 3 4 12 2 2 0 8 3 2 2 7 3 1 3 1 5 1 0
21311825 456 9 3 1 2 2 2 1 2 3 3 1 0 1 1 0 0 0 0 2 4 3 1 0 0 3 0 2 1 2 0 1 4 12 0 4 4 5
21311826 474 8 1 2 3 1 1 2 3 3 1 0 2 1 0 0 0 0 3 2 3 4 3 12 0 3 4 6 1 2 5 0 2 0 0 1 0
21311827 495 8 2 2 3 2 1 1 1 3 1 0 2 1 0 0 0 0 3 3 2 1 0 0 0 0 3 1 4 3 2 4 8 3 4 4 12
21311828 554 2 3 1 1 0 2 1 0 0 0 0 1 0 1 0 0 3 1 0 4 5 2 1 2 3 3 0 12 3 5
21311829 523 7 2 3 2 2 1 1 3 1 0 3 1 0 0 0 0 2 3 2 1 5 3 12 3 5 5 6 0 3 7 1 0 0 0 2
21311830 590 0 1 0 2 1 0 0 0 0 0 0 0 1 0 2 2 3 4 1 1 6 5 2 3 12 1 0 0
21311831 494 10 3 1 2 1 3 2 3 1 2 1 1 0 2 1 0 0 0 0 4 3 3 0 0 0 3 1 3 0 2 2 4 3 1 0 4 6 12
21311832 467 1 3 1 0 1 1 0 0 0 0 0 0 1 0 3 3 0 12 7 5 2 6 3 3 0 1 1 2 2
21311833 522 8 3 3 1 2 2 2 1 1 1 0 3 1 0 0 0 0 3 3 2 3 0 0 0 5 7 3 0 2 7 12 7 0 1 3 0
21311834 540 8 3 2 3 2 1 2 1 3 1 0 1 1 0 0 0 0 2 3 3 12 6 3 3 1 6 4 1 2 0 5 0 0 2 0 0
21311835 601 8 3 2 3 2 1 1 2 1 1 0 2 1 0 0 0 0 3 3 2 12 3 3 4 3 5 4 0 0 3 1 0 3 2 1 0
21311836 485 8 3 2 3 1 1 1 3 2 1 0 2 1 0 0 0 0 3 2 3 3 1 7 4 12 5 3 4 2 6 2 0 1 0 0 0
21311838 519 9 2 1 3 2 1 2 1 3 2 1 0 1 1 0 0 0 0 3 4 2 0 1 2 0 4 6 2 3 0 1 12 4 3 3 3 0
21311840 555 2 3 3 3 1 5 0.33333333333333331 6 0.33333333333333331 7 0.33333333333333331 0 0 2 0 7 4 0 7 3 2 0 1 3 12 1 0 2 0 0
21311841 563 8 3 1 3 1 1 3 2 3 1 0 2 1 0 0 0 0 3 1 4 0 2 0 0 3 1 3 1 2 3 2 6 0 0 5 12
21311842 561 6 1 1 1 2 2 3 1 0 3 1 0 0 0 0 3 2 1 0 2 3 0 12 5 1 3 5 4 4 0 7 2 0 0
21311843 503 3 3 3 1 1 0 1 1 0 0 0 0 1 0 2 7 12 1 0 5 4 2 2 0 2 2 0 0 0 1 0
21311844 521 8 2 3 2 1 1 1 3 2 1 0 3 1 0 0 0 0 3 3 2 0 1 7 3 3 1 5 6 0 0 3 12 0 2 3 2
21311845 570 9 1 2 3 3 3 1 1 3 2 1 0 2 1 0 0 0 0 3 2 4 1 1 0 0 12 6 3 0 3 5 3 2 1 2 3 2
21311846 568 1 2 1 0 2 1 0 0 0 0 0 1 0 2 3 0 0 4 1 1 0 7 5 4 1 12 4 3 3
21311847 547 8 1 2 1 3 1 3 2 1 1 0 3 1 0 0 0 0 4 2 2 0 2 0 1 3 2 1 12 0 4 4 7 2 2 5 6
21311848 531 4 2 3 1 3 1 0 3 1 0 0 0 0 1 1 2 1 12 6 5 3 7 3 3 4 3 5 3 0 2 0 0
21311849 592 4 3 2 2 3 1 0 2 1 0 0 0 0 0 2 2 0 6 6 1 0 3 3 12 3 6 0 4 0 1 1 0
21311851 569 8 3 3 1 2 2 2 1 3 1 0 3 1 0 0 0 0 2 3 3 2 12 3 1 4 4 5 0 0 2 1 0 0 1 4 0
21311852 602 0 1 0 3 1 0 0 0 0 0 0 0 3 4 6 12 2 4 5 8 0 0 1 4 0 0 5 3
21311853 584 4 1 3 3 1 1 0 2 1 0 0 0 0 2 0 2 0 2 0 1 2 4 3 5 0 1 2 12 3 3 1 2
21311854 577 0 1 0 1 1 0 0 0 0 0 0 0 0 4 3 2 0 5 4 12 2 1 2 4 0 0 0 1
21311855 582 5 1 2 2 1 2 1 0 3 1 0 0 0 0 2 3 0 0 3 0 0 4 3 1 0 5 3 7 0 12 3 3 3
21311856 424 0 3 1 5 0.33333333333333331 6 0.33333333333333331 7 0.33333333333333331 0 0 0 1 0 3 0 3 3 6 7 3 5 7 0 2 3 4 12
21311857 598 5 1 1 1 1 3 1 0 3 1 0 0 0 0 4 0 1 2 4 4 12 0 2 5 6 0 2 7 1 0 2 3 2
21311858 509 9 2 1 3 3 1 3 1 1 2 1 0 2 1 0 0 0 0 4 2 3 3 12 4 2 1 3 5 3 3 3 2 0 0 0 0 3
21311859 560 9 3 1 1 1 3 2 3 2 2 1 0 3 1 0 0 0 0 3 3 3 2 0 5 3 0 1 3 5 0 0 12 7 0 3 5 3
21311860 607 0 1 0 1 1 0 0 0 0 0 0 0 0 0 3 3 0 0 5 3 0 3 4 12 3 2 3 3
21311861 544 3 3 1 3 1 0 1 1 0 0 0 0 1 0 2 2 0 0 0 3 2 3 2 5 5 3 1 12 3 3 0
21311862 587 11 1 2 1 2 2 3 1 1 2 3 3 1 0 3 1 0 0 0 0 4 4 3 1 2 4 12 0 3 3 5 0 3 3 5 0 0 2 1
21311863 556 10 2 2 1 3 1 3 1 3 3 2 1 0 2 1 0 0 0 0 3 3 4 0 0 0 2 0 3 6 1 1 0 4 3 0 3 4 12
21311864 555 1 2 1 0 1 1 0 0 0 0 0 1 0 3 0 0 0 5 4 0 0 6 7 1 0 12 9 3 2
21311865 523 5 2 2 1 2 3 1 0 3 1 0 0 0 0 1 3 1 0 1 0 0 0 3 2 1 0 1 6 6 1 2 5 12
21311866 553 1 2 1 0 1 1 0 0 0 0 0 1 0 0 3 1 12 1 6 5 5 2 3 7 2 0 3 4 0
21311867 604 3 2 3 3 1 0 1 1 0 0 0 0 0 1 2 0 1 7 4 3 2 5 12 0 4 3 2 1 3 4 6
21311868 625 1 1 1 0 3 1 0 0 0 0 1 0 0 1 5 12 1 5 4 3 3 0 0 2 5 0 2 0 2
21311869 526 9 2 1 3 3 2 1 2 1 2 1 0 3 1 0 0 0 0 3 4 2 12 8 6 1 1 7 5 0 0 4 2 1 0 0 2 3
21311870 634 10 3 3 2 2 1 2 2 1 1 3 1 0 1 1 0 0 0 0 3 4 3 0 0 3 0 0 2 1 0 12 5 4 1 4 4 2 0
21311871 534 9 1 3 1 3 1 3 2 2 2 1 0 3 1 0 0 0 0 3 3 3 3 4 3 12 2 6 5 3 0 3 4 3 0 1 3 0
21311872 548 3 3 3 2 1 0 1 1 0 0 0 0 0 1 2 3 12 5 4 0 1 5 3 0 2 3 1 0 2 0 0
21311873 547 9 1 3 1 1 1 2 3 2 3 1 0 2 1 0 0 0 0 4 2 3 3 0 0 2 3 4 0 0 6 6 1 0 2 12 4 0
21311874 560 5 3 2 2 2 2 1 0 1 1 0 0 0 0 0 4 1 12 4 3 0 4 3 4 0 3 1 3 1 0 1 3 0
21311875 586 9 3 3 2 1 3 2 2 2 1 1 0 3 1 0 0 0 0 2 4 3 12 3 2 0 1 6 3 1 3 3 4 1 1 0 2 0
21311876 571 7 3 1 2 2 3 2 3 1 0 1 1 0 0 0 0 1 3 3 1 3 0 0 2 4 4 3 0 7 4 12 0 1 0 3
21311877 544 0 1 0 3 1 0 0 0 0 0 0 0 2 1 3 2 0 0 0 12 0 0 4 6 0 1 0 4
21311878 556 7 3 2 1 1 3 2 1 1 0 1 1 0 0 0 0 3 2 2 0 3 0 2 3 2 1 3 0 4 3 4 2 3 8 12
21311879 535 7 3 2 3 2 2 2 1 1 0 3 1 0 0 0 0 1 4 2 1 0 1 0 7 0 3 3 6 6 4 3 4 12 5 1
21311880 575 5 1 1 2 2 3 1 0 1 1 0 0 0 0 2 2 1 1 2 2 0 0 3 3 0 5 5 7 0 12 8 5 3
21311881 536 10 1 3 3 2 1 2 3 2 2 1 1 0 3 1 0 0 0 0 3 4 3 0 1 0 1 4 2 0 0 6 5 6 0 12 6 3 0
21311882 525 4 1 2 3 1 1 0 3 1 0 0 0 0 2 1 1 12 3 1 3 3 6 2 0 3 5 3 0 4 2 0 0
21311883 551 3 1 1 2 1 0 3 1 0 0 0 0 2 1 0 3 0 0 0 12 3 2 0 5 4 0 1 2 4 0 0
21311884 528 1 3 1 0 3 1 0 0 0 0 0 0 1 7 3 7 3 0 2 7 3 1 12 3 2 1 0 0 0
21311885 510 9 1 3 2 1 1 2 3 3 2 1 0 1 1 0 0 0 0 3 3 3 0 12 2 4 0 5 7 4 0 0 5 3 2 0 1 3
21311886 532 11 3 1 2 1 1 2 3 3 2 1 3 1 0 2 1 0 0 0 0 4 3 4 3 0 0 0 3 0 0 1 4 6 4 0 3 12 6 2
21311887 610 2 3 1 1 0 2 1 0 0 0 0 1 0 1 0 2 0 0 3 1 5 1 0 4 4 5 2 3 4 12
21311888 599 11 2 1 3 1 3 3 1 2 1 2 3 1 0 2 1 0 0 0 0 4 3 4 3 12 5 2 0 0 1 3 2 0 1 3 0 0 1 2
21311889 509 3 2 1 2 1 0 3 1 0 0 0 0 1 2 0 12 3 3 0 4 8 4 0 3 3 0 1 2 1 0 0
21311890 509 10 2 2 3 1 2 1 3 1 3 1 1 0 3 1 0 0 0 0 4 3 3 2 0 0 0 5 1 3 0 4 3 1 3 12 3 2 2
21311891 558 0 1 0 2 1 0 0 0 0 0 0 0 12 7 4 3 5 4 6 0 3 4 3 0 0 1 0 0
21311892 587 10 2 2 3 1 3 2 2 3 1 3 1 0 1 1 0 0 0 0 2 4 4 0 0 3 4 0 5 6 3 1 5 2 7 0 3 1 12
21311893 544 0 3 1 5 0.33333333333333331 6 0.33333333333333331 7 0.33333333333333331 0 0 0 0 0 0 1 0 0 2 4 2 3 7 3 1 4 6 12
21311894 605 8 2 3 1 2 1 3 2 2 1 0 3 1 0 0 0 0 2 4 2 0 4 3 0 3 5 3 0 1 5 1 0 3 2 12 1
21311895 524 1 3 1 0 2 1 0 0 0 0 0 0 1 0 3 1 12 0 4 4 3 3 1 5 1 2 2 3 0
21311896 506 1 2 1 0 3 1 0 0 0 0 0 1 0 3 0 1 2 3 3 1 0 12 7 3 0 1 5 6 2
21311897 544 10 2 3 3 3 1 1 2 2 1 1 1 0 3 1 0 0 0 0 4 3 3 0 0 1 0 3 12 2 0 1 5 5 2 2 2 1 0
21311898 500 7 1 3 3 2 1 2 1 1 0 3 1 0 0 0 0 3 2 2 0 0 2 0 12 4 1 2 5 3 3 0 3 4 0 0
21311899 484 11 2 2 2 1 3 3 3 1 3 1 1 1 0 2 1 0 0 0 0 4 3 4 2 4 3 12 1 6 4 3 0 0 0 1 0 0 0 2
21311901 509 7 2 3 2 2 3 3 3 1 0 2 1 0 0 0 0 0 3 4 1 5 3 1 12 4 3 1 1 2 0 0 1 3 0 0
21311902 531 7 2 3 3 2 1 3 2 1 0 3 1 0 0 0 0 1 3 3 12 3 1 3 4 3 3 0 5 2 1 0 1 0 4 0
21311903 584 3 1 2 2 1 0 3 1 0 0 0 0 1 2 0 0 3 2 12 2 6 7 1 0 4 3 5 1 0 3 1
21311904 554 11 3 1 2 1 3 2 2 3 2 1 3 1 0 1 1 0 0 0 0 3 4 4 0 0 0 1 3 6 2 3 0 4 4 6 0 1 2 12
21311905 499 9 1 3 2 1 2 1 2 2 3 1 0 3 1 0 0 0 0 3 4 2 5 3 4 1 3 4 7 4 3 5 12 0 1 2 0 3
21311906 499 7 3 2 3 1 3 2 1 1 0 1 1 0 0 0 0 2 2 3 1 0 0 0 12 2 4 3 3 7 3 2 4 6 4 0
21311907 524 6 2 2 3 3 2 1 1 0 2 1 0 0 0 0 1 3 2 12 3 1 0 4 4 5 0 1 5 4 1 3 0 0 0
21311908 517 2 1 1 1 0 2 1 0 0 0 0 2 0 0 7 3 12 0 2 6 3 0 4 4 3 6 3 0 0 0
21311909 609 11 3 2 2 1 3 1 3 2 1 2 3 1 0 1 1 0 0 0 0 3 4 4 3 0 0 0 4 0 0 0 4 6 3 1 12 8 3 2
21311910 545 11 1 3 1 2 3 1 2 3 3 1 2 1 0 2 1 0 0 0 0 4 3 4 4 5 3 6 4 3 12 0 0 5 3 4 1 2 0 0
21311911 477 5 2 1 2 3 3 1 0 1 1 0 0 0 0 1 2 2 0 12 7 2 2 1 5 3 0 1 0 3 0 0 0 4
21311912 501 6 3 1 3 1 3 1 1 0 2 1 0 0 0 0 3 0 3 0 2 0 1 2 3 3 1 12 4 4 0 2 3 2 3
21311913 580 2 3 2 1 0 1 1 0 0 0 0 0 1 1 12 4 6 4 4 3 3 1 1 6 4 2 2 0 0 0
21311914 576 6 3 1 1 1 2 3 1 0 2 1 0 0 0 0 3 1 2 12 5 4 0 3 5 4 1 4 6 3 2 4 0 2 0
21311915 561 7 2 2 3 1 2 1 1 1 0 3 1 0 0 0 0 3 3 1 0 3 0 0 1 2 3 3 0 0 5 4 0 4 12 3
21311916 593 10 1 2 2 2 3 3 3 1 1 2 1 0 1 1 0 0 0 0 3 4 3 0 3 0 2 3 1 0 3 3 5 2 3 0 12 5 1
21311917 634 0 1 0 2 1 0 0 0 0 0 0 0 12 4 4 0 5 5 5 2 0 3 3 0 0 1 0 1
21311918 551 7 2 3 1 3 3 1 1 1 0 2 1 0 0 0 0 3 1 3 12 3 4 3 3 6 2 0 2 6 0 0 1 0 0 0
21311919 616 4 1 2 2 3 1 0 1 1 0 0 0 0 1 2 1 3 0 2 0 4 0 1 3 4 3 4 0 3 5 12 0
21311920 546 4 1 1 1 1 1 0 3 1 0 0 0 0 4 0 0 0 2 3 12 2 5 4 3 2 2 6 3 0 0 3 3
21311921 493 4 1 1 3 2 1 0 2 1 0 0 0 0 2 1 1 0 3 0 0 0 2 3 1 1 4 6 4 3 2 7 12
21311922 548 2 3 3 1 0 3 1 0 0 0 0 0 0 2 0 12 2 2 5 4 5 1 0 3 6 1 3 1 2 0
21311923 532 6 2 2 3 2 3 1 1 0 3 1 0 0 0 0 1 3 2 12 4 3 3 1 5 3 2 1 6 0 0 1 0 0 0
21311924 565 2 2 3 1 0 2 1 0 0 0 0 0 1 1 0 1 0 0 4 3 0 0 4 5 3 0 1 1 12 2
21311925 516 6 2 3 1 1 1 3 1 0 2 1 0 0 0 0 3 1 2 0 0 3 3 0 1 3 3 0 3 6 8 2 2 3 12
21311926 484 10 2 2 3 1 3 1 1 3 1 3 1 0 2 1 0 0 0 0 4 2 4 0 0 0 2 1 3 3 12 0 2 3 7 0 3 3 5
21311927 512 9 3 1 2 1 2 3 3 3 1 1 0 2 1 0 0 0 0 3 2 4 2 2 12 2 1 4 1 3 6 8 4 4 0 5 1 3
21311928 532 11 1 2 1 3 2 2 1 3 3 2 3 1 0 1 1 0 0 0 0 3 4 4 0 0 4 6 0 3 5 3 0 12 5 3 7 0 1 2
21311929 488 10 1 1 1 3 2 2 3 2 1 3 1 0 2 1 0 0 0 0 4 3 3 0 8 0 0 5 4 12 3 3 3 5 0 4 4 4 0
21311930 609 10 1 3 3 1 3 1 3 2 1 2 1 0 2 1 0 0 0 0 4 2 4 0 2 3 3 3 1 7 4 0 3 4 8 2 5 3 12
21311931 559 4 3 3 3 1 1 0 3 1 0 0 0 0 1 0 3 0 1 0 2 0 4 0 2 3 1 3 6 2 4 3 12
21311932 553 5 3 1 2 2 3 1 0 1 1 0 0 0 0 1 2 2 0 0 1 0 4 1 3 2 4 4 12 0 2 5 3 0
21311933 596 5 2 2 2 3 3 1 0 3 1 0 0 0 0 0 3 2 0 0 3 2 5 4 1 1 0 3 4 1 1 3 4 12
21311934 510 3 1 2 1 1 0 1 1 0 0 0 0 2 1 0 0 2 0 0 1 6 4 3 7 4 2 3 4 2 12 0
21311935 505 3 2 3 3 1 0 2 1 0 0 0 0 0 1 2 0 1 0 0 3 6 1 2 5 3 4 3 3 12 3 1
21311936 549 4 1 2 3 1 1 0 3 1 0 0 0 0 2 1 1 0 4 7 12 0 1 5 3 0 3 0 2 2 3 0 0
21311937 538 11 1 2 1 2 2 3 3 1 3 3 1 1 0 2 1 0 0 0 0 4 3 4 0 4 0 0 3 6 4 8 0 6 4 1 3 12 3 2
21311938 620 3 3 2 3 1 0 3 1 0 0 0 0 0 1 2 0 0 0 1 1 2 0 6 0 3 4 6 0 12 5 5
21311939 532 1 3 1 0 1 1 0 0 0 0 0 0 1 0 3 2 12 0 4 7 1 0 1 0 2 2 3 0 0
21311941 555 0 1 0 1 1 0 0 0 0 0 0 0 0 0 2 0 6 5 4 3 0 7 5 1 0 12 2 3
21311942 561 3 3 2 3 1 0 2 1 0 0 0 0 0 1 2 8 7 12 0 1 4 3 3 1 4 5 1 2 3 0 0
21311943 520 11 3 3 3 2 3 1 2 1 2 2 1 1 0 1 1 0 0 0 0 3 4 4 0 3 1 2 0 2 3 0 1 6 3 7 5 3 12 0
21311944 557 7 3 1 2 2 2 1 1 1 0 2 1 0 0 0 0 3 3 1 0 1 0 0 2 0 3 4 3 3 12 1 7 5 4 3
21311945 556 6 3 1 3 2 3 1 1 0 3 1 0 0 0 0 2 1 3 0 12 7 2 2 1 4 4 0 3 5 3 0 0 1 2
21311946 582 6 3 3 2 1 1 1 1 0 3 1 0 0 0 0 3 1 2 0 2 2 0 1 6 3 12 2 4 5 4 0 4 3 3
21311947 533 8 2 3 3 1 2 3 1 2 1 0 3 1 0 0 0 0 2 3 3 0 0 2 0 1 3 3 5 1 5 5 2 0 12 3 1
21311948 524 6 1 3 3 2 1 2 1 0 1 1 0 0 0 0 2 2 2 12 6 2 1 7 6 3 0 4 3 4 0 0 0 2 0
21311949 562 2 3 3 1 0 2 1 0 0 0 0 0 0 2 3 4 4 12 2 5 4 1 0 1 0 1 2 0 0 0
21311950 565 9 3 3 2 2 1 1 1 2 2 1 0 3 1 0 0 0 0 3 4 2 0 1 0 0 0 3 2 5 1 3 6 5 3 3 4 12
21311951 574 3 3 2 2 1 0 3 1 0 0 0 0 0 2 1 4 12 2 1 1 6 5 1 2 5 0 0 1 0 0 0
21311953 505 3 1 3 1 1 0 2 1 0 0 0 0 2 0 1 0 3 0 0 0 4 0 2 12 6 4 0 4 3 3 0
21311954 438 5 3 3 2 2 2 1 0 3 1 0 0 0 0 0 3 2 0 4 4 6 0 3 12 1 1 3 0 0 0 0 1 0
21311955 500 10 2 1 2 2 1 1 2 3 3 3 1 0 1 1 0 0 0 0 3 4 3 1 12 4 3 3 3 3 7 1 2 6 2 3 3 3 0
21311956 530 11 3 3 1 1 2 2 1 1 3 2 2 1 0 3 1 0 0 0 0 4 4 3 0 0 3 1 2 2 7 0 0 1 6 12 0 4 3 4
21311957 615 8 2 2 1 3 2 1 1 3 3 1 6 0.33333333333333331 7 0.33333333333333331 8 0.33333333333333331 3 3 2 12 2 1 0 1 6 0 0 3 6 4 3 0 2 0 3
21311958 634 10 1 2 2 3 1 2 1 2 3 1 1 0 3 1 0 0 0 0 4 4 2 1 1 0 0 0 4 2 3 6 5 2 0 12 5 4 0
21311960 515 8 3 2 2 2 3 3 3 1 1 0 1 1 0 0 0 0 1 3 4 1 12 2 0 3 6 4 2 8 4 1 0 3 1 3 0
21311961 604 10 1 3 3 1 3 1 1 2 3 2 1 0 2 1 0 0 0 0 4 2 4 2 2 0 0 4 1 5 3 0 4 12 2 0 3 1 0
21311962 517 0 1 0 1 1 0 0 0 0 0 0 0 0 2 3 0 3 1 5 2 3 4 7 3 3 1 2 12
21311963 479 11 2 3 1 2 1 3 2 3 3 2 1 1 0 1 1 0 0 0 0 3 4 4 12 4 2 1 5 4 7 2 1 3 0 0 3 0 0 0
21311964 548 8 2 2 3 1 3 1 3 1 1 0 1 1 0 0 0 0 3 2 3 0 2 0 0 4 0 3 0 12 5 3 0 3 8 5 2
21311965 585 6 3 2 1 3 1 1 1 0 2 1 0 0 0 0 3 1 2 2 5 0 0 1 3 2 3 12 0 0 0 8 4 5 4
21311966 614 0 1 0 3 1 0 0 0 0 0 0 0 12 1 2 0 8 5 4 0 2 6 0 1 0 1 2 0
21311967 515 5 1 2 1 3 3 1 0 2 1 0 0 0 0 2 1 2 0 0 0 1 0 3 2 4 0 3 3 12 3 0 4 3
21311968 642 5 2 1 3 3 2 1 0 1 1 0 0 0 0 1 2 2 0 4 2 12 2 1 5 3 0 0 5 1 0 3 0 8
21311969 545 10 2 1 3 2 1 3 3 1 1 2 1 0 3 1 0 0 0 0 4 3 3 2 0 3 0 0 4 3 0 1 6 4 7 0 12 3 2
21311970 628 6 1 2 2 3 3 3 1 0 1 1 0 0 0 0 1 2 3 2 3 4 3 1 2 5 5 0 12 3 6 0 1 0 0
21311971 563 1 3 1 0 3 1 0 0 0 0 0 0 1 12 5 4 0 5 4 0 0 5 0 2 1 1 0 2 0
21311972 598 10 2 3 1 3 2 3 1 2 2 1 3 1 6 0.33333333333333331 7 0.33333333333333331 8 0.33333333333333331 3 4 3 1 1 0 0 5 2 3 0 5 6 3 3 12 8 3 0
21311973 508 2 2 3 1 0 1 1 0 0 0 0 0 1 1 0 2 0 0 2 12 1 3 1 3 5 3 0 3 4 4
21311974 575 2 2 3 1 0 3 1 0 0 0 0 0 1 1 0 0 3 2 0 0 1 4 0 1 4 5 3 3 3 12
21311975 577 1 1 1 0 2 1 0 0 0 0 1 0 0 3 6 12 0 3 5 1 0 3 5 1 0 0 2 0 2
21311976 488 6 3 2 3 1 1 3 1 0 2 1 0 0 0 0 2 1 3 2 1 0 2 1 3 0 0 4 3 4 0 12 5 3 0
21311977 549 3 1 1 1 1 0 3 1 0 0 0 0 3 0 0 0 2 2 0 0 3 5 1 0 2 1 2 2 3 12 4
21311978 592 9 1 3 2 2 3 1 1 3 2 1 0 1 1 0 0 0 0 3 3 3 0 0 2 0 4 1 4 0 5 4 3 3 2 12 0 0
21311979 516 9 1 3 2 2 3 2 1 3 2 1 0 1 1 0 0 0 0 2 4 3 1 6 7 12 3 7 3 3 0 4 7 0 0 3 2 1
21311980 498 9 3 2 3 1 1 2 2 2 3 1 0 1 1 0 0 0 0 2 4 3 7 0 1 0 0 2 3 3 3 6 5 3 0 12 4 1
21311981 500 6 3 2 2 2 3 2 1 0 3 1 0 0 0 0 0 4 2 1 5 4 0 5 6 0 0 12 5 3 1 0 1 0 1
21311983 568 6 2 2 3 1 3 3 1 0 1 1 0 0 0 0 1 2 3 0 3 4 1 0 2 12 3 2 3 1 3 1 0 2 0
21311984 538 4 1 2 1 3 1 0 3 1 0 0 0 0 2 1 1 0 1 0 0 0 3 2 3 2 6 5 4 3 3 3 12
21311985 604 0 1 0 1 1 0 0 0 0 0 0 0 5 1 2 0 5 4 0 0 7 6 3 0 12 3 0 2
21311986 567 0 1 0 3 1 0 0 0 0 0 0 0 0 0 4 12 1 3 6 8 2 6 1 6 0 0 0 2
21311988 552 6 1 2 1 3 3 3 1 0 1 1 0 0 0 0 2 1 3 0 0 3 0 0 12 5 3 0 5 3 3 2 3 2 3
21311989 577 3 2 1 2 1 0 3 1 0 0 0 0 1 2 0 1 5 12 0 2 4 6 4 3 2 0 1 8 1 0 0
21311990 521 9 1 1 2 1 3 2 2 3 1 1 0 3 1 0 0 0 0 4 3 2 3 0 0 2 5 4 5 0 3 2 6 7 4 12 1 0
21311991 580 5 3 3 2 3 1 1 0 2 1 0 0 0 0 1 1 3 1 0 0 0 1 2 0 0 3 2 4 0 4 6 12 1
21311992 554 10 3 1 1 1 3 1 2 2 2 3 1 0 3 1 0 0 0 0 4 3 3 2 4 1 2 6 4 5 0 12 3 3 0 3 0 0 0
21311993 459 8 1 2 3 1 3 1 1 3 1 0 2 1 0 0 0 0 4 1 3 0 3 7 3 0 1 3 12 3 2 3 4 3 2 0 2
21311994 609 7 2 1 1 3 2 2 1 1 0 3 1 0 0 0 0 3 3 1 2 3 2 12 0 4 6 5 1 1 4 3 0 3 0 0
21311995 544 6 1 1 2 3 2 2 1 0 1 1 0 0 0 0 2 3 1 2 3 0 0 3 4 0 3 3 4 4 0 1 3 12 0
21311996 550 9 1 2 3 3 2 3 2 1 1 3 1 7 0.33333333333333331 8 0.33333333333333331 9 0.33333333333333331 3 3 3 3 3 4 12 0 0 6 8 0 4 1 3 0 0 0 2
21311997 528 3 2 1 1 1 0 3 1 0 0 0 0 2 1 0 6 12 3 0 5 5 5 2 2 3 1 4 1 3 2 0
21311998 562 6 1 3 2 1 3 1 1 0 2 1 0 0 0 0 3 1 2 4 6 12 2 3 5 5 0 0 3 1 0 2 6 0 0
21311999 515 0 1 0 2 1 0 0 0 0 0 0 0 3 0 0 0 1 4 12 0 5 3 2 1 3 3 4 0
21312000 520 2 1 2 1 0 2 1 0 0 0 0 1 1 0 0 0 0 3 1 2 12 4 4 3 3 0 4 6 1 0
21312001 518 5 2 1 3 2 3 1 0 3 1 0 0 0 0 1 2 2 0 3 3 4 2 4 3 7 1 6 3 12 0 1 0 0
21312002 516 0 1 0 2 1 0 0 0 0 0 0 0 12 6 3 0 6 7 3 1 4 3 3 0 0 1 0 2
21312003 595 2 2 1 1 0 2 1 0 0 0 0 1 1 0 0 3 3 0 12 4 0 0 6 3 5 0 1 4 3 6
21312004 531 0 1 0 3 1 0 0 0 0 0 0 0 0 2 7 1 0 4 2 4 6 8 6 3 3 3 12 1
21312005 624 9 3 1 1 1 2 1 3 3 3 1 0 2 1 0 0 0 0 4 1 4 2 0 2 2 4 1 0 0 6 7 1 0 12 4 2 0
21312006 599 1 2 1 0 2 1 0 0 0 0 0 1 0 0 2 0 1 1 6 1 0 4 4 5 12 0 3 3 3
21312007 540 4 1 2 1 2 1 0 1 1 0 0 0 0 2 2 0 0 3 0 0 2 4 0 0 1 4 6 3 0 12 4 2
21312008 547 9 1 1 2 3 2 2 3 3 1 1 0 2 1 0 0 0 0 3 3 3 1 3 3 12 0 4 4 3 0 0 5 3 0 0 7 3
21312009 509 1 3 1 0 1 1 0 0 0 0 0 0 1 0 3 2 1 2 12 6 3 0 0 1 5 0 0 2 0
21312010 580 6 2 2 2 3 1 1 1 0 1 1 0 0 0 0 2 3 1 0 0 0 3 4 3 3 1 5 5 0 0 12 4 4 2
21312011 539 3 3 3 3 1 0 2 1 0 0 0 0 0 0 3 1 0 0 0 4 6 2 0 4 3 3 1 3 4 12 0
21312012 497 0 1 0 3 1 0 0 0 0 0 0 0 1 3 0 0 1 6 0 2 0 2 4 3 0 3 4 12
21312013 533 10 3 2 2 1 3 1 3 2 1 3 1 0 2 1 0 0 0 0 3 3 4 0 2 3 1 0 2 6 4 0 3 5 4 1 12 5 1
21312014 551 0 1 0 1 1 0 0 0 0 0 0 0 6 2 0 0 3 6 5 4 7 3 4 1 12 3 3 2
21312015 485 8 2 1 3 3 2 2 1 1 1 0 3 1 0 0 0 0 3 3 2 0 1 0 12 3 4 2 4 0 3 5 1 2 5 4 4
21312016 574 5 3 1 2 3 2 1 0 3 1 0 0 0 0 1 2 2 1 0 0 2 0 8 1 3 0 4 4 3 0 12 7 5
21312017 510 11 1 1 1 2 1 2 3 2 2 3 3 1 0 3 1 0 0 0 0 4 4 3 3 0 0 0 12 3 1 0 8 3 4 0 5 5 0 2
21312018 622 4 1 1 3 3 1 0 2 1 0 0 0 0 2 0 2 2 0 0 0 2 2 1 0 5 4 4 4 12 8 6 1
21312019 545 6 1 1 2 3 2 3 1 0 1 1 0 0 0 0 2 2 2 8 3 3 0 6 5 3 3 3 2 3 2 1 3 12 3
21312021 557 8 1 2 2 1 2 3 2 3 1 0 1 1 0 0 0 0 2 4 2 1 4 0 0 3 2 1 3 2 5 5 1 3 3 6 12
21312022 531 8 3 1 2 3 3 2 2 1 1 0 1 1 0 0 0 0 2 3 3 12 2 5 2 5 3 1 3 0 3 1 0 0 3 0 0
21312023 540 2 1 2 1 0 1 1 0 0 0 0 1 1 0 0 3 4 12 0 3 4 7 3 4 6 3 3 2 0 3
21312024 606 7 1 2 1 2 3 3 2 1 0 3 1 0 0 0 0 2 3 2 1 5 8 7 12 2 1 3 3 5 4 0 1 2 0 0
21312025 507 2 2 2 1 0 1 1 0 0 0 0 0 2 0 1 5 2 3 3 4 4 0 3 5 12 0 1 0 0 0
21312026 539 9 2 1 3 3 3 1 3 2 1 1 0 1 1 0 0 0 0 3 2 4 2 4 0 0 2 5 6 3 4 1 2 0 12 1 3 2
21312027 519 0 1 0 2 1 0 0 0 0 0 0 0 0 0 3 4 3 2 1 7 0 3 3 12 0 0 5 1
21312029 555 4 1 3 1 2 1 0 3 1 0 0 0 0 2 1 1 0 2 0 3 0 0 0 4 0 3 5 3 3 0 4 12
21312030 565 5 1 3 3 1 2 1 0 2 1 0 0 0 0 2 1 2 4 5 12 3 4 6 3 0 3 1 0 0 2 0 0 0
21312031 519 6 3 3 3 2 1 3 1 0 2 1 0 0 0 0 1 1 4 1 5 3 1 0 0 4 12 1 1 4 2 0 0 2 2
21312032 577 11 3 2 1 1 2 3 2 1 3 2 1 1 0 3 1 0 0 0 0 4 4 3 0 2 1 2 1 3 5 3 0 5 7 1 6 2 12 3
21312034 553 10 2 1 1 3 3 2 3 2 1 2 1 0 1 1 0 0 0 0 3 4 3 0 0 3 0 0 3 4 12 1 4 7 2 5 4 3 3
21312035 535 10 2 1 3 3 3 2 1 2 2 3 1 0 1 1 0 0 0 0 2 4 4 3 4 1 2 0 12 1 0 3 2 4 0 0 1 5 0
21312036 583 9 3 3 2 2 1 3 1 2 1 1 0 2 1 0 0 0 0 3 3 3 3 3 0 1 0 2 3 0 0 6 4 2 0 12 1 1
21312037 580 9 2 1 2 3 1 2 1 3 3 1 0 2 1 0 0 0 0 3 3 3 3 0 0 0 2 0 2 0 1 3 6 3 1 5 12 1
21312038 518 0 1 0 3 1 0 0 0 0 0 0 0 12 5 5 3 3 4 1 3 2 0 1 0 2 0 0 0
21312039 524 10 2 1 3 3 2 1 2 1 3 1 1 0 2 1 0 0 0 0 4 3 3 2 0 3 0 3 1 5 0 1 12 3 3 3 5 2 5
21312040 505 2 2 1 1 0 1 1 0 0 0 0 1 1 0 0 0 0 2 0 1 4 2 2 4 5 1 3 3 12 5
21312041 486 1 2 1 0 1 1 0 0 0 0 0 1 0 2 5 5 12 1 4 7 4 0 0 2 3 0 1 0 0
21312044 633 9 2 3 3 1 2 1 2 3 1 1 0 1 1 0 0 0 0 3 3 3 3 2 2 4 0 1 6 1 0 3 1 12 2 3 2 3
21312046 552 8 3 3 2 2 1 3 2 1 1 0 1 1 0 0 0 0 2 3 3 0 3 1 3 0 3 5 4 2 2 6 7 1 3 4 12
21312047 534 0 1 0 3 1 0 0 0 0 0 0 0 2 0 0 0 1 3 0 0 12 4 1 4 3 3 4 2
21312048 485 2 2 3 1 0 1 1 0 0 0 0 0 1 1 1 0 0 0 3 2 3 0 3 5 3 3 12 7 4 0
21312049 488 10 1 3 1 3 2 3 3 2 2 2 1 0 1 1 0 0 0 0 2 4 4 1 4 4 0 2 4 4 0 3 5 12 0 0 6 0 1
21312050 553 11 1 3 1 2 2 3 2 3 1 2 1 1 0 3 1 0 0 0 0 4 4 3 3 3 7 12 2 1 6 0 3 4 2 3 0 0 1 0
21312051 532 7 1 3 3 2 1 1 3 1 0 2 1 0 0 0 0 3 1 3 2 1 0 0 4 3 0 0 3 5 0 3 12 4 4 2
21312052 543 0 1 0 1 1 0 0 0 0 0 0 0 2 3 4 0 0 1 2 0 4 3 5 7 0 4 12 6
21312053 528 4 3 3 3 1 1 0 1 1 0 0 0 0 1 0 3 0 0 0 1 12 2 3 2 8 5 7 0 3 6 2 0
21312054 503 11 1 3 3 1 2 2 1 3 1 3 2 1 0 2 1 0 0 0 0 4 3 4 1 0 0 3 2 1 3 6 2 0 5 4 4 12 4 8
21312055 585 8 3 2 1 3 1 2 1 2 1 0 3 1 0 0 0 0 3 3 2 0 0 3 3 0 6 5 4 5 7 2 3 0 12 8 1
21312056 520 0 1 0 1 1 0 0 0 0 0 0 0 0 0 3 0 0 3 2 3 0 3 5 3 5 12 6 4
21312057 550 5 2 1 2 1 3 1 0 2 1 0 0 0 0 2 2 1 12 2 3 3 5 5 6 0 4 1 0 1 3 0 0 0
21312058 646 0 3 1 6 0.33333333333333331 7 0.33333333333333331 8 0.33333333333333331 0 0 0 1 1 2 0 7 3 3 3 6 6 5 2 5 12 8 3
21312059 557 0 1 0 1 1 0 0 0 0 0 0 0 4 1 12 3 2 5 8 3 3 2 4 8 3 0 0 0
21312060 514 2 1 3 1 0 1 1 0 0 0 0 1 0 1 0 2 2 2 0 0 6 1 3 4 7 3 1 2 3 12
21312061 505 6 1 3 3 2 2 3 1 0 2 1 0 0 0 0 1 2 3 1 0 3 0 0 0 3 0 3 4 6 0 3 5 12 1
21312062 582 5 3 2 3 2 2 1 0 3 1 0 0 0 0 0 3 2 0 2 1 0 1 0 1 0 0 3 6 1 4 5 5 12
21312063 588 8 2 1 1 2 2 3 1 3 1 0 1 1 0 0 0 0 3 3 2 0 2 0 3 0 5 1 3 0 4 4 7 7 2 3 12
21312064 537 10 1 3 2 3 1 1 2 2 3 1 1 0 2 1 0 0 0 0 4 3 3 0 0 2 0 1 1 12 3 3 5 3 0 2 8 4 0
21312065 526 7 1 1 3 2 1 3 3 1 0 2 1 0 0 0 0 3 1 3 2 3 5 3 3 1 4 4 0 3 12 1 0 2 0 2
21312066 617 5 2 2 1 1 3 1 0 3 1 0 0 0 0 2 2 1 4 6 6 3 0 3 3 7 1 12 3 2 0 1 0 2
21312067 640 4 1 2 2 2 1 0 1 1 0 0 0 0 1 3 0 12 4 1 3 4 3 6 0 2 0 3 3 0 0 0 1
21312068 481 0 1 0 2 1 0 0 0 0 0 0 0 0 4 2 6 0 1 1 2 1 4 12 3 3 2 6 1
21312069 501 3 2 3 1 1 0 3 1 0 0 0 0 1 1 1 0 0 1 0 4 2 2 0 4 12 2 1 7 1 4 4
21312070 524 1 3 1 0 3 1 0 0 0 0 0 0 1 2 3 12 7 3 4 7 6 0 6 0 3 0 0 1 0
21312071 605 9 3 2 3 3 1 1 1 2 2 1 0 1 1 0 0 0 0 3 3 3 0 0 2 0 4 3 4 3 3 4 3 0 12 8 3 4
21312072 613 0 1 0 1 1 0 0 0 0 0 0 0 0 3 0 4 2 5 8 12 1 1 3 9 2 3 5 2
21312073 576 5 1 2 3 1 3 1 0 3 1 0 0 0 0 2 1 2 0 0 3 0 0 5 1 3 2 2 3 4 3 8 8 12
21312074 587 4 1 2 1 3 1 0 3 1 0 0 0 0 2 1 1 0 0 0 3 2 0 12 5 2 3 2 5 0 0 1 1
21312075 540 4 3 3 1 2 1 0 3 1 0 0 0 0 1 1 2 5 7 12 0 4 6 1 2 4 5 0 0 2 1 0 0
21312076 561 5 2 1 3 2 2 1 0 3 1 0 0 0 0 1 3 1 2 5 8 12 3 1 1 6 0 1 4 5 0 3 0 0
21312077 563 2 1 3 1 0 3 1 0 0 0 0 1 0 1 2 0 0 3 5 5 3 0 1 4 5 0 3 12 2 3
21312078 538 8 2 2 1 1 3 1 3 3 1 0 2 1 0 0 0 0 3 2 3 1 6 12 0 4 3 3 7 2 6 2 4 1 0 0 0
21312079 480 0 1 0 3 1 0 0 0 0 0 0 0 0 3 12 2 0 1 4 7 3 4 4 7 0 2 1 3
21312080 699 2 3 2 1 0 3 1 0 0 0 0 0 1 1 2 9 4 1 3 12 1 4 6 2 1 3 1 2 0 0
21312081 506 1 3 1 0 1 1 0 0 0 0 0 0 1 2 1 1 3 2 6 5 5 0 3 7 12 0 0 4 2
21312082 557 3 1 2 3 1 0 2 1 0 0 0 0 1 1 1 12 7 4 0 5 6 3 0 4 1 2 1 0 0 3 0
21312083 582 0 1 0 2 1 0 0 0 0 0 0 0 6 12 3 1 6 5 3 0 4 3 1 3 0 0 2 0
21312084 583 6 1 1 3 1 2 2 1 0 2 1 0 0 0 0 3 2 1 0 0 3 2 0 0 5 3 1 3 2 0 12 4 3 1
21312085 574 3 1 2 3 1 0 1 1 0 0 0 0 1 1 1 0 3 12 2 0 2 3 4 1 0 3 5 0 2 0 1
21312086 579 4 1 3 3 2 1 0 2 1 0 0 0 0 1 1 2 0 1 4 12 2 4 5 3 0 0 4 3 1 0 0 3
21312087 700 3 1 3 2 1 0 3 1 0 0 0 0 1 1 1 0 4 0 3 0 10 3 3 2 1 3 8 0 5 7 12
21312088 547 10 3 3 2 1 1 1 2 2 3 2 1 0 1 1 0 0 0 0 3 4 3 0 2 0 3 0 2 5 1 0 4 4 8 3 3 1 12
21312089 575 0 1 0 2 1 0 0 0 0 0 0 0 0 2 0 0 0 3 1 4 0 4 1 12 1 3 2 3
21312090 578 6 2 1 1 1 2 3 1 0 2 1 0 0 0 0 3 2 1 0 1 4 12 0 5 3 2 3 2 0 4 1 0 0 0
21312091 618 4 3 3 2 2 1 0 3 1 0 0 0 0 0 2 2 2 4 4 12 3 0 5 5 0 1 3 1 0 0 0 1
21312092 642 8 1 2 1 3 2 2 1 2 1 0 3 1 0 0 0 0 3 4 1 1 1 4 2 3 5 12 2 3 9 1 3 0 5 3 0
21312093 557 7 2 2 1 3 3 2 3 1 0 3 1 0 0 0 0 1 3 3 2 3 5 12 1 4 4 1 0 3 2 3 0 1 1 0
21312094 551 7 3 1 2 1 2 2 3 1 0 1 1 0 0 0 0 2 3 2 4 5 12 3 4 6 7 0 3 3 1 0 0 2 3 0
21312095 613 9 2 1 3 1 3 1 3 2 1 1 0 2 1 0 0 0 0 4 2 3 12 2 4 0 7 6 5 1 4 5 3 2 0 0 0 3
21312096 526 11 1 3 1 1 3 2 2 3 2 2 1 1 0 3 1 0 0 0 0 4 4 3 0 0 0 2 2 1 3 0 4 5 2 1 4 1 12 0
21312097 462 1 2 1 0 2 1 0 0 0 0 0 1 0 3 1 3 0 4 5 3 0 12 4 4 3 0 0 1 0
21312098 570 5 1 3 1 3 1 1 0 3 1 0 0 0 0 3 0 2 0 2 0 0 0 0 4 5 0 6 4 6 2 5 2 12
21312099 563 0 1 0 2 1 0 0 0 0 0 0 0 2 1 0 0 1 1 2 0 4 5 0 0 12 7 2 1
21312101 515 1 2 1 0 3 1 0 0 0 0 0 1 0 0 0 3 0 3 3 1 0 3 4 3 2 12 5 1 0
21312102 556 6 2 1 3 3 1 2 1 0 2 1 0 0 0 0 2 2 2 3 0 0 0 1 0 1 4 2 12 3 5 0 5 7 6
21312103 576 2 1 2 1 0 1 1 0 0 0 0 1 1 0 4 12 0 0 4 2 5 3 6 7 3 3 2 0 1 0
21312104 513 6 1 3 3 2 1 2 1 0 3 1 0 0 0 0 2 2 2 0 2 0 1 1 3 2 3 4 4 3 0 12 8 5 0
21312105 503 4 1 2 2 2 1 0 2 1 0 0 0 0 1 3 0 12 7 5 3 4 5 1 0 1 1 0 0 0 0 0 3
21312106 555 4 1 2 2 1 1 0 3 1 0 0 0 0 2 2 0 1 7 12 5 0 0 6 4 0 0 2 4 0 0 0 4
21312109 546 5 3 2 1 3 1 1 0 2 1 0 0 0 0 2 1 2 1 12 2 2 3 5 6 3 2 4 5 0 3 1 1 0
21312110 525 1 1 1 0 1 1 0 0 0 0 1 0 0 3 3 0 0 4 2 3 2 3 3 4 2 1 12 5 4
21312111 630 0 1 0 1 1 0 0 0 0 0 0 0 3 3 0 1 0 3 6 3 3 4 3 2 0 12 8 2
21312112 574 7 3 3 3 1 1 1 2 1 0 2 1 0 0 0 0 3 1 3 0 3 8 12 3 4 6 4 0 2 4 0 0 0 5 0
21312113 472 8 2 2 1 3 3 3 3 1 1 0 2 1 0 0 0 0 2 2 4 1 0 0 0 3 1 0 0 5 5 3 0 12 6 4 2
21312114 492 11 2 2 3 2 1 2 1 3 1 3 3 1 0 1 1 0 0 0 0 3 4 4 0 0 0 3 2 4 2 3 1 1 4 3 0 3 6 12
21312115 510 7 3 1 3 2 1 3 3 1 0 2 1 0 0 0 0 2 1 4 0 1 0 2 0 0 6 5 1 3 5 6 0 2 3 12
21312116 552 11 3 1 3 2 1 2 3 1 3 2 2 1 0 1 1 0 0 0 0 3 4 4 5 7 12 1 4 5 2 0 3 3 0 0 2 0 1 0
21312117 620 5 1 3 2 2 3 1 0 1 1 0 0 0 0 1 2 2 3 7 12 0 3 6 6 6 3 4 5 0 3 0 0 0
21312119 539 5 1 2 3 3 2 1 0 1 1 0 0 0 0 1 2 2 4 12 2 1 2 2 5 3 0 1 4 4 0 3 1 3
21312120 571 4 2 3 1 2 1 0 1 1 0 0 0 0 1 2 1 0 1 0 0 2 0 3 0 4 3 0 0 12 5 3 3
21312121 609 3 2 3 2 1 0 1 1 0 0 0 0 0 2 1 12 4 3 0 4 5 1 3 3 6 3 0 1 2 0 0
21312122 502 5 2 1 1 2 2 1 0 3 1 0 0 0 0 2 3 0 1 3 3 12 0 2 6 5 0 0 3 3 0 0 1 3
21312123 602 10 1 2 2 2 1 3 2 3 1 1 1 0 3 1 0 0 0 0 4 4 2 3 12 3 0 5 5 6 0 0 1 3 0 0 0 2 3
21312125 608 2 2 1 1 0 1 1 0 0 0 0 1 1 0 0 3 0 8 2 0 1 6 0 0 12 3 0 3 6 2
21312126 545 2 1 3 1 0 1 1 0 0 0 0 1 0 1 4 5 4 0 12 1 3 0 2 2 4 0 0 2 1 2
21312127 533 1 1 1 0 3 1 0 0 0 0 1 0 0 8 12 1 0 2 5 5 3 2 3 2 0 4 0 0 1
21312128 472 1 2 1 0 3 1 0 0 0 0 0 1 0 3 0 0 1 1 0 2 0 1 12 5 2 3 6 4 4
21312129 555 8 2 2 1 2 3 2 1 3 1 0 3 1 0 0 0 0 2 4 2 2 1 1 0 2 3 4 5 1 12 0 0 1 3 0 3
21312130 527 3 3 3 3 1 0 1 1 0 0 0 0 0 0 3 12 4 3 3 2 3 2 2 3 1 0 0 0 1 0 0
21312131 553 6 2 3 1 3 1 1 1 0 3 1 0 0 0 0 3 1 2 12 0 1 3 7 4 2 0 8 7 3 2 2 3 0 0
21312132 470 4 1 2 1 3 1 0 3 1 0 0 0 0 2 1 1 0 12 5 2 5 2 4 4 1 4 6 1 0 2 0 0
21312133 538 3 3 1 3 1 0 1 1 0 0 0 0 1 0 2 4 12 3 2 5 4 1 0 3 2 2 4 2 0 1 0
21312134 544 0 1 0 1 1 0 0 0 0 0 0 0 0 0 0 2 0 0 4 3 1 2 0 4 0 3 5 12
21312135 523 5 2 2 3 3 2 1 0 3 1 0 0 0 0 0 3 2 3 0 1 2 1 3 5 3 12 2 1 0 1 3 1 0
21312136 489 8 3 2 1 3 1 3 1 2 1 0 1 1 0 0 0 0 3 2 3 3 12 1 2 2 2 3 1 4 4 3 0 2 0 8 0
21312137 558 7 3 1 1 2 3 3 2 1 0 3 1 0 0 0 0 2 2 3 1 3 0 0 2 5 0 0 5 3 1 3 12 1 2 2
21312138 530 9 3 2 1 1 1 2 3 3 2 1 0 2 1 0 0 0 0 3 3 3 0 0 0 3 0 3 3 5 3 4 3 5 1 0 5 12
21312139 530 0 1 0 2 1 0 0 0 0 0 0 0 2 0 0 0 3 12 4 3 0 1 4 1 0 3 1 2
21312140 499 6 2 1 3 3 1 2 1 0 1 1 0 0 0 0 2 2 2 3 0 3 3 2 2 5 7 0 4 1 12 0 0 3 0
21312141 512 11 1 1 3 2 2 3 2 1 3 2 1 1 0 3 1 0 0 0 0 4 4 3 1 12 5 1 0 4 2 2 2 4 5 3 0 0 0 1
21312142 582 7 2 3 3 1 2 1 1 1 0 3 1 0 0 0 0 3 2 2 2 0 1 0 1 2 4 4 2 4 6 12 3 2 8 1
21312143 554 0 1 0 3 1 0 0 0 0 0 0 0 2 0 0 0 0 0 5 3 1 4 6 3 4 4 4 12
21312144 543 11 3 3 1 3 1 1 1 3 2 2 2 1 0 2 1 0 0 0 0 4 3 4 0 0 0 1 0 2 0 3 3 5 2 3 4 3 12 1
21312145 546 8 1 3 2 3 2 2 3 3 1 0 1 1 0 0 0 0 1 3 4 12 3 3 4 6 5 0 0 4 1 2 0 0 1 0 0
21312147 638 6 2 3 2 1 2 1 1 0 3 1 0 0 0 0 2 3 1 12 4 4 3 5 5 6 0 1 4 1 0 2 3 0 0
21312149 556 10 1 1 1 3 3 2 2 2 1 3 1 0 3 1 0 0 0 0 4 3 3 1 2 0 2 2 6 0 0 4 3 1 3 4 5 12 0
21312150 586 4 3 1 1 2 1 0 1 1 0 0 0 0 2 1 1 3 2 0 0 3 2 4 4 0 4 6 5 0 5 7 12
21312151 574 10 1 2 3 1 1 3 1 3 2 2 1 0 2 1 0 0 0 0 4 3 3 0 0 2 1 0 0 4 3 3 6 5 3 3 12 7 5
21312152 617 11 1 1 3 3 1 3 2 1 2 2 2 1 0 3 1 0 0 0 0 4 4 3 0 0 3 0 0 0 3 7 3 4 6 4 0 3 4 12
21312153 588 10 2 1 1 3 2 1 3 3 2 1 1 0 3 1 0 0 0 0 4 3 3 0 3 5 12 0 1 4 6 2 3 3 4 0 0 0 2
21312154 572 8 3 1 3 1 2 1 1 3 1 0 2 1 0 0 0 0 4 1 3 2 1 0 2 4 4 3 0 3 12 2 0 3 3 4 0
21312155 581 6 1 1 1 1 3 2 1 0 2 1 0 0 0 0 4 1 1 3 0 0 0 4 2 0 2 8 7 4 0 12 8 4 0
21312156 522 5 2 3 2 3 1 1 0 1 1 0 0 0 0 1 2 2 0 1 0 0 1 5 5 6 3 2 8 0 3 2 12 0
21312157 459 4 2 3 3 1 1 0 1 1 0 0 0 0 1 1 2 2 1 3 3 0 3 12 2 1 8 4 6 4 3 7 2
21312158 557 5 3 2 1 1 1 1 0 3 1 0 0 0 0 3 1 1 2 0 0 0 3 6 0 2 3 5 3 0 4 5 12 0
21312159 533 9 2 3 2 2 3 1 1 3 2 1 0 1 1 0 0 0 0 2 4 3 1 12 3 3 3 1 4 2 5 0 0 0 2 1 0 0
21312160 563 9 1 3 3 2 2 2 1 3 1 1 0 2 1 0 0 0 0 3 3 3 0 1 0 1 3 7 8 4 0 2 7 2 0 1 4 12
21312161 532 10 3 2 2 2 1 3 1 3 1 1 1 0 3 1 0 0 0 0 4 3 3 2 4 5 12 0 0 1 4 0 3 4 6 0 2 0 0
21312162 461 6 2 3 2 1 1 1 1 0 1 1 0 0 0 0 3 2 1 0 0 3 0 3 4 4 3 7 5 2 2 12 3 3 0
21312163 506 5 2 1 1 2 3 1 0 2 1 0 0 0 0 2 2 1 3 2 1 4 3 4 4 12 0 2 5 1 1 0 0 0
21312164 562 11 2 1 3 3 2 3 2 1 1 3 2 1 0 1 1 0 0 0 0 3 4 4 12 7 5 1 4 6 2 0 2 3 3 0 0 0 1 0
21312166 593 2 1 1 1 0 3 1 0 0 0 0 2 0 0 0 2 4 5 0 0 3 12 1 3 4 0 2 0 2 0
21312167 496 1 3 1 0 3 1 0 0 0 0 0 0 1 0 1 0 2 2 5 1 0 4 4 3 0 12 3 0 0
21312168 505 1 3 1 0 1 1 0 0 0 0 0 0 1 12 5 2 0 1 5 4 3 0 2 6 3 0 1 2 0
21312169 637 11 1 3 2 2 3 2 3 1 1 1 3 1 0 2 1 0 0 0 0 4 3 4 2 1 0 0 0 12 6 4 0 3 5 4 0 2 1 3
21312170 577 2 2 3 1 0 1 1 0 0 0 0 0 1 1 0 0 2 4 0 3 12 4 0 0 6 5 3 0 1 3
21312171 573 0 1 0 3 1 0 0 0 0 0 0 0 0 1 0 1 2 4 3 4 2 5 6 0 12 7 5 4
21312172 563 1 2 1 0 3 1 0 0 0 0 0 1 0 0 0 2 0 0 0 1 3 1 3 1 4 2 6 4 12
21312173 524 5 3 1 2 3 1 1 0 3 1 0 0 0 0 2 1 2 1 3 5 12 0 0 5 6 0 2 3 3 0 3 0 2
21312174 503 3 1 2 3 1 0 2 1 0 0 0 0 1 1 1 0 3 1 0 12 5 4 0 7 6 3 1 5 4 4 2
21312175 563 3 3 1 2 1 0 2 1 0 0 0 0 1 1 1 1 3 3 12 2 5 5 3 0 4 4 1 0 0 3 0
21312176 543 4 2 3 3 2 1 0 1 1 0 0 0 0 0 2 2 7 12 4 3 8 6 4 3 0 4 3 3 0 0 0 1
21312177 488 7 2 1 2 3 1 3 2 1 0 1 1 0 0 0 0 2 3 2 3 2 5 12 0 6 4 4 0 4 3 5 0 1 0 6
21312178 560 9 2 3 1 1 3 2 3 1 2 1 0 3 1 0 0 0 0 3 3 3 0 12 3 2 0 7 4 1 0 3 3 0 1 2 0 0
21312179 556 4 2 3 3 2 1 0 1 1 0 0 0 0 0 2 2 2 1 12 1 3 6 7 7 2 3 1 3 2 0 1 0
21312181 539 6 3 1 1 3 3 1 1 0 1 1 0 0 0 0 3 0 3 3 2 0 0 2 2 2 3 0 3 4 7 0 4 7 12
21312182 552 3 1 3 1 1 0 2 1 0 0 0 0 2 0 1 12 1 3 0 2 4 7 0 3 0 4 2 0 0 3 3
21312183 506 0 3 1 4 0.33333333333333331 5 0.33333333333333331 6 0.33333333333333331 0 0 0 1 4 4 12 3 4 6 3 3 2 5 3 0 0 2 1
21312185 548 9 2 2 1 3 2 3 3 1 1 1 0 2 1 0 0 0 0 3 3 3 12 3 6 0 6 6 3 0 4 3 3 1 0 3 0 0
21312186 477 2 3 3 1 0 1 1 0 0 0 0 0 0 2 0 0 1 0 2 0 2 5 0 3 3 3 0 4 3 12
21312187 621 0 1 0 3 1 0 0 0 0 0 0 0 2 0 0 0 4 1 1 0 7 2 3 1 12 3 2 0
21312188 646 3 2 1 3 1 0 1 1 0 0 0 0 1 1 1 2 4 5 1 2 3 5 4 0 3 8 6 0 7 5 12
21312189 556 6 3 3 1 2 1 3 1 0 3 1 0 0 0 0 2 1 3 0 1 0 2 0 6 2 1 7 2 4 8 0 3 3 12
21312190 544 0 1 0 1 1 0 0 0 0 0 0 0 12 3 7 0 3 6 4 3 3 2 2 0 1 0 3 3
21312191 508 11 1 2 3 3 2 2 2 3 1 1 1 1 0 3 1 0 0 0 0 4 4 3 3 3 3 3 5 2 4 0 12 1 5 1 2 0 0 0
21312192 547 0 1 0 3 1 0 0 0 0 0 0 0 12 2 3 2 3 4 1 0 4 5 3 0 0 3 1 3
21312194 469 2 3 1 1 0 1 1 0 0 0 0 1 0 1 2 4 3 12 2 6 4 4 0 0 3 1 0 0 0 2
21312195 533 2 1 3 1 0 2 1 0 0 0 0 1 0 1 0 0 0 1 2 4 0 0 4 6 2 1 12 7 4 0
21312196 553 3 2 1 3 1 0 1 1 0 0 0 0 1 1 1 0 0 3 6 0 3 1 6 0 2 2 12 3 0 0 3
21312197 480 5 2 1 3 1 2 1 0 1 1 0 0 0 0 2 2 1 1 0 2 0 3 7 4 3 4 6 4 0 12 2 3 0
21312198 453 4 2 2 1 3 1 0 3 1 0 0 0 0 1 2 1 0 1 3 3 3 3 7 2 0 2 1 12 1 4 0 0
21312199 570 0 1 0 1 1 0 0 0 0 0 0 0 2 12 6 3 0 0 3 2 2 0 3 4 0 0 1 1
21312200 583 5 1 2 3 3 2 1 0 2 1 0 0 0 0 1 2 2 0 0 1 1 3 4 4 12 1 6 7 2 0 3 3 3
21312201 483 10 3 2 1 1 3 2 2 3 1 1 1 0 2 1 0 0 0 0 4 3 3 4 4 0 0 3 12 3 3 6 3 4 3 3 3 0 0
21312202 544 10 3 1 1 3 3 1 3 2 2 2 1 0 1 1 0 0 0 0 3 3 4 12 2 3 3 4 6 4 0 0 3 1 0 0 0 2 0
21312204 603 2 2 1 1 0 3 1 0 0 0 0 1 1 0 0 0 1 0 3 12 4 2 0 3 5 7 2 1 4 4
21312205 623 4 3 1 2 3 1 0 2 1 0 0 0 0 1 1 2 12 2 1 3 9 6 7 3 5 5 6 0 0 3 0 1
21312206 581 3 1 3 1 1 0 2 1 0 0 0 0 2 0 1 3 0 0 2 3 4 3 0 3 6 4 0 12 5 3 0
21312207 520 9 3 3 2 1 1 2 1 2 3 1 0 1 1 0 0 0 0 3 3 3 3 2 2 1 0 2 7 1 0 3 1 12 0 4 0 2
21312208 584 3 3 1 3 3 1 6 0.33333333333333331 7 0.33333333333333331 8 0.33333333333333331 1 0 2 12 5 0 0 5 4 2 0 2 4 1 1 1 0 2 2
21312209 579 3 2 3 3 1 0 2 1 0 0 0 0 0 1 2 12 4 3 0 1 4 2 3 1 6 3 1 0 0 7 0
21312210 631 1 1 1 0 1 1 0 0 0 0 1 0 0 0 4 3 12 2 5 3 7 2 4 6 3 1 3 3 2
21312211 568 2 1 3 1 0 3 1 0 0 0 0 1 0 1 2 0 0 0 0 5 4 12 2 5 2 4 1 1 2 1
21312213 551 11 3 2 1 1 3 2 1 1 2 3 2 1 0 3 1 0 0 0 0 4 4 3 0 3 3 12 3 5 6 7 3 3 2 6 0 1 0 0
21312214 507 2 3 3 1 0 1 1 0 0 0 0 0 0 2 0 1 2 2 0 3 6 5 0 2 4 5 1 7 6 12
21312215 495 9 3 2 1 1 1 2 3 3 1 1 0 2 1 0 0 0 0 4 2 3 3 0 2 0 3 12 4 4 0 3 6 4 2 1 3 0
21312216 600 4 3 2 2 3 1 0 3 1 0 0 0 0 0 2 2 2 1 0 1 2 4 5 4 0 1 4 3 0 0 1 12
21312217 542 7 1 3 2 3 1 2 3 1 0 3 1 0 0 0 0 2 2 3 1 0 0 0 0 5 2 0 5 7 1 0 12 3 3 2
21312218 535 8 1 2 1 3 2 1 3 3 1 0 2 1 0 0 0 0 3 2 3 0 0 0 2 1 3 1 0 0 4 6 5 2 5 3 12
21312219 532 11 3 1 1 1 1 3 2 2 2 2 3 3 1 5 0.33333333333333331 6 0.33333333333333331 7 0.33333333333333331 4 4 3 3 4 0 0 2 6 7 3 3 6 1 3 8 12 4 0
21312220 569 9 1 2 1 3 3 3 3 1 2 1 0 2 1 0 0 0 0 3 2 4 12 2 0 2 6 1 5 0 3 6 4 0 0 0 1 0
21312221 492 8 2 2 2 2 3 3 1 1 1 0 3 1 0 0 0 0 2 4 2 0 0 3 0 6 4 0 0 8 4 1 0 12 3 3 1
21312222 536 8 2 1 1 2 3 1 2 3 1 0 3 1 0 0 0 0 3 3 2 2 2 1 2 1 3 6 3 4 1 12 0 3 0 0 0
21312223 472 10 1 3 2 1 2 3 2 2 1 3 1 0 1 1 0 0 0 0 3 4 3 5 4 12 0 1 4 4 3 2 3 7 2 3 1 0 0
21312224 539 3 3 2 1 1 0 1 1 0 0 0 0 1 1 1 2 3 0 0 4 1 0 0 1 5 2 0 3 2 12 3
21312225 574 10 3 3 2 1 1 2 3 2 3 1 1 0 1 1 0 0 0 0 3 3 4 2 3 12 3 5 3 6 5 3 5 2 4 0 0 1 3
21312226 527 6 2 3 1 1 1 2 1 0 3 1 0 0 0 0 3 2 1 1 0 0 0 2 3 0 0 3 5 2 3 5 12 1 2
21312227 532 11 1 1 1 2 3 1 2 2 3 2 3 1 0 3 1 0 0 0 0 4 4 3 0 1 3 12 3 2 2 5 0 3 4 1 7 0 0 3
21312228 487 6 2 3 1 1 3 3 1 0 1 1 0 0 0 0 2 1 3 12 1 4 2 2 5 3 3 2 2 0 0 1 0 0 0
21312229 559 10 1 3 3 2 3 2 2 3 2 1 1 0 1 1 0 0 0 0 2 4 4 12 8 4 0 7 5 2 0 6 3 0 1 0 0 0 1
21312230 503 5 1 2 1 3 2 1 0 1 1 0 0 0 0 2 2 1 3 0 2 0 0 3 4 4 0 3 5 12 2 3 3 1
21312231 527 10 3 1 1 1 2 2 3 1 3 3 1 0 2 1 0 0 0 0 4 2 4 0 2 0 2 12 3 1 3 5 4 4 0 4 2 1 0
21312232 528 3 3 3 1 1 0 2 1 0 0 0 0 1 0 2 3 0 0 0 1 5 2 0 2 3 3 0 12 5 4 1
21312233 582 8 3 1 2 1 3 3 2 3 1 0 2 1 0 0 0 0 2 2 4 8 12 1 1 6 5 4 2 0 3 0 1 0 0 2 0
21312234 535 7 3 3 2 2 1 1 1 1 0 3 1 0 0 0 0 3 2 2 3 0 0 0 0 3 3 3 1 2 7 1 2 2 4 12
21312235 502 11 2 3 1 2 2 1 3 3 1 1 3 1 0 2 1 0 0 0 0 4 3 4 0 2 3 0 2 4 5 0 1 4 1 3 7 5 12 0
21312236 495 10 1 1 1 2 2 2 3 2 3 3 1 0 1 1 0 0 0 0 3 4 3 3 3 0 0 4 1 2 3 3 2 6 3 1 6 7 12
21312237 534 5 3 3 3 2 1 1 0 2 1 0 0 0 0 1 1 3 0 3 2 0 3 5 2 0 1 4 4 1 12 1 3 0
21312238 544 4 2 2 3 1 1 0 1 1 0 0 0 0 1 2 1 3 0 0 0 0 3 0 0 3 4 12 6 3 5 4 3
21312239 481 6 3 1 3 3 3 2 1 0 2 1 0 0 0 0 1 1 4 0 2 1 0 1 2 1 3 0 0 6 3 0 4 4 12
21312240 525 8 3 2 3 2 1 1 3 3 1 0 2 1 0 0 0 0 2 2 4 0 2 0 0 0 0 1 12 1 2 4 2 1 6 1 4
21312241 493 9 2 1 2 1 2 3 1 3 3 1 0 2 1 0 0 0 0 3 3 3 2 3 1 0 12 0 0 3 1 4 4 0 3 2 6 1
21312242 514 1 1 1 0 1 1 0 0 0 0 1 0 0 12 7 7 0 4 3 2 0 4 3 5 2 3 2 1 0
21312243 566 9 3 1 1 2 3 3 3 1 2 1 0 2 1 0 0 0 0 3 2 4 1 2 4 12 0 6 5 5 0 3 3 6 0 0 5 0
21312244 549 1 1 1 0 3 1 0 0 0 0 1 0 0 0 0 0 2 0 7 1 3 2 12 6 4 0 4 4 4
21312245 576 0 1 0 3 1 0 0 0 0 0 0 0 2 12 2 1 1 3 4 0 4 2 5 3 1 0 0 0
21312246 521 10 1 2 1 3 3 1 3 1 2 2 3 1 4 0.33333333333333331 5 0.33333333333333331 6 0.33333333333333331 4 3 3 0 0 2 2 3 0 5 5 0 1 6 7 3 3 3 12
21312247 571 3 1 3 2 1 0 3 1 0 0 0 0 1 1 1 0 0 0 3 0 12 3 2 0 1 5 1 2 4 4 3
21312248 544 10 1 2 3 1 2 2 3 1 3 2 1 0 1 1 0 0 0 0 3 4 3 2 3 0 3 4 0 4 1 5 0 5 3 4 12 3 4
21312249 514 7 3 2 1 1 1 3 3 1 0 2 1 0 0 0 0 3 1 3 4 3 3 0 3 12 0 2 3 6 2 3 0 1 0 0
21312250 525 4 2 3 3 2 1 0 1 1 0 0 0 0 0 2 2 7 0 0 0 1 5 5 1 12 3 2 0 3 1 4 2
21312252 604 5 3 2 1 3 3 1 0 1 1 0 0 0 0 1 1 3 2 0 6 0 1 1 4 3 3 0 5 12 0 2 2 3
21312253 516 6 3 3 2 3 2 1 1 0 2 1 0 0 0 0 1 2 3 0 0 1 0 1 6 0 12 2 1 6 7 0 3 4 5
21312254 571 7 2 3 1 3 1 2 3 1 0 2 1 0 0 0 0 2 2 3 0 1 0 0 3 5 3 2 3 6 3 0 12 3 0 1
21312255 496 1 3 1 0 3 1 0 0 0 0 0 0 1 2 12 3 3 4 3 2 2 1 5 3 1 1 3 0 0
21312256 556 1 1 1 0 2 1 0 0 0 0 1 0 0 0 0 5 2 3 3 3 0 0 5 3 4 0 12 7 1
21312257 522 10 1 3 1 1 2 2 3 3 1 2 1 0 3 1 0 0 0 0 4 3 3 0 0 0 2 8 6 4 3 3 2 4 1 2 1 4 12
21312258 559 7 2 3 2 3 1 1 1 1 0 3 1 0 0 0 0 3 2 2 12 4 3 0 8 3 0 2 3 5 2 0 1 0 0 0
21312259 545 11 2 2 1 2 1 3 1 1 2 3 3 1 0 3 1 0 0 0 0 4 4 3 1 2 3 2 1 5 6 0 12 1 3 2 0 0 0 3
21312261 520 3 1 1 2 1 0 3 1 0 0 0 0 2 1 0 0 0 0 1 3 3 2 12 3 6 4 4 0 2 4 3
21312262 503 6 1 3 1 2 2 3 1 0 1 1 0 0 0 0 2 2 2 0 2 5 12 0 4 4 1 2 0 6 5 0 1 3 2
21312263 577 7 1 3 3 1 2 2 1 1 0 3 1 0 0 0 0 3 2 2 7 3 0 0 0 1 5 9 0 2 6 12 0 4 4 2
21312264 522 7 2 3 1 3 2 2 2 1 0 3 1 0 0 0 0 1 4 2 3 1 3 4 0 3 3 1 3 4 12 0 0 0 1 0
21312265 588 3 2 1 3 1 0 2 1 0 0 0 0 1 1 1 3 0 1 0 1 12 4 3 0 2 3 5 0 4 2 1
21312266 556 8 3 1 3 2 1 2 3 2 1 0 1 1 0 0 0 0 2 3 3 1 0 0 3 3 3 2 1 2 1 8 0 2 5 6 12
21312267 614 2 1 1 1 0 3 1 0 0 0 0 2 0 0 0 2 1 3 0 2 5 12 3 4 3 7 0 2 3 4
21312268 572 9 3 2 3 1 3 3 2 2 1 1 0 1 1 0 0 0 0 2 3 4 1 12 2 4 0 1 5 3 0 4 3 3 2 0 0 0
21312269 633 5 1 1 2 1 3 1 0 1 1 0 0 0 0 3 1 1 0 3 3 12 2 4 5 4 3 2 3 4 0 3 0 2
21312270 466 6 2 3 3 1 3 3 1 0 1 1 0 0 0 0 1 1 4 0 2 5 12 0 3 4 1 1 3 2 4 2 0 0 0
21312271 579 11 2 1 3 1 1 2 3 2 3 2 3 1 0 1 1 0 0 0 0 3 4 4 1 0 0 0 4 12 0 1 3 4 2 0 3 4 5 2
21312272 601 1 1 1 0 2 1 0 0 0 0 1 0 0 1 4 3 3 12 4 4 0 6 3 5 2 3 0 0 0
21312273 569 6 2 2 3 2 2 1 1 0 3 1 0 0 0 0 1 4 1 12 0 1 0 4 3 3 1 3 5 3 0 3 4 3 1
21312274 537 6 3 2 2 1 1 2 1 0 3 1 0 0 0 0 2 3 1 0 0 0 6 1 5 5 12 0 0 3 4 3 2 4 1
21312275 574 7 1 1 2 2 2 2 3 1 0 3 1 0 0 0 0 2 4 1 0 4 4 4 0 3 4 12 1 0 5 1 0 3 0 0
21312277 625 11 2 1 3 1 3 1 2 3 3 1 2 1 0 2 1 0 0 0 0 4 3 4 0 2 0 0 0 3 4 3 1 6 8 5 1 2 7 12
21312278 599 4 2 3 3 2 1 0 3 1 0 0 0 0 0 2 2 12 5 3 1 3 5 4 0 3 0 6 0 0 0 1 0
21312279 621 5 3 1 2 1 1 1 0 3 1 0 0 0 0 3 1 1 1 2 0 0 4 4 0 0 4 6 4 2 2 7 12 0
21312280 535 5 1 3 1 2 1 1 0 1 1 0 0 0 0 3 1 1 3 2 5 12 0 0 3 5 0 3 2 3 0 3 2 0
21312281 562 2 1 2 1 0 2 1 0 0 0 0 1 1 0 0 3 2 2 0 1 5 0 1 5 5 0 3 12 1 0
21312282 518 3 2 2 1 1 0 2 1 0 0 0 0 1 2 0 1 1 0 0 4 4 0 3 6 5 2 0 12 1 3 0
21312283 520 0 1 0 2 1 0 0 0 0 0 0 0 12 1 3 2 3 5 3 0 5 5 0 0 1 1 2 0
21312284 604 6 3 3 1 1 2 2 1 0 1 1 0 0 0 0 2 2 2 0 3 3 0 2 6 5 12 0 1 3 6 2 4 1 2
21312285 555 4 2 2 2 3 1 0 3 1 0 0 0 0 0 3 1 12 4 2 1 3 1 5 3 1 6 7 0 6 1 0 0
21312286 567 3 2 3 2 1 0 2 1 0 0 0 0 0 2 1 4 12 3 5 7 4 6 4 1 3 9 0 1 0 6 1
21312287 517 1 1 1 0 2 1 0 0 0 0 1 0 0 0 2 3 12 1 3 3 4 0 0 5 3 0 0 3 3
21312288 476 5 1 2 3 1 1 1 0 3 1 0 0 0 0 3 1 1 2 0 2 0 0 0 1 2 0 4 12 3 0 3 5 4
21312289 512 4 3 1 2 3 1 0 2 1 0 0 0 0 1 1 2 5 1 3 0 3 5 12 0 7 2 1 0 8 0 1 2
21312290 548 7 1 1 2 3 1 1 2 1 0 2 1 0 0 0 0 4 2 1 0 0 0 3 4 4 0 2 5 4 6 0 12 3 3 0
21312291 513 6 3 2 3 2 3 3 1 0 1 1 0 0 0 0 0 2 4 0 0 2 0 1 3 6 1 0 3 4 1 2 4 5 12
21312292 543 11 2 2 2 3 3 1 2 1 1 1 3 1 0 3 1 0 0 0 0 4 4 3 0 1 2 1 0 3 5 6 2 4 7 6 2 1 4 12
21312293 558 3 3 2 1 1 0 1 1 0 0 0 0 1 1 1 1 4 4 12 3 5 3 3 0 6 2 2 3 0 0 0
21312294 560 6 1 2 1 1 1 2 1 0 3 1 0 0 0 0 4 2 0 0 0 3 0 3 2 3 1 12 2 4 2 4 5 3 0
21312295 470 8 2 3 2 3 3 2 1 3 1 0 2 1 0 0 0 0 1 3 4 1 1 1 3 0 5 1 12 3 2 6 2 1 0 4 0
21312296 611 9 1 3 2 2 1 2 1 3 2 3 1 4 0.33333333333333331 5 0.33333333333333331 6 0.33333333333333331 3 4 2 5 0 0 8 0 0 1 12 0 3 4 3 0 3 4 3
21312297 553 2 1 2 1 0 3 1 0 0 0 0 1 1 0 0 3 6 3 0 1 5 12 0 3 6 3 3 0 2 0
21312298 551 2 2 1 1 0 1 1 0 0 0 0 1 1 0 12 7 5 3 4 5 6 3 2 4 2 0 1 3 0 0
21312299 577 11 2 2 2 1 3 1 1 1 3 3 2 1 0 3 1 0 0 0 0 4 4 3 3 0 0 0 12 3 2 0 4 6 5 0 1 4 2 1
21312300 503 0 1 0 2 1 0 0 0 0 0 0 0 3 6 5 12 0 3 4 5 0 0 1 1 0 0 2 0
21312301 591 5 1 3 2 2 2 1 0 1 1 0 0 0 0 1 3 1 0 3 0 0 0 3 4 7 0 1 4 7 2 3 1 12
21312302 541 3 3 3 1 1 0 1 1 0 0 0 0 1 0 2 2 0 2 0 2 4 3 3 0 5 6 2 0 1 1 12
21312303 572 3 2 1 1 1 0 1 1 0 0 0 0 2 1 0 2 4 2 3 0 5 5 2 0 12 4 1 0 3 0 0
21312304 514 10 1 2 3 3 3 3 1 2 1 1 3 1 6 0.33333333333333331 7 0.33333333333333331 8 0.33333333333333331 4 2 4 4 5 12 0 3 3 3 2 1 3 4 2 2 3 0 0
21312305 565 6 1 1 1 1 3 2 1 0 3 1 0 0 0 0 4 1 1 2 2 0 0 5 5 0 0 6 7 5 2 12 6 4 0
21312306 557 9 1 1 3 3 2 1 2 1 3 1 0 2 1 0 0 0 0 4 2 3 12 4 1 0 3 3 4 0 4 1 2 2 0 3 2 0
21312308 570 4 1 3 3 2 1 0 1 1 0 0 0 0 1 1 2 2 3 12 0 2 6 7 0 1 4 5 5 3 0 3 0
21312309 582 10 1 2 2 1 3 3 1 3 1 2 1 0 3 1 0 0 0 0 4 3 3 1 0 3 0 7 1 2 0 7 4 3 0 12 7 2 2
21312310 535 11 1 2 1 3 3 2 1 2 3 3 2 1 0 1 1 0 0 0 0 3 4 4 0 2 0 0 1 3 0 7 0 5 5 6 0 12 8 4
21312311 519 4 3 3 1 2 1 0 2 1 0 0 0 0 1 1 2 3 1 0 0 6 3 2 0 12 1 0 2 4 1 0 0
21312312 537 6 2 1 2 3 1 2 1 0 1 1 0 0 0 0 2 3 1 3 5 2 12 3 4 3 3 0 0 4 1 3 0 0 0
21312313 556 3 1 1 3 1 0 2 1 0 0 0 0 2 0 1 2 3 2 1 4 12 4 2 3 1 0 0 4 0 0 3
21312314 519 1 1 1 0 1 1 0 0 0 0 1 0 0 12 7 4 2 7 6 4 3 5 2 0 0 3 0 0 0
21312315 535 10 1 2 3 2 1 1 3 2 1 3 1 0 2 1 0 0 0 0 4 3 3 2 6 1 0 7 6 3 0 12 4 3 3 0 3 0 0
21312316 630 8 3 3 1 1 1 1 2 3 1 0 2 1 0 0 0 0 4 1 3 0 0 2 0 12 3 1 0 2 7 6 3 4 4 0 2
21312317 640 9 2 1 3 3 1 2 1 2 2 1 0 3 1 0 0 0 0 3 4 2 0 1 0 0 0 0 0 5 0 4 6 5 3 3 3 12
21312318 476 11 1 1 2 3 3 2 3 1 2 3 2 1 0 1 1 0 0 0 0 3 4 4 3 3 5 2 0 4 12 5 0 1 0 1 0 0 2 0
21312319 563 7 3 3 2 2 1 2 1 1 0 3 1 0 0 0 0 2 3 2 2 5 12 0 1 3 2 3 4 5 0 1 1 8 0 0
21312320 548 10 1 3 2 3 1 2 1 1 3 3 1 0 2 1 0 0 0 0 4 2 4 4 12 6 7 3 2 4 3 1 4 3 7 0 2 0 0
21312321 542 1 2 1 0 2 1 0 0 0 0 0 1 0 0 0 3 3 1 5 4 1 3 4 4 0 12 5 3 0
21312322 612 8 2 1 2 3 3 1 3 1 1 0 2 1 0 0 0 0 3 2 3 2 0 0 0 0 3 1 3 2 7 4 0 1 4 12 0
21312323 617 10 2 3 3 1 1 1 3 2 2 1 1 0 2 1 0 0 0 0 4 3 3 2 7 4 3 12 6 4 3 1 1 5 0 3 2 0 0
21312324 563 0 1 0 3 1 0 0 0 0 0 0 0 0 0 0 2 1 5 4 1 1 3 6 2 2 3 4 12
21312325 610 4 1 1 1 2 1 0 3 1 0 0 0 0 3 1 0 4 4 6 2 12 6 3 0 3 3 4 0 0 0 2 3
21312326 565 6 2 1 2 1 3 3 1 0 3 1 0 0 0 0 2 2 2 0 1 0 3 0 1 2 0 2 4 4 3 0 3 6 12
21312327 579 3 2 3 2 1 0 3 1 0 0 0 0 0 2 1 0 12 1 5 3 4 1 1 2 4 5 3 0 0 3 0
21312328 573 5 2 2 1 3 1 1 0 3 1 0 0 0 0 2 2 1 12 4 5 2 2 3 6 0 1 0 0 1 0 0 3 0
21312329 533 5 1 2 3 2 1 1 0 2 1 0 0 0 0 2 2 1 1 0 0 0 0 3 3 4 1 5 5 3 0 2 7 12
21312331 528 1 2 1 0 2 1 0 0 0 0 0 1 0 0 0 0 3 0 0 1 0 1 3 5 4 0 4 7 12
21312333 558 10 3 2 2 3 2 2 1 3 1 1 1 0 3 1 0 0 0 0 3 4 3 0 0 1 0 4 2 3 1 3 7 2 0 12 7 6 1
21312334 576 6 3 3 2 1 2 3 1 0 2 1 0 0 0 0 1 2 3 1 0 1 2 0 0 1 3 0 3 6 8 0 3 5 12
21312336 634 10 2 3 1 2 1 3 2 3 1 2 3 1 4 0.33333333333333331 5 0.33333333333333331 6 0.33333333333333331 3 4 3 4 3 0 0 6 3 3 0 1 5 12 3 3 2 3 1
21312337 555 11 1 2 2 2 3 3 3 1 1 1 3 1 0 2 1 0 0 0 0 4 3 4 0 0 1 0 0 2 0 3 1 2 4 4 0 3 12 6
21312338 448 10 1 3 1 2 3 1 2 2 3 2 1 0 1 1 0 0 0 0 3 4 3 6 5 12 4 0 1 4 3 0 2 3 1 0 3 2 0
21312339 503 11 3 3 1 2 2 3 3 2 2 1 1 1 0 1 1 0 0 0 0 3 4 4 1 8 5 2 12 3 0 2 1 4 5 1 3 3 2 0
21312340 561 1 2 1 0 3 1 0 0 0 0 0 1 0 1 0 0 0 0 0 2 0 6 3 2 3 1 6 12 1
21312341 608 7 2 1 1 3 1 2 1 1 0 3 1 0 0 0 0 4 2 1 0 4 5 12 0 3 3 8 2 0 4 4 2 0 0 0
21312342 478 5 3 1 2 3 1 1 0 3 1 0 0 0 0 2 1 2 0 3 0 0 2 1 2 1 0 12 4 5 0 3 3 2
21312343 477 1 3 1 0 3 1 0 0 0 0 0 0 1 4 3 4 1 3 6 4 2 1 3 3 12 0 2 0 0
21312344 599 2 1 1 1 0 1 1 0 0 0 0 2 0 0 0 2 0 0 2 3 0 3 0 2 4 4 0 3 7 12
21312345 515 7 3 1 2 3 1 3 3 1 0 2 1 0 0 0 0 2 1 4 2 0 1 0 1 3 3 0 0 5 4 2 0 12 3 3
21312346 548 4 1 2 2 2 1 0 3 1 0 0 0 0 1 3 0 0 4 0 3 1 2 1 6 0 4 8 7 3 1 12 3
21312347 532 9 3 3 1 2 1 3 1 2 2 1 0 2 1 0 0 0 0 3 3 3 0 4 6 12 3 1 6 3 0 3 2 3 0 0 0 1
21312348 410 5 1 1 3 1 3 1 0 2 1 0 0 0 0 3 0 2 2 0 0 0 2 2 3 1 0 3 4 5 0 4 6 12
21312349 516 11 1 3 2 2 1 3 1 2 2 3 1 1 0 3 1 0 0 0 0 4 4 3 1 6 12 3 4 1 3 2 4 3 3 0 0 2 0 0
21312350 609 10 2 3 2 3 3 1 3 1 1 2 1 0 2 1 0 0 0 0 3 3 4 1 12 4 1 2 5 3 2 0 0 4 4 0 3 1 0
21312351 502 9 1 3 2 2 1 3 2 3 1 1 0 2 1 0 0 0 0 3 3 3 1 4 4 0 3 3 2 3 12 3 3 3 1 0 0 0
21312353 612 6 2 2 3 1 3 3 1 0 3 1 0 0 0 0 1 2 3 2 1 3 12 0 5 5 5 0 1 1 3 0 0 2 0
21312354 632 2 2 1 1 0 2 1 0 0 0 0 1 1 0 12 3 3 3 6 4 5 0 3 1 3 0 1 2 0 0
21312355 571 2 3 1 1 0 1 1 0 0 0 0 1 0 1 0 0 2 2 1 5 4 2 1 5 3 0 12 2 4 0
21312356 560 7 2 2 3 3 1 3 1 1 0 2 1 0 0 0 0 2 2 3 3 5 12 0 1 4 5 0 0 6 3 0 0 2 1 3
21312358 508 1 3 1 0 2 1 0 0 0 0 0 0 1 1 1 0 0 2 3 4 0 7 7 0 1 12 2 3 0
21312359 633 2 3 1 1 0 1 1 0 0 0 0 1 0 1 0 3 7 12 0 5 6 7 2 3 4 4 2 1 2 0
21312360 596 3 1 3 1 1 0 1 1 0 0 0 0 2 0 1 0 2 0 2 12 3 3 0 5 2 4 0 1 2 0 3
21312361 577 2 2 2 1 0 3 1 0 0 0 0 0 2 0 0 1 12 3 0 5 6 5 3 1 3 3 0 0 1 2
21312362 466 11 1 3 3 3 3 1 2 2 1 2 2 1 0 1 1 0 0 0 0 3 4 4 3 2 0 0 3 3 0 0 4 5 0 1 12 7 6 0
21312363 526 8 2 1 2 1 1 3 3 2 1 0 3 1 0 0 0 0 3 3 2 0 1 0 0 2 3 4 1 4 3 3 0 2 12 4 3
21312364 495 3 3 1 2 1 0 2 1 0 0 0 0 1 1 1 0 1 0 7 1 5 7 12 4 2 8 5 3 4 5 3
21312365 528 2 3 2 1 0 3 1 0 0 0 0 0 1 1 0 0 4 2 0 4 5 1 0 5 7 3 2 1 1 12
21312367 625 10 3 3 1 1 3 2 1 2 3 2 1 0 2 1 0 0 0 0 3 3 4 1 0 0 0 5 3 3 0 3 7 5 1 12 6 4 2
21312368 549 1 3 1 0 2 1 0 0 0 0 0 0 1 1 5 3 12 0 0 7 3 3 0 5 2 0 1 0 0
21312370 493 5 2 3 1 2 1 3 1 7 0.33333333333333331 8 0.33333333333333331 9 0.33333333333333331 2 2 1 4 3 2 0 6 4 1 0 4 5 2 0 12 5 4 1
21312371 488 10 3 3 1 3 2 2 3 1 1 2 1 0 2 1 0 0 0 0 3 3 4 0 1 0 0 3 1 2 2 4 4 4 3 12 1 5 0
21312372 503 3 1 2 3 1 0 1 1 0 0 0 0 1 1 1 12 3 4 3 8 5 2 0 5 3 3 1 0 2 0 0
21312373 531 6 2 1 3 3 2 1 1 0 3 1 0 0 0 0 2 2 2 3 12 3 3 7 6 1 4 1 2 5 2 3 1 2 0
21312374 569 10 2 2 1 3 1 3 3 3 1 1 1 0 2 1 0 0 0 0 4 2 4 1 7 6 3 3 2 5 7 2 4 12 1 0 0 2 4
21312375 565 9 3 1 1 2 1 3 2 1 3 1 0 2 1 0 0 0 0 4 2 3 2 4 1 3 0 3 2 4 3 12 1 4 0 2 0 0
21312376 465 2 3 3 1 0 2 1 0 0 0 0 0 0 2 1 0 0 0 3 3 4 3 3 3 5 0 4 6 12 0
21312377 537 9 3 2 3 1 3 1 2 3 2 1 0 1 1 0 0 0 0 2 3 4 2 2 0 0 4 0 0 0 7 4 1 0 12 1 2 1
21312378 515 0 3 1 5 0.33333333333333331 6 0.33333333333333331 7 0.33333333333333331 0 0 0 0 0 0 2 1 1 5 2 4 7 3 0 12 7 1 2
21312380 534 8 2 3 3 1 2 2 1 3 1 0 1 1 0 0 0 0 2 3 3 0 2 0 3 1 6 2 0 3 5 4 0 12 4 1 0
21312381 475 9 3 1 1 2 3 2 3 1 2 1 0 1 1 0 0 0 0 3 3 3 0 3 3 0 3 4 4 4 1 4 6 12 2 2 2 1
21312382 557 8 3 1 3 3 2 1 2 3 1 0 2 1 0 0 0 0 2 2 4 1 2 2 0 4 3 3 1 3 5 12 0 0 0 1 0
21312383 484 2 3 1 1 0 2 1 0 0 0 0 1 0 1 12 4 3 0 5 7 3 0 4 4 2 1 0 0 0 3
21312384 480 2 3 2 1 0 3 1 0 0 0 0 0 1 1 2 3 3 12 3 1 6 7 1 5 4 5 0 0 1 2
21312385 472 8 1 1 2 3 2 1 1 2 1 0 3 1 0 0 0 0 4 3 1 2 0 3 0 0 0 4 12 0 3 4 6 3 1 5 2
21312386 507 3 2 1 3 1 0 3 1 0 0 0 0 1 1 1 0 2 1 1 3 3 4 3 0 4 6 3 0 2 3 12
21312387 506 8 2 2 1 3 1 3 3 2 1 0 1 1 0 0 0 0 2 3 3 1 2 5 12 0 3 6 4 0 3 1 4 0 0 2 0
21312389 520 8 2 2 1 3 2 3 3 1 1 0 1 1 0 0 0 0 2 3 3 3 2 1 0 3 6 3 3 3 4 3 0 12 1 2 0
21312390 560 7 1 3 3 1 1 2 2 1 0 3 1 0 0 0 0 3 2 2 0 4 5 12 0 2 3 7 0 0 3 4 3 0 1 2
21312391 545 1 1 1 0 3 1 0 0 0 0 1 0 0 1 6 8 2 3 5 5 0 2 3 3 0 12 3 3 0
21312392 540 1 3 1 0 2 1 0 0 0 0 0 0 1 1 0 0 0 0 3 2 12 0 2 5 5 1 5 3 1
21312393 554 5 3 2 2 2 2 1 0 1 1 0 0 0 0 0 4 1 1 3 1 0 4 4 5 0 12 3 0 3 0 4 1 0
21312394 554 5 1 3 2 1 3 1 0 2 1 0 0 0 0 2 1 2 3 3 1 2 0 2 3 0 1 5 4 0 3 5 12 0
21312395 599 0 1 0 1 1 0 0 0 0 0 0 0 3 0 3 3 0 0 4 3 3 7 4 2 0 12 6 5
21312397 610 3 2 2 3 1 0 1 1 0 0 0 0 0 2 1 0 7 2 0 8 1 0 2 4 6 5 1 12 1 3 0
21312398 562 6 2 1 2 3 3 2 1 0 2 1 0 0 0 0 1 3 2 0 12 8 3 0 3 4 6 3 0 1 7 0 3 1 1
21312399 577 11 3 2 1 3 1 2 2 3 1 2 3 1 0 1 1 0 0 0 0 3 4 4 3 3 0 0 3 4 5 0 3 5 4 0 12 1 2 3
21312400 557 6 2 3 1 3 2 1 1 0 2 1 0 0 0 0 2 2 2 0 2 0 0 0 3 0 1 0 4 6 1 1 2 4 12
