21310001 846 8 1 3 3 2 2 3 3 1 1 0 2 1 0 0 0 0 2 2 4 0 0 0 1 2 1 8 3 0 0 5 3 0 3 3 13
21310002 925 6 3 3 2 2 3 2 1 0 1 1 0 0 0 0 0 3 3 0 1 1 0 2 4 5 6 1 4 7 0 3 5 13 0
21310003 863 8 1 1 2 1 2 1 2 3 1 0 3 1 0 0 0 0 4 3 1 2 2 4 13 1 4 7 4 3 3 0 0 3 0 0 0
21310005 997 6 2 1 2 1 3 3 3 1 4 0.33333333333333331 5 0.33333333333333331 6 0.33333333333333331 2 2 2 2 3 3 0 9 3 2 0 13 6 4 1 4 3 4 1
21310007 834 0 1 0 3 1 0 0 0 0 0 0 0 1 2 3 4 3 4 7 13 1 3 3 2 0 0 2 1
21310008 742 11 2 3 1 2 3 2 3 2 1 3 1 1 0 1 1 0 0 0 0 3 4 4 0 0 0 2 1 1 3 13 4 6 4 2 7 3 3 3
21310009 912 3 2 2 1 1 0 1 1 0 0 0 0 1 2 0 0 1 4 4 0 13 2 5 3 1 0 3 2 0 0 4
21310010 970 3 2 1 3 1 0 3 1 0 0 0 0 1 1 1 1 0 2 0 3 2 0 0 4 2 1 0 3 5 13 1
21310011 954 4 2 3 1 1 1 0 2 1 0 0 0 0 2 1 1 2 1 4 0 5 3 0 3 13 5 3 0 0 1 2 0
21310012 945 4 1 1 2 3 1 0 2 1 0 0 0 0 2 1 1 5 4 13 1 3 4 3 3 0 2 0 8 3 0 0 0
21310013 838 2 1 3 1 0 2 1 0 0 0 0 1 0 1 1 3 6 3 2 4 3 4 0 2 3 13 0 1 0 0
21310014 922 10 3 1 1 3 2 2 3 1 1 2 1 0 3 1 0 0 0 0 4 3 3 3 7 2 1 3 4 3 3 0 4 3 13 0 0 2 0
21310015 942 11 1 2 1 1 2 2 3 1 2 3 3 1 0 3 1 0 0 0 0 4 4 3 0 0 8 9 3 3 5 13 0 3 4 2 0 0 1 4
21310016 1007 6 2 1 1 3 3 1 1 0 1 1 0 0 0 0 3 1 2 0 2 8 13 0 1 5 2 2 3 5 2 3 2 0 1
21310017 930 4 1 1 3 2 1 0 2 1 0 0 0 0 2 1 1 3 5 13 2 2 9 1 0 3 5 1 0 3 7 0 0
21310018 1070 2 2 2 1 0 3 1 0 0 0 0 0 2 0 4 3 3 0 7 4 4 1 13 3 1 3 2 0 1 0
21310019 839 0 1 0 3 1 0 0 0 0 0 0 0 0 1 1 0 3 6 4 2 4 7 4 2 3 3 8 13
21310022 822 11 2 3 1 3 1 1 2 2 3 3 1 1 0 2 1 0 0 0 0 4 3 4 0 2 1 0 3 1 3 4 0 13 5 4 0 2 3 3
21310023 1128 2 1 2 1 0 3 1 0 0 0 0 1 1 0 1 0 0 0 3 0 0 0 2 4 5 3 13 4 2 1
21310025 1009 0 1 0 2 1 0 0 0 0 0 0 0 5 2 3 13 3 4 3 1 1 1 3 3 0 4 0 2
21310026 1027 0 1 0 3 1 0 0 0 0 0 0 0 0 0 0 2 1 1 4 4 6 4 8 7 2 1 2 13
21310027 786 6 1 1 3 1 3 2 1 0 3 1 0 0 0 0 3 1 2 0 1 0 0 0 0 4 2 0 5 4 5 2 3 2 13
21310028 967 2 1 3 1 0 2 1 0 0 0 0 1 0 1 3 3 4 2 1 1 6 13 0 0 3 2 3 0 0 0
21310031 952 0 1 0 3 1 0 0 0 0 0 0 0 2 2 5 4 8 13 0 0 3 0 1 0 0 0 0 1
21310032 1006 8 2 3 1 3 3 2 1 1 1 0 2 1 0 0 0 0 3 2 3 0 1 8 4 0 1 3 13 2 0 4 2 0 0 3 5
21310033 996 3 1 2 2 1 0 1 1 0 0 0 0 1 2 0 1 0 2 3 2 3 4 1 0 4 2 5 0 3 1 13
21310034 818 8 2 3 3 1 1 2 2 1 1 0 3 1 0 0 0 0 3 3 2 0 0 3 2 1 5 13 1 2 3 5 3 0 4 3 4
21310035 951 11 3 1 1 2 3 2 1 1 3 2 2 1 0 3 1 0 0 0 0 4 4 3 13 7 1 0 3 4 3 0 1 2 3 2 0 3 0 0
21310037 954 0 1 0 2 1 0 0 0 0 0 0 0 2 4 13 0 2 6 1 0 3 1 1 4 0 3 1 2
21310039 880 10 2 1 1 3 3 3 1 2 1 2 1 0 3 1 0 0 0 0 4 3 3 1 0 0 2 3 13 1 0 6 3 5 2 3 2 3 0
21310040 921 4 3 1 2 3 1 0 2 1 0 0 0 0 1 1 2 4 2 3 2 1 3 6 3 13 1 4 3 0 1 3 3
21310041 767 10 2 3 1 1 2 1 2 3 1 2 1 0 3 1 0 0 0 0 4 4 2 1 2 3 13 0 5 1 2 0 6 4 3 0 0 8 3
21310044 871 5 1 2 3 2 2 1 0 3 1 0 0 0 0 1 3 1 1 3 0 0 2 4 3 4 13 8 3 1 3 8 4 1
21310045 841 10 2 1 3 3 3 3 1 2 2 1 1 0 2 1 0 0 0 0 3 3 4 1 0 4 0 2 3 5 4 3 1 8 13 0 3 3 3
21310047 907 0 1 0 1 1 0 0 0 0 0 0 0 4 2 4 13 3 5 1 6 0 3 3 2 0 3 0 0
21310049 979 3 3 1 2 1 0 3 1 0 0 0 0 1 1 1 3 9 1 13 1 4 4 2 2 1 6 2 0 0 0 3
21310052 913 2 3 1 1 0 3 1 0 0 0 0 1 0 1 4 2 2 0 3 3 7 1 1 4 4 5 3 13 2 0
21310053 917 6 2 3 1 1 3 2 1 0 2 1 0 0 0 0 2 2 2 13 3 0 2 3 4 1 0 5 7 3 1 3 0 0 0
21310054 918 4 3 2 2 1 1 0 2 1 0 0 0 0 1 2 1 0 1 4 13 3 0 4 4 0 3 8 3 0 0 1 3
21310055 822 7 3 1 1 2 1 1 2 1 0 3 1 0 0 0 0 4 2 1 0 3 0 0 2 3 13 3 7 4 3 0 2 4 4 0
21310056 878 5 2 3 1 2 1 1 0 3 1 0 0 0 0 2 2 1 0 2 13 4 0 4 5 3 0 3 4 1 1 0 2 0
21310060 882 11 2 3 3 1 1 2 2 2 1 1 3 1 0 3 1 0 0 0 0 4 4 3 1 6 2 2 7 5 3 1 9 13 7 0 4 1 4 2
21310061 755 0 1 0 1 1 0 0 0 0 0 0 0 3 0 0 0 6 13 3 1 2 6 3 2 3 5 4 0
21310062 871 4 1 2 2 1 1 0 1 1 0 0 0 0 2 2 0 3 13 6 8 4 3 7 0 1 7 2 0 2 4 0 0
21310063 930 9 2 3 2 2 1 3 2 1 3 1 0 1 1 0 0 0 0 2 4 3 1 1 2 0 0 13 1 1 0 3 2 5 0 3 2 0
21310066 924 2 1 2 1 0 2 1 0 0 0 0 1 1 0 0 0 1 8 0 2 2 13 1 0 8 5 4 3 1 3
21310067 1010 5 3 1 1 1 3 3 1 6 0.33333333333333331 7 0.33333333333333331 8 0.33333333333333331 3 0 2 6 4 2 2 5 7 2 3 3 4 2 2 1 13 3 1
21310069 913 11 3 3 2 2 1 3 1 2 1 3 1 1 0 2 1 0 0 0 0 4 3 4 3 1 0 0 2 2 3 2 7 7 5 2 1 13 1 1
21310070 903 8 1 2 1 3 3 1 3 2 1 0 3 1 0 0 0 0 3 2 3 2 3 4 13 2 7 6 3 0 3 4 1 2 0 1 0
21310071 863 8 1 3 2 1 3 3 2 3 1 0 2 1 0 0 0 0 2 2 4 5 13 4 0 3 1 2 1 1 0 0 0 2 0 0 0
21310074 925 5 1 3 1 1 2 1 0 2 1 0 0 0 0 3 1 1 5 9 8 2 13 7 4 3 2 0 0 4 0 0 1 0
21310078 930 4 2 1 3 1 1 0 2 1 0 0 0 0 2 1 1 0 3 13 2 7 8 1 1 6 4 5 3 0 2 4 3
21310079 922 2 3 3 1 0 2 1 0 0 0 0 0 0 2 3 4 4 13 1 1 5 7 0 0 3 4 0 0 2 0
21310080 1022 1 2 1 0 3 1 0 0 0 0 0 1 0 0 0 1 0 3 2 4 1 4 6 13 1 3 4 2 0
21310082 859 9 2 3 2 1 3 3 2 2 1 1 0 1 1 0 0 0 0 2 4 3 1 5 3 4 13 2 3 0 1 3 7 3 3 3 0 0
21310085 993 2 1 3 1 0 2 1 0 0 0 0 1 0 1 0 1 0 0 3 2 0 0 3 4 5 3 13 2 3 1
21310086 891 3 2 2 1 1 0 2 1 0 0 0 0 1 2 0 5 13 7 3 4 4 6 0 4 1 3 0 1 1 2 0
21310087 712 4 2 3 1 1 1 0 3 1 0 0 0 0 2 1 1 0 0 1 3 0 0 2 5 3 3 5 3 4 3 13 2
21310089 949 6 3 2 2 1 2 1 3 1 8 0.33333333333333331 9 0.33333333333333331 10 0.33333333333333331 2 3 1 1 4 1 13 3 8 6 4 0 2 4 2 0 0 3 1
21310090 843 5 1 3 3 3 2 3 1 8 0.33333333333333331 9 0.33333333333333331 10 0.33333333333333331 1 1 3 13 5 4 1 3 4 3 2 7 3 3 0 0 3 0 0
21310091 979 2 3 1 1 0 3 1 0 0 0 0 1 0 1 2 3 13 0 3 3 3 2 2 4 1 4 0 1 3 0
21310092 934 9 2 1 3 2 1 3 2 3 2 1 0 1 1 0 0 0 0 2 4 3 2 13 1 3 3 8 3 1 2 4 6 3 1 2 1 0
21310093 912 2 2 3 1 0 1 1 0 0 0 0 0 1 1 1 3 3 2 7 5 4 3 13 6 4 2 0 3 1 0
21310094 899 9 2 1 3 3 1 1 1 2 2 3 1 8 0.33333333333333331 9 0.33333333333333331 10 0.33333333333333331 4 3 2 3 0 0 0 2 0 0 3 1 4 2 0 13 6 3 4
21310095 783 5 2 1 3 3 2 1 0 1 1 0 0 0 0 1 2 2 0 2 3 8 3 1 4 5 0 4 2 13 0 0 0 1
21310096 1040 2 3 3 1 0 1 1 0 0 0 0 0 0 2 2 2 4 13 0 5 1 1 1 3 2 1 2 2 0 0
21310097 913 4 1 3 1 1 1 0 3 1 0 0 0 0 3 0 1 5 2 1 0 2 3 3 0 4 13 2 1 3 4 2 2
21310098 930 9 3 2 1 2 3 1 2 1 1 1 0 3 1 0 0 0 0 4 3 2 3 2 0 0 3 6 4 3 3 5 13 0 3 3 0 3
21310101 857 9 2 3 3 2 3 1 3 2 1 3 1 5 0.33333333333333331 6 0.33333333333333331 7 0.33333333333333331 2 3 4 0 7 1 0 3 3 3 0 4 4 2 1 13 3 5 0
21310102 975 4 1 2 1 3 1 0 3 1 0 0 0 0 2 1 1 13 4 3 2 3 4 3 6 9 6 4 0 3 0 0 0
21310103 872 8 2 2 3 1 1 1 3 3 1 0 2 1 0 0 0 0 3 2 3 0 1 0 4 2 6 1 2 0 6 7 2 1 7 13 3
21310104 917 3 3 1 3 1 0 1 1 0 0 0 0 1 0 2 4 4 5 3 6 2 7 8 13 2 2 1 0 3 2 1
21310107 947 5 2 1 2 2 1 1 0 3 1 0 0 0 0 2 3 0 0 3 4 0 0 3 7 13 0 5 3 5 1 2 1 4
21310108 926 8 2 3 3 2 1 2 3 1 1 0 1 1 0 0 0 0 2 3 3 3 13 3 0 3 3 1 2 2 2 7 1 1 3 0 0
21310109 806 6 1 3 2 3 2 1 1 0 3 1 0 0 0 0 2 2 2 0 1 2 0 4 0 3 2 5 3 4 0 13 5 3 1
21310110 1098 3 3 2 1 1 0 1 1 0 0 0 0 1 1 1 3 13 1 0 4 3 0 2 3 4 6 0 2 3 0 0
21310111 915 0 1 0 1 1 0 0 0 0 0 0 0 0 7 8 0 2 3 6 3 3 13 4 0 1 3 2 6
21310112 999 11 3 2 2 3 1 1 2 3 2 1 1 1 0 3 1 0 0 0 0 4 4 3 13 8 3 3 4 4 6 0 3 0 0 2 0 0 1 0
21310113 904 10 2 2 3 2 1 1 3 3 2 1 1 0 1 1 0 0 0 0 3 4 3 4 4 3 1 4 5 7 13 0 0 3 2 0 0 0 8
21310114 952 9 2 3 2 2 3 1 3 3 2 1 0 1 1 0 0 0 0 1 4 4 1 3 3 3 0 0 13 1 2 6 4 4 0 0 1 6
21310116 946 5 3 2 1 2 3 1 0 1 1 0 0 0 0 1 2 2 2 4 0 0 1 7 3 0 3 2 5 2 13 1 3 1
21310117 1042 1 1 3 1 5 0.33333333333333331 6 0.33333333333333331 7 0.33333333333333331 1 0 0 2 8 1 2 4 5 13 0 2 3 1 1 2 0 3 0
21310118 1008 4 3 3 3 2 1 0 2 1 0 0 0 0 0 1 3 0 0 3 2 0 1 4 6 1 1 7 7 3 4 6 13
21310119 782 6 1 3 2 2 3 1 1 0 1 1 0 0 0 0 2 2 2 0 0 5 1 3 2 13 3 3 1 6 2 0 2 3 3
21310120 899 3 3 1 2 1 0 1 1 0 0 0 0 1 1 1 2 0 0 0 0 0 1 2 2 0 1 4 0 3 13 6
21310122 864 2 3 2 1 0 1 1 0 0 0 0 0 1 1 3 13 3 1 2 4 5 3 3 3 1 0 2 0 0 3
21310123 746 1 3 1 0 2 1 0 0 0 0 0 0 1 0 0 0 3 2 13 1 0 4 1 6 2 4 3 0 1
21310124 886 11 2 3 3 1 1 3 1 3 1 2 2 1 0 2 1 0 0 0 0 4 3 4 2 4 6 13 3 0 4 8 0 0 3 2 0 1 1 0
21310125 949 0 1 0 3 1 0 0 0 0 0 0 0 3 2 0 0 4 6 3 4 6 3 1 6 13 4 2 1
21310126 1032 10 2 1 2 3 2 3 1 3 1 2 1 0 3 1 0 0 0 0 3 4 3 1 8 0 0 5 3 13 0 4 4 1 2 3 7 3 6
21310127 920 1 3 1 0 1 1 0 0 0 0 0 0 1 2 2 5 3 0 4 1 2 1 8 4 5 0 5 13 3
21310128 831 10 2 3 2 2 1 3 3 1 1 3 1 0 1 1 0 0 0 0 3 3 4 2 0 0 1 0 4 2 13 1 4 6 2 0 0 3 3
21310129 958 7 1 2 1 3 1 2 3 1 0 1 1 0 0 0 0 3 2 2 2 3 4 2 13 1 4 0 2 6 7 1 3 3 3 2
21310133 976 2 2 3 1 0 3 1 0 0 0 0 0 1 1 0 0 3 6 0 2 5 3 1 2 7 3 0 1 1 13
21310136 883 2 3 2 1 0 1 1 0 0 0 0 0 1 1 13 3 4 3 9 5 3 0 3 3 1 0 0 2 0 0
21310137 979 2 2 3 1 0 1 1 0 0 0 0 0 1 1 3 0 0 0 4 2 0 0 3 4 3 1 13 2 3 1
21310138 941 9 2 2 2 1 3 2 1 3 1 1 0 1 1 0 0 0 0 3 4 2 13 1 5 3 3 3 3 2 3 3 0 0 3 0 0 0
21310139 925 7 2 1 2 1 3 2 2 1 0 3 1 0 0 0 0 2 4 1 0 6 4 13 1 1 4 5 3 0 4 6 0 0 0 3
21310141 883 3 1 1 2 1 0 3 1 0 0 0 0 2 1 0 3 1 3 0 0 3 7 2 1 2 3 3 2 4 4 13
21310144 932 1 1 1 0 2 1 0 0 0 0 1 0 0 0 2 3 0 0 5 3 13 3 4 3 1 3 2 1 4
21310146 855 4 3 3 1 1 1 0 3 1 0 0 0 0 2 0 2 2 1 2 3 1 3 3 3 3 13 5 2 0 0 6 2
21310147 919 1 2 1 0 2 1 0 0 0 0 0 1 0 13 3 5 3 8 5 3 1 5 4 1 2 1 0 0 0
21310148 868 0 1 0 3 1 0 0 0 0 0 0 0 3 1 13 2 5 4 4 4 0 3 0 3 0 1 2 0
21310149 867 9 2 3 1 3 2 1 2 3 3 1 0 2 1 0 0 0 0 2 3 4 2 0 0 1 9 3 13 0 4 4 1 0 3 4 3 1
21310150 892 10 3 1 2 3 1 1 2 3 1 2 1 0 3 1 0 0 0 0 4 3 3 2 0 2 13 4 7 1 5 3 1 6 5 0 0 2 3
21310151 912 1 1 1 0 1 1 0 0 0 0 1 0 0 4 6 2 3 0 4 1 13 1 5 2 9 2 2 3 6
21310153 805 9 2 1 3 2 3 3 2 2 3 1 0 1 1 0 0 0 0 1 4 4 1 0 3 5 0 0 4 13 1 4 2 4 0 0 1 0
21310154 885 8 1 2 3 3 2 3 2 2 1 0 3 1 0 0 0 0 1 4 3 4 4 6 3 5 1 13 0 3 9 3 1 0 3 0 1
21310155 866 1 1 1 0 1 1 0 0 0 0 1 0 0 2 3 4 13 2 6 8 2 4 0 6 0 1 0 3 3
21310156 853 9 3 3 2 1 1 3 1 2 1 1 0 3 1 0 0 0 0 4 2 3 2 2 0 0 1 5 2 2 1 4 4 0 13 6 8 0
21310159 1030 4 3 3 1 1 1 0 1 1 0 0 0 0 2 0 2 2 1 2 2 8 4 4 0 6 4 6 2 4 7 13 0
21310161 989 4 2 1 2 3 1 0 3 1 0 0 0 0 1 2 1 2 4 6 3 1 8 4 5 0 13 1 1 0 0 2 3
21310162 890 3 3 2 3 1 0 1 1 0 0 0 0 0 1 2 0 0 3 0 2 2 0 0 1 4 4 1 4 5 13 0
21310164 844 2 2 3 1 0 2 1 0 0 0 0 0 1 1 3 0 1 0 2 4 6 13 1 1 4 9 1 3 3 2
21310165 982 9 2 3 1 3 2 2 3 2 3 1 0 1 1 0 0 0 0 1 4 4 0 0 1 0 1 2 2 0 3 5 3 1 0 13 6 1
21310166 884 9 1 2 3 2 1 3 1 1 2 1 0 3 1 0 0 0 0 4 3 2 0 1 0 2 4 3 4 0 8 8 3 3 13 4 2 3
21310167 787 1 1 1 0 3 1 0 0 0 0 1 0 0 1 3 2 3 4 7 13 0 5 4 4 7 2 3 0 0
21310168 978 9 2 1 2 2 1 2 3 1 3 1 0 3 1 0 0 0 0 3 4 2 7 0 1 0 3 8 2 3 1 5 0 0 13 4 4 0
21310169 822 7 1 3 2 2 1 3 2 1 0 1 1 0 0 0 0 2 3 2 13 1 3 0 7 3 5 2 6 2 0 0 0 1 0 3
21310170 841 5 2 1 2 2 3 1 0 3 1 0 0 0 0 1 3 1 7 5 3 0 1 4 5 2 1 13 2 1 1 0 0 0
21310171 826 9 2 2 3 3 3 2 1 3 2 1 0 1 1 0 0 0 0 1 4 4 0 1 4 2 3 1 1 6 2 13 3 2 1 1 6 3
21310174 839 11 2 2 3 3 1 2 1 3 3 1 1 1 0 2 1 0 0 0 0 4 3 4 3 4 4 13 0 9 8 3 0 6 3 5 0 2 1 0
21310175 999 3 3 2 3 1 0 1 1 0 0 0 0 0 1 2 2 1 2 0 7 5 3 0 13 5 1 0 4 2 3 1
21310176 946 10 1 3 2 1 2 2 1 3 1 3 1 0 3 1 0 0 0 0 4 3 3 3 0 0 2 2 13 4 3 3 5 4 6 1 1 3 2
21310177 797 5 1 1 3 2 2 1 0 2 1 0 0 0 0 2 2 1 1 3 0 0 3 6 2 0 13 2 1 3 1 4 3 0
21310179 1009 5 1 3 1 1 2 1 0 2 1 0 0 0 0 3 1 1 2 13 5 4 0 3 3 4 0 0 3 0 0 3 0 0
21310180 953 9 1 2 3 1 2 2 2 1 3 1 0 1 1 0 0 0 0 3 4 2 3 3 0 3 0 2 2 6 0 3 1 5 0 1 4 13
21310181 822 6 3 3 3 1 2 1 1 0 1 1 0 0 0 0 2 1 3 13 3 2 0 8 4 3 0 6 3 6 5 2 0 1 2
21310182 967 4 3 2 2 3 1 0 3 1 0 0 0 0 0 2 2 0 0 1 2 0 3 4 13 2 6 6 8 1 1 1 5
21310185 843 5 3 3 2 1 2 1 0 3 1 0 0 0 0 1 2 2 1 3 1 0 2 6 5 0 8 7 1 4 13 3 3 2
21310186 848 1 2 1 0 2 1 0 0 0 0 0 1 0 2 0 0 0 0 3 3 1 1 1 5 3 0 13 4 4
21310189 950 6 2 3 2 2 3 1 1 0 3 1 0 0 0 0 1 3 2 4 4 3 3 2 1 13 3 3 3 0 0 1 1 0 0
21310190 974 8 2 1 2 1 3 3 1 3 1 0 1 1 0 0 0 0 3 2 3 6 3 0 0 7 4 4 2 13 3 3 0 2 0 0 0
21310191 908 7 1 3 2 2 1 3 1 1 0 3 1 0 0 0 0 3 2 2 0 2 0 1 2 4 4 13 2 5 4 6 0 4 7 1
21310193 848 7 1 2 3 2 2 1 2 1 0 3 1 0 0 0 0 2 4 1 0 1 0 1 3 4 2 0 3 1 3 5 0 3 13 3
21310195 818 11 1 1 3 2 3 1 2 1 2 3 3 1 0 2 1 0 0 0 0 4 3 4 0 0 8 1 2 4 4 13 5 6 5 7 0 1 2 6
21310196 842 10 3 1 2 1 1 2 3 2 3 3 1 0 1 1 0 0 0 0 3 3 4 1 8 9 2 2 13 3 0 3 4 5 6 3 3 3 0
21310197 756 7 3 3 1 1 3 2 3 1 0 1 1 0 0 0 0 2 1 4 3 1 13 0 2 4 6 4 3 4 3 1 2 2 2 0
21310198 920 3 2 1 2 1 0 3 1 0 0 0 0 1 2 0 5 4 4 3 6 13 1 0 3 3 3 0 0 1 2 0
21310199 765 8 2 3 3 1 1 2 3 1 1 0 2 1 0 0 0 0 3 2 3 0 0 3 0 0 3 3 4 0 1 3 4 2 3 5 13
21310200 967 0 1 0 1 1 0 0 0 0 0 0 0 5 2 3 6 6 13 5 3 4 5 3 1 2 3 0 0
21310201 890 4 2 2 2 3 1 0 1 1 0 0 0 0 0 3 1 0 2 0 3 13 5 1 0 4 4 3 0 1 3 0 1
21310202 866 8 2 3 3 3 2 2 3 1 1 0 1 1 0 0 0 0 1 3 4 1 2 3 5 0 3 4 4 0 1 6 13 0 0 5 7
21310203 951 7 3 1 3 2 2 2 3 1 0 3 1 0 0 0 0 1 3 3 0 4 1 0 3 3 7 3 3 7 13 1 3 3 2 1
21310204 979 6 3 2 1 3 2 3 1 0 2 1 0 0 0 0 1 2 3 1 1 3 1 4 4 6 1 2 2 2 13 0 1 4 0
21310206 882 2 1 2 1 0 2 1 0 0 0 0 1 1 0 0 1 0 0 13 4 6 2 5 5 6 1 3 3 3 0
21310207 1003 1 1 1 0 3 1 0 0 0 0 1 0 0 0 0 3 0 0 3 2 4 0 3 2 7 1 5 13 4
21310208 800 3 1 1 3 1 0 3 1 0 0 0 0 2 0 1 0 2 2 0 1 5 0 2 3 3 1 0 2 4 13 0
21310210 1094 2 2 2 1 0 1 1 0 0 0 0 0 2 0 0 3 0 0 1 6 13 0 1 5 9 2 2 5 3 1
21310213 864 7 3 3 2 1 3 1 2 1 0 1 1 0 0 0 0 2 2 3 3 9 6 2 13 4 3 0 4 7 2 0 5 4 3 1
21310215 969 9 1 2 1 3 2 2 1 1 3 1 0 3 1 0 0 0 0 4 3 2 4 0 0 2 2 5 1 0 4 1 2 0 13 4 3 0
21310216 943 4 2 3 3 1 1 0 3 1 0 0 0 0 1 1 2 3 4 3 13 1 5 4 4 0 1 7 2 0 0 9 2
21310217 1025 9 1 2 2 3 3 1 1 2 3 1 0 2 1 0 0 0 0 3 3 3 13 3 1 0 5 8 4 0 4 8 0 3 2 0 1 0
21310218 962 4 1 3 3 1 3 1 7 0.33333333333333331 8 0.33333333333333331 9 0.33333333333333331 2 0 2 1 13 0 2 6 4 2 3 5 2 3 0 4 3 0 0
21310219 954 0 1 0 3 1 0 0 0 0 0 0 0 0 3 0 9 1 1 3 2 3 1 13 4 3 5 2 2
21310220 982 7 3 2 1 3 3 1 1 1 0 2 1 0 0 0 0 3 1 3 2 1 5 3 9 3 2 2 0 3 13 1 0 0 3 0
21310221 838 5 1 3 1 3 1 1 0 2 1 0 0 0 0 3 0 2 0 0 3 2 1 3 5 13 5 4 6 3 7 2 3 2
21310222 948 5 1 1 3 3 1 1 0 2 1 0 0 0 0 3 0 2 3 2 0 0 0 5 1 2 2 7 4 0 3 4 13 0
21310224 1025 10 3 3 1 1 2 2 1 3 2 3 1 0 1 1 0 0 0 0 3 3 4 1 0 2 0 13 6 0 2 4 5 5 0 4 1 2 0
21310225 1046 1 2 1 0 3 1 0 0 0 0 0 1 0 2 4 1 3 0 4 5 1 0 13 3 8 3 6 0 0
21310226 748 4 1 2 1 2 1 0 1 1 0 0 0 0 2 2 0 2 4 6 5 13 4 4 3 4 1 3 0 2 0 0 0
21310231 933 5 1 2 2 1 3 1 0 3 1 0 0 0 0 2 2 1 3 13 1 2 2 1 7 3 0 1 2 5 3 0 5 6
21310234 899 4 2 1 1 1 1 0 3 1 0 0 0 0 3 1 0 2 2 0 0 5 4 3 0 1 3 6 0 13 2 2 1
21310235 865 1 1 1 0 3 1 0 0 0 0 1 0 0 2 4 2 0 2 5 1 1 4 13 3 0 3 3 0 3
21310236 843 11 3 1 2 2 2 3 3 2 1 3 1 1 0 1 1 0 0 0 0 3 4 4 3 2 7 4 1 3 4 2 13 1 3 1 2 8 0 0
21310238 1154 4 2 1 2 2 1 0 3 1 0 0 0 0 1 3 0 0 3 0 0 3 0 1 0 3 1 7 0 4 7 13 3
21310239 845 3 3 2 1 1 0 3 1 0 0 0 0 1 1 1 13 4 2 1 5 7 3 2 3 8 1 0 4 0 3 0
21310240 926 3 1 2 2 3 1 6 0.33333333333333331 7 0.33333333333333331 8 0.33333333333333331 1 2 0 0 1 3 1 1 4 2 4 0 2 3 1 2 4 13 3
21310244 1019 1 3 3 1 7 0.33333333333333331 8 0.33333333333333331 9 0.33333333333333331 0 0 1 2 5 6 13 0 3 3 3 0 1 4 7 0 0 0 3
21310245 984 3 2 2 1 1 0 2 1 0 0 0 0 1 2 0 6 3 4 0 5 3 1 2 13 4 1 0 0 0 1 0
21310246 944 1 2 3 1 7 0.33333333333333331 8 0.33333333333333331 9 0.33333333333333331 0 1 0 3 5 1 13 0 0 4 4 0 0 1 9 0 2 3 0
21310249 971 8 1 3 3 1 2 2 2 3 1 0 2 1 0 0 0 0 2 3 3 13 7 4 1 3 6 2 4 1 3 4 0 1 0 0 0
21310250 1015 7 1 3 1 3 1 1 2 1 0 3 1 0 0 0 0 4 1 2 0 2 2 13 0 4 1 7 0 0 3 6 3 2 0 2
21310251 910 2 2 3 1 0 3 1 0 0 0 0 0 1 1 2 1 13 3 6 4 3 1 0 2 1 8 0 3 3 3
21310252 962 10 3 3 1 1 2 3 3 2 1 2 1 0 1 1 0 0 0 0 3 3 4 0 2 0 0 2 5 3 1 3 7 5 1 13 3 3 2
21310254 850 2 1 2 1 0 3 1 0 0 0 0 1 1 0 2 4 3 13 0 3 5 3 1 7 3 3 0 0 0 5
21310255 896 9 2 1 3 3 3 2 1 2 3 1 0 1 1 0 0 0 0 2 3 4 13 8 4 0 5 4 1 3 3 3 0 0 2 1 0 2
21310256 858 0 1 0 3 1 0 0 0 0 0 0 0 0 5 1 2 3 4 6 13 1 7 2 7 1 3 2 4
21310262 943 1 3 1 0 1 1 0 0 0 0 0 0 1 0 8 0 0 4 8 5 1 5 5 3 2 13 4 2 0
21310263 898 6 1 2 1 1 2 2 1 0 3 1 0 0 0 0 3 3 0 13 7 1 0 2 5 5 3 2 3 1 3 3 0 0 0
21310264 867 8 1 1 1 3 2 3 3 1 1 0 2 1 0 0 0 0 4 1 3 2 3 1 0 7 4 3 3 3 6 5 13 2 3 2 3
21310266 1057 9 3 2 2 1 2 3 3 3 1 1 0 1 1 0 0 0 0 2 3 4 0 0 2 4 3 1 6 4 2 3 13 5 0 0 1 3
21310267 850 10 3 1 2 1 3 1 2 3 3 2 1 0 1 1 0 0 0 0 3 3 4 0 0 2 0 0 3 3 1 3 5 5 0 7 13 2 4
21310269 1074 4 1 2 2 3 1 0 2 1 0 0 0 0 1 2 1 3 3 3 3 7 4 13 1 3 4 1 6 0 0 2 1
21310271 906 5 2 3 2 1 1 1 0 1 1 0 0 0 0 2 2 1 13 3 3 0 3 4 2 0 2 5 3 0 0 0 1 3
21310272 842 9 3 2 1 1 1 2 3 2 3 1 0 3 1 0 0 0 0 3 3 3 13 5 3 0 6 3 2 0 1 0 0 1 2 3 0 0
21310273 821 8 2 1 3 2 2 3 3 1 1 0 1 1 0 0 0 0 2 3 3 3 0 0 0 1 4 3 2 2 3 13 1 4 2 1 0
21310274 953 5 1 3 1 1 2 1 0 3 1 0 0 0 0 3 1 1 3 2 2 0 3 3 4 0 2 13 1 2 3 1 7 3
21310275 800 7 3 3 1 2 2 1 1 1 0 2 1 0 0 0 0 3 2 2 0 0 0 3 2 3 4 13 0 0 0 4 0 1 5 4
21310277 946 11 2 3 2 1 1 3 1 2 3 2 3 1 0 1 1 0 0 0 0 3 4 4 4 7 13 1 3 5 1 0 3 4 0 2 2 0 0 0
21310280 916 2 3 1 1 0 1 1 0 0 0 0 1 0 1 3 2 2 13 0 4 4 6 0 3 2 4 3 1 3 0
21310281 911 6 2 1 3 2 1 1 1 0 3 1 0 0 0 0 3 2 1 0 0 3 3 3 4 1 4 1 2 13 3 2 4 3 2
21310282 737 0 1 0 2 1 0 0 0 0 0 0 0 3 0 0 1 8 3 5 2 4 6 13 3 1 6 3 0
21310283 987 4 1 2 3 2 1 0 1 1 0 0 0 0 1 2 1 1 5 2 3 4 4 13 0 1 7 3 2 0 3 0 0
21310285 865 7 1 3 1 2 3 1 3 1 0 3 1 0 0 0 0 3 1 3 2 5 3 0 2 3 5 1 13 1 3 0 0 2 0 2
21310286 847 0 1 0 2 1 0 0 0 0 0 0 0 0 0 0 3 3 4 3 4 0 1 4 4 0 6 4 13
21310289 900 5 3 1 3 1 2 1 0 1 1 0 0 0 0 2 1 2 0 0 2 1 0 0 4 4 0 2 6 5 2 13 8 6
21310291 812 5 1 2 3 3 3 1 0 1 1 0 0 0 0 1 1 3 13 3 3 2 8 3 0 0 1 7 4 2 0 3 4 0
21310292 894 2 3 1 1 0 2 1 0 0 0 0 1 0 1 0 0 5 3 1 6 3 3 13 7 6 0 3 9 2 3
21310293 949 0 1 0 1 1 0 0 0 0 0 0 0 3 3 4 4 1 3 4 2 0 0 3 13 0 2 0 0
21310294 920 0 1 0 2 1 0 0 0 0 0 0 0 3 1 5 0 13 5 4 0 5 4 1 4 3 2 0 0
21310295 1076 3 3 3 1 1 0 1 1 0 0 0 0 1 0 2 0 0 2 3 2 3 5 3 2 0 7 4 0 4 1 13
21310296 771 0 1 0 1 1 0 0 0 0 0 0 0 0 3 0 2 2 4 3 0 13 6 5 3 2 5 1 1
21310297 863 10 2 3 3 3 3 1 1 2 2 1 1 0 2 1 0 0 0 0 3 3 4 13 5 2 1 4 6 4 3 4 1 3 0 9 3 0 0
21310298 931 11 2 2 2 3 1 1 2 3 1 3 1 1 0 3 1 0 0 0 0 4 4 3 0 7 0 0 0 4 3 2 4 3 4 0 13 4 1 3
21310300 888 6 1 1 1 3 2 1 1 0 3 1 0 0 0 0 4 1 1 13 3 4 3 2 4 3 8 2 5 3 0 0 2 0 0
21310301 942 4 1 1 3 3 1 0 2 1 0 0 0 0 2 0 2 3 7 5 3 7 3 3 1 8 2 2 2 13 1 0 0
21310303 935 7 3 3 1 2 1 2 2 1 0 1 1 0 0 0 0 2 3 2 0 0 5 3 0 2 8 3 7 4 1 4 3 1 2 13
21310304 826 11 3 2 3 1 1 3 2 2 3 2 1 1 0 1 1 0 0 0 0 3 4 4 0 0 0 3 5 3 4 2 1 2 4 1 0 13 7 4
21310305 873 9 3 2 2 2 1 1 3 2 3 1 0 1 1 0 0 0 0 2 4 3 4 13 3 5 1 3 4 7 2 5 3 1 0 0 0 3
21310307 1004 10 3 2 1 2 1 2 1 2 1 3 1 0 3 1 0 0 0 0 4 4 2 13 4 3 3 3 2 3 1 2 6 5 3 1 0 0 0
21310308 769 4 3 3 1 2 1 0 2 1 0 0 0 0 1 1 2 0 1 1 0 13 3 4 2 4 6 4 3 3 3 1 2
21310309 926 3 1 3 1 1 0 2 1 0 0 0 0 2 0 1 2 0 0 0 3 4 13 0 4 7 1 0 4 3 4 2
21310310 1097 5 2 1 1 2 3 1 0 1 1 0 0 0 0 2 2 1 3 1 2 0 2 6 4 3 3 1 8 0 13 4 2 3
21310311 864 5 1 3 3 2 1 1 0 2 1 0 0 0 0 2 1 2 2 4 13 0 3 5 2 0 3 6 1 0 4 1 3 3
21310313 921 2 2 3 1 0 2 1 0 0 0 0 0 1 1 1 5 8 13 3 5 3 5 0 4 3 4 0 0 0 1
21310314 1015 0 1 0 3 1 0 0 0 0 0 0 0 3 1 1 3 5 6 2 0 1 3 2 2 13 2 4 1
21310315 885 7 1 3 2 3 1 1 2 1 0 3 1 0 0 0 0 3 2 2 2 13 1 4 0 3 3 2 0 2 4 3 0 1 1 2
21310316 906 8 2 1 1 2 3 3 3 1 1 0 1 1 0 0 0 0 3 2 3 2 0 2 0 4 5 8 0 13 3 7 6 2 1 4 3
21310317 923 2 1 3 1 0 1 1 0 0 0 0 1 0 1 0 0 0 2 0 0 3 13 2 2 5 4 3 1 4 4
21310318 983 7 3 2 1 1 1 2 2 1 0 1 1 0 0 0 0 3 3 1 0 0 0 3 0 2 7 3 4 5 4 1 3 2 3 13
21310320 868 11 2 2 3 1 3 1 3 2 3 1 2 1 0 1 1 0 0 0 0 3 4 4 2 3 2 3 1 4 4 13 1 4 7 1 0 0 2 3
21310321 844 7 2 1 1 3 3 1 3 1 0 2 1 0 0 0 0 3 1 3 0 0 3 1 2 6 2 4 3 1 3 1 2 4 13 2
21310323 828 3 3 1 2 1 0 2 1 0 0 0 0 1 1 1 1 3 13 0 2 4 1 0 5 7 1 2 0 3 3 0
21310324 907 3 1 1 2 1 0 2 1 0 0 0 0 2 1 0 0 0 2 1 9 5 5 3 0 3 3 3 0 13 7 3
21310325 1014 0 1 0 3 1 0 0 0 0 0 0 0 1 2 5 3 13 7 5 1 0 3 6 3 2 0 0 0
21310326 886 2 2 1 1 0 2 1 0 0 0 0 1 1 0 13 1 3 0 4 5 0 3 4 6 3 0 3 3 3 0
21310328 942 5 3 1 1 2 3 1 0 3 1 0 0 0 0 2 1 2 2 2 2 13 0 4 4 1 0 1 1 6 0 0 0 2
21310329 872 0 1 0 2 1 0 0 0 0 0 0 0 0 0 1 0 13 5 3 0 4 4 4 0 6 4 3 3
21310331 782 5 1 2 3 2 3 1 0 1 1 0 0 0 0 1 2 2 3 0 0 3 1 1 1 2 3 5 2 2 1 3 13 2
21310334 804 8 3 2 1 2 1 1 3 3 1 0 2 1 0 0 0 0 3 2 3 2 0 0 3 0 2 4 3 1 3 5 6 0 1 3 13
21310335 737 4 1 1 2 1 3 1 4 0.33333333333333331 5 0.33333333333333331 6 0.33333333333333331 3 1 0 13 3 3 1 8 7 6 0 3 2 4 2 0 2 0 3
21310336 927 4 3 1 3 2 1 0 2 1 0 0 0 0 1 1 2 3 5 3 1 5 5 7 0 1 13 2 1 3 3 2 0
21310338 974 7 2 1 2 3 3 2 1 1 0 3 1 0 0 0 0 2 3 2 13 6 4 1 5 4 3 1 1 4 3 2 0 0 2 0
21310339 910 9 1 1 3 3 1 3 3 1 2 1 0 2 1 0 0 0 0 4 1 4 2 1 3 2 0 3 13 6 0 0 0 5 0 0 2 3
21310340 1073 10 2 1 1 1 2 3 3 3 2 2 1 0 3 1 0 0 0 0 3 4 3 1 2 4 0 0 5 7 13 4 2 1 2 1 4 1 3
21310341 813 11 1 3 3 3 3 1 2 1 1 2 2 1 0 2 1 0 0 0 0 4 3 4 4 1 4 0 2 4 2 3 3 8 3 2 13 0 1 1
21310342 1089 0 1 0 1 1 0 0 0 0 0 0 0 0 6 8 13 7 5 7 3 2 5 6 3 0 4 3 8
21310343 967 10 1 3 2 2 3 3 3 1 1 2 1 0 2 1 0 0 0 0 3 3 4 0 2 1 0 3 6 2 4 5 5 4 1 1 2 13 1
21310344 869 2 3 2 1 0 3 1 0 0 0 0 0 1 1 0 3 5 13 0 1 5 3 0 1 1 3 2 2 0 0
21310346 959 0 3 1 5 0.33333333333333331 6 0.33333333333333331 7 0.33333333333333331 0 0 0 3 4 1 13 0 3 4 3 0 6 5 2 0 3 9 3
21310348 862 9 2 1 1 3 1 2 3 3 3 1 0 1 1 0 0 0 0 3 2 4 2 2 0 0 0 13 3 2 0 1 4 3 4 5 4 3
21310350 715 3 1 3 3 1 0 3 1 0 0 0 0 1 0 2 0 0 2 0 3 3 0 0 6 4 1 0 13 2 7 3
21310354 865 8 3 1 2 2 2 3 3 1 1 0 1 1 0 0 0 0 2 3 3 1 0 0 0 3 0 0 2 0 1 4 2 3 5 5 13
21310356 1075 1 3 1 0 1 1 0 0 0 0 0 0 1 3 0 2 0 2 1 4 0 4 13 1 2 2 3 1 3
21310357 909 10 1 2 2 1 1 2 3 1 2 3 1 0 3 1 0 0 0 0 4 4 2 3 3 2 0 2 1 3 0 5 1 1 0 13 3 4 2
21310359 877 10 2 1 3 2 1 2 3 3 1 1 1 0 3 1 0 0 0 0 4 3 3 0 5 4 2 2 3 13 3 0 4 1 4 0 1 2 0
21310360 845 3 3 3 1 1 0 2 1 0 0 0 0 1 0 2 0 0 4 2 0 3 1 1 1 2 5 0 3 13 2 4
21310361 877 6 3 3 1 1 2 2 1 0 3 1 0 0 0 0 2 2 2 2 1 7 13 8 1 4 3 4 6 2 3 0 7 2 1
21310362 899 9 3 1 3 2 2 1 2 1 3 1 0 3 1 0 0 0 0 3 3 3 1 2 0 0 4 2 1 2 4 5 3 1 3 4 13 0
21310363 964 10 3 1 3 2 1 1 2 2 2 1 1 0 3 1 0 0 0 0 4 4 2 0 0 0 3 0 1 3 5 3 0 0 13 2 3 4 9
21310364 948 5 3 3 1 1 3 1 0 2 1 0 0 0 0 2 0 3 3 2 3 0 6 2 1 0 7 7 13 1 3 2 0 0
21310367 927 2 2 1 3 1 7 0.33333333333333331 8 0.33333333333333331 9 0.33333333333333331 1 1 0 4 4 0 0 5 3 9 3 13 6 4 1 0 0 2 0
21310371 835 7 1 1 2 2 2 1 3 1 0 3 1 0 0 0 0 3 3 1 0 0 1 3 7 4 5 3 6 2 6 4 3 3 4 13
21310372 918 0 1 0 3 1 0 0 0 0 0 0 0 13 1 7 3 4 3 3 2 3 1 4 0 3 0 2 0
21310373 1046 10 1 1 2 3 3 2 2 2 1 3 1 0 3 1 0 0 0 0 3 4 3 0 3 0 7 0 1 1 13 5 4 3 2 1 2 4 4
21310374 997 7 3 2 3 1 2 1 3 1 0 1 1 0 0 0 0 2 2 3 13 5 1 8 2 4 3 2 1 3 0 0 0 0 2 0
21310375 783 0 1 0 2 1 0 0 0 0 0 0 0 3 13 0 0 4 2 3 2 1 1 8 1 4 0 0 3
21310376 890 11 3 1 3 1 2 2 2 2 3 1 1 1 0 3 1 0 0 0 0 4 4 3 13 5 3 1 8 7 8 3 7 4 2 0 1 2 4 0
21310377 937 9 3 1 2 1 2 3 3 1 2 1 0 1 1 0 0 0 0 3 3 3 3 3 4 4 2 4 3 6 0 1 3 13 0 0 2 0
21310378 852 8 3 1 1 2 3 2 1 3 1 0 1 1 0 0 0 0 3 2 3 2 4 13 4 3 2 4 3 8 4 0 4 3 1 2 3
21310379 874 10 3 1 2 2 3 3 1 3 2 2 1 0 1 1 0 0 0 0 2 4 4 3 6 4 0 13 3 3 3 0 1 5 2 0 0 3 1
21310380 871 8 3 3 1 1 2 1 2 1 1 0 2 1 0 0 0 0 4 2 2 0 4 2 2 3 5 4 1 3 5 2 3 0 1 13 3
21310382 807 6 3 2 1 1 2 1 1 0 2 1 0 0 0 0 3 2 1 2 2 2 0 5 4 3 1 13 1 1 0 0 3 0 3
21310384 1026 9 1 3 1 2 2 3 2 3 3 1 0 2 1 0 0 0 0 2 3 4 0 0 1 0 1 0 0 2 0 1 4 3 0 4 5 13
21310387 963 4 1 2 2 3 1 0 3 1 0 0 0 0 1 2 1 1 4 1 3 13 4 7 0 0 3 2 0 0 1 2 0
21310389 808 11 1 1 2 3 2 3 1 2 1 3 2 1 0 3 1 0 0 0 0 4 4 3 0 13 7 3 0 4 3 3 3 1 5 3 0 2 0 0
21310390 852 6 2 2 3 1 3 1 1 0 2 1 0 0 0 0 2 2 2 0 3 2 1 5 6 3 3 1 1 6 13 2 4 3 3
21310392 900 1 1 1 0 2 1 0 0 0 0 1 0 0 3 0 0 0 1 2 4 13 0 3 4 6 0 3 3 5
21310393 832 2 2 1 1 0 2 1 0 0 0 0 1 1 0 3 1 5 13 1 0 2 5 0 0 3 4 0 0 3 0
21310394 890 3 3 2 2 1 0 2 1 0 0 0 0 0 2 1 13 1 4 1 5 8 3 1 4 7 0 0 0 0 3 0
21310396 1042 4 3 1 2 2 1 0 3 1 0 0 0 0 1 2 1 3 3 0 0 3 5 3 0 1 7 6 2 3 6 13 1
21310397 811 0 1 0 1 1 0 0 0 0 0 0 0 1 2 0 13 3 4 5 3 0 4 4 6 0 3 3 2
21310399 803 7 3 2 2 1 1 3 2 1 0 3 1 0 0 0 0 2 3 2 13 8 4 0 2 5 2 0 0 3 1 3 1 1 0 0
21310400 849 11 1 2 3 2 1 3 2 3 1 1 2 1 0 3 1 0 0 0 0 4 4 3 1 3 3 0 5 4 2 0 3 3 3 0 13 9 3 3
21310401 833 2 2 1 1 0 1 1 0 0 0 0 1 1 0 0 3 13 3 0 1 5 3 0 3 6 2 2 4 2 1
21310402 881 5 2 1 1 1 3 1 0 2 1 0 0 0 0 3 1 1 1 0 2 7 3 7 8 0 4 5 5 0 13 4 2 0
21310403 1019 2 2 1 1 0 1 1 0 0 0 0 1 1 0 2 13 4 5 5 3 3 4 0 0 1 3 0 0 2 0
21310404 954 7 1 3 3 1 2 3 1 1 0 2 1 0 0 0 0 3 1 3 2 1 3 3 2 3 5 0 1 13 3 0 0 0 4 2
21310405 843 11 3 1 2 1 1 2 2 2 1 3 3 1 0 3 1 0 0 0 0 4 4 3 2 13 4 6 3 3 5 1 7 5 3 0 1 0 2 3
21310406 980 9 3 3 2 1 1 3 2 2 3 1 0 1 1 0 0 0 0 2 3 4 3 1 0 2 4 1 1 0 5 3 7 2 13 2 7 0
21310407 898 0 1 0 2 1 0 0 0 0 0 0 0 0 0 3 2 0 0 5 1 0 1 4 4 2 13 1 4
21310408 951 11 1 3 1 1 3 3 2 2 2 1 2 1 0 3 1 0 0 0 0 4 4 3 0 1 6 2 0 3 13 4 3 4 5 2 0 3 1 3
21310409 940 10 2 1 1 3 1 2 3 2 3 1 1 0 3 1 0 0 0 0 4 3 3 0 0 4 3 1 9 4 3 0 5 4 3 2 13 8 2
21310410 1024 4 1 3 1 2 1 0 3 1 0 0 0 0 2 1 1 1 3 0 0 5 7 0 0 4 5 3 2 13 4 3 2
21310412 808 11 3 1 2 3 1 3 2 2 2 1 3 1 0 1 1 0 0 0 0 3 4 4 0 0 3 4 3 4 4 2 3 8 3 2 0 13 1 1
21310413 767 5 2 2 1 1 3 1 0 2 1 0 0 0 0 2 2 1 8 6 4 0 13 5 1 0 4 6 2 3 1 0 0 0
21310414 826 6 2 1 3 3 3 2 1 0 1 1 0 0 0 0 1 2 3 1 2 3 0 3 13 4 0 2 5 4 1 0 0 1 2
21310415 770 1 2 1 0 2 1 0 0 0 0 0 1 0 2 1 0 3 0 4 3 4 0 1 0 13 0 4 1 3
21310417 1026 0 1 0 3 1 0 0 0 0 0 0 0 0 1 0 0 2 2 0 1 4 13 8 7 4 5 3 5
21310418 961 4 3 1 3 1 1 0 1 1 0 0 0 0 2 0 2 2 3 0 0 0 5 0 0 2 2 3 0 13 5 4 3
21310420 997 3 1 3 1 1 0 2 1 0 0 0 0 2 0 1 3 1 0 2 0 3 5 3 0 7 6 4 2 3 13 5
21310421 858 0 1 0 1 1 0 0 0 0 0 0 0 3 2 3 2 0 4 2 7 3 5 1 3 7 13 1 3
21310422 867 5 2 3 2 1 3 1 0 3 1 0 0 0 0 1 2 2 1 4 13 0 4 4 1 0 0 5 6 3 2 1 2 0
21310423 946 1 2 1 0 3 1 0 0 0 0 0 1 0 0 0 0 1 0 4 13 2 0 4 5 1 1 2 4 4
21310425 871 4 3 3 1 1 1 0 2 1 0 0 0 0 2 0 2 2 4 3 13 3 5 3 3 0 3 1 0 0 0 2 0
21310427 871 3 2 1 3 1 0 1 1 0 0 0 0 1 1 1 2 4 13 0 4 1 4 1 3 2 3 0 0 2 0 3
21310428 797 11 2 3 1 3 1 1 2 3 2 3 1 1 0 2 1 0 0 0 0 4 3 4 0 3 3 0 1 5 1 4 2 4 13 2 0 4 5 6
21310429 959 9 3 3 2 1 1 1 2 3 2 1 0 3 1 0 0 0 0 3 3 3 1 3 3 1 3 2 4 2 3 4 13 4 0 1 2 0
21310431 787 5 1 2 1 1 1 1 0 3 1 0 0 0 0 4 1 0 0 1 2 3 0 3 5 5 2 13 3 2 3 0 0 2
21310434 923 6 1 3 2 2 1 2 1 0 3 1 0 0 0 0 2 3 1 0 0 0 1 2 5 7 1 0 3 4 6 3 3 13 3
21310436 802 1 3 1 0 1 1 0 0 0 0 0 0 1 2 4 4 3 2 7 4 13 0 0 0 8 0 0 0 1
21310438 867 10 3 2 2 1 1 3 1 2 3 3 1 0 1 1 0 0 0 0 3 3 4 13 9 2 3 7 4 2 1 1 4 3 0 2 0 0 0
21310439 960 10 3 1 1 2 2 1 2 3 3 3 3 1 7 0.33333333333333331 8 0.33333333333333331 9 0.33333333333333331 3 3 4 2 0 3 0 3 4 6 0 13 5 3 1 3 2 3 1
21310440 850 8 2 1 3 2 3 1 2 3 1 0 3 1 0 0 0 0 2 3 3 1 7 2 0 5 4 2 1 3 4 1 7 5 7 13 0
21310441 895 0 1 0 1 1 0 0 0 0 0 0 0 0 0 3 3 0 2 13 2 1 3 2 4 0 1 4 4
21310442 889 8 3 1 3 2 1 3 1 2 1 0 2 1 0 0 0 0 3 2 3 2 3 1 0 6 3 3 0 1 4 2 0 13 5 2 1
21310446 905 1 3 1 0 2 1 0 0 0 0 0 0 1 3 1 3 3 2 4 4 1 13 2 5 0 1 0 3 0
21310449 1003 11 2 2 3 3 3 1 1 1 2 2 3 1 0 1 1 0 0 0 0 3 4 4 2 6 1 0 7 5 3 0 13 5 2 3 0 0 1 0
21310450 968 2 2 3 1 0 1 1 0 0 0 0 0 1 1 13 3 1 0 6 2 0 0 1 4 0 3 0 2 0 0
21310451 917 10 2 2 3 3 1 2 1 3 1 1 1 0 3 1 0 0 0 0 4 3 3 3 13 4 2 8 5 4 0 5 2 5 1 0 3 3 0
21310452 958 10 3 2 1 2 2 3 1 3 2 1 1 0 3 1 0 0 0 0 3 4 3 0 1 0 0 0 3 0 2 0 1 3 5 2 13 1 4
21310453 850 6 3 1 3 3 1 2 1 0 2 1 0 0 0 0 2 1 3 0 3 0 0 0 13 2 4 0 1 4 4 1 4 4 2
21310454 1046 5 3 1 1 1 2 1 0 2 1 0 0 0 0 3 1 1 4 3 0 3 1 4 7 2 13 7 3 0 0 2 0 0
21310456 850 1 2 1 0 2 1 0 0 0 0 0 1 0 0 1 2 3 7 7 0 5 1 4 5 3 5 3 13 1
21310457 906 9 2 3 1 2 3 2 2 3 3 1 0 1 1 0 0 0 0 1 4 4 0 0 1 0 1 2 1 0 0 4 4 3 0 13 5 4
21310458 887 8 3 3 2 3 2 1 1 2 1 0 3 1 0 0 0 0 2 3 3 0 1 0 0 5 3 0 2 4 6 0 0 13 3 1 0
21310459 886 5 3 2 3 1 2 1 0 1 1 0 0 0 0 1 2 2 3 1 0 0 0 3 2 6 0 4 5 7 0 0 3 13
21310461 848 3 3 2 3 1 0 1 1 0 0 0 0 0 1 2 3 3 2 0 1 13 3 0 6 4 7 3 4 2 1 3
21310462 982 11 3 1 3 2 3 2 3 2 1 1 1 1 0 2 1 0 0 0 0 4 3 4 0 0 2 0 3 4 13 3 1 4 4 6 0 0 5 3
21310463 859 9 3 1 3 1 2 2 2 2 1 1 0 3 1 0 0 0 0 3 4 2 0 3 0 0 3 3 2 1 3 3 5 3 13 4 4 1
21310464 839 8 3 2 1 3 2 2 1 1 1 0 3 1 0 0 0 0 3 3 2 3 5 0 0 1 1 2 0 4 4 5 0 13 2 2 1
21310465 898 10 2 1 3 2 3 1 2 3 1 3 1 0 1 1 0 0 0 0 3 3 4 0 13 7 2 2 3 1 3 1 0 0 0 0 0 0 2
21310466 989 5 3 1 2 2 2 1 0 1 1 0 0 0 0 1 3 1 1 4 1 4 0 2 5 13 3 5 1 3 0 0 0 2
21310467 823 9 3 2 3 2 1 1 3 3 1 1 0 2 1 0 0 0 0 3 2 4 0 0 1 2 3 0 0 0 2 3 5 4 3 1 13 0
21310469 830 4 2 3 1 2 1 0 2 1 0 0 0 0 1 2 1 3 0 3 4 0 0 1 13 3 2 6 1 3 4 1 3
21310470 856 0 1 0 1 1 0 0 0 0 0 0 0 3 0 0 0 2 13 1 0 3 7 6 6 3 4 2 3
21310471 823 0 1 0 1 1 0 0 0 0 0 0 0 0 3 3 3 1 2 2 5 2 4 7 13 0 0 0 1
21310473 901 3 3 2 2 1 0 1 1 0 0 0 0 0 2 1 3 4 3 1 3 4 4 0 1 3 5 2 4 7 13 0
21310474 844 1 2 1 0 2 1 0 0 0 0 0 1 0 3 7 0 0 3 1 1 0 1 5 3 3 13 2 6 3
21310476 927 2 3 1 1 0 1 1 0 0 0 0 1 0 1 2 2 5 13 7 7 3 3 0 2 1 1 0 2 0 3
21310478 842 6 3 2 3 1 2 1 1 0 2 1 0 0 0 0 2 2 2 0 1 0 3 4 1 0 0 10 4 4 0 13 2 4 3
21310479 910 7 1 3 3 2 1 1 2 1 0 2 1 0 0 0 0 3 2 2 4 8 4 0 1 13 0 0 2 3 0 0 4 0 2 1
21310480 958 4 2 2 1 3 1 0 1 1 0 0 0 0 1 2 1 3 0 3 3 0 3 4 13 2 5 3 1 0 0 3 0
21310481 929 3 1 3 1 1 0 2 1 0 0 0 0 2 0 1 2 7 2 3 0 5 4 13 1 3 4 3 0 0 0 3
21310482 1102 3 3 3 2 1 0 2 1 0 0 0 0 0 1 2 0 6 4 13 3 1 7 4 0 2 1 0 0 0 0 1
21310486 955 9 2 3 1 2 1 1 1 3 2 1 0 2 1 0 0 0 0 4 3 2 0 2 5 2 0 3 4 4 0 3 1 13 3 3 1 0
21310488 870 0 1 0 3 1 0 0 0 0 0 0 0 13 3 2 0 8 5 2 1 6 1 1 0 2 3 0 0
21310490 851 2 2 1 1 0 2 1 0 0 0 0 1 1 0 8 4 2 3 13 4 0 1 1 6 4 5 4 0 0 0
21310492 919 4 3 2 1 1 1 0 3 1 0 0 0 0 2 1 1 0 0 0 3 2 3 0 0 3 3 6 1 13 7 2 3
21310493 827 2 1 1 1 0 3 1 0 0 0 0 2 0 0 3 2 6 2 1 2 6 3 0 0 13 4 0 0 3 3
21310494 986 6 2 1 3 1 2 2 1 0 3 1 0 0 0 0 2 3 1 0 1 0 0 5 2 3 3 5 6 1 3 13 6 3 0
21310495 835 1 1 1 0 1 1 0 0 0 0 1 0 0 3 3 6 3 2 6 2 3 3 5 3 2 13 1 3 0
21310498 956 2 3 3 1 0 2 1 0 0 0 0 0 0 2 7 0 2 1 1 1 13 0 4 8 5 0 5 4 3 2
21310499 872 0 1 0 2 1 0 0 0 0 0 0 0 3 1 2 0 9 1 4 0 13 4 2 1 0 1 3 2
21310500 828 10 2 3 3 3 1 3 1 2 2 1 1 0 1 1 0 0 0 0 3 3 4 13 3 2 0 5 3 6 1 3 4 0 5 4 0 2 0
21310501 834 8 1 3 1 1 2 3 2 3 1 0 2 1 0 0 0 0 3 2 3 2 2 3 13 2 5 1 6 0 3 3 1 0 1 5 0
21310502 1001 5 2 1 2 3 2 1 0 1 1 0 0 0 0 1 3 1 3 0 0 0 13 3 5 0 3 6 1 1 2 4 3 3
21310503 874 6 2 1 3 3 2 2 1 0 2 1 0 0 0 0 1 3 2 1 4 3 0 3 13 1 0 7 8 3 0 7 3 4 1
21310505 898 10 2 3 2 3 3 3 1 2 2 1 1 0 1 1 0 0 0 0 2 4 4 13 2 3 0 1 4 3 5 1 3 3 0 0 2 0 1
21310509 944 6 1 3 2 1 1 2 1 0 2 1 0 0 0 0 3 2 1 13 5 3 3 4 1 0 0 0 2 0 0 0 3 0 0
21310511 892 5 3 1 1 2 2 1 0 1 1 0 0 0 0 2 2 1 3 3 0 0 5 2 4 0 3 5 3 3 13 3 6 0
21310514 967 4 1 2 3 1 1 0 1 1 0 0 0 0 2 1 1 3 2 6 13 0 7 5 2 0 1 4 4 0 3 2 3
21310515 952 5 3 2 3 1 3 1 0 1 1 0 0 0 0 1 1 3 2 0 0 0 1 6 3 0 5 5 0 0 13 4 3 2
21310517 834 7 2 3 2 1 3 3 1 1 0 1 1 0 0 0 0 2 2 3 0 0 1 2 3 6 2 0 4 5 4 0 13 8 4 0
21310519 959 8 1 2 3 1 3 3 2 2 1 0 2 1 0 0 0 0 2 3 3 0 0 3 1 0 3 5 0 1 7 7 13 1 4 2 4
21310522 891 3 3 2 1 1 0 3 1 0 0 0 0 1 1 1 3 7 5 3 13 2 2 1 4 4 0 0 3 1 7 0
21310525 940 4 1 3 1 2 1 0 3 1 0 0 0 0 2 1 1 0 2 0 4 3 2 1 3 4 1 5 4 0 2 4 13
21310526 910 6 3 1 1 2 1 3 1 0 3 1 0 0 0 0 3 1 2 0 3 7 13 1 3 3 8 1 4 2 2 0 3 2 2
21310530 773 10 3 3 1 2 1 1 1 2 2 2 1 0 3 1 0 0 0 0 4 4 2 3 4 6 3 5 7 3 13 0 2 1 0 0 0 3 0
21310532 929 0 1 0 3 1 0 0 0 0 0 0 0 1 1 4 2 2 3 3 0 2 13 5 1 0 0 3 3
21310533 877 2 1 1 1 0 2 1 0 0 0 0 2 0 0 4 0 0 1 5 0 3 0 3 13 4 3 2 2 8 6
21310534 845 7 1 2 3 3 3 2 2 1 0 1 1 0 0 0 0 1 3 3 13 8 2 1 5 6 5 0 5 1 1 0 2 0 0 0
21310536 901 2 1 3 1 0 1 1 0 0 0 0 1 0 1 0 2 0 2 3 1 5 3 2 4 2 9 3 13 10 1
21310539 934 5 1 2 3 3 2 1 0 1 1 0 0 0 0 1 2 2 1 3 3 2 5 2 3 1 13 4 0 0 0 1 2 0
21310540 865 7 3 1 1 3 2 3 1 1 0 3 1 0 0 0 0 3 1 3 3 2 2 13 3 4 5 3 0 8 1 3 0 2 4 0
21310541 850 0 1 0 1 1 0 0 0 0 0 0 0 0 2 0 0 2 7 4 0 5 5 1 2 13 1 3 5
21310542 905 3 1 3 2 1 0 2 1 0 0 0 0 1 1 1 0 0 0 1 2 0 1 5 7 1 4 2 1 4 13 2
21310544 828 4 3 1 3 3 1 0 2 1 0 0 0 0 1 0 3 7 3 1 13 4 3 4 3 0 3 1 2 0 0 0 2
21310546 772 9 1 2 3 1 3 2 3 1 1 1 0 2 1 0 0 0 0 4 2 3 0 3 3 3 0 4 5 2 3 13 1 6 0 2 0 0
21310548 871 5 1 1 2 1 1 1 0 3 1 0 0 0 0 4 1 0 0 0 3 4 2 2 3 5 3 2 0 13 2 4 1 3
21310549 841 9 3 3 3 1 2 3 1 1 2 1 0 1 1 0 0 0 0 3 2 4 0 3 3 3 4 3 5 4 2 3 6 13 0 2 3 0
21310550 1003 5 1 2 2 3 3 1 0 3 1 0 0 0 0 1 2 2 13 2 2 0 1 3 1 3 1 3 4 3 0 0 3 5
21310551 798 4 1 1 1 3 1 0 3 1 0 0 0 0 3 0 1 3 2 13 6 4 4 3 0 3 6 5 2 2 7 4 0
21310552 857 9 3 2 2 3 2 1 1 2 1 1 0 3 1 0 0 0 0 3 4 2 3 4 0 1 3 5 3 0 4 4 3 0 13 0 3 0
21310553 871 9 1 2 2 2 1 2 3 1 1 1 0 3 1 0 0 0 0 4 4 1 3 0 0 0 5 2 1 0 13 3 6 4 3 1 2 3
21310554 966 0 1 0 1 1 0 0 0 0 0 0 0 3 0 0 0 4 1 3 0 3 2 6 1 2 5 13 2
21310555 875 2 3 1 1 0 3 1 0 0 0 0 1 0 1 2 3 3 2 2 5 2 3 1 4 3 6 0 1 1 13
21310556 938 2 2 3 1 0 3 1 0 0 0 0 0 1 1 3 0 2 0 2 3 6 6 3 7 1 1 0 4 1 13
21310557 831 7 1 1 3 2 3 3 2 3 1 5 0.33333333333333331 6 0.33333333333333331 7 0.33333333333333331 2 2 3 2 2 13 3 5 3 2 1 1 1 2 6 3 4 1 4
21310562 926 0 1 0 1 1 0 0 0 0 0 0 0 3 0 0 0 2 4 0 0 3 5 4 0 4 3 13 5
21310563 924 7 3 3 1 1 2 2 1 3 1 4 0.33333333333333331 5 0.33333333333333331 6 0.33333333333333331 3 2 2 2 0 0 3 0 3 3 1 3 5 5 5 3 3 13 2
21310565 834 4 2 3 2 1 1 0 2 1 0 0 0 0 1 2 1 0 0 0 3 0 1 3 5 1 13 3 1 0 4 4 2
21310566 751 0 1 0 3 1 0 0 0 0 0 0 0 0 4 6 13 2 3 3 7 0 1 5 3 0 0 0 3
21310568 880 7 3 1 2 2 1 2 3 1 0 2 1 0 0 0 0 2 3 2 1 1 3 13 2 8 6 5 0 4 1 4 0 3 0 3
21310569 764 0 1 0 1 1 0 0 0 0 0 0 0 0 3 2 0 2 4 0 0 4 5 1 0 4 2 13 1
21310570 862 9 3 1 1 2 2 3 2 1 2 3 1 7 0.33333333333333331 8 0.33333333333333331 9 0.33333333333333331 3 4 2 1 0 0 0 3 2 0 3 3 5 4 0 13 6 1 0
21310571 835 6 1 2 2 3 1 3 1 0 3 1 0 0 0 0 2 2 2 6 0 1 0 1 0 3 2 2 13 3 0 3 5 4 0
21310572 964 8 3 1 2 3 2 1 1 2 1 0 3 1 0 0 0 0 3 3 2 3 0 0 2 5 3 1 0 7 1 13 0 3 5 2 3
21310573 900 11 2 1 3 2 3 3 1 2 2 3 1 1 0 1 1 0 0 0 0 3 4 4 13 4 5 4 3 8 3 0 2 0 3 0 1 0 0 0
21310575 903 4 2 2 1 2 1 0 3 1 0 0 0 0 1 3 0 0 1 3 0 8 8 4 0 3 3 5 0 13 4 3 1
21310576 859 1 2 1 0 1 1 0 0 0 0 0 1 0 0 0 3 0 3 2 1 8 1 3 7 2 0 4 4 13
21310578 885 9 2 1 1 1 3 3 2 1 2 3 1 4 0.33333333333333331 5 0.33333333333333331 6 0.33333333333333331 4 3 2 0 3 0 2 0 2 1 3 0 5 3 4 3 3 4 13
21310579 836 9 2 3 1 2 3 1 2 3 3 1 0 1 1 0 0 0 0 2 3 4 2 1 3 0 1 6 2 3 0 4 13 2 3 4 1 3
21310580 968 11 1 3 3 1 3 3 2 2 1 2 1 3 1 8 0.33333333333333331 9 0.33333333333333331 10 0.33333333333333331 4 3 4 0 1 0 2 4 3 13 3 3 4 7 3 7 2 4 3
21310581 915 7 2 1 3 2 1 3 1 1 0 2 1 0 0 0 0 3 2 2 1 4 13 3 3 4 3 7 0 2 5 4 0 0 0 3
21310584 970 3 2 3 2 1 0 3 1 0 0 0 0 0 2 1 4 6 13 7 1 3 5 3 2 3 4 1 0 1 0 0
21310590 894 2 3 3 1 0 2 1 0 0 0 0 0 0 2 1 3 13 3 2 5 3 2 0 5 1 3 0 1 0 3
21310591 876 6 3 1 2 2 3 1 1 0 2 1 0 0 0 0 2 2 2 3 2 1 0 8 5 3 3 13 3 4 0 0 0 0 1
21310592 805 2 3 1 1 0 3 1 0 0 0 0 1 0 1 4 3 3 2 8 4 4 2 13 3 6 1 0 0 2 1
21310596 892 2 2 2 1 0 1 1 0 0 0 0 0 2 0 1 2 0 0 3 4 2 1 7 8 6 1 13 5 7 3
21310597 1108 3 3 3 2 1 0 1 1 0 0 0 0 0 1 2 3 6 3 0 3 13 1 7 8 2 4 2 1 0 5 0
21310598 742 6 2 2 3 2 3 1 1 0 3 1 0 0 0 0 1 3 2 5 1 0 0 1 5 1 1 8 13 3 1 2 2 2 0
21310600 965 11 2 2 1 3 2 1 1 2 3 3 3 1 0 1 1 0 0 0 0 3 4 4 0 2 0 1 0 3 0 3 3 4 5 4 0 4 8 13
21310602 857 6 3 3 2 2 1 3 1 0 1 1 0 0 0 0 1 2 3 0 1 2 1 6 5 1 6 2 7 4 2 4 3 13 3
21310603 908 7 1 1 1 3 3 3 2 1 0 3 1 0 0 0 0 3 1 3 2 2 1 2 6 2 13 3 3 3 3 1 2 1 0 0
21310604 901 3 3 2 3 1 0 1 1 0 0 0 0 0 1 2 2 0 0 0 3 0 7 3 2 4 3 1 13 1 5 0
21310605 976 9 1 2 3 1 2 3 3 1 1 1 0 2 1 0 0 0 0 4 2 3 3 13 5 3 1 6 7 0 3 0 2 3 0 2 0 0
21310608 834 10 3 2 1 1 3 3 2 1 3 1 1 0 2 1 0 0 0 0 4 2 4 3 0 3 2 3 0 1 0 3 4 4 0 3 13 2 0
21310609 1008 8 2 1 1 1 1 2 3 3 1 0 3 1 0 0 0 0 4 2 2 0 3 2 2 2 1 4 2 3 4 1 0 13 5 3 0
21310612 1046 7 3 1 3 1 1 2 1 1 0 3 1 0 0 0 0 4 1 2 0 2 0 2 2 5 9 0 3 6 5 0 13 3 3 0
21310613 751 1 2 1 0 2 1 0 0 0 0 0 1 0 0 0 1 0 0 1 3 3 3 5 0 0 13 8 7 3
21310614 746 0 1 0 2 1 0 0 0 0 0 0 0 0 2 0 0 4 3 3 0 7 7 4 1 13 3 3 1
21310616 930 0 1 0 3 1 0 0 0 0 0 0 0 3 0 0 0 3 13 0 0 6 5 4 3 2 1 3 0
21310617 888 8 2 1 2 2 1 3 1 2 1 0 3 1 0 0 0 0 3 4 1 1 7 4 3 3 7 7 5 1 3 5 2 0 4 4 13
21310619 927 5 3 2 1 3 1 1 0 2 1 0 0 0 0 2 1 2 2 0 2 0 0 1 4 3 1 3 5 3 0 3 5 13
21310620 894 5 3 2 3 1 2 1 0 2 1 0 0 0 0 1 2 2 1 0 0 0 13 4 3 0 5 3 0 0 4 0 3 1
21310621 992 0 1 0 2 1 0 0 0 0 0 0 0 1 2 4 3 2 2 4 3 13 6 1 0 3 1 3 1
21310622 864 0 1 0 3 1 0 0 0 0 0 0 0 8 4 4 4 0 2 13 4 0 3 0 3 0 0 1 0
21310625 967 1 3 1 0 3 1 0 0 0 0 0 0 1 3 0 3 0 4 4 5 1 5 8 4 2 13 6 5 3
21310626 905 5 3 3 2 3 2 1 0 3 1 0 0 0 0 0 2 3 3 13 1 0 4 4 3 0 3 4 6 0 2 1 0 1
21310627 921 8 1 1 1 3 3 2 3 3 1 0 1 1 0 0 0 0 3 1 4 0 13 3 2 2 5 3 0 1 3 4 2 0 0 0 2
21310628 878 11 1 3 2 1 2 1 3 2 1 2 3 1 0 3 1 0 0 0 0 4 4 3 0 2 3 13 3 2 3 6 4 3 5 1 1 1 3 2
21310629 871 3 3 1 2 3 1 6 0.33333333333333331 7 0.33333333333333331 8 0.33333333333333331 1 1 1 3 1 1 0 0 4 0 0 0 3 13 3 2 5 2 3
21310630 920 6 3 1 3 2 1 2 1 0 3 1 0 0 0 0 2 2 2 4 3 1 3 2 6 13 2 0 1 0 4 0 6 1 2
21310631 960 8 1 3 1 2 3 3 3 2 1 0 2 1 0 0 0 0 2 2 4 1 1 4 13 2 5 4 3 0 3 2 3 0 0 0 1
21310632 1036 1 2 1 0 2 1 0 0 0 0 0 1 0 1 0 0 0 6 9 5 3 1 6 3 3 13 4 3 0
21310634 964 0 1 0 1 1 0 0 0 0 0 0 0 6 3 4 1 4 6 4 4 13 7 3 0 2 2 0 0
21310638 883 5 1 1 3 3 2 1 0 1 1 0 0 0 0 2 1 2 2 1 3 2 0 2 7 2 5 3 6 3 0 4 1 13
21310640 875 8 2 2 3 3 1 2 2 3 1 0 3 1 0 0 0 0 1 4 3 0 13 5 4 1 3 3 3 0 9 1 3 0 1 4 0
21310641 846 0 1 0 3 1 0 0 0 0 0 0 0 13 6 5 0 2 1 0 0 0 1 0 3 0 2 0 0
21310643 879 11 1 2 3 2 2 3 1 2 3 3 1 1 0 1 1 0 0 0 0 3 4 4 1 0 3 0 0 4 2 13 0 3 5 1 0 2 4 4
21310645 934 8 1 2 1 3 2 3 2 2 1 0 3 1 0 0 0 0 2 4 2 0 2 1 1 3 5 6 7 1 4 4 13 0 0 3 0
21310646 907 3 2 2 3 1 0 1 1 0 0 0 0 0 2 1 3 3 3 13 1 5 8 8 0 0 6 3 0 0 0 3
21310648 853 5 2 2 1 2 1 1 0 2 1 0 0 0 0 2 3 0 1 0 0 0 13 3 4 3 5 1 4 0 4 2 3 1
21310649 1025 0 1 0 2 1 0 0 0 0 0 0 0 0 7 0 3 0 2 6 7 1 7 3 3 3 1 8 13
21310650 841 3 2 3 1 1 0 1 1 0 0 0 0 1 1 1 2 0 1 2 6 3 1 2 2 3 4 0 3 13 1 3
21310652 955 3 2 1 2 1 0 1 1 0 0 0 0 1 2 0 0 0 0 3 0 0 2 3 1 0 13 5 0 2 1 6
21310653 783 6 3 2 2 3 1 3 1 0 1 1 0 0 0 0 1 2 3 8 0 0 0 0 3 4 13 4 8 4 4 3 3 3 3
21310655 855 7 2 3 3 3 2 2 2 1 0 1 1 0 0 0 0 0 4 3 1 0 1 1 3 0 3 0 13 4 0 0 2 6 4 1
21310656 926 4 1 3 3 2 1 0 1 1 0 0 0 0 1 1 2 0 0 2 0 13 3 4 0 4 8 5 1 3 3 8 2
21310657 962 8 3 3 1 3 2 3 1 1 1 0 2 1 0 0 0 0 3 1 4 3 2 3 2 13 5 1 2 1 3 4 3 2 1 0 0
21310658 787 8 2 1 3 2 2 1 2 1 1 0 3 1 0 0 0 0 3 4 1 4 4 5 13 0 7 3 3 0 3 0 1 0 0 3 0
21310659 968 1 2 1 0 2 1 0 0 0 0 0 1 0 0 0 1 1 0 0 3 0 3 4 3 0 5 13 3 0
21310661 911 0 1 0 2 1 0 0 0 0 0 0 0 1 0 3 13 0 0 4 8 0 1 5 7 0 0 2 3
21310662 904 10 2 3 2 1 1 3 2 3 3 2 1 0 1 1 0 0 0 0 2 4 4 0 0 1 2 1 2 4 0 1 1 4 6 0 2 3 13
21310663 931 7 1 3 2 2 2 1 3 1 0 2 1 0 0 0 0 2 3 2 3 2 3 0 13 5 1 3 3 3 1 0 0 1 3 3
21310664 957 4 2 1 3 1 1 0 3 1 0 0 0 0 2 1 1 4 0 3 0 2 4 13 2 4 5 3 1 0 3 0 0
21310669 887 4 3 1 3 2 1 0 2 1 0 0 0 0 1 1 2 2 1 1 0 5 3 2 0 13 8 6 3 0 4 0 1
21310672 754 11 1 3 3 1 3 2 1 2 2 3 2 1 0 1 1 0 0 0 0 3 4 4 3 2 1 0 4 5 6 2 7 4 2 0 13 5 1 1
21310673 1135 2 2 2 3 1 5 0.33333333333333331 6 0.33333333333333331 7 0.33333333333333331 0 2 0 6 1 1 2 5 4 3 1 3 5 7 1 4 2 13 0
21310674 915 10 2 1 2 1 2 1 3 1 2 3 1 0 3 1 0 0 0 0 4 4 2 0 3 0 1 7 1 13 4 6 3 2 2 0 1 2 4
21310676 915 8 1 1 2 3 1 3 2 3 1 0 2 1 0 0 0 0 3 2 3 3 0 2 1 0 2 4 1 0 3 6 4 0 5 8 13
21310677 922 0 1 0 1 1 0 0 0 0 0 0 0 0 3 0 0 4 3 0 0 5 13 3 2 2 1 3 0
21310680 937 4 3 3 3 1 1 0 2 1 0 0 0 0 1 0 3 0 2 0 0 0 0 1 0 3 3 3 4 0 13 7 5
21310682 879 5 1 3 1 1 2 1 0 2 1 0 0 0 0 3 1 1 0 0 0 1 0 2 0 3 0 2 4 5 4 4 4 13
21310684 996 10 1 2 3 3 2 1 3 3 1 1 1 0 2 1 0 0 0 0 4 2 4 3 7 9 13 4 3 4 4 2 3 1 5 0 2 0 0
21310685 880 5 2 2 3 1 2 1 0 1 1 0 0 0 0 1 3 1 1 2 7 13 0 6 5 3 0 1 1 5 2 0 3 0
21310686 968 10 1 1 2 2 2 1 3 2 3 3 1 0 1 1 0 0 0 0 3 4 3 0 0 0 3 8 2 3 0 5 5 5 1 13 2 3 1
21310689 990 8 3 2 1 2 1 1 3 3 1 0 2 1 0 0 0 0 3 2 3 2 0 0 0 0 2 13 7 1 1 6 4 0 0 3 3
21310691 800 3 2 3 1 1 0 3 1 0 0 0 0 1 1 1 0 0 0 3 0 4 3 3 2 6 3 4 6 13 6 1
21310692 934 7 3 2 2 1 1 3 3 1 0 1 1 0 0 0 0 2 2 3 13 6 3 0 4 6 1 0 2 2 4 2 3 0 1 0
21310693 920 9 2 3 1 1 2 3 2 1 3 1 0 3 1 0 0 0 0 3 3 3 0 13 3 6 1 4 3 6 0 2 1 3 2 0 0 0
21310694 931 0 1 0 1 1 0 0 0 0 0 0 0 3 0 0 0 3 1 0 3 4 5 2 2 13 9 3 0
21310695 740 11 1 1 3 2 3 1 1 2 2 2 3 1 0 3 1 0 0 0 0 4 4 3 1 0 4 1 0 2 5 2 3 7 4 5 0 4 13 3
21310697 1042 11 3 1 2 1 1 3 2 1 2 2 3 1 0 3 1 0 0 0 0 4 4 3 1 13 1 3 0 3 4 2 2 6 2 2 0 0 1 1
21310700 798 3 3 2 3 1 0 1 1 0 0 0 0 0 1 2 3 2 0 0 1 2 0 0 4 8 2 1 13 3 4 1
21310703 850 3 1 3 2 1 0 3 1 0 0 0 0 1 1 1 1 0 4 0 4 3 5 2 2 5 4 1 13 3 2 1
21310704 843 2 1 3 1 0 2 1 0 0 0 0 1 0 1 1 0 0 0 4 2 3 2 5 3 6 3 13 1 0 3
21310705 977 7 3 3 3 1 1 1 2 1 0 2 1 0 0 0 0 3 1 3 2 3 5 3 3 6 8 13 1 1 2 4 3 4 2 0
21310706 897 10 1 1 3 2 2 3 2 3 1 2 1 0 1 1 0 0 0 0 3 4 3 0 1 3 4 3 1 3 5 0 3 13 2 2 3 6 7
21310707 984 10 2 1 1 3 2 3 1 2 1 3 1 0 3 1 0 0 0 0 4 3 3 2 2 5 13 0 4 4 4 1 0 9 1 0 0 0 2
21310708 848 8 3 1 3 3 2 2 1 1 1 0 2 1 0 0 0 0 3 2 3 2 4 0 1 3 4 1 7 2 6 4 3 13 6 5 0
21310709 830 1 3 1 0 2 1 0 0 0 0 0 0 1 0 0 1 0 0 1 1 3 2 3 13 2 4 3 5 3
21310710 975 10 1 3 2 3 1 1 3 2 3 2 1 0 1 1 0 0 0 0 3 3 4 3 5 3 13 1 3 7 5 1 0 2 2 0 2 3 0
21310711 926 0 1 0 2 1 0 0 0 0 0 0 0 0 1 0 3 0 3 0 7 0 1 5 7 2 4 6 13
21310713 873 10 2 2 2 3 1 1 3 3 1 1 1 0 2 1 0 0 0 0 4 3 3 0 0 3 0 0 13 3 4 1 4 5 3 0 2 1 2
21310714 839 9 3 2 1 3 3 2 2 1 1 1 0 3 1 0 0 0 0 3 3 3 3 13 5 4 5 6 4 4 1 2 3 1 3 0 2 0
21310715 834 0 1 0 3 1 0 0 0 0 0 0 0 1 3 4 13 2 4 2 4 0 3 0 2 1 1 0 0
21310716 899 10 2 2 1 3 3 2 1 3 2 1 1 0 1 1 0 0 0 0 3 4 3 4 3 3 13 2 7 5 1 0 3 2 0 3 1 3 0
21310720 920 6 1 2 1 3 1 3 1 0 2 1 0 0 0 0 3 1 2 0 0 0 1 2 4 13 0 2 4 1 2 3 4 6 0
21310721 893 11 1 3 3 3 1 2 1 1 2 3 2 1 0 2 1 0 0 0 0 4 3 4 0 0 1 2 0 4 4 13 0 0 3 5 3 4 2 1
21310723 870 2 1 3 1 0 3 1 0 0 0 0 1 0 1 0 2 2 3 0 2 4 7 0 4 6 1 1 5 4 13
21310725 875 9 1 2 2 2 1 3 1 2 3 1 0 1 1 0 0 0 0 3 4 2 0 0 0 3 3 4 6 3 13 4 1 3 2 5 3 0
21310728 993 6 2 3 1 2 3 1 1 0 3 1 0 0 0 0 2 2 2 3 0 1 2 0 0 3 2 3 5 6 1 0 13 8 4
21310729 763 4 3 3 3 2 1 0 1 1 0 0 0 0 0 1 3 2 1 3 0 3 13 2 0 4 4 3 1 0 2 1 0
21310730 910 4 3 3 2 1 1 0 2 1 0 0 0 0 1 1 2 13 1 2 1 3 4 1 1 2 5 7 4 2 3 4 3
21310731 851 6 2 3 1 3 2 3 1 0 2 1 0 0 0 0 1 2 3 1 1 4 0 9 8 6 0 13 7 2 2 1 4 1 4
21310733 830 2 3 2 1 0 3 1 0 0 0 0 0 1 1 2 0 1 3 1 5 3 7 0 3 6 13 0 3 4 5
21310736 946 6 3 2 1 3 1 2 1 0 3 1 0 0 0 0 2 2 2 2 0 2 0 1 4 8 13 1 3 3 6 3 1 2 3
21310737 916 9 2 3 2 3 2 1 3 2 3 1 0 1 1 0 0 0 0 1 4 4 0 0 8 1 0 0 6 3 0 4 4 1 1 13 2 4
21310738 926 6 3 1 1 2 1 3 1 0 3 1 0 0 0 0 3 1 2 13 8 1 0 2 8 5 2 2 5 0 0 2 1 0 0
21310739 932 7 1 1 1 1 2 2 2 1 0 2 1 0 0 0 0 4 3 0 0 0 6 1 3 3 4 5 2 3 3 13 0 0 0 3
21310740 950 10 3 1 2 2 2 3 2 3 3 1 1 0 1 1 0 0 0 0 2 4 4 13 4 2 0 2 4 6 0 7 5 1 3 3 0 1 1
21310741 833 4 2 3 2 2 1 0 3 1 0 0 0 0 0 3 1 3 1 0 0 8 4 5 1 4 13 5 1 1 2 3 6
21310747 951 8 3 1 2 1 2 3 1 3 1 0 1 1 0 0 0 0 3 2 3 2 0 0 0 3 2 13 3 2 4 3 0 1 3 6 0
21310749 921 7 2 1 3 3 2 1 3 1 0 3 1 0 0 0 0 2 2 3 13 3 3 1 3 4 5 3 2 6 5 0 2 0 1 0
21310750 794 4 1 2 1 3 1 0 3 1 0 0 0 0 2 1 1 13 6 2 2 3 5 5 5 2 1 0 0 3 1 0 0
21310751 923 11 2 3 1 1 3 2 3 3 2 2 1 1 0 1 1 0 0 0 0 3 4 4 0 2 1 0 0 4 2 7 7 7 7 3 1 5 3 13
21310753 773 5 2 1 2 1 1 1 0 1 1 0 0 0 0 3 2 0 0 2 3 0 13 4 0 3 7 5 6 0 2 4 4 0
21310755 786 2 3 2 1 0 2 1 0 0 0 0 0 1 1 1 1 5 1 2 5 7 13 0 2 4 1 0 2 0 1
21310756 952 8 1 1 2 3 3 2 3 2 1 0 1 1 0 0 0 0 2 3 3 3 0 1 2 2 4 0 0 4 7 4 3 13 1 4 0
21310757 776 3 3 1 3 1 0 2 1 0 0 0 0 1 0 2 0 6 7 0 1 3 8 5 4 2 1 13 2 1 3 2
21310759 950 8 1 2 1 3 2 1 3 2 1 0 3 1 0 0 0 0 3 3 2 2 13 1 0 5 3 3 1 1 4 6 0 3 2 2 0
21310760 737 0 1 0 2 1 0 0 0 0 0 0 0 0 1 5 4 0 1 13 2 0 4 2 5 3 0 0 1
21310761 806 11 2 1 1 2 1 2 3 2 3 3 1 3 1 4 0.33333333333333331 5 0.33333333333333331 6 0.33333333333333331 4 4 3 4 13 7 4 0 3 4 1 0 3 3 0 0 3 2 0
21310762 800 1 3 1 0 1 1 0 0 0 0 0 0 1 2 2 1 13 1 4 4 3 2 2 6 0 3 3 1 0
21310763 871 11 3 1 1 1 2 1 2 2 3 3 3 1 0 2 1 0 0 0 0 4 3 4 1 6 4 2 5 13 6 3 7 1 3 0 3 2 3 0
21310764 961 8 1 2 3 3 2 2 1 1 1 0 1 1 0 0 0 0 3 3 2 0 2 0 0 13 3 1 3 2 1 5 6 3 2 3 0
21310765 880 2 2 1 1 0 2 1 0 0 0 0 1 1 0 7 6 3 3 5 5 13 0 1 3 4 0 1 0 2 0
21310766 1033 6 2 3 3 1 2 2 1 0 1 1 0 0 0 0 1 3 2 2 2 3 1 0 4 13 1 1 6 4 3 2 1 0 5
21310767 958 2 1 1 1 0 3 1 0 0 0 0 2 0 0 1 0 2 0 0 2 2 0 3 4 5 3 0 4 7 13
21310768 960 4 3 1 3 2 1 0 3 1 0 0 0 0 1 1 2 4 3 5 3 8 6 13 3 1 7 3 2 1 2 0 0
21310769 945 6 1 3 1 2 3 2 1 0 3 1 0 0 0 0 2 2 2 3 3 13 3 0 3 5 5 0 0 0 3 0 5 0 6
21310770 1045 4 3 3 1 1 1 0 2 1 0 0 0 0 2 0 2 0 0 0 1 0 0 0 4 9 3 4 2 2 4 7 13
21310771 1023 10 3 3 3 2 2 3 1 1 1 2 1 0 1 1 0 0 0 0 3 3 4 1 4 3 0 6 5 2 0 7 5 13 3 3 0 0 2
21310774 816 3 3 3 2 1 0 1 1 0 0 0 0 0 1 2 4 2 4 9 1 4 3 7 0 13 4 1 0 0 2 0
21310775 948 7 2 1 3 1 1 1 2 1 0 3 1 0 0 0 0 4 2 1 2 2 2 3 2 2 3 1 3 5 1 6 3 13 3 1
21310780 843 1 3 1 0 3 1 0 0 0 0 0 0 1 0 0 3 0 0 0 1 4 2 2 13 3 0 5 1 4
21310781 955 4 2 1 1 3 1 0 2 1 0 0 0 0 2 1 1 2 2 1 3 4 8 5 7 1 5 6 13 0 0 3 3
21310783 778 2 3 1 1 0 2 1 0 0 0 0 1 0 1 1 0 2 0 5 0 2 3 0 5 5 3 1 13 7 9
21310784 874 0 1 0 1 1 0 0 0 0 0 0 0 1 1 3 3 0 4 3 13 2 3 2 3 0 5 2 0
21310786 976 0 1 0 3 1 0 0 0 0 0 0 0 0 4 2 3 1 6 5 5 3 3 1 13 0 0 0 2
21310787 899 0 3 1 7 0.33333333333333331 8 0.33333333333333331 9 0.33333333333333331 0 0 0 13 2 3 1 3 5 5 6 7 1 4 0 0 0 0 2
21310788 836 2 1 1 1 0 2 1 0 0 0 0 2 0 0 13 3 2 1 8 7 4 2 1 5 6 3 0 3 2 3
21310790 945 1 1 1 0 3 1 0 0 0 0 1 0 0 2 0 1 1 3 2 3 0 9 4 5 2 13 3 3 0
21310791 961 11 3 3 2 3 2 1 2 1 3 1 1 1 0 2 1 0 0 0 0 4 3 4 0 0 5 1 0 0 4 2 2 5 1 13 3 2 4 1
21310792 908 10 3 3 3 1 2 3 2 1 2 1 1 0 1 1 0 0 0 0 3 3 4 0 1 3 1 1 3 4 3 2 3 4 13 2 2 3 2
21310793 864 1 2 1 0 1 1 0 0 0 0 0 1 0 0 2 3 3 1 0 5 1 3 0 8 4 3 13 3 2
21310794 830 11 3 2 2 1 3 2 1 1 3 2 3 1 0 1 1 0 0 0 0 3 4 4 2 0 1 0 3 5 4 0 3 6 4 1 13 7 6 2
21310795 927 1 2 3 1 8 0.33333333333333331 9 0.33333333333333331 10 0.33333333333333331 0 1 0 0 3 3 3 0 1 5 2 2 0 13 1 1 3 5 3
21310796 1066 8 2 1 3 3 2 3 1 2 1 0 1 1 0 0 0 0 2 3 3 2 3 3 0 1 13 2 1 4 1 8 5 0 2 3 0
21310798 870 11 3 3 1 1 1 2 2 3 1 3 2 1 0 2 1 0 0 0 0 4 3 4 3 0 0 2 2 3 0 1 3 13 0 0 1 4 3 0
21310799 741 1 3 1 0 2 1 0 0 0 0 0 0 1 3 3 1 0 3 4 0 2 13 5 1 0 5 4 4 0
21310800 980 5 2 2 3 2 1 1 0 3 1 0 0 0 0 1 3 1 1 0 4 0 3 13 6 0 3 6 1 4 1 3 2 3
21310802 945 10 1 2 2 1 3 1 2 3 1 3 1 0 2 1 0 0 0 0 4 3 3 3 2 3 13 4 3 4 1 0 0 1 4 0 0 0 2
21310803 946 3 3 3 2 1 0 1 1 0 0 0 0 0 1 2 2 7 8 13 0 3 3 3 0 0 0 3 0 0 0 1
21310804 686 0 1 0 1 1 0 0 0 0 0 0 0 3 2 0 0 5 3 0 0 6 5 0 0 13 6 4 3
21310805 859 0 3 1 6 0.33333333333333331 7 0.33333333333333331 8 0.33333333333333331 0 0 0 5 1 13 1 2 5 4 0 2 6 3 0 0 1 2 0
21310807 929 5 1 3 2 1 3 1 0 2 1 0 0 0 0 2 1 2 1 4 1 2 13 3 2 0 8 4 3 0 5 0 0 0
21310810 858 0 1 0 1 1 0 0 0 0 0 0 0 3 1 3 0 2 5 2 2 13 5 1 0 0 0 0 3
21310811 851 4 2 1 2 1 1 0 2 1 0 0 0 0 2 2 0 0 0 1 1 0 2 5 6 3 3 5 4 0 0 13 5
21310812 1037 0 1 0 1 1 0 0 0 0 0 0 0 0 3 1 2 2 13 4 4 0 0 5 0 0 0 3 9
21310815 912 4 1 2 2 2 1 0 3 1 0 0 0 0 1 3 0 0 1 1 1 0 3 5 3 2 4 7 3 0 13 6 4
21310817 922 10 2 1 3 2 1 2 2 3 1 3 1 0 1 1 0 0 0 0 3 4 3 1 1 3 4 2 3 3 3 0 2 4 13 0 0 3 0
21310819 814 9 3 3 1 1 2 3 3 1 2 1 0 1 1 0 0 0 0 3 2 4 2 3 1 1 2 8 3 6 4 13 1 0 2 2 3 2
21310820 877 6 2 3 1 2 2 1 1 0 2 1 0 0 0 0 2 3 1 3 1 0 4 0 3 6 6 1 3 4 8 0 4 4 13
21310821 839 9 2 3 3 1 1 1 2 3 1 1 0 2 1 0 0 0 0 4 2 3 3 2 0 0 0 8 0 8 13 5 4 2 4 3 1 0
21310824 843 1 3 1 0 1 1 0 0 0 0 0 0 1 4 1 5 3 9 7 13 0 4 2 1 2 0 2 3 0
21310825 905 4 3 2 3 1 1 0 1 1 0 0 0 0 1 1 2 0 1 3 3 2 4 2 1 7 8 4 5 3 2 3 13
21310827 796 10 2 1 3 1 3 2 3 3 1 1 1 0 2 1 0 0 0 0 4 2 4 4 3 13 1 4 5 3 0 2 3 0 0 0 0 2 0
21310828 988 0 1 0 1 1 0 0 0 0 0 0 0 0 0 2 1 1 4 4 3 2 4 5 13 3 4 2 3
21310829 975 3 2 2 1 1 0 1 1 0 0 0 0 1 2 0 5 2 3 3 2 3 13 0 1 4 3 0 0 0 1 0
21310830 847 2 2 2 1 0 1 1 0 0 0 0 0 2 0 0 0 0 2 3 1 3 3 4 4 6 0 13 7 4 1
21310831 906 11 3 2 3 3 1 1 1 3 1 2 2 1 0 2 1 0 0 0 0 4 3 4 3 0 2 0 0 1 3 0 3 5 5 3 4 3 13 0
21310833 929 7 3 3 2 2 2 1 1 1 0 1 1 0 0 0 0 2 3 2 0 5 4 13 2 0 8 4 0 1 4 3 0 0 0 3
21310835 901 7 3 1 3 1 2 1 2 1 0 3 1 0 0 0 0 3 2 2 3 8 13 0 3 5 3 0 3 4 3 0 5 0 3 2
21310836 918 9 2 3 1 3 2 1 1 2 2 1 0 3 1 0 0 0 0 3 4 2 13 1 7 3 3 5 5 9 2 2 1 0 1 3 0 0
21310837 810 5 1 3 3 1 2 1 0 3 1 0 0 0 0 2 1 2 2 2 4 6 1 13 3 5 3 6 2 3 0 0 0 1
21310840 943 9 2 2 3 2 1 1 1 3 3 1 0 1 1 0 0 0 0 3 3 3 1 0 2 3 4 7 1 3 2 2 4 0 13 9 3 0
21310841 1002 7 1 2 1 3 2 1 1 1 0 2 1 0 0 0 0 4 2 1 9 3 4 13 2 1 3 2 0 4 3 0 0 0 0 3
21310842 989 0 1 0 1 1 0 0 0 0 0 0 0 3 6 2 4 1 4 4 1 2 13 2 0 8 0 0 0
21310843 907 4 3 2 3 1 1 0 1 1 0 0 0 0 1 1 2 0 0 3 13 1 3 3 7 2 2 3 5 0 0 0 3
21310844 909 8 3 2 3 1 1 2 2 3 1 0 1 1 0 0 0 0 2 3 3 3 1 1 0 2 2 5 2 2 4 1 0 13 1 3 0
21310845 897 1 2 1 0 2 1 0 0 0 0 0 1 0 13 5 1 2 7 5 1 3 3 6 3 0 4 1 0 0
21310846 880 5 1 3 3 1 2 1 0 1 1 0 0 0 0 2 1 2 0 2 4 4 2 3 13 3 0 0 4 1 0 0 0 2
21310848 884 11 2 1 2 1 2 3 1 3 3 1 3 1 0 2 1 0 0 0 0 4 3 4 0 3 1 0 13 4 4 0 5 2 1 2 4 3 0 0
21310849 966 5 3 1 1 2 1 1 0 2 1 0 0 0 0 3 1 1 2 2 3 3 7 7 4 1 1 2 13 3 0 4 0 3
21310850 838 9 1 1 2 2 1 2 3 3 3 1 0 3 1 0 0 0 0 3 3 3 2 3 0 0 6 5 3 0 3 7 10 7 3 8 13 1
21310851 871 0 1 0 3 1 0 0 0 0 0 0 0 3 13 1 0 3 5 6 2 1 8 4 0 2 3 0 0
21310853 802 10 3 2 3 1 1 2 3 1 2 1 1 0 2 1 0 0 0 0 4 3 3 2 3 1 13 1 5 3 3 4 4 3 2 3 0 0 0
21310856 921 0 1 0 2 1 0 0 0 0 0 0 0 0 0 0 3 4 5 4 0 1 6 3 3 13 1 2 3
21310857 909 7 1 3 1 3 2 2 1 1 0 3 1 0 0 0 0 3 2 2 1 6 8 13 0 3 6 3 0 2 4 3 0 0 0 2
21310861 926 9 1 1 2 3 2 2 3 2 3 1 0 1 1 0 0 0 0 2 4 3 1 3 0 0 13 2 1 0 8 3 4 0 4 2 1 3
21310863 856 4 1 2 2 2 1 0 1 1 0 0 0 0 1 3 0 0 2 4 13 1 8 1 5 4 6 3 4 3 0 0 0
21310864 870 3 1 2 1 1 0 2 1 0 0 0 0 2 1 0 5 3 3 13 2 3 5 4 0 4 3 6 0 0 1 3
21310865 831 4 3 2 1 3 1 0 3 1 0 0 0 0 1 1 2 1 5 4 3 2 3 4 13 0 0 0 4 0 1 4 2
21310866 939 0 1 0 2 1 0 0 0 0 0 0 0 3 0 1 0 2 3 5 6 3 1 6 8 2 4 1 13
21310868 801 10 2 3 2 3 3 2 3 1 2 1 1 0 1 1 0 0 0 0 2 4 4 0 0 2 1 1 13 2 2 6 1 6 0 3 4 1 5
21310869 895 6 1 2 2 1 2 3 1 0 1 1 0 0 0 0 2 3 1 0 0 1 4 2 6 5 3 2 1 5 13 0 0 0 3
21310870 854 7 2 1 3 3 3 1 1 1 0 1 1 0 0 0 0 3 1 3 2 3 0 0 3 3 2 0 2 5 5 7 7 9 13 0
21310872 1030 5 2 2 3 1 3 1 0 2 1 0 0 0 0 1 2 2 0 0 0 3 0 4 3 4 1 6 4 6 1 3 7 13
21310873 755 9 1 3 3 1 2 1 2 3 2 1 0 3 1 0 0 0 0 3 3 3 1 2 1 2 3 2 5 1 13 1 2 0 4 4 0 0
21310874 823 9 2 2 1 3 1 3 1 2 1 1 0 3 1 0 0 0 0 4 3 2 13 2 2 3 3 7 4 5 1 5 1 0 2 3 0 0
21310875 761 8 1 1 3 3 2 1 1 2 1 0 2 1 0 0 0 0 4 2 2 13 8 1 7 3 5 2 0 4 2 3 0 3 8 0 0
21310876 976 1 3 1 0 1 1 0 0 0 0 0 0 1 2 3 5 2 1 7 4 3 0 4 2 13 0 1 0 0
21310880 884 1 1 1 0 3 1 0 0 0 0 1 0 0 2 3 5 1 0 5 13 2 1 2 4 3 0 7 0 4
21310881 913 1 2 1 0 1 1 0 0 0 0 0 1 0 3 5 13 2 2 4 5 1 0 4 4 0 0 0 0 1
21310882 796 8 1 1 3 1 1 3 2 3 1 0 2 1 0 0 0 0 4 1 3 2 0 3 0 2 3 13 2 5 4 1 0 6 3 3 0
21310883 1037 10 2 3 2 2 1 1 1 3 2 3 1 0 3 1 0 0 0 0 3 4 3 0 3 0 1 0 1 2 3 0 5 6 8 3 3 13 3
21310884 911 7 2 1 1 2 3 1 3 1 0 2 1 0 0 0 0 3 2 2 3 13 2 1 5 6 3 3 7 5 4 3 1 3 2 0
21310886 833 6 2 1 3 3 3 1 1 0 3 1 0 0 0 0 2 1 3 0 0 7 3 0 4 4 4 1 2 4 13 2 0 0 0
21310888 827 11 1 3 1 3 3 1 2 2 1 2 2 1 0 3 1 0 0 0 0 4 4 3 3 0 0 0 7 4 13 3 4 4 3 0 3 1 2 3
21310889 887 3 1 2 3 1 0 1 1 0 0 0 0 1 1 1 2 1 0 3 4 4 2 0 8 7 5 0 3 13 4 0
21310890 952 0 1 0 2 1 0 0 0 0 0 0 0 0 0 0 1 0 3 1 4 3 2 6 8 2 1 3 13
21310891 693 10 2 3 3 3 2 2 1 1 1 3 1 0 1 1 0 0 0 0 3 3 4 0 13 2 3 2 1 6 2 0 6 4 7 0 1 0 3
21310892 930 4 2 2 3 3 1 0 3 1 0 0 0 0 0 2 2 13 4 1 1 6 1 3 0 2 2 0 0 0 0 0 1
21310893 982 11 2 3 2 2 1 2 1 1 3 1 3 1 0 3 1 0 0 0 0 4 4 3 0 2 3 13 0 1 4 5 2 1 4 6 0 0 0 3
21310894 817 11 3 3 1 2 1 2 3 2 2 1 1 1 0 3 1 0 0 0 0 4 4 3 3 0 0 0 3 6 1 3 3 5 3 2 13 5 3 3
21310895 817 0 1 0 3 1 0 0 0 0 0 0 0 3 0 0 0 3 5 1 0 6 4 3 2 13 9 3 0
21310896 882 11 1 3 1 2 2 2 1 3 2 1 3 1 0 3 1 0 0 0 0 4 4 3 4 3 1 1 2 1 6 13 5 3 2 2 0 3 6 8
21310897 825 1 3 1 0 3 1 0 0 0 0 0 0 1 3 2 2 3 0 3 6 1 0 3 13 4 3 0 3 1
21310898 914 10 3 2 1 1 1 2 3 2 3 2 1 0 3 1 0 0 0 0 3 4 3 4 13 2 0 1 1 3 2 3 2 7 1 3 4 0 1
21310899 926 7 1 1 3 2 2 3 2 1 0 2 1 0 0 0 0 2 3 2 3 1 0 0 0 4 3 3 13 6 2 0 3 1 3 1
21310901 943 1 1 1 0 1 1 0 0 0 0 1 0 0 0 2 0 1 2 2 5 7 3 7 6 3 0 13 8 3
21310902 924 10 3 1 2 1 1 3 2 3 3 2 1 0 1 1 0 0 0 0 3 3 4 0 3 0 0 0 2 6 6 0 1 4 3 2 3 9 13
21310904 723 5 2 1 2 3 2 1 0 3 1 0 0 0 0 1 3 1 1 8 13 2 1 4 1 0 1 3 6 3 4 3 2 0
21310905 966 8 3 2 2 1 1 1 3 2 1 0 3 1 0 0 0 0 3 3 2 0 3 1 0 13 3 10 0 6 5 3 3 4 2 2 1
21310907 802 11 1 2 1 3 1 3 2 3 1 2 2 1 0 3 1 0 0 0 0 4 4 3 2 13 3 6 4 1 6 3 3 0 1 0 0 2 3 0
21310908 870 1 2 1 0 1 1 0 0 0 0 0 1 0 1 1 4 6 2 2 7 3 0 6 7 13 0 9 0 0
21310910 768 8 3 2 3 2 2 1 1 3 1 0 1 1 0 0 0 0 2 3 3 0 0 3 2 1 1 3 1 0 3 4 4 0 2 2 13
21310912 864 6 3 1 2 2 1 2 1 0 3 1 0 0 0 0 2 3 1 0 0 1 0 1 5 4 0 5 2 2 0 13 5 1 3
21310913 795 11 2 2 3 1 1 2 1 2 3 3 1 1 0 3 1 0 0 0 0 4 4 3 0 3 0 0 4 3 2 1 13 7 3 5 1 3 2 0
21310914 853 1 1 1 0 3 1 0 0 0 0 1 0 0 0 3 4 2 2 2 3 1 5 5 5 0 13 9 1 0
21310915 1008 0 1 0 3 1 0 0 0 0 0 0 0 0 3 5 3 1 5 3 8 7 6 3 4 0 2 4 13
21310916 820 10 2 1 3 1 2 1 2 3 3 2 1 0 3 1 0 0 0 0 3 4 3 1 1 2 8 0 0 5 6 2 3 2 7 0 1 1 13
21310919 869 4 2 1 3 1 1 0 1 1 0 0 0 0 2 1 1 13 7 4 2 7 8 4 0 4 5 2 0 3 3 0 0
21310920 1027 4 1 1 2 3 1 0 1 1 0 0 0 0 2 1 1 4 13 2 2 6 6 5 0 3 4 3 0 0 3 3 0
21310921 913 6 3 3 2 3 1 1 3 1 7 0.33333333333333331 8 0.33333333333333331 9 0.33333333333333331 2 1 3 13 8 3 3 3 4 7 0 3 2 2 0 0 0 1 0
21310922 1007 2 3 3 1 0 3 1 0 0 0 0 0 0 2 2 0 0 0 3 3 3 1 4 4 0 0 13 3 7 0
21310923 920 2 1 3 3 1 5 0.33333333333333331 6 0.33333333333333331 7 0.33333333333333331 1 0 1 0 3 0 2 0 1 2 3 0 3 3 5 1 2 5 13
21310926 948 1 1 1 0 1 1 0 0 0 0 1 0 0 0 2 5 2 3 8 7 1 0 6 6 3 2 13 3 4
21310928 896 4 1 3 2 1 1 0 3 1 0 0 0 0 2 1 1 1 5 3 13 0 2 3 4 0 0 2 5 0 0 2 1
21310929 862 6 1 1 2 1 1 2 1 0 2 1 0 0 0 0 4 2 0 0 0 3 0 3 4 6 0 6 5 7 3 2 3 13 0
21310931 950 11 2 3 3 3 1 1 3 2 2 2 1 1 0 1 1 0 0 0 0 3 4 4 0 4 1 2 0 7 2 3 4 5 13 1 2 1 3 3
21310932 1076 0 1 0 1 1 0 0 0 0 0 0 0 4 3 13 0 3 5 3 2 0 3 4 0 0 0 3 0
21310934 832 4 3 2 2 3 1 0 1 1 0 0 0 0 0 2 2 0 3 3 3 3 6 1 13 0 5 5 3 0 0 0 3
21310935 874 10 3 2 3 1 3 1 3 2 1 2 1 0 2 1 0 0 0 0 3 3 4 0 4 1 0 0 3 3 0 2 4 5 3 1 5 13 5
21310936 888 7 1 3 1 2 2 3 2 1 0 3 1 0 0 0 0 2 3 2 1 0 3 1 2 6 6 4 0 5 9 13 0 0 0 8
21310940 930 9 3 1 2 3 3 2 1 1 1 1 0 2 1 0 0 0 0 4 2 3 0 3 1 0 2 2 13 3 0 4 4 3 0 4 6 3
21310941 837 6 2 3 1 1 3 2 1 0 3 1 0 0 0 0 2 2 2 2 4 0 0 0 3 3 4 1 4 13 4 1 2 2 1
21310944 706 5 2 2 1 2 3 1 0 3 1 0 0 0 0 1 3 1 3 5 5 0 3 3 2 0 1 3 13 1 1 0 0 0
21310945 899 2 1 2 1 0 2 1 0 0 0 0 1 1 0 0 3 0 0 0 0 3 0 1 3 4 2 4 13 5 1
21310946 889 6 3 2 1 1 2 1 1 0 3 1 0 0 0 0 3 2 1 1 13 1 5 8 3 3 2 2 3 2 3 4 0 3 0
21310947 862 3 2 3 3 3 1 8 0.33333333333333331 9 0.33333333333333331 10 0.33333333333333331 0 1 2 3 4 1 3 0 2 8 3 1 3 8 13 0 0 9 0
21310949 923 9 2 1 3 2 3 2 1 3 2 1 0 3 1 0 0 0 0 2 4 3 1 3 0 1 1 4 2 0 4 6 3 0 2 5 13 1
21310951 909 4 2 3 1 2 1 0 3 1 0 0 0 0 1 2 1 0 2 13 1 1 3 4 6 0 2 3 4 0 9 0 1
21310952 943 7 1 1 3 2 3 3 2 1 0 2 1 0 0 0 0 2 2 3 1 0 3 0 0 4 1 0 4 5 3 0 4 3 13 2
21310953 994 10 3 1 1 2 2 2 3 1 1 2 1 0 3 1 0 0 0 0 4 4 2 0 4 1 13 2 1 5 2 0 3 3 4 3 0 0 0
21310954 828 10 2 1 1 3 1 2 1 3 3 3 1 0 2 1 0 0 0 0 4 2 4 3 7 3 2 0 1 4 13 2 1 4 5 0 2 0 0
21310955 968 3 3 1 2 1 0 2 1 0 0 0 0 1 1 1 0 0 3 0 3 7 1 3 3 6 2 1 13 3 3 0
21310957 859 4 3 2 1 2 1 0 1 1 0 0 0 0 1 2 1 8 5 0 0 13 4 0 2 4 2 5 0 1 5 3 1
21310961 973 8 1 3 1 2 3 1 3 2 1 0 1 1 0 0 0 0 3 2 3 0 2 0 0 2 3 3 5 0 3 4 4 0 13 6 4
21310963 886 1 1 1 0 3 1 0 0 0 0 1 0 0 4 2 3 3 7 3 6 4 13 6 7 3 0 3 1 2
21310964 855 0 1 0 1 1 0 0 0 0 0 0 0 0 2 0 1 4 2 4 3 4 4 13 5 1 2 3 3
21310965 818 8 3 2 3 2 1 1 2 1 1 0 2 1 0 0 0 0 3 3 2 0 8 0 0 13 5 8 0 3 7 1 1 2 3 0 3
21310966 977 2 1 2 1 0 1 1 0 0 0 0 1 1 0 1 3 4 3 2 0 4 13 2 2 9 5 0 0 8 1
21310967 949 3 2 2 2 1 0 2 1 0 0 0 0 0 3 0 0 1 0 0 1 0 3 3 13 2 5 1 1 5 1 3
21310968 849 8 2 1 1 2 2 3 3 3 1 0 1 1 0 0 0 0 2 3 3 1 0 3 4 0 0 4 6 4 1 6 2 2 13 7 3
21310970 847 10 1 3 2 2 2 1 2 3 3 1 1 0 3 1 0 0 0 0 3 4 3 0 2 4 1 4 2 1 0 4 1 13 0 3 3 4 0
21310971 1023 4 2 1 3 1 1 0 2 1 0 0 0 0 2 1 1 0 0 2 0 0 1 5 1 3 8 3 3 4 5 2 13
21310972 928 9 2 1 3 2 2 3 3 1 3 1 0 2 1 0 0 0 0 2 3 4 0 1 0 8 2 4 2 4 1 1 3 4 0 1 3 13
21310973 816 3 3 1 2 1 0 1 1 0 0 0 0 1 1 1 0 1 2 0 0 2 5 13 2 4 4 1 3 2 3 1
21310976 992 10 2 2 3 1 3 3 2 1 2 1 1 0 1 1 0 0 0 0 3 4 3 7 4 7 13 2 2 3 3 0 1 5 0 3 0 1 0
21310977 836 1 1 1 0 2 1 0 0 0 0 1 0 0 3 6 1 2 3 4 13 0 3 5 8 0 2 5 8 1
21310978 848 2 1 1 1 0 2 1 0 0 0 0 2 0 0 0 3 5 4 0 1 4 13 3 2 4 7 2 0 4 3
21310980 961 9 3 1 1 3 2 2 2 3 1 1 0 3 1 0 0 0 0 3 3 3 2 0 3 0 0 3 1 0 0 2 1 2 1 5 7 13
21310981 921 9 1 1 1 2 1 3 2 3 3 1 0 2 1 0 0 0 0 4 2 3 2 0 2 2 3 1 5 5 0 1 3 13 0 0 0 3
21310982 749 0 1 0 2 1 0 0 0 0 0 0 0 3 13 9 5 0 4 5 4 3 1 5 2 0 3 1 3
21310985 972 2 2 3 1 0 3 1 0 0 0 0 0 1 1 1 3 0 0 2 3 6 3 4 4 3 0 4 1 13 9
21310986 918 8 2 3 2 1 1 1 3 3 1 0 2 1 0 0 0 0 3 2 3 1 2 2 0 13 3 2 2 1 1 4 4 1 3 5 0
21310987 927 6 2 1 1 3 2 3 1 0 1 1 0 0 0 0 2 2 2 3 3 3 0 6 13 7 3 2 5 6 4 9 3 0 0
21310990 974 4 1 2 1 2 1 0 3 1 0 0 0 0 2 2 0 0 2 3 1 0 3 0 1 0 13 5 3 2 4 4 9
21310991 841 4 3 1 2 3 1 0 1 1 0 0 0 0 1 1 2 0 0 0 3 0 5 3 2 2 1 13 2 3 3 1 5
21310992 971 8 3 1 3 2 1 1 3 2 1 0 3 1 0 0 0 0 3 2 3 3 0 0 7 5 3 3 5 4 13 3 4 1 2 2 0
21310995 789 8 2 2 2 3 1 1 3 1 1 0 1 1 0 0 0 0 3 3 2 0 3 4 7 3 7 3 4 2 13 4 2 4 3 1 3
21310996 924 11 2 1 1 1 3 2 2 2 3 3 3 1 0 1 1 0 0 0 0 3 4 4 13 5 3 1 4 2 5 0 3 7 1 8 2 4 0 0
21310997 876 7 1 3 1 1 2 2 3 3 1 5 0.33333333333333331 6 0.33333333333333331 7 0.33333333333333331 3 2 2 13 3 1 2 7 5 7 0 5 2 5 2 6 0 1 0
21310998 885 1 3 1 0 3 1 0 0 0 0 0 0 1 0 2 1 0 1 3 4 3 1 3 6 4 13 4 2 2
21310999 823 1 1 1 0 2 1 0 0 0 0 1 0 0 3 0 0 0 3 3 0 0 4 6 6 7 13 4 3 3
21311001 999 2 2 2 1 0 3 1 0 0 0 0 0 2 0 3 4 4 0 5 13 4 1 6 2 3 1 0 0 1 0
21311002 888 0 1 0 3 1 0 0 0 0 0 0 0 4 4 1 2 13 3 2 4 6 4 1 0 0 4 0 0
21311003 954 0 1 0 3 1 0 0 0 0 0 0 0 4 4 3 0 7 5 0 3 13 1 4 0 0 0 2 0
21311004 906 8 3 1 1 1 2 2 2 3 1 0 3 1 0 0 0 0 3 3 2 1 0 2 0 0 4 4 3 3 3 5 0 0 13 4 0
21311007 982 2 1 2 1 0 1 1 0 0 0 0 1 1 0 2 3 6 3 5 7 3 1 13 7 4 0 2 3 0 3
21311008 778 0 1 0 3 1 0 0 0 0 0 0 0 13 5 3 0 3 4 3 2 3 6 5 3 2 8 1 1
21311009 1001 8 1 3 1 2 1 1 3 3 1 0 2 1 0 0 0 0 4 1 3 0 0 0 3 0 0 3 13 2 2 4 4 0 1 5 2
21311010 987 3 1 1 3 1 0 1 1 0 0 0 0 2 0 1 0 6 0 1 3 13 2 3 0 5 5 2 9 3 2 2
21311011 724 10 2 1 1 3 2 1 3 1 3 2 1 0 2 1 0 0 0 0 4 3 3 0 13 3 2 3 6 4 3 3 3 3 3 0 2 1 1
21311013 1032 6 1 3 1 2 1 3 1 0 3 1 0 0 0 0 3 1 2 3 2 0 0 13 5 2 1 2 7 4 0 3 1 5 2
21311015 897 3 2 2 3 1 0 3 1 0 0 0 0 0 2 1 4 1 4 2 13 7 4 0 2 4 1 1 1 0 0 0
21311016 965 9 2 2 2 3 3 3 1 1 1 1 0 2 1 0 0 0 0 3 3 3 13 2 5 1 1 3 3 0 4 4 2 0 3 1 5 0
21311022 962 2 1 2 1 0 2 1 0 0 0 0 1 1 0 0 0 0 3 0 0 1 3 0 1 3 4 2 13 4 4
21311023 858 10 3 2 1 3 1 3 3 2 2 1 1 0 1 1 0 0 0 0 3 3 4 0 0 0 1 0 2 5 5 2 3 3 8 0 0 3 13
21311025 827 6 3 2 1 3 1 1 1 0 1 1 0 0 0 0 3 1 2 4 2 3 2 2 0 13 4 0 4 1 3 0 2 3 0
21311026 951 4 1 2 3 1 1 0 1 1 0 0 0 0 2 1 1 13 3 1 0 7 3 4 2 2 6 3 0 3 3 0 2
21311027 920 9 1 2 2 3 1 3 2 2 3 1 0 1 1 0 0 0 0 2 4 3 3 3 0 0 5 2 0 0 6 3 0 1 3 13 4 1
21311029 851 11 3 1 1 3 2 3 2 1 2 2 1 1 0 3 1 0 0 0 0 4 4 3 0 3 0 0 3 4 0 0 3 13 2 3 5 3 4 1
21311031 910 9 1 2 3 3 1 2 3 1 2 3 1 4 0.33333333333333331 5 0.33333333333333331 6 0.33333333333333331 3 3 3 0 0 3 2 1 4 0 4 0 6 13 1 2 5 5 3
21311033 823 7 2 2 3 1 1 2 2 1 0 3 1 0 0 0 0 2 4 1 1 1 2 0 0 5 6 0 0 4 5 1 0 13 4 3
21311036 953 5 1 1 2 1 3 1 0 1 1 0 0 0 0 3 1 1 3 0 0 0 0 3 2 0 5 2 3 5 3 13 2 3
21311037 791 11 2 1 1 1 3 2 3 3 2 3 2 1 0 1 1 0 0 0 0 3 4 4 2 3 2 6 13 5 1 3 5 3 3 0 1 8 0 0
21311040 957 2 3 3 1 0 1 1 0 0 0 0 0 0 2 0 3 2 6 1 4 5 3 3 7 8 4 0 2 3 13
21311041 832 9 2 3 2 1 2 1 1 2 3 1 0 3 1 0 0 0 0 3 4 2 0 13 1 3 1 4 3 1 0 2 7 4 3 0 0 2
21311042 928 5 1 2 3 2 1 1 0 1 1 0 0 0 0 2 2 1 0 0 2 0 0 2 3 1 3 3 13 4 0 4 5 4
21311043 768 8 1 2 1 3 1 2 2 2 1 0 3 1 0 0 0 0 3 4 1 4 1 3 1 4 13 3 3 1 7 4 2 3 0 2 0
21311044 748 4 1 2 3 3 1 0 3 1 0 0 0 0 1 1 2 3 5 2 3 3 1 13 0 2 7 3 3 0 3 1 0
21311045 946 6 3 2 1 3 2 2 1 0 1 1 0 0 0 0 1 3 2 2 13 2 3 3 1 3 5 5 3 6 1 1 2 0 1
21311046 899 7 3 2 1 2 1 1 2 1 0 3 1 0 0 0 0 3 3 1 0 3 0 0 0 1 3 4 0 0 4 4 2 3 13 3
21311047 1040 7 1 3 2 3 1 1 1 1 0 2 1 0 0 0 0 4 1 2 13 3 2 0 5 1 0 0 2 4 2 3 3 0 0 0
21311048 895 10 2 2 1 2 3 1 3 3 1 2 1 0 1 1 0 0 0 0 3 4 3 0 0 0 3 1 4 0 0 4 4 2 3 5 6 13 0
21311049 927 8 1 3 1 1 3 3 1 2 1 0 3 1 0 0 0 0 4 1 3 0 0 2 0 3 2 3 1 0 13 6 3 2 2 4 4
21311050 815 2 3 1 1 0 1 1 0 0 0 0 1 0 1 0 0 2 0 0 1 0 3 2 4 3 0 13 7 5 2
21311051 861 3 2 3 1 1 0 1 1 0 0 0 0 1 1 1 0 0 0 2 0 4 7 3 2 2 3 7 1 1 3 13
21311052 977 1 2 1 0 3 1 0 0 0 0 0 1 0 3 2 13 3 0 2 4 1 3 5 1 1 0 2 1 0
21311053 821 0 1 0 2 1 0 0 0 0 0 0 0 13 4 4 1 3 3 3 0 2 4 0 0 0 3 1 0
21311055 876 8 1 1 1 3 2 3 3 2 1 0 2 1 0 0 0 0 3 2 3 2 0 1 0 13 3 4 1 1 7 5 3 4 3 2 2
21311057 872 5 1 1 3 3 2 1 0 3 1 0 0 0 0 2 1 2 0 0 2 0 3 2 4 3 1 1 13 5 2 4 1 2
21311058 1019 5 1 2 1 2 3 1 0 3 1 0 0 0 0 2 2 1 0 6 2 13 0 3 6 7 2 1 2 1 0 1 3 3
21311061 895 1 2 1 0 3 1 0 0 0 0 0 1 0 1 2 2 4 1 6 4 1 0 1 13 3 0 0 0 2
21311062 689 7 1 2 3 1 2 3 2 1 0 1 1 0 0 0 0 2 3 2 0 2 0 2 0 4 5 3 0 4 1 3 1 3 6 13
21311063 977 6 2 3 1 3 1 2 1 0 2 1 0 0 0 0 2 2 2 1 1 6 3 3 13 6 0 6 7 5 0 4 4 0 2
21311066 875 3 1 3 3 1 0 3 1 0 0 0 0 1 0 2 2 3 13 2 6 4 4 0 3 1 7 1 0 4 2 0
21311068 938 0 1 0 2 1 0 0 0 0 0 0 0 3 2 3 3 1 3 4 13 0 2 1 3 0 0 5 1
21311072 779 4 1 3 1 2 1 0 3 1 0 0 0 0 2 1 1 2 0 0 0 9 3 1 1 5 3 2 0 13 2 3 3
21311076 893 11 2 1 2 1 1 1 2 2 3 3 3 1 0 3 1 0 0 0 0 4 4 3 1 1 2 1 3 1 4 3 13 3 2 0 3 4 2 2
21311078 856 11 1 1 1 3 2 1 3 3 2 2 2 1 0 3 1 0 0 0 0 4 4 3 13 3 3 2 4 1 1 0 3 5 0 0 2 3 0 0
21311079 867 4 2 3 1 2 1 0 3 1 0 0 0 0 1 2 1 2 2 13 1 0 5 3 1 3 0 2 1 0 0 3 1
21311080 786 10 3 1 2 2 1 2 3 3 1 3 1 0 1 1 0 0 0 0 3 3 4 0 0 3 2 0 1 4 4 0 3 2 13 1 4 2 4
21311081 994 10 1 2 2 2 1 1 2 3 1 3 1 0 3 1 0 0 0 0 4 4 2 3 0 0 0 3 1 2 2 13 4 1 0 2 5 1 0
21311082 1174 10 1 1 2 3 1 3 1 2 2 3 1 0 3 1 0 0 0 0 4 3 3 2 3 8 13 0 1 6 7 3 5 4 1 0 2 0 2
21311083 753 8 3 3 1 1 3 2 1 1 3 1 4 0.33333333333333331 5 0.33333333333333331 6 0.33333333333333331 4 1 3 2 0 0 0 0 0 3 0 4 5 2 0 13 4 4 2
21311084 815 6 1 1 3 1 2 3 1 0 3 1 0 0 0 0 3 1 2 2 3 2 13 1 3 1 7 2 3 6 2 0 0 4 3
21311085 846 5 1 2 3 1 3 1 0 3 1 0 0 0 0 2 1 2 0 1 3 3 2 3 13 2 0 4 5 4 0 1 0 2
21311086 787 9 3 2 2 3 1 2 3 1 1 1 0 2 1 0 0 0 0 3 3 3 1 4 3 3 0 0 1 13 3 2 3 3 0 3 4 0
21311087 904 10 2 2 1 3 2 1 3 2 1 3 1 0 3 1 0 0 0 0 3 4 3 0 0 3 2 0 1 5 1 3 4 3 4 1 2 3 13
21311089 853 4 1 1 3 2 1 0 1 1 0 0 0 0 2 1 1 0 13 2 2 1 6 4 2 3 0 3 3 0 1 3 2
21311090 980 4 2 2 3 1 1 0 1 1 0 0 0 0 1 2 1 1 4 3 3 0 6 5 5 2 13 4 3 0 0 3 0
21311092 910 6 3 2 2 3 1 2 1 0 1 1 0 0 0 0 1 3 2 1 5 4 4 0 3 4 8 0 0 13 3 0 0 3 0
21311094 890 2 2 2 1 0 1 1 0 0 0 0 0 2 0 3 1 5 0 13 3 3 0 3 2 7 3 0 4 0 1
21311095 1009 6 3 1 2 3 1 2 1 0 1 1 0 0 0 0 2 2 2 0 3 0 2 1 4 1 3 0 13 4 2 0 2 4 3
21311097 929 9 3 3 2 1 1 3 3 1 2 1 0 1 1 0 0 0 0 3 2 4 7 5 4 3 2 4 13 2 0 9 4 1 0 0 0 2
21311098 983 8 3 3 2 1 3 2 2 3 1 0 1 1 0 0 0 0 1 3 4 4 2 7 0 2 1 5 0 3 2 3 0 1 13 1 1
21311101 901 3 3 1 2 1 0 2 1 0 0 0 0 1 1 1 1 2 0 0 4 1 4 0 3 13 0 3 2 4 1 3
21311102 858 11 3 2 1 2 1 2 2 3 3 3 1 1 0 1 1 0 0 0 0 3 4 4 3 1 2 3 3 1 4 13 0 3 4 4 0 0 0 2
21311103 910 9 1 1 3 3 3 3 2 2 1 1 0 2 1 0 0 0 0 3 2 4 1 2 0 2 3 2 4 7 1 3 1 9 0 4 7 13
21311105 876 9 2 3 2 2 3 1 1 1 3 1 0 3 1 0 0 0 0 3 3 3 1 13 4 1 4 9 1 5 2 3 2 0 3 6 2 0
21311109 928 7 2 1 1 1 2 3 2 3 1 8 0.33333333333333331 9 0.33333333333333331 10 0.33333333333333331 3 3 1 0 0 0 1 0 6 2 3 0 4 4 3 3 13 7 5
21311112 942 3 1 3 3 1 0 3 1 0 0 0 0 1 0 2 0 0 6 2 1 1 2 2 9 3 8 1 13 5 7 2
21311113 1005 5 3 3 1 2 3 1 0 1 1 0 0 0 0 1 1 3 3 2 0 0 0 4 1 0 3 3 3 2 4 9 13 7
21311115 835 10 2 3 2 1 3 3 1 1 2 3 1 0 2 1 0 0 0 0 3 3 4 13 4 4 0 8 3 3 1 6 7 3 0 4 1 2 0
21311116 1055 5 1 3 3 2 1 1 0 3 1 0 0 0 0 2 1 2 13 8 4 0 4 5 3 3 3 7 6 2 3 3 0 0
21311117 869 3 3 2 2 1 0 2 1 0 0 0 0 0 2 1 1 1 13 4 3 5 1 1 0 0 2 3 0 0 0 3
21311121 909 2 3 3 1 0 1 1 0 0 0 0 0 0 2 0 2 3 4 0 3 4 6 0 1 4 2 2 3 1 13
21311122 990 8 2 1 3 3 3 2 2 1 1 0 1 1 0 0 0 0 2 3 3 0 3 0 0 2 3 0 0 4 5 1 0 13 5 7 3
21311123 857 8 2 1 1 3 1 3 2 2 1 0 1 1 0 0 0 0 3 3 2 3 0 2 3 2 3 4 0 1 3 8 3 4 5 13 0
21311126 886 11 3 2 1 1 3 2 2 2 3 3 1 1 0 1 1 0 0 0 0 3 4 4 13 5 3 2 0 7 1 4 3 4 5 0 0 2 1 0
21311127 1004 11 3 2 1 2 1 2 3 1 3 3 1 1 0 2 1 0 0 0 0 4 3 4 4 13 4 3 6 5 1 0 3 0 1 2 0 0 2 0
21311129 872 5 3 3 2 2 1 1 0 2 1 0 0 0 0 1 2 2 13 3 1 0 4 9 3 1 4 4 0 0 0 6 0 3
21311130 824 2 1 3 3 1 6 0.33333333333333331 7 0.33333333333333331 8 0.33333333333333331 1 0 1 3 2 3 1 2 6 4 3 0 13 8 3 0 0 2 1
21311131 968 8 1 3 2 2 2 3 1 3 1 0 2 1 0 0 0 0 2 3 3 13 5 4 0 4 7 3 3 3 7 1 0 1 0 0 0
21311132 818 7 2 3 3 3 2 3 2 1 0 2 1 0 0 0 0 0 3 4 1 5 3 1 3 4 1 7 13 3 2 0 1 0 0 1
21311133 1003 10 1 2 3 3 2 2 1 2 1 1 1 0 3 1 0 0 0 0 4 4 2 0 3 2 3 3 1 4 13 0 3 5 3 0 1 2 0
21311135 960 0 1 0 1 1 0 0 0 0 0 0 0 13 0 3 3 1 7 3 2 4 5 4 0 2 3 0 0
21311136 920 3 3 1 1 1 0 3 1 0 0 0 0 2 0 1 0 0 7 1 3 4 3 2 2 5 8 13 2 3 7 4
21311137 928 2 1 2 1 0 3 1 0 0 0 0 1 1 0 0 0 0 2 3 1 0 0 5 6 5 0 13 4 7 4
21311139 912 4 3 1 2 1 1 0 1 1 0 0 0 0 2 1 1 3 0 0 0 3 3 0 3 2 3 3 0 2 5 13 0
21311143 883 10 2 1 3 2 2 3 2 1 1 3 1 0 3 1 0 0 0 0 3 4 3 0 2 1 0 3 6 2 0 3 4 1 5 13 5 4 1
21311144 903 3 2 2 3 1 0 1 1 0 0 0 0 0 2 1 0 0 0 3 0 8 3 2 1 3 1 5 0 1 2 13
21311145 831 10 3 2 1 2 1 3 3 2 3 1 1 0 2 1 0 0 0 0 3 3 4 0 4 5 13 2 0 4 3 0 0 7 4 0 0 1 1
21311146 1068 6 2 2 3 3 2 1 1 0 1 1 0 0 0 0 1 3 2 4 2 0 1 4 2 3 0 4 1 3 9 13 1 3 0
21311149 918 2 3 2 1 0 1 1 0 0 0 0 0 1 1 3 0 3 0 5 6 3 4 2 4 13 7 5 4 6 1
21311150 910 2 2 3 1 0 2 1 0 0 0 0 0 1 1 13 8 1 5 4 3 6 4 3 1 4 0 0 3 0 0
21311153 973 9 3 2 1 3 3 1 2 2 2 1 0 1 1 0 0 0 0 2 4 3 13 3 2 3 1 8 4 0 5 4 6 1 3 0 3 0
21311154 961 1 1 1 0 3 1 0 0 0 0 1 0 0 4 1 5 0 3 5 2 0 3 2 13 1 2 0 0 0
21311156 816 4 3 3 1 2 1 0 1 1 0 0 0 0 1 1 2 0 1 0 8 5 3 6 3 0 4 13 9 2 3 5 2
21311157 791 11 2 3 3 2 3 1 1 3 1 1 2 1 0 2 1 0 0 0 0 4 3 4 1 4 3 2 4 5 0 13 3 2 3 1 0 0 3 0
21311159 936 5 1 2 3 2 2 1 0 3 1 0 0 0 0 1 3 1 0 0 1 0 1 3 0 0 13 3 4 3 3 8 5 3
21311160 928 7 2 3 3 3 3 2 2 3 1 8 0.33333333333333331 9 0.33333333333333331 10 0.33333333333333331 0 3 4 1 1 0 0 0 1 3 6 2 5 4 1 0 3 4 13
21311161 788 1 2 1 0 1 1 0 0 0 0 0 1 0 0 2 0 0 1 3 5 0 5 13 3 3 3 4 4 0
21311165 921 1 3 1 0 1 1 0 0 0 0 0 0 1 1 2 2 2 3 6 7 3 1 5 1 8 0 3 2 13
21311166 1079 1 1 1 0 1 1 0 0 0 0 1 0 0 0 0 3 0 2 3 5 0 0 4 3 0 3 5 13 2
21311167 992 11 3 1 3 2 1 2 2 1 1 3 3 1 0 2 1 0 0 0 0 4 3 4 1 2 13 1 3 6 5 3 0 4 2 1 0 2 2 1
21311168 901 9 1 2 1 1 2 3 3 3 3 1 0 2 1 0 0 0 0 3 2 4 7 1 2 0 3 1 5 3 5 13 1 2 2 6 7 5
21311171 821 4 2 1 3 2 1 0 3 1 0 0 0 0 1 2 1 2 0 0 0 13 1 0 0 7 5 1 1 3 2 3 0
21311172 830 4 3 3 3 2 3 1 7 0.33333333333333331 8 0.33333333333333331 9 0.33333333333333331 0 1 3 1 2 0 0 1 5 0 2 5 4 13 0 1 3 3 0
21311174 762 10 2 2 3 1 1 2 3 1 3 3 1 0 1 1 0 0 0 0 3 3 4 1 6 0 2 2 3 13 0 2 5 3 7 4 4 1 0
21311175 885 5 3 1 1 3 1 1 0 2 1 0 0 0 0 3 0 2 3 1 2 0 2 5 13 0 5 3 4 2 3 2 0 1
21311176 936 0 1 0 3 1 0 0 0 0 0 0 0 1 2 3 5 0 3 1 5 0 2 0 8 0 13 6 3
21311178 992 1 1 1 0 2 1 0 0 0 0 1 0 0 0 0 3 0 1 0 3 13 5 4 4 8 2 2 1 3
21311179 953 5 1 1 2 2 3 1 0 3 1 0 0 0 0 2 2 1 0 0 0 1 0 0 5 2 0 0 4 13 2 4 5 1
21311180 909 11 1 3 2 3 3 3 1 1 1 2 2 1 0 2 1 0 0 0 0 4 3 4 4 3 13 0 3 4 2 3 0 2 1 3 0 0 1 0
21311181 949 8 1 3 3 2 2 3 1 2 1 0 1 1 0 0 0 0 2 3 3 9 0 0 0 0 6 3 4 3 1 3 13 3 2 5 3
21311183 893 11 2 1 1 3 1 3 3 3 2 2 1 1 0 2 1 0 0 0 0 4 3 4 0 13 5 2 0 4 1 3 1 4 5 2 2 3 3 1
21311185 743 9 2 1 3 3 2 3 1 2 1 1 0 3 1 0 0 0 0 3 3 3 2 13 7 1 4 5 2 3 0 1 3 2 0 1 0 0
21311186 808 5 3 3 1 3 1 1 0 2 1 0 0 0 0 2 0 3 0 13 4 3 1 7 3 4 2 4 5 0 0 2 0 0
21311188 934 6 2 2 2 2 1 1 1 0 3 1 0 0 0 0 2 4 0 0 0 1 0 13 5 3 0 4 6 5 4 1 3 0 3
21311191 898 6 3 1 3 2 2 3 1 0 1 1 0 0 0 0 1 2 3 0 1 6 0 0 3 4 2 0 0 4 13 3 3 3 4
21311192 950 0 1 0 3 1 0 0 0 0 0 0 0 13 5 9 0 6 5 2 1 4 1 2 0 0 3 0 0
21311193 901 1 3 1 0 3 1 0 0 0 0 0 0 1 1 3 1 13 4 3 3 5 0 6 2 4 0 0 2 3
21311194 861 9 3 1 2 2 1 2 3 1 3 1 0 1 1 0 0 0 0 3 3 3 2 3 0 0 0 4 0 0 3 6 4 13 1 2 3 3
21311195 893 1 1 1 0 2 1 0 0 0 0 1 0 0 0 3 0 1 1 4 3 0 5 8 4 2 3 2 13 0
21311196 974 4 1 2 3 1 1 0 2 1 0 0 0 0 2 1 1 2 0 1 0 3 7 3 0 8 3 4 0 13 3 3 3
21311197 930 10 2 1 2 3 3 2 1 2 1 3 1 0 3 1 0 0 0 0 3 4 3 13 3 1 3 3 5 9 2 3 4 6 2 0 1 0 1
21311198 880 4 2 3 3 2 1 0 1 1 0 0 0 0 0 2 2 2 2 3 13 3 1 4 7 4 6 4 1 0 1 5 0
21311199 883 9 2 2 2 1 3 1 1 2 3 1 0 3 1 0 0 0 0 3 4 2 2 8 13 3 1 3 2 3 3 6 8 1 1 3 0 0
21311200 827 2 1 2 1 0 1 1 0 0 0 0 1 1 0 0 0 3 0 13 3 4 0 4 4 3 2 1 4 0 2
21311201 804 0 1 0 1 1 0 0 0 0 0 0 0 13 3 4 3 4 7 4 3 3 2 7 0 3 0 0 0
21311205 873 6 2 3 1 1 3 2 1 0 2 1 0 0 0 0 2 2 2 0 0 0 2 0 1 1 3 0 3 1 5 3 2 6 13
21311206 928 1 1 1 0 1 1 0 0 0 0 1 0 0 0 0 0 4 3 5 2 4 3 5 6 2 0 5 9 13
21311207 929 10 2 3 1 2 1 3 2 2 1 3 1 0 1 1 0 0 0 0 3 4 3 3 2 3 13 0 4 3 7 0 3 3 1 0 0 3 0
21311208 894 11 1 1 3 2 1 3 2 1 2 2 3 1 0 3 1 0 0 0 0 4 4 3 5 2 4 1 13 7 3 1 2 3 0 0 3 1 2 0
21311209 976 8 3 1 3 3 1 2 1 1 1 0 2 1 0 0 0 0 4 1 3 2 13 4 3 2 1 1 4 5 0 2 0 0 2 0 0
21311211 838 11 3 3 2 1 3 2 1 1 1 2 3 1 0 2 1 0 0 0 0 4 3 4 0 0 0 1 0 2 3 3 2 5 5 3 1 3 4 13
21311212 807 4 1 3 3 2 1 0 1 1 0 0 0 0 1 1 2 0 1 3 0 5 4 4 0 7 3 2 1 13 2 8 2
21311213 911 5 1 2 1 1 3 1 0 2 1 0 0 0 0 3 1 1 4 6 5 0 13 7 2 0 4 3 0 3 3 3 0 0
21311214 980 10 3 2 1 3 3 2 1 2 1 2 1 0 3 1 0 0 0 0 3 4 3 4 2 3 1 13 5 1 0 4 5 7 3 1 2 5 0
21311215 894 6 2 3 1 1 2 2 1 0 1 1 0 0 0 0 2 3 1 1 3 2 13 8 3 1 8 4 6 7 2 0 3 4 3
21311217 935 10 3 3 2 2 1 1 3 1 2 1 1 0 2 1 0 0 0 0 4 3 3 0 0 2 3 0 0 2 1 3 3 4 4 0 1 13 4
21311220 887 6 2 2 3 3 1 1 1 0 1 1 0 0 0 0 2 2 2 4 6 4 2 6 5 4 13 3 3 5 1 2 7 0 0
21311221 896 1 2 1 0 1 1 0 0 0 0 0 1 0 3 4 1 3 0 0 3 13 2 0 4 3 0 0 8 5
21311222 895 2 1 2 1 0 3 1 0 0 0 0 1 1 0 3 3 1 0 1 4 3 2 3 13 4 0 2 0 3 3
21311224 939 11 2 2 2 1 3 3 3 1 2 1 1 1 0 3 1 0 0 0 0 4 4 3 0 2 0 2 13 1 1 0 7 2 0 0 4 3 1 0
21311229 857 0 1 0 2 1 0 0 0 0 0 0 0 13 4 3 0 5 3 1 2 3 5 0 0 3 1 0 0
21311231 837 6 2 1 2 3 1 3 1 0 2 1 0 0 0 0 2 2 2 0 13 1 1 2 5 4 1 3 3 2 6 0 3 0 0
21311233 968 3 3 3 2 1 0 2 1 0 0 0 0 0 1 2 1 2 3 3 13 5 3 1 4 1 5 2 0 1 0 3
21311234 859 4 3 1 2 3 1 0 1 1 0 0 0 0 1 1 2 0 0 0 2 3 4 3 2 8 4 3 5 1 5 6 13
21311235 946 4 3 3 1 2 1 0 3 1 0 0 0 0 1 1 2 1 3 13 0 2 4 6 1 3 3 6 2 4 5 3 0
21311236 1009 6 3 2 2 3 1 2 1 0 1 1 0 0 0 0 1 3 2 4 3 13 0 4 7 4 0 7 4 2 3 0 1 0 1
21311237 958 6 1 1 3 3 2 3 1 0 1 1 0 0 0 0 2 1 3 0 0 7 2 0 0 2 0 3 3 4 1 13 4 3 2
21311240 905 5 3 2 2 2 3 1 0 2 1 0 0 0 0 0 3 2 0 3 0 0 0 1 1 0 4 5 13 1 1 4 3 0
21311241 900 10 1 1 3 1 2 2 3 3 1 3 1 0 2 1 0 0 0 0 4 2 4 0 2 13 4 0 3 7 5 2 3 0 3 0 1 0 0
21311242 917 7 3 2 1 3 2 2 1 1 0 3 1 0 0 0 0 2 3 2 2 6 13 3 2 4 6 3 8 3 1 1 1 3 0 0
21311245 1112 8 1 1 3 1 2 2 2 3 1 0 2 1 0 0 0 0 3 3 2 3 3 3 1 0 5 4 1 0 13 3 2 0 0 0 3
21311246 853 7 1 3 1 2 3 2 1 1 0 3 1 0 0 0 0 3 2 2 2 4 2 13 0 3 7 6 0 1 3 3 0 3 1 2
21311247 770 2 1 3 1 0 3 1 0 0 0 0 1 0 1 4 4 3 2 5 6 8 1 13 5 3 0 0 0 0 2
21311248 823 8 2 2 1 3 3 2 1 2 1 0 3 1 0 0 0 0 2 4 2 0 0 1 0 0 0 1 4 1 5 4 2 3 0 13 3
21311249 866 8 3 1 2 1 2 2 1 3 1 0 3 1 0 0 0 0 3 3 2 4 4 4 0 2 3 3 1 13 3 3 1 0 0 2 0
21311252 976 7 3 3 1 1 3 1 2 1 0 3 1 0 0 0 0 3 1 3 2 0 2 0 0 9 3 13 0 5 4 4 1 2 1 2
21311254 843 7 3 3 1 2 2 1 3 1 0 1 1 0 0 0 0 2 2 3 1 2 0 0 2 4 6 0 4 5 4 3 13 8 4 0
21311255 950 8 2 3 3 1 1 3 1 2 1 0 2 1 0 0 0 0 3 2 3 13 5 4 3 3 4 3 5 3 1 0 0 3 0 2 0
21311256 924 2 2 3 1 0 3 1 0 0 0 0 0 1 1 0 1 3 3 1 3 13 3 0 2 4 5 0 3 3 4
21311258 799 1 1 1 0 3 1 0 0 0 0 1 0 0 3 3 1 1 2 1 5 3 3 13 2 2 2 0 0 3
21311259 942 3 2 1 2 1 0 3 1 0 0 0 0 1 2 0 0 1 4 13 3 3 4 7 0 4 6 5 0 1 4 2
21311260 947 9 3 3 1 1 2 1 1 2 3 1 0 2 1 0 0 0 0 4 2 3 0 3 2 3 1 4 5 6 7 4 3 0 3 2 13 0
21311262 744 0 1 0 1 1 0 0 0 0 0 0 0 0 0 3 3 3 0 0 5 6 6 4 2 3 13 4 3
21311265 893 8 3 1 2 1 2 3 3 1 1 0 2 1 0 0 0 0 3 2 3 0 3 3 2 0 4 13 4 1 3 2 4 3 1 0 4
21311267 822 0 1 0 2 1 0 0 0 0 0 0 0 0 3 1 3 13 5 2 2 1 3 4 3 1 4 3 4
21311270 827 5 2 3 1 2 1 1 0 2 1 0 0 0 0 2 2 1 0 3 0 13 3 0 1 8 0 1 6 3 0 3 3 2
21311272 937 8 1 1 2 3 2 2 3 1 1 0 2 1 0 0 0 0 3 3 2 0 0 0 3 0 3 0 0 5 4 13 1 1 6 2 3
21311274 929 2 1 3 1 0 1 1 0 0 0 0 1 0 1 8 0 2 0 0 13 1 3 1 4 5 2 7 6 2 2
21311276 939 0 1 0 1 1 0 0 0 0 0 0 0 3 2 3 3 0 2 2 13 6 8 5 1 0 1 5 5
21311277 937 4 3 1 1 3 1 0 2 1 0 0 0 0 2 0 2 0 1 0 2 2 4 1 0 3 5 3 3 13 4 2 3
21311278 894 8 1 3 1 1 3 3 3 2 1 0 1 1 0 0 0 0 3 1 4 0 0 4 2 0 0 0 4 2 3 6 5 0 2 3 13
21311279 873 7 2 2 3 1 1 3 1 1 0 1 1 0 0 0 0 3 2 2 0 4 3 13 0 3 8 2 0 0 3 7 3 0 2 4
21311282 773 3 1 1 1 1 0 3 1 0 0 0 0 3 0 0 0 3 0 2 2 2 2 7 3 1 4 4 0 3 5 13
21311283 1010 6 2 1 2 3 1 1 1 0 3 1 0 0 0 0 3 2 1 3 2 4 0 4 2 2 3 4 4 1 1 13 1 2 0
21311284 920 10 3 1 3 2 1 3 3 2 1 2 1 0 1 1 0 0 0 0 3 3 4 0 0 0 2 1 4 3 3 8 6 4 2 2 4 1 13
21311286 940 2 1 2 1 0 2 1 0 0 0 0 1 1 0 0 3 0 3 0 0 0 5 2 5 4 1 3 1 13 4
21311287 968 9 2 3 1 3 2 2 3 1 1 1 0 3 1 0 0 0 0 3 3 3 0 0 3 1 2 0 2 1 3 5 6 3 0 5 7 13
21311288 949 9 2 1 3 3 2 2 1 2 3 1 0 1 1 0 0 0 0 2 4 3 13 3 3 4 7 5 4 2 4 1 8 0 0 0 4 1
21311289 947 0 1 0 2 1 0 0 0 0 0 0 0 3 4 4 13 0 1 3 4 0 4 3 3 0 1 0 2
21311291 935 5 1 2 3 2 1 1 0 3 1 0 0 0 0 2 2 1 0 0 0 3 0 4 3 4 3 3 2 13 2 7 1 1
21311292 1022 10 3 1 3 1 3 3 2 1 1 2 1 0 2 1 0 0 0 0 4 2 4 2 0 0 0 0 0 2 0 2 1 1 3 3 4 7 13
21311293 909 4 3 2 2 3 1 0 3 1 0 0 0 0 0 2 2 0 2 0 0 3 0 1 0 4 1 5 0 1 8 13 3
21311296 921 0 1 0 3 1 0 0 0 0 0 0 0 2 6 1 3 2 3 7 1 2 13 1 0 0 3 1 2
21311297 799 6 2 3 3 1 2 2 1 0 3 1 0 0 0 0 1 3 2 5 3 1 0 4 2 0 0 5 13 0 1 3 3 1 0
21311299 921 9 3 3 3 2 1 2 2 2 3 1 0 1 1 0 0 0 0 1 4 4 0 1 3 0 0 2 4 4 1 1 1 2 4 5 3 13
21311302 1029 6 2 3 1 2 1 1 1 0 2 1 0 0 0 0 3 2 1 0 1 0 0 0 2 0 3 6 4 3 3 3 3 4 13
21311304 790 6 2 2 3 3 1 1 1 0 2 1 0 0 0 0 2 2 2 0 0 2 0 0 3 4 4 0 1 4 4 3 1 7 13
21311305 751 10 3 1 1 3 3 2 3 2 2 1 1 0 2 1 0 0 0 0 3 3 4 13 8 3 0 3 7 3 0 3 4 5 1 3 3 0 0
21311306 875 10 3 3 3 2 3 1 1 2 1 1 1 0 2 1 0 0 0 0 4 2 4 0 0 0 2 1 2 13 4 4 5 3 6 0 3 1 2
21311307 893 2 3 3 1 0 3 1 0 0 0 0 0 0 2 0 5 2 0 3 3 4 3 1 1 13 3 0 3 2 4
21311312 699 6 1 1 3 2 1 2 1 0 2 1 0 0 0 0 3 2 1 0 2 4 0 0 0 3 5 1 7 5 13 3 3 8 7
21311313 881 1 1 1 0 3 1 0 0 0 0 1 0 0 0 3 2 0 13 2 6 1 3 5 6 2 1 4 4 0
21311314 837 6 3 1 2 3 1 1 1 0 3 1 0 0 0 0 3 1 2 4 2 2 2 13 4 2 1 5 1 6 1 3 0 2 0
21311315 939 11 1 3 2 3 3 2 2 1 1 2 1 1 0 3 1 0 0 0 0 4 4 3 13 4 1 3 3 3 5 1 0 2 0 0 2 3 0 0
21311316 876 9 3 1 2 1 2 3 1 2 3 1 0 1 1 0 0 0 0 3 3 3 0 0 2 2 3 5 3 4 3 0 1 3 0 3 13 3
21311317 848 0 1 0 1 1 0 0 0 0 0 0 0 0 2 1 2 3 2 3 3 6 6 1 2 13 3 1 0
21311318 809 6 2 3 1 3 2 3 1 0 2 1 0 0 0 0 1 2 3 0 4 0 1 13 2 3 0 3 4 3 1 1 3 0 3
21311320 850 1 3 1 0 1 1 0 0 0 0 0 0 1 0 13 2 3 1 3 5 2 0 3 5 1 2 0 2 1
21311321 862 9 1 3 2 3 1 2 2 1 2 1 0 3 1 0 0 0 0 3 4 2 7 1 4 0 13 6 6 1 6 5 3 5 3 2 0 0
21311322 1114 0 3 1 5 0.33333333333333331 6 0.33333333333333331 7 0.33333333333333331 0 0 0 13 3 2 3 6 5 1 4 5 2 5 0 1 0 0 0
21311323 871 8 3 2 1 1 2 1 1 2 1 0 3 1 0 0 0 0 4 3 1 3 4 2 2 0 1 4 13 3 4 1 4 2 0 0 0
21311324 948 7 2 3 3 2 2 1 3 1 0 1 1 0 0 0 0 1 3 3 1 0 2 0 4 1 3 6 1 13 4 0 4 4 2 3
21311325 750 2 3 2 1 0 3 1 0 0 0 0 0 1 1 1 5 8 13 2 6 4 3 0 3 0 8 0 0 1 0
21311326 912 4 3 1 1 1 1 0 1 1 0 0 0 0 3 0 1 3 2 0 0 4 4 0 2 3 5 2 2 3 4 13 0
21311327 919 6 1 2 3 1 3 2 1 0 1 1 0 0 0 0 2 2 2 2 0 1 2 3 4 7 4 0 0 2 13 0 4 1 6
21311328 919 6 2 1 1 2 2 1 1 0 3 1 0 0 0 0 3 3 0 0 3 0 0 1 0 4 0 2 3 1 0 4 5 13 2
21311330 813 8 3 1 2 3 1 2 1 2 3 1 6 0.33333333333333331 7 0.33333333333333331 8 0.33333333333333331 3 3 2 0 0 3 2 0 0 3 3 0 0 1 13 1 2 4 5
21311331 806 7 3 3 3 2 1 1 2 1 0 1 1 0 0 0 0 2 2 3 0 2 0 0 1 4 4 3 0 3 4 13 2 5 6 3
21311332 830 8 1 1 1 2 3 3 1 2 1 0 2 1 0 0 0 0 4 2 2 0 4 4 13 2 4 3 4 3 3 1 4 0 0 0 2
21311335 873 11 3 3 1 2 1 3 1 1 3 2 2 1 0 2 1 0 0 0 0 4 3 4 3 13 1 5 5 4 3 1 2 6 2 2 0 1 3 0
21311336 933 6 1 1 2 2 3 3 1 0 2 1 0 0 0 0 2 2 2 3 1 0 0 0 5 7 0 0 4 3 3 0 13 4 8
21311337 974 2 3 2 1 0 1 1 0 0 0 0 0 1 1 0 0 1 0 0 1 2 2 2 5 6 3 0 1 7 13
21311338 854 4 1 3 1 2 1 0 3 1 0 0 0 0 2 1 1 2 0 1 0 0 0 3 4 3 5 4 2 0 13 5 3
21311340 931 1 3 1 0 2 1 0 0 0 0 0 0 1 3 4 0 3 4 7 1 0 5 1 2 0 13 1 2 0
21311341 968 11 2 1 1 1 2 3 2 3 1 3 3 1 0 2 1 0 0 0 0 4 3 4 0 0 0 2 4 1 3 0 6 2 4 2 13 6 1 1
21311343 981 11 3 2 3 2 1 1 2 3 1 1 3 1 0 2 1 0 0 0 0 4 3 4 1 2 3 1 13 6 4 2 4 4 0 2 1 0 0 0
21311344 988 0 1 0 3 1 0 0 0 0 0 0 0 1 0 0 0 2 4 0 0 3 5 3 2 13 3 4 1
21311347 955 11 1 1 3 2 3 2 3 3 2 2 1 1 0 1 1 0 0 0 0 3 4 4 4 1 13 1 3 5 3 0 4 8 2 3 3 0 2 0
21311348 989 3 2 1 2 3 1 5 0.33333333333333331 6 0.33333333333333331 7 0.33333333333333331 1 2 0 0 8 3 0 3 5 3 1 3 8 5 0 13 3 4 3
21311353 866 9 2 2 1 1 3 2 2 3 3 1 0 3 1 0 0 0 0 2 4 3 2 4 6 13 1 3 0 3 0 1 0 0 0 3 0 1
21311354 892 1 1 1 0 3 1 0 0 0 0 1 0 0 0 0 1 2 3 2 2 5 1 4 3 9 3 0 13 3
21311355 1048 0 1 0 2 1 0 0 0 0 0 0 0 1 4 3 2 1 4 5 1 13 3 5 0 0 2 0 3
21311356 874 1 3 1 0 3 1 0 0 0 0 0 0 1 3 13 2 0 2 4 0 2 1 3 4 1 1 0 3 0
21311357 888 4 2 2 2 1 1 0 3 1 0 0 0 0 1 3 0 3 5 3 0 7 5 1 0 7 5 3 2 13 0 1 1
21311359 864 1 3 1 0 2 1 0 0 0 0 0 0 1 3 0 0 2 9 0 2 0 1 1 4 1 3 13 3 3
21311360 822 4 3 3 2 2 1 0 3 1 0 0 0 0 0 2 2 1 1 0 0 2 4 3 1 3 6 3 0 13 8 3 0
21311362 834 7 2 1 1 3 3 1 1 1 0 2 1 0 0 0 0 4 1 2 0 3 2 0 0 3 3 0 2 13 2 3 4 1 4 3
21311363 904 6 3 2 3 2 3 1 1 0 3 1 0 0 0 0 1 2 3 0 4 3 1 9 2 2 0 13 5 3 0 1 3 1 3
21311364 856 2 2 3 1 0 2 1 0 0 0 0 0 1 1 1 4 3 13 2 4 3 8 0 1 7 4 0 0 1 5
21311365 877 1 1 1 0 2 1 0 0 0 0 1 0 0 0 0 0 3 0 0 1 3 7 3 4 5 3 0 2 13
21311366 1068 8 2 1 1 3 3 1 3 2 1 0 3 1 0 0 0 0 3 2 3 13 3 1 2 8 6 3 3 2 4 7 0 0 5 1 2
21311367 796 9 1 3 1 3 1 2 2 1 3 1 0 2 1 0 0 0 0 4 2 3 6 1 2 3 2 5 13 1 0 2 3 4 3 0 0 0
21311368 933 3 2 1 3 1 0 1 1 0 0 0 0 1 1 1 2 0 0 0 4 7 3 1 13 8 3 0 3 4 3 2
21311369 858 8 1 3 2 1 2 1 2 2 1 0 1 1 0 0 0 0 3 4 1 3 0 0 3 2 5 3 1 3 13 8 1 2 4 4 3
21311370 992 3 1 2 2 1 0 2 1 0 0 0 0 1 2 0 1 0 1 0 3 0 1 0 6 3 0 2 13 4 4 0
21311371 836 1 2 1 0 1 1 0 0 0 0 0 1 0 2 0 1 0 2 4 5 3 6 4 1 7 13 6 3 3
21311372 896 1 2 1 0 3 1 0 0 0 0 0 1 0 0 1 3 0 4 4 1 2 1 3 6 0 7 2 13 0
21311374 970 1 1 1 0 1 1 0 0 0 0 1 0 0 13 6 6 0 3 7 2 0 2 3 0 3 0 0 0 3
21311375 828 7 1 2 3 2 1 2 3 1 0 3 1 0 0 0 0 2 3 2 3 0 2 0 5 6 4 0 13 5 2 1 1 1 7 3
21311378 804 6 2 1 3 3 1 3 1 0 1 1 0 0 0 0 2 1 3 4 3 4 2 13 5 6 0 3 4 3 2 0 1 2 0
21311379 973 0 1 0 1 1 0 0 0 0 0 0 0 0 4 0 4 0 2 13 3 2 4 5 1 1 0 2 0
21311381 866 8 2 1 2 1 1 3 3 2 1 0 2 1 0 0 0 0 3 3 2 0 0 3 1 0 13 8 0 3 3 4 3 0 4 6 4
21311382 942 7 3 1 2 1 1 2 3 1 0 1 1 0 0 0 0 3 2 2 0 13 4 3 0 1 4 4 2 4 6 2 0 0 7 2
21311383 926 3 3 3 2 1 0 1 1 0 0 0 0 0 1 2 1 3 5 9 0 1 5 13 0 6 3 5 2 2 0 3
21311386 922 9 2 3 2 3 3 1 2 3 1 1 0 2 1 0 0 0 0 2 3 4 2 4 7 3 1 2 7 13 0 3 4 4 0 1 1 1
21311387 971 10 1 1 2 3 2 3 2 1 3 2 1 0 3 1 0 0 0 0 3 4 3 13 7 2 1 3 5 3 0 3 1 3 0 0 0 3 0
21311388 991 10 2 3 3 1 2 3 2 1 1 2 1 0 1 1 0 0 0 0 3 4 3 3 3 4 13 0 3 5 8 0 3 2 5 0 1 0 0
21311389 885 7 1 2 3 3 1 2 1 1 0 3 1 0 0 0 0 3 2 2 0 8 5 13 0 3 7 4 3 2 5 1 2 0 3 0
21311391 921 4 2 2 1 2 3 1 4 0.33333333333333331 5 0.33333333333333331 6 0.33333333333333331 1 3 0 6 13 3 2 4 0 1 0 8 3 0 0 1 1 0 0
21311392 835 4 1 3 3 1 1 0 2 1 0 0 0 0 2 0 2 3 1 0 1 6 8 2 2 7 2 2 4 13 1 4 0
21311394 945 8 2 1 1 2 2 3 1 3 3 1 6 0.33333333333333331 7 0.33333333333333331 8 0.33333333333333331 3 3 2 1 4 13 0 3 4 3 7 2 7 1 0 2 5 0 3
21311395 763 11 3 3 2 1 3 2 2 1 1 2 1 1 0 3 1 0 0 0 0 4 4 3 13 3 3 0 7 3 4 1 2 3 1 3 2 3 0 0
21311396 887 11 1 3 2 1 1 1 3 2 3 3 2 1 0 2 1 0 0 0 0 4 3 4 13 3 4 1 6 7 4 0 2 2 0 0 0 3 1 0
21311397 840 0 1 0 2 1 0 0 0 0 0 0 0 2 3 0 0 13 4 0 6 4 5 1 0 0 3 0 1
21311400 905 3 3 3 3 1 0 2 1 0 0 0 0 0 0 3 4 1 0 0 3 6 3 2 4 6 0 0 13 4 3 1
21311402 898 10 1 2 1 3 3 2 3 3 1 1 1 0 2 1 0 0 0 0 4 2 4 2 0 0 0 3 3 3 1 0 4 6 5 2 4 5 13
21311405 798 1 1 1 0 2 1 0 0 0 0 1 0 0 4 1 5 13 0 3 7 8 2 4 2 4 3 1 3 0
21311406 893 10 1 3 3 3 2 3 2 1 1 2 1 0 1 1 0 0 0 0 3 3 4 2 4 1 4 0 2 13 2 0 4 3 2 0 1 0 1
21311407 944 7 3 3 1 1 3 1 2 1 0 1 1 0 0 0 0 3 1 3 2 2 2 2 0 3 13 4 4 3 6 1 0 0 3 3
21311408 935 9 3 2 3 2 1 1 1 1 2 1 0 3 1 0 0 0 0 4 3 2 2 13 1 3 7 6 1 2 5 4 5 2 3 3 0 0
21311410 899 5 3 1 2 3 1 1 0 1 1 0 0 0 0 2 1 2 3 4 1 2 0 3 13 3 0 2 2 5 0 2 1 0
21311411 935 6 1 3 1 3 3 2 1 0 2 1 0 0 0 0 2 1 3 2 4 0 0 13 1 1 0 4 3 4 3 8 3 0 2
21311412 996 6 2 1 3 2 2 3 1 0 1 1 0 0 0 0 1 3 2 0 5 3 3 3 0 5 7 0 1 13 2 0 1 0 3
21311413 852 9 2 1 1 2 2 3 1 3 3 1 0 2 1 0 0 0 0 3 3 3 0 13 3 4 4 8 6 5 1 1 6 4 0 0 2 3
21311414 859 3 1 2 3 1 0 2 1 0 0 0 0 1 1 1 3 2 1 0 6 3 13 0 5 0 3 3 0 0 0 1
21311416 953 2 1 1 1 0 3 1 0 0 0 0 2 0 0 0 2 4 9 3 2 5 13 0 2 1 4 0 0 0 3
21311417 960 10 3 2 3 2 1 1 1 3 2 2 1 0 3 1 0 0 0 0 3 4 3 0 4 2 13 1 3 5 1 0 5 3 1 0 0 0 2
21311419 943 5 2 1 1 3 2 1 0 2 1 0 0 0 0 2 2 1 4 1 4 3 0 4 2 4 3 0 3 13 0 1 0 0
21311420 1048 5 2 3 3 1 3 1 0 3 1 0 0 0 0 1 1 3 2 5 8 13 2 5 1 1 7 2 5 0 0 0 4 1
21311421 1113 11 2 1 1 3 3 2 2 3 1 3 2 1 0 1 1 0 0 0 0 3 4 4 2 1 0 0 0 4 4 0 1 6 4 5 0 13 5 2
21311422 849 7 2 3 1 2 1 3 1 1 0 3 1 0 0 0 0 3 2 2 13 4 2 1 7 3 2 3 6 1 0 0 2 5 0 0
21311424 866 0 1 0 3 1 0 0 0 0 0 0 0 2 3 2 0 5 7 1 1 2 3 4 9 4 1 13 4
21311426 839 7 1 3 2 1 1 2 3 1 0 2 1 0 0 0 0 3 2 2 3 2 13 2 3 8 4 3 1 1 8 1 2 4 0 3
21311427 798 4 2 1 3 1 1 0 3 1 0 0 0 0 2 1 1 3 3 5 2 3 5 2 1 1 13 3 0 2 0 0 0
21311430 839 9 2 1 1 3 2 2 3 2 3 1 0 3 1 0 0 0 0 2 4 3 1 3 1 13 2 3 4 3 3 4 5 3 0 0 0 1
21311431 936 10 1 2 1 3 3 2 2 1 3 3 1 0 1 1 0 0 0 0 3 3 4 3 13 1 3 4 4 3 0 5 2 1 4 2 0 3 2
21311433 961 1 2 1 0 2 1 0 0 0 0 0 1 0 3 9 1 13 0 1 4 3 0 3 4 5 0 4 3 0
21311434 701 2 3 2 1 0 1 1 0 0 0 0 0 1 1 2 0 0 0 1 1 6 3 5 2 0 3 13 3 3 0
21311436 970 11 3 3 1 3 1 1 2 1 2 2 3 1 0 2 1 0 0 0 0 4 3 4 3 13 4 2 6 3 3 6 3 6 5 0 0 1 3 0
21311437 913 6 2 3 1 3 3 1 1 0 1 1 0 0 0 0 2 1 3 0 3 2 4 2 3 3 9 0 5 13 6 0 0 3 4
21311438 848 5 1 1 2 3 2 1 0 3 1 0 0 0 0 2 2 1 0 0 2 0 0 1 1 0 4 7 7 0 13 5 5 2
21311439 799 7 3 1 2 2 1 3 2 1 0 3 1 0 0 0 0 2 3 2 5 2 6 1 4 8 4 0 1 3 13 0 2 0 3 1
21311440 1015 8 2 3 2 1 3 1 1 2 1 0 3 1 0 0 0 0 3 3 2 0 3 4 0 2 3 5 2 0 3 4 1 0 13 1 3
21311441 797 7 3 1 2 2 2 3 1 1 0 1 1 0 0 0 0 2 3 2 2 7 6 4 13 8 4 3 3 1 0 0 0 3 0 3
21311442 961 0 1 0 2 1 0 0 0 0 0 0 0 1 1 13 3 0 3 4 5 0 3 4 6 0 2 7 3
21311443 733 8 3 3 1 3 2 1 1 3 1 0 2 1 0 0 0 0 3 1 4 13 3 4 2 2 5 1 1 2 4 3 1 2 0 0 0
21311444 967 2 1 2 1 0 1 1 0 0 0 0 1 1 0 0 3 4 0 0 3 5 2 0 13 6 5 1 2 2 1
21311446 985 8 1 1 2 3 2 2 1 3 1 0 3 1 0 0 0 0 3 3 2 1 0 0 0 3 2 3 3 3 7 1 0 2 4 13 0
21311447 841 8 2 1 1 2 2 3 3 3 1 0 2 1 0 0 0 0 2 3 3 1 4 0 0 1 7 2 0 3 6 4 3 1 3 13 3
21311448 1004 8 3 1 2 2 2 3 1 1 1 0 2 1 0 0 0 0 3 3 2 3 0 0 0 1 0 3 0 4 7 3 0 3 3 13 3
21311449 996 1 2 1 0 2 1 0 0 0 0 0 1 0 0 1 3 7 3 5 3 5 2 5 1 13 7 5 6 1
21311450 877 6 1 1 2 3 1 2 1 0 3 1 0 0 0 0 3 2 1 0 0 0 3 0 5 4 1 2 5 2 13 3 0 3 3
21311451 1020 11 3 3 2 1 2 3 1 3 1 2 1 1 0 2 1 0 0 0 0 4 3 4 4 1 13 0 4 4 1 0 2 8 3 0 3 5 0 2
21311452 963 4 1 2 2 2 1 0 3 1 0 0 0 0 1 3 0 3 1 2 0 1 4 5 3 4 5 13 1 3 0 0 0
21311453 900 11 2 3 1 2 1 3 3 1 3 2 2 1 0 1 1 0 0 0 0 3 4 4 4 3 0 0 3 5 7 3 1 4 5 1 13 2 3 2
21311455 840 11 3 3 1 1 2 1 3 2 2 3 1 1 0 2 1 0 0 0 0 4 3 4 0 2 0 0 0 8 1 13 0 4 6 3 3 1 4 2
21311456 973 6 3 2 1 1 3 1 1 0 2 1 0 0 0 0 3 1 2 13 4 4 4 3 6 5 2 3 0 1 0 2 0 0 0
21311457 1008 0 1 0 2 1 0 0 0 0 0 0 0 13 4 5 1 4 3 8 0 3 2 3 3 0 0 0 1
21311458 945 0 1 0 2 1 0 0 0 0 0 0 0 1 3 2 1 0 2 8 4 0 13 4 1 3 0 0 3
21311459 952 11 2 3 1 1 3 2 1 3 2 2 3 1 0 1 1 0 0 0 0 3 4 4 1 4 8 13 0 3 4 5 0 3 5 2 0 0 2 1
21311460 1027 10 2 1 3 1 2 3 1 3 2 2 1 0 1 1 0 0 0 0 3 4 3 4 4 4 0 2 2 6 8 1 13 1 0 3 0 5 6
21311462 856 11 1 3 2 3 1 2 3 2 3 2 1 1 0 1 1 0 0 0 0 3 4 4 0 2 3 1 2 4 1 2 6 1 3 5 3 4 6 13
21311463 1009 4 3 3 2 2 3 1 8 0.33333333333333331 9 0.33333333333333331 10 0.33333333333333331 0 2 2 1 1 4 3 13 3 2 1 3 4 0 3 0 2 1 0
21311464 988 3 2 1 3 1 0 3 1 0 0 0 0 1 1 1 3 0 2 2 2 3 1 1 0 5 4 1 0 13 8 4
21311465 990 7 3 1 1 1 3 2 2 1 0 3 1 0 0 0 0 3 2 2 0 1 0 2 2 4 2 0 1 6 2 0 13 4 3 1
21311466 889 10 1 2 1 3 2 3 1 3 3 2 1 0 2 1 0 0 0 0 3 3 4 13 3 2 0 3 6 3 0 5 2 3 1 0 1 0 1
21311469 854 9 1 3 3 3 1 1 2 2 3 1 0 2 1 0 0 0 0 3 2 4 0 3 0 2 13 5 5 1 2 1 5 0 2 1 3 0
21311472 951 2 1 2 1 0 2 1 0 0 0 0 1 1 0 0 3 3 2 3 13 7 3 3 5 6 4 1 1 7 6
21311474 980 1 2 1 0 2 1 0 0 0 0 0 1 0 0 0 3 1 0 0 4 3 3 1 3 5 3 5 3 13
21311475 993 5 2 1 1 3 3 1 0 2 1 0 0 0 0 2 1 2 0 1 0 0 3 2 1 5 0 2 5 5 0 3 9 13
21311476 884 3 2 2 1 1 0 1 1 0 0 0 0 1 2 0 0 0 1 2 0 4 4 3 2 3 7 4 0 13 1 4
21311478 1133 7 2 3 1 2 1 3 2 1 0 2 1 0 0 0 0 2 3 2 0 1 13 4 3 1 5 4 1 2 3 4 0 0 3 0
21311479 1002 4 2 1 2 3 1 0 1 1 0 0 0 0 1 2 1 0 2 3 0 1 13 2 1 4 6 3 0 0 3 4 0
21311480 794 3 2 1 3 1 0 1 1 0 0 0 0 1 1 1 0 2 0 3 2 3 13 0 6 2 1 3 1 3 3 0
21311482 890 3 1 3 1 1 0 1 1 0 0 0 0 2 0 1 0 2 13 3 0 2 5 2 0 3 6 4 2 1 1 2
21311485 791 11 1 3 1 3 2 1 2 3 3 2 2 1 0 1 1 0 0 0 0 3 4 4 1 0 0 1 3 1 7 4 2 4 2 4 0 0 13 2
21311486 858 11 1 3 1 3 1 2 2 2 3 2 1 1 0 3 1 0 0 0 0 4 4 3 0 4 0 1 2 7 13 3 4 5 6 1 3 3 3 2
21311488 1077 6 2 2 1 2 3 1 1 0 1 1 0 0 0 0 2 3 1 13 8 4 1 3 5 3 0 3 0 3 0 3 0 2 0
21311489 766 3 3 2 1 1 0 3 1 0 0 0 0 1 1 1 0 0 3 0 0 5 4 0 1 3 7 13 0 2 3 3
21311491 867 4 2 3 3 1 1 0 1 1 0 0 0 0 1 1 2 2 3 1 0 2 1 4 2 0 6 3 3 3 4 8 13
21311494 880 7 1 1 2 3 2 3 1 1 0 1 1 0 0 0 0 3 2 2 0 2 2 1 3 3 5 6 0 3 13 1 3 5 2 2
21311495 830 2 3 2 1 0 1 1 0 0 0 0 0 1 1 0 2 0 0 1 4 4 5 2 4 6 1 0 3 3 13
21311496 985 2 2 1 1 0 2 1 0 0 0 0 1 1 0 13 5 3 0 4 4 1 3 4 0 2 0 1 0 3 0
21311498 816 2 2 1 1 0 1 1 0 0 0 0 1 1 0 3 1 2 2 0 4 8 3 0 4 4 2 0 1 5 13
21311501 889 0 1 0 2 1 0 0 0 0 0 0 0 0 0 0 3 0 3 5 1 0 0 2 3 3 1 4 13
21311502 850 5 3 2 2 2 3 1 0 1 1 0 0 0 0 0 3 2 0 1 1 0 13 5 4 0 3 4 4 0 2 1 1 2
21311503 855 3 1 2 2 1 0 1 1 0 0 0 0 1 2 0 3 6 3 1 4 4 1 0 9 2 3 0 13 3 2 0
21311504 875 0 3 1 5 0.33333333333333331 6 0.33333333333333331 7 0.33333333333333331 0 0 0 13 3 0 0 9 3 2 3 2 7 4 0 3 0 1 1
21311505 859 8 1 3 1 3 1 3 2 2 1 0 2 1 0 0 0 0 3 2 3 5 8 4 0 13 3 7 2 4 2 3 1 9 1 4 0
21311507 979 0 1 0 1 1 0 0 0 0 0 0 0 3 5 2 4 3 1 13 1 0 0 3 2 0 0 2 0
21311509 989 2 3 3 1 0 2 1 0 0 0 0 0 0 2 13 3 2 1 7 3 0 0 5 5 3 0 1 0 3 0
21311510 836 2 3 2 1 0 1 1 0 0 0 0 0 1 1 3 3 0 0 3 5 2 0 5 6 4 0 3 13 3 1
21311513 1119 11 1 1 3 2 1 1 2 3 3 2 3 1 0 2 1 0 0 0 0 4 3 4 1 4 1 13 0 4 4 7 0 2 3 1 0 0 2 2
21311514 887 3 2 3 3 3 1 4 0.33333333333333331 5 0.33333333333333331 6 0.33333333333333331 0 1 2 13 1 3 2 3 5 5 0 1 0 3 7 3 0 0 0
21311515 844 1 3 3 1 4 0.33333333333333331 5 0.33333333333333331 6 0.33333333333333331 0 0 1 0 1 1 0 0 2 4 4 0 13 1 3 2 2 4 3
21311517 887 7 3 3 3 2 1 1 2 1 0 2 1 0 0 0 0 2 2 3 1 0 0 0 0 0 1 2 3 5 13 0 3 4 3 0
21311518 757 6 1 2 2 3 1 3 1 0 1 1 0 0 0 0 2 2 2 3 3 4 3 5 2 0 0 13 5 3 0 0 0 3 0
21311519 713 6 2 1 1 1 1 3 1 0 2 1 0 0 0 0 4 1 1 2 13 7 5 0 4 3 5 0 3 3 0 0 2 0 0
21311522 858 8 1 1 1 3 3 3 3 2 1 0 2 1 0 0 0 0 3 1 4 5 0 2 2 2 4 1 0 5 6 3 1 13 4 4 0
21311523 984 2 2 3 1 0 2 1 0 0 0 0 0 1 1 1 4 13 0 3 6 2 1 0 4 4 0 1 3 0 0
21311525 843 11 1 1 2 2 2 3 1 2 3 1 3 1 0 3 1 0 0 0 0 4 4 3 3 1 5 3 2 13 3 3 2 3 2 4 1 0 1 0
21311526 918 8 2 1 1 3 3 2 3 1 1 0 3 1 0 0 0 0 3 2 3 3 0 0 0 6 3 1 2 3 4 5 2 13 3 9 0
21311527 875 0 1 0 2 1 0 0 0 0 0 0 0 4 1 3 0 5 3 2 0 1 5 6 0 13 2 1 3
21311529 863 9 3 2 2 2 3 1 1 3 1 1 0 3 1 0 0 0 0 3 3 3 13 7 4 0 8 5 3 0 3 5 0 1 2 0 0 0
21311530 919 5 2 2 1 3 3 1 0 1 1 0 0 0 0 1 2 2 0 0 3 0 3 13 3 2 3 5 3 1 0 2 3 1
21311531 797 8 2 1 1 3 3 1 2 3 1 0 1 1 0 0 0 0 3 2 3 2 3 0 0 0 13 6 3 0 3 3 3 0 2 4 4
21311532 1025 0 1 0 1 1 0 0 0 0 0 0 0 5 2 13 0 5 3 3 0 2 4 1 0 1 2 0 3
21311533 1002 3 2 3 2 1 0 1 1 0 0 0 0 0 2 1 0 0 1 0 0 4 3 2 1 3 5 2 1 4 3 13
21311535 1065 7 3 3 2 1 1 2 3 1 0 2 1 0 0 0 0 2 2 3 3 1 0 0 0 5 3 13 2 3 3 6 1 1 2 5
21311536 904 9 2 2 3 3 3 1 2 2 1 1 0 1 1 0 0 0 0 2 4 3 0 13 1 3 3 5 4 3 0 3 3 3 0 5 2 1
21311537 935 10 1 1 3 2 1 3 1 2 3 3 1 0 2 1 0 0 0 0 4 2 4 3 3 3 13 4 5 8 3 0 3 4 1 0 0 2 2
21311539 895 7 1 1 2 3 2 3 2 1 0 1 1 0 0 0 0 2 3 2 1 0 2 0 13 4 6 2 1 4 8 6 4 4 1 2
21311542 892 2 2 3 1 0 2 1 0 0 0 0 0 1 1 3 1 6 13 8 4 3 3 4 5 1 2 0 1 7 3
21311544 890 9 1 2 2 2 1 1 3 1 3 1 0 2 1 0 0 0 0 4 3 2 0 13 3 2 1 3 5 3 3 0 4 3 0 0 3 3
21311545 933 4 3 3 2 1 1 0 2 1 0 0 0 0 1 1 2 0 4 4 13 1 3 3 4 5 2 4 1 0 1 2 0
21311546 911 9 3 2 3 1 3 1 3 1 2 1 0 2 1 0 0 0 0 3 2 4 3 2 13 0 1 5 1 1 2 5 4 0 2 1 2 0
21311549 844 3 1 3 2 3 1 6 0.33333333333333331 7 0.33333333333333331 8 0.33333333333333331 1 1 1 0 0 2 2 0 7 3 5 3 1 6 1 1 2 3 13
21311550 1025 1 3 1 0 2 1 0 0 0 0 0 0 1 0 3 1 3 0 1 13 2 0 0 6 5 2 0 1 5
21311552 1016 2 2 3 1 0 1 1 0 0 0 0 0 1 1 0 7 0 0 4 4 0 0 9 5 3 2 13 4 4 1
21311553 973 1 2 1 0 1 1 0 0 0 0 0 1 0 4 1 3 0 4 1 2 2 13 5 0 0 3 5 4 3
21311555 746 4 1 1 1 3 1 0 3 1 0 0 0 0 3 0 1 2 2 5 2 4 1 3 0 13 6 1 2 3 2 3 0
21311559 841 1 1 1 0 3 1 0 0 0 0 1 0 0 13 3 1 3 6 3 8 2 4 6 2 0 4 0 0 0
21311561 926 1 1 1 0 2 1 0 0 0 0 1 0 0 0 0 0 1 0 2 3 13 1 2 4 4 3 1 4 2
21311562 842 7 3 2 2 1 3 3 2 1 0 3 1 0 0 0 0 1 3 3 0 1 1 5 0 7 5 6 6 3 4 1 1 2 13 2
21311563 931 6 1 3 2 2 3 2 1 0 1 1 0 0 0 0 1 3 2 0 3 1 3 1 2 4 13 0 5 3 3 0 3 3 0
21311564 975 3 3 3 1 1 0 2 1 0 0 0 0 1 0 2 13 3 5 0 9 4 3 0 5 3 2 2 0 1 0 1
21311570 801 7 3 3 2 2 1 1 3 1 0 1 1 0 0 0 0 2 2 3 0 0 3 3 0 2 8 3 1 3 5 3 2 4 6 13
21311571 794 6 3 2 2 3 1 1 1 0 2 1 0 0 0 0 2 2 2 5 6 2 5 1 5 5 0 9 13 0 0 3 1 2 1
21311572 781 3 1 2 3 1 0 3 1 0 0 0 0 1 1 1 3 4 13 0 1 4 3 1 4 6 2 0 0 3 2 0
21311576 946 7 2 2 3 3 2 1 1 1 0 1 1 0 0 0 0 2 3 2 6 3 3 0 0 2 5 1 0 3 7 4 0 13 3 4
21311578 723 11 3 2 1 1 2 3 2 2 1 3 3 1 0 1 1 0 0 0 0 3 4 4 0 2 1 0 0 4 4 5 0 3 13 3 3 1 2 3
21311579 892 6 1 1 2 2 2 3 1 0 2 1 0 0 0 0 2 3 1 3 3 3 13 3 6 6 6 0 1 1 5 0 3 0 0
21311580 840 0 1 0 3 1 0 0 0 0 0 0 0 13 3 4 3 3 4 5 3 4 4 4 0 0 0 1 2
21311586 966 10 1 1 3 1 1 3 2 2 3 3 3 1 6 0.33333333333333331 7 0.33333333333333331 8 0.33333333333333331 4 2 4 0 3 3 4 2 3 8 13 0 0 6 3 0 0 4 2
21311589 879 8 1 3 2 1 3 3 2 2 1 0 1 1 0 0 0 0 2 3 3 0 1 5 13 2 4 7 3 0 3 4 2 1 0 0 0
21311591 821 9 2 3 3 1 2 1 3 1 3 1 0 1 1 0 0 0 0 3 2 4 2 3 4 13 3 3 3 7 0 0 8 4 0 0 2 0
21311592 931 0 1 0 1 1 0 0 0 0 0 0 0 3 6 3 3 13 5 0 0 5 2 3 2 6 1 0 0
21311593 947 7 3 3 3 2 1 1 1 3 1 6 0.33333333333333331 7 0.33333333333333331 8 0.33333333333333331 3 1 3 1 3 3 2 5 6 2 0 9 6 2 0 13 2 1 0
21311596 1059 7 2 3 3 1 1 2 1 1 0 3 1 0 0 0 0 3 2 2 13 3 5 3 3 7 3 3 2 4 2 0 0 0 1 0
21311598 928 3 1 1 1 1 0 3 1 0 0 0 0 3 0 0 0 1 5 3 2 4 13 2 3 2 0 0 0 3 0 2
21311599 879 1 2 1 0 1 1 0 0 0 0 0 1 0 4 1 4 2 1 2 13 2 5 4 1 3 0 3 3 3
21311600 898 5 3 2 3 3 2 1 0 1 1 0 0 0 0 0 2 3 13 5 3 3 3 4 3 1 2 0 0 0 0 1 0 0
21311601 840 8 2 2 1 3 3 3 2 2 1 0 3 1 0 0 0 0 1 4 3 2 5 13 0 1 4 5 3 1 3 3 0 1 0 0 1
21311602 1014 3 2 3 1 1 0 3 1 0 0 0 0 1 1 1 13 3 3 0 6 3 4 0 4 1 0 0 1 0 2 2
21311603 848 6 3 2 1 2 1 3 1 0 1 1 0 0 0 0 2 2 2 3 0 3 3 5 1 2 0 3 13 3 0 3 4 2 0
21311605 869 4 2 3 2 3 1 0 3 1 0 0 0 0 0 2 2 1 0 5 6 1 4 1 1 3 2 6 3 0 2 3 13
21311607 830 9 1 3 2 3 3 1 1 1 3 1 0 2 1 0 0 0 0 4 1 4 2 1 2 4 3 1 13 3 4 3 3 2 0 5 2 0
21311608 901 1 2 1 0 3 1 0 0 0 0 0 1 0 0 0 6 1 0 1 9 5 3 0 3 4 2 3 4 13
21311611 895 7 1 1 1 1 2 2 3 1 0 3 1 0 0 0 0 4 2 1 0 0 2 4 0 0 1 4 2 3 3 13 0 5 2 3
21311612 802 3 3 1 2 1 0 2 1 0 0 0 0 1 1 1 0 0 1 3 0 3 5 4 0 5 6 1 2 3 3 13
21311613 915 7 1 1 3 2 3 2 3 1 0 2 1 0 0 0 0 2 2 3 4 5 2 13 1 4 7 3 2 0 3 0 0 1 1 0
21311614 986 11 3 2 2 3 3 1 1 2 1 3 2 1 0 1 1 0 0 0 0 3 4 4 1 7 5 4 0 3 3 4 0 13 2 2 0 1 0 0
21311615 903 5 1 3 1 1 3 1 0 3 1 0 0 0 0 3 0 2 1 2 0 0 2 2 5 1 3 4 5 13 0 2 2 3
21311617 983 6 3 2 1 3 1 3 1 0 2 1 0 0 0 0 2 1 3 1 0 1 2 3 2 3 4 0 5 4 13 0 3 3 3
21311618 906 9 2 1 2 1 2 3 3 3 3 1 0 2 1 0 0 0 0 2 3 4 0 0 0 1 1 13 1 5 0 2 5 7 0 4 6 3
21311619 1016 9 2 1 1 3 3 2 1 2 2 1 0 1 1 0 0 0 0 3 4 2 1 13 3 0 2 3 4 3 3 3 4 3 0 0 3 0
21311620 893 1 3 1 0 2 1 0 0 0 0 0 0 1 1 3 1 0 1 7 4 0 2 6 7 9 2 2 1 13
21311621 932 2 1 2 1 0 1 1 0 0 0 0 1 1 0 0 3 0 0 3 3 4 2 1 1 2 3 13 4 4 2
21311622 741 7 3 3 2 2 1 1 3 1 0 1 1 0 0 0 0 2 2 3 3 2 0 0 10 1 13 0 2 6 5 3 4 4 2 1
21311624 1008 9 2 1 1 3 2 2 1 3 1 1 0 3 1 0 0 0 0 4 3 2 0 0 2 0 3 13 3 4 0 7 4 3 4 2 1 3
21311627 889 2 3 2 1 0 2 1 0 0 0 0 0 1 1 2 3 8 1 0 1 3 2 0 1 3 13 3 5 3 1
21311629 933 4 1 3 2 2 1 0 1 1 0 0 0 0 1 2 1 0 4 2 13 0 1 4 3 1 4 5 1 0 2 3 2
21311630 826 5 1 3 3 1 1 1 0 3 1 0 0 0 0 3 0 2 4 3 0 0 13 0 0 3 3 2 3 0 2 2 6 0
21311633 895 0 1 0 2 1 0 0 0 0 0 0 0 13 1 1 3 5 7 1 0 2 2 5 0 1 3 2 0
21311635 931 7 2 2 3 1 2 1 3 1 0 3 1 0 0 0 0 2 3 2 0 0 1 0 0 3 2 4 3 3 1 1 2 3 4 13
21311636 919 9 2 3 1 2 3 2 2 1 3 1 0 1 1 0 0 0 0 2 4 3 3 2 1 0 1 8 4 3 4 6 3 0 13 6 3 0
21311638 849 5 1 3 2 2 1 1 0 3 1 0 0 0 0 2 2 1 0 3 4 4 0 2 3 13 4 5 7 1 1 6 0 2
21311639 975 8 3 2 1 3 2 2 2 1 1 0 1 1 0 0 0 0 2 4 2 0 0 0 3 1 0 0 0 5 13 3 0 3 6 4 3
21311640 838 7 3 1 2 3 2 2 2 1 0 3 1 0 0 0 0 1 4 2 0 1 1 1 1 3 5 1 2 3 6 4 4 13 3 2
21311642 1082 4 1 2 2 3 1 0 1 1 0 0 0 0 1 2 1 0 0 0 3 0 1 7 3 6 3 3 8 2 5 13 4
21311644 863 1 2 1 0 2 1 0 0 0 0 0 1 0 3 13 9 4 0 3 1 1 3 5 4 1 0 0 7 2
21311645 965 1 3 1 0 1 1 0 0 0 0 0 0 1 1 0 2 4 2 4 8 3 0 0 5 13 0 0 3 3
21311646 747 5 2 3 2 3 1 1 0 3 1 0 0 0 0 1 2 2 0 0 1 4 3 4 3 7 1 6 5 13 0 3 3 2
21311647 787 9 1 1 1 3 3 3 2 3 1 1 0 2 1 0 0 0 0 4 1 4 13 4 3 0 5 1 4 3 3 2 0 0 2 0 0 2
21311648 833 4 2 2 2 1 1 0 1 1 0 0 0 0 1 3 0 0 13 5 1 0 3 8 6 3 4 5 3 0 2 3 1
21311649 946 5 2 1 1 2 3 1 0 2 1 0 0 0 0 2 2 1 13 5 3 0 2 4 0 2 6 5 1 1 0 1 3 0
21311651 900 9 2 3 3 2 2 3 1 2 1 1 0 1 1 0 0 0 0 2 4 3 0 6 13 4 3 0 6 9 0 3 3 4 0 0 0 1
21311652 902 5 2 1 3 3 3 3 1 7 0.33333333333333331 8 0.33333333333333331 9 0.33333333333333331 1 1 3 1 0 0 3 0 0 3 4 0 1 2 13 0 0 5 2
21311653 950 6 2 1 1 1 3 2 1 0 2 1 0 0 0 0 3 2 1 13 1 3 0 9 5 2 3 3 9 2 0 3 1 0 0
21311654 950 5 3 3 1 2 1 1 0 3 1 0 0 0 0 2 1 2 0 0 3 0 2 2 5 3 3 1 1 2 4 5 13 0
21311655 908 9 2 3 2 2 1 3 3 1 2 1 0 3 1 0 0 0 0 2 4 3 13 2 1 0 4 4 6 0 2 4 6 1 1 0 0 1
21311656 901 10 3 1 1 1 3 2 2 2 3 1 1 0 2 1 0 0 0 0 4 3 3 3 1 5 13 2 7 4 3 0 3 3 3 0 0 0 3
21311661 958 0 1 0 3 1 0 0 0 0 0 0 0 0 3 0 0 4 2 3 0 1 7 6 3 3 13 6 0
21311662 996 2 1 1 1 0 1 1 0 0 0 0 2 0 0 0 3 3 0 3 2 2 0 3 7 6 3 0 13 4 2
21311663 938 6 3 2 3 3 1 1 3 1 7 0.33333333333333331 8 0.33333333333333331 9 0.33333333333333331 2 1 3 0 13 6 2 1 8 4 6 2 3 7 3 0 1 3 2
21311666 923 5 2 3 2 3 2 1 0 1 1 0 0 0 0 0 3 2 4 3 1 3 0 3 3 4 2 1 9 8 0 1 4 13
21311667 799 3 2 2 1 1 0 2 1 0 0 0 0 1 2 0 3 4 0 0 0 1 3 13 4 4 4 4 1 6 2 1
21311668 852 7 1 2 2 3 1 3 2 1 0 3 1 0 0 0 0 2 3 2 3 2 0 3 1 8 4 0 13 4 1 0 2 4 1 0
21311669 874 6 3 1 2 3 2 3 1 0 1 1 0 0 0 0 1 2 3 13 1 8 5 2 7 5 1 0 4 0 3 2 0 0 0
21311671 882 9 2 2 1 2 2 3 1 3 1 1 0 3 1 0 0 0 0 3 4 2 1 0 1 0 2 3 5 0 1 5 6 0 13 2 4 4
21311673 963 8 2 2 3 3 1 2 3 1 1 0 1 1 0 0 0 0 2 3 3 1 3 0 0 3 13 2 0 4 3 5 0 1 2 2 1
21311674 985 10 1 3 2 3 1 3 2 1 3 2 1 0 1 1 0 0 0 0 3 3 4 4 1 1 3 3 4 2 2 4 3 13 0 3 2 0 0
21311675 933 10 3 3 1 3 3 2 2 2 2 1 1 0 1 1 0 0 0 0 2 4 4 1 0 0 0 0 0 0 3 0 3 5 3 3 6 8 13
21311676 761 9 3 3 1 2 3 1 1 3 2 1 0 2 1 0 0 0 0 3 2 4 13 2 4 2 4 5 6 1 4 1 0 1 0 5 0 2
21311677 825 7 2 3 3 3 2 1 1 1 0 2 1 0 0 0 0 2 2 3 1 2 0 0 13 6 4 0 1 4 5 3 1 2 1 2
21311681 874 1 1 1 0 1 1 0 0 0 0 1 0 0 0 1 3 0 0 0 2 4 2 4 5 2 1 2 3 13
21311682 1014 1 2 1 0 3 1 0 0 0 0 0 1 0 3 0 0 3 0 2 4 1 3 5 1 3 0 13 3 8
21311683 845 11 3 2 1 2 2 2 1 1 1 3 3 1 0 3 1 0 0 0 0 4 4 3 13 8 3 1 1 5 3 2 1 4 6 2 3 2 0 0
21311685 974 11 2 1 2 1 2 3 3 2 1 1 3 1 0 3 1 0 0 0 0 4 4 3 0 0 2 3 0 2 5 3 0 1 7 1 3 6 3 13
21311687 858 8 2 2 1 3 1 1 2 2 3 1 5 0.33333333333333331 6 0.33333333333333331 7 0.33333333333333331 3 4 1 0 3 4 4 0 3 13 4 0 3 4 3 1 0 3 0
21311691 903 0 1 0 1 1 0 0 0 0 0 0 0 1 4 2 13 3 5 3 2 0 3 2 0 0 0 0 1
21311692 850 0 1 0 3 1 0 0 0 0 0 0 0 0 0 4 6 0 0 3 5 2 4 3 1 3 3 5 13
21311695 931 10 1 2 1 2 1 3 2 3 3 1 1 0 2 1 0 0 0 0 4 3 3 2 6 4 3 3 6 13 1 3 8 5 8 0 0 6 3
21311697 968 2 2 3 1 0 2 1 0 0 0 0 0 1 1 0 3 4 13 0 0 4 5 0 1 1 3 1 2 5 7
21311698 852 4 1 3 2 2 1 0 3 1 0 0 0 0 1 2 1 2 0 2 0 4 1 3 1 1 3 0 7 3 7 13 3
21311699 982 2 1 3 1 0 3 1 0 0 0 0 1 0 1 2 4 5 0 4 3 7 0 1 3 13 2 0 6 0 0
21311700 816 6 3 2 2 1 1 1 1 0 2 1 0 0 0 0 3 2 1 2 0 0 0 3 6 4 3 3 8 5 3 1 3 13 0
21311702 1040 10 1 2 3 3 2 3 1 2 1 2 1 0 3 1 0 0 0 0 3 4 3 3 3 3 2 3 2 13 3 0 4 2 1 0 1 1 1
21311703 975 10 3 2 2 1 3 2 1 1 2 1 1 0 3 1 0 0 0 0 4 4 2 0 3 0 0 5 5 0 3 5 8 5 6 4 13 3 0
21311704 862 5 3 2 2 2 1 1 0 1 1 0 0 0 0 1 3 1 4 1 6 1 3 5 4 5 3 13 4 3 0 2 0 0
21311706 766 7 3 3 3 3 1 2 2 1 0 2 1 0 0 0 0 1 2 4 1 4 7 13 0 5 2 1 0 3 3 0 1 0 6 0
21311708 1003 1 3 1 0 3 1 0 0 0 0 0 0 1 1 3 4 13 3 8 5 6 0 2 7 5 0 1 2 0
21311709 905 9 1 1 2 1 3 2 1 3 2 1 0 3 1 0 0 0 0 4 3 2 0 0 4 13 0 0 4 7 3 1 4 2 0 0 3 2
21311710 826 2 3 2 1 0 1 1 0 0 0 0 0 1 1 0 3 2 2 0 1 5 3 2 0 4 1 0 3 1 13
21311711 918 5 2 1 2 1 1 1 0 3 1 0 0 0 0 3 2 0 1 3 13 0 5 7 8 2 2 5 7 0 3 4 2 1
21311712 907 8 2 3 3 1 1 2 1 2 1 0 2 1 0 0 0 0 3 3 2 0 1 0 2 1 4 6 2 3 5 13 7 0 3 0 1
21311713 767 3 2 3 3 1 0 1 1 0 0 0 0 0 1 2 3 1 5 2 13 6 2 1 1 3 5 2 1 3 8 2
21311714 1007 2 1 3 1 0 1 1 0 0 0 0 1 0 1 0 0 2 1 0 2 3 0 0 3 5 3 2 13 5 3
21311717 757 2 2 2 1 0 3 1 0 0 0 0 0 2 0 3 1 13 0 1 3 5 3 3 4 1 0 3 2 0 3
21311718 961 10 1 1 3 2 1 1 2 3 3 2 1 0 2 1 0 0 0 0 4 3 3 3 8 4 3 0 13 4 2 0 0 0 1 3 3 0 0
21311719 986 7 3 2 1 1 3 2 1 1 0 3 1 0 0 0 0 3 2 2 2 6 3 13 3 8 4 1 0 6 3 2 0 3 2 1
21311722 907 8 1 1 2 3 3 3 2 3 1 0 2 1 0 0 0 0 2 2 4 1 4 1 2 1 4 5 0 13 2 7 1 2 0 5 0
21311723 952 11 1 1 3 2 3 2 1 2 3 3 1 1 0 2 1 0 0 0 0 4 3 4 3 3 4 2 5 13 3 0 1 6 0 0 2 3 1 0
21311726 838 2 2 2 1 0 1 1 0 0 0 0 0 2 0 1 2 4 4 8 6 1 3 0 5 7 13 0 3 1 2
21311729 1036 8 2 2 3 3 2 1 1 3 1 0 2 1 0 0 0 0 2 3 3 0 1 1 3 0 4 2 6 3 3 1 4 0 3 4 13
21311732 814 8 2 2 1 3 3 1 1 1 1 0 2 1 0 0 0 0 4 2 2 13 4 4 2 1 2 6 3 4 4 2 0 0 1 0 3
21311733 954 10 2 3 3 1 1 3 1 2 2 2 1 0 3 1 0 0 0 0 3 4 3 1 0 2 3 3 5 2 3 0 3 1 4 0 0 1 13
21311734 847 10 2 1 2 2 3 3 1 1 1 3 1 0 3 1 0 0 0 0 4 3 3 3 13 5 1 5 4 3 0 3 0 7 0 6 2 2 0
21311738 809 9 1 1 2 3 1 2 3 2 3 1 0 3 1 0 0 0 0 3 3 3 2 1 13 2 7 5 3 5 1 1 0 3 0 2 0 4
21311739 859 11 1 3 2 2 3 2 1 2 1 1 3 1 0 3 1 0 0 0 0 4 4 3 2 1 3 2 13 4 7 1 3 4 4 0 0 0 7 0
21311741 990 11 3 1 1 1 3 3 1 2 2 3 2 1 0 2 1 0 0 0 0 4 3 4 2 3 3 3 5 3 4 0 13 5 0 0 4 1 3 0
21311742 944 11 3 1 3 3 2 1 3 1 2 2 2 1 0 1 1 0 0 0 0 3 4 4 0 2 3 13 1 6 6 3 3 5 4 3 2 0 1 0
21311743 792 10 3 2 1 2 3 3 2 1 1 2 1 0 3 1 0 0 0 0 3 4 3 0 5 0 1 3 4 1 3 1 3 2 3 0 2 7 13
21311744 898 9 2 3 2 3 3 2 1 1 3 1 0 1 1 0 0 0 0 2 3 4 2 6 3 0 13 1 6 1 3 8 5 1 3 2 2 3
21311745 929 7 1 1 3 1 3 2 3 1 0 1 1 0 0 0 0 3 1 3 4 2 2 3 3 2 5 1 13 6 0 0 0 4 0 2
21311747 776 0 1 0 1 1 0 0 0 0 0 0 0 0 0 2 13 1 3 3 6 0 0 3 4 0 2 0 3
21311748 796 9 2 2 1 1 1 1 3 3 2 1 0 3 1 0 0 0 0 4 3 2 13 4 2 8 8 3 5 3 3 0 3 0 3 0 0 0
21311749 930 7 2 2 3 1 1 3 3 3 1 6 0.33333333333333331 7 0.33333333333333331 8 0.33333333333333331 2 2 3 13 4 2 1 3 7 4 6 5 2 3 3 0 1 0 0
21311752 871 6 1 1 3 1 2 2 1 0 3 1 0 0 0 0 3 2 1 13 3 6 0 6 7 4 3 4 2 2 0 0 1 0 0
21311753 894 8 1 2 3 1 2 3 3 3 1 0 1 1 0 0 0 0 2 2 4 3 13 1 2 2 4 5 1 4 0 0 0 5 2 0 0
21311754 972 4 1 3 3 1 1 0 3 1 0 0 0 0 2 0 2 4 13 3 3 4 6 8 0 2 3 4 0 0 0 0 2
21311755 813 10 1 2 2 1 3 3 3 2 1 1 1 0 2 1 0 0 0 0 4 3 3 3 4 1 13 1 4 5 3 0 7 6 2 0 0 3 2
21311756 874 7 3 1 2 1 1 2 2 1 0 3 1 0 0 0 0 3 3 1 3 3 1 13 2 4 5 6 0 2 3 3 3 0 1 0
21311757 790 0 1 0 3 1 0 0 0 0 0 0 0 2 5 7 13 3 0 5 3 0 0 3 1 0 0 1 2
21311758 797 6 1 3 3 2 3 1 1 0 1 1 0 0 0 0 2 1 3 2 2 4 3 1 5 4 2 0 13 1 3 0 0 0 2
21311759 755 11 2 3 1 2 3 1 1 1 2 3 3 1 0 2 1 0 0 0 0 4 3 4 3 3 0 0 2 8 1 1 13 2 1 0 3 4 4 2
21311762 804 8 1 2 2 3 3 2 1 3 1 0 1 1 0 0 0 0 2 3 3 4 3 13 1 2 4 5 2 3 1 4 3 0 3 0 0
21311764 770 1 3 1 0 1 1 0 0 0 0 0 0 1 0 2 6 13 4 3 4 7 0 0 4 3 3 0 1 2
21311765 839 1 2 1 0 3 1 0 0 0 0 0 1 0 2 5 1 1 3 13 3 2 5 4 4 0 4 0 1 0
21311766 798 10 2 1 2 3 3 3 3 1 1 1 1 0 2 1 0 0 0 0 4 2 4 3 7 2 13 5 3 4 4 0 7 5 3 0 0 1 2
21311767 963 4 3 2 1 3 1 0 3 1 0 0 0 0 1 1 2 0 0 2 3 1 1 3 0 3 5 8 4 2 3 13 0
21311768 889 7 3 2 2 1 3 3 1 1 0 2 1 0 0 0 0 2 2 3 3 0 3 1 1 13 1 0 6 5 3 2 3 0 2 0
21311769 887 4 1 3 2 1 1 0 1 1 0 0 0 0 2 1 1 2 5 3 2 4 8 3 8 13 7 0 2 3 5 1 0
21311770 965 11 1 3 2 2 3 1 1 3 2 2 3 1 0 1 1 0 0 0 0 3 4 4 0 0 3 0 0 9 3 3 1 5 5 3 2 3 6 13
21311771 771 5 1 2 3 2 2 1 0 1 1 0 0 0 0 1 3 1 3 3 3 0 2 3 7 1 13 5 3 3 3 1 6 0
21311773 845 0 1 0 3 1 0 0 0 0 0 0 0 2 0 0 3 1 8 7 6 0 13 6 2 3 1 6 3
21311774 1027 10 2 2 3 1 3 3 3 2 1 1 1 0 1 1 0 0 0 0 3 3 4 13 5 3 3 7 6 4 2 3 1 5 0 2 0 0 0
21311775 818 6 2 3 1 3 3 2 1 0 1 1 0 0 0 0 1 2 3 2 0 0 1 1 4 2 3 3 1 5 0 2 13 4 0
21311782 867 8 1 2 3 1 3 2 2 1 1 0 3 1 0 0 0 0 3 3 2 2 3 9 1 2 4 3 1 13 7 1 2 0 3 0 6
21311783 866 9 1 1 2 1 1 3 2 2 3 1 0 2 1 0 0 0 0 4 3 2 1 4 6 1 0 1 4 13 3 2 4 2 3 3 0 2
21311784 843 2 3 3 1 0 1 1 0 0 0 0 0 0 2 0 7 0 2 4 3 4 3 1 2 6 3 0 0 13 3
21311786 1021 4 3 2 3 2 1 0 2 1 0 0 0 0 0 2 2 1 1 8 3 3 5 6 5 7 3 13 1 1 3 2 0
21311788 1160 0 1 0 3 1 0 0 0 0 0 0 0 0 7 9 1 2 3 3 3 1 4 3 4 0 3 2 13
21311790 969 9 2 2 1 3 1 2 2 1 3 1 0 3 1 0 0 0 0 3 4 2 3 4 1 6 0 1 1 3 0 3 13 8 2 4 6 2
21311792 820 7 2 1 3 3 2 3 3 1 0 1 1 0 0 0 0 1 2 4 0 0 1 2 2 8 6 2 0 3 2 1 1 13 1 3
21311794 915 11 2 3 1 1 2 2 2 3 3 1 1 1 0 3 1 0 0 0 0 4 4 3 1 2 0 0 1 4 3 8 3 2 4 6 0 4 9 13
21311796 797 2 3 1 1 0 1 1 0 0 0 0 1 0 1 0 1 0 0 2 4 2 8 0 5 3 4 2 3 13 4
21311797 968 8 1 1 3 2 1 2 3 3 1 0 2 1 0 0 0 0 3 2 3 0 0 7 2 0 0 1 3 0 4 4 1 3 13 5 2
21311800 997 7 3 3 2 1 2 3 2 1 0 3 1 0 0 0 0 1 3 3 2 4 13 0 4 2 6 5 7 1 3 1 1 6 1 0
21311802 958 11 3 2 2 1 3 1 1 3 1 2 3 1 0 2 1 0 0 0 0 4 3 4 1 0 0 0 2 4 3 2 13 7 4 0 3 9 6 1
21311806 847 10 1 1 3 2 2 2 2 3 3 3 1 0 1 1 0 0 0 0 2 4 4 1 4 1 0 2 2 6 9 3 3 4 0 8 9 13 1
21311807 905 5 1 1 1 3 3 1 0 2 1 0 0 0 0 3 0 2 13 3 3 3 4 5 3 0 3 3 2 3 0 5 2 0
21311808 921 6 2 3 1 1 2 3 1 0 3 1 0 0 0 0 2 2 2 0 1 4 2 0 3 2 6 2 0 5 13 3 4 1 1
21311809 873 0 1 0 3 1 0 0 0 0 0 0 0 1 8 3 0 3 5 1 2 13 2 4 0 0 0 3 0
21311811 951 1 2 1 0 3 1 0 0 0 0 0 1 0 13 5 5 0 3 4 1 1 4 2 3 0 0 1 0 2
21311813 938 0 1 0 1 1 0 0 0 0 0 0 0 2 8 13 2 5 6 4 3 4 1 3 0 0 3 3 0
21311814 816 7 3 1 1 1 2 3 3 1 0 3 1 0 0 0 0 3 1 3 1 1 3 4 0 13 3 2 2 4 2 0 0 3 0 2
21311815 957 10 1 2 3 3 1 1 2 2 2 3 1 0 3 1 0 0 0 0 3 4 3 0 0 0 1 4 0 3 2 9 4 0 0 13 7 5 1
21311818 922 10 2 2 3 1 1 2 1 3 2 3 1 0 3 1 0 0 0 0 3 4 3 0 1 7 0 13 3 3 0 3 5 1 1 2 2 2 1
21311820 993 10 1 1 2 3 3 2 3 2 2 1 1 0 3 1 0 0 0 0 3 4 3 2 0 1 0 3 6 3 2 5 3 5 0 13 3 1 1
21311822 939 0 1 0 1 1 0 0 0 0 0 0 0 7 7 2 2 13 6 4 3 3 7 3 1 0 0 1 2
21311823 886 6 3 2 2 1 2 1 1 0 1 1 0 0 0 0 2 3 1 3 2 2 4 0 3 13 2 5 1 6 1 0 0 1 3
21311824 940 6 2 3 2 2 3 3 1 0 2 1 0 0 0 0 0 3 3 13 3 0 1 4 3 5 0 3 8 5 1 1 1 0 0
21311826 830 2 3 3 1 0 1 1 0 0 0 0 0 0 2 2 3 0 0 4 3 6 5 13 1 0 2 2 5 3 1
21311827 806 1 3 1 0 1 1 0 0 0 0 0 0 1 2 7 4 3 13 7 0 0 4 3 2 4 3 0 0 1
21311828 931 4 2 2 1 3 1 0 1 1 0 0 0 0 1 2 1 1 3 3 0 2 3 4 1 3 13 4 9 3 5 6 2
21311829 892 4 1 2 1 3 1 0 1 1 0 0 0 0 2 1 1 0 4 2 3 2 7 3 2 0 3 6 4 0 1 7 13
21311830 990 3 2 1 3 1 0 2 1 0 0 0 0 1 1 1 0 1 2 13 4 6 9 1 2 7 8 1 0 0 4 3
21311831 821 7 1 2 1 3 1 2 2 1 0 3 1 0 0 0 0 3 3 1 3 6 0 0 4 4 13 0 4 1 2 0 2 3 3 1
21311832 876 6 2 1 2 1 3 2 1 0 1 1 0 0 0 0 2 3 1 0 4 2 2 0 13 3 5 4 6 8 4 3 1 1 4
21311833 913 6 2 2 1 2 2 3 1 0 1 1 0 0 0 0 1 4 1 3 0 1 1 3 5 3 4 0 3 2 13 1 0 0 0
21311835 887 0 1 0 1 1 0 0 0 0 0 0 0 13 4 4 3 2 5 2 2 3 1 1 0 0 3 0 0
21311836 764 0 1 0 2 1 0 0 0 0 0 0 0 2 0 1 3 2 8 3 0 3 6 4 1 13 1 7 0
21311841 1007 1 2 1 0 3 1 0 0 0 0 0 1 0 1 4 4 1 7 5 2 6 3 13 3 0 1 8 2 0
21311842 912 2 3 3 1 0 1 1 0 0 0 0 0 0 2 1 3 0 0 2 5 2 0 3 3 6 5 13 8 2 1
21311844 810 10 1 2 3 2 3 1 3 2 1 1 1 0 3 1 0 0 0 0 4 3 3 3 2 3 13 1 3 5 7 0 4 4 5 0 0 2 0
21311845 920 11 2 3 3 1 2 3 1 1 2 1 3 1 0 2 1 0 0 0 0 4 3 4 0 5 3 0 3 3 4 1 0 5 3 2 0 13 4 3
21311846 943 0 1 0 2 1 0 0 0 0 0 0 0 5 4 7 0 6 4 1 0 13 3 3 2 0 0 0 1
21311847 878 5 2 2 1 1 1 3 1 7 0.33333333333333331 8 0.33333333333333331 9 0.33333333333333331 3 2 0 3 9 1 4 0 1 5 13 0 2 2 2 0 0 3 3
21311848 825 5 2 1 1 1 3 1 0 1 1 0 0 0 0 3 1 1 3 7 2 0 2 8 6 1 13 4 3 2 3 2 3 5
21311849 885 2 2 1 1 0 1 1 0 0 0 0 1 1 0 0 0 0 2 1 5 2 6 0 3 3 2 3 13 3 1
21311851 933 2 1 3 1 0 1 1 0 0 0 0 1 0 1 6 2 0 0 3 5 3 0 13 1 2 2 3 8 3 5
21311852 910 5 3 2 2 1 2 3 1 7 0.33333333333333331 8 0.33333333333333331 9 0.33333333333333331 1 3 1 13 6 1 0 3 3 4 3 3 5 0 0 1 0 0 0
21311854 1046 0 1 0 2 1 0 0 0 0 0 0 0 1 0 5 13 3 5 7 2 0 3 3 5 0 0 1 3
21311855 794 0 1 0 2 1 0 0 0 0 0 0 0 0 2 0 0 0 1 9 5 1 1 4 4 0 3 2 13
21311857 1018 10 3 2 3 2 3 2 1 2 1 1 1 0 1 1 0 0 0 0 3 4 3 2 5 3 2 1 1 7 2 3 3 8 13 0 0 1 3
21311858 951 1 3 1 0 3 1 0 0 0 0 0 0 1 0 1 3 0 3 4 2 1 0 2 7 1 0 13 2 3
21311860 980 4 3 1 1 2 1 0 3 1 0 0 0 0 2 1 1 0 2 0 0 3 1 3 13 0 2 5 5 0 3 3 3
21311862 900 0 1 0 1 1 0 0 0 0 0 0 0 7 4 13 3 0 6 3 2 2 1 1 2 3 0 0 0
21311863 1005 9 2 1 1 2 2 3 1 2 3 1 0 1 1 0 0 0 0 3 4 2 0 8 4 13 0 3 3 4 0 0 4 4 3 0 0 3
21311864 974 7 2 1 2 3 2 3 1 1 0 1 1 0 0 0 0 2 3 2 0 5 3 2 0 1 3 4 2 4 13 1 0 0 3 0
21311865 926 4 1 1 1 3 1 0 2 1 0 0 0 0 3 0 1 0 0 2 3 4 8 6 3 2 3 4 3 13 6 8 0
21311870 898 1 1 1 0 3 1 0 0 0 0 1 0 0 13 7 4 2 3 5 2 4 3 1 8 0 0 6 2 1
21311871 901 3 1 2 2 1 0 3 1 0 0 0 0 1 2 0 5 4 0 0 2 5 1 4 13 3 2 1 1 0 0 0
21311872 1005 10 1 1 1 2 2 3 3 3 3 1 1 0 2 1 0 0 0 0 4 2 4 13 2 4 3 1 6 5 3 3 4 3 0 0 3 0 2
21311873 822 2 3 1 1 0 2 1 0 0 0 0 1 0 1 1 2 0 0 0 7 3 3 3 2 3 13 1 4 3 3
21311874 854 6 2 3 3 3 1 3 1 0 1 1 0 0 0 0 1 1 4 13 4 3 0 8 6 1 0 2 3 0 0 2 1 0 2
21311875 929 10 3 1 1 2 2 3 1 2 3 1 1 0 3 1 0 0 0 0 4 3 3 2 4 3 13 1 3 5 3 3 2 1 0 2 0 0 0
21311877 812 3 3 1 3 1 0 1 1 0 0 0 0 1 0 2 0 0 2 2 0 2 4 1 2 0 6 7 0 1 13 6
21311878 830 11 3 1 3 1 1 2 3 2 2 1 3 1 0 2 1 0 0 0 0 4 3 4 0 2 1 0 0 3 4 1 1 2 9 13 3 6 3 2
21311879 916 11 3 2 2 1 3 1 1 2 1 2 3 1 0 3 1 0 0 0 0 4 4 3 0 1 2 1 13 8 3 1 7 6 2 0 5 4 2 0
21311880 934 0 1 0 2 1 0 0 0 0 0 0 0 1 3 1 0 4 4 3 0 2 5 6 5 13 3 1 2
21311881 886 9 2 3 1 2 2 1 3 3 3 1 0 1 1 0 0 0 0 2 3 4 1 2 0 0 0 2 0 4 0 1 5 4 0 0 3 13
21311882 977 9 2 1 3 3 1 2 2 3 3 1 0 1 1 0 0 0 0 2 3 4 0 2 0 0 1 3 3 4 4 5 6 1 2 4 3 13
21311885 875 10 2 1 2 3 3 2 1 1 3 3 1 0 2 1 0 0 0 0 3 3 4 2 4 4 0 1 13 2 1 5 0 0 0 1 0 0 0
21311886 869 0 1 0 2 1 0 0 0 0 0 0 0 3 1 3 1 13 2 4 1 5 4 2 0 0 5 3 0
21311888 965 4 2 2 1 2 1 0 3 1 0 0 0 0 1 3 0 0 0 2 0 0 0 0 5 3 1 5 1 0 1 6 13
21311889 757 4 2 2 1 2 1 0 3 1 0 0 0 0 1 3 0 1 0 5 0 0 4 3 2 1 4 6 13 4 1 9 4
21311890 900 7 2 1 3 2 1 3 2 1 0 3 1 0 0 0 0 2 3 2 3 2 6 1 13 3 5 5 1 1 3 0 2 3 0 0
21311891 1018 0 1 0 3 1 0 0 0 0 0 0 0 3 13 5 4 0 4 2 0 2 1 4 0 0 0 0 1
21311893 934 10 2 2 1 1 2 3 3 1 3 1 1 0 3 1 0 0 0 0 4 3 3 2 0 0 0 1 4 5 13 3 5 2 1 0 2 0 3
21311894 1002 3 2 2 1 1 0 1 1 0 0 0 0 1 2 0 0 0 0 2 1 6 5 3 0 4 8 13 3 3 3 3
21311896 899 9 3 1 3 3 3 2 2 2 1 1 0 1 1 0 0 0 0 2 3 4 1 8 3 1 0 6 4 13 0 2 5 7 0 0 2 4
21311897 881 4 2 2 3 3 1 0 3 1 0 0 0 0 0 2 2 13 0 3 2 4 3 5 1 3 3 1 0 1 5 0 0
21311898 1012 11 3 2 1 1 1 2 3 3 3 2 2 1 0 1 1 0 0 0 0 3 4 4 0 3 4 13 3 5 5 8 0 2 0 3 0 1 0 0
21311899 932 11 2 1 3 3 2 1 1 3 1 3 2 3 1 4 0.33333333333333331 5 0.33333333333333331 6 0.33333333333333331 4 3 4 2 0 0 0 1 4 3 3 1 6 0 0 13 2 4 2
21311902 786 7 1 3 1 3 2 2 2 1 0 1 1 0 0 0 0 2 3 2 0 3 2 1 0 2 6 3 0 13 1 4 3 2 3 1
21311903 858 11 3 2 1 1 2 1 1 3 2 3 3 3 1 7 0.33333333333333331 8 0.33333333333333331 9 0.33333333333333331 4 3 4 1 4 2 1 13 7 2 3 0 1 4 0 0 2 2 0
21311904 1029 11 1 3 2 2 3 3 3 1 2 2 1 1 0 1 1 0 0 0 0 3 4 4 0 3 4 2 2 4 3 1 1 0 13 5 0 0 0 9
21311906 835 3 3 1 1 1 0 2 1 0 0 0 0 2 0 1 0 3 3 0 0 3 6 4 3 3 7 6 0 13 4 2
21311908 957 0 1 0 2 1 0 0 0 0 0 0 0 13 5 3 1 6 7 6 0 3 2 0 3 0 3 0 1
21311910 877 1 1 1 0 2 1 0 0 0 0 1 0 0 3 1 2 1 1 5 2 4 4 13 2 0 3 0 0 0
21311912 718 8 2 1 2 3 1 3 2 1 3 1 4 0.33333333333333331 5 0.33333333333333331 6 0.33333333333333331 3 3 2 0 13 3 4 1 3 5 3 0 4 2 0 0 3 0 0
21311913 835 9 3 2 1 2 1 2 3 3 3 1 0 1 1 0 0 0 0 2 3 4 13 4 1 5 2 3 1 2 2 4 6 0 0 3 1 0
21311914 882 8 2 2 1 1 3 3 1 2 3 1 7 0.33333333333333331 8 0.33333333333333331 9 0.33333333333333331 3 3 2 0 2 3 3 0 3 4 0 1 13 4 4 0 0 3 0
21311915 886 4 3 2 1 2 1 0 1 1 0 0 0 0 1 2 1 4 5 5 6 1 13 3 3 3 2 0 0 0 0 3 0
21311916 889 4 3 2 3 1 1 0 1 1 0 0 0 0 1 1 2 3 0 0 0 6 3 4 2 4 6 4 0 13 3 1 2
21311917 1069 3 1 2 3 1 0 3 1 0 0 0 0 1 1 1 3 0 3 0 2 7 2 1 6 5 3 3 1 3 9 13
21311920 874 2 3 1 1 0 1 1 0 0 0 0 1 0 1 0 2 4 13 1 2 2 5 0 4 3 2 0 0 0 1
21311921 767 9 1 3 2 3 1 3 1 2 1 1 0 2 1 0 0 0 0 4 2 3 2 13 1 4 2 3 4 3 0 0 5 1 0 3 2 0
21311924 973 4 3 1 2 1 1 0 2 1 0 0 0 0 2 1 1 2 5 13 1 5 1 4 0 3 2 2 0 1 0 3 0
21311925 785 5 3 1 1 2 3 1 0 1 1 0 0 0 0 2 1 2 4 3 2 2 3 5 13 6 5 8 3 3 1 0 0 2
21311927 831 7 1 2 3 3 1 1 2 1 0 3 1 0 0 0 0 3 2 2 2 1 2 4 4 5 6 8 0 5 5 13 0 0 3 0
21311930 962 0 1 0 2 1 0 0 0 0 0 0 0 3 6 1 0 0 5 4 5 1 4 7 8 4 2 3 13
21311931 1009 4 2 2 3 3 1 0 3 1 0 0 0 0 0 2 2 13 3 4 2 6 7 1 1 4 4 1 0 1 2 0 0
21311932 900 1 2 1 0 3 1 0 0 0 0 0 1 0 0 0 2 3 0 1 3 13 2 1 5 4 0 7 1 4
21311934 919 8 2 1 3 2 3 3 1 2 1 0 3 1 0 0 0 0 2 3 3 3 3 4 0 5 3 5 1 13 3 7 2 0 1 0 0
21311937 766 0 1 0 2 1 0 0 0 0 0 0 0 3 0 0 0 3 2 6 3 6 6 4 1 13 4 3 1
21311938 1016 10 3 2 1 3 2 3 1 1 2 2 1 0 1 1 0 0 0 0 3 4 3 0 1 0 3 2 3 4 3 2 3 5 1 3 13 0 0
21311939 956 11 2 1 2 3 3 1 1 2 1 3 3 1 0 2 1 0 0 0 0 4 3 4 0 0 1 1 0 0 2 4 3 5 3 3 3 4 13 2
21311941 889 6 2 3 1 3 2 3 1 0 1 1 0 0 0 0 1 2 3 3 0 2 1 3 1 5 0 13 7 3 0 3 4 3 2
21311942 938 10 1 3 2 3 3 2 2 1 2 1 1 0 3 1 0 0 0 0 3 4 3 0 3 1 0 3 2 6 4 2 4 3 1 1 13 3 0
21311943 869 11 3 3 3 1 2 2 1 1 3 2 1 1 0 2 1 0 0 0 0 4 3 4 0 1 0 0 6 1 2 0 2 7 3 2 13 3 3 1
21311944 988 3 2 2 1 1 0 1 1 0 0 0 0 1 2 0 13 0 5 3 4 5 3 1 3 5 3 0 3 2 0 0
21311945 811 7 1 2 2 1 3 1 1 1 0 2 1 0 0 0 0 4 2 1 0 3 0 3 2 0 2 13 0 5 4 3 1 1 4 2
21311946 1061 1 1 3 1 6 0.33333333333333331 7 0.33333333333333331 8 0.33333333333333331 1 0 0 0 0 1 1 2 3 2 4 3 7 4 3 4 13 2 0
21311947 1030 2 1 2 1 0 3 1 0 0 0 0 1 1 0 3 0 0 0 0 13 5 3 1 2 4 4 0 5 1 2
21311948 898 2 3 2 1 0 2 1 0 0 0 0 0 1 1 0 1 2 1 1 2 5 3 6 3 7 2 1 13 1 8
21311950 937 11 3 2 2 1 3 2 1 3 1 1 2 1 0 3 1 0 0 0 0 4 4 3 3 2 4 13 0 6 7 4 1 4 3 1 2 5 0 0
21311951 1007 5 2 1 3 3 3 3 1 5 0.33333333333333331 6 0.33333333333333331 7 0.33333333333333331 1 1 3 13 6 2 2 2 3 1 3 4 5 1 1 3 6 0 0
21311953 836 2 1 1 1 0 3 1 0 0 0 0 2 0 0 3 2 6 1 0 4 5 2 0 3 5 3 0 13 3 2
21311954 777 9 1 2 3 2 2 1 3 3 1 1 0 1 1 0 0 0 0 3 3 3 1 5 5 3 0 8 6 13 3 4 5 2 0 2 0 0
21311955 818 10 2 2 1 3 3 3 1 3 1 2 1 0 2 1 0 0 0 0 3 3 4 0 2 2 3 0 2 7 1 1 7 13 5 1 4 9 1
21311956 843 4 3 2 3 1 1 0 1 1 0 0 0 0 1 1 2 13 2 3 3 7 6 7 0 1 3 4 4 0 0 0 2
21311957 893 11 2 1 3 3 2 2 3 1 1 1 3 1 0 2 1 0 0 0 0 4 3 4 0 0 1 0 0 2 2 13 2 5 7 1 5 3 4 1
21311958 949 1 2 1 0 2 1 0 0 0 0 0 1 0 3 1 4 0 13 4 4 2 6 5 1 1 3 3 0 0
21311961 1050 0 1 0 1 1 0 0 0 0 0 0 0 2 0 6 0 3 13 4 4 0 1 2 5 0 1 2 9
21311962 899 6 2 1 3 2 2 3 1 0 3 1 0 0 0 0 1 3 2 0 3 4 13 1 1 5 3 1 6 4 2 3 0 3 3
21311963 801 10 3 1 3 2 3 1 1 2 2 3 1 0 2 1 0 0 0 0 3 3 4 3 4 2 0 13 1 5 0 5 5 2 3 1 1 5 0
21311964 908 5 3 1 2 2 1 1 0 3 1 0 0 0 0 2 2 1 13 4 3 0 3 1 5 4 4 2 3 3 1 2 0 0
21311965 921 8 3 2 3 3 2 1 1 1 1 0 1 1 0 0 0 0 3 2 3 4 3 3 2 2 5 7 1 13 5 0 0 0 0 2 0
21311967 844 4 2 1 3 3 1 0 2 1 0 0 0 0 1 1 2 3 13 3 1 2 8 2 2 0 4 1 3 0 1 4 1
21311969 969 1 2 1 0 1 1 0 0 0 0 0 1 0 0 3 0 4 0 2 6 3 0 13 1 2 2 1 1 4
21311971 990 3 2 1 3 1 0 2 1 0 0 0 0 1 1 1 3 1 2 0 3 3 3 0 4 4 5 1 13 3 2 1
21311973 918 9 3 3 2 2 2 3 3 1 1 1 0 1 1 0 0 0 0 2 3 4 1 0 0 0 5 13 5 4 0 5 1 2 0 3 0 2
21311974 983 10 2 2 1 3 3 1 1 1 2 3 1 0 3 1 0 0 0 0 4 3 3 3 9 8 13 5 3 1 2 0 7 4 3 0 2 0 5
21311975 882 0 1 0 3 1 0 0 0 0 0 0 0 0 0 2 3 3 1 2 3 0 4 5 4 3 1 3 13
21311976 833 0 1 0 2 1 0 0 0 0 0 0 0 3 0 2 0 0 1 4 1 2 1 3 3 0 4 7 13
21311977 925 6 2 3 1 3 2 2 1 0 1 1 0 0 0 0 1 3 2 3 13 7 1 4 6 3 5 0 0 4 3 0 3 3 0
21311978 956 8 2 1 1 1 2 3 2 3 1 0 3 1 0 0 0 0 3 3 2 0 0 3 2 3 3 1 5 1 2 6 8 3 7 4 13
21311979 780 0 1 0 3 1 0 0 0 0 0 0 0 0 2 4 13 1 3 5 5 0 1 3 2 0 0 2 1
21311980 887 5 3 2 2 1 1 1 0 2 1 0 0 0 0 2 2 1 0 4 1 3 13 3 1 2 6 5 6 3 1 2 3 4
21311984 976 1 2 1 0 3 1 0 0 0 0 0 1 0 0 3 1 13 0 1 3 4 0 0 5 3 3 0 3 2
21311985 977 3 2 3 2 1 0 1 1 0 0 0 0 0 2 1 0 0 3 0 3 4 1 2 1 4 5 3 0 3 8 13
21311986 976 0 1 0 1 1 0 0 0 0 0 0 0 0 3 2 1 6 1 4 0 3 2 4 3 4 2 13 0
21311990 868 10 2 2 3 1 2 3 2 3 3 1 1 0 1 1 0 0 0 0 2 4 4 13 4 1 0 3 2 0 1 4 5 0 0 3 4 3 0
21311991 1030 10 3 2 2 2 1 1 1 3 1 2 1 0 3 1 0 0 0 0 4 4 2 2 2 0 0 1 3 1 0 5 5 3 3 13 4 4 0
21311992 921 7 2 3 2 1 3 2 2 1 0 3 1 0 0 0 0 1 4 2 0 3 0 3 0 0 1 4 1 3 13 6 4 4 5 1
21311994 1053 3 3 2 1 3 1 6 0.33333333333333331 7 0.33333333333333331 8 0.33333333333333331 1 1 1 2 3 1 0 0 5 3 13 1 3 2 1 1 2 2 3
21311995 870 6 1 1 3 1 2 2 1 0 3 1 0 0 0 0 3 2 1 2 0 0 0 0 0 1 3 2 4 5 13 3 4 4 5
21311996 811 11 3 1 3 2 2 2 3 2 1 1 1 1 0 3 1 0 0 0 0 4 4 3 0 3 0 6 8 6 3 3 6 5 4 0 13 9 2 1
21311997 862 1 2 1 0 2 1 0 0 0 0 0 1 0 13 2 1 0 9 6 4 3 3 0 3 1 0 1 0 0
21311999 899 2 2 1 1 0 1 1 0 0 0 0 1 1 0 3 5 3 5 0 0 2 2 0 3 4 13 0 0 0 1
21312000 1036 4 1 1 2 3 1 0 2 1 0 0 0 0 2 1 1 5 13 3 0 2 4 3 0 0 0 3 3 0 1 0 0
21312003 976 0 1 0 3 1 0 0 0 0 0 0 0 3 13 4 1 3 8 5 2 2 4 6 0 2 1 1 0
21312004 867 9 3 3 2 2 2 2 1 1 3 1 0 1 1 0 0 0 0 2 4 3 0 3 1 0 1 3 3 13 0 2 6 3 0 2 1 3
21312007 873 1 3 1 0 1 1 0 0 0 0 0 0 1 0 0 4 4 0 3 4 2 0 13 2 2 1 3 1 4
21312009 999 6 2 2 3 1 2 1 1 0 1 1 0 0 0 0 2 3 1 0 0 3 0 0 2 3 0 3 9 3 3 1 13 5 4
21312010 986 3 1 1 3 1 0 2 1 0 0 0 0 2 0 1 3 5 1 0 7 2 3 2 13 4 1 0 4 3 2 0
21312012 849 2 3 1 1 0 1 1 0 0 0 0 1 0 1 2 3 13 1 2 6 3 4 3 3 0 3 0 2 3 5
21312013 968 4 3 1 2 1 1 0 2 1 0 0 0 0 2 1 1 1 3 0 1 2 1 2 0 3 5 6 3 2 3 13 0
21312015 874 7 3 1 1 3 2 3 2 1 0 1 1 0 0 0 0 2 2 3 0 0 1 2 2 3 5 5 0 1 4 6 0 13 2 3
21312016 848 9 2 2 3 2 3 2 3 1 1 1 0 1 1 0 0 0 0 2 4 3 0 0 3 0 4 1 3 0 5 6 0 0 2 13 5 1
21312018 902 1 2 1 0 1 1 0 0 0 0 0 1 0 1 0 0 3 0 6 3 2 3 4 4 3 1 3 13 2
21312019 897 5 1 3 2 2 3 1 0 2 1 0 0 0 0 1 2 2 0 3 6 1 6 3 3 6 0 13 3 1 0 2 0 1
21312021 956 2 2 1 1 0 3 1 0 0 0 0 1 1 0 0 2 0 1 2 1 3 3 4 5 13 6 5 4 3 3
21312022 924 8 1 3 3 1 3 1 2 2 1 0 1 1 0 0 0 0 3 2 3 0 3 6 13 0 4 4 7 2 3 3 3 0 2 3 0
21312023 878 6 1 2 3 1 3 2 1 0 2 1 0 0 0 0 2 2 2 2 3 3 13 0 5 4 3 1 1 3 3 3 0 0 0
21312024 944 8 3 1 1 1 2 2 3 2 1 0 3 1 0 0 0 0 3 3 2 1 3 13 0 2 2 7 6 3 4 1 0 1 0 3 2
21312025 800 2 1 3 1 0 1 1 0 0 0 0 1 0 1 0 0 8 3 1 3 5 5 2 2 2 9 0 4 7 13
21312026 936 5 3 3 1 2 2 1 0 3 1 0 0 0 0 1 2 2 0 0 0 1 0 0 2 3 1 3 4 3 2 1 4 13
21312027 997 7 1 2 1 3 1 3 2 3 1 5 0.33333333333333331 6 0.33333333333333331 7 0.33333333333333331 3 2 2 0 0 5 3 0 3 7 3 0 8 4 4 5 13 4 2
21312029 847 10 1 3 2 3 2 3 1 1 2 1 1 0 3 1 0 0 0 0 4 3 3 2 1 3 0 3 4 4 1 13 7 3 2 0 3 2 0
21312031 919 9 3 2 2 3 2 3 3 2 1 1 0 1 1 0 0 0 0 1 4 4 0 0 2 1 0 4 2 1 0 3 5 3 1 5 1 13
21312032 939 2 3 2 1 0 3 1 0 0 0 0 0 1 1 2 13 4 0 1 4 5 1 2 5 3 0 1 0 0 0
21312034 998 2 3 2 1 0 3 1 0 0 0 0 0 1 1 3 1 8 3 3 13 7 9 0 0 4 4 0 0 3 3
21312035 1014 6 3 2 3 2 2 1 1 0 3 1 0 0 0 0 1 3 2 0 1 5 4 0 3 3 1 0 13 4 3 2 0 0 1
21312036 1045 6 3 1 2 3 1 3 1 0 3 1 0 0 0 0 2 1 3 0 1 0 0 4 3 3 0 5 8 2 2 13 1 4 2
21312040 878 4 1 3 2 2 1 0 1 1 0 0 0 0 1 2 1 0 0 2 3 0 1 3 0 1 3 5 2 0 5 8 13
21312044 1061 5 1 2 1 3 1 1 0 2 1 0 0 0 0 3 1 1 3 1 13 0 4 2 1 3 3 3 4 0 0 2 2 0
21312046 969 6 1 3 2 2 1 1 1 0 2 1 0 0 0 0 3 2 1 3 3 1 3 1 4 8 4 0 0 3 4 0 2 2 13
21312047 817 11 1 2 3 2 1 3 1 3 2 2 1 1 0 3 1 0 0 0 0 4 4 3 0 3 0 0 3 0 3 2 3 0 4 0 5 13 1 3
21312048 895 6 1 3 3 3 3 2 1 0 2 1 0 0 0 0 1 1 4 0 2 1 0 4 4 6 1 8 4 3 4 13 8 4 0
21312049 908 2 2 3 3 1 7 0.33333333333333331 8 0.33333333333333331 9 0.33333333333333331 0 1 1 3 1 2 0 1 3 3 4 13 5 3 2 0 4 1 0
21312050 947 4 2 2 1 3 1 0 1 1 0 0 0 0 1 2 1 3 13 2 3 2 3 5 1 3 3 3 0 1 3 0 0
21312052 978 10 2 1 3 1 3 3 2 2 1 1 1 0 3 1 0 0 0 0 4 3 3 0 1 0 0 0 2 0 4 0 0 3 4 2 6 7 13
21312053 967 9 3 2 2 2 1 3 2 1 3 1 0 1 1 0 0 0 0 2 4 3 2 0 1 0 9 5 3 3 3 5 1 0 13 3 0 0
21312054 741 4 1 1 2 2 1 0 3 1 0 0 0 0 2 2 0 4 13 0 2 8 3 0 0 2 3 5 1 0 1 3 0
21312055 926 4 2 3 2 3 1 0 3 1 0 0 0 0 0 2 2 13 4 1 3 5 0 5 3 4 1 1 0 0 0 0 2
21312056 791 11 2 1 2 1 2 1 3 3 1 2 3 1 0 3 1 0 0 0 0 4 4 3 2 4 1 0 3 5 3 6 4 3 3 0 13 4 3 0
21312057 893 11 2 3 1 1 2 2 3 2 1 3 1 3 1 7 0.33333333333333331 8 0.33333333333333331 9 0.33333333333333331 4 4 3 3 8 3 5 0 2 4 13 3 0 0 1 0 3 0 0
21312058 874 7 1 1 3 2 1 3 3 1 0 2 1 0 0 0 0 3 1 3 3 0 0 0 2 3 5 0 8 1 2 0 13 5 3 6
21312059 843 2 3 1 1 0 3 1 0 0 0 0 1 0 1 3 3 13 3 5 4 5 3 2 3 2 3 1 7 0 0
21312060 884 6 1 1 1 2 3 3 1 0 3 1 0 0 0 0 3 1 2 13 6 2 2 4 6 0 0 0 2 3 0 0 1 0 0
21312061 805 11 2 3 1 2 3 3 2 2 1 1 1 1 0 3 1 0 0 0 0 4 4 3 0 0 5 3 0 2 4 3 0 4 7 4 3 4 1 13
21312062 1061 8 2 1 2 3 1 1 2 3 1 0 2 1 0 0 0 0 3 3 2 5 0 0 3 7 4 1 3 3 5 4 0 9 3 13 4
21312063 941 5 1 3 2 2 3 1 0 1 1 0 0 0 0 1 2 2 0 2 1 2 2 2 1 4 3 5 3 1 4 1 13 4
21312064 943 9 2 3 3 1 2 3 1 2 1 1 0 2 1 0 0 0 0 3 3 3 1 1 3 1 3 6 3 1 4 5 2 2 13 3 2 0
21312065 857 7 2 2 3 2 3 2 3 1 0 3 1 0 0 0 0 0 4 3 0 1 0 4 1 4 2 13 1 3 4 1 3 7 3 1
21312066 959 5 2 3 1 2 3 1 0 1 1 0 0 0 0 1 2 2 0 0 3 3 0 2 13 2 3 5 4 4 1 3 1 7
21312068 876 5 2 2 3 1 2 1 0 3 1 0 0 0 0 1 3 1 0 0 1 0 13 3 2 3 4 6 5 1 2 1 1 3
21312069 873 10 1 3 1 2 1 1 3 2 3 2 1 0 3 1 0 0 0 0 4 3 3 2 4 2 3 0 3 3 4 0 2 6 13 7 1 3 1
21312070 822 3 1 3 3 1 0 1 1 0 0 0 0 1 0 2 9 4 4 3 3 5 13 3 2 4 2 2 4 0 0 1
21312073 953 2 2 1 1 0 1 1 0 0 0 0 1 1 0 3 3 4 3 2 5 1 3 3 2 13 5 0 0 8 0
21312074 1081 6 1 3 3 3 1 2 1 0 1 1 0 0 0 0 2 1 3 0 0 2 2 2 5 3 0 9 1 3 1 13 2 0 0
21312075 769 9 3 3 3 1 2 2 1 1 2 1 0 1 1 0 0 0 0 3 3 3 0 0 0 2 3 0 1 3 0 6 4 5 3 3 2 13
21312076 872 1 3 1 0 3 1 0 0 0 0 0 0 1 4 1 2 1 6 3 3 2 13 1 4 0 8 3 2 0
21312078 872 0 1 0 1 1 0 0 0 0 0 0 0 0 13 8 6 1 3 5 1 2 2 4 1 0 2 3 2
21312079 831 1 1 1 0 1 1 0 0 0 0 1 0 0 1 1 6 13 0 5 5 2 2 2 3 2 0 1 0 2
21312082 853 8 1 1 2 3 2 3 2 3 1 0 1 1 0 0 0 0 2 3 3 2 3 2 0 13 5 3 0 3 1 1 1 2 4 0 0
21312084 917 3 1 3 1 1 0 2 1 0 0 0 0 2 0 1 0 3 0 3 2 4 3 4 0 1 13 5 0 3 4 2
21312086 967 4 2 1 1 3 1 0 3 1 0 0 0 0 2 1 1 1 2 0 0 5 0 0 0 5 4 2 1 13 4 2 0
21312088 815 1 2 1 0 1 1 0 0 0 0 0 1 0 1 0 0 0 3 2 7 3 3 4 6 3 3 3 13 8
21312090 955 6 3 2 3 2 3 1 1 0 1 1 0 0 0 0 1 2 3 2 4 3 1 0 0 5 13 1 5 8 3 7 0 2 3
21312092 895 7 3 2 3 1 2 2 1 1 0 1 1 0 0 0 0 2 3 2 1 2 3 0 0 6 2 0 13 5 3 3 4 7 1 0
21312093 909 7 3 1 3 2 2 3 3 1 0 2 1 0 0 0 0 1 2 4 13 1 0 0 6 4 3 0 6 4 2 1 1 3 0 0
21312095 832 6 1 1 1 2 2 3 3 1 6 0.33333333333333331 7 0.33333333333333331 8 0.33333333333333331 3 2 1 3 3 5 0 6 5 3 0 3 13 3 0 3 0 0 2
21312097 766 3 1 1 3 1 0 2 1 0 0 0 0 2 0 1 4 3 2 0 9 6 3 4 13 7 5 3 2 1 3 0
21312101 879 1 2 1 0 2 1 0 0 0 0 0 1 0 3 3 3 0 13 7 5 1 1 5 1 5 0 0 2 0
21312102 829 3 2 2 1 1 0 2 1 0 0 0 0 1 2 0 0 1 0 0 4 1 4 3 6 13 4 2 1 8 4 3
21312105 835 11 2 3 2 2 3 3 2 1 1 3 1 1 0 1 1 0 0 0 0 3 4 4 2 0 0 0 0 13 7 5 1 2 1 3 0 3 3 3
21312106 794 5 2 1 3 1 2 1 0 3 1 0 0 0 0 2 2 1 3 1 2 4 3 3 13 4 2 4 7 3 0 8 1 0
21312110 907 11 2 2 3 1 3 3 1 2 1 3 2 1 0 1 1 0 0 0 0 3 4 4 0 0 1 3 0 0 3 2 4 0 2 3 1 7 3 13
21312111 998 8 3 2 1 3 1 1 1 3 3 1 7 0.33333333333333331 8 0.33333333333333331 9 0.33333333333333331 4 1 3 3 0 2 2 0 2 3 2 0 3 6 1 0 3 4 13
21312113 862 8 1 3 1 2 1 3 2 2 1 0 2 1 0 0 0 0 3 3 2 5 5 5 1 4 3 4 0 3 2 13 3 0 0 0 1
21312115 875 10 3 2 1 3 1 1 3 3 2 2 1 0 2 1 0 0 0 0 3 3 4 2 1 0 0 3 4 0 1 6 4 5 0 1 13 3 2
21312116 932 4 1 2 3 2 1 0 3 1 0 0 0 0 1 2 1 0 13 1 3 4 1 3 1 3 3 6 0 0 0 2 2
21312119 1039 10 1 2 2 1 1 2 3 2 3 3 1 0 3 1 0 0 0 0 3 4 3 0 13 2 4 3 5 1 3 0 4 1 0 1 2 0 0
21312123 929 3 1 2 3 1 0 2 1 0 0 0 0 1 1 1 0 0 1 3 3 13 5 9 0 4 5 3 3 1 2 7
21312127 971 11 1 1 3 2 3 1 2 2 3 3 1 1 0 2 1 0 0 0 0 4 3 4 1 13 0 0 5 3 5 2 3 4 1 0 0 2 0 0
21312128 777 3 1 2 2 1 0 1 1 0 0 0 0 1 2 0 2 2 3 3 0 13 1 4 0 1 5 3 0 3 0 0
21312131 888 11 2 1 2 3 3 2 3 1 1 1 2 1 0 3 1 0 0 0 0 4 4 3 2 0 0 0 3 0 0 0 3 13 3 1 6 9 5 7
21312132 923 2 3 1 1 0 2 1 0 0 0 0 1 0 1 3 13 2 3 0 3 6 3 9 4 1 1 0 2 0 0
21312133 944 8 1 3 2 2 2 3 1 1 1 0 3 1 0 0 0 0 3 3 2 3 0 0 2 0 0 1 4 0 1 6 2 2 13 1 4
21312134 986 8 1 2 2 3 2 1 3 1 1 0 2 1 0 0 0 0 3 3 2 3 3 13 2 0 6 5 5 1 3 7 3 0 7 3 1
21312135 921 6 1 1 3 2 3 2 1 0 1 1 0 0 0 0 2 2 2 2 0 2 3 3 1 4 3 0 0 0 6 0 0 3 13
21312137 958 10 3 2 1 2 2 2 3 1 3 1 1 0 3 1 0 0 0 0 3 4 3 0 0 1 3 0 0 9 7 0 3 4 3 1 2 5 13
21312138 955 9 3 3 1 1 2 2 3 3 1 1 0 1 1 0 0 0 0 3 2 4 4 2 2 0 3 13 1 0 2 5 6 1 3 3 3 2
21312139 868 1 2 3 1 7 0.33333333333333331 8 0.33333333333333331 9 0.33333333333333331 0 1 0 0 1 0 4 2 0 0 1 3 0 13 3 9 5 4 7
21312141 823 3 1 2 1 1 0 1 1 0 0 0 0 2 1 0 2 4 1 2 1 5 3 0 3 5 13 0 2 4 2 3
21312142 916 8 1 3 2 3 1 1 1 3 1 0 2 1 0 0 0 0 4 1 3 0 0 0 3 3 3 6 0 5 8 6 2 13 3 3 2
21312143 928 6 3 2 2 1 1 1 1 0 2 1 0 0 0 0 3 2 1 1 0 0 0 4 0 0 0 13 3 4 2 3 1 6 2
21312144 918 4 1 2 2 2 1 0 3 1 0 0 0 0 1 3 0 0 0 3 4 2 3 1 3 1 3 1 13 0 3 5 0
21312145 1016 10 3 3 2 1 3 1 2 1 1 3 1 0 2 1 0 0 0 0 4 2 4 0 0 7 0 13 3 3 0 1 3 5 2 4 4 0 2
21312147 1028 7 1 1 3 1 3 1 2 1 0 2 1 0 0 0 0 4 1 2 3 13 3 0 2 4 5 6 0 0 3 3 2 0 0 0
21312149 969 7 3 1 3 2 3 2 1 1 0 1 1 0 0 0 0 2 2 3 7 3 13 0 3 3 5 4 3 3 6 3 2 0 0 0
21312151 976 3 1 1 2 1 0 2 1 0 0 0 0 2 1 0 2 1 0 0 4 3 0 3 3 5 4 0 13 3 3 0
21312155 975 0 1 0 3 1 0 0 0 0 0 0 0 5 0 2 0 3 0 0 2 9 1 3 0 13 1 3 0
21312160 860 1 3 1 0 2 1 0 0 0 0 0 0 1 0 3 13 3 0 1 1 4 0 3 4 3 1 2 2 5
21312161 866 6 3 3 2 1 1 1 1 0 3 1 0 0 0 0 3 1 2 7 1 4 2 13 4 0 2 3 7 3 2 3 4 5 0
21312162 822 8 2 1 1 3 2 1 3 1 1 0 2 1 0 0 0 0 4 2 2 0 3 2 13 0 3 4 6 2 4 1 1 3 0 2 3
21312164 918 1 2 1 0 1 1 0 0 0 0 0 1 0 0 0 1 0 2 3 1 0 5 4 2 0 13 4 3 3
21312166 896 5 3 2 3 2 1 1 0 2 1 0 0 0 0 1 2 2 0 5 5 3 1 3 1 4 2 13 2 0 1 1 3 0
21312167 907 6 3 2 2 3 2 1 1 0 3 1 0 0 0 0 1 3 2 13 5 4 3 1 6 3 0 3 1 0 2 1 0 0 0
21312168 963 4 3 1 2 3 1 0 2 1 0 0 0 0 1 1 2 13 3 2 0 8 5 3 1 1 3 7 1 0 6 3 2
21312172 970 11 2 2 3 1 3 1 1 3 1 2 2 3 1 5 0.33333333333333331 6 0.33333333333333331 7 0.33333333333333331 4 4 3 0 0 5 3 0 6 3 2 1 5 13 4 3 3 3 3
21312175 889 9 2 2 1 2 3 1 1 1 3 1 0 2 1 0 0 0 0 4 3 2 0 0 0 3 5 0 0 3 7 1 0 0 3 13 4 2
21312176 822 3 2 3 2 3 1 4 0.33333333333333331 5 0.33333333333333331 6 0.33333333333333331 0 2 1 0 13 1 4 3 4 7 3 0 3 5 3 0 1 0 3
21312177 728 9 2 1 3 3 1 2 3 3 1 1 0 2 1 0 0 0 0 3 2 4 0 0 0 1 2 3 5 13 0 5 4 4 0 3 3 3
21312178 1003 6 1 2 2 1 2 3 1 0 1 1 0 0 0 0 2 3 1 0 2 0 0 4 6 3 1 5 5 0 0 13 4 0 0
21312179 975 9 1 2 3 2 1 3 1 3 2 1 0 1 1 0 0 0 0 3 3 3 3 4 3 2 13 1 2 3 0 5 3 0 0 3 3 0
21312182 909 11 1 2 3 3 3 3 1 2 2 1 1 1 0 2 1 0 0 0 0 4 3 4 0 1 0 2 0 1 4 5 3 1 3 2 2 1 2 13
21312185 918 0 1 0 1 1 0 0 0 0 0 0 0 2 0 0 0 5 1 0 0 5 4 3 0 13 1 2 2
21312186 842 0 1 0 3 1 0 0 0 0 0 0 0 0 1 0 0 0 3 2 0 3 4 4 3 0 13 6 3
21312188 913 7 3 3 2 3 1 1 2 1 0 2 1 0 0 0 0 2 2 3 0 1 0 0 1 3 2 4 3 7 6 1 0 4 13 2
21312189 907 5 1 3 1 2 3 1 0 3 1 0 0 0 0 2 1 2 2 0 0 0 1 6 2 0 5 7 3 0 13 4 2 1
21312191 901 4 3 2 1 2 1 0 2 1 0 0 0 0 1 2 1 13 3 3 1 4 5 1 1 2 2 4 0 0 0 0 1
21312196 804 9 2 3 3 1 2 1 1 2 2 1 0 1 1 0 0 0 0 3 4 2 0 0 3 3 0 1 5 2 0 4 4 6 3 3 3 13
21312197 844 4 2 1 3 1 1 0 2 1 0 0 0 0 2 1 1 0 3 3 0 3 4 0 2 1 7 5 3 3 13 3 0
21312198 825 7 2 3 1 3 1 2 1 1 0 3 1 0 0 0 0 3 2 2 4 4 1 2 4 13 3 0 4 3 2 0 3 0 0 0
21312199 893 10 3 3 1 1 2 3 2 3 2 2 1 0 1 1 0 0 0 0 2 4 4 0 3 0 3 1 3 3 1 0 4 5 3 0 7 2 13
21312200 1023 6 1 2 3 1 3 2 1 0 2 1 0 0 0 0 2 2 2 1 0 0 0 0 2 4 13 3 4 3 9 1 8 4 4
21312202 1013 3 1 1 2 1 0 1 1 0 0 0 0 2 1 0 4 4 0 0 4 13 6 2 3 6 3 2 0 3 0 0
21312204 992 9 1 2 3 3 1 1 1 2 2 3 1 7 0.33333333333333331 8 0.33333333333333331 9 0.33333333333333331 4 3 2 0 0 0 3 0 2 0 4 2 4 3 1 3 4 5 13
21312205 890 4 2 1 3 2 3 1 7 0.33333333333333331 8 0.33333333333333331 9 0.33333333333333331 1 2 1 3 3 4 13 1 6 4 3 0 3 2 4 0 0 0 1
21312207 799 8 3 1 2 3 2 1 1 3 1 0 2 1 0 0 0 0 3 2 3 1 0 0 0 2 5 3 3 3 4 3 0 3 7 13 0
21312208 955 10 2 3 2 2 3 1 1 3 3 2 1 0 1 1 0 0 0 0 2 4 4 0 1 5 4 4 6 6 13 3 7 4 4 0 1 2 0
21312209 946 9 2 2 1 1 3 3 3 3 1 1 0 1 1 0 0 0 0 3 2 4 0 2 0 0 2 3 9 0 5 5 6 2 13 3 3 1
21312210 1051 6 3 1 1 2 3 2 3 1 8 0.33333333333333331 9 0.33333333333333331 10 0.33333333333333331 2 2 2 3 2 13 1 1 4 2 3 4 1 4 3 3 2 3 0
21312211 981 1 3 1 0 1 1 0 0 0 0 0 0 1 0 1 2 4 3 6 4 4 0 13 6 1 4 2 3 2
21312214 877 7 2 2 1 2 1 2 3 1 0 1 1 0 0 0 0 2 4 1 0 0 0 3 0 0 0 1 3 3 5 5 0 3 3 13
21312215 880 3 1 1 3 1 0 1 1 0 0 0 0 2 0 1 8 2 0 0 6 13 2 0 8 4 5 4 4 2 3 3
21312217 942 11 3 2 1 3 1 1 3 2 2 2 3 1 0 1 1 0 0 0 0 3 4 4 0 2 0 1 0 5 3 1 2 4 2 3 1 3 13 9
21312218 971 0 1 0 2 1 0 0 0 0 0 0 0 13 1 1 2 4 5 2 3 4 1 2 0 1 3 0 0
21312219 901 9 3 2 3 1 3 3 2 1 2 3 1 5 0.33333333333333331 6 0.33333333333333331 7 0.33333333333333331 2 3 4 2 1 6 0 3 4 3 3 1 3 5 13 1 2 2 1
21312220 988 10 2 3 3 2 2 1 2 3 1 1 1 0 3 1 0 0 0 0 3 4 3 0 3 1 0 13 6 4 2 4 4 3 8 1 1 0 2
21312223 835 0 1 0 1 1 0 0 0 0 0 0 0 13 1 3 2 1 4 2 4 3 7 6 6 0 2 7 3
21312224 824 8 2 3 1 3 1 3 2 3 1 0 2 1 0 0 0 0 2 2 4 2 5 2 0 4 1 4 1 4 6 4 1 13 2 1 0
21312225 986 1 1 1 0 1 1 0 0 0 0 1 0 0 3 4 3 13 3 2 4 3 2 3 5 3 0 0 3 3
21312226 818 10 2 2 1 1 2 1 2 1 3 3 1 0 3 1 0 0 0 0 4 4 2 13 3 1 4 8 3 6 3 3 4 2 0 4 0 0 0
21312227 902 11 3 3 1 2 3 1 2 1 2 1 2 1 0 3 1 0 0 0 0 4 4 3 3 3 0 13 0 4 8 1 1 4 2 3 0 3 2 5
21312228 948 2 3 2 1 0 1 1 0 0 0 0 0 1 1 13 3 3 0 4 3 1 2 3 4 0 0 3 0 0 0
21312229 794 9 2 3 3 1 1 1 2 3 2 1 0 3 1 0 0 0 0 3 3 3 2 0 1 0 0 0 3 3 0 13 8 5 3 1 5 2
21312231 926 3 2 3 3 3 1 7 0.33333333333333331 8 0.33333333333333331 9 0.33333333333333331 0 1 2 0 5 3 13 1 2 5 9 3 6 3 1 0 0 0 3
21312232 877 7 1 2 2 3 1 1 2 1 0 3 1 0 0 0 0 3 3 1 13 3 2 3 4 5 2 1 3 3 1 0 0 0 0 3
21312233 899 8 3 2 3 1 1 3 2 3 3 1 4 0.33333333333333331 5 0.33333333333333331 6 0.33333333333333331 2 2 4 13 4 3 1 1 3 2 2 3 4 2 0 1 0 0 0
21312234 1005 1 1 1 0 2 1 0 0 0 0 1 0 0 4 4 3 3 4 6 3 1 13 3 0 0 2 0 0 0
21312235 787 3 3 3 2 1 0 1 1 0 0 0 0 0 1 2 0 0 3 0 0 1 0 3 7 5 13 4 2 3 3 5
21312236 896 1 1 1 0 3 1 0 0 0 0 1 0 0 0 4 6 3 2 3 2 3 2 3 1 4 0 1 4 13
21312237 842 6 1 2 3 1 2 1 1 0 2 1 0 0 0 0 3 2 1 0 3 0 0 2 3 0 3 4 5 3 1 13 3 4 0
21312239 794 3 2 3 3 1 0 1 1 0 0 0 0 0 1 2 1 13 6 2 3 4 3 0 8 3 5 2 3 3 1 0
21312240 949 11 1 2 3 1 2 3 2 3 1 1 2 3 1 7 0.33333333333333331 8 0.33333333333333331 9 0.33333333333333331 4 4 3 0 0 0 3 2 3 1 0 2 5 3 3 13 1 5 3
21312242 865 0 1 0 1 1 0 0 0 0 0 0 0 0 2 1 2 0 3 4 2 2 1 5 4 0 1 3 13
21312243 891 6 3 3 1 1 2 1 1 0 3 1 0 0 0 0 3 1 2 0 5 3 2 2 3 1 0 3 6 4 0 2 4 13 0
21312245 971 1 2 1 0 2 1 0 0 0 0 0 1 0 2 0 0 0 3 4 7 13 1 1 5 8 3 1 6 3
21312246 760 6 1 2 2 3 2 1 1 0 1 1 0 0 0 0 2 3 1 0 4 5 13 2 4 6 4 0 1 5 3 3 0 4 3
21312249 885 7 1 2 3 3 3 1 1 1 0 2 1 0 0 0 0 3 1 3 2 0 0 0 0 2 4 13 4 6 1 4 2 1 3 3
21312250 1045 3 2 1 3 1 0 2 1 0 0 0 0 1 1 1 0 1 0 3 0 4 13 2 5 3 1 3 3 2 1 3
21312252 895 0 1 0 3 1 0 0 0 0 0 0 0 2 1 7 1 3 5 5 3 2 6 13 0 3 0 8 0
21312256 991 2 1 3 1 0 2 1 0 0 0 0 1 0 1 0 0 2 1 0 4 4 3 3 5 13 3 3 5 4 3
21312258 965 4 3 1 1 3 1 0 2 1 0 0 0 0 2 0 2 13 8 5 3 5 4 7 3 3 1 2 0 0 0 0 2
21312259 1066 11 2 1 1 3 2 3 3 1 2 1 2 1 0 3 1 0 0 0 0 4 4 3 0 0 2 3 1 6 4 0 3 4 4 0 3 4 13 0
21312262 807 7 2 2 1 1 2 1 1 1 0 3 1 0 0 0 0 4 3 0 0 0 0 3 0 13 3 2 3 8 4 2 3 4 1 4
21312267 898 0 1 0 2 1 0 0 0 0 0 0 0 0 1 2 0 0 1 5 2 5 6 4 3 1 4 5 13
21312269 926 5 2 3 3 1 1 1 0 3 1 0 0 0 0 2 1 2 2 4 6 13 2 3 4 3 0 2 5 3 0 0 1 1
21312270 822 10 1 3 3 3 1 3 2 2 2 1 1 0 1 1 0 0 0 0 3 3 4 13 3 0 2 5 6 3 0 3 4 2 0 1 4 0 0
21312272 811 0 1 0 3 1 0 0 0 0 0 0 0 0 1 2 0 9 4 6 2 1 8 4 3 13 3 2 1
21312273 872 10 3 1 2 3 2 3 1 2 1 2 1 0 1 1 0 0 0 0 3 4 3 6 7 13 3 2 3 5 6 0 4 0 3 0 0 3 1
21312277 980 10 1 1 2 3 2 3 1 1 3 2 1 0 3 1 0 0 0 0 4 3 3 0 1 0 0 5 1 0 2 5 3 3 0 2 13 2 0
21312281 894 11 1 1 1 2 2 1 3 3 2 2 3 1 0 3 1 0 0 0 0 4 4 3 4 6 4 3 0 4 2 13 0 5 1 3 3 3 3 9
21312282 956 10 1 2 3 2 1 2 3 3 2 1 1 0 3 1 0 0 0 0 3 4 3 3 13 6 8 3 3 4 3 3 2 5 1 0 0 1 0
21312283 909 4 1 2 3 2 3 1 8 0.33333333333333331 9 0.33333333333333331 10 0.33333333333333331 1 2 1 0 0 1 0 5 3 3 0 3 5 13 0 2 1 1 2
21312284 1036 1 3 1 0 3 1 0 0 0 0 0 0 1 13 8 3 1 2 7 5 2 3 6 4 0 3 4 3 1
21312285 990 7 1 3 2 3 1 2 3 1 0 2 1 0 0 0 0 2 2 3 0 1 3 3 1 4 3 4 0 13 2 2 3 1 0 0
21312288 872 9 1 3 1 2 2 3 3 1 2 3 1 6 0.33333333333333331 7 0.33333333333333331 8 0.33333333333333331 3 3 3 3 4 13 1 3 5 2 0 1 4 4 0 0 2 0 0
21312290 863 8 1 3 2 3 2 2 3 3 1 0 1 1 0 0 0 0 1 3 4 0 3 0 1 0 5 2 3 2 3 13 3 1 4 3 1
21312291 935 9 2 2 3 1 1 3 1 3 2 1 0 2 1 0 0 0 0 3 3 3 3 0 0 0 2 4 4 1 0 13 4 0 3 8 1 4
21312292 1032 7 3 3 1 3 1 3 2 1 0 2 1 0 0 0 0 2 1 4 0 3 5 13 1 2 3 4 0 3 1 3 0 0 0 2
21312293 1006 8 1 1 1 2 3 2 3 2 1 0 3 1 0 0 0 0 3 3 2 1 1 3 0 4 5 4 0 4 8 4 2 3 13 8 2
21312295 927 10 1 2 1 1 1 2 2 3 3 3 1 0 2 1 0 0 0 0 4 3 3 3 2 4 4 2 3 5 1 0 0 3 13 0 0 0 1
21312296 1020 11 3 1 1 2 3 1 1 3 3 2 2 1 0 2 1 0 0 0 0 4 3 4 1 0 2 1 5 2 7 3 2 5 3 4 0 3 13 1
21312300 938 10 2 2 3 3 3 2 3 1 1 2 1 0 1 1 0 0 0 0 2 4 4 3 0 0 0 3 2 0 0 3 6 4 1 13 8 7 1
21312301 1008 0 1 0 2 1 0 0 0 0 0 0 0 1 3 1 2 1 7 4 13 0 5 2 3 0 0 3 0
21312304 936 0 1 0 2 1 0 0 0 0 0 0 0 0 0 3 4 2 2 3 1 1 3 4 9 0 1 4 13
21312305 980 10 2 2 3 2 3 2 1 1 3 1 1 0 3 1 0 0 0 0 3 4 3 0 0 3 5 7 5 4 2 3 3 6 13 0 0 1 1
21312308 953 0 3 1 5 0.33333333333333331 6 0.33333333333333331 7 0.33333333333333331 0 0 0 0 3 0 0 3 1 2 2 0 3 6 3 1 4 5 13
21312309 1002 2 1 3 1 0 1 1 0 0 0 0 1 0 1 2 3 5 3 0 3 13 4 0 5 2 4 1 0 3 2
21312312 889 3 2 3 3 1 0 2 1 0 0 0 0 0 1 2 1 4 3 4 3 7 5 1 8 4 3 0 13 7 1 2
21312313 966 3 2 3 2 1 0 3 1 0 0 0 0 0 2 1 6 4 4 13 1 1 6 5 0 4 2 3 1 0 0 0
21312314 964 2 1 3 1 0 3 1 0 0 0 0 1 0 1 3 3 3 7 2 13 2 5 3 0 4 0 0 0 1 0
21312317 901 4 2 3 1 1 1 0 1 1 0 0 0 0 2 1 1 1 1 5 2 9 13 2 2 0 4 2 2 0 0 1 3
21312318 811 6 2 2 3 3 1 3 1 0 1 1 0 0 0 0 1 2 3 13 3 1 4 5 5 6 2 0 7 2 0 0 1 0 8
21312320 868 9 2 3 2 1 1 2 3 1 1 1 0 2 1 0 0 0 0 4 3 2 0 3 4 13 0 3 3 2 0 4 6 4 3 0 1 3
21312321 842 8 2 3 1 2 1 1 3 3 1 0 3 1 0 0 0 0 3 2 3 2 0 0 0 1 13 2 1 2 6 4 0 4 3 6 5
21312322 999 10 1 3 3 2 2 2 2 1 3 1 1 0 3 1 0 0 0 0 3 4 3 0 2 3 1 4 1 9 3 1 5 13 1 2 3 4 2
21312323 999 7 3 1 3 3 1 1 2 1 0 1 1 0 0 0 0 3 1 3 6 0 0 3 1 5 2 2 13 2 0 0 2 3 0 0
21312324 965 8 2 3 3 3 2 2 1 2 1 0 1 1 0 0 0 0 1 4 3 1 0 3 1 0 2 4 1 1 6 4 5 0 4 13 2
21312325 1040 2 1 1 1 0 2 1 0 0 0 0 2 0 0 0 0 2 0 5 8 1 3 6 4 3 0 13 2 6 3
21312326 912 3 2 2 2 1 0 1 1 0 0 0 0 0 3 0 13 3 3 0 9 6 1 1 2 3 0 0 0 1 3 0
21312327 977 9 1 1 3 2 1 3 2 2 2 1 0 1 1 0 0 0 0 3 4 2 3 3 3 13 0 0 5 7 3 0 0 3 0 0 0 3
21312328 1007 7 2 1 1 3 1 2 2 1 0 1 1 0 0 0 0 3 3 1 4 3 3 0 3 13 1 2 3 5 4 5 4 2 4 0
21312329 936 0 1 0 2 1 0 0 0 0 0 0 0 3 4 13 3 1 3 3 2 0 1 1 2 0 0 3 4
21312331 873 8 2 3 1 1 3 2 3 3 1 0 1 1 0 0 0 0 2 2 4 0 0 2 0 13 5 1 1 3 3 1 0 2 2 4 2
21312333 1038 1 1 1 0 3 1 0 0 0 0 1 0 0 0 0 1 4 0 0 2 3 3 4 4 13 2 8 5 3
21312337 947 5 2 3 3 2 1 1 0 1 1 0 0 0 0 1 2 2 3 0 0 0 7 4 4 0 13 4 5 3 3 4 3 0
21312339 780 6 2 3 1 1 1 2 1 0 1 1 0 0 0 0 3 2 1 3 2 2 0 6 13 0 0 8 1 4 3 3 0 3 2
21312341 990 1 3 1 0 2 1 0 0 0 0 0 0 1 0 1 4 1 0 5 5 4 0 6 13 3 2 0 0 4
21312342 853 6 2 2 2 1 1 2 1 0 3 1 0 0 0 0 2 4 0 0 3 0 1 13 9 2 3 1 5 2 0 3 1 4 1
21312344 931 7 1 3 2 1 2 2 1 1 0 3 1 0 0 0 0 3 3 1 3 13 0 3 6 3 1 3 5 3 3 0 2 7 0 0
21312347 877 11 3 1 3 2 3 3 1 2 2 2 1 1 0 1 1 0 0 0 0 3 4 4 0 3 0 0 2 13 0 0 4 4 0 0 4 3 3 1
21312349 834 10 2 2 3 2 1 3 2 3 1 1 1 0 3 1 0 0 0 0 3 4 3 5 3 3 0 13 4 1 0 6 5 2 2 1 5 0 1
21312350 1032 11 2 1 2 1 1 2 3 2 3 1 3 1 0 3 1 0 0 0 0 4 4 3 1 1 7 13 1 5 7 3 0 2 3 2 0 0 3 2
21312351 907 6 1 3 2 3 3 1 1 0 1 1 0 0 0 0 2 1 3 2 5 3 2 1 4 13 4 0 3 4 3 0 2 0 0
21312354 927 0 1 0 3 1 0 0 0 0 0 0 0 0 3 6 0 1 3 3 4 2 13 4 2 3 4 3 1
21312355 1065 3 1 1 3 1 0 2 1 0 0 0 0 2 0 1 1 0 0 0 2 3 5 2 4 1 4 3 13 2 3 0
21312358 819 0 1 0 3 1 0 0 0 0 0 0 0 0 0 1 2 5 3 3 3 13 5 8 0 4 4 4 3
21312359 897 7 1 2 3 1 1 3 3 1 0 2 1 0 0 0 0 3 1 3 0 13 2 3 2 6 5 1 0 5 4 4 1 3 8 2
21312360 1059 9 3 2 3 3 1 1 2 2 3 1 0 1 1 0 0 0 0 2 3 4 0 0 8 1 3 6 3 5 0 0 13 4 2 0 3 3
21312361 922 10 2 3 1 1 1 1 3 2 3 2 1 0 3 1 0 0 0 0 4 3 3 13 8 5 0 6 3 1 2 3 3 0 0 0 2 0 0
21312362 764 6 3 3 2 2 2 2 1 0 3 1 0 0 0 0 0 4 2 0 1 0 1 4 5 1 1 8 4 3 0 13 3 3 0
21312364 792 1 3 1 0 1 1 0 0 0 0 0 0 1 13 7 3 0 5 3 4 0 3 0 0 2 2 1 0 0
21312365 830 3 3 1 3 1 0 2 1 0 0 0 0 1 0 2 13 3 1 0 4 3 3 0 3 4 2 3 3 0 0 4
21312367 950 3 1 2 3 3 1 6 0.33333333333333331 7 0.33333333333333331 8 0.33333333333333331 1 1 1 0 0 3 0 3 3 4 3 3 5 3 3 4 1 13 2
21312370 890 2 3 1 1 0 1 1 0 0 0 0 1 0 1 0 3 0 0 3 1 6 2 2 3 7 2 13 9 1 2
21312371 944 5 1 1 3 2 3 1 0 1 1 0 0 0 0 2 1 2 3 1 3 0 2 3 6 1 2 2 13 3 2 3 0 0
21312372 893 9 3 1 1 3 2 2 3 1 2 1 0 2 1 0 0 0 0 3 3 3 0 2 2 1 1 4 3 4 0 13 4 1 0 3 3 0
21312376 895 10 2 1 3 1 2 3 1 3 2 1 3 1 6 0.33333333333333331 7 0.33333333333333331 8 0.33333333333333331 4 3 3 2 2 0 0 3 7 6 2 6 5 1 4 3 1 13 3
21312378 810 10 2 3 2 1 3 3 2 3 1 2 1 0 1 1 0 0 0 0 2 4 4 0 7 0 1 5 4 4 2 13 5 1 0 1 3 3 2
21312380 972 6 1 2 3 1 1 2 1 0 3 1 0 0 0 0 3 2 1 0 3 3 2 3 6 2 0 4 4 3 0 4 1 13 0
21312381 716 11 1 3 1 2 2 1 3 2 1 2 3 1 0 3 1 0 0 0 0 4 4 3 3 0 2 1 1 4 8 3 0 3 6 13 0 3 2 0
21312382 833 0 1 0 2 1 0 0 0 0 0 0 0 0 0 3 0 13 4 1 2 5 4 8 1 3 3 4 3
21312385 761 8 1 2 3 2 1 1 1 2 1 0 3 1 0 0 0 0 4 3 1 0 2 0 4 5 1 3 2 7 5 4 3 3 4 4 13
21312387 911 10 3 2 1 2 3 3 1 2 1 2 1 0 3 1 0 0 0 0 3 4 3 1 0 0 0 4 13 2 1 2 5 3 0 1 3 0 0
21312389 922 6 3 3 1 2 2 1 1 0 3 1 0 0 0 0 2 2 2 3 0 0 0 1 3 3 0 2 4 1 2 4 6 13 0
21312390 955 10 1 3 3 3 2 1 1 2 2 1 1 0 3 1 0 0 0 0 4 3 3 0 1 4 3 0 0 13 4 0 2 5 3 2 0 1 2
21312391 823 3 1 3 1 1 0 1 1 0 0 0 0 2 0 1 3 3 9 13 3 5 4 6 0 3 2 2 0 0 0 2
21312394 990 9 2 3 2 2 1 1 1 2 3 1 0 3 1 0 0 0 0 3 4 2 0 1 0 0 0 6 8 3 3 3 4 1 0 13 2 3
21312395 910 6 3 1 2 3 1 3 1 0 1 1 0 0 0 0 2 1 3 0 2 0 1 0 7 6 5 2 4 6 9 0 2 3 13
21312397 906 0 1 0 3 1 0 0 0 0 0 0 0 0 13 4 1 0 3 4 7 2 3 4 3 1 0 0 2
21312398 849 9 3 3 3 3 1 1 2 1 2 1 0 2 1 0 0 0 0 3 2 4 3 4 3 2 1 13 7 6 3 3 1 7 5 0 3 2
21312399 942 10 1 2 3 1 2 3 3 1 3 1 1 0 2 1 0 0 0 0 4 2 4 3 13 4 2 1 7 5 0 4 0 2 3 1 2 0 0
21312400 824 7 2 1 3 2 3 3 3 1 0 2 1 0 0 0 0 1 2 4 13 1 3 2 4 8 1 0 4 5 3 1 1 3 2 0
