21110001 533 11 3 3 2 2 1 1 1 1 2 3 2 1 0 3 1 0 0 0 0 4 4 3 4 3 3 0 5 5 1 0 12 2 3 0 1 3 0 2
21110002 535 5 1 1 1 2 3 1 0 3 1 0 0 0 0 3 1 1 0 0 2 0 0 2 4 3 5 4 4 6 7 12 3 3
21110003 587 0 1 0 1 1 0 0 0 0 0 0 0 2 0 0 0 8 2 0 0 12 3 0 0 4 5 3 1
21110004 491 1 1 1 0 2 1 0 0 0 0 1 0 0 0 2 0 0 0 0 3 12 1 5 3 3 3 3 2 1
21110005 636 1 3 1 0 3 1 0 0 0 0 0 0 1 1 0 2 0 1 6 2 0 5 4 2 0 8 12 1 3
21110006 502 6 3 3 1 1 1 3 1 0 2 1 0 0 0 0 3 0 3 12 3 3 0 4 5 3 0 3 6 3 2 0 3 2 0
21110007 514 10 3 2 2 1 2 2 3 1 1 3 1 0 1 1 0 0 0 0 3 4 3 0 2 0 3 2 12 1 4 3 7 7 1 3 0 0 0
21110008 579 0 1 0 3 1 0 0 0 0 0 0 0 12 7 5 0 5 2 1 0 1 4 0 3 0 0 2 0
21110009 472 11 3 3 2 1 3 3 1 2 2 1 2 1 0 1 1 0 0 0 0 3 4 4 2 5 1 0 6 5 4 0 12 6 1 0 7 5 4 2
21110010 549 7 1 3 2 2 1 3 1 1 0 3 1 0 0 0 0 3 2 2 3 7 6 12 2 4 3 3 0 3 2 3 0 1 0 0
21110011 518 0 1 0 3 1 0 0 0 0 0 0 0 0 2 3 1 1 0 2 4 0 1 6 12 0 0 2 3
21110012 505 11 1 3 2 1 1 2 2 3 2 3 3 1 0 1 1 0 0 0 0 3 4 4 9 3 2 4 0 3 5 3 0 12 3 2 1 0 0 1
21110013 586 2 3 3 1 0 2 1 0 0 0 0 0 0 2 2 3 7 1 0 3 7 6 1 5 4 3 1 4 2 12
21110014 517 4 1 1 3 2 1 0 1 1 0 0 0 0 2 1 1 12 4 2 4 3 3 6 2 4 3 0 0 3 0 0 0
21110015 531 8 2 1 3 3 3 2 1 1 1 0 1 1 0 0 0 0 3 2 3 0 3 0 0 2 0 4 6 0 1 12 3 2 3 2 3
21110017 557 8 3 1 1 2 3 3 2 1 1 0 1 1 0 0 0 0 3 2 3 3 5 6 12 0 4 4 6 0 2 2 3 0 0 0 3
21110018 588 9 1 3 3 3 1 2 3 1 2 1 0 2 1 0 0 0 0 3 2 4 0 0 0 1 6 12 3 2 3 7 4 2 0 1 5 3
21110019 567 11 3 1 3 1 2 2 3 1 2 1 3 1 0 2 1 0 0 0 0 4 3 4 2 0 5 12 0 2 4 3 1 1 5 3 0 3 3 0
21110020 555 10 1 1 3 3 2 2 3 1 3 2 1 0 1 1 0 0 0 0 3 3 4 3 0 0 0 6 3 3 2 2 4 4 0 12 5 1 0
21110021 581 0 1 0 3 1 0 0 0 0 0 0 0 12 1 2 0 8 5 4 0 4 6 1 0 1 0 2 2
21110022 539 2 2 3 3 1 6 0.33333333333333331 7 0.33333333333333331 8 0.33333333333333331 0 1 1 12 5 4 0 1 3 4 0 1 5 3 0 0 0 2 3
21110023 456 0 1 0 3 1 0 0 0 0 0 0 0 12 1 0 0 6 7 3 1 4 5 2 4 2 2 3 1
21110024 488 11 2 2 1 1 3 1 1 3 2 3 3 1 0 2 1 0 0 0 0 4 3 4 4 12 3 2 4 5 4 0 1 6 3 0 0 2 1 0
21110025 570 10 3 1 1 3 1 3 2 2 2 3 1 0 1 1 0 0 0 0 3 3 4 12 8 4 1 3 5 3 0 3 0 0 2 0 0 2 0
21110026 551 2 3 2 1 0 3 1 0 0 0 0 0 1 1 3 12 3 7 2 4 1 8 3 0 2 0 1 1 0 0
21110027 537 0 1 0 2 1 0 0 0 0 0 0 0 3 1 0 3 2 6 3 0 8 5 4 1 12 5 3 0
21110028 555 5 3 2 3 3 1 1 0 3 1 0 0 0 0 1 1 3 12 4 3 0 4 3 4 1 3 0 5 2 3 0 0 0
21110029 609 5 3 2 1 2 1 1 0 1 1 0 0 0 0 2 2 1 5 12 3 0 2 4 5 2 4 1 0 3 0 3 0 0
21110030 561 3 3 3 2 1 0 3 1 0 0 0 0 0 1 2 2 0 1 12 0 1 3 5 0 3 4 3 0 0 0 4
21110031 614 0 1 0 2 1 0 0 0 0 0 0 0 12 7 6 1 3 3 5 0 1 4 2 3 2 1 0 0
21110032 552 8 3 1 3 1 1 3 1 2 1 0 2 1 0 0 0 0 4 1 3 2 12 5 3 0 4 5 3 0 0 4 3 0 0 2 0
21110034 533 7 1 1 3 2 3 3 2 1 0 1 1 0 0 0 0 2 2 3 0 0 3 0 2 4 3 2 4 3 0 0 12 6 1 0
21110035 543 3 3 1 2 1 0 3 1 0 0 0 0 1 1 1 3 2 1 6 2 6 4 8 3 1 12 0 1 0 2 0
21110036 517 0 1 0 2 1 0 0 0 0 0 0 0 0 2 5 12 3 6 1 6 6 3 5 1 2 3 0 1
21110037 580 9 3 3 1 3 2 1 1 2 1 1 0 3 1 0 0 0 0 4 2 3 0 0 2 0 4 1 2 0 5 8 0 2 12 4 4 3
21110038 523 0 1 0 3 1 0 0 0 0 0 0 0 0 12 1 4 0 3 4 3 2 5 0 3 0 0 0 3
21110039 583 7 1 3 3 2 1 3 1 1 0 2 1 0 0 0 0 3 1 3 2 3 0 0 5 4 0 0 7 4 0 1 12 4 2 0
21110040 524 7 3 1 3 1 2 1 2 1 0 3 1 0 0 0 0 3 2 2 0 1 7 12 0 4 5 2 0 4 6 2 1 2 0 0
21110041 602 8 2 1 3 1 2 2 1 3 3 1 5 0.33333333333333331 6 0.33333333333333331 7 0.33333333333333331 3 3 2 12 5 1 0 3 5 3 0 3 4 3 0 2 0 3 3
21110042 578 8 3 2 2 1 3 1 2 2 1 0 3 1 0 0 0 0 2 4 2 1 0 0 0 5 3 2 1 0 3 4 12 3 1 7 3
21110043 552 6 2 1 3 1 1 3 1 0 3 1 0 0 0 0 3 1 2 4 7 6 0 12 4 4 0 0 6 3 3 0 0 2 2
21110044 575 1 1 1 0 2 1 0 0 0 0 1 0 0 0 1 2 0 3 12 7 0 3 4 4 5 3 2 5 1
21110045 502 2 2 1 1 0 2 1 0 0 0 0 1 1 0 0 0 1 1 0 2 5 0 3 4 3 4 0 12 5 3
21110046 446 2 2 2 1 0 1 1 0 0 0 0 0 2 0 12 2 3 1 5 4 4 1 3 3 5 0 3 0 3 0
21110047 527 11 1 1 3 2 3 3 1 1 2 2 3 1 0 2 1 0 0 0 0 4 3 4 3 0 0 0 0 0 0 4 0 2 4 5 1 12 5 4
21110048 522 11 1 3 2 3 1 2 2 3 1 1 2 1 0 3 1 0 0 0 0 4 4 3 0 0 0 1 0 3 4 5 0 4 4 8 2 4 4 12
21110049 589 11 2 3 1 1 3 1 3 1 2 2 2 1 0 3 1 0 0 0 0 4 4 3 12 8 4 2 6 7 1 0 4 2 1 0 3 3 0 0
21110050 489 5 1 3 2 1 1 1 0 2 1 0 0 0 0 3 1 1 12 7 3 3 2 5 7 3 0 4 1 2 0 3 0 3
21110051 578 11 1 1 1 2 2 3 2 1 3 2 3 1 0 3 1 0 0 0 0 4 4 3 2 0 1 0 0 0 3 12 0 2 4 7 1 0 3 5
21110052 502 6 2 3 3 3 1 2 1 0 2 1 0 0 0 0 1 2 3 2 0 3 0 0 3 1 1 1 5 4 0 12 5 3 0
21110053 389 0 1 0 1 1 0 0 0 0 0 0 0 2 3 2 12 0 5 6 6 4 3 3 4 0 0 1 3
21110054 543 4 3 3 1 3 1 0 1 1 0 0 0 0 1 0 3 0 2 0 0 1 0 2 0 5 3 2 3 12 5 3 3
21110055 595 4 3 3 1 2 1 0 2 1 0 0 0 0 1 1 2 0 0 1 2 0 1 1 3 0 4 3 5 2 6 6 12
21110056 560 4 3 1 3 2 1 0 3 1 0 0 0 0 1 1 2 0 0 3 12 1 3 5 6 0 0 0 4 0 2 0 3
21110057 592 10 1 2 1 3 2 2 2 1 1 3 1 0 3 1 0 0 0 0 4 4 2 0 2 4 12 0 3 3 3 1 4 2 4 3 0 1 3
21110058 520 9 1 1 1 1 3 2 2 2 3 1 0 2 1 0 0 0 0 4 3 2 0 0 3 4 3 3 1 12 0 3 2 4 0 0 0 3
21110059 587 0 1 0 2 1 0 0 0 0 0 0 0 0 0 0 3 0 4 3 6 12 7 5 3 4 3 3 1
21110060 611 0 1 0 2 1 0 0 0 0 0 0 0 12 4 2 0 4 3 5 0 3 3 4 1 0 3 1 0
21110061 424 3 3 2 2 1 0 2 1 0 0 0 0 0 2 1 0 0 2 1 1 3 6 1 4 1 1 0 2 12 3 6
21110062 605 6 2 1 3 1 2 2 1 0 3 1 0 0 0 0 2 3 1 0 0 1 1 0 3 4 3 3 2 4 5 0 3 5 12
21110063 598 11 3 1 1 1 2 2 3 2 1 3 3 1 0 2 1 0 0 0 0 4 3 4 12 4 3 0 5 5 6 3 2 5 3 0 0 1 0 0
21110064 546 8 3 1 2 3 2 1 1 1 1 0 3 1 0 0 0 0 4 2 2 0 2 7 0 0 3 4 4 0 3 5 7 2 6 3 12
21110065 552 0 1 0 1 1 0 0 0 0 0 0 0 3 1 2 2 0 0 4 5 2 8 5 1 0 3 12 3
21110066 517 11 2 2 1 3 2 1 3 1 3 3 2 1 0 1 1 0 0 0 0 3 4 4 0 0 3 0 0 0 3 12 1 3 5 6 2 6 4 4
21110067 467 3 3 2 3 1 0 1 1 0 0 0 0 0 1 2 1 0 4 0 2 2 3 3 0 0 5 4 0 3 1 12
21110068 563 8 1 1 2 3 3 3 1 2 1 0 2 1 0 0 0 0 3 2 3 7 6 3 3 12 7 5 0 2 8 1 1 0 0 2 0
21110069 560 6 2 1 2 3 2 1 1 0 3 1 0 0 0 0 2 3 1 0 2 2 4 0 2 4 1 0 1 12 7 1 6 0 1
21110070 545 5 2 3 1 1 1 1 0 1 1 0 0 0 0 3 1 1 4 6 12 0 4 1 3 3 2 2 4 2 2 0 0 0
21110071 519 5 1 2 2 3 3 1 0 2 1 0 0 0 0 1 2 2 3 3 4 3 6 7 5 3 12 1 1 1 0 0 0 2
21110072 576 9 2 2 3 3 2 1 3 3 1 1 0 1 1 0 0 0 0 2 3 4 0 0 1 0 5 12 5 2 4 4 3 0 2 1 0 0
21110073 541 6 3 3 3 3 1 1 1 0 1 1 0 0 0 0 2 0 4 0 0 2 2 0 2 3 0 4 7 7 3 2 1 8 12
21110074 516 5 1 2 2 3 3 1 0 1 1 0 0 0 0 1 2 2 2 0 1 0 4 6 3 0 3 5 5 0 4 5 12 3
21110075 540 3 3 1 1 1 0 3 1 0 0 0 0 2 0 1 0 2 2 12 0 0 6 5 3 3 4 3 0 2 1 0
21110076 507 9 3 2 3 1 3 3 1 2 2 1 0 1 1 0 0 0 0 2 3 4 0 1 7 3 0 2 6 12 2 3 4 4 0 2 1 1
21110077 519 1 3 1 0 2 1 0 0 0 0 0 0 1 0 0 0 2 1 0 6 4 0 3 5 4 0 1 12 5
21110078 516 2 1 1 1 0 3 1 0 0 0 0 2 0 0 12 6 4 0 3 4 2 0 4 5 2 2 3 1 0 0
21110079 561 8 2 2 3 3 2 1 1 3 1 0 3 1 0 0 0 0 2 3 3 0 2 1 12 0 3 4 2 0 0 4 5 1 0 0 1
21110080 530 11 3 2 1 2 1 3 3 3 2 1 2 1 0 1 1 0 0 0 0 3 4 4 0 2 1 3 0 4 3 5 3 3 4 12 0 0 2 1
21110081 582 9 3 2 3 1 1 1 2 3 3 1 0 1 1 0 0 0 0 3 2 4 2 0 0 3 1 3 1 2 3 2 5 6 2 0 12 3
21110082 643 8 1 3 1 1 2 2 2 1 1 0 2 1 0 0 0 0 4 3 1 0 3 6 12 0 3 5 3 3 3 4 3 0 3 0 0
21110083 512 6 1 1 1 2 3 2 1 0 3 1 0 0 0 0 3 2 1 0 0 0 2 0 0 4 3 1 3 6 6 0 2 4 12
21110084 615 0 1 0 1 1 0 0 0 0 0 0 0 0 3 8 1 1 2 7 3 2 5 4 12 3 2 0 0
21110085 492 8 1 3 3 1 2 1 2 1 1 0 3 1 0 0 0 0 4 2 2 8 6 3 0 12 2 0 0 1 3 6 0 3 3 2 2
21110086 485 0 1 0 3 1 0 0 0 0 0 0 0 0 4 1 0 2 7 4 0 12 5 6 1 5 3 2 0
21110088 567 8 3 3 2 1 1 2 1 1 1 0 2 1 0 0 0 0 4 2 2 0 0 3 0 12 3 0 0 5 6 3 3 3 3 4 2
21110089 579 8 1 2 3 3 3 1 2 1 1 0 2 1 0 0 0 0 3 2 3 0 3 3 6 0 3 5 7 2 0 4 12 0 1 3 3
21110090 648 10 3 2 1 2 3 2 3 1 3 1 3 1 7 0.33333333333333331 8 0.33333333333333331 9 0.33333333333333331 3 3 4 3 3 12 7 1 4 7 0 4 3 4 0 3 0 0 2
21110091 537 1 3 1 0 3 1 0 0 0 0 0 0 1 12 4 3 2 4 6 3 0 0 2 1 0 0 0 1 0
21110092 510 11 3 2 2 3 1 2 1 2 3 1 1 1 0 3 1 0 0 0 0 4 4 3 0 3 3 0 8 3 2 3 0 1 4 3 3 12 6 3
21110093 554 6 3 1 3 2 1 1 1 0 2 1 0 0 0 0 3 1 2 2 1 12 2 2 5 4 3 0 3 4 3 0 0 1 0
21110094 565 1 3 1 0 1 1 0 0 0 0 0 0 1 0 1 0 0 0 0 2 4 0 3 5 12 3 2 5 3
21110095 521 11 1 2 1 2 2 3 1 3 3 3 1 1 0 2 1 0 0 0 0 4 3 4 0 3 3 12 1 4 6 4 3 0 1 3 0 0 2 2
21110097 596 8 3 1 1 2 3 2 2 3 1 0 1 1 0 0 0 0 2 3 3 2 3 0 0 0 1 0 3 1 3 3 6 0 2 4 12
21110098 607 2 3 3 1 0 1 1 0 0 0 0 0 0 2 0 3 2 0 0 1 4 12 0 2 3 2 1 5 6 3
21110099 485 11 3 1 3 3 1 1 2 3 2 2 1 1 0 2 1 0 0 0 0 4 3 4 0 1 5 3 2 4 4 3 1 5 2 7 0 3 12 3
21110100 549 5 2 2 3 1 2 1 0 3 1 0 0 0 0 1 3 1 1 4 0 4 0 4 3 6 0 3 3 12 0 1 0 0
21110101 549 9 1 3 2 3 2 3 1 3 2 1 0 2 1 0 0 0 0 2 3 4 1 2 6 0 0 8 1 4 3 2 5 7 1 3 1 12
21110102 456 2 2 2 1 0 1 1 0 0 0 0 0 2 0 2 1 0 0 3 3 3 1 0 6 3 4 3 3 12 3
21110103 552 8 2 3 2 3 2 1 3 3 1 0 1 1 0 0 0 0 1 3 4 1 1 3 2 0 0 6 4 0 4 5 4 0 2 1 12
21110104 552 10 2 3 3 1 1 3 3 2 2 1 1 0 1 1 0 0 0 0 3 3 4 3 4 1 2 3 5 2 3 1 6 4 3 12 0 2 0
21110105 583 7 2 2 1 1 3 1 3 1 0 2 1 0 0 0 0 3 2 2 0 0 4 12 2 3 5 4 1 0 3 4 0 0 3 3
21110106 551 11 2 1 1 2 2 2 3 1 3 3 1 1 0 3 1 0 0 0 0 4 4 3 1 0 0 1 0 12 2 4 0 2 5 2 0 3 6 1
21110107 547 6 1 1 1 3 2 3 1 0 2 1 0 0 0 0 3 1 2 2 3 3 4 12 6 4 3 1 5 3 3 0 3 2 0
21110108 499 11 3 1 3 3 2 1 1 1 2 2 3 3 1 7 0.33333333333333331 8 0.33333333333333331 9 0.33333333333333331 4 3 4 12 3 2 2 4 5 0 0 4 7 4 0 1 0 4 0
21110109 542 9 2 2 1 3 2 3 1 2 1 1 0 3 1 0 0 0 0 3 4 2 0 12 6 3 1 7 5 3 0 4 3 3 0 0 3 0
21110110 509 11 3 2 1 3 3 2 1 2 2 1 3 3 1 5 0.33333333333333331 6 0.33333333333333331 7 0.33333333333333331 3 4 4 0 4 1 3 0 0 12 2 2 4 1 3 0 0 1 0
21110111 514 9 1 3 2 3 1 3 2 2 1 1 0 3 1 0 0 0 0 3 3 3 2 1 3 4 0 1 3 12 0 2 6 4 0 0 3 5
21110112 540 5 3 3 1 2 1 1 0 3 1 0 0 0 0 2 1 2 12 3 4 2 2 3 5 3 4 1 1 2 0 1 3 2
21110113 560 3 2 1 2 1 0 1 1 0 0 0 0 1 2 0 0 1 0 0 0 2 3 0 3 4 4 0 12 6 1 2
21110114 457 3 3 2 1 1 0 1 1 0 0 0 0 1 1 1 1 0 0 0 3 2 3 0 6 5 5 0 12 5 4 2
21110115 513 7 3 3 1 2 3 1 2 1 0 2 1 0 0 0 0 2 2 3 0 0 1 0 3 2 3 0 4 5 2 1 5 12 1 0
21110116 619 0 1 0 1 1 0 0 0 0 0 0 0 12 2 3 0 7 5 5 3 3 3 4 1 2 0 0 0
21110117 496 6 3 3 1 3 1 3 1 0 2 1 0 0 0 0 2 0 4 1 4 3 3 12 2 5 0 4 6 0 0 0 3 0 2
21110118 555 9 2 2 1 1 1 1 2 3 2 1 0 3 1 0 0 0 0 4 4 1 0 1 2 3 3 3 4 3 12 6 3 0 4 3 2 1
21110119 631 10 1 3 1 1 3 2 2 3 1 2 3 1 5 0.33333333333333331 6 0.33333333333333331 7 0.33333333333333331 4 3 3 3 1 0 0 2 3 2 3 0 6 4 12 0 3 7 8
21110120 546 7 1 2 1 1 3 1 3 1 0 2 1 0 0 0 0 4 1 2 5 2 3 0 5 6 4 0 12 4 3 0 3 0 2 3
21110121 481 7 2 1 1 2 1 2 3 1 0 3 1 0 0 0 0 3 3 1 1 2 0 0 3 4 3 0 0 6 5 0 3 3 12 7
21110122 590 9 3 2 1 2 1 2 2 3 1 1 0 1 1 0 0 0 0 3 4 2 0 5 5 2 0 1 12 3 0 0 0 3 3 3 0 3
21110123 550 0 1 0 2 1 0 0 0 0 0 0 0 0 0 1 1 0 0 3 4 2 0 5 5 0 2 1 12
21110124 562 7 2 3 3 1 2 2 1 1 0 3 1 0 0 0 0 2 3 2 3 3 0 3 4 12 0 0 5 6 4 1 1 5 4 2
21110125 545 8 3 2 2 1 3 1 2 2 1 0 1 1 0 0 0 0 2 4 2 0 12 6 3 3 5 4 2 1 7 4 3 0 0 4 1
21110126 487 7 1 3 2 3 3 3 2 1 0 2 1 0 0 0 0 1 2 4 2 1 1 12 1 4 6 2 0 4 1 2 0 0 1 0
21110129 652 6 3 1 2 2 3 1 1 0 3 1 0 0 0 0 2 2 2 0 0 1 2 0 4 3 5 1 3 5 5 0 3 2 12
21110130 535 11 1 1 2 3 3 2 3 2 3 1 1 1 0 2 1 0 0 0 0 4 3 4 1 3 0 0 4 2 0 0 4 6 2 0 12 1 2 1
21110131 584 2 2 2 1 0 3 1 0 0 0 0 0 2 0 0 1 0 0 6 0 3 0 3 12 3 0 1 2 3 1
21110132 542 5 1 3 3 2 3 1 0 1 1 0 0 0 0 1 1 3 1 2 12 0 3 5 3 3 2 6 2 3 3 0 0 1
21110133 477 4 1 3 3 3 1 0 2 1 0 0 0 0 1 0 3 0 1 2 0 1 6 2 3 4 12 1 3 2 4 3 4
21110134 524 6 1 3 2 2 3 1 1 0 2 1 0 0 0 0 2 2 2 3 0 0 0 4 3 0 3 5 5 1 0 12 3 3 0
21110136 635 5 2 3 3 2 2 1 0 3 1 0 0 0 0 0 3 2 12 4 3 0 8 6 3 1 5 4 0 0 4 1 0 1
21110137 579 10 3 2 1 2 1 3 2 2 3 1 1 0 1 1 0 0 0 0 3 4 3 2 0 0 0 3 1 4 0 2 5 4 1 12 1 2 3
21110138 521 7 3 1 1 3 1 2 1 1 0 3 1 0 0 0 0 4 1 2 0 2 0 0 2 0 2 8 3 7 4 6 12 7 7 4
21110139 544 3 1 2 1 1 0 3 1 0 0 0 0 2 1 0 2 0 0 0 0 1 1 3 2 6 6 4 0 2 4 12
21110140 619 2 3 3 3 1 5 0.33333333333333331 6 0.33333333333333331 7 0.33333333333333331 0 0 2 0 0 1 3 0 2 3 4 3 2 5 3 1 0 4 12
21110141 546 5 3 2 2 1 2 1 0 1 1 0 0 0 0 1 3 1 2 3 0 0 4 4 5 2 1 6 4 3 12 1 1 0
21110142 533 7 2 3 1 3 2 3 3 1 0 1 1 0 0 0 0 1 2 4 0 12 7 4 0 5 4 1 1 3 3 2 2 0 0 0
21110143 619 2 2 1 1 0 1 1 0 0 0 0 1 1 0 3 7 12 3 7 4 3 0 3 3 0 0 2 0 0 3
21110144 557 0 1 0 2 1 0 0 0 0 0 0 0 1 0 1 3 0 1 2 5 2 4 3 5 0 0 3 12
21110145 575 3 3 2 3 1 0 2 1 0 0 0 0 0 1 2 0 1 4 1 3 3 3 6 0 12 4 5 1 0 2 0
21110146 618 11 3 2 3 2 3 1 1 1 2 2 3 1 0 1 1 0 0 0 0 3 4 4 0 1 3 3 2 1 5 12 0 4 4 4 0 3 3 2
21110147 576 4 3 2 3 1 1 0 3 1 0 0 0 0 1 1 2 1 4 5 12 2 3 7 6 0 0 1 3 0 0 2 0
21110149 547 5 1 3 2 2 1 1 0 2 1 0 0 0 0 2 2 1 0 3 0 0 3 4 2 0 4 5 1 0 1 12 8 3
21110150 567 8 2 3 1 2 3 2 3 1 1 0 1 1 0 0 0 0 2 3 3 1 2 3 0 5 3 2 0 12 3 4 1 2 3 1 3
21110151 573 2 3 2 1 0 2 1 0 0 0 0 0 1 1 1 4 12 3 2 5 7 1 0 4 3 4 0 1 0 0
21110152 588 6 2 3 1 3 3 2 1 0 1 1 0 0 0 0 1 2 3 12 7 7 2 1 5 5 7 0 4 3 1 2 0 0 0
21110153 522 8 3 1 1 2 2 3 2 3 1 0 2 1 0 0 0 0 2 3 3 0 1 0 0 0 2 3 1 1 5 4 4 1 2 5 12
21110154 497 9 2 2 1 2 1 3 3 3 1 1 0 3 1 0 0 0 0 3 3 3 2 0 0 0 3 1 4 0 3 7 3 1 4 12 0 2
21110156 579 0 1 0 2 1 0 0 0 0 0 0 0 2 5 12 0 4 3 5 1 3 0 0 6 1 0 0 0
21110157 533 8 2 3 3 1 2 3 1 1 1 0 2 1 0 0 0 0 3 2 3 0 2 0 0 0 0 1 3 3 5 4 4 0 3 6 12
21110158 566 0 1 0 1 1 0 0 0 0 0 0 0 1 0 4 2 0 0 6 5 0 6 12 5 0 2 3 3
21110159 508 10 1 2 3 3 1 2 1 2 3 1 1 0 2 1 0 0 0 0 4 3 3 0 3 3 0 0 2 0 0 3 5 3 3 2 1 1 12
21110160 557 1 3 1 0 1 1 0 0 0 0 0 0 1 2 1 3 0 2 3 7 0 2 5 3 12 1 1 2 4
21110161 607 5 1 1 2 3 3 1 0 2 1 0 0 0 0 2 1 2 3 4 6 2 0 12 1 0 4 0 3 0 1 0 2 0
21110162 514 8 3 3 2 1 3 3 1 2 1 0 2 1 0 0 0 0 2 2 4 0 0 3 2 0 4 6 1 2 4 3 7 1 12 1 3
21110163 532 7 2 1 1 3 2 3 2 1 0 1 1 0 0 0 0 2 3 2 0 0 3 0 5 3 12 0 3 3 5 2 3 3 1 0
21110164 577 1 1 1 0 2 1 0 0 0 0 1 0 0 1 4 3 2 12 5 4 3 3 1 0 0 2 7 0 0
21110165 524 4 2 1 3 2 1 0 2 1 0 0 0 0 1 2 1 3 1 3 3 1 0 3 12 1 5 2 4 3 0 0 0
21110166 526 10 2 2 1 2 3 3 3 2 1 1 1 0 3 1 0 0 0 0 3 4 3 12 5 3 0 3 5 2 0 6 0 0 0 1 3 0 1
21110167 564 1 2 1 0 1 1 0 0 0 0 0 1 0 0 2 1 1 0 3 4 5 3 6 3 6 2 3 12 3
21110168 545 6 3 2 3 2 1 2 1 0 2 1 0 0 0 0 1 3 2 2 1 0 0 3 5 3 1 1 12 0 0 1 5 0 3
21110169 546 8 2 1 2 3 3 1 2 3 1 0 3 1 0 0 0 0 2 3 3 1 5 4 2 3 4 2 0 3 1 12 0 1 2 0 1
21110170 584 5 1 1 2 2 3 1 0 1 1 0 0 0 0 2 2 1 4 0 1 0 4 5 3 0 2 3 12 3 0 0 0 2
21110171 577 0 1 0 3 1 0 0 0 0 0 0 0 5 2 0 0 5 3 1 0 12 2 7 0 0 0 8 1
21110172 594 5 2 1 1 2 3 1 0 3 1 0 0 0 0 2 2 1 0 0 1 0 1 2 0 2 12 5 3 0 8 6 3 4
21110173 570 4 1 2 2 3 1 0 3 1 0 0 0 0 1 2 1 0 0 0 1 12 6 2 0 4 4 5 4 1 3 3 3
21110174 525 0 1 0 1 1 0 0 0 0 0 0 0 0 4 7 12 2 0 5 1 0 3 2 5 0 1 0 2
21110175 547 11 3 1 3 3 2 1 2 1 3 2 2 1 0 1 1 0 0 0 0 3 4 4 0 0 0 3 3 4 3 4 1 4 5 8 2 4 5 12
21110176 601 10 1 3 2 3 2 3 3 1 1 1 1 0 2 1 0 0 0 0 4 2 4 12 7 3 2 3 4 4 0 3 3 5 0 2 1 3 0
21110177 595 5 2 1 3 2 1 1 0 3 1 0 0 0 0 2 2 1 5 2 1 12 0 4 8 3 6 3 4 1 0 0 0 2
21110178 575 1 2 1 0 1 1 0 0 0 0 0 1 0 0 0 0 1 0 3 4 12 2 5 4 5 3 2 1 3
21110179 605 0 1 0 3 1 0 0 0 0 0 0 0 0 0 0 3 0 0 4 3 0 3 5 9 2 1 3 12
21110180 555 10 2 3 3 1 3 2 1 3 2 1 1 0 2 1 0 0 0 0 3 3 4 3 0 1 0 1 7 2 0 4 5 2 0 4 12 3 1
21110181 513 10 2 3 2 3 1 1 3 3 1 2 1 0 1 1 0 0 0 0 3 3 4 0 3 2 12 0 6 1 3 2 0 6 4 0 1 0 2
21110182 565 3 2 3 3 1 0 2 1 0 0 0 0 0 1 2 3 3 0 0 1 1 3 5 3 7 4 3 12 8 2 1
21110183 535 1 2 1 0 1 1 0 0 0 0 0 1 0 12 4 3 0 7 5 3 2 4 3 0 0 1 0 0 3
21110185 564 6 3 2 1 2 1 2 1 0 3 1 0 0 0 0 2 3 1 0 1 3 3 3 3 4 0 5 4 3 0 12 3 2 1
21110186 596 3 3 2 1 1 0 3 1 0 0 0 0 1 1 1 0 5 0 1 0 1 2 12 2 6 6 7 3 3 1 2
21110187 517 3 3 2 3 3 1 5 0.33333333333333331 6 0.33333333333333331 7 0.33333333333333331 0 1 2 2 4 3 0 0 5 5 1 1 7 5 3 0 12 6 4
21110188 497 8 2 1 2 1 1 3 2 3 1 0 3 1 0 0 0 0 3 3 2 12 4 8 0 3 1 4 0 3 4 0 0 2 0 2 1
21110189 517 8 1 1 2 2 2 3 1 3 1 0 3 1 0 0 0 0 3 3 2 0 1 4 12 0 3 5 2 0 0 5 5 2 0 1 3
21110190 515 6 2 1 2 3 2 3 1 0 1 1 0 0 0 0 1 3 2 12 7 2 0 2 4 5 0 0 1 0 1 0 1 3 0
21110191 478 7 2 1 3 2 1 1 3 1 0 2 1 0 0 0 0 3 2 2 0 6 12 4 0 3 6 4 0 0 3 5 2 0 1 0
21110192 514 4 3 2 2 2 1 0 2 1 0 0 0 0 0 3 1 1 5 12 0 5 4 2 0 1 1 5 1 0 0 1 0
21110193 598 3 2 3 2 1 0 1 1 0 0 0 0 0 2 1 0 0 3 1 3 0 5 2 2 3 4 6 0 1 1 12
21110194 531 3 1 3 2 1 0 1 1 0 0 0 0 1 1 1 5 12 8 0 4 6 2 3 3 0 0 0 0 0 2 1
21110195 531 8 3 2 1 3 3 1 1 1 1 0 3 1 0 0 0 0 4 1 3 0 3 4 7 2 1 3 12 0 0 3 2 0 0 2 2
21110196 577 0 1 0 3 1 0 0 0 0 0 0 0 0 3 2 2 2 1 5 1 4 5 3 3 12 3 1 0
21110197 520 8 1 1 2 3 3 1 2 3 1 0 2 1 0 0 0 0 3 2 3 1 0 0 3 0 0 0 2 3 0 3 3 2 12 6 1
21110198 471 3 2 1 3 1 0 2 1 0 0 0 0 1 1 1 12 6 4 0 3 6 1 0 3 2 0 0 3 3 0 1
21110199 569 7 3 1 3 2 2 2 1 1 0 1 1 0 0 0 0 2 3 2 0 1 0 0 0 3 2 6 3 1 4 8 2 3 5 12
21110200 551 4 3 2 2 2 1 0 1 1 0 0 0 0 0 3 1 1 3 0 0 0 4 4 1 4 7 6 0 4 3 12 0
21110201 558 7 1 2 1 2 2 3 3 1 0 1 1 0 0 0 0 2 3 2 0 0 0 3 3 4 1 3 0 3 4 2 3 3 4 12
21110202 580 7 2 1 2 3 3 3 2 1 0 3 1 0 0 0 0 1 3 3 0 0 1 1 1 0 0 3 0 2 5 4 0 3 5 12
21110203 521 9 2 3 1 1 1 1 3 2 2 1 0 3 1 0 0 0 0 4 3 2 0 2 3 12 0 0 3 6 2 3 5 5 0 4 1 3
21110204 551 5 3 1 1 2 3 3 1 5 0.33333333333333331 6 0.33333333333333331 7 0.33333333333333331 2 1 2 0 0 2 1 1 3 3 0 2 6 4 3 5 12 3 2
21110205 530 10 2 3 2 2 3 1 2 1 3 3 1 0 1 1 0 0 0 0 2 4 4 0 1 2 0 0 12 5 0 4 6 1 0 4 5 1 2
21110206 621 4 3 2 3 2 1 0 1 1 0 0 0 0 0 2 2 2 7 8 12 0 5 3 3 4 1 5 3 0 0 0 1
21110207 538 8 2 3 1 3 3 3 2 2 3 1 7 0.33333333333333331 8 0.33333333333333331 9 0.33333333333333331 1 3 4 2 0 0 1 0 0 12 3 0 5 5 2 1 1 1 4
21110209 532 8 2 3 2 3 1 1 3 3 1 0 1 1 0 0 0 0 2 2 4 2 3 12 3 0 7 3 1 0 4 2 2 0 0 0 1
21110210 508 11 3 3 2 1 3 3 2 1 2 2 1 1 0 1 1 0 0 0 0 3 4 4 1 5 3 3 2 3 4 12 0 3 6 4 0 1 2 0
21110211 503 7 1 1 3 3 3 2 1 1 0 2 1 0 0 0 0 3 1 3 3 2 1 0 4 2 2 0 7 6 4 3 3 12 1 3
21110212 500 10 3 2 1 2 2 1 2 1 3 1 1 0 3 1 0 0 0 0 4 4 2 3 0 0 0 1 3 1 0 2 6 5 2 12 6 4 3
21110213 583 8 3 1 2 1 1 2 3 3 1 0 1 1 0 0 0 0 3 2 3 0 2 0 0 0 2 3 0 0 1 6 5 2 12 3 4
21110214 532 1 3 1 0 3 1 0 0 0 0 0 0 1 1 5 3 2 5 5 0 0 12 3 5 0 0 0 3 0
21110215 619 1 2 1 0 3 1 0 0 0 0 0 1 0 12 1 3 1 4 6 0 0 2 4 5 3 0 2 1 0
21110216 531 11 1 3 2 3 1 2 1 1 2 2 3 1 0 3 1 0 0 0 0 4 4 3 1 0 0 0 4 2 0 3 4 5 4 3 12 5 3 0
21110217 523 7 2 3 1 1 2 3 3 1 0 1 1 0 0 0 0 2 2 3 1 2 5 2 1 2 3 3 3 12 3 5 0 5 0 0
21110218 551 3 3 3 1 1 0 2 1 0 0 0 0 1 0 2 0 0 0 2 1 3 1 0 3 4 5 3 12 4 2 0
21110219 542 10 1 1 3 2 2 3 2 3 1 2 1 0 1 1 0 0 0 0 3 4 3 4 7 12 3 2 4 4 0 0 1 2 0 0 1 0 0
21110220 592 0 1 0 1 1 0 0 0 0 0 0 0 12 1 5 3 2 6 2 0 3 1 3 0 0 0 0 2
21110222 539 5 3 3 1 3 2 1 0 2 1 0 0 0 0 1 1 3 1 12 5 3 0 2 3 1 0 3 4 2 0 0 0 1
21110223 510 10 3 3 2 1 3 1 2 1 2 2 1 0 1 1 0 0 0 0 3 4 3 3 0 1 0 6 4 2 0 7 6 3 3 12 3 4 0
21110224 552 2 2 3 1 0 2 1 0 0 0 0 0 1 1 0 0 3 3 0 0 6 3 1 3 6 2 1 4 1 12
21110225 525 5 2 3 1 1 2 1 0 3 1 0 0 0 0 2 2 1 0 0 2 1 12 1 3 0 3 4 2 2 5 3 1 0
21110226 546 6 1 2 1 3 2 3 1 0 1 1 0 0 0 0 2 2 2 0 3 3 12 0 1 4 7 2 2 6 4 0 3 0 3
21110227 477 8 2 1 1 2 3 2 2 3 1 0 1 1 0 0 0 0 2 4 2 1 1 0 0 0 5 2 3 4 4 4 0 4 5 12 0
21110228 509 1 1 1 0 2 1 0 0 0 0 1 0 0 2 0 0 0 0 0 1 12 3 6 6 5 4 1 8 2
21110229 572 4 1 2 1 1 1 0 3 1 0 0 0 0 3 1 0 4 3 0 1 6 4 2 0 12 2 2 3 0 4 3 0
21110230 577 0 1 0 1 1 0 0 0 0 0 0 0 2 0 0 0 5 0 2 1 0 0 4 3 3 6 8 12
21110231 536 6 3 1 1 1 2 3 1 0 2 1 0 0 0 0 3 1 2 3 7 6 12 0 3 4 1 0 2 4 4 0 0 0 2
21110232 580 9 1 2 3 1 3 3 1 1 3 1 0 2 1 0 0 0 0 4 1 4 2 2 3 3 1 3 4 2 0 0 2 12 0 1 4 3
21110233 559 6 2 1 3 1 2 3 1 0 3 1 0 0 0 0 2 2 2 12 2 1 0 6 6 4 0 4 4 1 3 0 0 2 0
21110234 591 3 1 3 1 1 0 3 1 0 0 0 0 2 0 1 2 0 0 0 0 4 3 0 3 3 3 4 0 12 5 2
21110235 524 3 2 3 3 1 0 2 1 0 0 0 0 0 1 2 12 3 1 1 4 7 2 0 3 1 1 0 2 0 0 0
21110236 516 6 3 1 3 3 2 1 1 0 2 1 0 0 0 0 2 1 3 2 1 8 12 0 4 6 4 0 0 5 2 0 0 3 1
21110237 555 5 1 2 2 1 3 1 0 1 1 0 0 0 0 2 2 1 3 2 0 2 5 5 5 1 12 3 0 0 0 0 3 0
21110238 546 7 2 2 3 1 3 2 1 1 0 2 1 0 0 0 0 2 3 2 1 3 6 12 3 4 5 6 0 3 3 4 0 1 0 0
21110239 560 3 1 2 2 1 0 2 1 0 0 0 0 1 2 0 3 1 3 0 1 5 4 3 3 3 2 0 1 3 12 0
21110240 526 11 1 2 3 1 2 1 3 1 3 3 2 1 0 2 1 0 0 0 0 4 3 4 2 1 0 0 3 1 2 2 3 4 4 5 2 1 12 1
21110241 498 9 3 1 3 2 1 1 2 2 1 1 0 3 1 0 0 0 0 4 3 2 0 0 0 2 0 0 1 12 3 4 5 7 3 2 4 4
21110242 604 7 3 1 1 2 1 2 3 1 0 2 1 0 0 0 0 3 2 2 0 0 3 2 0 1 6 12 8 5 4 4 1 3 2 3
21110243 567 11 1 2 1 3 3 2 1 3 2 2 3 1 0 1 1 0 0 0 0 3 4 4 0 1 0 0 2 2 12 0 1 2 5 7 3 6 1 0
21110244 592 2 3 3 1 0 2 1 0 0 0 0 0 0 2 0 0 1 2 2 3 6 4 0 1 6 1 0 5 6 12
21110245 492 6 2 1 3 3 3 3 1 0 1 1 0 0 0 0 1 1 4 2 1 3 0 6 12 0 4 4 4 0 0 0 0 0 2
21110246 510 8 3 1 3 1 3 1 3 2 1 0 2 1 0 0 0 0 3 1 4 2 0 4 4 1 3 5 6 0 0 3 12 0 0 0 2
21110247 484 11 3 3 2 3 2 1 1 3 2 1 1 1 0 2 1 0 0 0 0 4 3 4 0 0 3 3 0 0 2 4 1 3 4 5 1 2 3 12
21110248 547 10 3 3 2 1 3 1 1 2 2 1 1 0 3 1 0 0 0 0 4 3 3 3 5 1 12 1 4 6 4 0 0 2 2 0 2 3 0
21110249 510 11 3 2 1 2 3 1 1 3 1 3 2 1 0 2 1 0 0 0 0 4 3 4 3 3 2 0 3 4 12 0 4 4 1 3 1 2 0 0
21110250 530 4 1 3 2 2 1 0 3 1 0 0 0 0 1 2 1 8 12 5 2 4 5 3 0 3 6 3 1 1 0 0 0
21110251 572 11 1 1 2 1 2 3 2 3 2 3 1 1 0 3 1 0 0 0 0 4 4 3 3 2 0 0 0 12 3 1 0 3 6 2 4 3 7 1
21110252 591 4 2 2 1 3 1 0 2 1 0 0 0 0 1 2 1 0 0 0 3 3 1 1 3 0 1 7 8 0 12 6 2
21110253 587 6 3 3 3 1 1 2 1 0 2 1 0 0 0 0 2 1 3 0 4 5 12 3 4 3 5 0 0 3 1 3 0 0 2
21110254 538 4 3 2 2 2 1 0 1 1 0 0 0 0 0 3 1 12 4 1 0 6 0 0 0 3 4 1 0 0 2 0 1
21110255 647 5 3 3 1 1 2 1 0 1 1 0 0 0 0 2 1 2 3 1 5 12 0 2 4 2 0 0 4 5 0 0 2 3
21110256 541 6 1 1 1 3 3 3 1 0 1 1 0 0 0 0 3 0 3 4 7 12 2 7 6 3 0 2 2 1 0 2 3 2 0
21110257 523 6 2 3 1 3 2 1 1 0 2 1 0 0 0 0 2 2 2 3 2 3 0 2 5 1 0 1 5 4 0 12 4 1 3
21110258 579 1 1 1 0 2 1 0 0 0 0 1 0 0 1 1 0 2 3 6 0 0 7 6 2 0 12 3 3 0
21110259 538 1 1 1 0 2 1 0 0 0 0 1 0 0 0 2 0 0 3 1 1 12 0 4 5 3 0 2 3 8
21110260 579 8 2 2 3 1 3 1 1 1 1 0 2 1 0 0 0 0 4 2 2 0 4 3 12 3 5 7 3 3 0 1 2 0 0 2 3
21110261 533 9 2 2 2 3 3 2 1 3 1 3 1 4 0.33333333333333331 5 0.33333333333333331 6 0.33333333333333331 2 4 3 0 0 2 3 0 1 5 1 0 3 5 1 1 12 2 3
21110262 638 7 2 1 1 3 1 2 1 1 0 3 1 0 0 0 0 4 2 1 2 0 0 0 0 0 0 3 0 3 5 12 2 4 3 3
21110263 517 6 1 3 3 2 1 1 1 0 2 1 0 0 0 0 3 1 2 0 1 4 3 0 12 4 3 2 3 6 4 0 3 0 2
21110264 500 0 1 0 2 1 0 0 0 0 0 0 0 0 0 3 0 3 4 1 1 6 3 3 2 12 6 4 0
21110265 533 4 2 1 3 2 1 0 3 1 0 0 0 0 1 2 1 6 2 0 0 12 5 0 1 1 0 1 0 0 0 2 0
21110266 565 11 3 2 3 2 3 3 2 2 1 1 1 1 0 1 1 0 0 0 0 3 4 4 0 3 2 0 12 6 1 2 8 5 5 0 5 3 1 0
21110267 544 10 2 3 2 3 3 3 1 2 2 1 1 0 1 1 0 0 0 0 2 4 4 2 12 7 3 1 4 7 5 4 1 3 4 0 1 0 2
21110268 551 5 2 1 1 3 3 1 0 1 1 0 0 0 0 2 1 2 2 1 3 12 0 3 4 4 0 2 4 5 0 0 6 2
21110269 528 7 3 2 2 3 1 1 3 1 0 1 1 0 0 0 0 2 2 3 0 0 2 0 0 0 1 0 3 12 0 0 5 5 4 2
21110270 504 7 3 3 2 1 3 1 3 1 0 2 1 0 0 0 0 2 1 4 12 3 1 2 3 5 4 0 1 0 5 0 0 2 0 0
21110271 619 11 1 2 3 2 2 3 1 3 1 2 3 1 0 1 1 0 0 0 0 3 4 4 6 0 0 1 1 2 4 2 3 12 2 0 4 1 0 0
21110272 560 6 2 1 2 3 1 2 1 0 2 1 0 0 0 0 2 3 1 0 3 7 4 2 3 4 9 0 12 1 5 1 1 3 3
21110273 568 1 1 1 0 3 1 0 0 0 0 1 0 0 12 1 3 0 8 5 2 0 6 5 6 3 3 2 0 0
21110274 592 11 1 3 3 1 2 2 1 3 1 2 3 1 0 2 1 0 0 0 0 4 3 4 3 0 0 1 0 0 2 2 0 1 5 4 0 3 12 8
21110275 601 1 3 1 0 1 1 0 0 0 0 0 0 1 0 1 0 0 3 3 2 0 2 4 5 3 3 4 12 3
21110277 569 9 2 1 2 3 1 3 2 3 3 1 0 1 1 0 0 0 0 2 3 4 1 1 0 0 2 1 4 2 0 5 3 4 3 2 6 12
21110278 537 5 1 2 2 1 1 1 0 1 1 0 0 0 0 3 2 0 3 0 0 0 3 0 3 0 0 3 5 2 0 2 7 12
21110279 557 5 1 2 3 3 2 1 0 2 1 0 0 0 0 1 2 2 12 5 3 0 3 5 4 0 4 3 1 3 0 1 3 0
21110280 502 6 1 1 1 3 2 1 1 0 3 1 0 0 0 0 4 1 1 0 3 3 0 6 4 5 2 2 3 3 0 12 8 4 2
21110281 485 1 2 1 0 1 1 0 0 0 0 0 1 0 3 6 8 12 1 2 5 5 0 0 0 2 1 0 0 0
21110282 616 9 2 3 1 1 3 2 1 2 3 1 0 1 1 0 0 0 0 3 3 3 0 3 0 2 0 5 0 3 0 7 5 4 8 12 6 3
21110283 522 11 1 2 3 1 3 2 2 1 3 3 2 1 0 1 1 0 0 0 0 3 4 4 0 12 7 4 2 5 4 3 1 6 8 3 0 0 0 3
21110284 478 5 1 3 2 1 2 1 0 3 1 0 0 0 0 2 2 1 3 3 0 0 1 4 2 0 4 5 6 2 4 4 12 1
21110285 548 3 1 3 3 1 0 1 1 0 0 0 0 1 0 2 2 1 0 0 0 1 0 2 2 6 3 2 12 4 3 0
21110286 584 10 1 1 2 2 3 1 3 3 1 2 1 0 3 1 0 0 0 0 4 3 3 4 4 12 5 3 3 3 0 0 3 4 0 2 0 0 0
21110287 584 4 1 3 1 1 1 0 2 1 0 0 0 0 3 0 1 3 3 0 0 12 5 3 0 4 4 6 2 5 2 0 3
21110288 540 4 3 2 3 1 1 0 3 1 0 0 0 0 1 1 2 0 4 3 2 0 1 5 12 7 4 4 6 5 2 1 3
21110289 573 7 2 1 2 2 3 3 2 1 0 3 1 0 0 0 0 1 4 2 5 3 3 0 3 5 6 1 12 3 1 3 0 0 1 0
21110290 555 9 2 1 3 3 2 2 1 1 1 1 0 3 1 0 0 0 0 4 3 2 0 0 0 4 2 3 5 3 0 4 6 3 5 5 7 12
21110291 486 8 1 3 1 1 2 1 2 2 1 0 3 1 0 0 0 0 4 3 1 0 2 0 0 0 3 3 4 0 4 3 5 3 0 12 6
21110292 528 5 1 2 2 3 1 1 0 1 1 0 0 0 0 2 2 1 3 0 4 0 6 3 2 0 3 2 4 5 12 3 3 1
21110293 514 0 1 0 3 1 0 0 0 0 0 0 0 0 3 3 12 1 1 6 7 0 1 6 2 2 0 2 0
21110294 562 9 2 2 3 1 1 3 1 3 1 1 0 2 1 0 0 0 0 4 2 3 0 0 2 0 0 2 5 1 4 1 6 2 3 3 3 12
21110295 543 1 3 1 0 2 1 0 0 0 0 0 0 1 3 5 12 0 3 4 4 2 1 4 3 1 3 0 3 0
21110296 576 2 1 2 1 0 2 1 0 0 0 0 1 1 0 0 0 2 0 1 1 3 0 4 7 4 0 12 4 7 6
21110297 525 3 3 3 1 1 0 3 1 0 0 0 0 1 0 2 1 2 1 0 0 0 1 2 0 3 7 2 0 2 5 12
21110298 518 10 3 2 3 1 1 2 2 1 1 2 1 0 3 1 0 0 0 0 4 4 2 3 0 0 0 12 4 2 0 5 5 4 7 3 3 3 1
21110299 452 0 1 0 3 1 0 0 0 0 0 0 0 0 3 0 2 1 7 1 12 0 4 5 6 1 2 3 2
21110300 598 3 3 2 1 1 0 3 1 0 0 0 0 1 1 1 2 6 5 12 0 1 5 2 0 3 2 3 0 1 1 0
21110301 530 9 2 3 1 3 2 1 1 3 2 1 0 2 1 0 0 0 0 3 3 3 12 5 5 0 6 4 3 0 2 1 0 3 0 0 0 1
21110302 567 0 1 0 3 1 0 0 0 0 0 0 0 3 0 3 0 2 7 3 1 5 4 6 2 12 4 1 0
21110303 567 0 1 0 1 1 0 0 0 0 0 0 0 3 12 0 0 2 2 3 0 6 4 3 0 7 3 0 1
21110304 464 2 2 2 1 0 1 1 0 0 0 0 0 2 0 3 6 0 0 4 5 3 1 3 6 7 0 3 4 12 0
21110305 541 9 2 2 3 2 2 3 1 1 1 3 1 7 0.33333333333333331 8 0.33333333333333331 9 0.33333333333333331 3 4 2 1 0 0 0 6 3 3 3 4 5 0 0 12 6 3 0
21110306 468 1 2 1 0 3 1 0 0 0 0 0 1 0 3 1 4 1 2 5 5 2 12 6 2 0 0 1 0 1
21110307 468 6 2 1 3 3 2 1 1 0 1 1 0 0 0 0 2 2 2 0 2 0 0 0 1 0 3 2 3 6 3 3 4 6 12
21110308 602 11 2 3 3 2 1 2 2 3 1 3 1 1 0 1 1 0 0 0 0 3 4 4 1 0 3 0 0 12 4 1 3 7 5 2 0 5 5 2
21110309 577 3 2 2 3 1 0 1 1 0 0 0 0 0 2 1 0 0 2 0 1 4 12 1 0 0 3 4 0 3 4 7
21110310 518 9 1 2 1 1 3 3 2 3 2 1 0 1 1 0 0 0 0 3 3 3 3 3 0 0 4 5 1 0 7 6 3 0 12 3 2 2
21110311 548 6 1 3 2 2 2 1 1 0 2 1 0 0 0 0 2 3 1 0 0 3 1 3 3 3 3 0 5 12 1 0 3 5 3
21110312 530 3 3 3 2 1 0 1 1 0 0 0 0 0 1 2 7 12 3 2 1 6 4 0 2 3 4 1 3 0 0 0
21110313 571 4 1 1 2 2 1 0 1 1 0 0 0 0 2 2 0 2 6 2 12 1 5 5 5 0 0 4 4 0 0 3 3
21110314 511 5 1 2 3 1 2 1 0 1 1 0 0 0 0 2 2 1 4 8 12 6 4 4 6 0 4 0 0 0 0 2 0 0
21110315 487 10 1 1 3 3 1 2 3 3 2 2 1 0 1 1 0 0 0 0 3 3 4 12 5 3 0 7 4 3 0 4 3 0 0 2 1 0 2
21110317 562 6 3 2 3 2 2 3 1 0 1 1 0 0 0 0 0 3 3 0 12 5 1 7 6 4 3 0 5 4 2 1 0 0 1
21110318 594 0 1 0 2 1 0 0 0 0 0 0 0 3 12 3 5 1 3 5 2 0 4 4 1 0 3 0 0
21110319 548 6 1 3 1 2 3 3 1 0 2 1 0 0 0 0 2 1 3 12 5 0 2 5 4 0 0 7 3 1 0 0 1 2 0
21110320 539 5 1 3 2 1 1 1 0 3 1 0 0 0 0 3 1 1 0 1 4 12 2 5 3 4 0 2 5 2 3 0 0 0
21110321 528 2 2 2 1 0 1 1 0 0 0 0 0 2 0 0 1 4 12 1 5 7 3 0 5 1 3 3 3 2 2
21110322 534 10 2 3 1 3 2 1 1 1 2 3 1 0 2 1 0 0 0 0 4 3 3 3 0 6 0 2 4 3 0 5 4 12 0 1 5 3 3
21110323 532 11 1 3 1 2 1 2 3 2 3 2 3 1 0 1 1 0 0 0 0 3 4 4 3 1 0 0 3 7 2 3 4 4 2 1 12 6 3 0
21110324 562 10 1 3 2 1 3 3 2 2 2 1 1 0 1 1 0 0 0 0 3 4 3 3 3 5 12 0 0 5 8 0 1 2 3 0 1 0 2
21110325 582 7 1 1 2 3 2 3 3 1 0 2 1 0 0 0 0 2 2 3 0 1 3 12 1 3 5 2 3 1 0 3 0 0 0 2
21110326 556 10 2 2 3 1 2 2 1 1 3 3 1 0 3 1 0 0 0 0 3 4 3 2 7 12 0 1 7 4 0 0 3 3 0 0 2 1 1
21110327 518 3 2 2 3 1 0 3 1 0 0 0 0 0 2 1 0 4 6 12 0 1 6 1 2 4 0 1 0 3 0 0
21110328 540 4 2 1 1 3 1 0 3 1 0 0 0 0 2 1 1 0 1 0 0 0 0 3 2 2 3 2 4 1 6 6 12
21110329 529 0 1 0 3 1 0 0 0 0 0 0 0 1 3 4 3 0 0 2 4 0 0 4 12 0 0 0 6
21110330 586 5 1 1 1 3 3 1 0 2 1 0 0 0 0 3 0 2 0 0 2 3 0 0 3 3 0 1 4 6 3 2 2 12
21110331 543 10 1 2 3 2 1 3 2 2 1 3 1 0 3 1 0 0 0 0 3 4 3 12 7 4 3 5 6 5 2 3 1 2 1 0 1 0 0
21110332 607 6 1 2 1 3 3 3 1 0 1 1 0 0 0 0 2 1 3 12 4 7 0 7 4 0 0 6 0 0 0 2 0 0 2
21110333 646 3 1 1 3 1 0 3 1 0 0 0 0 2 0 1 2 3 0 2 0 1 5 6 0 2 4 8 0 4 4 12
21110334 531 0 1 0 1 1 0 0 0 0 0 0 0 0 0 5 2 0 3 4 1 7 5 4 2 2 12 7 1
21110335 531 0 1 0 2 1 0 0 0 0 0 0 0 0 4 5 12 3 4 5 6 0 3 0 4 1 2 0 1
21110336 600 0 1 0 2 1 0 0 0 0 0 0 0 0 2 4 12 0 7 6 5 2 3 1 3 1 3 0 1
21110337 526 6 2 1 3 3 2 2 3 1 6 0.33333333333333331 7 0.33333333333333331 8 0.33333333333333331 1 3 2 3 0 1 0 3 5 2 0 7 5 0 1 12 1 4 0
21110338 542 7 1 1 1 3 2 3 2 1 0 3 1 0 0 0 0 3 2 2 0 2 1 0 0 2 0 0 12 6 1 2 5 4 4 0
21110339 564 10 1 2 2 3 1 3 2 3 1 1 1 0 2 1 0 0 0 0 4 3 3 2 5 12 0 7 5 7 0 0 3 6 3 1 0 0 0
21110340 530 2 3 3 1 0 3 1 0 0 0 0 0 0 2 1 2 0 0 6 4 5 2 12 2 3 1 8 1 3 4
21110341 532 5 3 2 1 2 2 1 0 2 1 0 0 0 0 1 3 1 0 0 1 0 1 7 3 0 3 5 4 1 12 6 4 3
21110342 588 11 3 2 2 2 1 3 3 3 1 2 1 1 0 1 1 0 0 0 0 3 4 4 0 0 0 3 2 4 0 0 3 1 0 5 12 3 5 0
21110343 618 3 2 1 3 1 0 3 1 0 0 0 0 1 1 1 12 8 6 3 4 4 5 3 6 2 0 0 0 1 0 0
21110344 568 3 3 2 3 1 0 1 1 0 0 0 0 0 1 2 2 3 1 1 3 6 6 2 12 3 3 0 0 0 3 0
21110346 470 6 1 1 1 2 2 3 3 1 7 0.33333333333333331 8 0.33333333333333331 9 0.33333333333333331 3 2 1 1 4 4 4 3 1 2 7 2 2 5 12 0 7 3 0
21110347 504 4 3 1 1 2 1 0 2 1 0 0 0 0 2 1 1 0 0 2 7 3 5 1 3 1 0 4 4 0 3 2 12
21110348 552 2 1 1 1 0 2 1 0 0 0 0 2 0 0 0 0 2 0 0 4 1 3 2 0 12 6 0 0 5 5
21110349 503 1 2 1 0 1 1 0 0 0 0 0 1 0 12 7 4 3 0 4 3 3 3 3 3 0 3 4 0 0
21110350 575 7 2 3 1 3 3 2 2 1 0 1 1 0 0 0 0 1 3 3 1 3 1 12 0 0 4 4 0 2 3 6 0 0 3 0
21110351 567 2 2 2 1 0 1 1 0 0 0 0 0 2 0 1 1 3 0 4 5 2 1 12 4 2 0 3 0 0 0
21110352 654 1 1 1 0 2 1 0 0 0 0 1 0 0 0 0 1 0 3 0 3 4 2 3 4 7 0 3 6 12
21110353 515 4 3 2 3 2 1 0 1 1 0 0 0 0 0 2 2 2 12 2 0 1 3 1 3 6 6 5 3 1 4 3 0
21110354 564 7 2 3 1 2 2 1 1 1 0 2 1 0 0 0 0 3 3 1 0 0 3 2 0 5 5 12 3 1 4 1 0 3 0 3
21110355 546 0 1 0 1 1 0 0 0 0 0 0 0 2 4 3 0 2 4 5 1 4 5 7 3 3 12 0 3
21110356 612 9 3 3 2 3 2 1 1 2 2 1 0 3 1 0 0 0 0 2 4 3 0 0 1 0 2 2 3 7 1 1 3 5 1 3 3 12
21110357 534 7 1 2 1 3 1 3 2 1 0 1 1 0 0 0 0 3 2 2 2 5 12 0 2 5 3 1 6 4 5 0 0 3 3 2
21110358 564 11 2 2 2 3 3 3 1 1 1 1 3 1 0 2 1 0 0 0 0 4 3 4 0 4 12 5 0 0 3 4 3 3 3 4 0 0 0 7
21110359 499 4 2 1 1 3 1 0 1 1 0 0 0 0 2 1 1 2 0 8 3 3 0 4 0 2 4 5 6 12 6 5 0
21110360 539 0 1 0 1 1 0 0 0 0 0 0 0 3 6 2 12 0 4 4 4 2 1 3 3 0 1 2 0
21110361 550 4 2 3 2 3 1 0 1 1 0 0 0 0 0 2 2 1 3 0 0 0 1 0 3 3 2 6 4 0 4 6 12
21110362 532 3 3 1 2 1 0 1 1 0 0 0 0 1 1 1 0 2 5 2 0 3 4 1 3 12 5 3 0 0 3 0
21110363 529 6 2 2 3 3 1 2 1 0 1 1 0 0 0 0 1 3 2 1 0 1 0 5 6 0 0 4 4 2 0 12 2 3 1
21110364 665 1 3 1 0 2 1 0 0 0 0 0 0 1 1 0 0 0 1 3 2 3 3 6 3 0 12 4 2 1
21110365 555 1 2 1 0 2 1 0 0 0 0 0 1 0 0 5 4 4 3 5 5 12 0 3 6 0 0 0 1 1
21110367 464 10 2 2 3 2 1 1 1 3 1 3 1 0 3 1 0 0 0 0 4 3 3 12 4 2 0 1 2 4 0 3 1 5 1 0 2 2 0
21110368 615 11 3 1 1 2 3 1 3 2 2 1 3 1 0 2 1 0 0 0 0 4 3 4 3 1 9 12 0 3 5 4 2 2 6 4 1 0 0 0
21110369 475 8 2 2 3 1 2 3 1 3 1 0 1 1 0 0 0 0 2 3 3 3 1 2 1 3 5 2 0 5 7 4 0 5 6 12 0
21110370 560 5 1 1 1 2 3 1 0 2 1 0 0 0 0 3 1 1 0 0 3 0 3 5 2 1 12 5 5 0 3 2 4 4
21110371 528 1 2 1 0 3 1 0 0 0 0 0 1 0 3 1 5 3 0 4 5 3 0 0 12 3 1 0 2 3
21110372 646 1 1 1 0 1 1 0 0 0 0 1 0 0 2 5 7 2 1 2 6 12 0 3 1 2 0 0 0 3
21110373 540 6 2 1 3 2 2 3 1 0 3 1 0 0 0 0 1 3 2 1 0 0 1 0 5 3 3 3 2 3 5 3 7 12 1
21110374 474 2 2 2 1 0 2 1 0 0 0 0 0 2 0 0 1 3 0 3 4 3 0 12 6 1 3 3 3 3 1
21110375 517 1 2 3 1 7 0.33333333333333331 8 0.33333333333333331 9 0.33333333333333331 0 1 0 0 3 0 0 0 0 3 1 3 4 5 2 1 4 12 3
21110376 542 7 1 3 3 2 1 2 3 1 0 1 1 0 0 0 0 2 2 3 12 4 2 0 6 4 3 1 3 2 0 0 0 0 3 0
21110377 545 5 2 3 3 2 3 1 0 3 1 0 0 0 0 0 2 3 2 3 3 3 0 1 12 4 1 0 0 6 0 0 1 0
21110378 502 2 1 2 1 0 1 1 0 0 0 0 1 1 0 12 4 4 3 3 3 5 5 2 2 6 0 0 1 0 0
21110379 476 10 3 3 1 3 2 1 2 2 1 3 1 0 2 1 0 0 0 0 3 3 4 1 3 1 12 0 2 3 8 0 2 6 3 0 0 1 3
21110381 507 4 3 3 1 2 1 0 3 1 0 0 0 0 1 1 2 0 6 7 12 1 1 6 3 0 0 3 5 0 0 2 2
21110382 623 2 2 2 1 0 3 1 0 0 0 0 0 2 0 0 1 6 12 1 4 5 8 3 4 2 3 0 0 0 1
21110383 510 0 1 0 1 1 0 0 0 0 0 0 0 0 0 2 1 3 4 5 1 2 6 4 0 12 7 2 0
21110384 595 8 2 1 1 3 1 3 2 3 1 0 1 1 0 0 0 0 3 2 3 0 12 5 6 4 7 4 3 2 4 4 3 0 0 3 2
21110385 490 1 3 1 0 1 1 0 0 0 0 0 0 1 12 4 0 0 3 6 3 0 4 0 0 3 2 2 1 0
21110387 584 8 2 1 3 2 1 2 1 2 1 0 3 1 0 0 0 0 3 4 1 0 0 0 3 1 3 1 3 0 2 3 12 3 9 4 4
21110388 529 5 3 3 1 2 3 1 0 1 1 0 0 0 0 1 1 3 12 7 3 0 4 3 1 2 2 5 3 0 1 2 0 0
21110389 509 10 3 1 3 3 2 1 2 2 3 2 1 0 1 1 0 0 0 0 2 4 4 0 0 0 3 0 3 5 0 0 3 3 1 1 12 3 2
21110391 538 5 1 2 2 1 3 1 0 2 1 0 0 0 0 2 2 1 0 0 3 3 0 4 2 5 3 1 4 12 0 1 0 0
21110392 580 6 1 2 2 2 3 3 1 0 3 1 0 0 0 0 1 3 2 4 1 12 0 4 6 1 1 7 3 3 0 3 0 2 0
21110393 512 7 3 1 2 3 1 2 2 1 0 3 1 0 0 0 0 2 3 2 3 4 0 0 3 3 6 1 4 5 3 0 4 12 0 0
21110394 604 5 1 3 1 2 3 1 0 3 1 0 0 0 0 2 1 2 0 4 0 1 0 2 4 12 2 3 4 7 0 1 2 5
21110395 581 5 3 3 1 1 3 1 0 2 1 0 0 0 0 2 0 3 2 4 3 5 0 3 4 6 0 0 6 12 0 4 3 0
21110396 529 4 3 2 1 2 1 0 1 1 0 0 0 0 1 2 1 4 12 0 7 1 3 7 3 0 2 0 0 3 0 3 0
21110397 617 6 1 2 3 3 1 1 1 0 3 1 0 0 0 0 3 1 2 4 4 3 3 12 6 4 2 3 5 3 0 2 0 0 0
21110399 490 3 2 3 2 1 0 1 1 0 0 0 0 0 2 1 5 4 12 0 1 3 5 1 2 3 3 0 3 0 0 0
21110400 539 4 3 1 2 2 1 0 1 1 0 0 0 0 1 2 1 1 0 3 0 0 3 5 3 2 6 7 3 0 3 3 12
21110401 554 6 2 2 3 3 1 2 1 0 1 1 0 0 0 0 1 3 2 12 3 2 1 5 5 3 0 3 4 0 0 0 1 0 3
21110402 614 5 2 3 1 1 1 1 0 2 1 0 0 0 0 3 1 1 0 12 5 3 0 1 6 3 3 0 4 4 0 0 2 2
21110403 559 2 2 3 1 0 3 1 0 0 0 0 0 1 1 6 12 1 3 0 7 5 0 0 3 1 4 0 0 2 0
21110404 556 0 1 0 2 1 0 0 0 0 0 0 0 0 0 0 3 0 3 3 0 3 5 6 12 0 1 4 3
21110405 519 9 3 3 3 1 1 2 2 1 2 1 0 2 1 0 0 0 0 3 3 3 0 6 3 12 3 5 4 3 3 4 1 2 1 0 0 0
21110406 520 8 1 1 2 2 3 3 2 1 1 0 2 1 0 0 0 0 3 3 2 0 0 0 1 4 0 4 3 6 5 7 0 12 2 1 4
21110407 468 2 2 3 1 0 1 1 0 0 0 0 0 1 1 5 1 4 2 0 3 1 6 0 2 12 3 2 1 3 0
21110408 637 1 3 1 0 2 1 0 0 0 0 0 0 1 0 3 0 0 12 3 5 3 4 6 4 0 1 1 2 0
21110409 503 1 3 1 0 1 1 0 0 0 0 0 0 1 0 0 2 0 3 5 12 0 2 3 4 3 1 3 2 1
21110410 554 6 1 1 3 3 1 2 1 0 2 1 0 0 0 0 3 1 2 12 3 2 0 2 6 2 4 4 7 3 1 3 1 8 0
21110411 508 0 1 0 3 1 0 0 0 0 0 0 0 0 0 1 2 7 1 4 3 3 3 3 12 0 4 2 3
21110412 542 9 2 3 2 1 3 1 2 3 1 1 0 3 1 0 0 0 0 3 3 3 0 0 1 0 2 12 4 2 0 5 4 1 0 1 5 2
21110413 512 5 1 3 2 2 1 1 0 3 1 0 0 0 0 2 2 1 1 0 0 0 0 0 2 0 3 0 4 0 3 12 6 3
21110414 394 11 2 2 1 3 3 3 2 1 1 1 3 3 1 7 0.33333333333333331 8 0.33333333333333331 9 0.33333333333333331 4 3 4 4 12 1 0 5 3 4 2 0 4 3 0 2 3 0 0
21110415 538 9 3 1 3 3 1 1 1 2 3 1 0 2 1 0 0 0 0 4 1 4 0 2 0 0 0 3 4 3 1 4 5 12 2 6 3 2
21110416 552 9 3 1 2 3 3 2 2 1 1 1 0 1 1 0 0 0 0 3 3 3 0 0 0 3 3 4 3 12 2 2 6 3 4 7 4 1
21110417 592 9 1 3 2 2 1 1 2 2 3 1 0 3 1 0 0 0 0 3 4 2 4 6 12 0 0 4 1 3 0 2 0 0 1 3 0 0
21110418 486 7 2 3 1 2 1 1 3 1 0 1 1 0 0 0 0 3 2 2 0 0 3 3 0 2 6 3 0 3 4 5 3 12 3 2
21110419 513 5 2 1 3 2 1 1 0 3 1 0 0 0 0 2 2 1 0 0 2 3 1 3 3 3 0 4 5 3 0 12 7 5
21110420 504 3 1 2 1 1 0 3 1 0 0 0 0 2 1 0 12 4 4 3 5 6 0 0 3 2 2 0 0 1 0 0
21110421 566 0 1 0 1 1 0 0 0 0 0 0 0 2 2 7 0 7 6 3 0 12 4 1 1 2 0 0 0
21110422 584 10 1 1 2 2 2 3 3 3 3 1 1 0 1 1 0 0 0 0 3 3 4 0 1 5 2 4 6 3 0 12 7 5 4 2 1 3 2
21110423 529 2 2 2 1 0 3 1 0 0 0 0 0 2 0 1 3 3 12 1 2 7 4 0 4 4 3 0 1 1 2
21110424 558 5 3 1 2 3 3 1 0 1 1 0 0 0 0 1 1 3 1 0 0 0 5 7 12 0 5 6 3 2 2 2 1 0
21110425 526 6 1 3 1 2 3 3 1 0 1 1 0 0 0 0 2 1 3 0 2 0 0 4 2 4 1 0 4 7 12 6 3 2 7
21110426 523 9 2 1 2 2 3 1 1 2 3 1 0 3 1 0 0 0 0 3 4 2 0 3 3 3 3 1 12 2 0 3 3 0 0 5 1 0
21110428 578 9 2 1 2 3 1 3 3 1 1 1 0 2 1 0 0 0 0 4 2 3 0 0 1 3 0 2 1 4 2 3 6 5 0 2 12 3
21110429 461 11 1 3 2 3 3 3 1 2 2 1 1 1 0 2 1 0 0 0 0 4 3 4 0 0 2 0 1 1 0 4 3 2 5 6 0 5 12 3
21110430 556 11 2 2 1 3 2 3 2 3 1 1 1 1 0 3 1 0 0 0 0 4 4 3 0 2 1 0 4 5 3 0 3 1 2 0 3 2 12 1
21110431 531 4 1 3 3 1 1 0 3 1 0 0 0 0 2 0 2 0 1 0 2 1 3 2 0 7 6 2 2 12 2 3 1
21110432 479 4 2 3 2 1 1 0 3 1 0 0 0 0 1 2 1 0 3 4 12 0 1 5 4 0 1 0 3 2 0 3 0
21110433 580 7 1 1 3 2 2 1 3 1 0 3 1 0 0 0 0 3 2 2 0 0 0 8 12 4 2 0 4 4 3 3 2 1 1 2
21110434 534 5 1 2 3 2 2 1 0 1 1 0 0 0 0 1 3 1 12 4 3 0 9 5 4 3 3 1 1 0 0 0 0 2
21110435 591 10 1 2 2 1 1 3 1 3 3 2 1 0 2 1 0 0 0 0 4 3 3 1 7 8 12 2 2 1 3 0 0 4 3 0 0 0 3
21110436 611 6 2 1 3 3 3 2 1 0 1 1 0 0 0 0 1 2 3 0 0 3 3 0 5 5 6 2 3 3 7 0 1 5 12
21110437 587 11 1 1 2 1 3 3 2 2 2 3 1 1 0 3 1 0 0 0 0 4 4 3 1 3 12 5 6 5 5 0 4 3 3 0 3 2 3 0
21110438 598 4 1 1 3 3 1 0 1 1 0 0 0 0 2 0 2 12 6 1 0 8 7 1 3 3 2 2 2 0 2 2 3
21110439 573 4 1 1 2 3 1 0 2 1 0 0 0 0 2 1 1 1 3 2 12 0 6 7 6 3 3 5 5 2 0 1 0
21110440 469 4 2 3 3 1 1 0 2 1 0 0 0 0 1 1 2 6 0 3 0 4 3 2 4 3 6 12 0 1 1 3 3
21110441 628 1 1 1 0 1 1 0 0 0 0 1 0 0 3 5 0 0 12 4 1 0 2 3 1 2 2 2 0 0
21110442 550 6 1 2 3 2 2 3 1 0 3 1 0 0 0 0 1 3 2 12 6 5 0 1 5 4 1 4 7 3 2 1 0 0 0
21110443 534 6 3 2 1 1 1 3 1 0 3 1 0 0 0 0 3 1 2 12 4 3 2 5 4 2 3 4 1 0 2 0 0 3 0
21110444 501 10 1 1 3 2 3 2 2 2 1 3 1 0 3 1 0 0 0 0 3 4 3 1 3 5 12 0 2 5 1 0 0 2 3 0 0 1 0
21110445 583 3 1 1 3 1 0 2 1 0 0 0 0 2 0 1 1 1 3 3 4 6 5 2 0 2 2 12 3 0 0 0
21110446 509 6 3 1 2 1 3 3 1 0 2 1 0 0 0 0 2 1 3 0 0 3 0 1 4 2 0 3 5 5 1 3 12 2 0
21110447 482 0 1 0 2 1 0 0 0 0 0 0 0 3 3 1 2 0 1 4 3 0 4 4 12 2 1 0 0
21110448 517 3 2 2 3 1 0 2 1 0 0 0 0 0 2 1 3 1 3 1 5 5 2 1 12 3 5 0 4 1 0 0
21110449 601 2 3 1 1 0 1 1 0 0 0 0 1 0 1 0 1 0 0 0 2 3 0 0 4 5 3 2 12 5 2
21110450 514 1 1 1 0 1 1 0 0 0 0 1 0 0 2 12 2 3 0 4 5 2 0 4 2 3 0 1 0 1
21110451 585 4 2 1 3 1 1 0 1 1 0 0 0 0 2 1 1 1 0 2 0 12 2 3 0 7 6 5 2 5 4 3 3
21110452 574 9 3 2 1 1 3 1 3 2 2 1 0 1 1 0 0 0 0 3 3 3 2 0 2 0 3 4 2 1 0 1 4 3 0 3 6 12
21110453 576 10 2 1 2 3 3 1 3 2 2 1 1 0 1 1 0 0 0 0 3 4 3 3 4 1 1 4 6 4 2 12 3 2 0 0 3 0 0
21110454 507 5 2 2 3 3 1 3 1 7 0.33333333333333331 8 0.33333333333333331 9 0.33333333333333331 1 2 2 2 2 0 0 1 3 1 3 1 6 4 0 12 7 4 0
21110455 481 6 2 3 3 1 2 2 1 0 3 1 0 0 0 0 1 3 2 0 0 0 1 0 3 5 12 3 1 3 6 0 0 2 1
21110457 519 2 1 2 1 0 3 1 0 0 0 0 1 1 0 12 4 2 3 8 4 5 1 7 1 3 0 2 0 0 0
21110458 549 9 3 3 1 3 2 2 1 1 3 1 0 2 1 0 0 0 0 3 2 4 5 12 4 7 3 6 4 2 1 2 8 5 5 1 0 0
21110459 523 9 1 2 1 3 3 2 1 3 2 1 0 3 1 0 0 0 0 3 3 3 1 4 0 0 8 6 1 0 4 6 4 2 12 3 2 0
21110460 480 4 3 1 2 1 1 0 3 1 0 0 0 0 2 1 1 0 2 1 4 0 6 4 12 0 6 5 4 3 0 5 2
21110461 529 10 1 2 2 3 1 3 1 3 2 1 1 0 3 1 0 0 0 0 4 3 3 12 3 5 3 3 4 3 0 4 4 0 0 2 0 0 0
21110462 494 7 3 3 1 3 2 2 1 1 0 2 1 0 0 0 0 2 2 3 1 3 2 0 0 2 3 1 0 1 7 6 0 5 8 12
21110463 595 2 1 1 1 0 2 1 0 0 0 0 2 0 0 12 7 5 2 8 4 0 0 4 3 0 0 0 0 3 0
21110464 487 1 3 1 0 2 1 0 0 0 0 0 0 1 2 1 0 0 6 5 1 0 8 4 1 0 12 3 2 3
21110465 456 0 1 0 2 1 0 0 0 0 0 0 0 0 3 7 12 0 2 6 5 0 6 5 1 1 1 0 2
21110466 630 1 3 1 0 1 1 0 0 0 0 0 0 1 0 3 3 4 2 3 4 5 2 1 3 12 3 0 0 0
21110467 485 9 3 3 1 2 2 1 1 3 3 1 0 2 1 0 0 0 0 3 2 4 1 5 5 3 0 4 12 4 0 0 0 3 0 0 0 2
21110468 597 1 3 1 0 1 1 0 0 0 0 0 0 1 0 0 4 2 0 0 5 1 0 0 4 4 2 1 2 12
21110469 631 3 3 1 1 1 0 2 1 0 0 0 0 2 0 1 0 0 3 0 2 5 12 0 4 3 3 0 4 3 1 2
21110470 559 8 3 1 2 3 2 2 1 1 1 0 3 1 0 0 0 0 3 3 2 2 1 12 3 3 6 4 3 0 5 2 2 0 1 0 1
21110471 526 10 3 2 1 3 2 2 3 1 1 1 3 1 7 0.33333333333333331 8 0.33333333333333331 9 0.33333333333333331 4 3 3 0 0 0 2 3 0 3 3 3 5 4 3 0 12 5 4
21110472 585 0 1 0 1 1 0 0 0 0 0 0 0 2 0 0 0 4 5 0 5 12 4 3 0 3 2 4 1
21110473 553 11 3 3 2 1 2 1 1 2 1 2 3 1 0 3 1 0 0 0 0 4 4 3 2 4 1 12 1 6 5 1 0 4 4 3 0 2 4 2
21110474 463 11 1 2 3 3 1 3 3 1 2 1 2 1 0 2 1 0 0 0 0 4 3 4 3 4 7 12 0 1 5 3 0 1 4 0 0 0 2 2
21110475 578 6 3 2 1 3 1 2 1 0 2 1 0 0 0 0 2 2 2 0 2 0 0 7 4 1 0 6 4 3 1 12 8 6 3
21110476 501 8 2 2 3 2 2 1 1 1 1 0 1 1 0 0 0 0 3 4 1 3 0 0 0 0 0 3 4 0 4 5 12 3 4 3 3
21110477 607 0 1 0 2 1 0 0 0 0 0 0 0 0 0 0 2 0 1 0 3 1 7 5 4 3 4 6 12
21110478 574 2 2 3 1 0 3 1 0 0 0 0 0 1 1 3 6 12 1 4 2 0 4 2 5 1 2 0 1 1 3
21110479 496 0 1 0 2 1 0 0 0 0 0 0 0 0 4 1 3 0 0 5 12 3 3 5 6 0 3 4 3
21110480 484 7 2 3 3 2 3 1 1 3 1 7 0.33333333333333331 8 0.33333333333333331 9 0.33333333333333331 2 2 3 3 2 1 12 4 5 4 7 0 4 3 3 0 0 1 2
21110481 612 3 1 3 2 1 0 1 1 0 0 0 0 1 1 1 2 3 5 3 12 4 0 3 3 7 6 4 3 0 0 0
21110482 526 5 1 2 2 1 3 1 0 3 1 0 0 0 0 2 2 1 0 0 0 2 1 2 0 0 4 3 4 1 12 8 5 3
21110483 634 2 2 1 1 0 1 1 0 0 0 0 1 1 0 0 3 3 12 3 2 4 8 1 5 4 6 0 0 0 2
21110484 487 11 2 3 1 2 1 3 2 3 1 3 1 1 0 2 1 0 0 0 0 4 3 4 1 3 3 2 2 3 6 3 0 4 4 12 0 1 0 0
21110485 589 11 1 2 2 2 3 1 3 1 3 2 3 1 0 1 1 0 0 0 0 3 4 4 12 7 2 1 4 3 5 1 3 0 3 3 2 0 0 0
21110486 523 2 3 2 1 0 3 1 0 0 0 0 0 1 1 3 2 1 0 5 7 12 0 5 4 3 3 1 3 0 0
21110487 607 8 1 1 3 2 1 2 3 2 1 0 3 1 0 0 0 0 3 3 2 1 0 0 0 3 3 0 0 12 6 4 3 5 3 3 2
21110488 613 9 1 3 1 2 3 3 2 3 1 1 0 2 1 0 0 0 0 3 2 4 1 4 6 12 0 3 5 1 0 2 4 6 0 2 7 0
21110489 536 7 3 1 1 3 1 2 2 1 0 3 1 0 0 0 0 3 2 2 1 0 0 0 3 2 3 4 12 4 3 0 2 1 3 2
21110490 517 1 3 1 0 2 1 0 0 0 0 0 0 1 0 0 3 0 4 3 6 3 1 6 0 0 3 12 0 0
21110491 433 5 1 3 2 2 3 1 0 3 1 0 0 0 0 1 2 2 0 7 3 3 0 2 1 12 1 2 3 5 0 1 0 0
21110493 576 10 3 3 2 3 1 2 1 3 2 1 1 0 1 1 0 0 0 0 3 3 4 2 0 0 0 2 4 0 0 5 1 3 1 5 12 3 2
21110494 564 5 3 3 1 1 3 1 0 2 1 0 0 0 0 2 0 3 0 0 2 4 0 2 6 6 0 6 2 8 3 1 1 12
21110495 521 2 2 1 1 0 2 1 0 0 0 0 1 1 0 7 4 12 0 1 7 3 2 3 1 3 1 0 2 3 0
21110497 574 6 2 3 2 1 1 2 1 0 3 1 0 0 0 0 2 3 1 12 3 4 3 3 4 2 1 3 0 0 0 1 0 0 0
21110498 511 7 2 3 1 2 3 1 2 1 0 2 1 0 0 0 0 2 3 2 0 1 2 0 0 0 4 1 0 4 6 1 3 6 7 12
21110499 534 10 3 3 1 2 1 2 1 1 2 3 1 0 2 1 0 0 0 0 4 3 3 3 0 4 0 0 0 2 1 1 4 2 12 0 6 3 3
21110500 534 9 1 1 3 2 2 1 2 3 3 1 0 3 1 0 0 0 0 3 3 3 2 0 0 0 3 4 1 1 3 4 5 0 12 6 2 3
21110501 595 5 3 2 3 1 3 1 0 2 1 0 0 0 0 1 1 3 0 2 1 4 0 0 6 12 1 0 4 4 0 0 5 0
21110502 448 1 3 1 0 3 1 0 0 0 0 0 0 1 1 0 5 2 1 5 7 1 0 2 3 12 0 3 2 3
21110503 547 4 2 3 2 1 1 0 3 1 0 0 0 0 1 2 1 3 0 2 0 0 1 5 1 3 6 4 3 0 0 4 12
21110504 550 5 3 1 1 3 3 1 0 1 1 0 0 0 0 2 0 3 2 2 7 12 0 4 5 4 0 6 0 4 0 3 3 2
21110505 542 3 1 3 3 1 0 1 1 0 0 0 0 1 0 2 0 4 0 1 0 3 2 6 3 4 2 0 2 6 12 3
21110506 488 7 1 2 1 1 3 2 2 1 0 3 1 0 0 0 0 3 3 1 0 3 0 2 3 4 1 3 2 4 6 1 12 4 0 0
21110507 525 11 3 1 2 3 1 2 3 2 1 1 2 1 0 3 1 0 0 0 0 4 4 3 0 0 1 0 0 3 0 4 1 6 6 3 0 2 2 12
21110508 523 7 3 2 1 2 3 1 3 1 0 2 1 0 0 0 0 2 2 3 3 12 0 0 6 5 3 0 3 4 5 1 0 1 0 2
21110509 554 3 2 1 3 1 0 3 1 0 0 0 0 1 1 1 12 3 2 0 2 6 6 1 1 4 3 0 3 0 0 0
21110510 560 10 2 1 1 1 2 3 1 2 3 3 1 0 2 1 0 0 0 0 4 3 3 1 0 0 0 12 2 4 0 2 5 4 0 4 4 1 3
21110511 532 2 1 3 1 0 3 1 0 0 0 0 1 0 1 3 2 6 3 12 3 0 0 3 5 1 0 2 0 0 0
21110512 527 4 2 1 2 3 1 0 2 1 0 0 0 0 1 2 1 12 8 7 2 3 4 1 0 1 0 0 0 0 0 1 0
21110513 523 11 2 3 1 2 2 1 3 1 3 2 1 1 0 3 1 0 0 0 0 4 4 3 0 12 7 1 0 6 5 4 0 3 6 3 3 2 0 0
21110514 597 8 1 2 2 2 2 1 3 1 1 0 3 1 0 0 0 0 3 4 1 0 0 7 0 3 3 6 0 3 5 7 0 3 5 12 1
21110515 565 4 1 2 3 1 1 0 2 1 0 0 0 0 2 1 1 0 3 5 12 0 0 5 2 0 3 6 3 1 3 0 0
21110516 524 8 1 1 2 3 1 2 2 3 1 0 1 1 0 0 0 0 3 3 2 0 6 7 12 2 5 3 3 0 3 3 3 0 0 3 0
21110517 499 10 1 1 2 3 3 2 2 3 2 3 1 0 1 1 0 0 0 0 2 4 4 0 1 3 12 2 4 5 5 0 2 7 3 0 0 1 1
21110518 537 2 3 3 1 0 2 1 0 0 0 0 0 0 2 0 0 1 0 5 12 3 0 1 5 0 2 4 3 0 0
21110519 543 3 3 2 1 1 0 2 1 0 0 0 0 1 1 1 0 5 7 12 1 1 4 8 0 3 2 4 0 0 2 1
21110520 458 2 3 2 1 0 2 1 0 0 0 0 0 1 1 1 5 4 2 12 6 2 0 1 5 3 3 3 1 1 0
21110521 563 3 1 2 3 1 0 2 1 0 0 0 0 1 1 1 1 0 0 3 4 4 2 0 1 4 5 0 3 7 12 0
21110522 553 6 1 3 1 2 2 3 1 0 3 1 0 0 0 0 2 2 2 0 12 4 1 1 3 2 3 2 1 5 3 0 0 2 3
21110523 483 11 1 3 2 1 3 2 1 3 1 2 2 1 0 3 1 0 0 0 0 4 4 3 0 0 1 2 2 3 12 0 1 3 8 0 3 8 3 6
21110524 567 11 2 1 3 3 1 2 1 2 1 2 3 1 0 3 1 0 0 0 0 4 4 3 0 3 0 0 12 3 2 3 6 4 4 0 5 4 1 0
21110525 557 4 3 2 1 2 1 0 1 1 0 0 0 0 1 2 1 0 2 0 0 5 3 0 0 4 4 0 0 12 6 3 1
21110526 580 8 3 1 2 1 1 2 3 2 1 0 3 1 0 0 0 0 3 3 2 2 1 3 4 2 3 4 7 1 4 7 12 0 0 0 6
21110527 589 10 1 2 3 1 1 3 3 2 2 3 1 0 2 1 0 0 0 0 3 3 4 1 0 0 0 0 2 3 4 3 12 5 5 3 4 7 1
21110528 513 2 3 2 1 0 1 1 0 0 0 0 0 1 1 12 3 0 0 7 6 1 1 5 0 2 0 0 3 0 2
21110529 500 11 3 2 1 2 2 3 1 1 2 1 3 1 0 3 1 0 0 0 0 4 4 3 0 3 2 0 0 4 3 0 4 8 0 1 12 4 3 0
21110530 550 9 2 1 2 1 1 2 3 3 3 1 0 3 1 0 0 0 0 3 3 3 2 2 2 1 3 3 1 3 12 5 1 0 0 1 0 2
21110531 561 4 3 3 3 2 1 0 2 1 0 0 0 0 0 1 3 1 5 6 12 0 4 4 3 0 1 1 0 0 0 3 2
21110532 521 1 3 1 0 2 1 0 0 0 0 0 0 1 1 12 6 0 5 5 3 0 4 3 1 2 8 0 0 3
21110533 586 3 3 3 2 1 0 1 1 0 0 0 0 0 1 2 1 5 12 0 2 5 4 0 1 5 4 0 0 2 2 1
21110534 575 2 1 2 1 0 3 1 0 0 0 0 1 1 0 0 1 0 0 0 2 2 1 0 2 4 4 1 3 5 12
21110535 502 6 1 3 1 1 3 3 1 0 1 1 0 0 0 0 3 0 3 3 12 7 2 2 5 0 0 2 3 2 0 5 3 0 0
21110536 552 3 2 1 3 3 1 4 0.33333333333333331 5 0.33333333333333331 6 0.33333333333333331 1 1 1 0 0 1 1 2 2 4 3 2 6 3 1 12 5 3 0
21110537 539 0 1 0 2 1 0 0 0 0 0 0 0 2 0 1 0 0 3 5 3 3 6 4 3 1 4 7 12
21110538 606 3 3 1 2 1 0 2 1 0 0 0 0 1 1 1 2 1 5 4 0 3 4 12 0 1 1 4 0 2 0 0
21110539 529 0 1 0 3 1 0 0 0 0 0 0 0 0 0 0 1 0 3 3 2 2 6 5 5 3 1 7 12
21110540 511 7 3 3 3 2 2 1 2 1 0 1 1 0 0 0 0 1 3 3 1 2 0 0 1 5 4 3 2 3 3 0 1 3 12 0
21110541 497 1 3 1 0 1 1 0 0 0 0 0 0 1 12 8 5 4 6 5 4 1 2 1 0 2 0 2 0 0
21110542 528 0 1 0 2 1 0 0 0 0 0 0 0 0 0 0 3 0 0 2 3 0 1 1 6 2 1 3 12
21110543 580 10 2 2 3 1 1 3 1 3 3 2 3 1 6 0.33333333333333331 7 0.33333333333333331 8 0.33333333333333331 3 3 4 0 0 2 2 0 0 4 4 1 5 12 1 0 3 3 3
21110544 537 7 3 2 2 1 1 1 2 1 0 3 1 0 0 0 0 3 3 1 0 4 3 12 3 2 6 7 0 1 4 5 0 3 4 3
21110545 631 8 1 3 2 3 2 1 2 3 1 0 3 1 0 0 0 0 2 3 3 1 0 0 0 1 2 0 2 12 6 4 1 8 5 3 0
21110546 646 1 3 1 0 1 1 0 0 0 0 0 0 1 0 1 0 0 2 4 4 3 3 5 4 2 12 6 3 0
21110547 624 4 1 3 2 2 1 0 1 1 0 0 0 0 1 2 1 2 0 3 0 3 1 6 3 3 6 2 0 12 1 3 0
21110548 519 2 2 1 1 0 3 1 0 0 0 0 1 1 0 0 0 0 2 0 5 5 3 0 7 3 4 6 12 3 1
21110549 509 8 1 3 2 2 3 2 1 2 3 1 5 0.33333333333333331 6 0.33333333333333331 7 0.33333333333333331 2 4 2 0 0 0 3 0 4 5 12 1 6 5 4 0 1 2 1
21110550 592 6 2 3 3 1 2 1 1 0 3 1 0 0 0 0 2 2 2 3 8 12 0 7 5 6 3 2 1 1 3 2 0 0 0
21110551 545 10 1 1 2 3 3 2 3 2 3 1 1 0 1 1 0 0 0 0 3 3 4 0 0 0 2 0 1 3 12 2 3 6 6 0 4 4 3
21110552 494 2 1 1 1 0 3 1 0 0 0 0 2 0 0 0 0 2 3 1 0 5 3 2 4 4 7 2 5 7 12
21110553 629 5 2 3 3 2 1 1 0 2 1 0 0 0 0 1 2 2 0 0 0 2 0 0 1 6 3 1 6 1 3 4 6 12
21110554 549 4 2 1 2 1 1 0 1 1 0 0 0 0 2 2 0 0 0 2 3 0 5 3 4 1 3 5 4 2 3 4 12
21110555 525 7 3 3 2 1 2 1 1 1 0 3 1 0 0 0 0 3 2 2 12 1 5 2 3 5 4 2 1 3 4 0 0 0 2 0
21110556 547 11 3 1 1 3 1 1 2 2 2 2 3 1 0 3 1 0 0 0 0 4 4 3 2 3 1 3 0 5 1 4 2 6 4 12 0 3 3 0
21110557 557 6 2 3 1 1 3 1 1 0 2 1 0 0 0 0 3 1 2 0 0 0 3 0 1 3 12 2 3 6 4 0 1 2 2
21110558 536 2 3 1 1 0 2 1 0 0 0 0 1 0 1 1 3 0 1 1 2 2 0 3 5 3 2 12 3 3 0
21110559 470 9 1 3 1 2 2 1 1 3 2 1 0 3 1 0 0 0 0 4 3 2 3 0 0 0 1 3 6 2 2 4 4 0 12 6 4 0
21110560 503 6 3 1 2 1 3 2 1 0 1 1 0 0 0 0 2 2 2 4 3 3 0 2 3 12 0 5 2 3 3 3 0 1 0
21110561 528 9 1 2 1 3 2 3 3 1 2 1 0 3 1 0 0 0 0 3 3 3 0 0 1 0 4 3 0 0 1 2 1 2 12 3 5 2
21110562 544 10 2 1 2 3 1 3 3 2 1 2 1 0 3 1 0 0 0 0 3 4 3 0 0 3 12 1 0 3 5 0 3 2 4 0 0 1 0
21110563 629 10 2 1 3 1 3 2 3 2 2 1 3 1 6 0.33333333333333331 7 0.33333333333333331 8 0.33333333333333331 3 4 3 0 12 4 2 0 6 5 8 3 3 4 6 0 1 1 0
21110564 480 5 3 1 1 3 1 1 0 3 1 0 0 0 0 3 0 2 0 0 2 2 2 3 4 2 7 6 3 1 12 4 3 0
21110565 565 11 2 2 1 2 2 3 3 3 1 3 1 1 0 1 1 0 0 0 0 3 4 4 0 0 0 1 3 2 2 4 0 6 5 4 0 3 1 12
21110566 581 9 1 2 2 3 1 3 1 2 3 1 0 1 1 0 0 0 0 3 3 3 2 3 3 1 3 2 4 12 0 2 3 4 0 0 1 3
21110568 501 5 3 2 1 3 1 1 0 2 1 0 0 0 0 2 1 2 3 1 3 12 2 5 6 0 4 1 3 3 0 0 0 2
21110569 609 10 2 1 3 3 1 2 1 2 2 3 1 0 3 1 0 0 0 0 3 4 3 0 1 0 0 12 3 3 2 3 4 4 3 1 4 3 0
21110570 525 3 1 1 2 1 0 2 1 0 0 0 0 2 1 0 0 12 4 3 0 4 4 3 7 1 3 0 0 2 0 0
21110571 522 1 2 1 0 2 1 0 0 0 0 0 1 0 12 6 5 0 3 5 1 1 3 3 4 0 0 0 3 0
21110572 493 3 3 3 2 1 0 1 1 0 0 0 0 0 1 2 0 0 2 0 0 7 5 1 1 0 5 5 3 6 2 12
21110573 556 10 2 3 3 1 2 3 1 3 2 1 1 0 1 1 0 0 0 0 3 3 4 2 6 4 12 7 5 1 1 3 0 2 3 0 0 2 0
21110574 569 7 3 2 1 1 3 2 3 1 0 2 1 0 0 0 0 2 2 3 1 4 7 0 4 5 3 3 12 1 3 0 0 0 0 2
21110575 494 9 1 1 2 3 3 2 3 2 3 1 0 1 1 0 0 0 0 2 3 4 1 0 0 0 0 3 3 4 3 6 4 5 2 3 7 12
21110576 587 11 1 3 1 2 1 2 3 1 2 2 3 1 0 3 1 0 0 0 0 4 4 3 3 2 0 1 0 3 4 5 0 1 3 7 0 2 3 12
21110577 530 4 2 2 3 3 1 0 3 1 0 0 0 0 0 2 2 12 4 3 2 1 3 6 5 3 1 1 1 0 0 2 0
21110578 503 8 3 1 2 3 1 3 2 1 1 0 3 1 0 0 0 0 3 2 3 1 0 0 0 0 2 3 0 4 3 4 0 4 6 12 2
21110579 583 7 1 1 2 2 3 3 3 1 0 2 1 0 0 0 0 2 2 3 4 5 12 0 1 3 4 0 4 2 3 5 0 3 0 1
21110580 591 10 3 3 2 3 2 1 2 2 1 3 1 0 1 1 0 0 0 0 2 4 4 4 6 2 0 8 3 12 0 7 3 2 1 1 0 0 1
21110581 572 11 2 3 1 3 2 1 3 1 3 2 1 1 0 2 1 0 0 0 0 4 3 4 0 0 1 3 0 12 4 0 5 4 3 2 3 1 2 3
21110582 564 2 1 2 3 1 6 0.33333333333333331 7 0.33333333333333331 8 0.33333333333333331 1 1 0 0 5 0 4 0 3 3 2 5 4 3 4 3 0 1 12
21110583 566 7 2 1 3 2 3 1 1 1 0 3 1 0 0 0 0 3 2 2 0 0 0 5 12 8 0 0 5 4 5 1 2 2 1 2
21110584 486 4 2 1 1 3 1 0 2 1 0 0 0 0 2 1 1 0 0 3 0 0 2 3 1 3 5 1 3 2 3 4 12
21110585 506 0 1 0 2 1 0 0 0 0 0 0 0 2 3 3 5 1 4 6 5 0 0 12 3 0 2 1 1
21110587 580 2 2 3 1 0 3 1 0 0 0 0 0 1 1 0 0 1 0 1 3 2 5 0 0 3 6 0 0 4 12
21110590 523 4 3 3 1 2 1 0 1 1 0 0 0 0 1 1 2 0 3 0 0 2 3 3 12 1 5 4 6 2 3 3 4
21110591 517 1 2 3 1 5 0.33333333333333331 6 0.33333333333333331 7 0.33333333333333331 0 1 0 2 0 0 0 1 4 0 0 1 2 1 5 3 3 12 3
21110592 529 3 3 3 1 1 0 3 1 0 0 0 0 1 0 2 1 0 3 0 4 3 2 0 4 5 6 3 12 7 5 2
21110593 546 11 2 3 1 1 3 2 3 2 1 3 1 1 0 2 1 0 0 0 0 4 3 4 0 0 1 0 3 1 3 2 3 4 3 0 5 12 2 0
21110594 576 3 3 3 1 1 0 1 1 0 0 0 0 1 0 2 0 2 0 0 12 2 2 0 1 6 4 2 4 4 4 1
21110596 531 8 2 1 1 1 2 3 2 2 1 0 3 1 0 0 0 0 3 4 1 3 3 4 1 12 4 5 0 0 3 4 3 0 2 1 3
21110597 554 2 1 3 1 0 1 1 0 0 0 0 1 0 1 2 0 0 0 3 0 2 1 0 0 6 3 2 4 5 12
21110598 503 10 2 3 1 2 1 1 1 2 2 3 1 0 3 1 0 0 0 0 4 4 2 12 2 3 0 7 4 4 3 4 3 0 1 3 0 0 0
21110599 599 11 3 3 1 2 3 1 2 3 2 1 2 1 0 1 1 0 0 0 0 3 4 4 3 4 2 12 0 3 5 4 1 0 3 3 0 3 0 0
21110600 543 1 3 1 0 3 1 0 0 0 0 0 0 1 1 2 0 0 0 4 4 2 1 2 7 7 0 3 12 1
21110601 674 10 1 2 3 3 1 1 3 1 2 2 1 0 2 1 0 0 0 0 4 3 3 0 3 0 0 3 2 4 0 5 3 3 0 12 7 1 4
21110602 509 10 3 3 1 2 1 1 3 2 3 2 1 0 2 1 0 0 0 0 3 3 4 0 3 1 12 2 3 6 3 0 4 4 5 1 3 2 1
21110603 548 7 1 2 1 2 3 3 3 1 0 2 1 0 0 0 0 2 2 3 12 5 5 0 4 3 0 0 3 1 2 1 0 3 0 0
21110604 532 2 3 1 1 0 2 1 0 0 0 0 1 0 1 3 3 0 0 0 7 12 0 3 3 3 2 4 5 1 0
21110606 492 10 1 2 3 3 1 2 2 2 3 3 1 0 1 1 0 0 0 0 2 4 4 0 0 2 1 2 1 5 3 0 3 6 6 0 4 1 12
21110607 473 11 1 3 1 1 1 3 3 2 3 2 2 1 0 2 1 0 0 0 0 4 3 4 1 0 0 0 2 3 4 0 3 4 12 1 3 5 3 2
21110608 505 2 3 3 1 0 3 1 0 0 0 0 0 0 2 0 4 5 12 1 0 4 6 0 0 3 4 3 0 2 0
21110609 554 11 1 3 3 1 2 3 2 2 1 3 1 1 0 2 1 0 0 0 0 4 3 4 0 3 3 1 2 2 4 5 1 6 5 12 3 2 1 0
21110610 590 11 1 1 2 1 2 2 3 3 1 3 2 1 0 3 1 0 0 0 0 4 4 3 0 0 0 3 0 0 0 5 3 3 3 2 4 1 12 3
21110611 538 2 2 3 1 0 3 1 0 0 0 0 0 1 1 12 1 2 0 7 1 1 2 5 5 0 0 2 1 0 0
21110612 615 3 1 3 1 1 0 2 1 0 0 0 0 2 0 1 12 4 4 0 7 5 2 1 3 4 2 0 3 0 0 0
21110613 518 10 1 1 3 1 2 2 3 2 3 2 1 0 3 1 0 0 0 0 3 4 3 0 3 3 2 1 12 1 1 3 2 6 3 0 7 0 0
21110614 483 1 3 1 0 3 1 0 0 0 0 0 0 1 12 4 4 3 1 2 5 2 3 0 4 0 0 0 1 6
21110615 625 11 2 3 1 2 2 3 2 3 1 1 1 1 0 3 1 0 0 0 0 4 4 3 4 0 0 0 2 7 3 0 4 4 0 0 12 4 0 1
21110616 585 3 1 3 2 1 0 1 1 0 0 0 0 1 1 1 3 6 3 0 2 5 4 1 3 8 4 2 3 4 12 0
21110617 638 7 3 2 2 2 1 3 1 1 0 3 1 0 0 0 0 2 3 2 0 0 1 0 2 1 3 3 3 4 4 6 4 6 7 12
21110618 611 8 1 1 1 3 3 2 2 3 1 0 2 1 0 0 0 0 3 2 3 0 3 4 2 0 5 6 3 1 3 12 3 0 2 0 1
21110619 546 9 1 1 2 3 3 2 2 1 2 1 0 1 1 0 0 0 0 3 4 2 0 2 7 0 6 5 12 0 4 3 3 0 0 1 4 3
21110620 547 5 1 1 2 2 1 1 0 2 1 0 0 0 0 3 2 0 0 3 3 3 1 5 7 12 2 5 8 2 0 1 4 0
21110622 523 6 1 3 3 2 1 3 1 0 2 1 0 0 0 0 2 1 3 1 2 2 0 1 3 2 1 4 5 12 0 3 0 0 0
21110623 584 9 3 2 1 3 2 3 2 1 1 1 0 3 1 0 0 0 0 3 3 3 12 3 3 0 7 4 4 1 2 3 5 0 3 0 0 0
21110624 488 9 2 1 3 1 3 2 1 2 2 1 0 3 1 0 0 0 0 3 4 2 3 5 4 3 0 5 2 3 3 1 12 0 1 0 0 0
21110625 478 2 3 2 1 0 1 1 0 0 0 0 0 1 1 1 1 0 0 4 5 2 0 2 6 5 3 12 3 3 3
21110627 575 8 2 1 1 3 3 1 2 2 1 0 3 1 0 0 0 0 3 3 2 3 2 4 12 0 1 1 4 3 2 6 2 0 0 3 1
21110628 636 0 1 0 3 1 0 0 0 0 0 0 0 0 0 0 2 4 1 1 4 6 5 5 7 0 12 3 2
21110629 535 11 1 3 1 2 3 2 1 2 3 3 1 1 0 2 1 0 0 0 0 4 3 4 0 0 1 0 1 5 12 3 0 5 2 3 0 0 2 0
21110630 514 7 2 3 1 1 2 1 3 1 0 3 1 0 0 0 0 3 2 2 12 4 1 2 7 6 5 0 4 1 0 2 0 0 2 0
21110631 548 7 3 1 2 3 2 1 3 1 0 1 1 0 0 0 0 2 2 3 0 2 0 1 3 2 0 3 2 3 3 0 12 5 1 0
21110632 550 3 1 2 3 1 0 3 1 0 0 0 0 1 1 1 0 2 8 4 1 5 7 12 1 0 6 4 2 0 3 0
21110633 540 1 3 1 0 1 1 0 0 0 0 0 0 1 4 12 3 1 5 5 2 0 3 0 2 0 0 3 0 0
21110634 513 2 3 2 1 0 3 1 0 0 0 0 0 1 1 2 1 1 1 2 1 5 0 3 4 12 0 3 2 0 0
21110635 599 7 1 1 3 2 2 3 1 1 0 3 1 0 0 0 0 3 2 2 12 3 2 0 4 7 3 0 3 3 2 3 0 0 0 1
21110636 491 5 1 2 2 1 3 1 0 1 1 0 0 0 0 2 2 1 0 0 2 1 0 4 3 12 4 5 4 7 2 3 3 4
21110637 562 3 3 3 1 1 0 2 1 0 0 0 0 1 0 2 0 1 5 1 2 5 5 5 0 2 1 12 2 0 0 0
21110638 535 8 1 1 3 1 3 1 2 2 1 0 2 1 0 0 0 0 4 2 2 0 0 0 3 2 3 3 4 0 3 4 5 0 5 7 12
21110639 584 11 2 1 2 3 1 1 1 2 3 3 2 1 0 3 1 0 0 0 0 4 4 3 2 3 4 5 0 0 2 12 1 3 3 2 0 0 1 1
21110640 491 3 3 2 3 1 0 1 1 0 0 0 0 0 1 2 0 2 3 1 3 0 2 0 12 7 3 0 3 4 3 1
21110641 520 6 3 2 2 3 1 3 1 0 3 1 0 0 0 0 1 2 3 0 0 0 1 3 3 2 1 4 7 0 0 12 4 3 4
21110642 524 9 3 1 3 3 2 2 2 1 1 1 0 3 1 0 0 0 0 3 3 3 3 6 5 2 12 1 5 0 4 3 2 0 2 1 0 1
21110643 560 9 1 2 3 1 1 2 3 3 3 1 0 1 1 0 0 0 0 3 2 4 0 0 0 2 4 5 0 2 6 6 1 0 12 3 4 2
21110644 511 8 2 3 1 1 2 3 1 3 1 0 2 1 0 0 0 0 3 2 3 2 4 12 0 5 4 1 0 0 3 2 0 1 0 0 3
21110645 557 8 1 2 1 1 2 3 2 1 1 0 3 1 0 0 0 0 4 3 1 0 0 3 0 3 3 3 0 4 5 0 2 12 7 7 4
21110646 516 3 2 1 2 3 1 5 0.33333333333333331 6 0.33333333333333331 7 0.33333333333333331 1 2 0 12 4 1 3 5 4 4 0 1 3 3 0 2 0 0 0
21110647 599 10 3 3 1 2 3 1 2 2 1 3 1 0 1 1 0 0 0 0 3 3 4 12 7 5 3 4 4 0 0 2 1 0 0 0 0 2 0
21110648 628 6 1 2 3 1 3 2 1 0 1 1 0 0 0 0 2 2 2 0 1 2 2 0 4 0 7 3 3 0 1 5 2 12 3
21110649 492 7 1 1 2 1 1 3 3 1 0 2 1 0 0 0 0 4 1 2 0 0 0 2 0 0 0 3 2 3 3 5 3 12 7 5
21110650 533 8 2 3 3 1 2 3 2 1 1 0 3 1 0 0 0 0 2 3 3 0 1 0 0 5 2 0 2 5 4 1 0 12 1 3 0
21110651 520 0 1 0 2 1 0 0 0 0 0 0 0 2 0 3 4 0 1 6 12 0 4 7 1 0 1 4 2
21110652 500 6 1 3 2 2 1 3 1 0 2 1 0 0 0 0 2 2 2 0 1 0 0 1 4 3 5 0 0 12 3 7 0 5 2
21110653 586 2 3 2 1 0 2 1 0 0 0 0 0 1 1 1 1 0 0 3 2 4 6 0 0 4 8 0 3 1 12
21110654 570 4 1 1 1 1 1 0 2 1 0 0 0 0 4 0 0 5 0 2 0 2 4 0 3 12 1 0 0 2 4 2 0
21110656 530 4 1 2 2 1 1 0 1 1 0 0 0 0 2 2 0 3 0 0 0 3 2 3 3 3 7 4 0 12 6 5 0
21110657 504 4 2 1 3 1 1 0 3 1 0 0 0 0 2 1 1 0 0 3 12 0 3 6 3 2 3 0 3 0 3 0 4
21110658 572 3 3 3 1 1 0 1 1 0 0 0 0 1 0 2 2 0 0 0 2 3 6 7 0 6 5 2 0 12 1 5
21110659 533 1 2 1 0 2 1 0 0 0 0 0 1 0 0 0 12 4 1 7 5 3 0 5 2 1 3 0 3 1
21110660 542 1 2 1 0 1 1 0 0 0 0 0 1 0 0 2 0 4 0 0 3 1 0 0 1 5 2 5 5 12
21110661 555 10 3 1 3 2 2 1 3 1 3 1 1 0 2 1 0 0 0 0 4 2 4 12 8 5 0 5 6 4 1 4 4 4 2 0 3 0 2
21110662 647 11 2 3 2 3 2 1 1 1 2 1 3 1 0 3 1 0 0 0 0 4 4 3 0 2 4 4 4 3 6 1 3 5 4 12 0 1 2 0
21110663 566 10 1 1 3 3 2 3 2 2 1 1 1 0 2 1 0 0 0 0 4 3 3 0 0 3 3 3 3 5 4 4 7 6 2 3 3 1 12
21110664 585 4 1 3 3 1 3 1 5 0.33333333333333331 6 0.33333333333333331 7 0.33333333333333331 2 0 2 2 3 2 0 1 5 4 6 2 8 6 7 0 3 3 12
21110665 512 10 3 3 1 2 3 1 1 1 2 2 1 0 3 1 0 0 0 0 4 3 3 2 0 0 0 12 2 4 0 1 5 4 0 4 4 4 3
21110666 447 11 1 2 3 3 2 1 3 2 2 1 1 1 0 3 1 0 0 0 0 4 4 3 1 3 1 3 2 5 5 2 0 12 0 3 1 0 0 2
21110667 657 0 1 0 1 1 0 0 0 0 0 0 0 4 1 12 3 4 3 3 2 3 7 0 0 2 0 0 0
21110668 535 6 2 3 2 1 3 1 1 0 2 1 0 0 0 0 2 2 2 0 4 5 5 0 3 5 7 0 3 3 12 1 0 3 3
21110670 533 11 3 2 2 1 3 2 2 1 1 1 3 1 0 3 1 0 0 0 0 4 4 3 0 1 1 0 2 5 5 0 0 12 1 2 4 2 3 0
21110671 528 4 1 2 1 1 1 0 3 1 0 0 0 0 3 1 0 3 5 12 3 0 3 4 6 0 0 2 2 0 0 1 2
21110672 586 7 1 1 2 3 1 3 1 1 0 3 1 0 0 0 0 4 1 2 2 3 3 12 0 6 4 5 0 0 3 2 0 7 2 0
21110673 543 4 3 1 2 3 1 0 3 1 0 0 0 0 1 1 2 3 1 0 0 3 4 1 0 2 5 4 0 7 12 5 2
21110674 611 2 1 2 1 0 2 1 0 0 0 0 1 1 0 3 1 3 12 3 2 6 7 0 0 3 5 0 0 1 3
21110675 607 0 1 0 3 1 0 0 0 0 0 0 0 12 4 3 2 4 6 4 1 1 0 0 0 0 2 0 0
21110676 449 0 1 0 2 1 0 0 0 0 0 0 0 0 0 1 4 3 2 6 3 0 0 12 1 1 2 3 4
21110677 623 9 1 3 2 3 2 2 1 3 1 1 0 3 1 0 0 0 0 3 3 3 0 0 0 1 0 4 2 3 0 1 5 5 2 3 3 12
21110678 528 2 1 2 1 0 3 1 0 0 0 0 1 1 0 0 3 7 0 12 6 3 0 8 5 5 0 2 1 0 3
21110679 522 8 1 2 3 3 3 1 1 1 1 0 2 1 0 0 0 0 4 1 3 12 6 3 1 3 5 5 0 3 2 3 2 0 0 2 0
21110681 620 6 3 1 2 1 3 2 3 1 4 0.33333333333333331 5 0.33333333333333331 6 0.33333333333333331 2 2 2 3 3 3 12 0 7 3 4 0 5 2 3 1 6 0 0
21110682 559 0 1 0 1 1 0 0 0 0 0 0 0 0 3 3 0 12 5 0 0 5 3 0 3 4 2 3 0
21110683 503 7 3 1 3 2 2 1 2 1 0 1 1 0 0 0 0 2 3 2 0 1 0 0 3 0 2 12 0 0 5 5 0 3 3 3
21110685 602 1 2 1 0 3 1 0 0 0 0 0 1 0 12 1 6 1 6 4 0 0 3 4 0 2 0 0 4 0
21110686 543 2 3 1 1 0 1 1 0 0 0 0 1 0 1 2 2 3 1 3 2 5 5 12 6 4 1 2 5 3 0
21110687 575 9 3 1 3 3 2 3 1 2 2 3 1 5 0.33333333333333331 6 0.33333333333333331 7 0.33333333333333331 2 3 4 0 3 3 1 0 5 4 5 0 0 4 12 2 0 0 1
21110688 576 0 1 0 1 1 0 0 0 0 0 0 0 1 0 0 3 3 7 5 6 2 4 7 2 3 4 12 3
21110689 602 4 2 2 2 3 1 0 3 1 0 0 0 0 0 3 1 0 0 1 3 4 3 1 0 8 6 3 1 12 5 4 0
21110690 586 1 1 1 0 3 1 0 0 0 0 1 0 0 12 3 3 1 5 3 3 0 3 5 2 0 3 2 3 0
21110691 413 5 3 1 1 3 3 1 0 1 1 0 0 0 0 2 0 3 5 0 7 0 4 3 0 0 3 8 6 2 2 8 12 2
21110692 594 7 3 2 3 1 1 1 2 1 0 3 1 0 0 0 0 3 2 2 0 0 0 3 1 2 0 0 4 6 4 0 12 8 4 2
21110693 582 6 1 3 2 1 3 1 1 0 3 1 0 0 0 0 3 1 2 3 4 3 0 3 5 12 3 4 3 3 0 0 2 2 0
21110694 581 10 3 1 2 1 2 1 2 3 3 1 1 0 2 1 0 0 0 0 4 3 3 0 6 0 0 0 7 5 4 3 5 7 2 3 1 8 12
21110695 593 6 1 2 1 1 3 3 1 0 2 1 0 0 0 0 3 1 2 2 0 0 3 0 3 1 4 2 2 4 6 0 1 3 12
21110696 573 9 2 1 3 1 2 2 1 3 1 1 0 3 1 0 0 0 0 4 3 2 0 8 4 12 0 3 4 4 3 0 0 3 0 0 0 2
21110697 538 6 3 1 1 2 2 3 1 0 2 1 0 0 0 0 2 2 2 0 6 3 1 0 5 4 0 3 2 6 5 1 12 6 0
21110698 499 5 3 3 2 1 2 1 0 2 1 0 0 0 0 1 2 2 0 0 0 1 0 2 6 5 1 0 5 12 0 3 3 1
21110699 599 3 1 3 1 1 0 3 1 0 0 0 0 2 0 1 0 3 0 0 4 1 2 0 3 5 2 2 3 9 12 0
21110700 548 5 3 2 2 3 3 1 0 2 1 0 0 0 0 0 2 3 1 3 3 1 4 4 2 0 3 4 12 1 0 0 0 1
21110701 553 0 1 0 1 1 0 0 0 0 0 0 0 0 3 0 3 1 2 0 0 4 3 1 2 12 8 5 2
21110702 561 2 3 1 1 0 3 1 0 0 0 0 1 0 1 12 9 5 2 6 5 2 0 5 3 0 0 3 1 0 0
21110703 557 9 2 2 2 1 2 3 3 1 1 1 0 3 1 0 0 0 0 3 4 2 12 8 5 0 5 4 2 0 1 4 3 1 0 0 3 0
21110704 469 8 1 1 2 2 2 3 3 1 1 0 3 1 0 0 0 0 3 3 2 2 4 8 1 0 2 6 3 1 6 3 12 0 3 0 3
21110705 529 9 2 3 2 1 1 3 3 2 1 1 0 3 1 0 0 0 0 3 3 3 0 2 0 1 12 5 3 2 4 7 1 0 3 3 0 0
21110706 413 0 1 0 2 1 0 0 0 0 0 0 0 0 1 3 3 3 2 5 4 0 4 1 12 3 0 0 0
21110707 541 10 1 1 2 3 2 3 1 2 3 2 1 0 1 1 0 0 0 0 3 4 3 0 0 0 3 0 1 3 4 2 4 5 6 0 3 3 12
21110708 607 6 3 1 1 2 2 1 1 0 1 1 0 0 0 0 3 2 1 2 12 9 2 3 3 4 5 1 6 2 3 3 3 3 0
21110709 568 9 2 3 1 3 2 1 2 3 3 1 0 2 1 0 0 0 0 2 3 4 1 0 0 0 1 2 3 12 0 4 6 1 0 2 1 3
21110710 558 1 1 1 0 1 1 0 0 0 0 1 0 0 2 3 5 12 2 3 5 7 0 0 1 2 3 0 0 0
21110711 530 8 3 1 2 1 3 2 3 3 1 0 1 1 0 0 0 0 2 2 4 0 4 7 12 2 2 3 1 1 4 3 2 0 0 1 2
21110712 616 8 1 3 2 3 2 3 3 1 1 0 2 1 0 0 0 0 2 2 4 0 1 1 2 0 3 5 6 0 4 6 7 3 3 3 12
21110713 482 3 1 1 2 3 1 5 0.33333333333333331 6 0.33333333333333331 7 0.33333333333333331 2 1 0 12 4 1 0 6 1 4 2 2 5 4 0 2 0 0 0
21110714 520 9 1 3 2 2 2 1 3 1 2 1 0 3 1 0 0 0 0 3 4 2 1 12 3 0 4 3 3 1 1 8 2 4 4 2 4 0
21110715 508 7 3 2 1 1 2 2 3 1 0 2 1 0 0 0 0 2 3 2 0 0 1 3 0 0 3 0 1 5 7 4 3 5 3 12
21110716 528 11 3 1 2 3 2 1 3 3 1 1 2 1 0 2 1 0 0 0 0 4 3 4 1 0 0 0 0 4 3 6 0 2 3 12 3 5 3 3
21110717 544 0 1 0 1 1 0 0 0 0 0 0 0 0 5 6 12 0 3 4 5 3 0 0 4 0 0 3 2
21110718 490 11 2 1 1 3 2 2 3 1 2 3 3 1 0 1 1 0 0 0 0 3 4 4 3 0 2 2 0 4 3 1 0 5 6 1 0 3 3 12
21110719 619 7 2 2 2 3 3 1 3 1 0 1 1 0 0 0 0 1 3 3 1 0 0 0 12 3 2 0 9 5 1 0 5 4 3 3
21110720 536 7 3 2 2 3 1 2 3 1 0 1 1 0 0 0 0 1 3 3 0 0 1 1 0 2 5 3 4 5 3 5 3 3 3 12
21110721 597 2 1 1 1 0 2 1 0 0 0 0 2 0 0 4 0 1 2 1 6 1 2 4 4 5 4 2 12 3 2
21110722 460 10 3 3 1 1 2 1 2 2 1 3 1 0 3 1 0 0 0 0 4 3 3 0 3 0 0 0 12 3 7 0 5 6 1 2 1 2 2
21110723 539 6 3 2 2 3 3 3 1 0 1 1 0 0 0 0 0 2 4 0 0 3 1 3 2 4 0 12 3 1 0 1 3 5 2
21110724 485 1 1 3 1 4 0.33333333333333331 5 0.33333333333333331 6 0.33333333333333331 1 0 0 3 3 4 3 0 2 12 4 0 4 0 3 0 5 2 1
21110725 519 9 2 3 3 2 1 2 2 3 3 1 0 1 1 0 0 0 0 1 4 4 12 3 1 2 7 6 6 5 5 1 0 0 1 0 0 0
21110726 474 5 2 1 2 1 1 1 0 3 1 0 0 0 0 3 2 0 2 0 7 3 2 3 5 3 2 4 12 0 1 5 1 3
21110727 555 4 3 3 2 2 1 0 3 1 0 0 0 0 0 2 2 0 1 1 0 0 4 4 2 3 6 7 1 2 1 7 12
21110728 564 1 1 1 0 3 1 0 0 0 0 1 0 0 3 2 12 1 3 3 3 0 3 4 2 0 3 3 0 0
21110729 463 7 1 2 3 3 3 1 3 1 0 1 1 0 0 0 0 2 1 4 3 0 2 0 2 3 5 3 4 6 2 0 12 3 0 1
21110730 494 5 3 2 1 2 1 1 0 3 1 0 0 0 0 2 2 1 2 2 4 12 0 1 1 3 0 4 4 2 0 0 7 1
21110731 554 10 1 1 2 1 2 1 3 3 3 2 1 0 2 1 0 0 0 0 4 3 3 3 1 3 0 2 3 7 0 4 6 12 0 4 4 4 3
21110732 552 9 3 1 3 1 2 2 2 3 3 1 0 2 1 0 0 0 0 2 3 4 0 2 4 1 1 5 6 7 1 3 9 3 0 3 5 12
21110733 550 1 1 1 0 1 1 0 0 0 0 1 0 0 2 4 3 12 0 2 5 4 1 2 4 3 3 0 6 0
21110734 492 6 3 1 2 2 3 1 1 0 2 1 0 0 0 0 2 2 2 6 12 1 3 2 5 4 0 3 1 3 0 1 0 2 0
21110735 556 8 3 3 1 1 3 2 1 3 1 0 1 1 0 0 0 0 3 1 4 3 5 3 0 5 3 0 0 12 3 0 0 0 2 2 2
21110736 597 11 3 3 2 2 1 1 2 3 2 3 1 1 0 1 1 0 0 0 0 3 4 4 0 0 1 0 2 1 0 0 3 2 5 3 5 5 12 4
21110737 556 1 2 1 0 1 1 0 0 0 0 0 1 0 0 0 0 1 0 0 3 4 0 1 6 5 2 2 12 4
21110738 590 11 2 3 3 1 3 2 1 1 1 2 2 1 0 3 1 0 0 0 0 4 4 3 0 3 7 12 0 2 3 2 1 5 3 3 0 0 1 0
21110739 550 1 3 1 0 3 1 0 0 0 0 0 0 1 3 2 0 1 3 5 1 0 4 5 12 0 0 2 0 0
21110740 489 8 3 2 2 2 2 1 1 3 1 0 1 1 0 0 0 0 2 4 2 0 0 0 7 12 7 5 4 3 3 5 5 1 3 4 3
21110741 565 4 2 2 2 1 1 0 1 1 0 0 0 0 1 3 0 0 0 0 3 0 1 2 12 0 6 1 5 3 0 4 4
21110742 546 11 1 3 2 2 1 3 2 1 3 3 1 1 0 2 1 0 0 0 0 4 3 4 0 4 3 12 0 3 6 3 0 1 2 1 2 3 0 0
21110743 577 3 3 2 3 1 0 1 1 0 0 0 0 0 1 2 0 1 7 12 2 3 4 5 3 4 2 3 1 0 0 0
21110744 550 6 3 1 2 1 1 1 1 0 2 1 0 0 0 0 4 1 1 3 2 3 0 1 7 0 0 5 3 12 0 2 2 4 3
21110745 504 2 3 2 1 0 3 1 0 0 0 0 0 1 1 1 0 1 2 0 3 4 1 0 2 3 4 0 3 6 12
21110746 528 0 1 0 3 1 0 0 0 0 0 0 0 0 3 0 3 2 5 12 0 0 3 5 4 1 1 2 4
21110747 455 6 1 3 3 2 3 2 1 0 1 1 0 0 0 0 1 2 3 3 0 2 0 0 5 5 1 0 3 6 2 0 3 12 1
21110749 457 5 3 2 2 1 1 1 0 1 1 0 0 0 0 2 2 1 3 12 6 3 1 3 3 2 1 0 2 3 0 0 2 3
21110752 617 1 3 1 0 1 1 0 0 0 0 0 0 1 2 0 12 4 3 7 5 3 0 3 4 1 0 0 0 2
21110753 461 11 2 2 1 3 3 1 1 2 1 3 2 1 0 3 1 0 0 0 0 4 4 3 3 3 4 2 5 4 3 1 12 1 1 2 2 0 0 0
21110754 497 10 3 3 1 2 3 1 2 1 2 3 1 0 1 1 0 0 0 0 3 3 4 0 2 0 0 0 3 4 0 3 4 3 0 4 7 12 3
21110755 547 4 3 1 2 2 1 0 1 1 0 0 0 0 1 2 1 4 4 6 3 0 12 3 0 2 3 4 2 0 1 1 0
21110756 559 1 3 1 0 1 1 0 0 0 0 0 0 1 1 1 3 2 0 12 2 0 2 3 5 0 0 3 3 0
21110757 530 9 2 2 3 1 2 3 3 3 1 3 1 7 0.33333333333333331 8 0.33333333333333331 9 0.33333333333333331 2 3 4 0 0 1 3 0 1 4 2 2 0 4 5 0 1 5 12
21110758 548 10 2 1 1 2 3 1 3 2 2 1 1 0 3 1 0 0 0 0 4 4 2 12 1 3 3 5 3 2 0 5 1 0 0 2 0 0 0
21110759 477 2 3 3 1 0 2 1 0 0 0 0 0 0 2 12 6 5 3 8 5 3 0 1 3 3 0 2 1 0 0
21110760 568 8 1 2 2 1 2 1 3 3 1 0 1 1 0 0 0 0 3 3 2 3 5 6 6 3 5 12 0 3 4 2 0 0 0 3 0
21110761 586 1 2 1 0 3 1 0 0 0 0 0 1 0 12 3 1 3 6 3 4 2 5 3 3 0 1 0 0 0
21110762 512 3 2 3 3 1 0 1 1 0 0 0 0 0 1 2 12 4 3 0 6 1 6 0 8 3 2 0 3 0 0 3
21110764 571 6 1 1 3 2 2 2 3 1 6 0.33333333333333331 7 0.33333333333333331 8 0.33333333333333331 2 3 1 0 0 0 3 0 1 5 3 0 5 2 2 7 12 1 1
21110765 496 1 1 1 0 2 1 0 0 0 0 1 0 0 0 6 7 0 3 4 12 5 3 5 4 3 0 2 1 3
21110767 553 2 3 2 1 0 3 1 0 0 0 0 0 1 1 4 2 1 0 4 3 6 1 2 12 1 0 1 0 3 2
21110768 569 9 3 3 1 2 3 3 1 1 1 1 0 2 1 0 0 0 0 4 1 4 12 3 0 2 6 3 4 1 2 3 3 0 2 3 0 0
21110769 600 11 3 3 2 2 1 1 1 3 1 3 2 1 0 2 1 0 0 0 0 4 3 4 0 0 3 0 2 4 2 1 1 3 4 3 0 3 6 12
21110770 518 8 2 3 2 3 1 1 1 2 1 0 3 1 0 0 0 0 3 3 2 12 3 5 1 5 7 2 0 0 4 0 0 0 0 4 0
21110771 553 5 3 2 2 2 3 1 0 3 1 0 0 0 0 0 3 2 0 0 0 2 1 1 7 12 1 1 4 7 0 1 6 2
21110772 550 11 3 1 3 3 2 1 2 1 1 2 2 1 0 3 1 0 0 0 0 4 4 3 0 3 1 2 0 12 4 3 3 4 5 3 1 0 2 0
21110773 502 4 1 3 1 2 1 0 2 1 0 0 0 0 2 1 1 3 1 12 0 3 1 4 0 4 6 3 2 2 4 0 0
21110775 621 7 1 2 3 3 2 3 1 1 0 1 1 0 0 0 0 2 2 3 0 3 0 10 2 0 3 12 4 3 4 5 0 3 3 3
21110776 560 6 1 3 3 3 2 3 1 0 2 1 0 0 0 0 1 1 4 12 4 4 2 2 7 3 1 1 5 1 1 3 2 3 0
21110777 546 4 3 2 3 3 1 0 3 1 0 0 0 0 0 1 3 1 4 0 0 2 5 0 2 1 3 12 1 0 2 1 3
21110778 571 3 3 2 3 1 0 2 1 0 0 0 0 0 1 2 0 12 7 7 3 3 3 1 0 1 5 2 0 0 0 1
21110779 581 6 3 2 1 1 2 3 1 0 2 1 0 0 0 0 2 2 2 0 4 2 0 12 3 3 1 5 4 0 0 4 1 0 0
21110780 512 10 1 2 3 1 3 1 3 2 1 3 1 0 2 1 0 0 0 0 4 2 4 0 2 1 0 0 0 4 4 0 3 5 6 2 4 4 12
21110781 553 4 1 2 3 1 1 0 1 1 0 0 0 0 2 1 1 12 4 4 0 3 7 5 2 3 4 3 0 0 0 2 3
21110782 500 9 2 3 3 1 3 2 2 2 1 1 0 1 1 0 0 0 0 2 4 3 0 3 0 0 0 5 5 0 6 4 3 0 0 12 3 1
21110783 535 8 2 3 1 3 2 2 1 3 3 1 4 0.33333333333333331 5 0.33333333333333331 6 0.33333333333333331 2 3 3 12 4 2 1 7 1 3 0 3 2 4 0 0 0 0 1
21110784 489 1 3 1 0 1 1 0 0 0 0 0 0 1 12 8 4 0 3 3 4 2 3 1 0 0 0 0 2 0
21110785 512 5 3 3 2 1 3 1 0 2 1 0 0 0 0 1 1 3 12 4 1 3 7 4 0 0 3 5 1 0 0 2 0 0
21110786 568 10 2 3 1 2 1 1 1 3 3 3 1 0 2 1 0 0 0 0 4 2 4 0 0 0 8 0 4 6 3 2 3 4 3 0 3 5 12
21110787 568 11 1 3 2 2 2 3 2 3 1 1 1 1 0 3 1 0 0 0 0 4 4 3 0 0 0 1 1 3 3 6 0 2 2 7 0 4 5 12
21110788 625 10 1 3 2 2 1 2 2 3 3 1 1 0 1 1 0 0 0 0 3 4 3 12 2 3 0 1 4 5 2 4 5 7 3 4 1 0 3
21110789 536 10 3 1 2 1 2 2 3 3 1 2 1 0 3 1 0 0 0 0 3 4 3 0 3 8 12 0 5 7 3 1 0 4 3 0 1 2 0
21110790 555 5 1 3 1 3 1 1 0 2 1 0 0 0 0 3 0 2 3 2 0 0 0 2 3 1 0 0 7 3 0 3 2 12
21110791 563 0 1 0 3 1 0 0 0 0 0 0 0 1 0 2 2 3 4 4 0 7 5 4 1 12 7 5 0
21110792 576 11 1 2 3 2 1 3 3 2 3 1 1 1 0 2 1 0 0 0 0 4 3 4 2 0 0 0 0 2 1 3 3 12 4 3 0 3 6 1
21110793 555 7 1 2 3 1 3 2 1 1 0 1 1 0 0 0 0 3 2 2 3 0 2 3 3 1 2 6 0 3 3 12 6 0 2 0
21110794 587 3 2 1 2 1 0 2 1 0 0 0 0 1 2 0 3 1 1 4 2 1 5 3 0 12 4 3 0 0 3 0
21110795 506 2 1 3 1 0 2 1 0 0 0 0 1 0 1 3 0 0 1 0 0 2 12 3 2 4 6 0 0 1 5
21110796 602 2 1 3 1 0 2 1 0 0 0 0 1 0 1 0 1 2 12 0 3 6 8 1 4 5 1 2 0 0 2
21110797 596 2 1 3 1 0 1 1 0 0 0 0 1 0 1 0 2 0 0 1 2 12 2 1 4 7 3 3 4 3 2
21110798 525 10 1 1 3 3 3 2 2 1 1 3 1 0 2 1 0 0 0 0 4 2 4 12 6 5 3 4 5 3 2 3 1 0 0 2 0 0 0
21110799 606 10 2 2 1 1 3 3 3 1 1 2 1 0 2 1 0 0 0 0 4 3 3 0 2 0 3 5 3 3 0 8 4 4 3 12 1 3 3
21110800 524 4 3 2 1 2 1 0 2 1 0 0 0 0 1 2 1 1 0 0 0 4 2 0 0 5 5 7 1 12 3 1 0
21110801 589 11 1 3 3 3 2 3 2 2 1 2 1 1 0 1 1 0 0 0 0 3 4 4 2 8 4 12 2 6 7 0 1 3 4 5 0 0 3 1
21110802 646 0 1 0 2 1 0 0 0 0 0 0 0 0 4 3 3 4 12 3 0 4 2 4 1 3 1 0 0
21110803 550 6 2 3 3 1 2 2 1 0 1 1 0 0 0 0 1 3 2 1 5 7 12 0 3 5 3 2 0 1 3 0 0 3 0
21110804 570 8 3 2 1 1 2 3 3 1 1 0 1 1 0 0 0 0 3 2 3 2 2 0 2 5 3 3 0 5 6 5 1 12 7 5 0
21110805 525 4 1 2 3 1 1 0 1 1 0 0 0 0 2 1 1 3 1 12 0 2 4 1 0 2 3 5 3 3 2 0 2
21110806 516 6 2 2 3 1 1 3 1 0 1 1 0 0 0 0 2 2 2 2 0 4 0 3 1 2 3 2 4 12 0 3 1 4 0
21110807 597 7 3 1 3 3 2 1 1 1 0 2 1 0 0 0 0 3 1 3 1 3 7 8 0 12 5 0 2 5 4 0 2 0 0 0
21110808 599 6 2 3 1 1 3 2 1 0 1 1 0 0 0 0 2 2 2 0 3 3 0 0 4 5 2 0 12 4 4 2 1 6 4
21110809 601 10 2 3 3 2 3 2 2 3 1 1 1 0 1 1 0 0 0 0 2 4 4 3 0 0 1 6 2 0 0 2 6 4 1 3 12 1 0
21110810 499 10 2 2 3 3 1 3 1 1 2 1 1 0 3 1 0 0 0 0 4 3 3 12 3 2 2 5 4 3 0 4 1 1 0 0 2 0 0
21110811 552 11 2 2 1 1 3 2 3 1 2 1 3 1 0 3 1 0 0 0 0 4 4 3 12 3 4 4 3 5 1 2 3 2 3 0 0 0 0 1
21110812 591 0 1 0 2 1 0 0 0 0 0 0 0 2 3 1 3 1 3 2 4 7 3 3 0 12 1 4 0
21110813 404 6 2 3 2 1 1 3 1 0 2 1 0 0 0 0 2 2 2 12 1 0 1 3 6 3 0 4 3 0 0 0 2 3 0
21110814 498 6 3 2 1 2 1 3 1 0 2 1 0 0 0 0 2 2 2 3 0 3 5 3 6 4 0 12 7 5 0 3 4 3 1
21110815 631 2 1 3 3 1 6 0.33333333333333331 7 0.33333333333333331 8 0.33333333333333331 1 0 1 0 3 1 1 0 2 2 5 0 3 3 3 2 12 5 4
21110816 490 7 1 1 1 1 3 3 3 1 0 2 1 0 0 0 0 4 0 3 3 3 0 0 4 5 2 0 7 6 2 2 12 5 3 0
21110817 484 8 2 1 3 3 2 1 2 3 1 0 1 1 0 0 0 0 2 3 3 0 3 12 3 1 2 5 3 0 4 0 3 0 5 3 0
21110818 557 9 1 2 1 2 3 1 2 1 3 1 0 2 1 0 0 0 0 4 3 2 3 0 0 7 0 2 12 5 1 3 1 2 0 1 3 2
21110819 536 7 1 1 1 3 2 2 2 1 0 3 1 0 0 0 0 3 3 1 1 12 6 4 4 7 5 1 4 3 3 3 2 0 2 0
21110820 559 3 3 1 2 1 0 2 1 0 0 0 0 1 1 1 4 12 3 0 4 4 0 0 4 5 3 0 6 3 0 1
21110821 522 9 2 1 3 2 3 3 2 3 1 1 0 1 1 0 0 0 0 2 3 4 12 5 2 1 3 5 4 0 1 6 3 0 3 2 0 0
21110822 452 10 1 3 1 3 2 2 1 3 1 2 1 0 3 1 0 0 0 0 4 3 3 12 7 3 0 1 0 4 0 3 2 0 3 2 0 0 0
21110823 543 9 1 3 2 2 1 1 2 3 3 1 0 2 1 0 0 0 0 3 3 3 0 0 1 0 2 4 5 5 0 0 7 6 3 1 12 3
21110824 566 10 1 1 2 3 1 2 3 3 2 3 1 0 2 1 0 0 0 0 3 3 4 1 3 0 0 3 4 3 0 12 7 1 0 4 3 3 2
21110825 545 5 2 1 2 3 3 1 0 1 1 0 0 0 0 1 2 2 3 4 7 12 0 0 5 4 0 0 1 4 0 0 2 0
21110826 540 4 3 2 2 1 1 0 2 1 0 0 0 0 1 2 1 12 1 3 0 3 8 1 1 4 2 3 0 3 2 0 1
21110827 598 4 1 1 2 2 1 0 1 1 0 0 0 0 2 2 0 4 12 5 4 0 5 3 4 0 3 2 0 0 0 0 3
21110828 584 3 3 2 2 1 0 3 1 0 0 0 0 0 2 1 2 0 12 4 0 1 5 2 0 1 5 1 0 0 7 1
21110829 604 3 3 1 2 1 0 2 1 0 0 0 0 1 1 1 0 3 5 12 1 3 4 7 0 0 4 3 0 3 1 2
21110830 605 1 1 1 0 3 1 0 0 0 0 1 0 0 0 12 5 8 0 2 5 5 3 4 4 1 0 0 0 2
21110831 450 2 2 1 1 0 3 1 0 0 0 0 1 1 0 0 6 0 2 0 3 3 7 0 5 5 5 2 1 1 12
21110832 552 0 1 0 3 1 0 0 0 0 0 0 0 4 0 0 0 3 6 2 1 3 3 0 0 12 7 3 0
21110833 500 4 2 3 3 2 1 0 3 1 0 0 0 0 0 2 2 12 3 0 0 3 6 3 1 4 2 3 0 0 1 0 1
21110834 556 6 3 1 2 2 1 1 1 0 2 1 0 0 0 0 3 2 1 3 4 3 1 2 3 4 12 0 6 5 4 0 2 1 3
21110835 570 5 3 1 1 2 3 1 0 2 1 0 0 0 0 2 1 2 0 0 3 2 1 0 2 0 1 4 5 4 2 12 1 0
21110836 583 4 1 3 3 3 1 0 2 1 0 0 0 0 1 0 3 2 0 0 0 0 1 1 3 2 6 4 0 12 4 3 0
21110839 549 11 2 3 2 1 1 1 2 2 3 3 3 1 0 1 1 0 0 0 0 3 4 4 0 0 0 6 2 2 4 5 0 0 1 5 0 1 5 12
21110840 442 8 2 1 2 3 1 3 1 2 1 0 3 1 0 0 0 0 3 3 2 0 0 1 0 0 0 2 5 2 3 1 6 4 5 12 3
21110841 561 0 1 0 1 1 0 0 0 0 0 0 0 0 3 2 3 3 1 2 0 1 3 6 3 2 4 12 0
21110842 614 11 3 1 3 2 3 2 1 1 3 2 2 1 0 1 1 0 0 0 0 3 4 4 1 5 5 12 2 3 2 9 0 0 1 6 0 0 0 3
21110843 515 8 2 2 1 1 2 1 3 2 1 0 3 1 0 0 0 0 3 4 1 3 4 12 1 3 5 6 4 6 2 4 1 3 1 3 2
21110844 502 5 1 2 3 3 2 1 0 1 1 0 0 0 0 1 2 2 2 3 3 12 0 6 6 6 1 1 2 3 0 4 3 0
21110845 533 10 1 3 1 3 2 3 1 1 3 2 3 1 5 0.33333333333333331 6 0.33333333333333331 7 0.33333333333333331 4 2 4 0 3 1 2 1 6 5 12 2 3 2 4 0 0 0 2
21110846 609 10 2 3 1 3 3 1 1 2 1 3 1 0 2 1 0 0 0 0 4 2 4 0 0 0 3 2 2 2 4 0 0 1 7 0 1 3 12
21110847 564 1 3 1 0 1 1 0 0 0 0 0 0 1 1 12 3 0 2 5 7 5 3 3 3 0 3 3 2 3
21110848 630 4 2 3 3 2 1 0 2 1 0 0 0 0 0 2 2 1 2 1 1 0 5 3 3 0 2 6 12 0 3 1 1
21110849 551 6 3 2 2 2 2 3 1 0 1 1 0 0 0 0 0 4 2 12 6 4 1 3 3 5 3 0 1 3 0 1 0 0 0
21110850 563 4 3 1 1 1 1 0 2 1 0 0 0 0 3 0 1 0 2 0 6 2 4 4 3 5 7 5 0 12 8 3 0
21110851 557 1 2 1 0 3 1 0 0 0 0 0 1 0 3 2 1 0 0 1 4 3 0 3 5 5 0 12 7 6
21110852 503 6 2 3 3 3 3 1 1 0 2 1 0 0 0 0 1 1 4 0 5 2 0 0 4 3 0 2 3 12 1 1 3 1 3
21110854 492 5 1 1 1 2 2 1 0 1 1 0 0 0 0 3 2 0 12 3 2 3 7 3 2 0 6 1 3 0 3 0 2 0
21110855 409 2 1 2 1 0 1 1 0 0 0 0 1 1 0 4 2 12 3 1 2 7 6 3 3 3 5 1 2 0 0
21110856 490 6 2 2 2 1 3 3 3 1 4 0.33333333333333331 5 0.33333333333333331 6 0.33333333333333331 1 3 2 12 2 4 1 8 1 0 0 5 4 0 0 0 1 0 0
21110857 579 0 1 0 1 1 0 0 0 0 0 0 0 5 7 12 2 4 4 4 0 4 0 2 0 1 0 0 0
21110858 543 11 3 2 1 3 3 2 2 3 1 2 1 1 0 1 1 0 0 0 0 3 4 4 3 3 2 1 2 3 4 3 12 3 5 1 0 3 0 0
21110859 516 3 3 2 2 1 0 3 1 0 0 0 0 0 2 1 4 2 5 12 0 6 4 1 0 5 5 1 0 1 1 2
21110860 486 1 1 1 0 3 1 0 0 0 0 1 0 0 0 12 7 6 2 3 4 3 5 3 5 3 0 0 3 3
21110861 538 7 1 3 2 3 1 1 2 1 0 2 1 0 0 0 0 3 2 2 4 1 7 2 2 4 5 1 0 6 12 3 7 8 5 4
21110862 512 2 2 2 1 0 1 1 0 0 0 0 0 2 0 2 12 3 3 1 3 4 4 3 0 6 5 1 0 0 3
21110863 518 2 1 1 1 0 1 1 0 0 0 0 2 0 0 0 3 2 0 2 3 5 3 0 3 2 3 0 12 6 4
21110864 511 4 2 3 1 1 1 0 2 1 0 0 0 0 2 1 1 3 0 0 0 3 3 1 3 4 6 2 0 12 4 5 0
21110865 621 2 1 1 1 0 1 1 0 0 0 0 2 0 0 0 2 6 3 0 7 2 2 3 5 5 2 3 1 3 12
21110866 508 2 3 2 1 0 3 1 0 0 0 0 0 1 1 0 0 1 2 0 0 4 4 0 5 7 4 5 4 1 12
21110867 575 5 3 2 3 1 1 1 0 3 1 0 0 0 0 2 1 2 2 1 0 0 0 0 2 3 0 1 5 4 0 2 12 4
21110868 546 1 2 1 0 1 1 0 0 0 0 0 1 0 0 2 9 12 0 6 3 5 4 3 4 3 1 0 1 2
21110869 474 1 1 1 0 2 1 0 0 0 0 1 0 0 4 12 3 4 1 1 5 3 0 0 4 2 0 0 3 2
21110870 508 8 2 1 3 2 2 1 3 2 1 0 1 1 0 0 0 0 2 4 2 3 0 1 2 1 4 6 3 0 3 4 12 0 0 0 6
21110871 587 5 1 3 3 3 3 1 0 1 1 0 0 0 0 1 0 4 0 2 0 1 3 4 0 2 3 7 3 0 12 2 6 4
21110872 566 2 3 2 1 0 3 1 0 0 0 0 0 1 1 2 3 0 0 7 1 1 3 3 6 2 0 12 3 3 1
21110873 515 4 3 1 2 1 1 0 3 1 0 0 0 0 2 1 1 0 12 4 1 7 6 5 4 6 4 6 1 2 0 2 2
21110874 536 7 1 2 2 2 3 2 3 1 0 1 1 0 0 0 0 1 4 2 0 3 0 0 0 1 0 3 0 4 3 5 3 12 5 1
21110875 547 10 1 1 2 1 2 3 3 2 2 1 1 0 3 1 0 0 0 0 4 4 2 3 0 1 12 0 3 4 5 0 2 5 4 0 0 3 3
21110876 586 7 1 2 3 1 1 2 2 3 1 7 0.33333333333333331 8 0.33333333333333331 9 0.33333333333333331 3 3 1 1 2 3 12 4 3 6 3 0 1 3 3 0 0 2 3
21110877 552 3 3 2 1 1 0 2 1 0 0 0 0 1 1 1 1 0 0 0 5 0 0 1 7 5 3 2 12 4 3 0
21110878 545 7 2 2 3 1 3 2 1 3 1 7 0.33333333333333331 8 0.33333333333333331 9 0.33333333333333331 2 3 2 1 6 3 12 4 5 5 6 0 3 2 4 0 0 1 0
21110879 540 5 2 2 2 1 1 1 0 3 1 0 0 0 0 2 3 0 0 3 4 12 1 5 3 3 3 1 4 3 0 0 2 0
21110880 590 1 2 1 0 3 1 0 0 0 0 0 1 0 1 3 4 12 0 5 3 4 2 4 3 4 0 1 0 0
21110881 643 8 1 3 2 3 1 2 3 2 1 0 1 1 0 0 0 0 2 3 3 12 6 0 2 8 5 4 1 5 4 3 0 3 0 3 0
21110882 568 7 2 2 3 1 2 1 3 1 0 3 1 0 0 0 0 2 3 2 0 1 0 0 0 4 3 4 0 2 5 4 1 12 8 6
21110883 550 7 2 3 1 1 2 1 3 1 0 3 1 0 0 0 0 3 2 2 0 2 0 3 0 5 1 2 0 3 3 3 3 12 7 5
21110884 545 7 3 1 3 3 2 2 1 1 0 1 1 0 0 0 0 2 2 3 0 5 0 0 1 3 6 4 0 2 3 3 0 12 4 2
21110885 508 3 3 2 1 1 0 1 1 0 0 0 0 1 1 1 3 0 0 0 3 4 3 2 5 6 3 0 12 2 1 0
21110886 535 10 3 2 3 2 1 1 2 3 3 1 1 0 1 1 0 0 0 0 3 3 4 12 8 5 1 1 8 4 3 2 3 2 0 2 0 0 0
21110887 546 7 1 2 3 1 3 2 1 1 0 3 1 0 0 0 0 3 2 2 0 0 2 0 0 0 3 1 3 5 5 0 12 5 3 2
21110888 519 2 1 2 1 0 1 1 0 0 0 0 1 1 0 2 4 3 3 3 4 5 9 0 3 12 4 0 0 3 3
21110889 535 4 3 2 2 1 1 0 1 1 0 0 0 0 1 2 1 3 1 4 12 4 3 2 1 2 3 3 0 0 3 0 0
21110890 542 10 3 3 2 1 3 3 2 1 1 1 1 0 2 1 0 0 0 0 4 2 4 2 4 0 0 1 2 0 0 5 6 5 1 12 7 4 2
21110891 478 4 1 2 2 3 1 0 1 1 0 0 0 0 1 2 1 2 0 1 1 2 0 3 0 4 6 3 0 12 8 3 0
21110892 492 1 2 1 0 1 1 0 0 0 0 0 1 0 3 2 3 0 2 4 1 0 3 3 1 0 1 4 12 2
21110893 483 6 2 2 1 2 1 3 1 0 1 1 0 0 0 0 2 3 1 3 2 0 0 2 5 3 0 1 7 3 1 4 12 0 3
21110894 525 4 3 3 2 1 1 0 3 1 0 0 0 0 1 1 2 0 0 3 5 0 1 3 6 2 0 3 12 0 0 5 0
21110895 508 2 1 3 3 1 4 0.33333333333333331 5 0.33333333333333331 6 0.33333333333333331 1 0 1 2 12 7 5 0 1 5 5 0 0 4 5 0 0 2 3
21110896 508 2 3 1 1 0 2 1 0 0 0 0 1 0 1 0 1 12 4 2 3 3 1 2 6 2 0 0 1 3 0
21110897 533 1 3 1 0 1 1 0 0 0 0 0 0 1 0 1 0 0 2 4 12 2 0 0 3 6 0 3 3 4
21110898 495 6 2 2 1 1 1 3 1 0 2 1 0 0 0 0 3 2 1 0 0 0 3 0 1 6 4 2 0 4 12 0 4 3 3
21110899 520 4 1 1 2 1 1 0 3 1 0 0 0 0 3 1 0 2 0 3 4 2 6 4 3 0 3 7 3 0 0 4 12
21110900 563 1 2 1 0 1 1 0 0 0 0 0 1 0 0 1 0 0 12 2 0 3 7 6 3 2 3 1 4 4
21110901 572 9 2 3 1 1 1 3 1 2 3 1 0 2 1 0 0 0 0 4 2 3 0 2 1 0 3 0 5 4 0 3 6 4 0 12 2 4
21110902 553 6 2 2 3 1 3 2 1 0 2 1 0 0 0 0 1 3 2 0 0 1 0 0 3 2 1 1 5 3 3 1 6 6 12
21110903 638 10 2 3 1 2 3 1 2 3 2 1 1 0 1 1 0 0 0 0 3 4 3 3 0 0 0 12 4 3 1 5 5 6 0 2 4 0 0
21110904 582 11 3 1 2 2 2 2 1 3 3 1 1 1 0 3 1 0 0 0 0 4 4 3 12 7 5 2 5 5 4 0 8 3 0 0 0 1 0 0
21110905 551 1 3 1 0 2 1 0 0 0 0 0 0 1 1 1 5 12 0 3 3 4 2 6 1 3 0 0 3 2
21110906 642 6 2 3 1 1 3 3 1 0 1 1 0 0 0 0 2 1 3 2 0 0 0 2 4 0 0 2 4 1 2 1 6 12 0
21110907 614 3 2 3 2 1 0 3 1 0 0 0 0 0 2 1 0 1 5 12 2 8 4 8 1 1 4 8 0 0 0 3
21110908 582 7 3 1 2 2 1 2 3 1 0 1 1 0 0 0 0 2 3 2 1 3 2 1 0 3 4 6 0 0 7 12 0 0 2 3
21110909 590 9 2 1 3 3 2 2 2 1 3 1 0 1 1 0 0 0 0 2 4 3 3 0 0 0 2 4 2 0 1 4 5 1 12 7 6 1
21110910 563 3 3 1 3 1 0 2 1 0 0 0 0 1 0 2 12 3 1 2 4 7 0 0 1 2 3 0 0 2 0 1
21110911 500 11 3 3 2 1 3 1 1 2 3 2 1 3 1 4 0.33333333333333331 5 0.33333333333333331 6 0.33333333333333331 4 3 4 2 0 2 1 0 0 4 5 0 2 2 12 0 1 1 3
21110912 594 1 2 1 0 3 1 0 0 0 0 0 1 0 0 6 6 12 2 3 2 8 1 3 1 4 0 0 1 0
21110913 538 2 3 3 1 0 3 1 0 0 0 0 0 0 2 2 0 12 6 0 2 5 3 1 1 3 4 0 0 1 2
21110914 629 3 3 3 1 1 0 2 1 0 0 0 0 1 0 2 3 0 1 0 0 6 4 0 1 3 5 3 2 12 2 5
21110915 540 0 1 0 2 1 0 0 0 0 0 0 0 3 4 12 6 0 5 4 4 0 1 3 5 2 0 0 1
21110916 556 2 1 2 1 0 1 1 0 0 0 0 1 1 0 0 0 4 12 3 3 3 5 0 1 0 4 0 2 0 2
21110917 579 7 1 2 3 2 1 3 3 1 0 2 1 0 0 0 0 2 2 3 0 1 4 4 0 3 4 3 2 0 3 12 0 0 1 0
21110918 582 1 1 1 0 2 1 0 0 0 0 1 0 0 0 4 6 12 4 2 3 5 3 1 3 2 0 1 0 0
21110919 559 10 3 1 2 3 2 1 1 3 2 3 1 0 1 1 0 0 0 0 3 3 4 0 2 3 3 0 4 4 3 2 1 12 4 0 0 0 7
21110920 514 11 1 3 1 2 2 3 2 3 2 1 3 1 0 1 1 0 0 0 0 3 4 4 1 5 0 0 0 2 0 0 0 3 4 6 0 4 12 4
21110921 539 4 3 3 2 3 1 0 1 1 0 0 0 0 0 1 3 0 0 2 1 0 0 0 3 2 5 4 3 1 0 4 12
21110922 594 5 2 1 3 1 1 1 0 3 1 0 0 0 0 3 1 1 0 12 6 4 3 7 4 1 3 2 4 2 0 0 0 2
21110923 527 0 1 0 1 1 0 0 0 0 0 0 0 3 8 6 1 4 2 3 12 1 2 0 2 0 2 0 1
21110924 583 2 3 2 1 0 3 1 0 0 0 0 0 1 1 3 4 3 0 3 6 4 1 5 12 3 2 1 0 0 0
21110925 605 8 2 3 1 1 1 2 3 1 1 0 2 1 0 0 0 0 4 2 2 0 1 4 2 0 12 5 6 0 0 5 7 3 0 2 0
21110926 548 6 1 1 1 3 3 2 1 0 2 1 0 0 0 0 3 1 2 0 2 2 3 3 1 12 3 0 3 5 3 0 0 4 3
21110927 568 3 2 3 2 1 0 3 1 0 0 0 0 0 2 1 1 1 0 0 4 3 0 0 3 4 4 3 12 3 4 0
21110928 512 6 3 2 2 1 1 1 1 0 3 1 0 0 0 0 3 2 1 2 6 8 6 6 4 12 0 3 1 3 0 2 0 0 0
21110930 588 1 1 1 0 1 1 0 0 0 0 1 0 0 3 0 2 1 0 0 5 6 0 2 3 12 3 4 2 4
21110931 459 0 1 0 2 1 0 0 0 0 0 0 0 0 0 0 6 0 0 8 0 2 1 12 3 1 4 3 4
21110932 547 6 1 3 3 2 1 3 1 0 2 1 0 0 0 0 2 1 3 0 2 0 0 0 1 3 12 3 4 5 3 0 2 1 4
21110933 569 5 3 3 1 2 1 1 0 3 1 0 0 0 0 2 1 2 3 6 12 0 4 4 2 0 2 5 0 1 3 0 0 0
21110934 472 3 3 2 1 1 0 2 1 0 0 0 0 1 1 1 3 3 3 0 2 6 4 3 1 4 12 0 0 1 0 0
21110935 619 7 3 3 2 2 2 1 1 1 0 1 1 0 0 0 0 2 3 2 3 0 3 3 0 3 6 3 0 3 7 3 0 12 4 5
21110936 541 4 2 3 3 1 1 0 2 1 0 0 0 0 1 1 2 0 4 5 2 0 1 5 1 3 12 2 3 0 1 0 0
21110937 568 9 2 2 1 2 2 1 3 3 3 1 0 1 1 0 0 0 0 2 4 3 0 2 1 0 3 4 2 3 0 3 3 1 3 1 5 12
21110938 534 10 1 2 1 2 3 1 2 3 2 3 1 0 1 1 0 0 0 0 3 4 3 0 3 1 0 0 3 5 3 4 3 6 12 2 4 7 5
21110939 549 3 1 3 3 1 0 2 1 0 0 0 0 1 0 2 2 5 12 0 4 3 4 3 1 3 0 1 0 2 0 0
21110940 569 7 2 3 2 1 3 1 1 1 0 3 1 0 0 0 0 3 2 2 3 2 4 0 1 3 7 0 12 3 3 1 4 2 2 0
21110941 612 9 2 1 2 1 3 3 3 2 3 1 0 1 1 0 0 0 0 2 3 4 0 4 6 12 0 3 4 4 2 1 2 0 1 0 0 0
21110942 624 0 1 0 2 1 0 0 0 0 0 0 0 12 2 2 3 6 4 5 3 7 1 1 0 3 1 0 0
21110943 541 11 1 2 3 2 2 2 3 1 3 3 1 1 0 1 1 0 0 0 0 3 4 4 4 0 6 0 4 5 1 0 7 4 2 3 12 4 4 0
21110944 642 4 2 1 1 1 1 0 3 1 0 0 0 0 3 1 0 2 6 4 3 12 5 2 3 3 1 4 0 0 0 2 0
21110945 545 0 1 0 2 1 0 0 0 0 0 0 0 1 5 2 3 6 5 1 3 12 3 0 3 3 1 2 0
21110946 542 10 3 1 1 3 1 2 2 2 1 3 1 0 3 1 0 0 0 0 4 3 3 0 1 0 0 2 1 2 3 2 3 4 3 0 4 3 12
21110947 523 2 1 2 1 0 3 1 0 0 0 0 1 1 0 1 2 0 2 6 0 0 0 12 3 0 0 5 6 1 3
21110948 576 3 3 3 2 1 0 3 1 0 0 0 0 0 1 2 0 2 3 1 3 5 5 5 1 7 1 12 0 0 0 2
21110949 532 2 3 1 1 0 3 1 0 0 0 0 1 0 1 0 7 0 0 6 4 2 1 8 4 0 0 12 4 2 0
21110950 539 1 1 1 0 1 1 0 0 0 0 1 0 0 0 3 4 3 2 0 5 7 2 3 4 8 0 1 2 12
21110951 426 2 1 3 1 0 2 1 0 0 0 0 1 0 1 12 8 4 3 6 4 3 0 3 3 1 0 3 2 0 0
21110952 553 10 1 2 3 1 2 3 1 1 2 3 1 0 2 1 0 0 0 0 4 3 3 0 3 0 0 3 1 4 12 0 2 5 3 0 0 3 4
21110953 481 0 1 0 1 1 0 0 0 0 0 0 0 12 6 6 4 3 4 1 2 2 5 3 4 0 3 3 0
21110954 501 11 1 2 1 3 2 3 1 2 2 3 1 1 0 3 1 0 0 0 0 4 4 3 12 3 1 3 8 3 1 0 2 7 3 2 0 5 0 0
21110955 532 11 3 1 1 3 3 2 2 1 3 1 2 1 0 2 1 0 0 0 0 4 3 4 0 0 1 3 0 3 3 0 4 6 4 0 2 12 5 0
21110956 540 5 2 2 1 1 3 1 0 3 1 0 0 0 0 2 2 1 2 3 0 0 0 12 3 1 0 3 5 3 0 2 1 4
21110957 585 3 2 3 2 1 0 3 1 0 0 0 0 0 2 1 0 3 5 12 2 1 8 4 0 0 1 3 0 0 3 1
21110958 517 0 1 0 1 1 0 0 0 0 0 0 0 0 0 3 0 3 2 0 0 3 5 1 0 12 4 2 3
21110959 520 3 1 3 3 1 0 2 1 0 0 0 0 1 0 2 0 1 0 0 0 3 3 3 2 3 5 5 3 1 2 12
21110960 506 5 2 1 3 3 1 3 1 5 0.33333333333333331 6 0.33333333333333331 7 0.33333333333333331 2 1 2 6 12 7 2 0 4 6 5 0 2 1 2 0 0 1 0
21110961 557 1 1 1 0 3 1 0 0 0 0 1 0 0 0 1 2 0 12 6 2 0 6 6 3 4 4 2 1 3
21110962 549 11 1 2 1 3 2 3 1 1 2 3 2 1 0 3 1 0 0 0 0 4 4 3 12 4 3 0 6 5 6 0 4 4 3 3 0 1 2 0
21110963 536 5 1 2 3 1 2 1 0 1 1 0 0 0 0 2 2 1 3 12 4 1 4 4 4 0 4 2 0 0 0 2 0 0
21110964 525 7 2 3 2 1 1 1 3 1 0 2 1 0 0 0 0 3 2 2 0 2 0 0 3 4 1 3 3 7 3 0 12 3 4 3
21110965 533 9 1 2 2 3 3 3 1 1 3 1 0 1 1 0 0 0 0 3 2 4 0 2 0 0 0 1 2 12 2 0 4 5 3 4 3 3
21110966 525 4 3 3 1 2 1 0 3 1 0 0 0 0 1 1 2 0 0 3 3 0 0 4 5 1 2 1 4 0 2 5 12
21110967 584 4 1 3 3 1 3 1 4 0.33333333333333331 5 0.33333333333333331 6 0.33333333333333331 2 0 2 4 3 0 0 3 5 4 2 12 3 0 2 8 3 4 0
21110968 546 3 3 1 2 1 0 1 1 0 0 0 0 1 1 1 3 12 2 4 0 4 3 3 0 3 1 0 0 0 0 2
21110969 551 8 1 1 2 2 3 3 2 1 1 0 2 1 0 0 0 0 3 3 2 0 3 5 0 0 4 3 3 0 5 4 12 3 3 3 1
21110970 570 10 1 1 3 2 3 2 1 3 2 3 1 0 2 1 0 0 0 0 3 3 4 0 3 1 0 3 5 0 3 12 6 1 2 3 7 3 4
21110971 551 4 3 3 2 3 1 0 2 1 0 0 0 0 0 1 3 1 2 1 0 3 4 4 1 12 7 5 0 4 4 3 0
21110972 512 1 2 1 0 3 1 0 0 0 0 0 1 0 0 0 3 3 0 4 6 5 1 6 5 3 3 3 3 12
21110973 494 9 3 3 1 1 3 1 3 2 2 1 0 1 1 0 0 0 0 3 2 4 0 2 1 0 0 0 4 2 2 0 5 4 3 12 7 4
21110974 543 9 1 3 3 2 3 1 2 1 3 1 0 2 1 0 0 0 0 3 2 4 2 0 0 0 3 2 4 5 1 2 3 1 1 12 5 0
21110975 564 11 3 1 2 2 1 1 1 3 2 3 3 1 0 2 1 0 0 0 0 4 3 4 4 3 12 1 3 5 5 0 0 4 2 0 0 3 0 0
21110976 500 7 3 2 1 3 3 3 1 1 0 2 1 0 0 0 0 2 1 4 3 1 0 0 4 2 4 2 1 12 1 0 3 0 3 2
21110977 589 7 1 2 3 3 2 1 3 1 0 1 1 0 0 0 0 2 2 3 0 1 0 0 2 4 3 0 6 5 7 3 12 8 3 2
21110978 571 7 1 2 1 2 3 1 3 1 0 1 1 0 0 0 0 3 2 2 12 5 4 0 3 3 4 2 4 0 3 2 0 0 0 3
21110979 543 4 1 2 1 2 1 0 1 1 0 0 0 0 2 2 0 0 3 2 0 0 1 3 2 3 3 2 3 1 5 5 12
21110980 506 2 3 3 1 0 2 1 0 0 0 0 0 0 2 2 0 0 0 4 1 3 1 3 6 3 1 12 7 4 2
21110981 586 2 1 2 1 0 3 1 0 0 0 0 1 1 0 0 0 3 0 1 4 5 2 1 2 1 4 0 2 6 12
21110982 551 1 3 1 0 2 1 0 0 0 0 0 0 1 0 5 4 4 0 5 5 12 1 1 2 0 0 0 0 3
21110983 576 4 1 2 3 3 1 0 1 1 0 0 0 0 1 1 2 2 2 3 0 0 3 4 3 0 3 6 8 0 1 3 12
21110984 556 10 3 1 2 3 1 2 2 3 1 3 1 0 1 1 0 0 0 0 3 3 4 0 2 0 0 3 0 3 0 3 3 5 1 12 7 3 2
21110985 559 8 3 2 3 1 1 2 3 1 1 0 2 1 0 0 0 0 3 2 3 0 3 3 1 2 1 4 6 3 2 7 6 0 0 3 12
21110986 568 1 2 1 0 1 1 0 0 0 0 0 1 0 1 0 0 0 3 7 4 2 2 3 4 1 12 5 3 0
21110987 531 2 2 1 1 0 3 1 0 0 0 0 1 1 0 12 5 1 3 5 3 0 0 6 3 2 0 0 6 0 0
21110988 463 5 1 2 3 3 2 1 0 1 1 0 0 0 0 1 2 2 12 5 3 0 7 3 4 2 2 1 3 1 3 0 0 0
21110990 603 5 1 3 2 3 1 1 0 3 1 0 0 0 0 2 1 2 0 0 0 2 0 0 0 3 2 1 6 3 0 4 7 12
21110991 571 3 1 2 3 1 0 3 1 0 0 0 0 1 1 1 1 0 2 3 3 6 3 2 3 5 4 1 12 6 3 0
21110992 552 0 1 0 2 1 0 0 0 0 0 0 0 2 3 1 0 12 1 3 1 3 5 5 2 0 3 3 0
21110993 478 0 1 0 2 1 0 0 0 0 0 0 0 1 3 4 1 3 5 4 6 12 2 3 0 0 0 0 3
21110994 553 3 3 2 2 1 0 1 1 0 0 0 0 0 2 1 0 7 6 12 3 4 6 3 0 1 7 1 0 0 0 2
21110995 542 7 3 1 2 1 1 2 3 1 0 2 1 0 0 0 0 3 2 2 0 0 2 3 0 6 0 5 2 1 4 8 0 1 4 12
21110996 577 8 1 1 2 3 2 1 2 3 1 0 3 1 0 0 0 0 3 3 2 1 2 3 6 0 5 3 7 0 4 7 12 0 3 0 0
21110997 575 10 2 2 3 3 2 3 1 1 3 1 1 0 1 1 0 0 0 0 3 3 4 0 1 2 12 0 3 5 8 0 0 4 6 2 1 2 3
21110998 585 6 1 1 1 2 3 3 1 0 3 1 0 0 0 0 3 1 2 0 1 2 0 5 4 4 12 4 3 7 3 2 1 2 2
21110999 580 9 2 2 3 1 1 2 1 1 3 1 0 3 1 0 0 0 0 4 3 2 4 3 3 0 7 4 4 0 12 3 1 2 0 2 3 0
21111000 486 5 1 3 3 2 1 1 0 2 1 0 0 0 0 2 1 2 2 1 0 0 0 4 3 0 3 3 12 3 4 7 3 0
21111001 521 4 1 1 2 2 1 0 2 1 0 0 0 0 2 2 0 12 1 3 0 8 5 2 0 5 4 3 1 0 3 0 3
21111002 532 4 1 1 1 3 1 0 3 1 0 0 0 0 3 0 1 3 5 0 0 3 5 0 2 4 7 2 2 12 8 3 0
21111003 591 6 1 1 1 2 1 2 1 0 3 1 0 0 0 0 4 2 0 4 3 3 0 3 12 4 4 5 2 3 3 2 0 0 0
21111004 497 0 1 0 3 1 0 0 0 0 0 0 0 0 0 3 1 0 0 4 3 2 0 4 5 0 8 4 12
21111005 574 2 3 1 1 0 2 1 0 0 0 0 1 0 1 3 3 0 0 3 6 4 1 12 5 4 1 2 3 5 2
21111006 553 4 1 3 3 2 1 0 2 1 0 0 0 0 1 1 2 3 7 4 12 0 4 6 4 0 1 3 3 0 3 0 0
21111007 536 6 3 3 2 1 3 3 1 0 2 1 0 0 0 0 1 1 4 0 0 0 1 0 2 1 6 12 7 4 0 4 3 3 3
21111008 629 4 2 2 3 1 1 0 3 1 0 0 0 0 1 2 1 2 4 0 0 6 3 1 2 6 3 4 1 12 4 1 0
21111009 519 8 3 2 2 1 1 2 3 3 3 1 5 0.33333333333333331 6 0.33333333333333331 7 0.33333333333333331 2 3 3 0 3 1 0 7 7 2 0 6 3 2 0 1 6 12 1
21111010 519 0 1 0 2 1 0 0 0 0 0 0 0 2 4 3 4 4 5 2 1 0 3 12 1 1 0 0 3
21111011 648 2 2 3 1 0 1 1 0 0 0 0 0 1 1 3 3 4 3 6 7 5 1 1 12 2 3 2 0 0 0
21111012 597 6 1 3 3 1 3 1 1 0 2 1 0 0 0 0 3 0 3 0 12 3 2 0 3 3 5 0 5 4 0 5 0 3 2
21111013 596 2 3 1 1 0 2 1 0 0 0 0 1 0 1 2 2 3 1 12 1 5 0 0 5 2 0 0 3 1 3
21111014 560 2 2 1 1 0 1 1 0 0 0 0 1 1 0 3 0 1 0 3 3 2 0 5 3 0 0 12 3 4 2
21111015 570 0 1 0 2 1 0 0 0 0 0 0 0 2 1 3 0 3 3 4 1 3 12 4 0 0 3 3 0
21111016 562 6 3 1 2 3 1 3 1 0 1 1 0 0 0 0 2 1 3 12 3 2 0 4 7 3 1 3 4 2 0 2 0 0 0
21111017 549 3 2 1 2 1 0 1 1 0 0 0 0 1 2 0 0 0 3 1 0 2 3 6 1 3 4 7 0 2 3 12
21111018 615 11 3 2 1 1 3 1 3 2 1 2 3 1 0 2 1 0 0 0 0 4 3 4 0 3 3 1 3 4 7 5 0 0 5 12 0 2 3 3
21111019 509 8 3 1 2 1 2 3 1 2 1 0 1 1 0 0 0 0 3 3 2 0 0 1 3 4 2 7 0 12 5 5 6 2 5 3 3
21111020 482 5 1 3 2 2 3 1 0 3 1 0 0 0 0 1 2 2 0 0 0 1 0 4 2 1 2 3 6 4 1 4 8 12
21111021 619 6 3 2 3 2 1 1 1 0 3 1 0 0 0 0 2 2 2 2 5 7 12 1 3 7 1 0 1 4 2 0 0 2 3
21111022 549 2 3 2 1 0 1 1 0 0 0 0 0 1 1 0 2 1 0 4 2 0 0 12 6 0 0 4 3 3 1
21111023 554 1 3 1 0 1 1 0 0 0 0 0 0 1 4 6 12 0 3 7 3 0 4 3 0 1 2 2 0 0
21111024 544 5 1 2 2 3 3 1 0 2 1 0 0 0 0 1 2 2 0 3 4 12 0 1 4 3 2 4 5 3 1 1 3 0
21111025 495 3 2 3 3 1 0 2 1 0 0 0 0 0 1 2 1 3 0 0 1 1 4 3 4 2 2 1 12 8 4 0
21111026 558 11 3 2 3 1 3 3 2 2 1 2 1 1 0 1 1 0 0 0 0 3 4 4 0 2 5 12 3 4 5 7 0 0 4 3 1 0 3 0
21111027 559 7 2 2 3 1 2 2 3 1 0 1 1 0 0 0 0 1 4 2 3 0 0 1 1 5 0 0 4 7 5 1 12 4 2 0
21111028 574 5 2 2 3 1 3 1 0 3 1 0 0 0 0 1 2 2 0 2 3 1 0 1 2 3 1 5 3 2 1 5 3 12
21111029 564 3 3 3 1 1 0 2 1 0 0 0 0 1 0 2 3 1 6 3 3 6 4 2 4 5 2 6 12 8 1 0
21111030 537 7 3 1 2 3 1 3 2 1 0 2 1 0 0 0 0 2 2 3 3 2 3 12 1 7 5 5 0 4 3 0 1 0 0 0
21111031 463 2 3 2 1 0 2 1 0 0 0 0 0 1 1 2 1 0 0 1 1 0 3 4 5 4 3 12 5 4 0
21111032 505 4 1 1 2 2 1 0 2 1 0 0 0 0 2 2 0 12 1 3 3 2 4 3 0 7 6 0 0 1 3 0 0
21111033 534 8 1 1 1 3 2 3 2 3 1 0 2 1 0 0 0 0 3 2 3 1 3 3 12 1 2 4 3 0 5 4 2 0 3 0 0
21111034 522 10 1 2 3 1 2 3 3 3 1 1 1 0 2 1 0 0 0 0 4 2 4 2 6 7 12 0 3 6 3 1 1 2 0 0 0 0 2
21111035 608 5 2 1 1 3 1 1 0 2 1 0 0 0 0 3 1 1 2 0 0 0 0 1 3 4 2 4 5 4 0 12 4 4
21111036 517 4 3 2 1 2 1 0 1 1 0 0 0 0 1 2 1 0 0 2 0 0 0 1 0 4 5 12 3 6 5 1 2
21111037 545 10 3 2 1 3 1 3 1 2 1 2 1 0 3 1 0 0 0 0 4 3 3 12 1 2 2 5 4 3 0 3 4 7 0 3 0 0 0
21111038 472 9 3 3 3 2 2 2 1 1 1 1 0 2 1 0 0 0 0 3 3 3 0 0 3 4 1 4 1 4 5 3 2 3 3 0 12 4
21111039 492 5 3 1 2 2 1 1 0 3 1 0 0 0 0 2 2 1 12 5 1 2 2 5 7 3 3 3 1 0 3 0 0 0
21111040 551 1 2 1 0 1 1 0 0 0 0 0 1 0 4 2 3 3 12 4 0 0 1 4 2 3 0 0 1 0
21111041 614 5 1 3 2 1 3 1 0 2 1 0 0 0 0 2 1 2 3 5 12 4 0 6 3 4 0 0 1 3 0 0 0 2
21111042 550 2 3 1 1 0 1 1 0 0 0 0 1 0 1 12 3 0 0 7 3 2 0 4 2 0 0 1 3 3 2
21111043 544 5 3 1 3 2 1 1 0 3 1 0 0 0 0 2 1 2 0 2 2 1 0 3 3 1 1 4 12 2 0 2 5 0
21111044 555 11 1 3 1 3 2 1 2 2 1 3 3 1 0 2 1 0 0 0 0 4 3 4 3 0 1 0 5 3 3 0 5 7 4 0 12 2 3 3
21111045 481 8 3 2 3 1 1 1 3 1 3 1 5 0.33333333333333331 6 0.33333333333333331 7 0.33333333333333331 4 1 3 3 0 0 2 0 2 1 4 0 4 5 12 4 3 2 2
21111046 546 9 1 1 1 2 2 2 3 3 3 1 0 1 1 0 0 0 0 3 3 3 0 2 0 0 0 2 4 12 0 0 1 5 3 2 1 4
21111047 562 6 3 2 1 3 2 3 1 0 1 1 0 0 0 0 1 2 3 0 4 4 0 3 4 5 0 3 6 7 1 12 7 2 0
21111048 547 8 3 1 2 1 3 2 1 3 1 0 2 1 0 0 0 0 3 2 3 5 6 5 2 1 12 1 0 4 2 6 0 3 3 0 0
21111050 535 0 1 0 2 1 0 0 0 0 0 0 0 3 0 4 0 0 3 5 3 1 1 2 0 4 12 3 4
21111051 517 1 2 1 0 3 1 0 0 0 0 0 1 0 12 7 5 3 4 3 3 0 1 6 1 0 2 0 0 0
21111052 633 7 3 3 1 3 1 3 1 1 0 2 1 0 0 0 0 3 0 4 0 5 8 12 0 4 4 5 2 1 2 0 2 0 0 0
21111053 486 1 1 1 0 2 1 0 0 0 0 1 0 0 0 2 0 3 0 12 6 3 1 3 1 3 5 4 3 2
21111054 602 7 3 1 1 1 3 2 2 1 0 3 1 0 0 0 0 3 2 2 0 0 2 3 0 1 2 0 4 3 4 0 3 7 12 0
21111055 523 9 1 3 3 1 3 2 1 3 2 1 0 2 1 0 0 0 0 3 2 4 4 3 3 3 12 5 6 4 2 2 1 0 1 0 8 0
21111056 557 6 3 3 2 2 1 2 1 0 2 1 0 0 0 0 1 3 2 0 0 3 0 0 4 1 3 0 12 3 3 1 1 4 5
21111057 556 3 1 3 1 3 1 4 0.33333333333333331 5 0.33333333333333331 6 0.33333333333333331 2 0 1 2 12 7 5 3 0 2 0 0 0 3 1 0 0 0 2
21111058 457 8 1 2 2 1 3 2 1 3 1 0 3 1 0 0 0 0 3 3 2 0 2 4 2 1 0 12 5 0 0 0 3 0 0 3 1
21111059 536 7 1 2 3 3 2 3 1 1 0 3 1 0 0 0 0 2 2 3 0 0 12 4 0 1 8 5 0 6 5 1 2 0 2 0
21111060 627 6 2 2 2 1 2 3 1 0 3 1 0 0 0 0 1 4 1 0 1 4 0 4 4 1 0 2 5 3 3 12 1 1 3
21111061 469 5 3 3 1 1 2 1 0 1 1 0 0 0 0 2 1 2 2 0 3 0 3 3 5 0 4 3 4 1 12 4 2 2
21111062 562 9 3 1 3 2 2 1 2 3 1 1 0 1 1 0 0 0 0 3 3 3 0 0 3 0 0 1 5 12 2 6 5 7 2 3 5 5
21111063 554 10 2 3 1 2 3 3 2 1 3 1 1 0 1 1 0 0 0 0 3 3 4 0 2 0 0 3 0 4 0 3 6 1 2 12 8 6 3
21111064 609 5 3 1 2 1 2 1 0 2 1 0 0 0 0 2 2 1 0 0 5 0 2 1 6 12 1 3 4 6 0 3 3 8
21111065 573 3 1 2 2 1 0 3 1 0 0 0 0 1 2 0 2 0 0 0 3 3 1 0 3 4 4 0 3 6 12 1
21111066 537 9 3 2 3 3 1 3 1 1 2 1 0 2 1 0 0 0 0 3 2 4 1 2 7 3 3 5 4 12 0 1 3 5 0 2 0 0
21111067 584 6 1 1 1 3 2 3 1 0 1 1 0 0 0 0 3 1 2 0 3 3 2 0 5 2 3 6 12 5 6 3 0 2 0
21111068 568 10 3 3 2 2 3 2 3 1 1 1 1 0 1 1 0 0 0 0 3 3 4 5 3 2 1 12 5 6 1 0 3 4 2 2 0 0 0
21111069 568 9 3 3 2 3 2 1 1 3 2 1 0 1 1 0 0 0 0 2 3 4 0 4 8 12 1 6 5 4 2 2 4 1 1 2 4 0
21111070 564 3 2 3 1 1 0 2 1 0 0 0 0 1 1 1 0 0 0 1 0 5 4 12 0 1 4 5 2 2 1 3
21111071 523 9 1 2 3 2 1 2 3 1 1 1 0 3 1 0 0 0 0 4 3 2 0 0 0 3 2 3 4 6 0 1 3 12 2 4 5 3
21111073 533 9 3 2 3 1 3 1 2 2 1 1 0 3 1 0 0 0 0 3 3 3 0 3 1 0 0 2 3 12 2 4 6 6 0 3 0 1
21111075 534 7 3 1 2 2 3 3 3 1 0 1 1 0 0 0 0 1 2 4 0 0 0 5 0 12 4 3 0 2 4 3 1 4 2 1
21111076 519 1 3 3 1 4 0.33333333333333331 5 0.33333333333333331 6 0.33333333333333331 0 0 1 3 0 1 0 2 2 3 0 3 3 1 0 12 6 6 3
21111077 572 7 1 2 1 2 2 1 1 1 0 3 1 0 0 0 0 4 3 0 3 0 0 0 4 0 2 0 3 1 4 3 3 6 12 2
21111078 476 8 3 3 3 2 2 3 2 1 1 0 2 1 0 0 0 0 1 3 4 0 4 1 1 2 2 5 1 2 5 1 0 12 1 3 1
21111079 495 9 1 1 2 1 1 3 2 2 3 3 1 4 0.33333333333333331 5 0.33333333333333331 6 0.33333333333333331 4 3 2 3 0 0 0 3 2 3 3 0 4 5 4 0 5 7 12
21111080 555 11 1 2 1 2 3 3 1 1 2 3 2 1 0 3 1 0 0 0 0 4 4 3 2 5 7 12 3 5 5 1 0 1 1 2 0 0 0 2
21111081 531 11 1 1 3 1 2 2 2 3 2 3 1 1 0 3 1 0 0 0 0 4 4 3 2 0 1 0 2 0 4 3 1 0 6 6 3 12 7 4
21111082 553 8 3 1 2 1 2 2 3 1 1 0 3 1 0 0 0 0 3 3 2 12 5 4 1 2 5 4 2 1 6 7 3 0 1 2 0
21111083 583 2 1 1 1 0 3 1 0 0 0 0 2 0 0 12 4 2 0 7 5 4 2 2 5 3 1 0 0 3 0
21111084 554 10 1 3 3 3 2 1 2 3 2 2 1 0 1 1 0 0 0 0 2 4 4 2 3 6 3 1 4 3 12 0 1 2 3 0 0 0 1
21111085 608 7 3 3 2 1 1 2 2 1 0 3 1 0 0 0 0 2 3 2 3 0 3 6 6 4 3 1 8 5 3 0 12 5 6 0
21111086 512 6 2 3 2 1 1 1 1 0 3 1 0 0 0 0 3 2 1 3 2 0 0 2 3 0 0 4 5 1 1 4 12 2 3
21111087 627 11 2 1 2 1 3 3 3 1 3 2 2 1 0 1 1 0 0 0 0 3 4 4 2 0 0 0 1 2 0 0 3 5 3 1 12 5 5 4
21111088 547 4 1 3 1 1 1 0 3 1 0 0 0 0 3 0 1 0 0 3 2 1 2 4 12 2 6 5 5 0 4 2 3
21111089 595 4 3 2 2 1 1 0 1 1 0 0 0 0 1 2 1 3 1 5 12 0 3 3 5 0 4 2 5 0 0 0 3
21111090 551 9 2 1 1 2 2 3 1 3 3 1 0 2 1 0 0 0 0 3 3 3 0 0 0 1 0 3 4 1 2 5 4 7 3 4 8 12
21111091 620 0 1 0 1 1 0 0 0 0 0 0 0 3 12 7 4 0 2 4 4 0 3 6 4 0 0 2 1
21111092 514 6 2 1 1 3 2 2 3 1 6 0.33333333333333331 7 0.33333333333333331 8 0.33333333333333331 2 3 1 7 6 12 4 3 5 5 4 1 0 0 1 0 0 2 0
21111093 549 6 1 1 3 2 2 3 1 0 2 1 0 0 0 0 2 2 2 0 2 0 0 12 5 4 1 1 4 3 0 6 4 4 3
21111095 517 2 2 1 1 0 3 1 0 0 0 0 1 1 0 0 1 0 2 4 4 0 5 5 5 0 0 12 8 5 3
21111096 531 2 3 3 1 0 2 1 0 0 0 0 0 0 2 2 4 3 12 0 1 6 3 0 3 6 4 0 1 0 3
21111097 541 6 3 1 1 2 2 3 1 0 1 1 0 0 0 0 2 2 2 12 1 5 2 3 3 6 5 0 2 4 2 1 3 0 0
21111098 595 4 1 2 1 3 1 0 1 1 0 0 0 0 2 1 1 3 5 12 2 4 5 7 2 0 7 0 0 0 3 0 0
21111099 507 9 3 3 2 3 1 2 1 1 2 1 0 2 1 0 0 0 0 3 3 3 0 3 0 1 1 2 0 0 6 5 0 0 12 4 3 0
21111100 628 0 1 0 2 1 0 0 0 0 0 0 0 0 2 3 1 5 4 1 0 6 5 4 0 7 12 3 0
21111101 566 6 3 3 1 2 2 3 1 0 2 1 0 0 0 0 1 2 3 0 0 3 2 1 1 2 4 0 5 1 3 0 12 7 1
21111102 570 10 3 2 2 3 2 2 3 3 1 1 1 0 1 1 0 0 0 0 2 4 4 2 0 0 0 3 0 1 1 3 6 4 3 12 7 4 0
21111103 495 3 3 1 2 1 0 2 1 0 0 0 0 1 1 1 12 1 3 0 6 4 6 3 4 6 2 7 0 0 0 1
21111104 520 3 2 2 1 1 0 1 1 0 0 0 0 1 2 0 0 4 4 3 6 3 6 4 0 12 2 3 1 0 0 0
21111105 545 11 3 1 3 3 3 1 1 2 2 2 1 1 0 2 1 0 0 0 0 4 3 4 4 12 2 0 3 4 3 1 3 5 0 2 1 3 0 0
21111106 590 0 1 0 3 1 0 0 0 0 0 0 0 2 5 12 0 1 3 5 1 3 4 0 2 2 1 0 0
21111107 641 4 1 1 1 3 1 0 3 1 0 0 0 0 3 0 1 12 2 4 2 7 5 3 2 5 4 3 0 1 2 0 0
21111108 632 4 1 3 3 1 1 0 1 1 0 0 0 0 2 0 2 0 4 3 2 2 3 5 3 3 0 4 12 0 3 0 2
21111110 594 5 2 2 2 3 1 1 0 3 1 0 0 0 0 1 3 1 0 3 1 0 0 3 5 1 0 4 4 0 3 5 12 0
21111111 549 8 3 1 1 2 3 2 3 3 1 0 2 1 0 0 0 0 2 2 4 1 7 0 0 0 5 2 3 0 3 3 6 3 1 4 12
21111112 449 9 3 2 2 3 1 1 1 2 3 1 0 1 1 0 0 0 0 3 3 3 12 6 4 0 4 4 3 0 3 3 2 3 0 1 0 2
21111113 535 3 2 2 1 1 0 3 1 0 0 0 0 1 2 0 0 5 0 2 1 3 1 0 4 4 5 3 12 3 2 1
21111114 595 2 2 2 1 0 3 1 0 0 0 0 0 2 0 0 0 0 2 1 1 1 4 1 4 5 6 0 2 3 12
21111115 507 3 1 2 1 1 0 2 1 0 0 0 0 2 1 0 0 0 1 0 3 6 5 0 12 6 0 2 4 4 0 0
21111116 580 11 3 1 1 1 2 3 1 3 2 2 3 1 0 2 1 0 0 0 0 4 3 4 4 3 2 0 12 5 1 2 6 2 0 0 1 1 0 0
21111117 505 8 3 3 1 2 2 2 3 2 1 0 1 1 0 0 0 0 1 4 3 0 0 4 3 0 4 5 3 1 2 1 4 0 12 1 4
21111118 538 5 2 3 2 1 3 1 0 1 1 0 0 0 0 1 2 2 0 0 2 0 1 3 12 3 1 3 4 5 2 4 3 0
21111119 540 4 2 1 1 3 1 0 3 1 0 0 0 0 2 1 1 1 2 2 0 4 3 4 0 8 8 12 1 3 0 0 2
21111120 583 5 3 1 2 1 1 1 0 3 1 0 0 0 0 3 1 1 0 0 0 2 0 1 3 12 3 6 3 2 3 2 3 3
21111121 580 4 3 2 1 3 1 0 2 1 0 0 0 0 1 1 2 1 0 7 0 0 0 1 6 2 3 6 8 0 0 5 12
21111122 568 1 3 1 0 1 1 0 0 0 0 0 0 1 0 0 1 0 4 2 0 0 2 6 4 0 12 5 2 1
21111123 497 8 1 2 3 1 3 2 1 2 1 0 2 1 0 0 0 0 3 3 2 3 0 0 0 1 4 3 0 5 4 2 3 12 3 1 3
21111124 550 3 1 2 1 1 0 2 1 0 0 0 0 2 1 0 0 3 3 1 3 0 12 3 0 5 3 4 0 0 4 2
21111125 504 4 2 2 3 1 1 0 2 1 0 0 0 0 1 2 1 4 4 3 0 1 3 12 3 3 1 3 1 2 4 0 0
21111126 526 5 2 3 1 3 3 1 0 1 1 0 0 0 0 1 1 3 0 2 0 1 12 5 6 1 3 4 3 2 1 2 2 0
21111127 532 1 3 1 0 2 1 0 0 0 0 0 0 1 0 8 3 0 4 4 12 0 1 2 3 1 4 2 1 0
21111129 576 4 3 3 1 2 1 0 1 1 0 0 0 0 1 1 2 2 5 1 0 3 3 4 0 12 6 2 2 0 0 0 1
21111130 494 3 1 2 1 1 0 1 1 0 0 0 0 2 1 0 1 2 3 12 4 2 5 4 0 3 3 1 0 2 4 2
21111131 528 9 1 2 3 1 3 2 2 1 2 1 0 3 1 0 0 0 0 3 4 2 0 2 1 5 1 3 4 6 0 3 3 12 0 0 3 0
21111132 575 6 3 2 2 3 3 2 1 0 1 1 0 0 0 0 0 3 3 1 3 0 2 1 3 4 6 0 1 1 8 0 2 8 12
21111133 559 4 1 1 3 2 1 0 2 1 0 0 0 0 2 1 1 0 2 3 0 0 0 4 1 4 4 6 3 1 2 3 12
21111134 531 8 2 2 1 2 3 1 1 3 1 0 3 1 0 0 0 0 3 3 2 0 1 0 0 3 1 3 2 0 4 4 2 0 5 7 12
21111135 564 6 1 1 1 3 3 2 1 0 2 1 0 0 0 0 3 1 2 0 2 0 6 0 0 1 3 0 2 4 4 3 5 4 12
21111136 471 3 2 3 3 1 0 2 1 0 0 0 0 0 1 2 4 5 1 3 8 7 3 1 12 1 4 2 3 2 3 1
21111137 599 11 1 3 3 2 1 2 1 1 3 2 2 1 0 3 1 0 0 0 0 4 4 3 0 4 3 0 0 6 3 0 1 5 5 0 2 12 4 3
21111138 522 6 2 2 3 1 1 3 1 0 3 1 0 0 0 0 2 2 2 12 1 2 0 4 7 3 1 2 1 2 0 3 0 0 0
21111139 604 8 3 3 1 2 3 1 1 2 1 0 2 1 0 0 0 0 3 2 3 0 3 0 0 7 3 0 2 0 4 4 3 0 12 4 1
21111140 558 10 1 1 3 1 2 2 3 2 1 3 1 0 2 1 0 0 0 0 4 3 3 3 3 2 0 0 3 5 6 0 3 4 7 0 4 1 12
21111141 563 4 3 2 1 3 1 0 3 1 0 0 0 0 1 1 2 2 12 3 5 4 1 6 3 0 1 4 3 0 0 3 2
21111142 490 9 2 2 1 2 1 1 3 3 2 1 0 1 1 0 0 0 0 3 4 2 12 1 3 2 5 3 5 0 4 4 0 3 3 3 0 0
21111143 619 6 3 2 2 3 1 3 1 0 1 1 0 0 0 0 1 2 3 2 1 6 12 3 5 4 4 4 1 2 2 1 3 0 0
21111144 570 7 3 2 2 3 3 3 2 1 0 1 1 0 0 0 0 0 3 4 0 2 0 1 0 3 7 3 0 4 6 3 1 1 3 12
21111145 548 7 1 2 2 1 2 1 1 1 0 3 1 0 0 0 0 4 3 0 3 4 3 0 4 3 4 3 4 3 12 0 2 0 0 0
21111146 508 0 1 0 1 1 0 0 0 0 0 0 0 0 3 4 12 3 3 3 4 0 0 2 5 0 1 0 2
21111147 487 8 1 2 3 3 1 2 2 2 1 0 1 1 0 0 0 0 2 4 2 2 0 1 0 3 4 2 0 4 12 3 1 3 1 4 3
21111148 546 9 3 3 3 1 3 1 2 1 2 1 0 2 1 0 0 0 0 3 2 4 12 7 4 1 3 3 4 0 3 8 2 0 0 1 2 0
21111149 629 4 1 1 2 2 1 0 3 1 0 0 0 0 2 2 0 4 12 1 1 2 5 4 2 1 3 0 2 0 0 0 3
21111150 582 9 2 1 3 1 3 2 1 1 3 1 0 2 1 0 0 0 0 4 2 3 0 4 1 12 3 4 6 4 2 5 4 1 0 2 2 0
21111151 465 4 1 3 2 1 1 0 1 1 0 0 0 0 2 1 1 0 1 2 0 2 2 4 3 3 4 3 2 3 12 4 1
21111152 481 10 3 2 3 1 1 2 2 1 2 3 1 0 1 1 0 0 0 0 3 4 3 0 2 6 12 1 2 5 4 0 0 3 3 0 3 1 0
21111153 540 8 1 1 3 3 3 3 1 2 1 0 2 1 0 0 0 0 3 1 4 2 0 0 0 4 1 3 2 6 4 2 0 12 3 3 1
21111154 499 9 1 3 2 2 1 3 3 2 3 1 0 1 1 0 0 0 0 2 3 4 0 2 2 0 1 3 3 4 2 7 4 5 1 5 1 12
21111155 651 6 1 1 2 1 3 3 1 0 1 1 0 0 0 0 3 1 2 2 0 0 0 4 4 0 2 12 3 0 0 3 5 7 2
21111156 538 10 1 3 1 2 2 2 1 2 1 3 1 0 3 1 0 0 0 0 4 4 2 2 1 2 0 7 6 6 1 12 3 1 2 0 3 0 0
21111157 549 6 1 1 3 2 3 2 1 0 1 1 0 0 0 0 2 2 2 0 7 1 12 0 3 6 3 2 2 5 2 1 3 4 0
21111158 553 2 3 2 1 0 1 1 0 0 0 0 0 1 1 0 12 6 3 0 2 5 3 1 3 7 4 3 1 0 2
21111159 518 8 1 1 1 3 2 3 2 2 1 0 2 1 0 0 0 0 3 3 2 0 5 12 3 3 1 5 2 0 3 8 0 0 0 0 1
21111160 531 9 3 2 1 1 1 3 3 2 3 1 0 1 1 0 0 0 0 3 2 4 0 0 0 2 2 0 2 4 1 4 6 3 0 4 6 12
21111161 552 7 3 1 3 2 3 3 2 1 0 2 1 0 0 0 0 1 2 4 0 0 0 8 0 0 3 12 1 0 4 4 1 4 3 3
21111162 561 6 1 2 3 3 2 1 1 0 2 1 0 0 0 0 2 2 2 0 3 1 12 1 3 6 3 0 3 2 3 3 0 3 3
21111163 583 6 2 2 3 2 2 1 1 0 3 1 0 0 0 0 1 4 1 5 1 12 4 0 4 4 2 0 1 3 1 0 0 1 0
21111164 573 8 1 3 2 1 3 1 3 2 1 0 2 1 0 0 0 0 3 2 3 2 1 1 3 3 6 3 2 0 12 7 3 0 5 4 4
21111165 587 3 2 2 2 1 0 3 1 0 0 0 0 0 3 0 0 1 1 0 2 1 4 5 0 1 5 3 0 3 3 12
21111166 492 3 3 1 1 1 0 3 1 0 0 0 0 2 0 1 4 2 2 1 4 5 6 0 12 4 0 0 3 2 0 0
21111167 526 4 1 2 3 1 3 1 5 0.33333333333333331 6 0.33333333333333331 7 0.33333333333333331 2 1 1 3 3 1 0 4 4 3 3 7 3 2 2 5 12 3 0
21111169 505 1 1 1 0 3 1 0 0 0 0 1 0 0 12 4 4 0 2 3 3 0 4 3 3 0 1 0 2 3
21111170 601 5 3 2 3 2 2 1 0 3 1 0 0 0 0 0 3 2 1 1 1 0 4 3 6 2 12 7 1 0 3 3 0 0
21111171 536 7 1 1 3 3 3 1 2 1 0 1 1 0 0 0 0 3 1 3 0 2 0 2 0 0 3 12 3 6 4 5 0 2 3 7
21111172 571 9 1 1 2 3 3 3 1 1 2 1 0 3 1 0 0 0 0 4 2 3 3 1 2 2 4 1 3 4 12 2 6 0 2 0 0 0
21111173 599 3 1 3 2 1 0 1 1 0 0 0 0 1 1 1 2 6 2 12 0 5 3 4 1 0 3 3 0 0 3 0
21111174 533 1 3 1 0 3 1 0 0 0 0 0 0 1 8 1 0 2 0 4 1 0 4 3 2 3 8 4 12 0
21111175 543 6 3 3 1 1 2 1 1 0 2 1 0 0 0 0 3 1 2 1 0 0 0 0 3 0 0 3 4 5 3 2 2 12 3
21111176 546 7 1 3 2 3 1 1 3 1 0 2 1 0 0 0 0 3 1 3 1 2 2 0 1 5 5 0 12 2 2 3 1 0 0 0
21111177 555 7 1 3 2 2 2 3 1 3 1 5 0.33333333333333331 6 0.33333333333333331 7 0.33333333333333331 2 3 2 3 4 4 3 6 5 12 0 3 6 3 0 1 3 0 0
21111178 554 2 3 3 1 0 2 1 0 0 0 0 0 0 2 1 6 12 4 0 4 6 3 0 3 4 1 0 0 0 2
21111179 542 3 2 2 3 1 0 1 1 0 0 0 0 0 2 1 3 12 4 3 4 6 4 1 2 3 3 0 0 1 0 0
21111180 543 11 1 3 3 1 2 3 2 2 1 3 1 1 0 2 1 0 0 0 0 4 3 4 2 3 1 12 0 3 4 3 0 4 5 3 0 0 2 1
21111181 504 3 3 1 2 1 0 2 1 0 0 0 0 1 1 1 0 0 0 3 3 3 3 12 0 1 4 5 0 1 4 2
21111182 500 8 1 3 3 3 1 2 2 1 1 0 1 1 0 0 0 0 3 2 3 2 0 2 2 0 3 3 4 0 1 5 3 0 3 8 12
21111183 618 0 1 0 3 1 0 0 0 0 0 0 0 0 0 0 1 2 4 2 3 0 6 3 2 0 1 1 12
21111184 518 7 2 1 1 3 2 3 3 1 0 3 1 0 0 0 0 2 2 3 0 0 2 1 3 4 4 6 2 1 5 12 1 0 2 0
21111185 599 5 2 2 3 1 1 1 0 1 1 0 0 0 0 2 2 1 12 3 0 0 6 5 5 0 2 3 3 2 0 4 0 1
21111186 560 7 3 2 3 2 1 1 3 1 0 3 1 0 0 0 0 2 2 3 0 5 7 12 1 3 4 5 0 3 1 5 2 0 2 0
21111187 550 3 2 3 2 1 0 3 1 0 0 0 0 0 2 1 3 12 8 3 0 3 4 4 0 4 3 5 0 1 0 1
21111188 521 9 2 1 1 2 2 2 3 3 1 1 0 3 1 0 0 0 0 3 4 2 1 3 3 0 6 5 2 1 12 3 6 3 1 2 3 0
21111189 562 7 2 3 1 3 3 1 1 1 0 2 1 0 0 0 0 3 1 3 0 2 8 0 0 5 4 4 1 2 5 5 0 0 3 12
21111191 435 1 1 1 0 2 1 0 0 0 0 1 0 0 2 1 0 0 2 4 3 0 1 7 5 2 3 5 12 1
21111192 563 7 2 2 2 3 1 3 1 1 0 3 1 0 0 0 0 2 3 2 0 0 6 1 1 3 4 1 4 4 2 0 12 7 3 2
21111193 549 2 1 2 1 0 3 1 0 0 0 0 1 1 0 1 7 3 3 6 3 2 4 2 3 9 12 0 0 4 1
21111194 623 10 2 2 1 2 1 3 3 1 1 3 1 0 3 1 0 0 0 0 4 3 3 0 0 0 8 0 3 1 3 2 4 4 3 0 2 5 12
21111195 476 10 1 1 3 3 2 1 2 2 3 1 1 0 2 1 0 0 0 0 4 3 3 0 3 7 12 3 0 4 7 0 1 3 2 0 3 0 0
21111196 508 2 3 1 1 0 3 1 0 0 0 0 1 0 1 1 0 4 1 4 2 4 2 12 2 5 0 3 1 3 2
21111197 523 11 1 1 1 2 2 3 2 3 3 2 3 1 0 1 1 0 0 0 0 3 4 4 5 0 1 0 3 2 3 2 12 6 0 0 1 4 0 0
21111198 540 4 3 1 1 1 1 0 2 1 0 0 0 0 3 0 1 2 3 0 0 3 5 3 3 3 2 4 3 4 12 0 0
21111199 562 1 3 1 0 1 1 0 0 0 0 0 0 1 3 1 2 0 2 4 5 3 12 3 4 0 0 0 3 3
21111201 617 7 2 1 2 1 3 1 2 1 0 3 1 0 0 0 0 3 3 1 0 0 2 7 0 1 4 3 0 3 6 3 3 12 7 4
21111202 584 9 1 3 1 3 2 3 2 3 1 1 0 1 1 0 0 0 0 3 2 4 2 6 4 12 0 2 6 5 0 0 2 1 0 0 2 1
21111203 562 1 1 1 0 1 1 0 0 0 0 1 0 0 12 4 2 0 6 7 3 3 6 3 4 1 2 2 0 0
21111204 570 8 2 2 2 3 3 1 1 2 1 0 3 1 0 0 0 0 2 4 2 1 0 2 3 0 3 3 1 0 1 8 4 0 3 7 12
21111205 496 7 3 1 2 1 3 2 1 1 0 3 1 0 0 0 0 3 2 2 0 0 1 3 2 2 4 2 0 6 5 5 1 5 3 12
21111206 523 3 2 1 3 1 0 3 1 0 0 0 0 1 1 1 5 6 12 3 4 3 3 0 0 1 0 3 2 0 0 0
21111207 561 3 1 3 2 3 1 6 0.33333333333333331 7 0.33333333333333331 8 0.33333333333333331 1 1 1 0 0 3 2 0 0 0 12 1 1 5 6 0 2 3 4
21111208 507 4 2 2 1 3 1 0 2 1 0 0 0 0 1 2 1 3 4 3 3 12 1 3 0 3 1 1 6 0 0 0 2
21111209 555 9 3 1 3 1 2 1 2 1 2 1 0 3 1 0 0 0 0 4 3 2 3 2 3 5 0 4 1 2 0 12 3 1 0 0 2 0
21111210 539 3 1 3 2 1 0 1 1 0 0 0 0 1 1 1 3 4 4 12 3 1 4 7 2 3 2 4 0 3 0 0
21111211 562 7 2 2 2 1 1 1 3 1 0 3 1 0 0 0 0 3 3 1 2 0 3 0 1 4 12 0 1 5 4 0 2 3 4 3
21111212 516 9 1 2 1 2 2 3 3 3 1 1 0 3 1 0 0 0 0 3 3 3 1 2 5 2 4 5 12 3 4 0 1 0 0 0 8 0
21111213 595 9 3 3 2 1 1 3 2 2 2 1 0 3 1 0 0 0 0 2 4 3 0 5 7 12 1 2 3 5 0 1 4 1 0 0 3 3
21111214 531 11 3 2 1 1 3 2 3 2 3 2 1 1 0 1 1 0 0 0 0 3 4 4 2 4 12 4 0 4 1 3 2 1 2 0 0 0 0 1
21111215 534 6 3 2 3 3 2 3 3 1 5 0.33333333333333331 6 0.33333333333333331 7 0.33333333333333331 0 2 4 2 3 12 1 3 5 3 0 3 3 5 0 0 1 1 0
21111216 590 1 1 1 0 3 1 0 0 0 0 1 0 0 3 1 0 0 4 6 2 0 2 6 3 2 12 1 0 0
21111217 561 4 2 3 3 3 1 0 2 1 0 0 0 0 0 1 3 4 4 5 1 1 4 1 0 12 2 3 1 2 0 0 0
21111218 524 11 2 3 2 2 1 2 3 3 1 3 1 1 0 1 1 0 0 0 0 3 4 4 0 0 12 3 0 6 5 1 0 3 5 2 2 1 3 3
21111219 548 3 3 2 1 1 0 2 1 0 0 0 0 1 1 1 0 3 3 4 1 4 5 12 0 0 5 2 1 0 0 0
21111220 545 5 1 3 2 3 2 1 0 2 1 0 0 0 0 1 2 2 0 0 0 1 12 3 2 1 3 5 6 1 4 4 0 0
21111221 531 4 2 1 1 3 1 0 2 1 0 0 0 0 2 1 1 2 4 1 0 3 7 3 0 12 3 0 3 3 3 0 0
21111222 474 9 1 2 1 2 1 2 3 3 2 1 0 3 1 0 0 0 0 3 4 2 1 2 5 12 0 5 4 7 1 3 3 4 5 0 0 0
21111223 474 11 2 2 2 3 3 2 1 1 3 1 1 1 0 3 1 0 0 0 0 4 4 3 4 12 3 0 3 6 5 0 1 2 0 1 0 0 2 0
21111224 537 6 3 2 3 2 2 1 1 0 1 1 0 0 0 0 1 3 2 0 0 1 2 3 6 0 0 3 4 5 1 4 5 12 0
21111225 523 8 2 1 3 2 3 3 1 2 1 0 1 1 0 0 0 0 2 3 3 0 12 6 2 1 1 4 7 0 4 8 0 0 0 0 2
21111226 579 1 1 1 0 1 1 0 0 0 0 1 0 0 0 2 0 2 0 0 4 6 0 3 7 5 3 4 9 12
21111227 469 6 1 2 3 1 3 3 1 0 2 1 0 0 0 0 2 1 3 2 1 12 4 0 0 5 4 0 0 4 1 0 3 0 2
21111228 528 4 3 2 1 1 1 0 2 1 0 0 0 0 2 1 1 1 2 0 0 7 0 0 3 12 4 2 0 1 4 0 0
21111229 527 10 2 3 1 3 1 3 2 2 1 2 1 0 1 1 0 0 0 0 3 4 3 3 0 12 2 1 7 6 3 0 3 3 3 0 0 3 5
21111230 621 10 3 2 3 2 2 1 1 3 1 2 1 0 1 1 0 0 0 0 3 4 3 0 3 0 0 4 3 0 0 3 4 6 3 12 5 2 1
21111231 489 8 3 1 3 2 3 1 1 2 1 0 2 1 0 0 0 0 3 2 3 1 0 0 0 2 3 7 0 4 5 4 3 4 12 4 3
21111232 559 4 1 1 2 2 1 0 2 1 0 0 0 0 2 2 0 0 1 3 12 1 3 6 6 3 3 4 4 0 0 0 2
21111233 557 11 3 2 3 3 1 1 1 1 2 3 2 1 0 2 1 0 0 0 0 4 3 4 2 1 1 0 4 3 2 1 7 6 5 2 12 3 3 0
21111234 578 10 3 3 3 1 1 2 1 2 1 2 1 0 3 1 0 0 0 0 4 3 3 12 3 4 2 3 5 1 0 2 2 4 0 1 0 0 0
21111235 484 0 1 0 1 1 0 0 0 0 0 0 0 3 0 0 1 2 4 3 1 2 4 5 2 0 3 6 12
21111236 550 9 2 1 1 3 3 2 1 3 2 1 0 2 1 0 0 0 0 3 3 3 3 0 0 0 1 3 1 2 2 3 4 3 1 5 3 12
21111238 529 5 2 3 2 2 1 1 0 2 1 0 0 0 0 1 3 1 4 0 0 1 3 1 1 0 3 5 4 3 12 6 4 0
21111239 544 2 3 1 1 0 2 1 0 0 0 0 1 0 1 5 4 3 3 7 6 4 2 12 1 1 0 0 0 0 2
21111240 495 9 3 2 2 1 2 1 1 3 2 1 0 1 1 0 0 0 0 3 4 2 1 3 6 0 3 12 4 0 3 0 0 0 2 3 0 3
21111241 587 4 3 2 2 1 1 0 3 1 0 0 0 0 1 2 1 1 4 12 1 2 4 3 0 1 5 2 0 3 0 0 0
21111242 526 4 2 2 3 2 1 0 1 1 0 0 0 0 0 3 1 0 1 0 3 0 1 4 0 0 3 5 5 3 4 3 12
21111243 513 3 1 3 3 1 0 1 1 0 0 0 0 1 0 2 3 0 1 0 2 6 0 2 7 3 5 2 1 12 6 2
21111244 539 4 1 1 2 3 1 0 2 1 0 0 0 0 2 1 1 3 0 0 0 4 3 3 0 4 3 4 2 12 7 5 1
21111245 542 4 2 2 3 1 1 0 1 1 0 0 0 0 1 2 1 1 3 12 4 5 4 4 2 7 6 0 0 0 1 0 2
21111246 454 11 2 1 3 3 3 2 3 2 1 1 2 1 0 1 1 0 0 0 0 3 4 4 12 4 2 3 7 5 0 0 3 6 5 1 1 2 0 0
21111247 477 7 1 3 3 2 1 2 1 3 1 6 0.33333333333333331 7 0.33333333333333331 8 0.33333333333333331 3 2 2 0 12 5 4 3 5 2 3 2 3 1 0 0 0 0 3
21111248 607 11 2 2 1 1 1 3 2 1 3 2 3 1 0 3 1 0 0 0 0 4 4 3 0 3 1 2 1 2 12 4 0 0 0 6 0 1 0 2
21111249 575 5 1 2 1 3 1 1 0 1 1 0 0 0 0 3 1 1 0 3 4 3 2 12 5 2 0 2 7 7 3 0 0 0
21111250 601 6 1 2 1 2 1 1 1 0 3 1 0 0 0 0 4 2 0 2 0 0 0 4 4 3 3 2 3 3 0 12 5 3 0
21111251 528 3 2 1 3 1 0 1 1 0 0 0 0 1 1 1 2 4 4 12 0 3 6 4 1 3 0 6 0 2 0 0
21111252 528 4 3 1 1 1 1 0 3 1 0 0 0 0 3 0 1 0 5 8 12 0 2 5 2 0 0 3 3 2 3 0 0
21111253 554 8 1 2 2 3 3 1 2 3 1 0 3 1 0 0 0 0 2 3 3 0 12 7 5 0 8 6 3 1 3 5 1 0 2 0 0
21111254 499 5 1 1 1 1 3 1 0 3 1 0 0 0 0 4 0 1 2 4 4 12 2 6 5 2 0 0 3 6 0 0 3 2
21111255 591 7 1 2 1 3 3 2 2 1 0 1 1 0 0 0 0 2 3 2 3 0 0 0 0 1 2 3 3 4 6 6 1 2 4 12
21111256 598 1 2 1 0 2 1 0 0 0 0 0 1 0 2 4 12 1 4 5 0 3 3 1 0 1 0 0 0 3
21111257 571 6 2 1 2 3 2 3 1 0 2 1 0 0 0 0 1 3 2 1 1 0 0 5 4 0 1 3 6 4 0 12 4 3 0
21111258 566 11 2 3 2 1 3 1 2 1 2 3 3 1 0 1 1 0 0 0 0 3 4 4 1 2 4 12 2 3 4 5 0 0 1 1 0 0 0 2
21111259 589 0 1 0 3 1 0 0 0 0 0 0 0 0 0 0 3 6 4 1 3 0 4 12 0 1 2 3 2
21111260 619 3 3 3 1 1 0 3 1 0 0 0 0 1 0 2 0 2 1 0 3 0 4 12 2 5 4 3 0 1 4 2
21111261 531 9 2 3 1 1 1 3 3 2 3 1 0 2 1 0 0 0 0 3 2 4 12 4 3 1 6 5 2 0 4 3 3 1 0 0 5 2
21111262 533 11 2 3 3 1 1 1 2 3 3 1 2 1 0 2 1 0 0 0 0 4 3 4 0 0 0 3 3 3 1 6 2 1 7 0 12 3 2 4
21111263 594 8 3 1 1 3 1 3 2 3 1 0 2 1 0 0 0 0 3 1 4 12 3 4 6 2 5 3 1 4 3 3 0 0 0 0 2
21111264 519 11 1 2 3 1 2 1 2 1 3 3 2 1 0 3 1 0 0 0 0 4 4 3 7 4 12 1 6 3 4 0 4 2 1 3 0 0 2 0
21111265 566 8 3 2 1 3 3 1 2 2 1 0 2 1 0 0 0 0 2 3 3 0 0 0 6 0 3 6 12 0 3 7 4 1 3 1 7
21111266 636 0 1 0 3 1 0 0 0 0 0 0 0 2 5 0 0 12 3 0 3 1 7 5 1 3 4 7 2
21111267 565 4 1 1 3 2 1 0 3 1 0 0 0 0 2 1 1 0 2 0 0 5 1 3 2 8 6 3 0 12 5 3 0
21111268 573 5 1 2 2 3 2 1 0 3 1 0 0 0 0 1 3 1 12 3 4 0 1 6 4 5 4 3 6 2 0 1 1 0
21111269 606 7 2 1 1 2 3 2 1 1 0 1 1 0 0 0 0 3 3 1 0 0 3 3 5 6 2 0 8 5 4 0 12 5 3 0
21111270 580 8 3 1 1 1 3 2 2 3 1 0 1 1 0 0 0 0 3 2 3 2 4 1 0 1 12 3 2 2 2 3 5 3 0 0 0
21111271 487 8 1 1 2 3 3 3 1 3 1 0 2 1 0 0 0 0 3 1 4 0 1 0 0 2 3 1 2 0 2 4 4 0 12 5 8
21111272 563 2 2 2 3 1 4 0.33333333333333331 5 0.33333333333333331 6 0.33333333333333331 0 2 0 0 3 3 3 0 4 3 4 1 1 3 12 0 4 3 0
21111273 535 8 2 1 3 1 1 2 3 2 1 0 2 1 0 0 0 0 3 3 2 3 3 0 3 6 4 3 0 12 5 4 0 1 0 0 0
21111274 600 4 3 2 3 1 1 0 1 1 0 0 0 0 1 1 2 1 2 2 3 3 2 3 12 1 5 4 1 0 2 8 0
21111275 500 2 2 3 1 0 3 1 0 0 0 0 0 1 1 1 3 0 0 4 3 2 0 4 4 3 1 12 7 3 0
21111276 492 7 1 1 3 3 2 2 2 1 0 3 1 0 0 0 0 2 3 2 3 1 1 12 0 0 6 7 3 2 4 5 0 1 2 0
21111277 528 3 3 3 1 1 0 2 1 0 0 0 0 1 0 2 6 12 3 1 2 3 4 2 5 3 3 0 3 1 0 0
21111278 569 6 2 1 2 3 3 1 1 0 2 1 0 0 0 0 2 2 2 0 3 1 0 1 7 2 3 3 5 6 4 12 7 4 3
21111279 558 5 2 2 3 1 3 1 0 1 1 0 0 0 0 1 2 2 3 0 0 0 3 0 3 3 0 3 5 7 3 7 7 12
21111280 570 5 1 2 3 2 3 1 0 2 1 0 0 0 0 1 2 2 1 5 12 0 7 3 3 0 3 1 2 4 3 1 0 0
21111281 499 1 2 1 0 2 1 0 0 0 0 0 1 0 1 0 0 0 2 4 1 3 1 5 4 6 3 4 3 12
21111282 535 8 3 3 2 2 3 1 2 3 1 0 1 1 0 0 0 0 1 3 4 0 1 0 0 5 12 7 5 0 4 4 2 0 3 3 1
21111283 493 4 3 1 1 2 1 0 2 1 0 0 0 0 2 1 1 0 0 0 3 0 1 3 5 2 6 5 12 0 4 6 8
21111284 517 1 1 1 0 1 1 0 0 0 0 1 0 0 3 1 2 0 12 1 2 3 2 4 5 0 0 0 2 0
21111285 541 2 1 3 1 0 2 1 0 0 0 0 1 0 1 2 4 3 12 0 0 3 7 3 1 3 1 0 7 5 2
21111287 649 8 3 3 2 2 3 1 2 1 1 0 2 1 0 0 0 0 2 3 3 4 0 0 0 3 1 0 0 8 3 4 1 12 5 2 1
21111288 586 5 3 2 2 3 2 3 1 5 0.33333333333333331 6 0.33333333333333331 7 0.33333333333333331 0 3 2 1 3 6 12 1 1 5 4 0 2 3 3 0 1 0 3
21111289 566 10 1 1 3 3 2 1 3 3 2 2 1 0 2 1 0 0 0 0 3 3 4 2 0 0 0 12 3 1 1 7 4 4 0 5 0 0 0
21111290 501 8 2 3 3 1 3 2 1 2 1 0 2 1 0 0 0 0 2 3 3 1 6 3 4 2 3 5 3 0 0 4 12 1 3 0 1
21111291 510 5 1 3 2 1 3 1 0 3 1 0 0 0 0 2 1 2 0 0 0 2 3 12 5 4 0 1 5 2 0 1 2 0
21111292 637 6 2 3 2 2 1 1 1 0 2 1 0 0 0 0 2 3 1 1 3 4 12 0 1 5 7 0 4 3 4 0 0 0 3
21111293 496 11 3 2 1 2 2 1 3 1 2 3 1 1 0 3 1 0 0 0 0 4 4 3 4 4 0 2 3 4 6 1 3 12 4 0 0 3 0 0
21111294 425 7 2 2 1 1 2 1 3 1 0 2 1 0 0 0 0 3 3 1 4 12 3 1 1 4 1 0 6 2 3 4 2 0 3 0
21111295 594 10 3 3 1 2 3 2 2 1 1 1 1 0 2 1 0 0 0 0 4 3 3 12 4 0 0 2 4 5 0 4 1 2 3 0 1 0 0
21111296 478 3 3 1 3 1 0 2 1 0 0 0 0 1 0 2 12 4 1 0 3 6 1 3 2 2 5 2 0 0 4 1
21111297 618 6 1 3 2 2 1 1 1 0 2 1 0 0 0 0 3 2 1 4 3 0 0 7 4 12 3 5 5 2 0 3 1 0 0
21111298 516 6 3 2 2 1 1 1 1 0 3 1 0 0 0 0 3 2 1 0 12 4 3 0 6 5 3 0 4 4 1 8 2 0 2
21111299 469 6 1 2 3 2 1 1 1 0 3 1 0 0 0 0 3 2 1 0 2 0 0 0 4 0 3 0 3 6 3 3 12 3 4
21111300 514 3 1 2 2 1 0 3 1 0 0 0 0 1 2 0 5 9 12 0 6 4 5 1 2 3 5 3 7 5 1 0
21111301 561 3 2 1 2 1 0 3 1 0 0 0 0 1 2 0 3 2 8 12 0 6 3 5 1 3 3 3 0 1 3 0
21111302 596 3 2 3 1 1 0 1 1 0 0 0 0 1 1 1 12 2 2 3 6 5 4 0 3 7 3 1 3 4 0 0
21111303 452 0 1 0 3 1 0 0 0 0 0 0 0 12 6 4 2 7 5 4 1 2 4 0 0 1 3 0 0
21111304 529 3 2 2 1 1 0 2 1 0 0 0 0 1 2 0 1 4 4 1 3 6 5 2 1 12 5 0 3 0 0 0
21111305 513 2 2 3 1 0 3 1 0 0 0 0 0 1 1 0 1 0 0 0 3 3 4 3 7 5 6 3 2 1 12
21111306 570 0 1 0 2 1 0 0 0 0 0 0 0 3 5 6 1 2 3 4 7 1 4 5 12 0 0 0 7
21111307 583 2 1 1 1 0 2 1 0 0 0 0 2 0 0 0 3 0 0 0 0 2 12 2 3 4 7 1 0 3 4
21111308 478 8 3 3 1 2 3 2 3 2 1 0 1 1 0 0 0 0 1 3 4 12 6 1 2 4 4 2 0 3 5 1 0 1 4 0 0
21111309 563 3 1 2 3 1 0 2 1 0 0 0 0 1 1 1 0 3 1 0 5 0 3 3 3 3 5 12 1 5 2 3
21111310 506 3 3 3 2 1 0 3 1 0 0 0 0 0 1 2 2 1 1 3 0 4 3 3 0 12 4 5 0 7 6 0
21111312 496 6 2 3 2 1 1 2 1 0 3 1 0 0 0 0 2 3 1 1 3 2 3 0 0 5 1 3 2 12 4 0 0 1 0
21111313 541 1 1 1 0 2 1 0 0 0 0 1 0 0 2 5 8 12 0 2 5 8 1 0 3 5 0 1 4 0
21111314 515 1 2 1 0 3 1 0 0 0 0 0 1 0 0 0 3 1 0 3 5 3 0 3 4 7 1 2 3 12
21111315 584 2 2 1 1 0 3 1 0 0 0 0 1 1 0 0 3 0 0 12 3 0 0 5 5 6 0 4 3 2 1
21111316 547 8 3 3 1 2 1 1 1 3 1 0 3 1 0 0 0 0 4 1 3 12 6 3 2 5 4 1 0 4 2 2 0 0 0 2 0
21111317 602 4 2 2 1 2 1 0 1 1 0 0 0 0 1 3 0 12 6 4 1 9 5 0 0 4 0 3 3 0 0 3 0
21111318 588 11 2 3 2 1 1 1 3 3 3 2 1 1 0 2 1 0 0 0 0 4 3 4 0 1 0 0 12 4 3 2 6 5 3 0 3 3 3 0
21111319 612 5 1 3 1 2 3 1 0 2 1 0 0 0 0 2 1 2 3 5 12 0 2 3 3 0 0 4 1 2 1 0 3 0
21111320 600 11 3 1 3 2 1 2 3 2 1 2 1 1 0 3 1 0 0 0 0 4 4 3 12 2 3 3 5 6 4 2 1 7 5 3 3 4 1 0
21111321 569 3 2 2 2 1 0 3 1 0 0 0 0 0 3 0 12 3 1 1 3 5 5 0 1 4 3 0 2 1 0 0
21111322 633 5 3 3 2 1 2 1 0 1 1 0 0 0 0 1 2 2 0 3 0 1 0 4 12 3 1 4 5 6 3 2 3 2
21111323 587 3 3 3 3 1 0 2 1 0 0 0 0 0 0 3 0 1 0 0 2 3 4 1 0 0 5 3 3 7 6 12
21111324 514 6 3 2 3 3 2 1 1 0 1 1 0 0 0 0 1 2 3 0 12 8 4 0 4 5 4 0 3 2 0 3 0 0 1
21111325 575 4 2 3 1 3 1 0 1 1 0 0 0 0 1 1 2 12 3 1 1 8 6 5 2 2 5 4 0 0 3 0 2
21111326 565 5 2 1 3 1 3 1 0 2 1 0 0 0 0 2 1 2 0 2 0 0 2 3 1 3 0 0 5 6 3 1 3 12
21111327 488 0 1 0 3 1 0 0 0 0 0 0 0 0 0 0 3 3 1 0 3 2 7 3 4 4 7 12 0
21111328 538 10 3 2 2 3 1 3 1 2 1 1 1 0 3 1 0 0 0 0 4 3 3 0 0 0 2 3 0 0 0 4 3 1 3 5 12 2 0
21111329 486 8 2 3 1 2 2 3 3 1 1 0 1 1 0 0 0 0 2 3 3 1 0 0 0 0 3 2 4 3 4 3 6 3 3 6 12
21111330 548 7 1 2 2 3 1 3 2 1 0 1 1 0 0 0 0 2 3 2 12 3 3 2 8 6 4 0 1 6 3 0 0 2 1 0
21111331 481 9 1 1 2 3 2 1 1 3 2 1 0 2 1 0 0 0 0 4 3 2 0 4 3 0 3 1 3 0 5 5 3 0 12 2 6 3
21111332 492 7 1 2 3 3 3 1 1 1 0 2 1 0 0 0 0 3 1 3 3 1 3 0 3 5 12 0 4 3 8 2 2 2 4 1
21111333 521 7 1 2 3 3 2 2 1 1 0 1 1 0 0 0 0 2 3 2 0 0 2 4 0 3 4 3 1 4 12 3 0 3 0 0
21111334 559 10 3 1 1 3 3 2 2 1 3 2 1 0 2 1 0 0 0 0 3 3 4 0 3 4 0 12 4 0 0 6 5 1 0 2 4 4 1
21111335 590 2 3 1 1 0 1 1 0 0 0 0 1 0 1 3 0 4 0 2 5 5 3 2 3 4 12 1 0 2 3
21111336 525 2 1 2 1 0 1 1 0 0 0 0 1 1 0 2 5 12 2 3 5 6 1 0 0 3 0 3 0 0 0
21111337 591 4 1 2 3 1 1 0 2 1 0 0 0 0 2 1 1 2 12 1 8 3 9 3 4 0 1 5 4 0 2 3 6
21111338 530 0 1 0 2 1 0 0 0 0 0 0 0 2 2 0 0 5 4 1 1 7 5 4 0 12 3 1 0
21111339 492 7 3 3 1 2 3 2 2 1 0 1 1 0 0 0 0 1 3 3 0 0 1 0 4 0 2 0 6 4 3 1 12 4 4 0
21111340 529 8 3 2 1 1 2 3 2 1 1 0 2 1 0 0 0 0 3 3 2 0 0 0 3 0 1 0 1 2 2 5 6 3 0 1 12
21111341 567 6 1 3 2 1 2 3 1 0 2 1 0 0 0 0 2 2 2 2 0 0 0 3 1 5 1 12 5 3 3 2 4 1 0
21111342 497 9 1 3 3 2 1 3 3 1 1 1 0 2 1 0 0 0 0 4 1 4 0 0 2 1 0 0 4 6 0 2 3 7 2 4 6 12
21111343 533 9 1 2 1 2 3 1 3 3 1 3 1 7 0.33333333333333331 8 0.33333333333333331 9 0.33333333333333331 4 2 3 3 3 3 0 6 6 1 2 12 7 3 0 0 0 2 2
21111344 514 4 1 2 2 3 1 0 1 1 0 0 0 0 1 2 1 0 0 1 0 3 12 2 3 0 4 5 1 0 3 4 2
21111345 520 6 3 2 3 1 3 2 1 0 2 1 0 0 0 0 1 2 3 0 3 0 0 0 3 5 12 1 5 5 6 1 2 1 3
21111346 530 5 3 2 3 3 1 1 0 1 1 0 0 0 0 1 1 3 12 2 1 4 6 5 6 0 3 2 0 1 2 0 0 0
21111347 560 4 1 3 2 1 1 0 2 1 0 0 0 0 2 1 1 0 3 4 5 3 0 5 8 0 4 1 12 0 2 0 0
21111348 597 6 2 3 1 2 3 1 1 0 2 1 0 0 0 0 2 2 2 5 12 7 1 1 4 3 2 2 5 3 0 1 3 0 0
21111349 586 1 1 1 0 1 1 0 0 0 0 1 0 0 2 2 2 1 3 6 5 3 12 5 5 0 6 3 0 0
21111350 522 5 3 2 1 1 3 1 0 1 1 0 0 0 0 2 1 2 0 12 5 2 1 2 6 6 0 5 3 6 0 0 2 3
21111351 566 5 3 3 3 2 1 1 0 3 1 0 0 0 0 1 1 3 2 2 1 3 0 3 3 4 1 5 3 12 1 2 0 0
21111352 598 3 1 1 2 1 0 1 1 0 0 0 0 2 1 0 3 0 3 3 2 2 4 0 4 5 6 0 4 5 12 0
21111353 583 1 1 1 0 2 1 0 0 0 0 1 0 0 3 1 0 0 4 4 3 0 5 1 2 1 12 2 2 0
21111354 526 3 1 3 1 1 0 3 1 0 0 0 0 2 0 1 1 2 3 0 0 2 4 5 0 3 6 8 3 4 2 12
21111355 566 4 1 3 2 1 1 0 2 1 0 0 0 0 2 1 1 0 0 2 8 0 1 7 5 3 3 5 4 2 1 12 3
21111356 551 11 3 3 1 2 2 3 1 1 3 2 2 1 0 1 1 0 0 0 0 3 4 4 3 1 0 0 3 0 4 0 1 6 4 5 2 12 4 2
21111357 553 0 1 0 1 1 0 0 0 0 0 0 0 2 5 7 12 0 4 6 4 0 3 5 3 0 0 0 3
21111358 564 1 2 1 0 2 1 0 0 0 0 0 1 0 1 1 12 0 8 6 5 3 0 3 3 0 0 0 3 0
21111359 461 1 3 1 0 1 1 0 0 0 0 0 0 1 0 1 8 0 0 2 5 4 2 3 4 6 0 4 4 12
21111360 517 6 2 2 3 1 3 1 1 0 1 1 0 0 0 0 2 2 2 4 8 12 3 2 5 1 0 5 2 2 3 3 0 1 0
21111361 582 10 1 1 3 2 3 1 2 2 3 1 1 0 2 1 0 0 0 0 4 3 3 0 0 0 3 2 0 3 4 0 4 5 6 1 6 7 12
21111362 545 5 1 3 3 3 1 1 0 2 1 0 0 0 0 2 0 3 0 2 0 2 0 1 4 3 1 4 6 4 2 5 7 12
21111363 625 11 2 1 2 3 1 1 3 3 1 3 2 1 0 2 1 0 0 0 0 4 3 4 0 1 0 0 2 2 1 0 0 1 6 2 0 12 3 4
21111364 564 8 2 1 3 1 3 2 1 3 1 0 2 1 0 0 0 0 3 2 3 0 0 1 0 2 2 4 0 4 6 1 0 12 1 3 2
21111365 506 1 1 1 0 2 1 0 0 0 0 1 0 0 1 0 0 0 3 4 12 0 5 3 2 4 2 1 3 0
21111366 616 6 1 2 3 2 3 2 1 0 1 1 0 0 0 0 1 3 2 12 8 5 1 3 7 4 0 3 2 0 0 0 0 1 0
21111367 553 9 3 1 3 2 2 1 1 2 3 1 0 3 1 0 0 0 0 3 3 3 12 4 3 4 4 5 3 1 1 3 0 0 2 2 0 0
21111368 512 7 1 3 2 2 2 2 1 1 0 3 1 0 0 0 0 2 4 1 0 0 3 0 3 4 3 1 3 2 4 1 1 12 5 3
21111369 460 1 1 1 0 2 1 0 0 0 0 1 0 0 12 1 3 0 6 4 5 0 4 4 1 2 0 0 2 0
21111370 495 0 1 0 1 1 0 0 0 0 0 0 0 0 0 2 1 0 3 3 4 2 3 6 12 0 2 1 0
21111371 545 0 1 0 3 1 0 0 0 0 0 0 0 1 0 0 0 2 3 0 7 3 5 6 3 3 4 12 0
21111372 534 11 2 1 1 1 2 3 1 3 3 2 3 1 0 2 1 0 0 0 0 4 3 4 0 0 3 4 0 1 4 6 2 12 6 3 0 0 8 3
21111373 516 0 1 0 1 1 0 0 0 0 0 0 0 1 3 0 3 12 2 0 0 7 6 2 3 1 5 4 2
21111374 554 2 3 3 1 0 1 1 0 0 0 0 0 0 2 3 12 3 2 3 5 3 1 3 2 5 4 3 0 0 0
21111375 597 2 2 3 1 0 1 1 0 0 0 0 0 1 1 0 8 4 2 2 1 3 3 0 1 12 9 0 4 4 4
21111376 481 1 2 1 0 1 1 0 0 0 0 0 1 0 0 1 0 0 3 4 2 2 3 5 1 1 12 2 3 3
21111377 554 9 1 2 2 1 1 3 2 2 1 1 0 3 1 0 0 0 0 4 4 1 0 3 0 0 3 2 0 0 5 5 7 3 12 1 5 4
21111378 617 8 3 2 1 2 1 1 2 3 1 0 3 1 0 0 0 0 3 3 2 0 2 4 12 0 4 6 4 0 0 3 3 3 0 1 4
21111379 603 11 2 2 3 1 3 3 2 1 1 3 1 1 0 2 1 0 0 0 0 4 3 4 1 3 3 12 0 2 4 5 2 3 1 1 0 0 0 2
21111380 550 7 2 3 1 1 1 2 2 1 0 3 1 0 0 0 0 3 3 1 3 5 12 0 3 1 2 2 4 6 4 0 0 1 3 0
21111381 566 0 1 0 2 1 0 0 0 0 0 0 0 0 0 1 2 1 3 4 3 3 5 3 0 3 3 6 12
21111383 588 7 2 2 2 3 1 1 1 1 0 2 1 0 0 0 0 3 3 1 0 3 3 0 0 1 3 0 4 5 5 4 0 7 12 4
21111384 612 10 1 1 3 2 1 2 2 3 2 3 1 0 3 1 0 0 0 0 3 4 3 4 5 12 0 6 5 5 1 1 4 4 0 0 3 2 0
21111386 563 11 2 2 1 3 2 3 1 1 3 2 1 1 0 3 1 0 0 0 0 4 4 3 0 1 4 12 3 3 3 7 3 4 5 4 0 2 0 3
21111387 493 3 3 2 1 1 0 1 1 0 0 0 0 1 1 1 3 12 6 3 0 1 3 3 3 6 2 2 0 0 0 3
21111388 490 8 3 1 2 3 3 2 1 2 1 0 1 1 0 0 0 0 2 3 3 3 0 4 0 3 1 2 0 12 5 3 0 5 3 2 1
21111389 656 10 2 2 1 3 1 3 1 2 3 1 1 0 3 1 0 0 0 0 4 3 3 1 3 4 2 0 0 2 5 2 0 3 12 0 0 0 1
21111390 521 11 1 3 2 3 1 1 2 3 2 1 2 3 1 4 0.33333333333333331 5 0.33333333333333331 6 0.33333333333333331 4 4 3 3 0 5 1 0 3 1 12 1 4 2 2 0 0 4 2
21111392 509 0 1 0 1 1 0 0 0 0 0 0 0 1 2 0 0 3 2 3 0 3 4 6 3 12 3 2 1
21111393 576 10 1 3 3 2 3 1 2 2 1 1 1 0 2 1 0 0 0 0 4 3 3 0 2 0 0 4 3 3 0 1 3 6 1 12 3 2 3
21111394 566 6 1 3 2 3 2 1 1 0 1 1 0 0 0 0 2 2 2 3 0 2 6 1 1 4 0 4 2 5 0 2 7 12 0
21111395 646 2 2 3 1 0 3 1 0 0 0 0 0 1 1 4 1 12 3 4 5 2 0 2 1 1 5 0 3 0 3
21111396 484 8 2 3 2 2 3 1 1 1 1 0 3 1 0 0 0 0 3 3 2 1 0 0 0 2 3 2 12 3 2 4 4 3 0 1 1
21111397 492 8 1 1 2 3 3 3 2 3 1 0 2 1 0 0 0 0 2 2 4 12 3 1 2 5 4 4 0 3 5 3 0 1 3 7 0
21111398 564 2 1 3 1 0 2 1 0 0 0 0 1 0 1 0 0 0 2 2 0 0 3 0 1 12 5 0 1 3 4
21111399 627 7 2 2 1 2 3 3 1 1 0 1 1 0 0 0 0 2 3 2 0 3 5 12 1 2 3 8 1 3 5 2 0 0 3 3
21111400 618 9 1 2 3 3 2 3 1 2 3 1 0 1 1 0 0 0 0 2 3 4 12 6 6 0 3 6 2 6 1 4 1 0 0 2 0 0
21111401 549 0 1 0 3 1 0 0 0 0 0 0 0 12 5 2 3 6 4 5 0 4 3 3 1 2 1 0 0
21111402 462 3 1 2 2 1 0 3 1 0 0 0 0 1 2 0 3 0 0 0 4 4 0 0 5 7 0 0 12 5 4 1
21111403 603 8 2 3 1 3 1 1 3 2 1 0 3 1 0 0 0 0 3 2 3 0 0 0 2 0 4 12 3 2 2 5 1 1 0 3 3
21111404 482 8 3 2 3 1 3 1 3 2 3 1 7 0.33333333333333331 8 0.33333333333333331 9 0.33333333333333331 2 2 4 0 0 0 2 12 1 4 2 2 4 4 1 3 1 7 5
21111406 611 9 1 1 3 3 3 1 1 2 2 1 0 2 1 0 0 0 0 4 2 3 0 6 12 2 3 5 1 2 3 4 1 3 0 0 0 2
21111408 551 3 1 2 3 1 0 2 1 0 0 0 0 1 1 1 4 12 0 0 1 8 5 1 3 4 4 0 0 3 0 2
21111409 522 0 1 0 2 1 0 0 0 0 0 0 0 0 0 4 3 0 2 6 3 0 1 5 3 3 4 1 12
21111410 524 0 1 0 1 1 0 0 0 0 0 0 0 0 8 2 2 4 7 3 1 1 6 3 0 2 12 3 0
21111411 589 10 3 2 1 2 1 3 1 3 3 2 1 0 2 1 0 0 0 0 3 3 4 0 1 0 1 3 2 0 0 4 5 3 0 5 12 3 0
21111412 491 5 1 2 2 1 3 1 0 1 1 0 0 0 0 2 2 1 3 4 5 2 3 5 3 3 0 2 3 12 0 0 0 1
21111413 522 6 1 1 2 2 3 1 1 0 3 1 0 0 0 0 3 2 1 3 2 4 12 0 3 5 7 3 3 2 8 0 0 1 0
21111414 607 6 2 2 1 1 1 3 1 0 3 1 0 0 0 0 3 2 1 2 0 0 3 4 3 0 0 4 6 3 0 12 5 4 0
21111415 568 7 2 2 3 1 1 1 3 1 0 1 1 0 0 0 0 3 2 2 0 2 0 0 3 5 3 2 0 7 5 3 0 12 4 3
21111416 575 3 3 1 1 1 0 1 1 0 0 0 0 2 0 1 4 2 0 0 5 5 2 0 6 3 3 2 12 3 3 0
21111417 529 2 3 2 1 0 1 1 0 0 0 0 0 1 1 0 1 0 2 2 4 3 0 7 1 3 1 12 3 2 0
21111419 473 9 2 3 3 1 2 2 2 1 1 1 0 1 1 0 0 0 0 3 4 2 3 3 6 3 0 3 4 3 0 2 4 12 0 3 1 3
21111420 678 1 1 1 0 3 1 0 0 0 0 1 0 0 0 1 0 1 3 2 9 4 3 5 2 0 6 12 2 0
21111421 591 0 1 0 3 1 0 0 0 0 0 0 0 2 3 4 12 0 1 5 3 1 3 2 3 0 0 2 1
21111422 536 7 3 2 1 2 2 2 3 1 0 1 1 0 0 0 0 1 4 2 3 0 0 0 1 5 3 1 3 5 3 0 12 6 7 0
21111423 549 10 2 2 3 3 1 2 3 1 3 2 1 0 1 1 0 0 0 0 2 4 4 1 0 2 0 12 2 4 0 4 6 5 1 1 2 1 3
21111424 590 11 3 2 2 3 1 1 3 3 2 1 1 1 0 2 1 0 0 0 0 4 3 4 3 0 0 0 4 3 3 0 3 6 2 0 12 3 0 1
21111425 585 3 3 1 2 1 0 1 1 0 0 0 0 1 1 1 0 0 3 1 2 4 2 0 0 6 5 4 0 3 4 12
21111426 610 4 1 3 1 1 3 1 6 0.33333333333333331 7 0.33333333333333331 8 0.33333333333333331 3 0 1 0 2 1 0 3 2 3 5 2 6 4 2 3 7 12 0
21111428 485 1 1 1 0 2 1 0 0 0 0 1 0 0 2 1 5 12 0 4 1 5 0 0 2 4 0 0 3 0
21111429 580 0 1 0 2 1 0 0 0 0 0 0 0 2 3 0 1 0 3 4 5 0 1 5 4 0 4 4 12
21111430 545 10 1 2 1 3 3 1 3 2 1 2 1 0 2 1 0 0 0 0 4 3 3 1 4 3 4 3 2 5 12 0 1 8 0 0 3 2 0
21111431 602 4 3 1 2 1 1 0 2 1 0 0 0 0 2 1 1 12 5 3 3 1 5 6 2 5 4 3 0 0 1 2 0
21111432 476 7 1 2 3 3 1 2 2 1 0 3 1 0 0 0 0 2 3 2 0 6 3 1 2 3 2 0 4 6 4 0 1 1 12 0
21111433 578 6 2 1 2 3 3 1 1 0 3 1 0 0 0 0 2 2 2 0 0 2 1 3 4 4 12 0 4 2 4 0 1 3 3
21111434 550 0 1 0 1 1 0 0 0 0 0 0 0 3 2 2 1 0 4 4 3 0 4 5 12 0 0 8 7
21111435 501 9 1 3 3 1 2 2 3 2 1 1 0 3 1 0 0 0 0 3 3 3 2 1 0 0 3 1 0 2 1 7 4 2 12 3 4 4
21111436 521 10 3 1 2 2 3 2 2 3 1 3 1 0 1 1 0 0 0 0 2 4 4 0 0 1 0 4 1 3 2 0 2 4 5 4 12 1 3
21111437 530 11 3 2 2 3 1 2 1 1 1 3 2 1 0 3 1 0 0 0 0 4 4 3 2 6 1 2 7 6 3 0 12 4 3 0 0 0 1 0
21111438 480 3 1 2 2 1 0 1 1 0 0 0 0 1 2 0 2 4 1 2 1 5 6 4 3 6 3 2 12 1 3 0
21111439 476 0 1 0 1 1 0 0 0 0 0 0 0 0 2 12 3 3 5 3 3 0 3 0 4 0 0 0 5
21111440 469 6 2 1 2 2 3 3 1 0 3 1 0 0 0 0 1 3 2 5 0 0 0 1 1 3 12 0 0 4 5 0 0 3 4
21111441 532 9 1 2 2 2 3 1 3 3 1 1 0 1 1 0 0 0 0 3 3 3 1 3 1 3 12 2 6 0 3 4 0 0 2 2 0 0
21111442 577 11 1 2 2 1 3 3 3 3 1 2 2 1 0 1 1 0 0 0 0 3 4 4 12 2 3 2 4 1 0 0 2 4 1 3 1 3 0 0
21111443 577 1 1 1 0 3 1 0 0 0 0 1 0 0 0 0 0 1 3 2 4 3 2 3 5 6 12 4 3 3
21111444 549 6 2 1 2 3 1 3 1 0 3 1 0 0 0 0 2 2 2 0 3 7 12 2 4 5 5 0 1 3 3 0 0 1 2
21111445 551 11 1 2 3 2 3 1 2 3 1 2 3 1 0 1 1 0 0 0 0 3 4 4 0 0 2 1 0 2 2 1 0 3 5 4 1 12 7 4
21111446 573 6 3 2 1 2 3 3 1 0 3 1 0 0 0 0 1 2 3 0 7 0 1 3 5 12 0 3 5 6 1 2 4 3 0
21111447 527 1 2 1 0 1 1 0 0 0 0 0 1 0 0 3 2 1 4 3 5 3 1 2 4 12 0 0 3 3
21111448 578 9 3 1 2 3 3 2 3 2 1 3 1 7 0.33333333333333331 8 0.33333333333333331 9 0.33333333333333331 2 3 4 1 0 2 0 5 3 2 3 12 3 0 0 4 0 1 1
21111449 507 7 3 3 1 3 1 3 1 1 0 2 1 0 0 0 0 3 0 4 2 4 7 12 1 3 5 2 0 0 3 4 0 0 0 2
21111450 512 6 3 1 2 3 1 1 1 0 1 1 0 0 0 0 3 1 2 0 0 2 2 0 3 6 2 3 2 5 1 3 4 5 12
21111451 420 0 1 0 3 1 0 0 0 0 0 0 0 0 2 0 3 12 3 4 1 7 4 3 0 4 2 1 0
21111452 565 6 1 3 1 3 1 2 1 0 2 1 0 0 0 0 3 1 2 0 3 9 12 1 3 6 2 0 3 4 4 3 0 2 0
21111453 568 8 1 2 3 2 3 1 2 2 1 0 3 1 0 0 0 0 2 4 2 0 2 3 1 1 5 1 6 1 3 3 4 0 4 2 12
21111454 530 2 1 3 1 0 3 1 0 0 0 0 1 0 1 0 0 1 3 0 3 7 12 2 5 3 5 2 1 2 6
21111455 598 7 3 1 2 1 3 1 2 1 0 3 1 0 0 0 0 3 2 2 2 2 3 12 0 1 4 5 0 8 2 3 0 0 0 1
21111456 504 8 2 3 3 3 1 2 3 1 3 1 6 0.33333333333333331 7 0.33333333333333331 8 0.33333333333333331 2 2 4 0 1 1 12 0 0 6 4 0 0 3 4 2 0 2 3
21111457 497 0 1 0 3 1 0 0 0 0 0 0 0 12 7 3 0 5 1 2 0 4 5 2 0 2 1 3 1
21111458 529 5 2 1 3 3 1 1 0 3 1 0 0 0 0 2 1 2 0 0 2 0 0 4 5 12 2 1 4 5 0 0 3 3
21111459 573 10 3 3 2 3 3 1 1 2 1 2 1 0 2 1 0 0 0 0 3 3 4 0 6 1 0 2 1 0 0 3 4 12 0 1 2 5 3
21111460 584 3 2 3 1 1 0 1 1 0 0 0 0 1 1 1 0 12 5 3 0 4 5 2 0 4 3 4 7 0 0 3
21111462 509 4 2 2 2 3 1 0 1 1 0 0 0 0 0 3 1 0 1 0 0 1 3 4 3 0 2 3 4 1 5 4 12
21111463 635 6 3 3 3 2 2 2 1 0 2 1 0 0 0 0 0 3 3 1 1 1 3 3 6 4 0 2 6 1 0 12 6 1 0
21111464 515 3 2 3 3 1 0 3 1 0 0 0 0 0 1 2 3 3 4 2 12 5 1 0 0 1 4 0 2 0 1 0
21111465 583 0 1 0 1 1 0 0 0 0 0 0 0 0 0 4 2 1 3 6 12 3 2 4 3 0 1 2 4
21111466 612 10 2 3 1 2 1 3 1 1 3 2 1 0 2 1 0 0 0 0 4 3 3 5 7 2 2 7 4 3 0 1 5 12 3 3 1 4 0
21111467 519 2 2 1 1 0 3 1 0 0 0 0 1 1 0 3 12 6 7 0 4 4 3 0 1 0 2 0 0 3 0
21111468 562 6 2 3 2 3 1 3 1 0 1 1 0 0 0 0 1 2 3 1 0 0 0 2 2 3 0 4 5 1 3 12 6 1 2
21111469 499 11 2 3 2 3 1 1 3 2 2 1 1 1 0 3 1 0 0 0 0 4 4 3 1 3 3 0 0 12 5 3 2 2 3 4 0 0 0 1
21111470 593 8 1 2 1 2 1 3 3 3 1 0 3 1 0 0 0 0 3 2 3 7 12 3 4 0 3 3 3 0 5 5 3 0 0 2 0
21111471 446 2 1 3 1 0 3 1 0 0 0 0 1 0 1 3 3 12 2 2 6 6 3 0 1 0 1 0 0 2 0
21111472 596 3 1 2 1 1 0 2 1 0 0 0 0 2 1 0 6 4 3 3 0 0 4 4 0 0 6 12 0 0 3 3
21111474 565 4 3 3 2 2 1 0 1 1 0 0 0 0 0 2 2 0 2 4 12 0 8 5 3 0 3 0 4 1 3 0 1
21111475 515 0 1 0 2 1 0 0 0 0 0 0 0 3 1 3 0 3 3 4 0 3 5 3 0 12 6 4 3
21111476 528 2 2 2 1 0 1 1 0 0 0 0 0 2 0 2 1 3 4 3 3 6 7 1 1 8 12 2 0 3 0
21111477 522 6 3 3 1 1 2 2 1 0 2 1 0 0 0 0 2 2 2 0 12 2 7 8 5 4 3 5 3 3 3 0 1 1 5
21111478 591 10 2 3 1 2 3 2 2 1 3 1 1 0 3 1 0 0 0 0 3 4 3 2 2 0 0 3 1 3 1 1 3 5 2 12 5 0 1
21111479 560 2 1 1 1 0 3 1 0 0 0 0 2 0 0 0 0 0 2 2 4 2 3 3 3 3 4 0 12 5 1
21111480 529 2 2 2 1 0 3 1 0 0 0 0 0 2 0 5 1 1 0 7 4 5 3 12 6 1 4 0 3 0 2
21111481 573 8 1 3 2 1 3 2 3 2 1 0 3 1 0 0 0 0 2 3 3 3 5 12 0 1 4 4 0 2 2 0 1 1 0 0 0
21111482 551 2 3 1 1 0 3 1 0 0 0 0 1 0 1 0 0 4 0 0 0 5 12 0 3 7 5 2 3 3 4
21111483 547 6 3 2 1 1 2 1 1 0 2 1 0 0 0 0 3 2 1 0 12 7 5 0 1 5 1 3 4 2 0 0 3 0 2
21111484 544 6 3 2 1 2 3 1 1 0 1 1 0 0 0 0 2 2 2 0 12 3 1 2 3 6 2 0 1 4 3 0 3 2 3
21111485 502 5 1 2 2 2 3 1 0 1 1 0 0 0 0 1 3 1 4 2 1 0 4 2 4 0 1 3 12 1 0 4 0 3
21111486 549 1 3 1 0 1 1 0 0 0 0 0 0 1 0 2 1 0 1 4 2 0 2 6 6 3 3 7 12 0
21111487 589 0 1 0 2 1 0 0 0 0 0 0 0 1 0 0 0 5 12 3 3 4 6 4 5 2 1 5 0
21111488 515 8 1 2 2 3 1 2 3 2 1 0 3 1 0 0 0 0 2 4 2 12 5 1 1 4 4 5 2 3 2 3 3 1 0 1 0
21111489 510 2 3 1 1 0 3 1 0 0 0 0 1 0 1 4 2 1 3 12 5 3 0 1 6 5 2 0 3 2 0
21111490 633 9 2 2 1 2 3 3 2 3 1 1 0 1 1 0 0 0 0 2 4 3 12 4 5 4 2 4 3 0 4 1 0 1 3 0 0 0
21111491 564 9 2 1 2 3 2 3 1 1 3 1 0 2 1 0 0 0 0 3 3 3 1 0 2 0 3 3 3 3 0 4 5 12 1 2 1 3
21111492 597 7 1 2 3 1 2 1 3 1 0 3 1 0 0 0 0 3 2 2 0 0 0 6 3 2 5 12 0 3 5 3 0 1 2 4
21111493 591 2 2 3 1 0 3 1 0 0 0 0 0 1 1 3 7 12 0 3 3 3 0 4 6 1 0 5 1 0 2
21111494 532 9 2 1 3 1 3 2 3 1 2 1 0 1 1 0 0 0 0 3 3 3 3 3 5 12 0 4 4 6 0 2 1 3 0 2 0 3
21111495 606 3 2 3 1 1 0 1 1 0 0 0 0 1 1 1 0 0 0 3 0 0 5 1 0 4 4 2 2 12 6 3
21111496 503 4 1 3 2 2 1 0 2 1 0 0 0 0 1 2 1 0 4 2 12 4 5 1 4 0 4 7 0 3 1 1 0
21111497 563 0 1 0 2 1 0 0 0 0 0 0 0 1 0 0 0 3 3 0 3 2 12 0 0 1 3 6 5
21111499 514 7 3 2 3 1 2 3 2 1 0 1 1 0 0 0 0 1 3 3 3 1 1 0 6 4 4 2 0 6 12 0 0 3 0 3
21111500 431 8 2 3 1 1 2 3 3 2 1 0 1 1 0 0 0 0 2 3 3 3 0 0 0 3 1 6 2 0 2 3 12 1 5 5 3
21111501 482 7 2 2 1 1 1 3 1 1 0 3 1 0 0 0 0 4 2 1 3 2 6 0 2 7 5 4 8 2 7 5 12 5 1 0
21111502 517 3 1 3 2 1 0 2 1 0 0 0 0 1 1 1 3 12 3 3 1 5 5 2 0 4 3 6 0 1 0 0
21111503 583 6 3 3 2 2 2 2 1 0 3 1 0 0 0 0 0 4 2 0 1 0 1 3 1 3 1 5 5 0 0 12 7 3 0
21111504 509 0 1 0 3 1 0 0 0 0 0 0 0 12 3 3 0 8 4 5 3 4 1 2 1 2 0 0 0
21111505 533 8 1 2 1 3 2 2 3 1 1 0 2 1 0 0 0 0 3 3 2 0 0 3 0 3 4 4 0 4 6 2 0 3 1 12 1
21111506 542 1 3 1 0 1 1 0 0 0 0 0 0 1 0 0 3 0 0 0 4 0 2 1 4 2 0 12 6 4
21111507 514 6 2 2 2 1 3 2 1 0 1 1 0 0 0 0 1 4 1 1 0 0 3 0 0 5 3 3 1 5 4 0 5 6 12
21111508 569 0 1 0 1 1 0 0 0 0 0 0 0 0 3 0 2 3 2 3 6 0 1 5 8 0 3 5 12
21111509 498 6 1 3 2 1 2 2 1 0 3 1 0 0 0 0 2 3 1 3 3 0 0 5 4 1 1 3 2 4 2 1 12 4 0
21111510 546 2 3 3 1 0 2 1 0 0 0 0 0 0 2 2 1 4 12 0 3 4 7 0 1 3 3 0 0 0 3
21111511 588 10 1 1 1 3 3 3 2 2 1 2 1 0 2 1 0 0 0 0 4 3 3 3 4 8 12 0 4 5 4 0 3 3 3 0 2 1 0
21111512 529 9 1 1 2 1 3 2 3 2 2 1 0 3 1 0 0 0 0 3 4 2 3 1 0 1 0 2 3 4 3 7 4 3 0 4 4 12
21111513 547 3 1 2 3 1 0 3 1 0 0 0 0 1 1 1 3 2 12 0 5 3 1 3 2 3 3 0 1 0 0 0
21111514 524 0 1 0 3 1 0 0 0 0 0 0 0 0 0 3 1 3 2 1 0 4 5 3 2 12 5 4 0
21111515 567 2 2 1 1 0 1 1 0 0 0 0 1 1 0 3 2 2 3 0 1 6 12 3 5 3 1 3 4 2 3
21111516 531 10 1 1 1 2 3 3 1 3 2 2 1 0 3 1 0 0 0 0 4 3 3 0 0 2 0 12 5 3 0 6 3 1 0 4 2 1 2
21111517 575 11 2 3 3 2 2 1 3 1 2 3 1 1 0 1 1 0 0 0 0 3 4 4 0 12 7 5 1 6 3 1 3 1 2 2 0 0 3 2
21111519 567 8 3 1 3 2 1 3 2 2 1 0 2 1 0 0 0 0 2 3 3 4 6 12 1 2 4 7 3 1 3 4 0 3 1 3 0
21111520 538 6 3 1 3 2 2 1 1 0 3 1 0 0 0 0 2 2 2 0 0 0 1 1 4 3 4 2 6 5 12 0 0 2 8
21111521 504 8 1 2 2 3 2 3 1 3 1 0 1 1 0 0 0 0 2 3 3 12 5 6 1 4 3 2 0 5 0 3 0 3 0 0 0
21111522 509 11 1 1 1 2 1 3 3 2 2 3 3 1 0 2 1 0 0 0 0 4 3 4 3 4 1 3 0 3 12 2 3 3 3 5 3 0 0 6
21111524 627 6 1 2 2 3 3 3 1 0 1 1 0 0 0 0 1 2 3 12 8 5 0 3 7 5 0 3 5 3 1 3 2 0 0
21111525 565 0 1 0 3 1 0 0 0 0 0 0 0 3 3 4 4 3 7 3 3 0 2 3 12 1 0 0 0
21111526 564 3 3 1 1 1 0 3 1 0 0 0 0 2 0 1 2 2 0 0 0 2 7 4 1 3 7 4 0 4 4 12
21111527 561 3 1 2 2 1 0 1 1 0 0 0 0 1 2 0 2 1 12 4 0 4 6 4 0 2 0 0 0 1 0 0
21111528 547 7 2 1 3 2 1 3 1 1 0 1 1 0 0 0 0 3 2 2 0 4 6 12 0 4 4 3 2 0 5 2 0 0 1 2
21111529 560 0 1 0 3 1 0 0 0 0 0 0 0 3 3 0 0 4 6 0 0 7 5 1 0 12 4 4 2
21111530 490 5 1 3 2 1 3 1 0 2 1 0 0 0 0 2 1 2 3 12 2 0 1 5 5 0 4 6 4 0 0 1 2 3
21111531 520 6 2 1 2 1 1 3 3 1 5 0.33333333333333331 6 0.33333333333333331 7 0.33333333333333331 3 2 1 0 3 0 0 12 7 5 3 4 5 3 0 1 2 2 4
21111532 545 5 2 1 3 1 3 1 0 2 1 0 0 0 0 2 1 2 1 4 4 12 2 4 6 7 0 2 4 6 0 1 0 0
21111534 517 10 2 3 1 2 2 3 2 3 1 1 1 0 3 1 0 0 0 0 3 4 3 0 2 6 1 1 3 5 12 0 2 4 4 0 0 3 1
21111535 531 0 1 0 2 1 0 0 0 0 0 0 0 0 2 12 1 0 6 6 5 1 4 5 1 3 4 2 0
21111536 498 10 2 1 1 3 2 2 1 3 3 1 1 0 3 1 0 0 0 0 4 3 3 2 3 3 6 0 4 5 4 0 3 6 12 2 3 1 3
21111537 560 10 3 1 1 2 2 3 3 2 1 2 1 0 3 1 0 0 0 0 3 4 3 1 0 0 0 3 2 0 6 1 4 2 1 12 6 5 3
21111538 568 3 1 1 2 1 0 2 1 0 0 0 0 2 1 0 3 0 5 0 0 4 7 12 3 4 5 1 5 2 2 1
21111540 595 6 2 1 2 3 1 1 1 0 3 1 0 0 0 0 3 2 1 2 3 2 0 4 3 3 4 12 1 3 3 0 0 3 0
21111541 479 3 3 2 1 1 0 1 1 0 0 0 0 1 1 1 12 4 1 0 6 5 3 0 4 2 2 0 0 1 0 2
21111542 459 3 1 2 2 1 0 3 1 0 0 0 0 1 2 0 4 4 12 0 3 3 5 1 3 1 3 0 2 0 0 0
21111544 543 2 2 3 1 0 3 1 0 0 0 0 0 1 1 0 1 0 0 12 2 2 0 1 7 5 1 3 5 3 3
21111545 536 7 2 3 3 3 2 1 1 1 0 3 1 0 0 0 0 2 2 3 12 5 3 2 4 5 1 0 4 3 2 0 0 0 1 0
21111546 535 9 3 1 3 1 2 2 3 2 1 1 0 3 1 0 0 0 0 3 3 3 1 1 2 12 0 3 2 5 2 5 4 3 0 0 1 7
21111547 570 9 1 3 3 1 3 2 3 1 1 1 0 2 1 0 0 0 0 4 1 4 2 3 4 1 3 3 5 0 6 9 5 3 12 3 2 2
21111548 513 8 2 2 3 3 3 1 1 1 1 0 3 1 0 0 0 0 3 2 3 2 12 2 0 1 5 7 3 2 6 3 2 1 1 4 0
21111550 537 6 3 1 1 2 2 2 1 0 1 1 0 0 0 0 2 3 1 4 12 3 0 3 4 3 0 3 0 0 3 8 3 0 0
21111551 604 7 3 1 3 3 2 2 2 1 0 1 1 0 0 0 0 1 3 3 0 0 1 3 0 2 0 5 1 1 1 12 0 4 2 2
21111552 594 0 1 0 2 1 0 0 0 0 0 0 0 0 0 0 1 1 2 2 1 3 6 7 12 5 3 4 3
21111553 503 4 2 1 1 2 1 0 2 1 0 0 0 0 2 2 0 0 5 3 0 0 8 4 3 0 1 3 0 3 1 12 2
21111554 478 3 2 3 1 1 0 3 1 0 0 0 0 1 1 1 4 3 3 1 6 5 1 2 12 2 4 0 0 3 0 0
21111555 509 9 2 1 3 3 1 3 3 2 2 1 0 1 1 0 0 0 0 2 3 4 1 3 5 12 0 2 3 5 6 8 1 3 0 2 0 0
21111556 557 7 1 1 3 1 1 2 2 1 0 3 1 0 0 0 0 4 2 1 0 0 7 12 0 6 5 5 0 0 4 4 2 0 2 0
21111557 576 2 1 1 1 0 2 1 0 0 0 0 2 0 0 3 1 0 0 2 4 2 5 0 3 5 1 0 2 7 12
21111558 542 2 1 3 1 0 3 1 0 0 0 0 1 0 1 0 3 3 12 0 4 3 4 0 1 5 3 2 2 0 0
21111559 532 0 1 0 3 1 0 0 0 0 0 0 0 12 3 3 5 3 5 5 1 0 2 5 2 0 0 1 0
21111560 542 6 3 3 2 1 1 1 1 0 1 1 0 0 0 0 3 1 2 0 2 4 0 2 3 3 5 0 0 6 6 0 12 7 2
21111561 540 11 2 3 3 2 1 3 2 1 3 1 1 1 0 2 1 0 0 0 0 4 3 4 0 4 7 12 0 3 5 7 2 3 3 5 0 3 3 1
21111562 505 8 1 2 2 1 3 1 1 2 1 0 2 1 0 0 0 0 4 3 1 3 0 3 0 0 0 4 5 0 1 5 8 0 2 5 12
21111563 527 7 3 1 3 2 2 3 3 1 0 1 1 0 0 0 0 1 2 4 0 0 0 1 2 3 2 2 5 1 5 3 1 3 5 12
21111564 563 4 3 2 3 2 1 0 1 1 0 0 0 0 0 2 2 3 1 4 1 0 7 4 0 5 8 12 0 5 0 0 2
21111565 562 0 1 0 2 1 0 0 0 0 0 0 0 12 2 5 3 1 5 3 0 1 3 0 1 0 4 2 0
21111566 560 10 3 1 2 2 3 1 2 2 1 1 1 0 3 1 0 0 0 0 4 4 2 0 3 0 0 12 4 3 2 6 5 4 1 3 0 0 3
21111567 543 0 1 0 2 1 0 0 0 0 0 0 0 0 0 1 4 2 0 2 3 4 5 1 1 0 3 12 3
21111568 575 4 1 1 2 3 1 0 3 1 0 0 0 0 2 1 1 4 1 5 4 12 4 4 0 0 7 5 2 2 2 1 0
21111569 538 0 1 0 1 1 0 0 0 0 0 0 0 4 6 12 0 4 5 3 0 4 2 2 0 0 0 3 1
21111570 482 10 1 3 2 2 3 3 2 3 2 1 3 1 7 0.33333333333333331 8 0.33333333333333331 9 0.33333333333333331 2 4 4 4 4 4 6 12 1 4 0 4 3 2 1 0 1 0 0
21111571 552 2 3 2 1 0 1 1 0 0 0 0 0 1 1 3 2 0 0 2 3 1 3 0 1 4 5 0 4 3 12
21111572 569 5 3 1 3 2 1 3 1 5 0.33333333333333331 6 0.33333333333333331 7 0.33333333333333331 2 1 2 0 3 8 3 0 6 7 7 1 2 3 12 2 0 0 0
21111573 519 1 3 1 0 3 1 0 0 0 0 0 0 1 2 5 0 0 3 3 1 1 12 4 0 0 5 2 0 0
21111574 550 10 2 1 2 1 3 3 3 2 1 3 3 1 4 0.33333333333333331 5 0.33333333333333331 6 0.33333333333333331 3 3 4 1 5 2 3 4 4 3 0 12 0 0 2 3 1 0 0
21111575 590 0 1 0 2 1 0 0 0 0 0 0 0 4 2 12 0 3 3 3 3 3 5 7 1 3 1 0 0
21111576 573 2 3 2 1 0 3 1 0 0 0 0 0 1 1 1 1 0 0 12 3 3 2 5 5 3 0 0 1 0 2
21111577 504 10 3 3 2 2 1 2 3 2 3 1 1 0 1 1 0 0 0 0 2 4 4 7 12 3 1 2 4 3 0 3 2 3 1 0 0 1 0
21111578 556 4 1 3 2 3 1 0 1 1 0 0 0 0 1 1 2 0 1 3 12 2 4 5 3 0 3 0 5 0 0 2 0
21111579 691 9 1 1 3 2 3 2 2 2 1 1 0 1 1 0 0 0 0 3 4 2 0 12 4 3 3 2 3 5 0 0 3 1 0 0 3 0
21111580 484 10 3 3 1 1 1 3 2 2 1 2 1 0 3 1 0 0 0 0 4 3 3 12 5 3 3 5 3 4 0 6 7 3 0 2 0 0 0
21111581 618 4 3 3 1 1 1 0 1 1 0 0 0 0 2 0 2 0 0 0 2 0 0 0 2 0 2 1 4 2 6 5 12
21111582 508 9 3 3 3 2 1 1 2 2 1 1 0 3 1 0 0 0 0 3 3 3 0 0 0 7 0 0 2 3 1 0 5 3 3 3 4 12
21111583 478 10 3 2 1 3 2 1 1 3 1 2 1 0 3 1 0 0 0 0 4 3 3 3 3 3 3 3 5 3 2 0 1 3 12 0 2 0 0
21111584 578 3 3 2 3 1 0 1 1 0 0 0 0 0 1 2 3 4 1 2 4 6 3 0 12 3 5 0 2 0 1 0
21111585 629 3 2 2 1 1 0 3 1 0 0 0 0 1 2 0 12 1 3 1 3 7 3 2 3 4 0 0 0 6 0 0
21111586 511 6 1 1 2 3 2 1 1 0 1 1 0 0 0 0 3 2 1 0 0 0 2 3 4 3 2 0 4 4 3 0 4 7 12
21111587 508 10 2 3 3 1 2 3 1 2 3 1 1 0 2 1 0 0 0 0 3 3 4 0 0 0 2 0 0 1 3 1 3 4 5 0 3 6 12
21111588 566 0 3 1 4 0.33333333333333331 5 0.33333333333333331 6 0.33333333333333331 0 0 0 2 4 4 3 0 0 1 12 0 3 3 3 0 0 0 3
21111589 556 2 2 3 1 0 1 1 0 0 0 0 0 1 1 3 3 3 3 4 6 12 0 4 4 3 0 0 3 0 0
21111591 508 8 2 1 3 1 2 2 3 3 1 0 1 1 0 0 0 0 2 3 3 0 4 3 3 3 5 3 4 3 1 5 12 0 0 2 0
21111592 569 11 3 3 2 3 1 1 2 2 2 1 1 1 0 3 1 0 0 0 0 4 4 3 12 4 3 0 5 6 4 1 3 4 2 0 2 1 0 0
21111594 544 9 2 1 2 3 3 2 1 3 1 1 0 1 1 0 0 0 0 3 3 3 0 0 3 0 0 3 1 0 3 5 2 4 12 4 3 2
21111595 512 8 2 2 2 1 1 1 3 3 1 0 3 1 0 0 0 0 3 3 2 0 12 3 1 0 3 6 2 2 1 4 3 0 0 0 3
21111596 558 6 2 3 1 1 2 1 1 0 3 1 0 0 0 0 3 2 1 3 1 2 3 0 4 5 3 0 2 4 3 0 0 4 12
21111597 532 7 3 3 1 2 1 3 3 1 0 2 1 0 0 0 0 2 1 4 1 0 0 1 2 3 6 0 3 3 2 0 12 4 3 0
21111598 522 10 3 3 2 3 3 1 2 1 2 1 1 0 2 1 0 0 0 0 3 3 4 0 1 2 0 1 3 3 3 3 5 4 4 0 1 2 12
21111600 600 0 1 0 1 1 0 0 0 0 0 0 0 0 1 0 1 12 4 2 0 2 4 3 0 4 2 0 0
21111602 568 9 2 1 2 3 3 2 1 2 3 3 1 7 0.33333333333333331 8 0.33333333333333331 9 0.33333333333333331 2 4 3 3 1 3 1 3 2 4 0 1 5 12 0 0 3 0 0
21111603 528 0 1 0 2 1 0 0 0 0 0 0 0 2 3 7 12 0 1 3 5 0 3 1 3 0 0 0 4
21111604 629 8 2 3 3 1 2 2 1 2 1 0 3 1 0 0 0 0 2 4 2 0 1 2 12 1 6 5 4 1 3 0 7 0 1 0 2
21111605 562 11 3 3 1 1 2 2 3 1 2 2 3 1 0 1 1 0 0 0 0 3 4 4 1 12 8 2 0 4 4 3 0 4 1 3 0 2 0 0
21111606 578 3 1 2 3 1 0 2 1 0 0 0 0 1 1 1 3 0 0 0 6 3 2 1 7 4 4 0 12 5 1 0
21111607 544 7 3 3 1 2 2 1 1 1 0 1 1 0 0 0 0 3 2 2 0 0 6 3 0 0 4 3 2 3 7 2 3 3 3 12
21111608 553 0 1 0 2 1 0 0 0 0 0 0 0 1 4 12 0 4 5 8 3 3 1 3 0 2 0 0 3
21111609 600 2 2 3 1 0 2 1 0 0 0 0 0 1 1 0 7 0 1 0 0 7 3 0 3 5 4 1 3 5 12
21111610 540 8 3 3 2 3 3 1 2 1 1 0 1 1 0 0 0 0 2 2 4 12 7 5 2 2 5 5 0 3 5 2 0 0 1 1 0
21111611 571 5 2 2 1 1 1 1 0 3 1 0 0 0 0 3 2 0 0 3 4 12 3 4 6 8 0 2 7 6 0 1 2 3
21111612 553 2 3 1 1 0 1 1 0 0 0 0 1 0 1 0 0 2 0 5 0 1 2 7 4 2 0 12 7 4 0
21111613 558 0 1 0 1 1 0 0 0 0 0 0 0 1 0 0 0 3 2 0 0 4 5 3 2 4 5 12 0
21111614 537 4 2 1 3 1 1 0 2 1 0 0 0 0 2 1 1 0 0 0 3 12 5 3 0 7 6 4 2 1 4 3 3
21111615 507 10 1 1 1 2 2 3 3 1 3 2 1 0 3 1 0 0 0 0 4 3 3 2 0 0 0 0 0 2 5 3 1 5 3 3 4 12 0
21111617 626 2 1 3 1 0 1 1 0 0 0 0 1 0 1 6 0 2 0 5 4 4 0 12 7 2 3 4 2 3 1
21111618 566 0 1 0 2 1 0 0 0 0 0 0 0 0 3 2 0 12 4 0 1 3 4 4 0 1 5 6 8
21111619 514 4 2 3 3 1 1 0 3 1 0 0 0 0 1 1 2 3 4 1 3 1 0 2 12 0 5 6 1 0 2 2 3
21111620 563 3 3 2 2 1 0 1 1 0 0 0 0 0 2 1 0 3 0 0 2 3 6 1 12 5 1 0 1 3 0 2
21111621 574 5 2 1 1 2 3 1 0 3 1 0 0 0 0 2 2 1 12 1 2 0 6 3 4 0 2 3 1 0 2 4 1 3
21111622 550 0 1 0 2 1 0 0 0 0 0 0 0 0 0 4 4 0 2 1 12 0 0 1 6 2 0 1 3
21111623 614 8 1 1 2 2 2 3 3 1 1 0 1 1 0 0 0 0 3 3 2 3 1 0 0 5 4 2 0 6 3 3 0 12 3 2 3
21111624 557 10 1 3 2 1 2 1 3 3 2 2 1 0 3 1 0 0 0 0 3 4 3 4 5 12 0 4 5 3 0 3 2 3 1 1 0 0 0
21111625 517 3 1 2 3 1 0 1 1 0 0 0 0 1 1 1 0 4 7 12 0 3 6 4 3 6 4 7 0 2 3 0
21111626 541 8 2 2 1 1 3 3 2 2 1 0 1 1 0 0 0 0 2 4 2 12 3 1 0 3 5 2 0 4 4 0 3 1 0 0 0
21111627 539 0 1 0 2 1 0 0 0 0 0 0 0 12 6 3 2 5 3 1 0 0 1 3 0 3 0 0 0
21111628 561 8 2 1 1 3 1 1 2 3 1 0 2 1 0 0 0 0 4 2 2 0 2 0 0 12 1 3 3 8 8 5 2 6 5 3 0
21111629 509 8 3 3 1 3 2 1 3 2 1 0 1 1 0 0 0 0 2 2 4 2 0 3 4 0 1 5 12 0 0 2 1 0 0 5 2
21111630 493 0 1 0 3 1 0 0 0 0 0 0 0 2 0 2 1 0 1 2 1 0 4 3 4 0 4 3 12
21111631 538 10 1 2 3 1 2 2 2 3 3 1 1 0 1 1 0 0 0 0 3 4 3 12 3 1 0 3 1 4 3 2 6 3 2 3 0 0 0
21111632 527 3 2 1 2 1 0 3 1 0 0 0 0 1 2 0 0 0 0 3 1 2 6 12 6 7 6 7 0 3 4 1
21111633 584 5 3 3 1 3 2 1 0 1 1 0 0 0 0 1 1 3 0 0 3 0 0 3 12 3 4 2 4 2 1 2 0 1
21111634 597 8 1 1 1 3 2 2 2 3 1 0 2 1 0 0 0 0 3 3 2 3 0 0 3 0 3 0 6 3 1 4 4 0 12 8 5
21111635 572 7 3 1 2 3 2 1 2 1 0 1 1 0 0 0 0 2 3 2 1 4 12 3 2 4 3 8 0 3 1 5 0 2 0 0
21111636 554 10 2 1 1 1 1 3 3 3 2 3 1 0 2 1 0 0 0 0 4 2 4 2 0 1 0 3 5 4 5 4 3 2 1 2 3 3 12
21111637 558 11 2 2 3 1 1 1 1 2 3 2 3 3 1 7 0.33333333333333331 8 0.33333333333333331 9 0.33333333333333331 4 4 3 0 0 0 3 3 7 1 0 3 6 3 2 4 5 12 0
21111638 502 5 3 2 1 1 3 1 0 1 1 0 0 0 0 2 1 2 2 7 8 2 12 6 5 0 3 4 0 2 0 1 0 3
21111639 557 11 3 3 1 2 2 2 1 2 1 3 1 1 0 3 1 0 0 0 0 4 4 3 0 4 4 12 0 2 5 3 0 0 6 1 3 2 0 1
21111640 539 11 2 1 3 2 3 3 1 1 1 3 2 1 0 2 1 0 0 0 0 4 3 4 2 4 12 0 3 4 3 7 4 5 3 0 0 6 1 0
21111641 547 8 2 1 1 3 3 3 2 1 1 0 2 1 0 0 0 0 3 2 3 0 2 2 0 3 0 3 0 3 0 5 1 12 3 4 1
21111642 511 8 3 1 2 1 2 2 3 3 3 1 4 0.33333333333333331 5 0.33333333333333331 6 0.33333333333333331 2 3 3 2 4 6 1 0 4 4 5 1 4 6 12 0 0 0 3
21111643 572 4 1 1 2 3 1 0 3 1 0 0 0 0 2 1 1 3 3 1 0 12 4 4 0 2 4 2 2 0 1 0 0
21111644 542 5 2 3 3 1 1 1 0 1 1 0 0 0 0 2 1 2 5 0 0 0 2 6 3 0 2 6 1 0 12 7 3 2
21111645 528 7 3 3 1 2 2 3 2 1 0 2 1 0 0 0 0 1 3 3 0 3 1 6 1 0 5 12 0 0 4 3 0 3 1 0
21111647 596 5 2 1 2 2 1 1 0 1 1 0 0 0 0 2 3 0 0 0 1 0 0 0 5 4 2 3 4 5 3 0 12 5
21111648 511 9 1 3 1 2 3 2 3 1 3 1 0 2 1 0 0 0 0 3 2 4 7 12 8 5 3 2 4 4 0 4 1 1 0 2 0 0
21111649 535 7 3 1 3 1 1 3 2 1 0 2 1 0 0 0 0 3 1 3 3 2 0 0 2 3 3 4 0 8 7 5 1 3 3 12
21111650 488 5 1 3 2 3 2 1 0 1 1 0 0 0 0 1 2 2 0 4 12 4 5 4 5 1 3 0 3 3 0 0 2 0
21111651 509 2 3 3 1 0 1 1 0 0 0 0 0 0 2 0 1 2 12 1 5 6 7 2 3 5 5 0 2 0 0
21111652 576 4 2 3 3 3 1 0 3 1 0 0 0 0 0 1 3 0 2 3 1 0 1 3 12 2 3 6 6 0 0 0 1
21111653 582 6 3 1 2 3 1 3 1 0 3 1 0 0 0 0 2 1 3 12 7 4 0 4 4 1 2 0 5 0 2 1 2 0 0
21111654 512 11 3 3 1 1 2 2 3 3 2 2 1 1 0 1 1 0 0 0 0 3 4 4 0 1 0 2 0 0 5 3 2 1 2 5 0 4 1 12
21111655 506 5 2 1 2 3 1 1 0 2 1 0 0 0 0 2 2 1 3 3 5 12 4 4 7 9 0 1 4 1 2 0 3 0
21111656 551 11 1 1 2 2 1 2 3 3 3 3 2 1 0 1 1 0 0 0 0 3 4 4 3 1 0 7 2 2 6 5 0 5 8 1 0 12 5 3
21111657 521 5 1 1 3 2 3 1 0 2 1 0 0 0 0 2 1 2 3 5 3 4 1 3 4 12 0 0 2 3 0 0 2 1
21111658 483 6 1 1 2 3 3 1 1 0 2 1 0 0 0 0 3 1 2 4 7 12 2 4 5 3 0 0 3 4 0 0 0 3 0
21111659 507 1 3 1 0 2 1 0 0 0 0 0 0 1 4 2 1 1 7 4 4 4 12 4 6 0 0 1 2 0
21111660 513 3 3 3 2 1 0 1 1 0 0 0 0 0 1 2 2 0 0 0 4 3 0 6 3 4 5 0 1 12 5 0
