0 3 3 3 0 3 4 13 2 3 5 5 0 1 0 2 10 2 3 1 3 3 1 1 2 3 2 1 1 1 945 3 3 4
0 0 1 2 0 4 8 9 2 7 7 13 3 3 4 4 9 1 1 3 2 1 1 2 3 3 1 2 1 985 4 2 3
5 6 7 10 2 4 8 3 2 13 4 0 2 0 0 3 6 2 1 3 1 3 1 1 1 1 1025 3 1 2
2 3 9 10 5 13 8 0 5 2 1 3 3 0 1 0 3 3 2 3 1 1 1 1065 0 1 2
0 0 2 4 0 1 13 11 1 0 1 8 3 4 8 2 0 1 2 1 1105 0 0 0
3 0 1 0 8 13 3 1 3 11 1 2 9 2 3 0 10 3 1 3 2 2 2 1 3 1 2 1 3 1 1145 3 4 3
0 3 13 2 3 11 6 0 0 8 9 4 4 8 4 3 7 1 1 2 2 2 3 1 1 1 1 1185 3 3 1
2 13 2 3 2 10 11 4 4 8 4 3 1 4 0 3 4 1 2 1 3 1 1 1 1225 2 1 1
3 1 0 3 2 1 1 8 3 7 4 4 9 13 6 1 8 3 2 2 2 3 3 2 1 1 3 1 807 1 4 3
5 3 0 2 8 3 2 2 10 6 3 0 7 13 4 0 7 3 1 1 3 2 3 1 1 1 1 847 3 1 3
0 0 1 0 3 3 2 0 7 5 3 2 11 13 5 3 5 2 3 1 1 3 1 3 1 887 2 1 2
3 0 1 4 3 5 5 6 0 3 4 8 5 8 11 13 3 1 2 3 1 2 1 927 1 1 1
2 7 5 2 1 4 6 3 3 3 11 9 4 8 10 13 1 1 1 3 1 967 1 0 0
3 0 3 0 5 3 0 1 3 5 4 2 13 8 3 0 8 1 3 2 3 2 3 2 1 1 1 1 742 2 3 3
1 0 1 0 0 2 5 0 4 5 4 2 4 13 9 4 5 3 1 2 3 2 1 1 1 782 1 2 2
3 3 3 3 0 1 5 4 1 8 7 5 3 13 9 3 4 2 3 2 1 1 2 1 822 1 2 1
0 3 0 0 1 2 4 3 0 11 7 4 0 13 4 4 1 2 1 1 1 862 0 1 0
2 1 3 1 11 8 13 5 2 1 6 5 0 3 3 0 9 2 2 1 3 2 1 3 2 3 1 1 1 902 2 4 3
3 4 2 13 3 1 5 9 2 5 11 2 3 0 0 1 5 3 3 1 1 2 1 3 1 942 2 1 2
3 9 8 4 11 7 5 1 2 3 4 13 0 3 2 6 5 2 1 1 3 3 3 6 0.33333333333333331 7 0.33333333333333331 8 0.33333333333333331 982 2 1 2
12 5 2 0 2 1 5 3 4 6 7 13 3 2 1 1 3 3 3 2 1 1 1 1022 0 1 2
1 3 13 1 3 7 4 2 2 8 5 0 4 1 0 1 1 2 1 2 1 809 0 1 0
5 4 3 0 9 7 4 0 13 3 5 0 4 1 2 3 11 3 1 1 2 3 3 3 2 2 1 2 1 1 1 849 3 4 4
5 3 0 3 7 4 2 0 9 8 4 3 6 13 10 1 9 3 2 1 2 2 1 3 1 1 1 2 1 889 4 3 2
2 6 5 3 12 13 5 2 0 2 6 1 3 0 3 1 7 1 1 1 2 2 2 1 1 3 1 929 4 3 0
4 0 0 0 5 3 3 1 13 8 4 0 12 8 1 0 6 3 3 2 3 1 2 1 2 1 969 1 2 3
0 2 0 4 1 3 4 3 13 7 4 3 12 9 6 5 2 1 2 1 3 1 1009 1 1 0
3 2 4 2 5 3 3 0 13 8 8 4 12 9 1 0 1 3 1 1 1 1049 0 0 1
1 4 0 0 8 2 1 0 13 10 2 0 12 4 1 3 9 2 2 3 2 1 1 1 3 3 1 2 1 1089 3 3 3
2 1 4 2 4 4 3 0 3 2 13 0 3 4 0 0 7 1 2 3 1 3 1 1 1 2 1 990 4 1 2
7 8 1 0 9 13 3 2 7 2 1 0 0 2 3 3 6 1 2 3 1 2 1 1 3 1 1030 3 2 1
3 4 3 2 3 10 13 4 10 2 10 5 3 3 3 7 5 2 2 1 1 1 1 1 1 1070 3 2 0
3 2 13 4 2 11 10 2 6 9 9 3 2 0 1 3 4 1 1 1 1 1 2 1 1110 4 0 0
5 5 5 3 9 7 13 2 12 3 6 0 2 10 2 1 2 1 1 1 3 1 1150 2 0 0
0 3 3 1 1 2 13 5 2 6 4 3 0 3 8 3 4 3 2 2 1 1 1 1 839 1 2 1
8 13 5 2 4 10 1 0 4 4 1 3 1 2 0 0 2 3 3 1 2 1 879 0 0 2
0 0 0 4 2 10 13 3 1 3 9 4 2 0 0 3 10 3 1 3 2 1 3 1 2 1 3 1 2 1 919 4 2 4
3 5 10 1 5 6 7 9 0 3 2 13 0 1 0 1 7 3 3 2 2 3 3 2 1 1 1 959 0 3 4
5 11 13 1 4 8 7 2 1 5 3 0 0 3 1 1 4 2 2 3 3 1 2 1 999 0 2 2
0 0 1 10 2 3 13 6 3 6 4 12 2 1 3 4 4 3 1 2 1 1 2 1 1039 2 1 1
10 5 2 12 13 8 5 3 6 5 0 0 3 0 3 1 2 2 1 1 3 1 1079 1 1 0
0 3 5 11 4 13 5 12 3 1 1 4 2 0 0 4 0 1 2 1 1119 0 0 0
3 0 0 2 3 1 13 3 3 6 5 4 1 5 2 3 10 1 2 2 1 2 3 1 3 3 2 1 1 1 929 3 4 3
9 13 3 3 8 6 3 3 4 4 3 0 3 3 3 0 9 2 2 2 1 1 1 2 1 3 1 3 1 969 4 4 1
3 13 3 1 10 10 4 3 3 3 5 0 2 1 1 0 7 2 2 3 1 2 3 3 3 5 0.42857142857142855 6 0.2857142857142857 7 0.2857142857142857 1009 1 3 3
4 3 0 0 11 3 3 2 3 8 1 0 2 8 13 0 6 1 3 3 1 2 1 1 2 1 1049 3 1 2
0 3 1 0 4 4 3 0 11 7 6 1 9 10 13 3 4 3 2 2 3 1 3 1 1089 0 2 2
0 0 3 0 4 0 0 1 7 13 4 3 12 5 4 0 2 2 2 1 1 1 1129 0 2 0
12 1 6 5 5 8 5 0 13 4 4 2 2 3 1 0 1 2 1 1 1 1169 0 1 0
3 9 2 0 12 7 4 1 13 5 3 0 4 3 3 3 11 3 1 3 1 2 2 2 2 1 3 1 1 3 1 1209 4 4 3
0 1 1 3 0 2 13 8 0 1 0 6 2 0 3 6 7 3 2 2 1 3 3 1 1 2 1 801 2 2 3
3 3 3 10 0 0 1 3 2 2 6 8 0 0 5 13 6 3 3 1 2 1 1 1 2 1 841 3 1 2
2 0 0 4 0 3 6 7 3 4 7 1 0 1 4 13 0 1 2 1 938 0 0 0
2 1 2 0 3 5 13 4 1 8 9 0 3 11 10 10 3 2 3 1 3 4 0.54545454545454553 5 0.27272727272727276 6 0.18181818181818185 978 1 1 1
4 3 13 2 0 0 7 8 0 3 7 9 3 0 1 12 11 3 1 1 3 3 2 2 1 2 2 3 1 1 1 1018 3 4 4
1 3 4 3 0 3 1 6 4 6 13 10 3 6 12 2 8 2 3 3 3 1 3 2 2 1 1 1 1058 1 3 4
3 3 4 5 1 5 7 10 2 3 13 2 1 0 8 12 6 3 3 1 3 2 1 1 2 1 1098 2 1 3
0 1 11 0 3 4 2 1 9 9 13 0 3 4 8 12 5 3 2 3 2 1 1 3 1 1138 1 2 2
1 4 13 3 1 3 1 3 2 3 4 2 2 1 0 0 1 2 3 7 0.2857142857142857 8 0.2857142857142857 9 0.42857142857142855 874 0 1 0
3 4 4 9 0 1 7 13 2 4 5 6 3 0 0 7 10 2 3 3 1 1 1 2 2 2 3 1 1 1 914 3 4 3
3 11 4 13 3 9 4 3 5 3 1 0 2 3 0 0 8 3 2 3 2 2 1 3 1 1 1 1 954 2 3 3
5 6 9 11 4 5 7 13 4 4 1 2 2 3 0 0 4 3 3 1 1 1 2 1 994 2 0 2
3 2 10 11 0 6 7 13 0 4 5 3 6 3 0 3 2 1 1 1 2 1 1034 2 0 0
2 0 13 12 1 0 6 2 1 2 5 7 3 4 3 3 0 1 1 1 1074 0 0 0
2 3 13 9 3 5 4 12 0 1 0 7 0 2 0 5 9 2 2 3 1 1 1 3 2 1 1 3 1 1114 4 3 2
0 3 0 4 3 6 13 2 0 0 6 10 3 3 4 12 8 2 3 1 2 2 1 1 3 1 1 1 1154 3 3 2
2 4 1 0 4 5 0 3 3 8 0 0 13 8 3 0 11 1 2 1 2 3 2 1 3 1 3 3 1 2 1 852 4 3 4
4 3 3 0 5 5 3 2 13 7 6 3 9 8 8 0 10 1 2 1 1 2 2 3 3 3 1 1 3 1 892 4 3 3
1 6 3 0 8 7 5 1 13 10 5 3 2 9 0 0 8 3 3 3 2 1 2 2 3 1 1 1 932 1 3 4
13 11 3 4 9 7 6 3 0 4 6 3 3 2 0 2 7 2 1 3 2 1 1 1 1 3 1 972 4 2 1
13 11 3 1 9 9 3 0 2 2 5 0 3 3 2 1 4 1 3 2 3 1 1 1 1012 1 1 2
13 11 3 0 10 8 2 0 5 5 3 3 9 4 4 2 3 1 1 2 1 1 1 1052 2 1 0
1 0 0 0 0 13 3 3 1 11 11 3 3 2 5 2 11 1 1 2 1 2 3 1 3 3 2 3 1 2 1 1092 4 3 4
12 13 2 3 1 6 7 2 2 4 5 0 2 4 1 1 7 2 2 1 3 1 3 3 1 1 1 1132 2 2 3
1 4 1 3 0 6 4 8 0 2 3 13 0 3 0 0 4 3 1 2 2 1 3 1 863 1 2 1
5 4 4 1 4 7 3 0 1 7 8 0 2 10 13 0 2 1 2 1 2 1 903 1 1 0
0 0 2 4 0 1 6 6 0 3 8 9 3 3 10 13 11 2 1 1 2 3 3 1 2 3 2 1 1 3 1 943 4 4 3
2 2 1 4 1 4 3 5 0 3 5 11 0 2 0 13 7 3 2 3 3 1 2 1 1 1 1 983 2 2 3
0 4 4 5 0 5 5 7 2 5 6 11 1 1 5 13 4 3 3 2 3 1 3 1 1023 0 1 3
0 3 3 9 3 5 13 11 1 2 4 4 0 2 0 1 0 1 3 1 1063 0 0 0
9 13 1 0 4 5 3 0 4 8 2 4 3 7 12 1 0 1 2 1 1103 0 0 0
2 0 9 0 3 5 13 5 0 10 6 5 2 3 12 1 9 3 1 3 1 1 2 3 1 2 1 2 1 1143 4 2 3
0 0 2 0 1 6 2 0 13 4 9 0 7 2 0 1 10 3 2 1 1 2 1 2 3 3 3 1 1 1 837 3 3 4
2 4 4 0 13 5 10 0 1 4 6 3 3 0 4 0 7 2 2 1 3 2 1 3 1 1 1 877 2 3 2
3 5 3 1 13 6 5 9 5 3 8 10 3 0 4 3 6 3 2 3 2 1 1 1 2 1 917 2 2 2
0 2 1 0 13 11 0 0 5 6 5 3 3 3 2 1 2 3 3 1 3 1 957 0 0 2
2 1 0 2 0 6 5 3 11 8 4 3 13 7 8 10 2 3 3 1 1 1 997 0 0 2
0 0 3 2 0 1 12 6 10 13 1 4 10 2 2 5 2 3 3 1 1 1 1037 0 0 2
3 1 4 1 13 1 2 2 7 5 4 1 8 2 4 1 1 2 1 2 1 799 0 1 0
3 3 2 3 6 4 3 2 13 6 1 2 9 0 1 2 9 1 2 3 1 3 2 3 3 1 1 1 1 839 3 2 4
0 2 2 4 3 3 1 3 5 8 3 2 13 10 7 1 8 3 1 3 2 2 1 1 2 1 1 1 879 3 3 2
0 4 7 9 3 2 7 4 0 3 13 3 1 0 2 10 6 1 3 3 1 3 2 1 3 1 919 2 1 3
0 3 13 3 3 3 8 9 3 6 7 10 3 0 4 5 2 3 1 1 2 1 959 1 0 1
0 4 11 13 0 0 4 7 0 3 4 5 2 3 3 3 10 1 1 3 3 2 2 1 1 3 3 1 2 1 999 4 2 4
0 3 10 11 0 3 8 13 3 3 7 5 0 0 5 3 8 2 2 1 2 3 2 1 1 1 1 1 1039 3 4 1
1 5 10 11 3 3 9 13 0 1 6 1 0 2 5 5 5 3 2 2 3 1 1 2 1 1079 1 2 2
5 2 0 2 1 4 1 5 13 4 0 0 3 4 3 0 8 2 2 1 3 1 1 2 3 1 3 1 810 3 3 2
2 1 0 2 0 13 10 3 0 5 8 3 0 4 4 2 5 1 2 1 3 3 1 1 1 850 2 1 2
4 1 0 0 4 3 3 3 4 6 4 3 10 9 13 4 2 2 2 1 1 1 890 0 2 0
4 2 3 3 3 5 4 0 3 8 4 3 11 9 13 1 11 2 1 2 3 3 3 2 2 1 1 1 1 3 1 930 4 4 3
0 0 1 3 3 2 5 5 11 10 13 3 3 0 1 2 8 2 1 1 2 3 3 3 1 1 2 1 970 3 2 3
0 2 4 4 13 8 10 3 1 3 8 11 0 2 3 0 5 2 1 2 1 3 1 1 1 1010 2 2 1
0 1 3 0 0 3 6 2 3 8 6 3 1 13 7 1 5 2 1 2 3 2 1 3 1 789 1 3 1
1 3 2 0 7 3 4 0 13 6 2 3 10 9 3 1 2 1 2 1 3 1 829 1 1 0
1 4 1 2 6 5 3 4 13 8 5 5 10 9 6 6 1 2 1 3 1 869 0 1 0
2 3 7 11 13 8 5 1 3 1 2 0 0 0 3 0 0 1 3 1 909 0 0 0
1 8 6 2 2 5 5 3 13 5 10 3 3 1 11 3 11 3 1 3 3 2 3 2 1 2 1 1 1 2 1 949 4 3 4
3 10 13 2 3 6 1 0 4 4 1 0 2 7 0 0 11 3 1 3 1 3 3 2 2 2 2 1 1 1 1 979 3 4 4
10 13 1 0 9 8 3 0 7 4 4 0 1 5 2 1 9 1 3 3 3 3 2 1 2 2 1 2 1 1019 2 3 4
13 4 4 4 11 5 3 0 5 6 2 0 1 2 2 2 6 2 3 1 1 3 1 1 1 1 1059 3 1 2
13 8 6 5 11 7 4 3 1 2 3 3 0 0 0 3 3 3 2 1 1 3 1 1099 1 1 1
13 9 10 1 11 7 5 4 5 8 4 0 4 4 0 1 3 3 2 3 1 2 1 1139 0 1 2
0 0 2 2 2 0 1 13 1 5 8 3 12 7 9 4 2 1 3 1 3 1 1179 1 0 1
3 2 1 3 0 3 4 2 6 13 3 1 12 10 5 3 10 1 3 1 3 2 1 1 2 3 2 1 2 1 1219 4 3 3
3 0 7 2 3 2 8 13 4 12 1 0 2 3 10 9 9 1 3 1 1 2 3 1 3 3 1 2 1 1259 4 1 4
5 1 1 0 9 4 7 2 8 6 6 3 1 13 2 0 9 2 2 3 1 3 1 3 1 2 1 2 1 923 3 3 3
1 9 9 10 1 4 8 13 0 3 5 6 0 0 3 3 8 2 1 1 2 2 2 3 3 1 3 1 963 2 4 2
2 5 9 11 0 3 4 13 0 0 2 5 1 0 0 3 5 3 3 1 1 2 1 3 1 1003 2 1 2
7 0 9 11 2 7 8 13 0 5 4 5 2 1 3 4 4 1 3 1 2 1 3 1 1043 2 1 1
1 4 11 3 1 4 6 10 2 5 7 13 4 6 3 3 2 2 2 1 1 1 1083 0 2 0
1 9 11 1 2 1 13 10 3 4 6 6 3 2 3 2 11 2 3 3 1 1 1 2 1 2 2 3 1 3 1 1123 4 4 3
1 13 11 1 2 9 8 10 5 5 5 4 3 2 3 7 8 3 1 2 1 3 1 2 2 1 3 1 1163 3 3 2
0 2 1 0 4 2 7 3 3 1 8 0 1 4 13 8 6 3 2 3 3 1 2 1 3 1 1101 1 2 3
2 4 2 10 13 5 0 1 8 3 6 4 2 2 0 0 5 1 3 1 3 1 1 3 1 1141 3 0 2
0 3 3 0 13 2 4 1 11 8 4 1 3 5 4 2 5 2 1 3 2 1 3 5 0.42857142857142855 6 0.2857142857142857 7 0.2857142857142857 1181 2 2 1
13 3 5 4 7 9 3 4 11 2 0 3 3 0 0 0 2 1 2 1 1 1 1221 1 1 0
0 3 13 1 0 5 5 7 2 1 9 8 3 4 2 11 11 1 1 2 3 1 1 2 3 3 2 2 1 3 1 1261 4 4 3
2 0 0 0 3 5 4 1 4 4 13 5 6 10 11 7 8 2 3 1 2 1 2 3 3 1 1 1 1301 2 3 3
1 0 2 1 1 4 6 0 10 5 7 13 2 4 8 11 4 3 3 2 1 1 2 1 1341 1 1 2
3 1 3 13 3 5 7 12 0 4 3 2 3 0 0 0 2 2 3 1 1 1 1381 0 1 1
4 3 7 4 2 1 13 5 0 0 3 2 0 0 0 2 5 3 1 1 3 2 1 1 1 798 2 1 2
3 3 0 0 1 8 4 3 13 6 5 3 9 2 5 1 3 2 2 1 1 3 1 838 1 2 0
0 1 13 4 9 7 6 4 0 9 5 2 0 10 0 1 3 1 2 3 1 2 1 878 1 1 1
3 13 3 3 8 7 5 0 11 8 5 2 3 3 3 0 1 1 1 3 1 918 1 0 0
2 1 13 8 10 5 6 9 3 11 5 5 0 3 3 2 10 2 1 1 1 1 3 3 3 2 2 1 3 1 958 4 3 3
2 2 13 10 0 3 7 12 0 1 3 7 0 3 3 5 9 3 1 1 3 3 1 2 1 2 1 2 1 998 4 2 3
4 7 3 3 3 7 13 10 3 12 9 0 3 0 2 0 7 2 1 2 3 1 2 1 1 1 1 1038 3 3 1
3 1 10 4 12 5 10 2 5 3 13 4 0 1 3 3 4 1 2 2 2 1 1 1 1078 1 3 0
3 1 4 3 0 2 4 3 1 4 13 4 0 3 4 4 0 1 2 1 735 0 0 0
2 1 0 0 4 0 3 0 8 13 4 4 9 4 1 2 9 3 3 1 2 3 1 3 2 1 1 2 1 775 3 2 4
2 3 0 0 3 7 6 2 1 8 7 4 13 9 3 0 7 1 3 2 1 1 3 2 1 3 1 815 3 2 2
5 3 1 2 8 5 1 0 13 8 3 4 3 10 3 1 5 2 3 3 2 1 1 2 1 855 1 2 2
3 3 5 0 9 3 3 3 13 9 7 2 4 10 1 3 4 2 1 1 2 1 3 1 895 2 2 0
4 2 1 0 6 6 3 2 13 5 5 2 11 9 0 1 2 3 1 1 3 1 935 1 0 1
1 4 2 0 3 6 4 0 10 5 5 2 13 11 1 3 11 1 1 3 2 3 3 2 2 3 1 2 1 1 1 975 3 4 4
3 0 4 1 5 0 2 0 13 7 8 2 11 10 2 1 8 2 3 1 3 3 1 2 1 1 3 1 1015 3 2 3
13 5 2 3 6 4 6 0 1 4 2 0 1 0 3 0 11 3 1 1 1 2 3 1 2 2 3 3 1 2 1 863 4 3 4
3 0 0 3 1 2 4 1 9 8 4 5 13 7 6 4 9 3 2 1 2 1 3 1 2 3 1 2 1 903 3 3 3
0 0 0 1 1 2 3 3 10 7 4 3 13 6 5 3 6 3 3 2 1 1 2 1 2 1 943 2 2 2
0 1 0 3 3 3 1 2 10 7 5 3 9 13 8 5 3 2 1 3 1 2 1 983 1 1 1
2 7 5 1 3 13 11 9 0 3 2 0 0 2 8 0 2 1 3 1 1 1 1023 1 0 1
0 0 0 1 3 4 4 6 13 2 4 2 1 10 11 4 10 3 2 2 3 2 1 1 1 3 2 1 1 1 1063 3 4 3
2 0 3 0 3 4 0 5 13 11 6 1 4 8 11 3 9 3 2 3 1 1 1 2 2 3 3 6 0.33333333333333331 7 0.33333333333333331 8 0.33333333333333331 1103 3 3 3
6 13 4 3 12 10 4 2 10 7 1 0 4 3 3 2 10 3 2 3 2 1 1 3 1 1 3 1 2 1 1143 4 2 4
13 3 0 0 1 4 3 0 3 5 4 2 9 0 0 1 1 3 1 2 1 820 0 0 1
9 13 7 8 10 6 6 4 1 2 3 3 0 0 2 0 0 1 1 1 860 0 0 0
3 2 0 1 1 4 0 0 8 4 6 0 13 11 7 3 9 2 3 3 1 2 1 2 2 1 1 3 1 900 3 4 2
3 5 3 3 11 7 13 0 9 8 7 4 1 3 3 1 8 3 2 3 2 3 1 2 1 1 2 1 940 2 3 3
0 1 2 0 5 6 13 0 3 8 5 4 11 10 1 3 5 3 1 2 3 3 1 2 1 980 1 1 3
1 3 5 8 2 3 7 13 5 8 7 5 0 3 11 10 2 3 2 1 1 1 1020 0 1 1
0 0 2 9 1 1 9 13 2 4 9 5 3 11 10 3 11 1 3 2 1 1 3 2 2 1 2 3 1 3 1 1060 4 4 3
10 5 9 13 7 12 5 0 1 6 3 2 2 2 1 0 8 2 3 1 1 3 3 3 1 1 2 1 1100 3 1 4
13 4 2 0 9 5 3 1 5 3 2 0 4 2 0 0 5 1 3 3 1 2 1 1 1 805 2 1 2
13 4 0 2 9 5 3 0 8 7 2 0 3 0 3 0 2 1 3 1 1 1 845 1 0 1
0 5 4 4 0 13 6 1 9 11 1 3 0 2 0 3 0 1 2 1 885 0 0 0
2 10 7 2 13 7 4 5 11 3 4 1 1 3 6 3 10 3 1 2 2 1 1 3 3 1 2 1 2 1 925 4 3 3
1 12 7 13 2 4 4 6 0 0 3 4 0 0 0 2 10 1 2 1 3 2 3 2 3 1 1 1 3 1 965 4 3 3
1 9 12 13 2 4 6 8 0 4 6 0 2 4 4 3 7 3 1 3 1 1 2 3 1 2 1 1005 3 1 3
3 11 12 13 1 3 6 6 0 2 0 4 0 0 1 0 4 2 2 1 1 1 2 1 1045 2 2 0
5 11 12 13 0 3 5 9 1 2 3 4 3 0 2 1 1 2 1 1 1 1085 0 1 0
4 1 3 4 0 3 3 13 0 5 5 4 0 3 6 1 7 2 2 2 3 1 2 1 1 3 1 866 2 4 1
4 5 8 10 1 4 6 13 2 5 5 1 1 2 0 1 6 2 3 2 1 3 2 1 3 1 906 1 3 2
3 5 9 10 3 4 6 13 2 4 4 3 1 0 0 0 2 1 2 1 3 1 946 1 1 0
4 7 9 10 3 5 7 13 0 3 5 4 1 2 1 3 10 3 2 3 1 3 2 1 2 1 2 1 3 1 986 3 4 3
6 0 0 9 4 10 10 1 3 13 2 0 1 1 3 0 8 1 3 2 2 2 3 2 3 1 1 1 1026 1 4 3
0 4 13 11 0 4 8 9 2 4 5 7 1 0 2 5 6 1 2 3 3 1 2 1 1 1 1066 2 2 2
0 3 3 11 3 5 13 10 0 5 7 2 2 0 1 3 3 2 1 3 1 1 1 1106 1 1 1
7 11 2 10 1 8 13 4 0 5 3 3 0 0 0 1 0 1 2 1 1146 0 0 0
0 1 0 4 0 0 4 3 0 5 6 3 1 2 3 13 5 1 2 2 1 3 1 2 1 842 2 2 1
0 5 2 1 3 2 5 2 4 7 5 3 5 6 5 13 3 1 3 1 3 5 0.42857142857142855 6 0.2857142857142857 7 0.2857142857142857 882 2 0 1
10 1 2 3 2 3 6 4 3 13 1 4 2 4 0 0 0 1 1 1 922 0 0 0
1 7 2 13 3 4 7 10 3 5 4 3 1 0 0 3 8 2 3 3 2 3 1 2 1 1 3 1 962 2 3 3
3 3 3 4 4 4 5 2 1 13 6 8 2 10 9 3 6 2 1 3 1 2 1 1 3 1 1002 3 2 1
2 1 0 0 2 4 3 1 3 4 5 5 1 13 11 3 2 3 2 1 3 1 1042 0 1 1
4 1 3 3 5 4 0 0 13 5 2 2 11 8 1 0 11 2 1 2 3 2 3 2 1 1 3 1 1 3 1 1082 4 4 3
1 0 2 2 4 4 1 0 13 4 2 0 11 9 4 0 7 3 3 2 1 2 1 1 1 3 1 1122 3 2 2
3 1 3 3 3 6 2 0 4 4 5 0 1 13 4 0 4 1 1 2 2 1 2 1 739 2 2 0
2 4 4 5 2 3 5 8 0 0 3 13 0 0 1 4 0 1 1 1 779 0 0 0
3 5 9 3 1 4 13 1 2 0 2 0 0 3 3 0 8 3 1 3 2 1 3 2 1 1 2 1 819 3 2 3
0 3 0 1 13 7 0 3 9 6 6 3 1 3 3 4 5 3 1 2 3 2 1 2 1 859 1 2 2
0 9 13 2 1 8 7 2 0 6 5 1 0 4 4 3 2 3 3 1 3 1 899 0 0 2
10 13 9 1 5 6 8 3 2 1 0 3 2 0 0 0 2 3 1 1 2 1 939 1 0 1
11 13 9 3 0 9 4 3 1 4 2 4 0 3 0 0 11 3 1 2 2 1 3 3 1 2 2 3 1 1 1 979 3 4 4
3 13 9 5 11 10 8 3 2 1 6 3 0 6 3 6 0 1 3 1 1019 0 0 0
1 1 3 13 3 3 5 4 0 2 3 2 0 1 2 0 5 1 3 3 3 3 1 2 1 992 1 0 4
4 2 1 13 3 7 7 4 8 0 3 2 10 0 0 1 5 3 1 2 2 3 1 1 1 1032 1 2 2
5 0 5 7 6 5 4 3 9 7 3 0 13 10 3 0 4 2 1 1 2 1 3 1 1072 2 2 0
3 3 3 3 5 4 5 3 11 9 4 3 13 0 0 9 2 2 3 1 1 1 1112 0 1 1
0 2 0 3 5 4 4 0 11 8 1 0 13 10 5 0 11 1 3 2 1 2 2 3 1 1 2 3 1 3 1 1152 4 4 3
3 4 4 9 7 7 3 0 11 8 7 7 13 10 3 3 11 3 2 1 3 1 2 3 2 2 1 3 1 1 1 1192 3 4 4
0 2 4 3 0 8 7 4 1 12 6 1 10 13 6 4 10 2 3 1 2 3 3 2 1 2 1 1 3 1 1232 3 4 3
0 1 0 2 2 3 3 6 5 5 12 8 10 13 9 1 9 1 2 1 1 3 3 3 2 2 3 4 0.54545454545454553 5 0.27272727272727276 6 0.18181818181818185 1272 3 3 3
5 2 13 0 4 5 9 3 3 5 9 3 0 3 0 0 5 2 1 3 1 1 1 2 1 876 3 1 1
0 0 1 1 0 1 4 0 2 6 5 13 4 10 9 3 3 3 2 3 1 2 1 916 0 1 2
0 4 4 6 11 8 13 5 10 9 2 4 3 0 3 0 2 1 2 1 1 1 956 1 1 0
1 4 6 3 2 3 5 13 0 1 12 9 0 2 6 3 2 3 3 1 3 1 996 0 0 2
13 9 2 0 6 7 12 3 3 6 8 0 3 3 3 1 11 3 3 1 1 1 2 2 3 2 3 2 1 1 1 1036 3 4 4
11 5 4 0 13 12 3 0 7 6 3 0 5 4 3 3 9 2 3 3 2 1 1 2 1 2 1 1 1 1076 3 4 2
10 11 2 0 13 12 3 0 8 7 6 3 5 4 4 2 7 1 2 1 1 1 2 3 1 3 1 1116 4 2 1
13 9 5 3 2 4 4 0 1 1 3 0 0 0 2 0 11 1 1 2 2 3 3 1 3 1 2 3 1 2 1 862 4 3 4
2 13 9 3 8 6 10 1 5 5 4 3 6 4 3 0 11 2 1 1 3 3 3 1 1 2 2 2 1 3 1 902 4 4 3
5 2 13 1 1 11 7 7 0 4 0 4 0 0 0 3 8 2 2 1 2 3 1 1 2 1 3 1 942 3 4 1
3 11 13 3 10 7 6 4 4 5 8 0 3 9 3 2 7 1 3 2 3 1 3 2 1 1 1 982 2 2 3
0 4 12 13 0 1 3 7 0 4 5 8 4 1 3 5 6 1 3 3 2 2 3 1 2 1 1022 1 2 3
3 12 13 1 0 7 5 9 4 2 5 2 3 0 1 2 4 1 2 3 1 1 3 1 1062 2 1 1
9 1 1 13 8 3 4 2 0 3 3 2 0 2 3 1 3 3 1 2 1 3 1 824 1 1 1
10 13 7 0 8 7 4 2 6 4 4 0 4 1 3 3 1 1 1 2 1 864 1 0 0
10 13 3 1 9 6 2 1 7 5 5 4 5 4 4 1 9 3 2 3 2 2 2 3 1 3 1 1 1 904 1 4 4
10 13 3 1 9 7 9 2 8 6 6 2 3 3 4 1 6 3 2 3 1 1 3 1 2 1 944 2 1 3
1 13 9 2 3 8 6 2 4 4 7 3 5 1 11 5 5 1 3 1 2 3 1 2 1 984 2 1 2
1 0 0 0 3 4 0 0 3 5 6 7 13 5 3 3 7 2 3 3 1 2 3 2 1 1 1 889 1 3 3
0 0 2 2 0 1 3 3 3 5 6 5 5 13 9 6 4 2 3 1 1 1 3 1 929 2 1 1
8 0 1 0 3 0 5 8 3 3 7 9 1 5 13 10 5 1 2 3 2 3 1 2 1 969 1 2 2
0 2 0 4 0 3 0 8 3 0 10 11 2 5 7 13 4 1 3 1 2 1 1 1 1009 2 1 1
13 10 3 0 3 9 3 0 6 4 4 3 12 2 1 3 2 2 3 1 1 1 1049 0 1 1
13 10 2 2 3 9 7 1 3 8 7 3 12 7 2 3 2 1 1 1 3 1 1089 2 0 0
1 11 3 1 10 5 5 4 13 4 7 3 3 12 9 1 4 3 2 2 3 1 2 1 1129 0 2 2
0 2 0 0 3 13 4 1 4 5 5 2 2 3 3 0 9 2 3 2 1 1 3 1 3 3 1 1 1 1007 3 2 4
2 4 1 3 3 5 8 13 2 0 5 9 0 0 3 5 8 3 1 1 2 2 2 1 3 1 1 1 1047 3 3 2
2 1 3 1 3 5 4 3 3 8 8 13 0 1 9 1 4 2 3 3 2 1 2 1 1087 0 2 2
3 1 3 2 1 3 13 1 2 3 7 7 0 0 2 10 0 1 3 1 1127 0 0 0
10 8 9 0 4 5 13 10 3 7 5 0 2 4 4 1 11 1 2 2 2 1 2 1 3 3 1 3 1 3 1 1167 4 4 3
3 4 2 4 4 10 10 0 10 13 7 0 6 4 1 2 8 1 1 3 2 1 2 3 2 1 1 1 1207 3 3 2
5 3 2 2 7 4 1 3 8 13 1 3 0 12 0 2 5 3 2 3 3 1 1 1 1 1247 1 1 3
2 3 0 0 5 3 2 1 9 6 3 0 12 13 6 4 2 1 2 1 1 1 1287 1 1 0
9 4 2 3 1 5 13 0 1 5 2 3 3 0 1 0 6 1 1 2 3 2 2 1 3 1 775 2 3 1
0 2 1 3 1 13 4 0 2 6 4 0 3 3 3 0 11 2 1 2 3 1 3 2 3 2 1 1 1 3 1 831 4 4 3
0 2 13 0 0 3 6 3 3 7 4 6 3 3 3 5 7 2 1 1 1 2 3 3 1 3 1 871 3 2 2
3 9 3 0 4 7 13 0 3 6 6 1 2 0 2 0 4 2 3 1 3 1 1 1 911 1 1 2
13 10 1 2 5 6 4 0 3 3 5 4 1 0 1 2 2 2 2 1 1 1 951 0 2 0
10 8 5 4 13 7 4 3 5 4 3 0 3 0 1 2 11 1 2 1 1 3 2 3 2 3 2 3 1 1 1 991 3 4 4
13 11 7 3 4 5 3 1 3 3 2 0 1 2 0 0 8 2 2 2 3 1 3 1 3 1 1 1 1031 2 3 3
11 8 6 2 13 6 3 1 3 1 1 1 1 0 2 3 4 2 2 2 3 1 3 1 1071 0 3 1
11 8 2 0 13 7 3 3 7 6 6 1 5 0 2 3 1 1 1 3 1 1111 1 0 0
2 3 2 0 5 1 0 0 2 3 1 0 13 5 2 3 9 1 2 1 3 2 3 1 3 1 3 4 0.54545454545454553 5 0.27272727272727276 6 0.18181818181818185 918 4 2 3
10 4 1 0 8 8 4 2 13 3 3 0 7 2 0 1 8 1 1 1 3 3 3 2 2 1 2 1 958 3 2 3
10 2 3 2 9 4 3 0 13 6 3 0 8 5 0 3 4 3 2 1 1 1 1 1 998 2 1 1
3 0 1 0 4 2 3 1 13 11 4 0 2 4 5 0 1 3 1 3 1 1038 0 0 1
13 8 6 3 10 7 4 3 4 11 1 0 3 4 3 3 3 2 3 1 1 2 1 1078 1 1 1
10 13 9 5 11 6 5 4 1 1 6 3 0 2 2 3 0 3 8 0.18181818181818185 9 0.27272727272727276 10 0.54545454545454553 1118 0 0 0
0 1 10 0 0 0 13 4 0 12 5 6 4 5 3 4 9 2 1 2 3 2 1 3 3 1 1 2 1 1158 3 3 3
13 10 8 3 12 5 6 1 8 3 6 1 1 4 3 2 9 2 1 3 2 3 2 3 2 1 1 3 1 1198 2 4 3
0 0 2 1 0 4 2 4 1 6 13 1 2 3 6 1 10 1 3 2 2 3 3 1 2 3 1 1 2 1 919 3 3 4
3 3 0 3 7 3 2 0 8 7 0 0 3 13 0 0 9 3 3 1 3 2 1 1 2 1 1 2 1 959 4 2 3
0 1 0 3 0 0 3 6 3 3 6 8 2 10 13 3 8 3 3 2 1 1 2 1 2 1 3 1 999 3 3 2
3 2 3 0 0 4 7 3 5 4 10 1 4 11 13 3 7 2 2 1 1 3 3 2 1 1 1 1039 2 3 2
3 3 3 2 2 11 7 1 4 10 2 0 13 9 1 0 5 3 2 3 1 1 1 3 1 1079 2 1 2
9 6 3 3 11 8 4 0 10 9 5 7 1 13 3 2 4 3 2 1 3 1 3 1 1119 1 1 2
0 3 3 13 0 3 5 3 3 4 8 4 2 0 0 4 0 1 1 1 745 0 0 0
1 13 7 2 10 7 3 3 3 3 3 4 1 0 2 3 11 1 2 1 3 2 2 1 1 3 3 2 1 3 1 785 4 4 3
3 13 9 5 10 7 8 3 3 3 6 2 0 4 3 1 8 3 3 1 1 2 1 2 2 1 3 1 825 3 3 2
2 1 13 11 0 8 5 5 0 4 7 0 0 1 4 2 6 1 1 3 3 2 2 3 8 0.18181818181818185 9 0.27272727272727276 10 0.54545454545454553 865 2 2 2
5 13 12 2 3 4 2 9 1 7 3 4 3 1 3 1 4 2 2 1 3 1 3 1 905 1 2 1
13 0 2 1 4 9 12 3 8 7 5 4 3 3 1 5 1 3 1 2 1 945 0 0 1
9 0 2 0 3 13 3 1 7 12 3 0 5 10 4 0 11 1 2 3 1 3 1 2 2 2 3 1 1 3 1 985 4 4 3
3 4 6 5 12 11 1 0 1 8 2 3 2 4 13 0 8 3 2 2 3 3 1 1 2 1 1 1 1025 2 3 3
2 1 0 0 4 4 0 0 5 7 3 0 2 6 13 2 6 1 1 3 3 1 3 1 2 1 874 3 0 3
4 3 7 3 3 4 9 13 1 2 3 0 1 5 0 0 3 2 3 2 1 1 1 914 0 2 1
0 0 1 5 3 3 2 2 4 3 10 13 3 4 9 1 2 2 1 1 3 1 954 1 1 0
0 0 6 3 1 3 7 5 2 5 7 10 5 6 9 13 0 1 3 1 994 0 0 0
1 0 1 2 0 0 4 4 2 4 6 11 3 6 9 13 9 1 2 2 3 3 3 2 3 1 1 1 1 1034 2 3 4
0 2 4 6 1 4 5 7 4 4 7 11 10 3 9 13 8 3 2 1 3 3 2 1 2 1 1 1 1074 2 3 3
0 1 5 3 0 3 5 6 1 3 13 12 2 0 0 3 6 3 1 2 2 3 1 1 2 1 1114 2 2 2
3 3 1 4 0 0 2 4 3 13 12 9 0 0 0 6 3 2 1 2 1 1 1 1154 1 2 0
1 6 3 13 2 5 7 4 2 3 2 3 1 4 3 0 3 3 1 3 1 3 1 907 1 0 2
2 3 1 0 0 6 4 3 0 7 5 1 2 9 13 2 1 1 1 3 1 947 1 0 0
4 3 2 2 3 5 1 3 3 7 8 10 2 9 13 1 10 3 1 3 2 1 1 3 1 3 2 1 2 1 987 4 2 4
3 0 2 0 5 1 4 3 6 5 0 0 11 13 4 3 6 2 2 2 1 1 3 1 1 1 1027 2 3 1
4 3 0 0 6 4 2 1 9 8 4 0 11 13 9 2 4 2 3 1 3 1 1 1 1067 1 1 2
5 4 4 2 8 5 7 1 9 8 6 5 11 13 10 3 2 2 1 1 3 1 1107 1 1 0
6 1 2 2 6 4 7 9 3 13 8 3 3 1 12 5 0 1 3 1 1147 0 0 0
0 1 2 0 4 2 13 3 1 7 6 10 1 5 5 12 8 2 1 3 2 2 3 1 3 1 3 1 1187 2 3 3
1 3 13 4 7 5 5 8 6 1 3 3 3 1 0 1 5 2 2 2 3 2 1 3 1 927 0 4 1
13 10 9 3 4 6 2 0 4 0 3 3 2 0 3 0 4 2 1 1 3 1 1 1 967 2 1 1
1 2 10 3 13 8 9 4 0 5 7 9 0 1 0 4 2 2 2 1 1 1 1007 0 2 0
0 4 2 1 0 13 3 3 0 9 11 4 3 6 5 5 11 2 3 3 2 1 3 1 1 1 3 2 1 2 1 1047 4 3 4
13 11 2 0 9 8 1 0 6 5 1 1 4 3 3 0 7 2 3 3 3 3 1 2 1 2 1 1087 1 2 4
13 11 5 3 9 8 7 7 2 7 10 3 2 1 1 0 7 1 2 3 3 3 2 3 1 1 1 1127 1 2 4
1 3 5 12 2 4 13 8 2 2 6 7 0 1 3 1 4 1 1 2 3 1 2 1 1167 2 1 1
7 12 5 9 0 3 4 13 0 3 2 4 1 4 1 3 1 3 1 2 1 1207 0 0 1
3 2 0 0 3 5 4 0 2 2 4 0 13 9 1 1 2 1 1 1 2 1 825 2 0 0
0 0 0 3 2 1 6 4 4 7 5 4 13 9 6 4 11 1 2 1 3 3 2 2 3 2 1 3 1 1 1 865 3 4 4
5 5 2 1 13 9 8 0 3 10 8 0 1 2 0 0 9 1 3 2 1 3 3 1 2 3 1 2 1 905 3 2 4
4 2 2 3 1 3 4 1 0 5 8 2 9 13 11 0 7 1 3 3 3 1 2 2 1 1 1 945 2 2 3
3 4 7 3 2 2 7 11 3 1 8 13 0 0 9 1 3 3 2 1 1 3 1 985 1 1 1
2 1 3 0 0 1 3 4 0 5 7 11 5 6 10 13 0 1 2 1 1025 0 0 0
6 2 9 11 0 5 10 13 1 1 3 2 2 2 0 1 10 1 2 2 3 3 3 3 2 1 1 1 1 1 1065 3 3 4
3 2 10 2 5 9 11 13 3 8 10 1 3 4 1 3 8 1 1 2 1 3 2 3 3 1 2 1 1105 3 2 3
0 1 0 2 4 4 0 0 2 3 1 6 13 2 5 1 8 3 2 3 3 2 1 2 1 1 1 1 847 2 3 3
3 0 2 9 0 3 13 5 0 0 4 4 0 2 3 3 6 1 2 3 1 1 3 1 3 1 887 3 1 2
0 0 0 1 3 4 3 3 3 5 6 0 13 9 7 6 4 1 3 2 2 1 3 1 927 1 2 1
0 0 1 2 1 2 1 3 5 7 6 4 13 9 8 5 0 1 2 1 967 0 0 0
3 1 2 3 13 7 5 3 4 10 6 3 0 0 10 0 10 2 1 3 1 2 3 1 1 2 2 1 3 1 1007 4 4 2
3 3 1 0 13 5 2 0 4 6 4 3 11 9 6 2 7 3 2 3 2 1 3 1 1 1 1 1047 2 2 3
0 0 3 2 2 2 6 4 4 13 8 5 1 5 10 11 4 2 1 1 3 1 1 1 1087 2 1 1
2 5 13 3 0 0 6 8 0 3 10 11 1 3 9 3 1 2 1 1 1 1127 0 1 0
2 4 9 13 0 4 6 8 0 0 4 3 0 0 0 2 8 1 3 3 2 3 1 2 1 1 1 1 1000 3 2 3
2 13 10 2 1 7 2 0 5 4 4 1 0 1 0 0 6 1 2 3 3 1 3 1 2 1 1040 2 1 3
0 3 0 0 0 6 4 13 3 6 8 1 2 9 10 1 3 2 2 1 1 3 1 1080 1 2 0
10 1 13 2 9 5 4 0 11 4 3 1 1 4 2 2 1 3 1 3 1 1120 0 0 1
13 9 8 1 0 10 8 3 3 3 2 3 0 11 4 4 10 1 2 1 3 1 2 2 1 2 3 1 3 1 1160 4 4 2
13 2 0 0 7 6 3 5 10 12 4 3 2 3 0 2 7 1 3 1 1 3 3 2 1 1 1 1200 3 1 3
13 1 0 2 9 3 4 0 10 12 3 4 8 5 3 0 5 1 1 3 2 2 1 3 1 1240 2 2 1
0 0 10 0 3 12 13 2 3 11 4 0 2 4 4 3 3 2 1 1 1 1 1 1280 2 1 0
0 0 1 3 13 3 2 0 8 7 6 1 2 5 5 0 11 1 1 2 2 3 2 3 1 3 2 3 1 1 1 865 3 4 4
0 3 4 5 1 3 11 7 0 2 13 8 2 0 3 4 10 2 3 1 2 1 1 3 2 3 1 1 3 1 905 4 3 3
5 4 9 2 3 6 7 11 3 4 13 1 3 3 4 3 8 1 1 3 3 1 3 2 2 1 2 1 945 3 2 3
1 5 4 3 5 2 1 11 7 5 10 0 1 1 13 0 5 3 2 3 2 3 1 2 1 985 0 2 3
13 4 4 2 3 8 6 11 3 1 7 10 2 1 0 5 2 2 3 1 1 1 1025 0 1 1
3 3 0 0 2 1 4 5 1 13 7 6 4 4 9 12 0 1 2 1 1065 0 0 0
0 1 1 2 3 5 4 4 5 7 13 8 3 8 9 12 9 2 1 2 2 3 3 2 1 1 1 3 1 1105 3 4 2
0 0 1 1 3 4 4 6 6 13 8 12 9 1 11 4 7 3 3 2 2 3 2 1 1 2 1 1145 1 3 3
3 0 0 0 7 4 3 0 1 5 2 4 2 7 13 1 2 1 2 1 3 1 762 1 1 0
3 4 3 3 5 6 7 9 5 8 13 6 6 0 0 0 1 1 1 2 1 802 1 0 0
13 8 10 5 1 2 9 5 0 4 4 0 2 0 3 0 10 1 3 1 2 1 3 3 2 2 1 1 3 1 842 4 3 3
13 4 11 3 0 8 8 3 2 9 0 4 0 3 0 3 8 1 2 3 1 2 3 2 1 1 1 1 882 3 3 2
1 10 11 3 1 7 13 0 5 6 3 3 0 4 0 3 4 2 2 2 3 1 1 1 922 0 3 1
4 7 10 11 4 5 8 13 4 3 1 2 3 0 0 0 0 1 3 1 962 0 0 0
0 3 0 12 2 3 4 13 1 6 9 3 1 2 6 1 9 3 2 2 1 1 2 3 1 2 1 3 1 1002 3 4 2
12 13 3 10 8 4 9 2 6 6 3 4 3 1 2 2 7 1 1 2 3 2 1 3 1 1 1 1042 3 2 2
5 2 1 3 3 4 2 4 3 5 6 0 1 13 3 0 8 1 2 3 3 1 2 3 2 1 1 1 678 2 3 3
3 3 3 5 3 5 5 8 1 6 7 9 3 1 13 3 7 3 2 1 3 2 2 1 1 2 1 718 2 3 2
3 4 8 1 4 4 3 10 0 3 4 13 0 2 1 3 4 2 2 1 1 1 2 1 758 2 2 0
2 1 1 4 2 3 3 6 0 0 9 10 3 0 3 13 2 1 3 1 2 1 798 1 0 1
3 3 4 1 4 7 5 2 6 6 11 3 1 13 2 0 0 1 3 1 838 0 0 0
0 10 0 1 2 6 0 3 5 1 5 3 3 11 13 4 11 2 2 1 1 3 3 2 1 2 3 3 3 4 0.54545454545454553 5 0.27272727272727276 6 0.18181818181818185 878 3 4 4
4 5 3 3 9 6 3 0 12 0 2 0 13 0 1 0 11 2 2 3 3 2 3 3 1 2 1 1 1 1 1 918 3 4 4
1 0 6 3 9 5 6 4 12 7 3 2 6 13 4 2 8 2 3 3 2 1 1 1 3 1 3 1 958 3 2 3
3 0 3 1 1 4 3 1 3 13 5 0 5 3 2 4 6 2 3 3 2 3 2 1 1 1 861 0 3 3
4 8 5 0 7 4 0 0 13 5 2 0 1 1 0 2 3 2 1 2 1 1 1 901 1 2 0
0 1 2 0 4 3 0 0 7 5 1 3 13 9 4 0 0 1 2 1 941 0 0 0
0 0 0 3 1 2 3 2 4 6 6 0 13 9 8 10 9 1 2 1 3 1 3 2 3 2 1 1 1 981 3 3 3
0 2 0 4 0 4 2 3 2 0 1 6 2 3 13 11 5 3 1 2 1 1 1 1 1 1021 3 1 1
0 1 1 0 3 3 4 4 0 3 8 10 3 8 13 11 4 3 2 2 2 1 1 1 1061 0 3 1
4 1 0 2 4 4 1 0 4 6 9 10 4 7 13 11 0 1 2 1 1101 0 0 0
4 5 13 3 3 6 7 12 3 8 1 3 5 2 0 2 0 1 1 1 1141 0 0 0
1 0 6 1 2 3 3 5 3 13 4 1 3 3 3 3 1 2 1 2 1 924 0 1 0
3 3 0 0 1 3 5 0 5 5 6 1 2 13 8 2 10 1 2 3 2 1 3 3 1 2 1 1 2 1 964 4 3 3
0 1 5 3 2 4 6 3 3 4 9 3 0 3 13 3 7 2 1 2 3 2 3 1 1 1 1 1004 2 3 2
3 4 4 5 2 0 6 13 1 3 5 9 0 0 9 1 5 3 3 2 1 2 1 3 1 1044 1 2 2
1 5 9 13 3 4 8 10 0 3 1 6 0 1 1 7 3 2 2 2 1 2 1 1084 0 3 0
2 11 13 0 4 8 10 4 3 1 3 3 3 3 1 3 2 2 3 1 3 1 1124 0 1 1
2 3 6 13 0 1 9 12 4 2 3 2 3 0 3 2 2 1 1 1 1 1 1164 2 0 0
4 13 9 4 2 8 4 12 1 4 4 1 2 0 0 0 11 1 2 3 3 3 1 1 2 3 2 2 1 1 1 1204 3 4 4
2 0 1 0 0 6 4 2 0 5 7 3 0 2 13 5 6 3 1 3 2 1 3 1 1 1 931 2 1 3
4 2 0 0 3 3 1 0 8 8 13 0 1 3 0 2 3 3 2 3 1 1 1 971 0 1 2
0 3 4 2 3 8 7 13 1 3 6 9 0 3 4 10 2 3 3 1 3 1 1011 0 0 2
2 1 2 3 4 1 11 0 4 6 5 13 2 5 6 1 11 2 1 3 3 2 3 1 2 1 3 1 1 2 1 1051 4 3 4
10 3 4 1 6 13 1 2 8 6 11 0 5 5 2 1 0 1 2 1 1091 0 0 0
0 2 3 3 0 1 4 2 0 6 6 1 2 2 12 13 9 2 3 3 3 2 1 1 1 3 1 1 1 1131 3 2 4
12 8 6 1 3 13 5 0 4 0 0 3 3 0 0 3 5 2 1 2 1 2 1 3 1 1171 2 3 0
12 8 8 2 8 13 0 3 5 5 3 0 4 2 1 0 3 3 1 1 1 2 1 1211 2 0 1
2 7 1 3 13 5 3 3 7 4 3 0 3 0 0 0 9 2 2 2 3 2 1 3 1 1 1 1 1 884 3 4 2
2 0 2 4 0 1 6 1 10 7 6 2 9 13 1 3 8 1 2 2 3 1 3 1 2 1 3 1 924 3 3 2
5 2 1 3 1 5 2 0 11 10 4 6 3 13 2 0 7 3 1 1 2 3 1 3 1 2 1 964 3 1 3
1 2 3 13 0 3 8 4 3 4 5 1 0 0 2 3 11 1 1 2 1 3 3 2 1 3 3 2 1 2 1 901 4 3 4
13 4 3 1 8 6 4 1 10 7 3 2 6 3 0 1 9 3 3 2 2 1 2 2 3 3 1 1 1 941 1 4 4
13 5 3 3 9 6 4 0 11 7 2 0 3 0 3 2 6 3 1 2 1 1 3 1 3 1 981 3 1 2
1 13 3 0 9 8 3 0 11 7 6 3 3 2 2 2 3 3 1 1 3 7 0.2857142857142857 8 0.2857142857142857 9 0.42857142857142855 1021 2 0 1
8 1 5 1 4 13 6 2 1 12 4 9 2 4 8 3 2 3 2 1 3 1 1061 0 1 1
13 3 2 0 4 7 5 0 3 3 1 5 4 0 3 0 4 1 1 2 2 1 3 1 833 2 2 0
13 7 6 4 0 8 5 3 3 1 2 3 0 0 0 1 1 3 1 2 1 873 0 0 1
1 2 3 4 3 7 13 3 9 3 5 3 2 0 1 2 9 3 1 2 1 3 1 1 2 2 1 3 1 913 4 3 2
5 0 0 1 8 5 1 1 9 6 3 2 5 13 1 0 5 3 2 3 3 2 1 2 1 953 0 2 3
0 0 0 2 1 4 3 5 4 3 10 3 5 3 10 13 3 1 3 2 1 3 1 993 1 1 1
1 2 5 2 6 5 1 3 7 6 3 2 11 13 1 1 0 1 2 1 1033 0 0 0
10 4 1 0 9 6 5 2 8 7 5 1 11 13 4 3 10 1 3 1 2 3 3 2 2 2 1 1 3 1 1073 3 4 3
8 7 10 4 12 5 4 3 13 4 4 2 4 0 2 0 8 2 3 2 1 1 1 1 3 1 3 1 1113 4 2 2
13 2 5 2 4 5 2 1 1 2 0 0 0 3 3 0 4 1 1 3 1 1 2 1 960 3 0 1
2 7 13 3 7 5 2 1 1 0 0 0 4 2 0 0 0 1 1 1 1000 0 0 0
0 13 0 2 9 4 4 3 8 7 3 3 6 3 2 1 0 1 1 1 1040 0 0 0
3 3 0 2 13 1 0 0 10 5 3 2 7 6 4 3 9 2 1 2 1 3 1 3 2 1 1 3 1 1080 4 3 2
1 1 13 3 0 3 8 1 10 7 6 2 0 4 4 3 7 2 2 3 3 3 1 2 3 8 0.18181818181818185 9 0.27272727272727276 10 0.54545454545454553 1120 1 3 3
2 5 11 1 2 5 7 13 3 2 9 3 4 5 1 10 5 1 1 2 1 3 1 2 1 1160 3 1 1
0 3 1 0 2 7 13 2 4 4 1 7 1 2 5 1 10 3 2 2 1 3 3 3 2 1 2 1 1 1 749 2 4 4
0 0 8 2 2 5 6 9 1 5 7 13 3 3 4 3 8 2 1 2 1 3 1 3 3 3 7 0.2857142857142857 8 0.2857142857142857 9 0.42857142857142855 789 3 2 3
0 2 3 10 0 2 6 6 2 4 7 13 3 4 1 9 5 2 1 1 3 3 1 1 1 829 2 1 2
0 2 8 10 0 1 7 8 0 3 6 13 2 5 5 9 2 1 1 1 2 1 869 2 0 0
11 9 3 2 7 13 8 4 6 4 4 3 3 3 0 3 0 1 1 1 909 0 0 0
3 13 12 3 0 1 7 6 2 3 4 5 3 0 3 3 10 1 1 3 2 2 2 1 1 3 2 1 3 1 949 4 4 2
4 13 12 5 0 2 9 4 3 1 3 3 0 4 1 3 7 2 2 2 1 1 3 2 1 1 1 989 2 4 1
2 0 6 12 3 13 9 10 3 1 5 8 1 4 2 2 7 3 1 3 1 2 1 3 1 2 1 1029 3 1 3
13 2 3 1 4 3 5 3 3 6 4 0 2 1 0 0 11 3 3 1 3 3 1 2 2 2 1 1 1 2 1 868 4 3 4
9 4 6 0 13 4 2 0 3 0 2 0 1 0 2 3 8 3 2 1 2 1 3 3 1 1 1 1 908 3 2 3
13 9 3 1 10 8 2 2 5 4 1 0 1 3 0 0 5 2 2 3 2 1 1 1 1 948 1 3 1
13 9 10 1 10 8 7 1 1 3 6 3 3 5 5 3 3 2 3 2 1 2 1 988 0 2 1
4 5 13 4 4 6 10 11 6 4 1 0 4 2 2 1 11 3 1 2 1 1 1 3 3 3 2 2 1 2 1 1028 4 3 4
13 12 1 1 4 6 4 2 8 4 5 4 4 3 3 1 8 3 3 1 2 1 3 2 2 1 2 1 1068 2 3 3
0 3 1 0 0 3 3 2 1 4 9 12 2 4 13 7 6 1 3 2 3 3 1 1 2 1 1108 2 1 3
3 3 3 3 2 4 6 1 0 5 8 12 1 10 9 13 3 2 2 3 1 1 1 1148 0 2 1
13 4 3 1 3 3 0 0 4 4 3 0 0 6 0 0 7 2 3 1 1 2 2 3 1 3 1 963 2 3 2
0 0 2 5 0 0 2 4 3 1 9 10 1 1 4 13 5 3 1 3 2 2 1 3 1 1003 1 2 2
4 2 1 1 7 11 3 4 13 9 5 4 3 6 0 2 3 2 3 1 3 8 0.18181818181818185 9 0.27272727272727276 10 0.54545454545454553 1043 1 1 1
11 9 4 3 13 8 4 1 10 5 7 1 2 5 2 3 11 2 3 1 3 2 2 3 1 2 1 3 1 1 1 1083 3 4 4
3 0 3 2 12 5 3 1 13 7 6 3 10 2 6 0 9 2 1 2 1 1 3 3 1 3 1 2 1 1123 4 2 3
1 0 0 0 6 4 7 1 4 8 7 4 12 13 10 5 7 2 2 3 2 3 1 1 1 2 1 1163 2 3 2
2 5 0 3 12 10 3 0 5 13 10 4 2 1 0 0 4 1 2 1 1 1 2 1 1203 3 1 0
4 7 9 2 4 13 11 0 1 0 12 1 0 3 3 0 3 1 3 2 1 2 1 1243 1 1 1
2 7 13 4 3 8 5 3 1 4 3 5 0 1 0 1 7 2 3 2 2 3 1 1 1 2 1 785 2 3 2
3 9 13 3 1 7 3 1 3 4 4 3 0 3 0 1 3 2 2 2 1 3 1 825 0 3 0
9 13 9 2 3 8 7 3 1 4 5 6 2 4 3 0 2 1 2 1 1 1 865 1 1 0
13 2 5 1 8 9 5 4 10 7 5 4 3 2 4 1 0 1 3 1 905 0 0 0
1 0 0 2 13 2 5 0 11 7 5 3 1 5 3 0 9 2 3 1 3 1 1 3 2 2 3 4 0.54545454545454553 5 0.27272727272727276 6 0.18181818181818185 945 3 3 3
11 5 1 2 10 7 8 3 4 13 3 3 5 0 1 0 7 3 2 2 3 1 3 2 1 1 1 985 1 3 3
10 11 6 5 9 13 6 4 1 2 1 4 0 0 0 2 4 2 1 2 1 3 7 0.2857142857142857 8 0.2857142857142857 9 0.42857142857142855 1025 2 2 0
0 0 0 1 0 2 7 2 3 6 5 13 5 5 3 1 5 3 2 3 1 1 1 2 1 772 2 1 2
0 2 2 3 3 6 5 0 0 8 13 0 8 3 1 4 2 2 1 1 1 1 812 1 1 0
2 3 3 3 10 4 1 0 9 8 2 0 13 5 1 3 11 1 3 2 3 3 3 1 2 2 2 1 1 1 1 852 3 4 4
4 4 0 1 7 5 3 4 10 3 3 0 11 13 2 0 11 3 1 2 3 2 1 3 2 3 2 1 1 1 1 892 3 4 4
2 2 1 2 1 4 9 4 1 10 8 6 11 13 6 7 9 3 1 3 2 1 3 1 2 3 1 2 1 932 3 2 4
12 2 1 0 8 3 5 4 3 6 3 1 3 13 5 1 7 2 1 3 3 3 3 2 1 2 1 972 1 2 4
3 3 12 2 8 7 2 3 9 13 4 2 0 3 4 3 5 1 1 3 1 1 1 2 1 1012 4 0 1
10 7 12 4 5 13 1 3 3 4 1 3 0 0 0 2 2 2 2 1 1 1 1052 0 2 0
0 0 0 3 0 0 3 8 4 6 2 3 3 1 8 13 0 1 3 1 957 0 0 0
3 2 1 10 0 0 7 7 3 13 5 8 0 0 3 3 10 1 1 2 2 2 1 3 3 1 2 1 3 1 997 4 4 2
0 3 0 2 3 3 1 11 5 4 7 13 2 6 9 2 7 1 2 2 3 1 1 3 1 1 1 1037 3 2 2
1 2 2 0 0 10 3 3 6 7 8 11 3 13 9 1 4 2 3 2 1 1 1 1 1077 1 2 1
3 3 4 0 7 12 4 1 13 4 0 0 0 0 0 2 1 2 1 1 1 1117 0 1 0
0 0 0 3 3 4 4 3 0 0 6 4 8 13 12 5 10 1 2 1 1 2 3 3 2 1 3 1 2 1 1157 4 3 3
0 2 1 0 1 5 3 3 9 5 2 0 13 12 6 0 8 3 1 1 2 1 3 2 2 1 3 1 1197 3 3 2
2 4 3 1 7 3 4 3 9 7 4 1 13 12 5 1 4 2 2 3 2 1 1 1 1237 0 3 1
0 0 2 3 5 4 1 2 3 6 13 3 9 3 4 1 5 3 3 2 1 1 1 2 1 889 2 1 2
3 1 3 7 1 10 9 5 0 10 13 3 2 5 1 1 5 2 3 3 3 2 1 2 1 929 0 2 3
2 0 7 2 1 3 7 9 1 11 7 13 0 2 1 5 1 3 1 3 1 969 0 0 1
5 3 0 3 0 3 4 5 3 7 6 10 1 3 11 13 0 1 2 1 1009 0 0 0
5 7 13 3 3 6 8 12 0 2 3 1 0 1 1 0 9 2 2 2 3 3 2 3 1 1 1 3 1 1049 2 4 3
8 13 5 0 10 6 9 3 12 5 0 0 4 3 1 3 9 1 1 2 2 3 3 2 1 3 1 2 1 1089 3 3 3
0 13 1 0 3 8 9 6 10 8 12 4 4 3 2 1 5 3 3 2 1 3 1 2 1 1129 1 1 3
0 3 0 0 0 0 2 4 3 4 13 1 5 8 12 11 1 2 1 1 1 1169 0 1 0
4 4 0 2 5 6 3 0 2 8 4 3 13 1 3 0 10 3 3 3 1 3 2 2 1 2 1 1 1 1 957 3 3 4
0 1 0 0 3 3 7 5 9 5 5 3 0 13 1 3 7 1 2 2 2 2 3 1 1 3 1 997 2 4 1
3 3 2 0 10 5 3 0 8 6 6 4 9 13 3 3 5 1 3 1 3 3 1 2 1 1037 2 0 3
8 7 0 3 11 13 3 2 10 3 4 0 4 2 3 1 4 1 2 1 2 1 1 1 1077 2 2 0
0 3 4 1 11 5 5 6 3 13 9 3 1 2 2 10 1 1 1 2 1 1117 1 0 0
7 4 1 3 3 11 9 9 5 6 13 10 0 0 0 5 1 3 1 2 1 1157 0 0 1
2 6 8 3 1 13 7 12 0 0 1 4 3 0 3 3 9 2 1 3 2 3 1 1 3 2 1 2 1 1197 3 3 3
3 3 10 12 0 0 4 7 1 2 13 4 3 0 0 3 6 2 1 3 2 1 3 1 3 1 1237 2 2 2
3 4 3 13 0 3 1 4 0 2 5 3 0 0 9 3 2 2 3 1 1 1 924 0 1 1
3 1 0 0 0 4 3 3 0 3 7 9 4 7 13 2 10 2 2 3 2 1 2 3 1 3 1 1 1 1 964 3 4 3
1 5 2 0 6 5 4 0 2 7 3 3 13 10 2 0 8 2 1 2 3 1 3 3 1 1 1 1 1004 3 2 3
2 13 7 9 4 5 11 4 0 3 4 3 3 0 3 3 7 1 2 1 3 2 2 1 1 1 1 1044 3 3 1
4 4 0 3 7 11 4 1 13 10 2 1 3 0 3 4 5 1 2 2 3 1 1 2 1 1084 2 2 1
13 4 3 0 2 4 12 8 5 9 7 1 3 4 4 0 6 3 3 1 2 1 3 1 2 1 1124 2 1 3
3 6 1 1 9 8 12 4 13 5 9 5 4 6 3 3 4 3 3 2 2 1 3 1 1164 0 2 2
4 3 0 0 5 1 4 2 13 3 3 2 1 0 0 0 9 3 3 2 1 3 3 1 1 2 1 2 1 763 3 2 4
13 8 3 2 6 4 3 0 1 1 0 0 1 0 1 0 6 3 2 3 3 2 3 1 2 1 803 0 2 4
13 8 7 5 4 7 1 1 3 2 2 2 0 0 1 0 2 3 2 1 1 1 843 0 1 1
10 9 0 0 13 9 7 5 8 7 6 3 3 2 1 4 2 3 3 1 3 1 883 0 0 2
0 12 0 1 1 9 2 0 10 10 8 4 13 2 5 4 2 1 2 1 3 1 923 1 1 0
3 12 4 0 0 9 8 2 1 6 7 5 8 11 13 5 11 1 2 1 3 2 2 1 2 3 3 3 1 1 1 963 3 4 4
8 2 13 0 6 1 1 3 2 4 5 3 0 2 4 0 4 1 3 3 1 1 2 1 1028 2 0 2
4 9 7 3 13 5 1 2 4 3 3 0 3 3 0 0 1 3 1 3 1 1068 0 0 1
4 13 3 0 6 4 4 0 3 11 10 3 2 0 0 1 2 1 3 1 2 1 1108 1 0 1
0 0 4 10 0 4 13 12 1 4 8 4 2 0 3 3 0 1 3 1 1148 0 0 0
0 1 13 3 0 3 8 10 2 4 7 12 1 5 6 5 8 3 2 3 2 2 1 1 3 1 3 1 1188 2 3 3
0 2 7 1 1 0 13 8 3 4 9 10 4 8 6 12 7 1 3 2 2 3 2 3 1 1 1 1228 1 3 3
0 1 1 3 3 3 13 8 4 6 11 1 5 6 12 9 5 2 2 2 2 3 1 1 1 1268 0 4 1
2 1 0 3 3 11 4 1 5 5 10 4 7 13 12 6 4 2 2 3 1 3 6 0.33333333333333331 7 0.33333333333333331 8 0.33333333333333331 1308 1 2 1
1 3 2 0 1 1 5 0 4 2 3 1 4 8 13 0 4 2 1 2 2 1 3 1 925 1 3 0
2 0 0 0 3 3 0 0 8 6 4 0 9 13 4 2 3 3 1 1 1 3 1 965 2 0 1
3 1 0 2 0 2 5 6 0 3 7 8 0 1 10 13 2 2 1 1 3 1 1005 1 1 0
4 4 3 2 11 7 0 0 3 8 3 1 2 13 1 1 0 1 2 1 1045 0 0 0
2 1 3 0 11 9 6 3 3 13 5 1 3 4 3 2 9 3 3 1 1 3 2 2 3 2 1 1 1 1085 2 3 4
4 2 0 1 11 4 0 0 3 6 7 3 13 10 8 3 9 1 2 1 2 3 2 1 3 3 3 8 0.18181818181818185 9 0.27272727272727276 10 0.54545454545454553 1125 3 3 3
1 5 0 3 4 4 3 0 5 7 4 0 2 12 13 1 6 1 2 2 2 3 1 1 3 1 1165 2 3 1
0 8 7 2 2 1 7 2 1 12 8 3 2 3 13 1 5 3 1 2 3 1 1 3 1 1205 2 1 2
13 7 3 0 4 1 3 2 2 4 0 0 3 0 1 2 8 1 1 2 3 3 3 1 2 1 3 1 779 3 2 3
9 8 3 1 13 7 4 3 2 4 5 3 0 2 0 0 7 3 3 3 1 1 2 2 1 1 1 819 2 2 3
3 0 0 0 11 5 3 1 13 6 5 3 5 0 0 1 5 2 2 1 2 3 1 3 1 859 1 3 1
4 0 2 1 11 4 4 0 8 7 3 3 3 13 2 0 2 2 1 1 1 1 899 1 1 0
9 4 1 1 12 2 0 0 6 13 4 0 8 5 3 0 1 2 1 3 1 939 0 1 0
0 9 3 4 0 10 9 3 12 13 9 1 1 2 3 5 1 2 1 3 1 979 0 1 0
0 2 3 3 12 11 9 3 0 13 6 7 2 1 6 3 9 1 1 2 1 3 3 2 3 2 1 1 1 1019 3 3 3
4 6 3 3 1 12 11 1 8 9 10 3 13 7 6 1 7 3 2 2 3 3 2 1 1 2 1 1059 1 3 3
1 0 0 0 2 3 1 3 4 3 3 2 9 6 13 0 2 1 3 1 2 1 817 1 0 1
2 3 3 2 1 5 1 2 11 13 4 1 0 1 0 2 1 3 1 3 1 857 0 0 1
11 7 5 3 13 6 3 0 1 6 3 0 2 3 3 4 11 3 1 1 3 2 1 2 3 2 3 1 1 2 1 897 4 3 4
11 8 7 4 13 6 5 2 3 4 5 1 2 0 3 3 8 1 3 1 2 1 2 3 1 1 2 1 937 4 2 2
12 0 1 0 13 9 3 1 7 6 3 2 6 0 0 2 8 1 2 3 2 1 3 3 1 1 2 1 977 3 2 3
6 0 2 0 2 12 2 0 13 7 1 2 9 8 5 3 5 3 3 1 1 3 1 1 1 1017 2 0 3
0 0 8 2 0 0 12 6 10 13 7 5 7 3 4 2 4 3 1 1 3 1 3 1 1057 2 0 2
1 2 2 0 5 4 3 7 8 4 5 1 3 13 4 1 7 3 2 3 1 3 2 1 1 2 1 960 2 2 3
13 9 6 0 8 7 3 0 3 5 3 1 3 5 0 2 6 3 2 1 3 3 1 1 2 1 1000 2 1 3
13 10 6 3 9 7 2 0 4 3 1 1 0 2 0 2 3 3 3 1 1 3 1 1040 1 0 2
11 9 3 1 13 5 7 2 3 4 2 3 3 0 1 0 2 2 3 1 1 1 1080 0 1 1
11 9 7 7 13 8 2 0 4 3 3 1 0 1 2 0 11 3 3 3 1 1 2 1 1 2 3 2 1 2 1 1120 4 3 4
11 10 5 2 13 8 1 3 6 5 5 2 4 3 1 2 10 1 3 1 1 2 3 1 2 2 3 1 3 1 1160 4 3 3
11 10 2 0 13 9 3 0 7 6 5 0 5 3 3 3 7 3 3 3 2 1 1 2 1 1 1 1200 2 2 3
11 10 2 3 13 9 7 0 8 5 5 4 5 3 2 1 5 3 3 1 3 2 1 1 1 1240 1 1 3
1 0 0 0 13 6 2 0 5 1 2 0 1 1 0 3 3 2 2 1 1 2 1 886 1 2 0
3 0 1 0 8 5 3 2 3 4 13 3 3 0 3 0 1 2 1 1 1 926 0 1 0
4 13 8 3 8 7 6 4 4 4 5 3 3 2 0 1 11 1 3 2 2 3 3 3 1 2 2 1 1 1 1 966 3 4 4
3 0 1 0 0 0 0 3 3 5 13 4 0 3 6 10 8 1 2 3 3 2 2 2 1 1 1 1 1006 2 4 2
2 0 2 0 0 1 6 4 3 2 13 1 4 8 7 10 6 3 1 2 1 1 3 1 2 1 1046 3 1 2
3 4 3 1 7 5 5 4 2 10 9 4 1 13 0 0 3 2 1 3 1 2 1 1086 1 1 1
4 7 11 1 4 5 13 3 0 1 5 3 0 0 1 2 2 3 2 1 2 1 1126 0 1 1
0 1 13 2 3 2 8 11 0 3 5 7 1 0 4 4 11 2 3 2 3 1 1 3 1 2 2 1 1 3 1 1166 4 4 3
0 1 4 0 1 6 2 2 3 5 4 1 2 13 2 4 11 2 1 3 1 2 3 2 3 1 1 3 3 7 0.2857142857142857 8 0.2857142857142857 9 0.42857142857142855 909 4 3 4
0 1 0 0 3 5 0 1 3 13 5 0 3 9 5 3 8 2 1 2 3 2 1 3 2 3 7 0.2857142857142857 8 0.2857142857142857 9 0.42857142857142855 949 2 4 2
0 0 1 4 0 0 4 6 3 3 4 8 1 4 10 13 6 2 2 2 1 1 2 3 6 0.33333333333333331 7 0.33333333333333331 8 0.33333333333333331 989 2 4 0
3 4 4 2 0 1 5 6 2 0 8 9 1 0 10 13 4 1 2 1 3 1 2 1 1029 2 1 1
0 0 1 0 5 1 3 2 5 6 3 0 2 11 13 3 1 1 1 2 1 1069 1 0 0
0 3 3 4 3 3 5 3 10 8 4 3 1 11 13 2 10 2 2 2 1 2 3 1 1 1 3 1 3 1 1109 4 4 2
0 0 6 1 3 5 7 8 0 4 10 13 2 3 11 6 6 2 3 1 3 2 1 1 3 1 1149 2 2 2
2 3 3 13 1 9 5 8 0 10 11 2 0 3 3 4 3 2 1 1 1 3 1 1189 2 1 0
0 13 9 4 4 1 4 2 0 2 8 3 3 1 2 4 8 3 3 1 1 2 1 3 2 3 6 0.33333333333333331 7 0.33333333333333331 8 0.33333333333333331 926 3 2 3
1 3 4 11 2 3 6 13 0 3 5 7 0 1 4 4 5 3 1 2 2 2 1 1 1 966 1 3 1
3 1 10 2 0 1 7 11 3 7 8 13 3 3 7 3 4 2 3 2 1 1 3 1 1006 1 2 1
1 11 10 3 7 4 10 13 3 8 7 1 4 0 0 3 3 1 2 2 1 2 1 1046 1 2 0
0 2 3 4 0 1 7 1 0 1 7 13 3 2 9 12 1 2 1 3 1 1086 0 1 0
8 1 13 0 4 2 1 0 4 9 4 2 2 3 2 3 9 3 1 3 3 3 2 1 1 1 1 2 1 872 4 1 4
4 13 3 1 8 8 1 3 9 3 4 2 1 2 3 0 7 3 2 3 1 1 2 3 1 2 1 912 2 2 3
4 3 1 3 5 0 0 8 5 6 7 2 2 13 10 1 5 3 2 3 2 1 1 1 1 952 1 2 2
1 2 0 2 3 2 3 2 0 5 7 9 6 13 10 1 1 1 1 1 1 992 1 0 0
1 2 3 0 2 8 3 3 13 8 9 3 3 10 1 5 10 2 3 1 1 3 3 2 1 1 2 1 2 1 1032 4 3 3
3 0 0 2 5 4 1 3 8 6 4 3 11 13 7 4 8 2 3 3 1 2 1 3 2 1 1 1 1072 2 3 3
5 5 3 0 9 13 3 0 8 5 5 2 11 4 3 3 7 3 2 3 1 1 3 2 1 1 1 1112 2 2 3
1 0 2 0 3 13 5 4 1 9 6 3 3 10 8 11 7 1 3 2 3 2 1 3 1 2 1 1152 2 2 3
1 2 1 0 3 5 1 0 13 3 0 2 3 4 5 3 3 3 3 3 1 2 1 776 0 0 3
1 3 7 2 2 13 7 1 4 5 5 0 1 3 2 0 0 1 3 1 816 0 0 0
3 13 8 4 3 8 3 0 2 8 3 1 1 3 0 2 9 3 2 3 2 1 1 1 3 2 1 3 1 856 3 3 3
1 4 13 1 3 4 8 2 0 1 8 9 3 2 3 4 6 2 1 2 1 3 2 1 3 1 896 2 3 1
3 0 4 1 4 3 7 6 3 8 13 10 2 1 5 8 4 1 3 3 2 1 2 1 936 1 1 2
0 4 0 1 4 8 8 10 2 9 13 4 0 1 3 2 4 3 2 3 1 3 4 0.54545454545454553 5 0.27272727272727276 6 0.18181818181818185 976 1 1 2
0 3 5 13 3 3 3 6 2 3 8 11 0 1 3 4 1 2 1 1 1 1016 0 1 0
3 13 3 8 1 5 5 11 0 0 6 9 0 2 4 10 0 1 3 1 1056 0 0 0
2 0 0 0 0 3 3 0 1 4 5 4 13 4 2 1 8 1 2 2 3 3 1 2 3 1 1 1 959 2 3 3
0 0 3 4 0 0 0 5 13 7 7 3 3 9 1 1 6 3 2 2 2 1 2 1 1 1 999 1 4 1
5 4 4 3 7 6 2 0 13 8 1 0 3 9 0 1 2 3 3 1 2 1 1039 0 0 2
5 3 0 2 13 5 1 0 7 7 3 1 10 3 3 2 11 3 1 3 3 3 1 2 1 1 2 2 1 2 1 1079 4 3 4
13 3 2 0 9 8 1 2 10 6 3 0 7 3 3 3 10 1 3 2 1 2 3 3 1 1 3 1 2 1 1119 4 2 4
4 3 2 0 7 13 3 2 12 5 1 1 5 2 0 3 9 1 2 1 3 3 1 2 2 1 1 3 1 1159 4 3 2
2 3 3 3 3 4 3 5 3 13 4 3 9 6 12 10 9 3 2 1 2 1 3 1 2 1 1 3 1 1199 4 3 2
0 8 0 0 0 0 1 5 0 3 3 5 2 3 4 13 8 3 3 1 1 3 2 2 2 1 1 1 873 2 3 3
0 3 8 13 1 6 7 9 5 5 3 4 1 4 2 1 5 3 2 1 2 2 1 3 1 913 1 3 1
3 1 13 2 1 6 8 10 4 3 7 9 3 3 0 3 5 2 1 2 2 1 1 3 1 953 2 3 0
3 3 4 5 1 5 6 13 2 0 5 11 2 0 4 3 2 1 2 1 1 1 993 1 1 0
7 8 1 0 3 4 5 13 5 6 11 2 3 4 3 2 1 1 1 3 1 1033 1 0 0
1 7 9 3 2 4 5 13 4 3 11 6 3 2 1 0 10 1 1 1 2 2 1 3 3 2 2 1 3 1 1073 4 4 2
4 1 1 1 6 5 5 3 2 7 8 9 3 3 11 13 7 1 2 2 2 3 3 1 1 2 1 1113 2 3 2
1 3 3 3 0 2 5 4 5 5 6 10 2 6 11 13 4 3 1 3 2 1 1 1 1153 1 1 2
0 3 0 7 3 1 0 2 5 8 3 3 2 6 13 5 9 1 1 1 2 2 2 3 1 3 1 3 1 702 4 3 2
4 13 10 1 4 8 1 0 4 2 5 2 3 0 4 0 7 2 1 1 3 1 2 3 1 2 1 742 3 2 2
2 3 11 1 4 8 7 13 4 5 6 5 7 2 1 3 5 2 3 3 2 1 1 1 1 782 1 2 2
5 11 9 3 4 5 8 13 3 4 5 0 0 2 1 1 2 2 3 1 3 1 822 0 1 1
3 11 10 3 0 3 6 13 0 2 3 3 3 0 1 3 11 2 2 1 3 1 2 3 3 1 1 3 1 2 1 862 4 3 4
12 1 3 3 9 13 4 6 8 4 1 0 2 2 1 0 10 1 1 2 2 3 3 2 1 3 3 1 2 1 902 3 3 4
1 4 12 1 10 5 3 2 13 10 4 2 1 4 3 3 9 1 3 1 3 1 2 3 2 2 1 2 1 942 3 3 3
13 12 7 0 11 1 8 3 4 6 2 0 4 1 3 1 8 2 1 2 2 3 1 3 2 1 3 1 982 2 4 2
5 4 4 3 5 5 13 2 1 2 1 3 0 3 2 0 6 3 3 2 1 2 1 1 1 1 937 2 2 2
0 3 13 0 3 8 9 3 6 1 2 1 4 3 2 0 3 1 1 2 1 2 1 977 2 1 0
1 13 9 2 2 8 7 4 0 6 6 5 1 2 3 4 0 1 1 1 1017 0 0 0
4 13 10 3 4 4 8 1 5 5 3 2 1 4 2 0 11 3 1 1 2 3 3 1 3 2 1 2 1 2 1 1057 4 3 4
0 0 0 3 13 8 5 4 10 9 4 3 7 4 3 0 9 3 1 1 2 1 3 2 3 2 1 3 1 1097 3 3 3
1 13 0 0 3 11 4 0 3 6 3 0 5 3 6 3 7 2 3 1 2 1 1 2 1 2 1 1137 3 3 1
13 4 3 0 4 5 3 2 3 6 8 11 1 1 2 0 3 1 3 2 1 3 1 1177 1 1 1
1 6 11 3 13 2 6 3 9 3 4 0 1 0 1 2 0 1 2 1 1217 0 0 0
13 8 4 0 3 5 4 0 3 4 0 0 2 3 0 2 6 1 1 1 2 2 1 1 3 1 826 4 2 0
13 8 6 5 4 7 5 2 1 2 0 5 0 0 3 2 3 3 1 3 1 1 1 866 1 0 2
10 9 6 6 13 7 3 3 2 8 2 2 0 0 0 1 2 1 3 1 1 1 906 1 0 1
3 3 3 3 3 6 6 0 3 11 7 3 0 13 2 0 0 1 1 1 946 0 0 0
3 0 0 0 3 3 5 0 11 7 6 4 13 8 1 4 9 1 3 2 2 2 1 1 3 2 1 3 1 986 3 4 2
2 0 0 1 0 1 6 3 11 6 5 3 13 9 6 4 6 2 2 3 3 1 2 1 1 1 1026 1 3 2
4 3 2 1 11 8 7 5 13 9 7 4 1 0 0 2 3 3 1 3 1 2 1 1066 1 0 2
2 1 0 0 3 3 3 0 13 10 4 4 11 8 0 5 1 3 1 3 1 1106 0 0 1
1 0 9 3 5 4 8 0 7 3 3 0 13 4 1 0 5 3 1 2 3 2 1 2 1 933 1 2 2
11 6 5 3 8 5 2 3 3 13 1 3 0 0 3 0 3 2 2 1 1 1 1 973 1 2 0
0 3 5 11 0 2 10 9 0 4 13 8 1 4 5 6 2 1 2 1 3 1 1013 1 1 0
0 5 6 12 0 1 3 13 0 0 0 3 1 2 0 3 10 3 3 2 1 3 2 1 1 2 3 1 2 1 1053 3 3 4
1 6 9 12 8 5 5 13 3 3 2 1 2 0 0 0 11 1 1 2 3 2 2 3 1 3 3 1 1 2 1 1093 4 3 4
2 5 10 12 2 1 5 13 0 0 4 4 3 0 2 3 8 2 3 1 2 3 3 1 1 1 1 1 1133 3 2 3
0 3 7 11 3 5 6 12 1 3 5 13 1 2 3 6 6 3 1 2 3 2 2 1 1 1 1173 1 3 2
7 0 0 11 1 5 7 12 2 0 8 13 3 3 5 7 4 1 3 2 1 1 2 1 1213 2 1 1
5 2 3 1 0 1 4 5 2 13 6 3 0 1 4 3 2 2 3 1 3 1 848 0 1 1
3 13 6 5 1 2 8 5 0 0 4 0 0 0 0 3 10 1 1 1 2 3 1 3 2 2 3 1 2 1 888 4 3 3
5 0 0 2 3 13 6 9 1 5 3 0 2 1 0 0 8 1 1 2 2 1 3 3 3 1 2 1 928 3 2 3
0 3 13 3 0 1 8 9 3 3 5 5 3 0 3 2 4 1 2 3 2 1 1 1 968 1 2 1
3 4 3 1 1 1 7 10 0 2 8 13 0 2 1 2 2 3 3 1 2 1 1008 0 0 2
0 0 3 2 4 1 6 10 2 3 9 13 1 3 4 4 10 1 2 3 1 1 1 2 3 2 2 1 3 1 1048 4 4 2
3 1 3 1 3 5 8 13 3 6 10 9 1 0 0 2 8 2 3 2 1 2 1 3 2 1 3 1 1088 2 4 2
4 3 3 0 4 13 11 0 6 4 11 0 3 3 0 3 10 1 2 2 1 1 3 3 3 2 1 1 2 1 1128 4 3 3
0 1 0 2 1 6 4 4 3 2 4 2 4 3 2 13 7 1 3 1 1 1 3 2 1 2 1 852 4 1 2
0 3 4 7 3 7 5 13 3 0 4 5 0 0 1 1 3 2 2 2 1 1 1 892 0 3 0
3 0 3 0 2 3 4 13 7 6 1 10 9 3 1 0 2 3 2 1 3 1 932 0 1 1
3 13 1 3 2 9 11 2 3 2 1 1 2 4 0 3 0 1 1 1 972 0 0 0
13 3 1 3 10 11 5 2 8 2 1 0 7 3 0 3 11 2 2 1 3 1 1 3 3 2 3 1 1 2 1 1012 4 3 4
13 7 8 7 12 6 3 1 9 5 4 2 11 1 2 0 1 2 1 1 1 1052 0 1 0
0 0 2 4 2 1 3 4 13 10 3 5 12 11 8 3 10 1 3 2 1 3 2 3 1 2 1 1 3 1 1092 4 3 3
0 1 0 4 2 0 5 3 13 10 6 4 12 11 9 6 8 3 2 2 3 1 2 1 3 1 1 1 1132 2 3 3
4 3 2 3 9 6 4 1 13 5 0 0 3 3 1 0 10 2 1 1 3 3 2 1 2 2 3 3 7 0.2857142857142857 8 0.2857142857142857 9 0.42857142857142855 709 3 4 3
0 0 0 2 6 1 3 0 10 5 2 1 13 8 8 3 11 1 1 2 3 3 3 3 2 1 2 2 1 1 1 749 3 4 4
0 1 0 5 1 2 5 6 2 5 7 11 3 1 4 13 8 1 3 2 1 3 3 3 2 1 2 1 789 2 2 4
3 3 2 1 3 4 6 3 4 5 7 8 0 2 13 11 6 2 3 1 3 3 1 3 4 0.54545454545454553 5 0.27272727272727276 6 0.18181818181818185 829 2 1 3
1 2 3 4 1 6 7 4 5 5 6 5 0 13 12 8 7 1 3 2 1 2 3 3 1 2 1 869 2 2 3
0 1 2 3 0 4 4 6 0 7 9 8 3 2 13 12 5 2 1 1 3 3 1 3 1 909 2 1 2
3 0 3 3 1 4 6 4 2 2 7 10 0 3 13 12 2 1 3 1 3 1 949 1 0 1
3 4 4 2 5 9 10 0 3 7 8 1 13 12 4 0 0 1 3 1 989 0 0 0
0 1 3 1 2 13 1 5 3 2 6 3 0 0 0 9 6 2 1 1 2 3 3 1 2 1 838 2 2 2
0 1 3 9 2 4 3 9 0 5 7 8 3 13 1 3 5 3 1 2 3 2 1 3 1 878 1 2 2
3 4 6 2 3 8 9 11 13 1 7 5 0 3 3 1 6 1 2 1 2 3 3 1 2 1 918 2 2 2
0 13 3 1 2 4 1 1 0 3 2 6 8 0 6 3 0 1 2 1 762 0 0 0
1 1 2 2 4 4 4 0 11 8 2 1 13 4 0 1 2 2 3 1 3 1 802 0 1 1
3 0 3 3 0 3 11 5 2 5 6 7 1 4 8 13 10 3 1 1 1 1 2 3 3 2 2 1 2 1 842 4 3 3
3 5 6 13 0 2 7 3 0 1 8 11 0 1 9 3 7 2 1 3 3 2 2 3 1 1 1 882 1 3 3
2 0 13 3 5 3 10 11 0 4 6 7 3 3 4 1 5 3 3 3 1 2 1 3 1 922 1 1 3
3 3 13 4 1 4 7 12 3 5 4 8 1 0 2 4 2 2 2 1 1 1 962 0 2 0
2 5 1 3 0 3 4 13 0 3 9 12 3 2 9 1 2 3 1 1 2 1 1002 1 0 1
2 1 2 1 0 5 8 6 4 6 7 13 3 0 10 12 0 1 3 1 1042 0 0 0
0 0 4 4 0 5 4 3 0 2 13 4 1 0 2 1 6 2 1 3 3 1 3 1 2 1 830 2 1 3
0 3 3 2 4 1 4 0 8 3 0 0 13 3 4 1 3 2 2 3 1 1 1 870 0 2 1
0 6 4 3 8 6 7 0 0 8 1 3 0 13 2 0 0 1 3 1 910 0 0 0
2 0 1 1 3 3 3 0 10 8 7 4 3 9 13 6 9 3 3 1 1 1 2 2 2 3 1 2 1 950 3 3 3
13 4 3 0 4 7 3 2 3 5 6 0 2 1 0 0 3 3 1 3 1 3 1 884 1 0 2
0 0 2 0 1 4 3 3 13 7 5 3 3 8 5 4 0 1 3 1 924 0 0 0
1 6 3 10 2 13 6 4 0 3 7 5 0 1 0 3 10 2 1 3 3 2 3 2 3 1 1 1 2 1 964 3 3 4
1 3 5 3 4 8 5 3 3 7 5 10 2 13 5 0 7 1 1 1 3 3 2 2 1 2 1 1004 3 2 2
6 3 2 0 1 9 7 5 6 10 9 1 2 3 13 3 7 1 1 2 1 2 3 3 1 2 1 1044 3 2 2
13 7 5 0 3 6 4 2 2 5 4 3 2 1 4 0 5 1 3 2 1 1 1 3 1 920 3 1 1
13 8 6 10 4 7 5 4 1 3 2 0 1 2 3 2 2 2 1 1 1 1 960 1 1 0
4 13 9 10 3 6 7 4 2 4 2 1 1 1 2 0 11 2 3 3 1 1 3 1 2 2 3 1 1 2 1 1000 4 3 4
5 13 9 3 2 7 8 10 1 4 4 3 1 3 0 0 7 2 3 1 2 2 1 3 1 3 1 1040 2 3 2
1 3 13 7 2 5 8 11 4 4 3 1 1 4 1 0 5 2 1 2 2 3 1 2 1 1080 1 3 1
13 8 10 4 5 7 9 11 3 5 3 3 3 1 2 0 5 1 3 1 2 2 3 6 0.33333333333333331 7 0.33333333333333331 8 0.33333333333333331 1120 2 2 1
2 3 1 0 3 5 2 0 7 5 6 12 13 4 4 3 1 3 1 1 1 1160 0 0 1
8 12 0 1 7 6 1 3 8 5 4 2 13 3 3 0 10 2 1 1 2 3 3 2 3 1 2 1 3 1 1200 3 4 3
4 0 1 8 3 4 3 1 3 7 6 5 13 9 6 0 2 2 3 1 2 1 908 0 1 1
0 1 2 3 3 3 4 1 3 7 6 5 13 10 8 5 0 1 2 1 948 0 0 0
5 4 3 2 13 7 4 2 9 5 2 1 10 4 3 0 8 1 2 1 2 3 3 3 1 1 1 1 988 3 2 3
6 0 1 1 13 7 2 2 9 8 2 0 11 3 0 0 5 1 3 3 3 1 1 2 1 1028 2 0 3
4 0 0 2 13 1 3 0 10 4 5 2 11 7 4 4 2 1 1 1 2 1 1068 2 0 0
6 3 3 0 13 5 4 3 10 9 4 2 11 5 1 0 0 3 7 0.2857142857142857 8 0.2857142857142857 9 0.42857142857142855 1108 0 0 0
1 0 2 0 3 6 4 0 9 8 4 4 13 12 5 5 11 1 3 2 1 2 1 1 3 2 3 2 1 3 1 1148 4 4 3
3 2 0 1 10 7 0 0 13 6 4 0 12 5 3 2 8 3 1 2 1 3 1 3 2 1 3 1 1188 3 2 3
0 0 0 2 0 0 4 1 0 3 7 3 2 6 8 13 3 3 2 1 1 1 1 855 1 1 1
4 3 10 3 0 5 13 1 4 5 6 0 1 0 2 0 0 1 2 1 895 0 0 0
3 2 1 5 1 13 4 2 10 11 5 3 0 3 0 3 11 3 1 2 1 3 3 2 1 1 3 2 1 2 1 935 4 3 4
6 9 8 3 4 13 4 6 1 2 12 3 1 2 0 0 11 1 2 2 2 1 2 3 1 1 3 3 1 3 1 975 4 4 3
2 3 3 0 10 5 0 0 13 6 3 3 3 12 6 1 9 1 3 2 2 2 3 1 3 1 3 4 0.54545454545454553 5 0.27272727272727276 6 0.18181818181818185 1015 3 3 3
13 3 0 0 4 8 3 2 11 8 4 0 12 5 6 0 8 3 2 1 1 1 2 2 1 1 3 1 1055 4 3 1
1 3 3 2 2 3 4 0 3 10 13 0 11 12 8 5 5 1 1 2 3 3 1 3 1 1095 2 1 2
1 0 0 0 3 13 5 9 4 5 5 0 4 3 3 0 3 1 2 2 1 3 1 798 1 2 0
2 3 0 3 0 2 1 6 2 4 4 13 0 1 5 10 1 1 1 3 1 838 1 0 0
0 2 1 3 3 1 4 2 0 1 7 8 2 3 10 13 11 3 1 2 3 3 3 1 2 2 1 2 1 1 1 878 3 4 4
0 5 9 13 0 5 6 11 0 3 3 8 3 0 3 4 11 3 2 3 2 1 3 2 3 1 1 1 1 2 1 918 4 3 4
4 5 9 13 3 5 9 11 1 3 4 2 0 0 3 1 7 2 1 3 2 1 3 2 1 3 1 958 2 3 2
1 1 13 10 0 3 6 12 0 3 5 7 2 0 4 6 6 3 3 2 1 1 2 1 2 1 998 2 2 2
2 13 11 0 1 5 6 12 3 5 8 1 2 1 7 0 3 2 1 2 1 3 1 1038 1 2 0
3 13 11 12 1 4 8 9 3 4 5 2 1 0 3 3 0 1 2 1 1078 0 0 0
1 0 0 1 6 5 3 2 8 3 5 0 13 3 3 0 3 1 3 2 1 2 1 882 1 1 1
0 2 0 0 8 3 4 3 8 8 3 3 10 13 6 1 1 2 1 1 1 922 0 1 0
0 0 5 2 3 3 4 1 9 11 5 2 0 13 3 3 0 1 1 1 962 0 0 0
1 2 0 2 5 4 6 0 9 8 4 3 13 11 4 0 10 3 1 1 1 1 3 2 2 2 3 1 3 1 1002 4 3 3
0 0 10 3 2 1 8 4 0 10 6 3 13 11 6 2 9 1 1 3 3 3 2 2 1 2 1 1 1 1042 3 3 3
3 3 4 1 0 0 3 5 3 4 8 9 4 13 12 10 8 3 1 2 2 1 2 2 3 1 1 1 1082 2 4 2
0 3 0 2 2 3 4 2 0 4 9 2 1 13 12 11 5 1 2 1 3 1 1 1 1 1122 3 1 1
0 4 1 1 3 1 5 6 3 7 9 11 4 13 12 7 3 3 2 2 1 2 1 1162 0 2 1
6 3 2 0 13 3 0 0 5 3 1 1 4 1 0 0 6 2 3 2 1 3 3 1 2 1 780 1 2 3
1 3 5 0 4 4 4 3 13 4 3 0 10 8 2 1 4 2 3 3 1 1 2 1 820 1 1 2
0 4 3 3 0 13 2 4 1 11 10 3 0 3 0 10 4 1 2 3 2 1 1 1 860 1 2 1
0 1 2 0 1 5 4 4 13 7 6 1 12 6 2 3 2 3 3 1 2 1 900 0 0 2
0 1 0 2 0 9 7 0 13 8 6 6 5 12 1 2 11 3 1 2 3 1 2 3 1 2 2 3 1 1 1 940 3 4 4
1 13 10 4 4 5 7 12 4 0 5 0 1 2 2 1 8 2 1 2 3 3 3 1 2 3 8 0.18181818181818185 9 0.27272727272727276 10 0.54545454545454553 980 2 3 3
3 13 10 9 4 6 8 5 3 5 5 12 3 1 3 2 4 3 1 2 2 1 1 1 1020 1 2 1
1 4 13 10 3 3 5 11 0 3 4 6 0 2 1 12 1 3 1 2 1 1060 0 0 1
2 4 1 3 3 13 5 4 0 2 4 2 0 1 6 0 7 3 2 1 2 3 1 1 1 3 1 1010 3 2 2
1 0 2 0 3 4 2 1 8 4 3 0 13 6 6 0 4 3 3 2 3 1 1 1 1050 0 1 3
6 3 0 3 9 1 3 8 11 13 6 7 5 2 0 5 6 1 2 1 3 2 2 1 1 1 1090 2 3 1
13 3 2 0 4 4 0 1 1 5 3 2 3 0 0 0 3 3 1 2 1 3 1 840 1 1 1
2 1 1 0 13 7 2 4 1 7 0 0 4 4 0 2 0 1 3 1 880 0 0 0
0 1 0 3 5 5 3 0 13 7 4 3 10 8 5 4 9 3 2 3 1 1 3 1 2 2 1 2 1 920 3 3 3
3 2 1 0 5 4 1 2 13 6 4 3 10 9 7 3 6 3 1 3 3 1 2 1 2 1 960 2 1 3
2 2 6 1 1 4 3 2 3 13 1 1 0 11 2 0 4 3 1 3 2 1 3 1 1000 1 1 2
0 0 0 2 1 2 3 4 13 7 6 4 11 9 6 5 1 3 1 1 1 1040 0 0 1
0 3 1 0 3 7 13 2 0 12 6 6 0 0 3 3 1 1 1 2 1 1080 1 0 0
3 8 10 3 7 5 4 5 13 5 4 0 12 3 0 0 0 1 3 1 1120 0 0 0
0 4 3 3 5 3 4 3 8 4 13 4 0 4 4 2 2 2 1 1 1 1 826 1 1 0
2 3 5 4 13 6 7 4 9 5 3 1 2 1 0 3 3 1 3 2 1 3 1 866 1 1 1
1 8 4 3 13 7 6 3 9 3 5 3 2 0 0 3 0 3 4 0.54545454545454553 5 0.27272727272727276 6 0.18181818181818185 906 0 0 0
0 0 8 2 4 7 13 1 11 6 3 1 2 4 3 4 11 3 3 3 2 2 3 1 2 1 1 2 1 1 1 946 3 4 4
2 9 0 0 3 3 13 3 3 5 7 11 4 4 3 0 7 1 1 2 2 3 1 1 1 2 1 986 4 2 1
2 9 13 3 4 7 8 11 3 5 9 1 3 4 4 1 5 1 2 1 3 2 1 2 1 1026 2 2 1
3 2 13 3 2 9 10 11 1 0 4 7 0 0 3 4 1 1 1 3 1 1066 1 0 0
0 1 13 3 1 4 9 10 4 5 8 11 0 3 5 5 9 2 3 3 1 1 2 3 2 3 1 2 1 1106 2 3 4
0 0 1 0 2 4 1 3 3 6 0 0 13 8 2 1 7 1 3 1 2 3 2 2 1 3 1 813 2 3 2
0 0 0 1 2 1 3 3 13 7 5 3 10 9 6 4 7 1 3 3 2 1 3 2 1 2 1 853 2 2 3
3 3 3 3 3 7 5 3 13 8 6 3 10 9 10 9 6 3 2 1 2 3 3 1 1 1 893 1 2 3
1 8 6 4 13 11 3 3 11 9 4 0 1 3 1 0 5 1 3 2 2 2 1 2 1 933 1 3 1
3 12 0 0 3 4 1 4 2 13 9 9 4 1 1 10 2 2 2 1 3 1 973 0 2 0
3 7 12 11 0 3 7 13 3 1 4 5 2 0 3 3 11 2 1 3 1 2 2 2 3 3 3 1 1 1 1 1013 3 4 4
5 10 8 12 4 5 7 11 2 4 6 13 0 3 2 1 9 2 1 3 1 2 1 2 1 3 3 4 0.54545454545454553 5 0.27272727272727276 6 0.18181818181818185 1053 4 3 2
3 10 8 12 3 8 9 11 3 5 6 13 2 0 5 7 9 3 1 3 1 2 1 2 2 1 1 3 1 1093 4 3 2
3 5 8 3 9 5 7 1 13 4 4 0 4 6 3 0 7 1 2 1 2 2 3 1 1 2 1 810 3 3 1
0 2 10 8 0 4 8 3 4 13 4 1 2 2 2 0 5 3 3 1 1 1 1 3 1 850 3 0 2
0 2 10 3 0 1 8 9 1 3 4 6 2 3 13 5 2 3 3 1 3 1 890 0 0 2
1 3 11 3 4 6 5 2 3 1 5 13 0 3 3 8 2 2 2 1 1 1 930 0 2 0
2 2 0 0 0 4 1 1 4 5 13 3 1 9 11 7 0 1 2 1 970 0 0 0
1 0 1 1 2 5 4 0 13 6 8 3 4 9 11 5 9 3 2 3 1 3 2 3 2 1 1 2 1 1010 2 3 4
2 6 0 0 1 13 3 2 3 3 8 11 4 4 9 10 7 1 1 3 3 1 2 3 1 2 1 1050 3 1 3
1 3 5 1 0 3 6 5 13 4 7 5 10 12 9 5 7 2 1 2 3 2 3 2 1 1 1 1090 1 4 2
0 4 2 13 2 3 3 7 1 3 8 1 0 0 2 3 5 1 1 2 2 3 1 1 1 820 2 2 1
9 13 3 0 5 6 1 0 3 2 2 0 4 1 0 2 1 3 1 1 1 860 0 0 1
0 9 13 2 0 3 8 2 1 5 3 1 2 0 5 3 9 2 3 1 1 3 3 1 1 2 1 2 1 900 4 2 3
3 13 3 1 10 8 3 0 8 2 0 0 3 3 1 1 6 3 3 2 3 1 2 1 2 1 940 1 2 3
13 8 3 2 10 9 4 4 4 7 5 3 3 4 3 2 3 1 1 3 1 3 1 980 2 0 1
3 1 2 3 11 7 4 2 13 4 0 1 4 3 0 3 11 1 2 3 3 2 3 1 1 1 2 2 1 3 1 1020 4 4 3
2 6 8 3 13 6 4 0 11 5 1 1 3 5 0 0 9 1 1 2 2 2 2 3 1 3 1 3 1 1060 3 4 2
2 1 5 9 13 3 4 3 12 7 5 1 3 3 0 2 11 2 2 1 3 3 1 1 3 1 2 3 1 2 1 1100 4 3 4
0 3 1 13 0 2 5 8 1 4 6 6 0 1 0 2 8 3 3 3 2 1 2 3 2 1 1 1 871 1 3 4
5 13 3 0 7 6 3 3 1 2 3 10 3 3 1 0 8 1 2 2 2 2 3 1 1 3 8 0.18181818181818185 9 0.27272727272727276 10 0.54545454545454553 911 3 4 1
1 1 7 2 1 8 6 6 0 2 0 13 0 3 0 11 5 2 1 3 3 2 1 3 1 951 1 2 2
2 4 0 0 3 4 11 13 3 5 7 10 1 5 3 2 3 3 3 3 1 1 1 991 0 0 3
3 8 11 13 1 5 7 10 2 3 5 9 0 3 0 1 1 3 1 2 1 1031 0 0 1
1 4 13 12 2 4 5 4 3 4 6 4 0 0 0 1 10 3 2 1 2 1 3 2 3 3 2 1 1 1 1071 2 4 4
3 0 8 13 2 3 6 5 2 4 3 12 0 3 1 3 7 3 1 3 2 1 2 3 1 1 1 1111 2 2 3
4 6 9 13 3 2 5 12 1 3 2 1 2 0 0 0 4 2 3 3 1 1 1 1 1151 1 1 2
2 3 7 13 0 3 6 8 2 3 4 3 0 0 0 6 9 2 3 1 3 1 3 1 3 2 1 1 1 828 3 2 4
3 6 7 10 2 4 4 13 0 3 2 4 0 3 0 0 6 2 1 2 3 1 1 1 1 1 868 3 2 1
3 5 8 10 2 4 7 13 1 3 4 4 0 0 1 1 3 1 2 2 1 2 1 908 1 2 0
0 2 11 2 0 3 9 13 1 4 7 6 4 4 4 5 1 1 1 3 1 948 1 0 0
0 1 11 4 2 4 9 13 3 5 7 8 3 6 3 1 10 1 2 2 3 3 2 3 3 1 1 1 2 1 988 3 3 4
5 7 13 1 4 4 11 3 5 0 3 10 3 2 0 0 6 1 2 3 1 2 2 1 1 1 1028 2 3 1
4 3 3 0 3 3 4 3 13 8 7 1 11 10 3 0 2 2 2 1 1 1 1068 0 2 0
2 3 0 3 8 6 4 0 6 13 9 4 1 11 10 2 0 1 1 1 1108 0 0 0
13 7 1 0 5 2 4 0 4 0 2 1 3 0 0 0 0 1 3 1 829 0 0 0
0 1 8 3 0 2 7 13 1 4 5 4 1 0 3 3 9 1 3 3 1 2 2 2 2 3 1 3 1 869 2 4 3
1 0 1 2 0 0 3 5 3 2 5 6 0 5 13 9 5 3 1 2 3 2 1 1 1 909 1 2 2
3 9 10 8 6 13 2 0 7 3 4 2 3 4 1 1 6 1 1 3 3 3 2 1 2 1 949 2 1 3
0 6 2 1 1 3 2 0 6 3 5 2 2 13 4 0 3 1 3 1 1 3 1 816 2 0 1
3 0 3 0 2 0 4 6 2 13 6 7 0 1 1 10 3 2 1 2 1 1 1 856 1 2 0
0 0 4 1 0 3 7 1 4 6 8 4 4 9 13 11 2 3 2 1 2 1 896 0 1 1
0 0 3 4 5 4 4 7 0 5 10 11 0 3 13 3 0 1 3 1 936 0 0 0
8 7 4 1 3 5 3 3 13 11 10 0 3 9 0 1 9 1 2 3 3 3 3 2 1 2 1 2 1 976 2 3 4
1 0 2 0 5 1 0 0 8 5 0 0 2 13 0 2 10 2 3 3 2 1 2 1 3 3 1 1 1 1 811 3 3 4
5 6 1 3 7 5 2 0 13 7 0 0 9 8 3 1 9 2 2 1 3 3 2 2 3 1 1 1 1 851 2 4 3
4 3 0 1 8 4 3 1 13 8 4 2 11 10 1 3 9 2 3 2 2 2 1 3 1 3 1 3 1 891 2 4 3
2 0 2 2 4 3 4 3 13 4 7 4 12 10 6 1 7 1 3 3 1 3 2 1 1 3 1 931 3 1 3
1 0 1 0 13 4 3 3 12 7 8 3 9 10 6 1 4 2 3 2 3 1 2 1 971 0 2 2
4 3 5 3 13 5 6 4 12 10 1 2 1 11 1 2 1 3 1 2 1 1011 0 0 1
0 3 5 3 13 8 10 4 12 11 4 4 2 3 5 4 9 2 2 1 3 1 2 1 3 1 1 3 1 1051 4 3 2
0 7 1 2 13 5 1 0 4 6 5 1 2 4 2 2 5 3 1 3 3 2 1 1 1 946 1 1 3
7 13 8 0 1 6 7 6 4 3 3 5 4 2 1 3 4 3 1 2 2 1 3 1 986 1 2 1
13 9 7 3 5 8 5 3 3 4 0 0 1 2 2 0 1 3 1 1 1 1026 0 0 1
2 13 10 6 1 4 6 5 1 0 2 4 0 0 0 3 10 2 2 1 3 2 1 1 1 2 3 1 3 1 1066 4 4 2
2 9 13 3 5 10 8 9 5 5 4 2 1 3 4 1 8 3 2 3 2 1 2 3 1 1 1 1 1106 2 3 3
1 9 13 3 8 7 11 5 0 7 2 3 2 2 0 0 8 2 3 1 2 1 1 3 3 1 1 1 1146 3 2 3
0 2 13 3 2 4 12 3 0 6 3 4 1 3 2 7 5 1 2 3 1 1 1 3 1 1186 3 1 1
0 0 3 0 2 4 3 2 5 6 13 4 1 7 8 12 3 1 1 2 1 3 1 1226 2 1 0
2 13 2 0 4 6 4 3 4 5 1 0 2 3 0 2 4 1 1 1 3 1 3 1 772 3 0 1
8 13 4 3 0 6 4 1 3 3 2 0 0 0 2 1 1 3 3 5 0.42857142857142855 6 0.2857142857142857 7 0.2857142857142857 812 0 0 1
13 10 2 0 9 5 2 1 6 3 1 0 4 3 1 0 10 2 1 1 2 3 3 2 1 3 2 1 3 1 852 3 4 3
13 10 6 4 9 7 4 3 2 7 3 2 0 5 3 2 7 1 3 1 1 3 3 2 1 1 1 892 3 1 3
13 3 1 0 9 10 2 0 10 9 2 3 3 6 3 1 4 3 3 2 3 1 1 1 932 0 1 3
6 1 7 4 10 13 5 6 11 6 5 2 3 5 0 1 1 3 1 2 1 972 0 0 1
10 13 1 0 11 9 2 0 6 5 3 0 1 4 4 2 9 1 2 3 3 3 3 2 2 1 1 1 1 1012 2 3 4
10 13 10 1 11 9 8 3 8 7 5 3 10 4 1 4 9 2 1 3 2 1 2 3 2 3 1 3 1 1052 2 4 3
0 2 3 13 1 4 8 6 0 2 4 4 1 0 4 2 2 3 1 1 3 1 858 1 0 1
0 5 13 9 2 1 6 5 3 4 3 1 0 3 4 3 1 2 3 8 0.18181818181818185 9 0.27272727272727276 10 0.54545454545454553 898 0 1 0
1 1 13 11 2 3 6 9 0 4 4 5 0 2 3 3 0 1 3 1 938 0 0 0
2 1 0 11 2 3 13 9 0 3 5 8 3 1 6 4 9 1 3 3 1 1 3 2 3 2 1 2 1 978 3 2 4
1 5 13 11 2 3 5 10 0 0 3 4 3 0 0 1 5 2 3 2 1 1 1 2 1 1018 2 2 1
2 3 13 11 3 6 8 10 0 4 3 6 1 3 0 0 4 2 1 3 3 3 7 0.2857142857142857 8 0.2857142857142857 9 0.42857142857142855 1058 1 1 2
1 6 13 10 0 3 5 12 2 2 0 6 3 0 0 3 3 2 1 1 3 5 0.42857142857142855 6 0.2857142857142857 7 0.2857142857142857 1098 2 1 0
2 13 7 4 4 8 9 10 4 1 6 12 2 1 1 2 3 3 3 1 1 2 1 1138 1 0 2
5 3 3 0 8 5 3 0 13 5 3 1 0 1 0 0 9 1 3 2 2 1 2 3 2 3 1 3 1 859 2 4 3
0 13 10 3 1 2 7 3 3 3 4 3 3 1 2 3 7 1 3 3 2 1 2 2 1 1 1 899 2 3 2
3 4 13 4 3 6 7 10 0 5 6 9 3 2 0 1 6 1 2 1 1 2 2 1 3 1 939 3 3 0
3 3 13 1 0 8 8 5 0 2 9 11 1 0 5 7 5 3 3 2 3 2 1 1 1 979 0 2 3
1 0 0 7 3 2 13 11 1 4 9 10 0 2 2 3 2 1 1 1 2 1 1019 2 0 0
1 8 2 3 2 13 1 5 3 4 8 12 1 1 5 10 1 2 1 2 1 1059 0 1 0
1 0 0 0 1 0 3 1 7 5 3 0 13 5 6 2 8 2 1 3 1 2 2 3 2 1 3 1 906 2 4 2
0 3 3 3 0 1 4 4 3 3 7 5 13 8 9 1 5 1 3 2 3 2 1 2 1 946 1 2 2
0 2 4 1 0 2 2 7 3 4 10 6 0 1 13 8 3 3 1 1 1 2 1 986 2 0 1
2 0 0 0 5 4 1 2 6 10 9 0 13 8 7 3 1 1 1 3 1 1026 1 0 0
13 3 9 3 8 11 7 10 1 3 3 6 0 0 2 4 3 3 1 3 1 2 1 1066 1 0 2
4 3 1 0 7 4 3 0 4 12 3 0 13 10 10 2 2 3 1 1 2 1 1106 1 0 1
13 3 1 2 2 8 5 3 4 4 1 0 0 2 0 0 7 3 1 1 2 3 3 2 1 1 1 1004 2 2 3
6 13 1 0 0 6 7 0 3 5 5 8 4 3 4 2 4 3 2 2 1 1 1 1 1044 1 2 1
2 13 9 1 3 9 6 0 1 3 3 5 5 1 0 0 4 1 2 2 3 1 2 1 1084 1 2 1
13 10 5 4 8 6 3 2 2 3 3 3 0 0 0 3 2 1 1 1 3 1 1124 2 0 0
3 10 1 0 9 4 1 3 13 6 5 2 9 4 5 3 1 2 1 3 1 1164 0 1 0
1 11 5 3 7 4 3 3 10 9 1 0 13 3 0 3 3 2 1 2 1 2 1 1204 1 2 0
11 2 0 1 3 8 6 3 13 9 11 2 3 1 5 5 0 1 3 1 1244 0 0 0
1 7 2 3 13 6 3 1 10 12 4 2 4 4 0 2 10 3 3 3 1 3 2 1 1 2 2 1 1 1 1284 3 3 4
0 0 2 3 0 1 3 3 0 1 4 1 2 4 2 13 8 2 1 1 3 3 2 1 2 1 3 1 823 3 3 2
3 3 3 2 3 6 4 4 0 8 4 2 0 1 1 13 5 3 2 3 1 2 1 1 1 863 1 2 2
2 13 9 3 0 6 8 3 7 0 3 2 0 0 2 3 3 3 1 1 1 1 1 903 2 0 1
1 3 3 2 1 3 4 0 10 13 6 0 2 7 1 0 0 1 2 1 943 0 0 0
3 3 0 2 5 4 3 2 13 9 11 0 1 3 1 0 11 1 3 1 2 1 2 2 3 1 3 3 1 2 1 983 4 3 4
2 1 4 3 13 4 8 4 4 11 8 2 0 8 9 4 10 3 3 2 2 1 3 2 1 1 3 1 1 1 1023 3 3 4
4 1 3 4 13 9 11 4 2 5 10 10 3 0 6 0 10 2 1 3 1 1 2 2 2 3 3 1 1 1 1063 3 4 3
7 13 9 12 4 7 5 3 3 5 1 3 0 3 2 0 6 2 3 3 1 3 1 1 2 1 1103 2 1 3
0 0 1 0 1 4 0 0 5 4 4 0 2 9 13 2 8 2 1 1 2 3 3 2 3 1 1 1 805 2 3 3
1 2 3 4 1 3 6 6 2 1 7 13 3 3 9 10 7 1 2 3 3 2 2 3 1 1 1 845 1 3 3
3 2 1 5 0 1 5 6 4 5 7 13 2 7 6 11 7 2 1 2 2 1 1 3 1 3 1 885 3 3 1
3 3 2 1 3 5 3 0 3 6 7 13 8 10 9 11 7 1 1 1 3 2 2 2 3 5 0.42857142857142855 6 0.2857142857142857 7 0.2857142857142857 925 3 3 1
1 4 4 7 1 4 6 13 0 3 4 12 0 3 3 6 3 1 2 2 1 2 1 965 1 2 0
3 2 1 3 1 6 7 13 3 6 8 12 10 0 0 2 0 1 3 1 1005 0 0 0
4 3 4 2 6 12 13 3 7 9 3 0 10 2 0 0 8 2 3 2 1 3 3 1 1 1 1 1 1045 3 2 3
2 3 8 13 2 7 1 4 3 6 6 2 7 1 8 0 5 1 1 1 2 2 1 3 1 860 3 2 0
0 3 11 13 1 1 6 7 3 1 3 3 0 1 9 10 5 2 3 2 2 2 1 3 1 900 0 4 1
13 1 2 4 2 3 4 0 2 4 3 4 3 3 1 0 5 3 1 1 2 2 1 1 1 1081 2 2 1
1 0 0 0 1 4 0 0 0 7 7 2 5 13 8 2 3 2 3 1 3 7 0.2857142857142857 8 0.2857142857142857 9 0.42857142857142855 1121 1 1 1
0 1 3 0 2 3 0 1 3 8 6 2 13 9 5 3 11 2 2 1 1 1 2 2 3 3 3 3 1 1 1 1161 3 4 4
0 1 0 0 1 3 5 4 3 8 4 2 13 8 9 3 7 2 3 1 2 3 2 3 1 1 1 1201 1 3 3
0 4 3 0 5 3 3 1 13 8 3 2 0 5 10 3 6 2 2 1 1 3 1 1 2 1 1241 3 2 1
13 3 3 3 8 8 5 4 3 10 6 3 0 6 0 3 5 3 2 1 3 2 1 1 1 1281 1 2 2
5 2 1 3 5 8 6 7 13 3 3 0 1 11 3 0 3 2 1 3 1 2 1 1321 1 1 1
3 5 6 9 1 3 7 13 3 0 6 4 3 0 0 11 1 3 1 2 1 1361 0 0 1
0 1 0 0 4 2 6 3 5 13 3 6 3 3 4 4 6 1 2 1 3 3 3 1 2 1 946 2 1 3
2 3 13 4 9 3 7 1 8 6 5 2 0 3 2 3 5 3 1 3 1 1 1 2 1 986 3 0 2
10 6 5 1 13 7 4 2 5 4 1 0 3 0 3 0 3 2 3 2 1 1 1 1026 0 2 1
10 9 5 4 13 5 4 2 5 4 0 1 0 2 1 0 1 3 1 3 1 1066 0 0 1
10 9 6 3 13 8 3 3 6 4 0 1 3 3 0 2 11 1 1 3 3 2 1 3 3 1 2 2 1 2 1 1106 4 3 4
11 3 5 2 13 7 5 3 2 3 5 1 0 3 0 2 8 1 1 3 1 3 2 1 2 1 3 1 1146 4 2 2
1 11 3 3 13 4 9 7 1 3 6 3 0 2 2 1 7 2 3 2 3 2 1 1 1 3 1 1186 2 3 2
11 5 9 3 13 8 7 1 3 5 3 1 2 1 3 2 4 1 2 2 3 1 3 1 1226 1 2 1
0 1 3 2 1 0 3 13 0 2 7 5 4 3 5 4 9 2 3 3 1 1 2 3 2 1 1 3 1 921 3 3 3
2 0 1 2 0 0 7 13 2 5 5 8 0 0 2 1 5 3 3 3 3 1 1 1 1 961 1 0 4
3 2 1 1 5 5 3 3 0 6 13 1 3 2 9 0 1 3 1 2 1 1001 0 0 1
0 0 2 3 0 1 1 5 2 5 7 13 5 8 9 10 0 1 3 1 1041 0 0 0
3 4 3 3 0 5 7 13 0 3 4 9 0 0 3 11 10 3 2 2 2 1 3 3 1 2 1 1 1 1 1081 3 4 3
0 0 5 3 2 4 7 13 0 4 8 9 0 3 11 1 7 3 3 1 1 2 2 1 1 2 1 1121 3 2 2
1 5 4 0 3 6 2 13 4 10 1 1 6 1 11 3 4 2 2 3 2 1 3 1 1161 0 3 1
2 4 8 13 7 6 10 11 1 5 5 4 2 0 7 3 3 3 3 3 1 1 1 1201 0 0 3
13 4 3 3 4 5 2 0 3 4 3 1 2 0 0 0 9 1 1 2 3 3 1 2 1 3 1 2 1 758 4 2 3
13 8 2 0 3 6 4 0 6 10 3 3 4 0 10 1 8 1 2 3 1 2 2 3 3 1 1 1 798 2 3 3
0 2 11 9 3 13 3 4 1 6 3 2 2 2 4 3 5 3 1 1 3 1 3 8 0.18181818181818185 9 0.27272727272727276 10 0.54545454545454553 838 3 0 2
4 11 9 10 13 9 7 2 5 4 4 1 3 1 0 0 5 2 1 2 1 2 1 3 1 878 2 3 0
3 6 12 13 4 5 7 8 3 4 5 1 3 3 3 0 3 1 2 2 1 3 1 918 1 2 0
3 2 12 13 0 5 6 9 0 0 5 7 1 1 3 4 0 1 2 1 958 0 0 0
4 3 12 9 3 2 10 13 0 3 5 5 2 0 0 1 10 3 2 3 2 2 3 1 1 3 1 1 1 1 998 3 3 4
1 6 10 12 3 5 7 9 3 4 6 13 2 2 5 1 8 3 1 2 3 1 2 2 1 1 3 1 1038 3 3 2
4 5 13 0 3 7 3 0 1 3 1 0 2 4 3 2 5 1 2 3 2 1 1 3 1 873 2 2 1
0 5 2 13 0 3 6 8 0 2 6 2 3 3 0 10 2 1 1 1 1 1 913 2 0 0
0 4 7 13 0 3 6 9 2 3 4 10 0 1 3 4 11 2 3 2 1 2 2 1 3 1 1 3 1 3 1 953 4 4 3
4 5 6 13 2 4 5 11 1 4 4 0 3 2 3 3 8 3 3 1 1 2 2 2 1 1 1 1 993 3 3 2
3 0 1 8 3 7 5 13 2 7 9 11 2 5 5 0 9 1 1 2 3 3 1 1 3 2 1 2 1 1033 4 2 3
3 0 4 3 2 6 3 1 0 6 7 5 11 9 10 13 6 1 2 1 2 1 2 1 3 1 1073 3 3 0
1 3 3 2 4 5 6 7 4 9 8 13 2 11 10 3 2 1 1 1 2 1 1113 2 0 0
1 0 1 2 0 2 4 3 0 3 7 5 1 5 13 12 10 2 2 3 2 1 3 2 3 1 1 1 3 1 1153 3 4 3
0 0 0 3 3 5 3 1 8 6 7 0 13 3 3 5 0 1 2 1 794 0 0 0
10 2 1 0 9 6 3 0 13 7 4 3 4 3 1 0 10 2 2 3 1 2 1 3 3 2 3 1 1 1 834 2 4 4
11 1 0 0 10 6 3 0 13 6 2 0 6 4 4 3 10 1 3 2 3 1 1 2 2 1 2 1 3 1 874 4 4 2
13 12 5 4 8 6 5 1 2 4 4 2 0 3 0 0 7 3 1 1 2 3 3 1 1 2 1 914 3 1 3
13 12 8 5 3 9 5 6 3 4 5 0 0 2 1 2 6 1 1 3 1 2 2 1 3 1 954 3 2 1
13 12 8 11 5 6 7 4 3 5 3 8 0 0 0 1 7 1 3 2 2 3 1 2 1 3 1 994 2 3 2
13 12 3 11 4 8 6 9 6 6 4 3 0 3 3 3 4 2 3 1 2 1 1 1 1034 1 2 1
1 0 1 0 4 4 3 0 8 6 2 3 13 7 5 0 0 1 2 1 889 0 0 0
5 0 0 1 7 3 0 3 8 4 2 1 13 8 5 1 8 2 1 3 2 2 1 3 3 1 2 1 929 2 3 3
5 1 2 0 8 5 3 1 9 6 5 2 13 3 1 0 4 2 1 3 2 1 3 1 969 1 2 1
3 0 3 2 3 4 1 1 4 6 2 0 13 11 9 3 2 3 1 1 2 1 1009 1 0 1
1 0 0 0 1 5 4 1 2 8 4 2 13 11 9 4 10 3 1 2 3 2 2 1 3 3 2 1 1 1 1049 2 4 4
0 3 1 3 1 2 3 1 4 8 7 7 13 11 9 10 7 2 2 3 1 2 3 1 1 2 1 1089 2 3 2
3 3 0 0 2 7 7 1 2 13 6 4 10 12 3 3 6 3 2 2 1 1 1 1 3 1 1129 3 2 1
3 8 5 3 3 6 7 2 3 6 13 12 3 10 0 11 4 1 2 1 2 1 1 1 1169 2 2 0
6 5 5 1 3 13 6 3 2 0 0 2 0 0 2 3 1 1 1 1 1 851 1 0 0
3 0 2 2 0 3 1 5 0 5 6 4 0 13 8 4 9 1 3 1 1 3 2 1 2 3 1 2 1 891 4 2 3
1 3 3 3 5 5 0 0 10 9 5 2 13 6 0 0 7 1 2 3 3 3 2 1 1 3 1 931 2 2 3
3 2 3 1 0 0 5 3 2 5 5 10 1 11 9 13 6 1 2 2 3 3 3 1 1 1 971 1 2 3
3 3 3 2 4 1 5 1 7 7 11 0 3 11 9 13 3 2 2 1 1 3 1 1011 1 2 0
0 0 0 2 0 0 3 5 3 4 5 1 2 1 13 9 5 2 1 3 1 3 1 2 1 975 2 1 2
0 0 3 2 1 3 5 1 13 6 5 4 10 8 9 4 3 2 3 2 1 1 1 1015 0 2 1
3 2 3 1 5 5 5 4 13 8 0 0 2 11 0 3 1 1 1 3 1 1055 1 0 0
4 1 4 5 13 4 3 3 7 9 1 0 11 3 2 0 2 2 3 3 8 0.18181818181818185 9 0.27272727272727276 10 0.54545454545454553 1095 0 1 1
2 3 13 3 0 3 11 2 1 3 10 7 0 0 3 4 10 2 1 1 1 3 3 3 3 1 2 1 2 1 1135 4 2 4
0 3 5 7 0 0 5 2 3 0 2 13 0 0 2 3 5 2 1 1 3 1 1 1 1 820 3 1 1
2 13 2 3 4 7 8 1 4 6 6 2 0 1 5 3 4 3 3 1 2 1 1 1 860 1 1 2
1 6 8 1 4 3 13 3 1 3 5 10 4 3 1 2 4 2 3 3 2 1 2 1 900 0 2 2
1 7 6 3 13 11 4 1 3 1 2 0 1 3 3 0 2 2 2 1 2 1 940 0 2 0
0 13 0 1 9 11 6 5 8 6 5 3 2 1 4 3 0 1 2 1 980 0 0 0
7 13 12 7 6 4 2 3 0 1 2 3 0 1 0 0 0 3 7 0.2857142857142857 8 0.2857142857142857 9 0.42857142857142855 1020 0 0 0
9 13 12 7 9 1 0 0 5 0 0 0 3 2 4 2 10 1 3 2 3 1 1 3 1 2 3 1 2 1 1060 4 2 4
10 13 12 8 5 6 7 2 5 0 0 1 3 4 0 0 8 2 1 1 2 1 3 3 2 1 3 1 1100 3 3 2
0 0 2 0 0 4 1 1 3 8 5 9 3 2 3 13 3 1 3 2 1 3 1 738 1 1 1
3 3 4 5 0 6 8 9 1 5 7 13 2 0 8 0 0 1 3 1 778 0 0 0
1 4 3 3 0 4 6 6 0 3 6 10 0 3 8 13 8 1 3 2 2 1 2 3 2 1 1 1 818 2 4 2
2 2 1 4 0 7 5 4 3 8 10 13 10 0 9 0 7 2 1 3 3 1 1 2 1 3 1 858 3 2 2
2 4 3 4 7 13 1 3 7 11 10 0 11 0 0 0 7 1 3 2 2 3 1 1 1 2 1 898 3 2 2
3 2 0 0 4 5 0 2 9 13 5 1 12 10 7 5 4 1 3 3 2 1 1 1 938 1 1 2
0 1 0 3 2 3 5 3 13 8 7 4 9 12 11 2 1 3 1 1 1 978 0 0 1
3 4 1 2 13 5 6 3 10 6 5 4 4 12 11 4 1 1 1 2 1 1018 1 0 0
0 2 5 1 0 4 2 1 7 0 4 13 0 0 0 1 5 3 1 1 2 2 1 2 1 830 2 2 1
2 8 9 3 2 6 5 13 1 4 3 0 0 3 3 2 2 3 1 1 1 1 870 1 0 1
0 1 4 1 10 13 4 2 2 7 4 0 0 1 2 0 0 1 3 1 910 0 0 0
3 5 3 2 8 5 3 1 13 8 5 3 3 10 4 3 10 3 3 2 1 3 2 2 2 1 1 1 1 1 950 3 4 3
3 2 0 3 6 5 3 3 9 7 5 3 13 10 6 4 6 3 2 3 2 1 1 1 1 1 990 2 2 2
3 0 0 3 11 8 3 2 13 8 5 3 3 4 3 0 5 1 2 1 1 3 1 2 1 1030 3 1 1
3 11 7 4 9 7 0 4 1 8 0 1 0 13 2 0 2 2 2 1 1 1 1070 0 2 0
3 1 3 2 13 12 4 3 0 2 8 1 10 3 8 3 4 1 1 2 3 1 2 1 1110 2 1 1
13 8 6 3 1 6 4 2 4 4 4 0 2 0 0 0 4 2 1 1 3 1 3 1 872 2 1 1
3 8 1 0 13 8 2 3 6 5 4 6 1 4 3 0 1 2 1 3 1 912 0 1 0
4 8 9 11 4 6 5 13 3 4 4 0 0 0 2 1 11 2 1 1 2 3 1 1 3 2 3 2 1 3 1 952 4 4 3
3 6 10 11 0 4 8 13 0 2 3 4 3 0 2 1 8 3 2 2 1 2 1 1 3 1 1 1 992 3 3 2
0 2 10 11 1 5 9 13 0 3 6 7 3 3 4 6 5 1 3 3 2 1 1 2 1 1032 2 1 2
2 5 9 12 3 5 7 13 0 0 5 8 2 0 3 6 3 1 3 3 1 1 1 1072 1 0 2
5 7 10 12 2 6 13 1 1 4 2 0 3 0 3 0 11 2 1 2 3 3 1 2 1 1 3 2 1 3 1 1112 4 4 3
0 3 9 13 0 3 7 10 2 5 4 12 2 4 4 4 9 1 3 3 1 3 3 2 1 2 1 1 1 1152 3 2 4
2 5 6 4 1 3 13 0 1 0 3 0 2 0 2 3 9 1 1 1 1 2 3 2 3 2 1 3 1 862 4 3 2
2 3 5 1 1 3 5 8 2 4 6 13 1 3 6 3 7 2 2 3 2 1 3 1 1 3 1 902 2 3 2
3 0 0 0 4 3 1 0 4 7 3 3 8 10 13 4 5 2 2 3 2 1 1 1 1 942 1 3 1
4 3 0 0 6 5 5 3 9 8 4 1 10 13 1 1 3 3 2 2 1 2 1 982 0 2 1
0 0 1 0 6 6 4 2 9 9 4 4 10 13 7 4 1 1 1 2 1 1022 1 0 0
0 0 3 1 1 4 2 3 8 6 4 3 11 13 7 5 10 3 1 2 2 3 1 2 1 3 3 1 2 1 1062 3 3 4
3 4 9 3 3 4 13 3 0 4 6 4 0 3 5 3 6 1 1 2 2 2 1 1 3 1 824 3 3 0
3 3 0 0 1 2 1 4 3 2 1 10 4 8 13 3 5 3 2 1 2 1 1 2 1 864 2 2 1
1 3 3 2 5 6 6 10 5 7 8 13 2 0 0 0 2 3 1 1 3 1 904 1 0 1
0 1 2 0 0 4 4 4 2 6 7 10 1 6 9 13 11 2 2 3 1 3 1 1 3 2 3 1 1 2 1 944 4 3 4
0 4 1 2 4 3 3 0 4 5 4 2 5 7 11 13 9 2 1 2 3 1 2 1 3 3 1 1 1 984 3 3 3
1 3 0 0 3 5 5 2 3 8 7 13 5 11 9 3 7 3 2 1 2 3 2 1 1 1 1 1024 2 3 2
3 1 10 13 2 0 8 11 3 5 2 2 0 1 2 3 4 1 1 3 3 1 3 1 1064 2 0 2
0 3 10 13 0 3 9 11 0 4 6 5 1 0 0 5 1 2 1 3 1 1104 0 1 0
6 0 0 1 2 4 3 3 3 1 6 4 1 13 3 1 4 2 3 2 2 1 3 1 927 0 3 1
0 2 0 0 1 0 4 1 4 6 8 13 4 5 6 3 1 3 1 2 1 967 0 0 1
1 0 0 4 2 3 4 13 7 6 7 10 5 8 9 3 2 3 3 1 3 1 1007 0 0 2
3 4 5 13 11 4 3 8 3 4 3 0 3 0 1 2 11 1 3 2 1 1 3 3 3 2 2 1 1 2 1 1047 4 3 4
2 4 5 2 3 7 13 0 1 7 11 2 1 8 2 2 7 3 1 1 3 2 1 1 1 3 1 1087 4 1 2
5 6 3 4 4 13 2 0 1 12 7 0 2 2 0 1 5 2 1 3 1 3 1 3 1 1127 2 1 2
1 0 8 0 0 12 7 3 0 13 5 3 4 3 3 5 1 2 1 3 1 1167 0 1 0
4 12 7 6 13 9 5 3 4 3 2 1 3 3 0 0 0 1 3 1 1207 0 0 0
13 8 4 0 5 5 3 0 3 6 2 1 3 1 2 0 10 3 3 1 1 2 3 2 1 2 1 1 2 1 901 4 3 3
0 2 0 13 0 2 3 9 3 6 3 4 4 3 3 3 8 2 3 3 2 1 1 1 1 3 7 0.2857142857142857 8 0.2857142857142857 9 0.42857142857142855 941 4 2 2
3 4 9 13 2 5 7 10 0 1 6 7 2 0 3 3 7 2 3 2 1 3 1 1 1 3 1 981 3 2 2
6 3 11 3 3 5 7 13 2 3 7 10 0 0 1 4 6 2 1 2 1 3 3 1 3 1 1021 2 2 2
5 13 11 3 3 6 8 10 7 6 5 3 3 2 3 0 2 1 3 1 3 1 1061 1 0 1
7 13 3 9 9 10 11 2 3 3 9 3 0 0 2 1 2 1 3 1 3 1 1101 1 0 1
6 8 13 9 3 5 1 12 0 2 3 3 0 3 0 0 10 1 2 3 2 2 2 3 1 1 3 1 1 1 1141 3 4 3
4 13 9 2 4 8 7 0 5 7 12 3 0 1 2 3 6 2 1 2 3 1 3 1 1 1 1181 2 2 2
2 3 4 2 3 13 5 2 3 4 1 0 1 2 1 0 1 3 1 1 1 846 0 0 1
0 2 0 2 4 1 4 1 4 5 6 0 7 7 13 0 11 1 2 1 1 3 3 1 3 2 2 2 1 3 1 886 4 4 3
4 3 0 0 4 5 3 3 2 8 1 3 10 13 1 0 9 1 3 1 1 2 2 3 2 3 1 2 1 926 3 3 3
3 0 0 2 8 7 4 2 10 9 4 1 1 13 2 4 9 1 3 1 3 3 1 2 2 1 1 2 1 966 4 2 3
1 1 0 2 5 6 3 4 12 13 2 4 9 3 0 1 10 2 3 1 3 2 1 1 3 3 2 1 2 1 1006 3 3 4
11 1 3 2 12 13 4 2 8 8 6 4 1 3 5 1 10 1 3 2 2 3 1 1 2 2 3 1 3 1 1046 3 4 3
11 13 4 3 12 7 5 3 9 6 4 3 6 4 3 3 6 3 1 1 2 3 3 1 2 1 1086 2 1 3
11 13 3 1 12 8 7 2 10 7 4 1 3 11 3 3 5 2 2 3 3 3 1 1 1 1126 0 2 3
0 4 5 13 1 4 9 3 0 0 2 4 1 0 3 2 9 3 1 3 1 3 1 2 2 2 3 4 0.54545454545454553 5 0.27272727272727276 6 0.18181818181818185 897 3 3 3
1 6 13 10 4 5 7 9 1 3 6 0 0 2 3 1 7 3 2 2 2 3 3 3 1 1 1 937 0 3 4
1 0 13 10 0 1 8 9 3 7 7 3 3 4 4 2 4 2 3 3 2 1 1 1 977 0 2 2
3 5 13 0 3 4 6 11 0 3 8 0 3 3 3 8 3 2 1 2 1 1 1 1017 1 2 0
7 10 13 11 6 1 2 2 1 3 0 0 0 4 0 3 2 2 3 1 1 1 1057 0 1 1
0 0 0 9 0 6 8 12 1 3 6 13 1 0 2 6 1 3 1 2 1 1097 0 0 1
3 6 10 12 3 4 6 13 0 0 0 3 3 0 0 3 10 1 1 1 3 2 1 2 2 3 2 1 3 1 1137 4 4 2
2 3 2 12 1 4 11 13 1 2 8 9 4 8 3 6 10 2 1 3 3 3 1 2 1 3 2 1 1 1 1177 3 3 4
0 7 1 0 3 9 2 0 13 4 5 3 3 6 5 3 6 1 3 1 2 3 3 1 2 1 767 2 1 3
2 0 1 1 5 2 4 0 6 7 8 13 2 9 3 1 2 1 3 1 2 1 807 1 0 1
5 0 0 3 8 4 0 0 13 6 3 0 3 10 3 2 1 3 1 1 1 847 0 0 1
3 2 1 2 6 3 4 0 9 5 5 2 10 13 3 1 0 1 1 1 887 0 0 0
0 0 2 2 2 5 3 0 1 8 5 0 11 13 5 4 9 3 3 1 1 2 3 2 1 1 1 3 1 927 4 2 3
4 3 0 1 11 3 2 0 9 5 4 2 3 13 4 0 6 2 1 1 3 3 3 1 3 1 967 2 1 3
2 1 3 1 11 6 4 2 10 7 6 4 3 13 3 6 5 3 3 2 3 1 1 3 1 1007 1 1 3
3 3 0 1 7 7 0 3 8 4 3 3 12 13 4 4 2 3 2 1 3 1 1047 0 1 1
2 0 0 3 9 2 4 0 6 1 3 0 13 9 1 0 11 3 1 3 3 1 3 2 1 2 2 2 1 1 1 793 3 4 4
3 0 1 0 1 6 5 2 11 7 5 3 3 13 5 3 9 2 1 3 1 2 2 3 2 3 1 1 1 833 2 4 3
0 1 1 2 2 3 2 5 3 6 3 13 6 11 6 9 8 2 1 3 3 3 2 1 1 1 3 1 873 3 2 3
6 2 0 0 5 3 2 3 5 7 8 13 11 10 9 1 6 1 3 3 2 1 1 1 2 1 913 3 1 2
3 4 4 4 0 3 7 13 1 3 4 12 3 0 3 9 3 3 2 1 1 2 1 953 1 1 1
3 3 0 3 2 5 4 3 5 6 8 13 10 9 3 12 0 1 1 1 993 0 0 0
0 0 1 2 0 5 5 5 3 3 6 8 0 3 3 13 3 2 3 1 1 3 1 896 1 1 1
0 0 0 2 0 1 6 3 3 3 5 9 0 4 4 13 11 2 3 3 1 3 1 1 3 2 2 2 1 1 1 936 3 4 4
4 4 3 2 8 3 1 4 2 4 10 1 0 0 13 1 10 1 1 3 2 2 3 2 3 3 1 1 2 1 976 3 3 4
0 0 3 1 3 1 7 3 1 8 7 11 3 2 13 3 7 1 1 3 3 2 2 2 1 2 1 1016 2 3 2
5 4 1 0 9 7 4 5 13 11 4 1 2 3 2 0 3 3 3 1 1 2 1 1056 1 0 2
13 9 7 5 8 11 3 1 5 3 2 0 0 0 3 0 11 3 2 1 3 2 2 2 1 3 3 1 1 1 1 1096 3 4 4
8 0 2 2 3 11 5 0 13 10 6 2 5 4 2 1 8 3 1 3 2 1 3 3 1 1 1 1 1136 3 1 4
1 2 0 2 3 10 11 2 4 3 9 6 13 3 3 0 4 1 1 3 3 1 3 1 1176 2 0 2
2 5 1 3 0 4 4 13 1 4 6 4 0 2 3 4 5 3 2 2 1 1 1 3 1 791 2 2 1
0 0 2 3 1 0 4 13 0 4 6 8 0 4 5 7 2 1 2 1 3 1 831 1 1 0
0 1 0 4 0 1 0 5 2 4 4 13 3 4 7 9 10 1 3 1 3 2 3 1 2 2 2 1 3 1 871 3 4 3
3 0 0 0 0 2 3 4 3 3 4 3 7 8 9 13 6 2 3 2 1 1 3 1 1 1 911 2 2 2
3 3 3 2 3 4 3 1 6 7 3 1 11 13 9 0 6 2 2 3 3 1 1 1 2 1 951 2 2 2
10 2 0 0 8 7 5 3 11 9 4 2 13 4 0 1 3 3 1 3 1 3 1 991 1 0 2
5 3 0 0 12 4 0 0 13 6 1 0 5 3 3 2 11 2 1 2 3 3 1 1 1 3 2 2 1 3 1 1031 4 4 3
2 0 1 0 12 8 3 1 13 6 5 3 10 4 4 0 9 2 2 2 3 3 1 2 1 1 1 3 1 1071 3 4 2
2 3 3 8 3 3 4 13 0 1 5 1 0 0 1 2 1 3 1 2 1 938 0 0 1
2 3 4 4 0 1 3 9 0 2 4 13 0 2 0 1 10 1 2 3 2 3 3 2 3 1 1 1 1 1 978 3 3 4
3 1 0 0 0 3 10 10 1 7 7 13 2 3 3 4 9 2 2 1 1 3 1 3 3 2 1 2 1 1018 3 3 3
3 11 10 3 2 6 13 1 1 4 0 2 2 3 3 0 7 3 1 2 1 3 2 1 1 3 1 1058 3 2 2
1 0 4 0 10 1 2 0 11 13 0 0 5 5 8 3 4 2 1 3 3 1 2 1 1098 1 1 2
1 3 2 3 13 8 6 4 12 7 5 4 2 3 3 3 2 1 2 1 1 1 1138 1 1 0
2 3 0 6 1 13 12 9 4 3 3 7 2 1 2 3 10 2 1 2 1 3 3 1 3 2 1 1 3 1 1178 4 3 3
8 9 2 1 13 3 1 0 7 12 4 0 6 5 4 0 7 2 3 1 3 1 3 2 1 2 1 1218 2 2 3
0 1 3 4 1 0 3 6 0 2 2 13 0 1 7 3 8 3 3 2 3 2 2 1 1 1 3 1 755 2 3 3
4 3 6 2 3 6 5 13 3 1 5 8 2 0 0 2 6 2 1 3 3 1 3 1 1 1 795 2 1 3
4 3 13 1 3 3 5 5 0 8 8 10 0 2 3 1 6 2 3 3 1 1 2 1 2 1 835 2 2 2
0 3 4 13 2 3 8 10 3 7 9 3 1 4 1 1 4 2 3 2 3 1 3 1 875 0 2 2
1 3 11 13 2 6 4 3 2 4 5 3 2 0 1 0 0 1 1 1 915 0 0 0
8 11 13 6 3 6 4 0 3 3 3 3 0 2 0 0 9 3 1 3 1 2 1 2 2 3 1 1 1 955 3 3 3
3 13 4 1 8 6 5 5 5 7 2 0 11 9 2 0 10 2 2 1 1 3 1 3 2 3 1 1 3 1 995 4 3 3
0 0 1 3 3 1 5 4 2 13 11 10 3 8 9 3 9 3 2 2 1 3 1 2 1 2 1 3 1 1035 3 4 2
1 2 0 0 4 6 3 0 1 4 4 0 2 3 13 1 10 2 2 3 3 1 1 1 2 3 3 1 2 1 845 3 3 4
4 6 9 3 1 5 8 13 2 4 1 2 2 0 0 0 8 3 3 3 1 1 1 3 2 1 2 1 885 3 1 4
3 4 5 3 3 5 10 13 4 3 3 1 0 2 0 0 5 3 1 3 1 2 1 2 1 925 2 1 2
1 3 0 0 3 4 2 2 2 4 1 4 4 8 13 11 2 2 1 1 1 1 965 1 1 0
1 2 2 5 4 6 11 1 3 1 1 11 4 13 2 9 1 2 1 3 1 1005 0 1 0
2 4 3 3 5 4 3 0 6 7 5 12 13 9 6 1 9 2 2 1 2 1 1 3 3 1 1 2 1 1045 4 3 2
3 3 4 6 13 7 12 9 4 4 8 7 3 1 2 10 11 3 2 2 3 2 1 2 3 1 3 1 1 1 1 1085 3 4 4
2 4 3 0 13 2 5 3 6 3 12 1 11 3 8 1 8 3 2 1 1 2 2 3 3 1 1 1 1125 2 3 3
1 2 3 13 0 3 4 1 0 0 5 4 0 0 4 5 4 2 2 1 1 1 2 1 1010 2 2 0
0 4 1 0 0 2 1 4 2 13 8 3 0 4 3 3 0 1 3 1 1050 0 0 0
4 0 0 1 7 0 0 0 8 7 4 1 13 5 2 0 9 3 2 2 3 1 2 1 3 2 1 1 1 1090 2 4 3
5 4 4 3 7 6 0 0 9 4 0 2 13 0 0 1 5 3 1 1 2 2 1 3 1 1130 2 2 1
6 2 0 1 8 5 0 0 9 7 0 2 13 2 4 2 2 1 1 1 1 1 1170 2 0 0
1 4 2 2 10 4 5 3 13 6 5 0 4 4 0 0 10 2 3 3 3 1 1 1 1 2 2 1 3 1 1210 4 3 3
2 2 4 3 11 6 4 3 13 8 4 1 2 1 3 3 7 1 3 3 2 1 3 2 1 1 1 1250 2 2 3
8 1 0 1 3 11 6 0 13 10 6 3 2 9 7 1 7 2 3 3 2 3 2 1 1 3 1 1290 1 3 3
2 13 1 3 6 4 1 2 4 2 3 0 0 1 1 0 2 3 3 1 2 1 933 0 0 2
2 1 1 4 9 4 3 2 0 13 3 1 0 2 4 3 11 1 3 3 2 2 3 2 1 2 3 1 1 1 1 973 3 4 4
9 7 6 4 11 13 5 4 2 4 3 3 0 1 1 0 9 1 3 2 2 1 3 1 2 3 1 2 1 1013 3 3 3
10 13 5 0 7 5 3 0 11 4 3 1 4 1 0 1 6 3 2 2 2 2 3 1 1 1 1053 0 4 2
10 13 5 3 8 6 3 2 11 5 3 2 5 3 3 0 2 3 1 1 1 1 1093 1 0 1
10 13 6 1 8 9 5 3 11 3 3 3 7 4 2 1 0 1 2 1 1133 0 0 0
13 4 4 0 12 4 7 1 5 5 3 0 3 0 2 0 9 3 1 3 1 2 2 3 1 3 1 2 1 1173 3 2 4
13 9 4 4 12 5 2 2 8 6 0 1 6 3 3 0 6 1 3 3 2 1 2 1 1 1 1213 2 2 2
3 0 0 2 0 13 4 3 1 5 5 6 0 6 2 8 3 3 1 3 3 6 0.33333333333333331 7 0.33333333333333331 8 0.33333333333333331 896 1 0 2
1 4 0 3 2 4 6 8 3 5 13 9 4 10 8 11 5 1 3 3 3 3 1 2 1 936 1 0 4
0 3 3 4 0 0 4 12 1 3 6 13 3 6 8 3 3 3 1 2 1 2 1 976 1 1 1
3 10 6 9 5 10 12 0 2 3 4 13 3 0 5 2 3 1 1 1 1 2 1 1016 3 0 0
5 11 6 9 0 9 12 13 1 2 4 5 0 0 1 4 3 2 2 1 1 3 1 1056 1 2 0
9 11 6 9 7 10 12 13 6 8 4 3 2 3 2 1 3 2 3 1 1 1 1 1096 1 1 1
0 0 0 3 0 0 5 4 0 13 4 4 3 3 8 3 10 1 1 2 3 1 3 2 1 2 2 3 6 0.33333333333333331 7 0.33333333333333331 8 0.33333333333333331 913 4 4 2
2 3 3 2 13 5 3 0 9 5 3 0 1 6 2 0 7 3 3 2 3 1 1 1 1 3 1 953 3 1 3
1 2 0 0 13 8 3 1 9 5 4 2 4 10 5 1 4 2 3 3 3 1 3 1 993 0 1 3
2 5 1 3 13 9 2 1 1 9 10 4 3 0 2 0 0 1 3 1 1033 0 0 0
11 3 6 3 13 7 6 0 4 0 3 2 0 0 1 0 8 2 1 3 3 3 2 2 1 1 1 1 1073 2 3 3
11 4 10 0 13 8 5 1 7 6 5 3 5 2 1 2 9 1 3 2 2 1 3 3 1 2 1 3 1 1113 3 3 3
1 5 5 1 9 10 11 3 8 7 6 1 3 13 4 5 8 2 2 3 1 3 3 3 2 1 2 1 1153 1 3 4
5 3 13 2 3 4 5 3 2 6 4 1 3 7 0 0 6 1 2 2 3 1 3 1 1 1 958 2 2 2
2 13 4 3 5 6 3 0 4 7 0 0 3 8 2 0 2 1 3 1 1 1 998 1 0 1
1 2 10 9 3 6 7 13 0 5 5 3 3 1 0 2 0 1 3 1 1038 0 0 0
3 0 11 3 3 1 7 13 4 4 2 3 1 6 5 2 11 2 1 2 2 3 2 3 1 1 3 3 1 1 1 1078 3 4 4
3 13 3 4 11 7 6 3 9 3 2 0 3 0 0 2 8 2 2 3 3 1 3 1 1 1 1 1 1118 3 2 3
11 0 0 1 13 3 4 2 2 8 3 4 3 10 7 1 5 3 3 2 3 1 1 3 1 1158 1 1 3
3 3 3 2 1 4 13 5 0 5 3 4 0 3 2 1 0 1 3 1 897 0 0 0
3 1 3 11 8 5 7 7 1 10 13 9 0 2 3 4 2 2 1 1 2 1 937 1 1 0
2 7 6 0 3 5 5 1 0 2 12 1 1 2 13 2 10 3 3 1 2 3 2 3 2 1 1 1 1 1 977 3 3 4
2 1 3 3 9 7 4 3 4 12 5 3 0 2 13 2 7 2 3 1 3 3 3 1 1 1 1 1017 2 1 4
9 8 7 3 6 12 6 1 13 4 3 0 4 0 2 0 6 3 1 3 2 1 3 1 2 1 1057 2 1 3
5 2 1 0 11 7 1 2 13 12 3 0 4 3 6 2 4 2 3 1 1 1 3 1 1097 2 1 1
3 6 0 3 1 6 7 8 13 11 12 3 0 6 5 2 2 2 1 1 3 1 1137 1 1 0
0 2 1 3 2 4 1 0 3 8 5 3 1 9 13 0 6 2 3 3 3 1 2 3 4 0.54545454545454553 5 0.27272727272727276 6 0.18181818181818185 1005 1 2 3
0 3 0 7 2 3 8 13 0 3 8 9 2 4 3 3 4 3 3 1 1 1 3 1 1045 2 0 2
0 1 1 0 2 3 9 13 4 6 7 10 4 4 1 2 2 2 3 1 3 1 1085 0 1 1
2 7 9 1 3 5 8 13 3 2 5 10 0 0 1 3 10 3 2 1 1 3 2 1 1 2 3 1 2 1 1125 4 3 3
0 1 1 3 3 4 4 13 0 4 5 11 3 3 6 8 7 2 1 1 2 3 3 2 1 2 1 1165 2 3 2
2 7 1 2 4 3 9 13 2 3 2 11 3 1 0 3 4 1 3 2 1 1 1 1 1205 2 1 1
1 6 6 10 3 6 9 13 3 6 8 11 0 2 2 1 4 3 2 1 3 1 3 1 1245 1 1 2
0 0 9 3 0 1 7 13 2 4 6 12 3 1 4 2 3 2 3 1 3 7 0.2857142857142857 8 0.2857142857142857 9 0.42857142857142855 1285 1 1 1
3 3 0 3 5 5 3 2 1 13 3 4 3 9 0 0 10 2 1 3 1 1 2 2 3 3 2 1 1 1 834 3 4 3
2 0 3 0 3 2 1 0 3 7 7 3 5 13 9 4 6 2 3 2 1 1 1 1 3 1 874 3 2 1
3 3 1 4 4 5 3 3 1 6 7 8 0 10 13 10 4 2 3 2 2 1 1 1 914 0 3 1
5 5 1 0 11 10 8 0 1 4 3 7 13 0 3 2 3 2 2 3 1 1 1 954 0 2 1
4 9 11 3 1 10 5 7 2 5 4 2 3 13 0 0 0 1 1 1 994 0 0 0
1 9 8 4 2 12 7 13 3 4 2 2 0 3 1 3 9 1 2 1 2 2 3 3 1 1 1 3 1 1034 4 3 2
3 3 9 3 8 10 6 2 12 4 13 4 1 1 3 0 8 2 3 3 1 3 3 2 1 1 2 1 1074 2 2 4
0 9 3 2 0 3 0 7 3 4 2 3 1 3 13 1 7 3 2 1 3 2 1 2 1 1 1 738 2 3 2
3 1 0 2 2 6 3 1 10 8 5 3 2 13 3 0 5 2 1 1 2 3 1 1 1 778 2 2 1
3 3 3 2 4 5 7 4 10 7 0 2 13 8 1 0 1 3 1 1 1 818 0 0 1
0 6 1 2 2 4 4 1 10 7 5 2 13 9 6 5 10 3 3 1 1 2 2 1 3 1 2 1 3 1 858 4 3 3
1 4 4 6 6 7 5 3 10 8 6 3 13 9 1 3 8 1 3 2 2 1 2 2 3 1 3 1 898 2 4 2
4 3 3 2 8 6 4 3 11 3 3 0 13 2 0 0 5 2 3 1 1 1 1 3 1 938 3 1 1
0 3 0 0 4 0 0 3 11 0 4 1 13 10 5 4 2 1 2 1 2 1 978 1 1 0
2 2 1 3 5 5 4 4 11 7 6 2 13 10 9 1 0 1 1 1 1018 0 0 0
7 3 2 3 9 4 1 1 13 5 4 2 3 1 3 1 3 3 2 2 1 3 1 771 0 2 1
13 9 5 3 8 6 4 1 6 5 3 1 5 1 0 2 2 2 2 1 3 1 811 0 2 0
13 1 2 2 10 6 5 0 6 4 4 0 4 1 2 0 10 2 1 3 3 3 1 3 2 2 1 1 1 1 851 3 3 4
0 11 13 1 0 8 5 1 3 4 6 3 3 4 4 3 7 2 1 3 1 2 2 2 1 3 1 891 2 4 1
0 2 13 3 0 3 12 3 5 1 5 4 2 3 4 5 7 1 1 1 2 2 3 1 1 2 1 931 4 2 1
3 4 5 13 3 12 6 10 0 3 2 10 0 0 2 1 8 2 3 2 1 1 1 1 2 1 3 1 971 4 3 1
12 8 2 11 7 13 3 3 1 4 5 0 3 3 1 0 5 3 3 1 2 2 1 3 1 1011 1 2 2
12 9 4 4 7 13 11 0 9 3 3 0 0 2 4 2 3 3 1 1 1 3 1 1051 2 0 1
0 1 2 4 0 6 6 4 3 3 13 1 0 0 3 7 5 2 1 1 3 2 1 2 1 931 2 2 1
1 3 2 3 0 7 7 8 0 0 13 10 2 3 0 3 3 1 2 1 1 3 1 971 2 1 0
1 3 13 11 0 3 4 8 2 1 4 1 0 0 2 1 3 3 3 2 1 2 1 1011 0 1 2
0 7 13 11 3 5 7 8 0 4 4 6 0 2 3 3 0 1 1 1 1051 0 0 0
1 7 13 11 3 1 9 9 0 6 2 4 1 4 0 2 0 1 2 1 1091 0 0 0
13 11 1 0 7 8 10 2 3 5 4 0 2 4 0 2 9 2 3 2 3 3 1 3 1 1 1 1 1 1131 3 2 4
5 13 11 3 5 6 9 10 3 4 8 3 0 4 3 3 7 1 1 2 1 3 2 2 1 3 1 1171 3 3 1
13 12 3 2 2 7 4 2 6 4 4 0 0 0 1 0 6 3 3 3 1 1 2 1 1 1 1211 2 1 3
0 0 0 1 0 3 2 3 1 4 5 2 2 3 13 3 10 2 3 3 3 1 2 1 1 1 3 1 2 1 843 4 2 4
0 0 3 1 2 4 3 0 1 4 5 3 10 8 13 5 10 2 3 3 1 3 3 2 2 2 1 1 1 1 883 2 4 4
4 3 1 3 5 4 3 0 10 9 3 0 3 13 6 1 8 3 1 2 3 1 2 2 3 1 2 1 923 2 3 3
4 2 3 3 10 5 4 0 9 8 6 1 3 13 4 0 6 3 1 1 1 2 2 1 2 1 963 3 2 1
0 0 3 1 11 13 7 2 10 3 5 4 3 1 2 5 4 3 2 2 1 1 1 1 1003 1 2 1
11 13 2 3 10 9 6 4 1 4 6 3 0 3 2 0 1 1 1 3 1 1043 1 0 0
11 13 5 0 10 9 8 1 6 4 3 0 4 3 0 2 9 3 1 2 1 3 1 3 2 2 1 3 1 1083 3 3 3
0 3 3 6 3 13 4 3 0 4 6 3 0 0 0 9 1 2 1 1 1 959 0 1 0
0 2 4 3 0 3 7 8 3 4 5 13 3 0 10 10 1 3 1 1 1 999 0 0 1
2 3 9 13 0 6 6 11 0 2 4 2 0 1 3 3 9 3 3 2 1 1 2 3 3 1 1 1 1 1039 3 2 4
6 8 9 13 5 4 7 11 0 1 4 4 2 0 2 2 8 2 1 1 3 1 3 3 3 3 5 0.42857142857142855 6 0.2857142857142857 7 0.2857142857142857 1079 3 1 4
0 0 3 13 2 0 7 12 4 5 8 3 4 2 4 2 6 1 3 1 2 1 3 1 1 1 1119 3 1 2
2 3 13 12 2 3 7 9 0 3 4 1 0 1 1 3 2 2 2 1 1 1 1159 0 2 0
13 12 3 4 0 7 8 9 2 3 9 0 0 2 1 0 0 1 1 1 1199 0 0 0
6 2 13 1 7 10 12 5 9 4 8 5 1 4 5 3 2 3 2 3 8 0.18181818181818185 9 0.27272727272727276 10 0.54545454545454553 1239 0 1 1
2 8 13 3 4 8 4 0 2 4 2 0 0 0 1 0 4 3 1 2 1 1 1 1 854 2 1 1
3 6 9 3 0 0 8 13 0 1 3 7 0 2 1 3 3 2 1 2 1 3 1 894 1 2 0
4 10 3 2 3 9 13 0 2 0 9 0 0 1 1 0 2 3 1 1 2 1 934 1 0 1
4 5 4 5 0 0 7 13 2 1 5 11 0 0 3 4 11 3 2 1 2 2 2 1 3 1 3 3 1 1 1 974 3 4 4
3 3 3 4 1 2 8 13 2 7 7 11 2 1 10 1 11 1 2 3 1 3 3 2 3 2 1 1 1 2 1 1014 4 3 4
3 6 13 1 2 4 7 12 0 2 4 4 0 0 3 3 8 1 3 1 2 2 2 1 1 1 3 1 1054 4 3 1
0 13 2 1 0 8 6 12 6 7 4 3 0 3 3 1 6 3 2 3 2 3 3 1 1 1 1094 0 2 4
5 9 4 3 3 6 12 0 3 7 13 0 0 0 0 2 2 3 3 1 1 1 1134 0 0 2
0 13 5 3 2 3 3 4 1 1 5 8 0 3 0 2 11 2 3 2 3 1 1 1 1 3 3 2 1 2 1 839 4 3 4
3 2 13 4 4 8 9 3 1 0 8 3 3 0 3 2 8 1 3 2 2 1 3 1 2 1 1 1 879 3 3 2
0 2 0 4 1 3 2 2 2 4 5 13 3 6 7 10 4 1 1 1 3 1 3 1 919 3 0 1
3 0 1 0 0 3 2 2 3 6 7 13 4 9 8 10 1 3 1 1 1 959 0 0 1
0 3 0 9 0 4 2 1 3 7 3 13 3 3 11 3 10 1 2 1 3 2 2 3 2 1 1 1 3 1 999 4 4 2
0 3 3 4 0 7 8 9 2 4 5 3 3 3 11 13 9 1 1 2 1 1 3 2 3 2 1 3 1 1039 4 3 2
3 3 3 3 5 6 10 2 8 7 4 5 11 13 0 1 7 2 1 3 2 3 2 1 1 1 1 1079 2 3 2
4 9 10 7 3 5 6 3 2 4 3 11 0 3 0 13 4 3 3 2 1 1 1 1 1119 1 1 2
5 2 1 13 2 5 3 3 1 4 1 1 0 0 3 3 4 3 2 1 2 1 2 1 831 1 2 1
13 9 4 2 7 4 3 3 1 2 1 1 3 2 0 0 2 3 2 1 1 1 871 0 1 1
3 0 9 13 2 3 6 10 3 5 4 4 3 0 3 1 1 3 1 3 1 911 0 0 1
5 7 9 13 4 6 7 10 3 1 2 3 0 0 1 0 9 1 2 3 3 2 2 1 2 3 1 1 1 951 2 4 3
4 0 1 3 3 13 2 0 4 11 1 0 1 4 4 0 5 3 2 2 3 2 1 1 1 991 0 3 2
13 8 2 1 2 6 11 3 4 5 5 0 1 1 3 0 3 3 2 3 1 3 1 1031 0 1 2
9 8 0 2 13 5 0 3 5 4 4 3 3 3 11 1 0 1 3 1 1071 0 0 0
10 3 3 2 9 8 4 3 13 8 11 5 1 2 2 1 9 1 3 3 1 2 1 2 3 1 1 2 1 1111 4 2 3
1 0 0 3 0 3 1 2 0 5 3 4 0 13 6 8 10 1 2 2 2 2 1 3 1 3 3 1 3 1 977 3 4 3
3 2 0 2 5 5 0 0 4 7 7 0 13 10 8 1 7 3 1 1 3 2 3 1 1 2 1 1017 3 1 3
3 0 3 3 3 2 4 0 13 8 1 1 3 10 9 2 4 3 1 1 2 1 2 1 1057 2 1 1
2 0 0 1 2 4 1 3 13 8 6 5 3 11 7 2 1 3 1 1 1 1097 0 0 1
13 3 3 3 1 4 3 0 4 9 9 0 3 2 12 3 1 2 1 1 1 1137 0 1 0
1 2 3 3 3 5 6 9 0 13 10 6 5 6 12 8 11 3 1 1 2 3 1 2 2 2 1 3 1 3 1 1177 4 4 3
4 4 4 0 11 7 5 2 13 4 0 1 3 12 3 0 7 2 2 3 3 2 1 1 1 1 1 1217 2 3 2
3 1 2 0 11 10 3 1 13 9 3 0 2 12 6 4 6 3 2 1 3 3 2 1 1 1 1257 1 2 3
3 3 3 0 6 1 2 0 13 2 5 3 0 0 4 1 4 1 2 1 2 3 4 0.54545454545454553 5 0.27272727272727276 6 0.18181818181818185 920 2 2 0
1 0 0 0 3 0 2 3 2 5 5 4 13 8 3 3 1 1 3 5 0.42857142857142855 6 0.2857142857142857 7 0.2857142857142857 960 1 0 0
0 1 0 2 2 4 4 3 13 7 6 3 10 8 7 3 10 3 2 3 2 1 3 2 1 1 1 1 3 1 1000 4 3 3
2 1 3 2 5 4 6 0 13 8 4 1 2 11 3 2 9 1 1 3 2 2 3 1 3 1 1 3 1 1040 4 2 3
4 4 5 0 5 10 4 0 13 11 4 3 3 1 0 0 7 1 1 2 2 3 2 3 1 3 1 1080 2 3 2
1 10 8 9 13 11 4 2 0 1 4 5 6 2 3 3 5 1 3 2 2 3 1 1 1 1120 1 2 2
2 5 5 0 4 4 12 2 10 8 4 0 13 1 3 0 4 3 3 2 1 1 1 1 1160 1 1 2
3 2 0 3 3 7 6 3 0 8 13 5 4 12 11 6 1 3 1 1 1 1200 0 0 1
0 3 7 13 1 2 5 4 0 4 3 1 0 2 2 0 10 3 3 1 3 2 2 1 1 3 2 1 1 1 885 3 3 4
0 9 8 10 0 4 6 13 3 3 5 4 0 4 4 3 8 1 2 3 1 1 2 2 1 1 2 1 925 4 3 1
1 5 10 1 1 5 10 13 2 5 2 0 3 1 3 0 4 2 3 2 1 1 2 1 965 1 2 1
6 11 9 13 3 7 6 8 1 3 5 1 2 3 1 3 2 2 3 1 2 1 1005 0 1 1
4 6 12 13 2 6 7 3 2 1 9 2 0 1 3 10 2 1 1 1 2 1 1045 2 0 0
5 4 4 1 12 5 7 3 4 6 4 13 0 2 11 2 1 3 1 1 1 1085 0 0 1
9 11 3 3 3 12 13 0 7 2 3 3 3 0 0 1 0 1 3 1 1125 0 0 0
2 4 1 1 11 5 12 13 9 8 5 3 1 5 2 0 8 2 3 1 3 2 1 3 2 1 3 1 1165 2 3 3
0 0 4 4 0 1 5 2 2 3 7 13 0 0 3 0 9 3 2 1 3 1 2 1 1 2 1 3 1 855 4 3 2
3 3 4 1 0 6 6 7 1 3 7 8 0 3 13 2 7 1 2 1 2 3 1 2 1 2 1 895 3 3 1
0 1 1 3 1 0 4 6 2 4 8 13 0 3 9 7 4 3 3 3 2 1 2 1 935 0 1 3
2 8 4 4 1 8 3 13 0 0 8 4 0 3 10 2 4 1 1 2 3 3 6 0.33333333333333331 7 0.33333333333333331 8 0.33333333333333331 975 2 1 1
1 6 2 2 3 5 13 3 3 10 1 0 2 3 10 3 0 1 1 1 1015 0 0 0
4 3 3 4 0 6 4 5 2 1 7 6 1 0 13 11 8 2 3 2 1 3 1 3 2 1 3 1 1055 2 3 3
1 3 4 0 2 3 9 1 3 11 11 3 1 0 13 0 6 1 2 1 2 2 2 1 3 1 1095 2 4 0
3 2 0 0 0 3 4 5 0 4 5 11 3 2 12 13 5 1 2 1 3 1 1 3 1 1135 3 1 1
0 1 3 0 2 6 3 3 4 4 5 4 2 3 13 3 2 1 1 1 2 1 900 2 0 0
3 4 5 2 3 5 8 13 4 3 3 3 2 1 1 0 10 1 2 3 2 1 1 1 2 3 2 1 3 1 940 4 4 2
3 0 9 0 5 7 8 4 4 7 9 13 4 2 1 1 8 1 2 2 3 1 1 3 2 1 2 1 980 3 3 2
0 1 11 1 3 5 9 13 3 5 6 8 1 3 2 10 7 1 2 2 3 2 3 1 1 2 1 1020 2 3 2
0 0 1 0 3 3 1 2 3 12 6 2 3 13 6 0 5 3 3 1 2 1 1 2 1 1060 2 1 2
6 2 1 2 8 5 3 0 12 3 13 1 10 0 0 0 2 1 3 1 2 1 1100 1 0 1
3 13 7 2 9 6 4 1 12 5 0 0 11 2 0 1 1 1 1 2 1 1140 1 0 0
3 13 3 4 9 8 6 5 12 6 0 0 11 4 1 2 9 3 2 1 3 3 2 1 3 2 1 1 1 1180 2 3 4
0 0 0 3 3 5 4 3 1 3 5 13 0 0 1 2 9 1 2 3 1 2 3 2 3 2 1 1 1 896 2 4 3
3 9 4 0 1 8 3 3 3 2 13 1 3 3 2 0 6 2 2 1 3 1 2 1 1 1 936 2 3 1
0 1 10 3 0 3 8 13 0 3 6 7 3 3 4 5 4 1 2 3 2 3 4 0.54545454545454553 5 0.27272727272727276 6 0.18181818181818185 976 1 2 1
3 9 3 0 10 13 7 1 3 8 4 4 3 3 3 5 1 3 1 2 1 1016 0 0 1
0 3 1 2 0 6 9 3 3 3 3 7 4 2 13 5 4 1 3 2 1 1 3 1 803 2 1 1
3 0 4 0 4 4 6 2 1 5 2 6 10 9 13 3 2 3 1 1 3 1 843 1 0 1
3 0 0 3 7 5 1 1 11 4 3 2 13 1 0 0 1 2 1 2 1 883 0 1 0
6 3 0 0 2 5 5 0 11 8 5 3 8 13 3 1 11 2 1 2 2 2 1 1 3 3 3 3 1 1 1 923 3 4 4
0 6 3 0 5 5 1 1 8 12 0 2 4 13 2 0 10 2 2 3 3 1 3 2 1 2 1 1 1 1 963 3 4 3
1 0 0 0 10 5 2 3 9 5 3 0 13 12 5 0 7 1 3 2 3 2 2 1 1 1 1 1003 2 3 2
5 5 2 0 10 6 5 2 9 7 4 0 13 12 4 0 3 1 1 3 1 3 1 1043 2 0 1
3 3 3 3 10 7 7 2 9 8 3 3 13 12 0 3 0 1 1 1 1083 0 0 0
0 1 0 0 3 3 5 1 3 4 6 3 3 2 1 13 6 2 3 2 3 1 2 1 3 1 820 1 3 2
0 3 5 1 0 5 6 8 0 3 4 13 2 0 3 3 3 1 3 3 1 2 1 860 1 0 2
4 10 9 13 3 3 3 4 5 6 0 3 0 0 0 7 2 1 2 1 3 1 900 1 1 0
10 9 7 2 6 5 8 13 1 5 6 1 3 5 2 4 0 1 3 1 940 0 0 0
4 5 4 1 2 4 3 2 4 13 3 3 2 0 3 0 6 1 2 3 2 1 1 1 1 1 794 3 2 1
0 2 0 2 0 3 0 1 4 5 3 2 13 9 1 1 3 2 3 3 1 1 1 834 0 1 2
0 3 3 4 0 5 6 7 2 4 7 9 3 5 13 1 1 3 1 3 1 874 0 0 1
2 4 8 11 3 3 6 13 0 4 3 8 0 0 3 3 0 1 1 1 914 0 0 0
3 6 10 11 3 4 8 13 3 2 3 4 2 0 1 3 10 3 1 1 3 1 3 2 1 3 2 1 2 1 954 4 2 4
0 2 12 2 1 4 9 13 0 4 5 5 0 3 3 1 8 1 1 2 3 2 3 3 1 1 2 1 994 3 2 3
3 2 1 3 0 4 12 5 0 3 8 9 0 0 8 13 5 1 1 2 2 3 1 3 1 1034 2 2 1
1 8 12 3 2 3 13 10 2 6 4 8 4 3 3 4 3 1 1 3 1 2 1 1074 2 0 1
1 3 8 5 0 4 3 13 1 4 4 3 0 0 0 1 5 3 1 2 2 2 1 2 1 955 1 3 1
2 0 3 3 9 10 4 1 1 13 5 2 0 0 5 2 3 1 3 3 1 3 1 995 1 0 2
2 0 1 2 4 4 1 0 9 8 2 3 10 13 4 1 11 2 3 3 2 3 1 2 2 1 1 1 1 3 1 1035 4 4 3
6 5 3 0 7 6 5 2 9 8 3 1 10 13 3 0 8 2 3 1 3 3 1 2 2 1 1 1 1075 2 3 3
4 3 3 5 0 1 7 6 0 3 5 2 3 11 13 0 4 2 1 1 3 1 2 1 1115 2 1 1
1 3 4 1 3 8 4 3 2 7 6 13 0 2 11 2 0 1 1 1 1155 0 0 0
3 0 3 3 0 3 4 7 0 3 9 13 8 6 11 6 0 1 3 1 1195 0 0 0
0 2 0 0 4 0 4 6 11 4 7 10 3 13 8 4 9 3 1 1 2 2 3 2 1 1 1 3 1 1235 4 3 2
3 5 2 0 1 4 4 2 9 4 5 2 13 0 2 0 6 1 1 1 3 2 3 1 1 1 1058 3 1 2
10 8 6 3 9 5 3 1 13 1 1 1 2 2 0 4 4 2 2 3 2 1 1 1 1098 0 3 1
10 3 0 0 10 3 0 0 13 4 2 4 5 1 4 1 0 1 2 1 1138 0 0 0
11 1 0 1 13 5 1 2 7 6 3 2 6 3 0 1 9 3 1 2 2 2 2 3 3 3 1 1 1 1178 1 4 4
11 6 2 3 13 7 2 3 8 4 4 4 4 1 2 3 5 1 1 1 1 2 1 2 1 1218 4 1 0
3 13 11 2 2 1 3 10 3 3 5 7 1 2 0 5 2 1 2 1 1 1 1258 1 1 0
6 13 11 3 0 6 8 10 1 3 5 1 0 3 2 0 10 2 3 3 2 3 1 1 2 3 2 1 1 1 1298 2 4 4
3 13 11 4 6 9 10 1 5 3 0 3 3 2 2 0 6 1 1 2 2 1 3 1 3 1 1338 3 2 1
2 1 9 13 1 6 8 3 4 3 7 3 1 4 2 2 2 2 1 1 3 1 657 1 1 0
2 4 1 0 9 11 2 2 7 6 13 3 5 4 2 1 2 1 3 1 1 1 697 1 0 1
5 4 4 2 9 5 1 0 8 7 2 0 13 11 3 0 10 2 1 1 1 2 3 1 3 2 3 1 3 1 737 4 3 3
3 4 3 6 2 0 5 5 1 6 12 2 0 1 3 13 9 1 3 1 2 3 3 2 2 3 1 1 1 777 2 3 4
0 13 8 8 12 6 5 2 8 7 4 3 2 1 4 10 10 1 3 2 2 1 3 2 3 1 1 1 3 1 817 4 3 3
12 13 11 5 0 3 8 5 0 0 5 1 1 0 2 1 10 3 3 1 3 2 2 2 3 2 1 3 6 0.33333333333333331 7 0.33333333333333331 8 0.33333333333333331 857 2 4 4
0 3 9 3 0 2 10 11 1 13 12 8 2 4 4 8 9 3 2 2 3 1 2 1 1 1 1 3 1 897 4 3 2
13 8 6 0 2 4 4 0 2 8 6 1 3 1 9 2 9 2 1 2 3 1 1 3 3 1 1 2 1 816 4 2 3
3 5 7 10 2 3 8 13 3 3 5 6 0 1 2 2 8 2 2 3 1 1 1 3 3 1 1 1 856 3 2 3
2 2 9 10 3 6 7 13 2 1 5 1 1 4 2 3 5 3 1 1 3 3 1 2 1 896 2 0 3
3 4 4 1 3 0 5 0 3 8 8 0 13 11 4 0 4 2 2 2 1 1 1 1 936 1 3 0
2 6 6 1 3 10 7 2 11 13 5 2 4 0 0 3 2 3 1 1 1 1 976 1 0 1
0 4 3 3 1 10 6 5 11 8 7 6 4 3 13 2 11 1 3 1 3 2 1 3 2 2 2 3 1 1 1 1016 3 4 4
0 3 2 3 0 7 13 2 2 4 4 5 0 3 8 1 9 1 3 2 3 1 2 3 1 1 1 3 1 775 4 2 3
10 9 7 2 1 2 5 13 0 0 3 4 0 0 1 2 8 2 3 2 3 3 1 1 1 1 3 1 815 3 2 3
10 9 8 3 4 6 7 13 1 4 2 3 0 2 1 5 8 2 3 3 1 1 3 2 1 1 2 1 855 3 2 3
11 7 8 1 3 7 13 0 2 4 2 0 0 0 1 2 6 1 2 1 3 2 3 1 1 1 895 2 2 2
10 9 8 13 4 6 4 0 11 3 7 1 3 2 0 0 6 3 3 2 1 2 1 1 3 1 935 2 2 2
2 3 2 3 0 4 3 13 3 7 5 12 3 10 8 1 5 2 1 3 1 1 1 2 1 975 3 1 1
0 2 13 6 0 3 9 12 0 6 11 4 3 3 3 3 3 1 1 2 1 3 1 1015 2 1 0
3 4 6 1 3 9 13 11 4 2 8 12 3 3 3 0 11 2 3 3 1 3 2 2 1 3 1 2 1 1 1 1055 3 4 4
0 8 2 13 0 2 4 1 0 4 1 5 2 2 2 3 4 3 1 3 1 1 1 1 858 2 0 2
3 3 4 4 8 7 6 5 2 13 1 5 0 0 0 2 0 1 1 1 898 0 0 0
1 0 1 0 0 3 6 0 3 3 7 3 2 5 13 10 9 1 2 3 2 3 2 1 2 3 1 1 1 938 2 4 3
2 1 4 1 3 6 8 10 5 5 6 13 3 2 11 3 10 3 1 2 2 3 1 3 2 1 1 1 2 1 978 4 3 3
0 0 3 4 3 1 3 10 3 4 7 13 5 4 9 11 8 1 2 2 2 3 1 2 3 1 1 1 1018 2 4 2
3 1 2 4 0 4 10 4 0 6 8 13 2 6 9 11 4 3 1 2 1 1 3 1 1058 2 1 1
0 2 0 0 1 1 3 2 3 6 1 0 4 6 12 13 1 2 1 3 1 1098 0 1 0
0 0 0 2 1 2 3 4 0 0 5 6 1 8 12 13 9 3 3 3 2 1 3 1 2 2 1 1 1 1138 2 3 4
3 2 0 0 5 0 7 0 6 1 0 2 13 4 4 0 10 1 2 3 3 3 2 1 1 3 2 1 1 1 788 3 3 4
1 3 2 0 8 7 4 1 13 5 4 3 3 0 3 0 6 2 2 3 1 1 2 1 3 1 828 2 3 1
2 6 5 2 6 4 0 3 9 9 3 2 13 1 0 0 5 1 3 3 3 1 3 7 0.2857142857142857 8 0.2857142857142857 9 0.42857142857142855 868 2 0 3
3 5 2 1 2 5 6 0 1 8 7 2 1 10 13 0 1 3 1 3 1 908 0 0 1
1 3 2 1 0 3 5 0 3 4 6 13 5 7 9 10 10 3 1 3 1 1 2 3 2 3 2 1 2 1 948 3 3 4
5 3 3 0 6 3 4 2 2 7 13 0 11 3 2 0 8 3 3 1 1 3 2 1 3 1 1 1 988 3 1 4
3 3 4 13 0 5 5 6 2 6 8 10 2 11 9 2 7 1 1 1 2 3 1 3 3 8 0.18181818181818185 9 0.27272727272727276 10 0.54545454545454553 1028 4 1 2
0 3 12 13 4 3 10 5 0 1 6 5 3 3 2 0 3 1 3 2 1 3 1 1068 1 1 1
0 3 2 0 0 5 5 3 3 6 7 5 2 5 13 1 10 1 3 1 2 1 2 2 3 3 3 1 1 1 812 3 3 4
1 0 3 2 0 0 7 4 2 4 6 5 2 5 8 13 6 1 3 3 1 1 2 1 3 1 852 3 1 2
0 0 2 2 3 0 3 3 0 3 6 5 8 7 9 13 3 3 1 1 1 3 1 892 2 0 1
0 3 3 0 0 1 5 3 2 5 6 5 0 10 13 5 11 1 3 2 2 2 1 3 1 2 3 3 1 1 1 932 3 4 4
1 4 4 2 4 5 6 9 0 4 7 10 0 1 3 13 10 1 3 3 1 2 1 2 3 2 3 1 2 1 972 3 3 4
2 4 4 6 2 3 8 9 0 9 7 10 1 3 13 3 7 3 2 2 1 1 1 3 1 3 1 1012 3 2 2
1 1 3 3 0 2 7 9 4 10 9 10 5 13 3 2 4 3 2 2 1 1 1 1 1052 1 2 1
1 3 3 5 2 4 8 6 0 4 13 10 0 3 11 3 0 1 3 1 1092 0 0 0
4 6 2 3 8 4 13 0 7 5 0 0 3 3 0 1 5 1 2 3 2 1 1 3 1 880 2 2 1
3 9 8 2 13 6 7 0 3 7 1 2 3 0 3 0 3 3 1 1 1 2 1 920 2 0 1
0 0 3 1 3 2 5 4 4 3 10 11 9 8 13 4 3 1 2 2 1 1 1 960 1 2 0
2 3 1 0 0 4 3 3 0 8 10 11 9 8 13 4 11 3 1 3 2 2 1 2 2 3 1 1 1 3 1 1000 4 4 3
1 3 3 3 7 4 4 3 12 6 13 1 2 0 1 3 7 1 2 2 2 3 2 3 1 1 1 1040 1 4 2
4 10 7 1 12 8 5 2 3 13 4 2 2 2 0 3 5 1 3 1 1 3 3 7 0.2857142857142857 8 0.2857142857142857 9 0.42857142857142855 1080 3 0 2
2 10 9 0 12 13 3 1 7 7 4 3 5 1 1 0 2 3 2 1 2 1 1120 0 1 1
3 3 3 4 1 10 6 4 11 13 7 1 12 4 0 2 1 3 1 2 1 1160 0 0 1
0 3 4 2 3 4 6 3 3 2 13 2 0 2 1 1 7 1 1 2 3 2 3 1 1 1 1 953 3 2 2
2 0 0 2 5 1 3 3 13 4 6 0 9 7 3 1 6 3 1 1 3 3 2 1 2 1 993 2 1 3
2 0 0 0 3 3 0 0 4 4 3 3 13 9 10 0 5 1 1 1 3 2 1 2 1 1033 3 1 1
1 2 3 4 0 1 4 5 1 5 7 11 0 4 2 13 2 2 3 1 3 1 1073 0 1 1
1 0 1 3 2 3 5 11 3 7 5 2 13 8 9 0 0 1 3 1 1113 0 0 0
0 13 7 3 0 12 3 3 3 3 4 3 3 2 1 4 11 1 2 3 2 2 1 3 3 2 1 3 1 1 1 1153 3 4 4
12 13 3 3 1 11 6 4 5 3 3 1 2 0 2 2 10 3 3 3 1 3 2 2 1 1 2 1 1 1 1193 3 3 4
12 13 7 3 11 7 4 3 6 4 3 3 3 0 0 0 7 1 3 1 2 2 3 2 1 1 1 1233 2 3 2
4 4 3 2 4 3 13 0 3 5 3 1 0 0 0 2 3 3 1 1 1 2 1 802 2 0 1
2 9 0 3 3 9 3 0 5 13 1 1 0 2 0 0 1 1 1 2 1 842 1 0 0
10 13 5 4 7 6 4 0 3 3 2 0 3 1 0 2 10 1 3 3 2 1 1 2 1 3 2 1 3 1 882 4 3 3
3 11 2 3 1 13 9 6 0 1 6 0 0 0 2 3 10 3 1 3 2 2 1 2 3 2 1 1 1 1 922 3 4 3
0 1 3 1 1 3 7 2 3 7 9 11 2 3 7 13 7 3 2 2 2 3 1 3 1 1 1 962 1 3 3
3 3 3 1 3 6 11 13 4 9 9 3 0 8 8 2 5 3 1 3 2 1 1 2 1 1002 2 1 2
3 1 1 0 4 4 4 2 13 8 3 2 1 12 0 0 2 1 2 1 2 1 1042 1 1 0
1 2 3 0 9 5 4 4 13 7 6 7 1 8 12 3 0 1 2 1 1082 0 0 0
0 0 1 0 0 0 4 4 0 13 9 6 1 2 4 5 0 1 2 1 878 0 0 0
2 0 3 0 6 4 3 0 2 4 6 9 4 5 13 0 6 3 3 1 3 1 2 1 1 1 903 2 1 3
0 0 3 7 0 3 3 10 2 1 13 3 0 3 3 2 3 2 3 1 1 1 1 943 1 1 1
2 3 13 3 3 4 6 10 3 8 7 4 0 1 9 0 1 1 1 2 1 983 1 0 0
0 4 13 3 8 6 5 3 3 5 11 4 0 4 3 3 10 1 2 2 3 3 2 2 1 3 1 1 1 1 1023 3 4 3
1 0 1 1 0 0 2 4 2 7 13 11 3 1 4 9 7 2 3 1 2 3 3 2 1 3 1 1063 1 3 3
0 3 4 5 0 3 5 7 3 3 7 13 3 5 9 11 4 2 3 1 3 3 4 0.54545454545454553 5 0.27272727272727276 6 0.18181818181818185 1103 1 1 2
4 1 0 3 1 10 4 4 5 3 12 13 2 1 9 1 5 2 2 3 1 2 1 2 1 1143 1 3 1
4 5 1 6 3 7 12 13 3 6 4 3 3 5 11 0 7 3 3 2 3 2 1 1 1 2 1 1183 2 2 3
2 0 3 0 1 0 2 0 3 3 7 0 13 4 3 3 5 1 1 3 2 3 3 7 0.2857142857142857 8 0.2857142857142857 9 0.42857142857142855 977 2 1 2
0 1 0 2 10 5 1 3 13 6 2 2 3 3 1 2 2 1 2 1 1 1 1017 1 1 0
7 4 4 3 8 5 4 3 9 6 5 4 10 13 1 0 2 1 2 1 2 1 1057 1 1 0
0 3 3 8 1 13 6 4 0 11 3 5 2 0 3 4 0 1 3 1 1097 0 0 0
0 3 13 11 0 1 5 9 3 1 4 5 0 3 4 2 8 2 2 1 1 3 2 2 3 1 1 1 1137 2 4 2
3 3 13 11 0 6 7 9 4 4 5 7 4 3 4 2 8 2 2 3 1 1 3 3 1 1 3 1 1177 3 2 3
4 6 13 11 0 4 5 10 7 0 2 4 0 0 0 1 6 3 2 3 1 1 2 1 3 1 1217 2 2 2
1 8 13 11 3 5 7 10 3 5 3 1 2 0 1 2 2 2 3 1 3 1 1257 0 1 1
3 4 5 8 3 3 13 5 0 3 5 3 2 0 0 0 3 2 3 1 1 1 1 880 1 1 1
0 3 6 9 2 4 13 3 3 1 4 2 0 0 0 2 1 1 1 1 1 920 1 0 0
9 13 3 2 8 6 4 1 5 3 1 0 2 6 0 0 11 3 2 1 3 3 1 2 2 1 3 1 1 2 1 960 4 3 4
10 13 0 2 9 6 2 2 5 4 1 0 3 3 3 0 9 1 3 3 1 3 2 1 3 1 1 2 1 1000 4 1 4
10 13 1 4 9 8 6 3 10 4 2 0 2 4 0 1 9 2 1 2 1 2 3 3 3 1 1 3 1 1040 3 3 3
10 13 1 0 9 8 5 1 10 8 0 0 5 9 7 2 8 2 1 3 3 2 3 1 3 1 2 1 1080 2 2 4
10 13 0 3 9 11 3 1 8 7 2 1 10 5 5 0 6 2 1 1 3 2 2 1 3 1 1120 2 3 1
4 1 3 3 10 13 4 2 9 5 12 1 3 2 6 1 3 3 2 2 1 1 1 1160 0 2 1
0 1 3 5 1 6 4 1 0 0 13 4 3 0 0 2 2 2 2 1 3 1 907 0 2 0
3 4 5 2 0 4 6 9 4 6 2 13 3 0 0 1 0 1 1 1 947 0 0 0
0 0 3 4 0 1 5 7 2 3 8 9 3 3 4 13 10 2 2 3 2 1 2 3 1 1 1 1 3 1 987 4 4 2
1 1 0 0 0 1 5 2 0 7 6 13 3 4 11 5 9 1 2 3 2 3 2 2 3 1 1 3 1 1027 2 4 3
0 2 1 3 0 3 4 3 2 11 8 13 1 9 8 4 9 3 3 2 3 2 3 1 1 2 1 1 1 1067 2 3 4
3 0 0 0 1 0 3 3 4 6 12 4 4 9 13 3 8 2 3 2 1 2 3 1 2 1 1 1 1107 2 4 2
3 4 0 2 8 3 3 2 10 2 1 3 13 12 4 4 6 3 2 1 3 1 1 3 4 0.54545454545454553 5 0.27272727272727276 6 0.18181818181818185 1147 3 1 2
5 5 3 2 8 6 5 1 10 7 4 1 13 12 3 0 2 3 2 1 3 1 1187 0 1 1
1 0 3 4 0 2 9 4 0 3 3 4 0 5 1 13 10 3 2 2 1 1 2 1 3 3 3 1 2 1 892 3 3 4
3 8 13 11 6 5 4 9 0 4 4 4 1 3 0 0 10 1 1 2 3 3 2 2 1 3 3 1 2 1 932 3 3 4
3 4 13 12 4 6 3 3 1 4 5 3 0 1 0 3 8 3 3 2 2 2 3 1 1 1 2 1 972 2 3 3
2 12 13 5 8 3 3 4 2 3 6 0 0 3 0 0 4 2 1 1 3 1 1 1 1012 2 1 1
11 13 12 3 9 4 6 3 10 8 4 3 1 2 0 5 8 3 2 2 1 3 2 1 1 1 3 1 1052 3 3 2
2 9 0 0 4 8 5 1 1 4 1 0 13 3 0 2 5 2 3 3 2 3 1 1 1 969 0 2 3
1 10 4 3 10 13 3 0 3 3 4 3 1 2 0 0 4 2 3 3 1 1 2 1 1009 1 1 2
0 4 4 11 0 3 4 13 2 3 6 3 0 3 4 8 1 1 1 3 1 1049 1 0 0
0 0 4 2 1 3 3 11 3 6 3 13 0 3 4 10 11 3 3 3 1 1 2 1 3 1 2 2 1 2 1 1089 4 3 4
3 1 1 2 3 3 3 4 4 4 8 11 3 2 10 13 7 1 1 2 2 3 2 1 1 3 1 1129 3 3 1
3 4 3 1 4 8 8 11 9 0 10 13 10 1 1 0 8 2 3 3 1 3 3 2 2 1 2 1 1169 1 3 4
1 1 4 3 10 8 7 7 0 4 12 3 0 2 13 1 8 3 2 2 1 1 3 2 3 1 2 1 1209 2 3 3
2 4 4 11 3 1 6 9 5 7 13 6 10 12 8 3 9 3 2 1 1 2 2 3 3 3 1 1 1 1249 2 3 4
0 3 4 2 0 5 13 2 3 3 4 0 2 1 0 0 7 1 1 2 3 1 3 1 1 2 1 876 4 1 2
3 3 3 1 9 3 2 2 13 3 4 2 10 0 1 0 6 3 1 2 1 2 1 1 3 1 916 3 2 1
1 3 0 1 10 6 3 0 9 7 5 0 13 11 4 2 5 1 3 3 3 2 1 2 1 956 1 1 3
1 5 2 0 7 4 3 1 12 1 0 0 2 13 4 2 2 2 3 1 1 1 996 0 1 1
1 3 3 0 6 5 5 0 8 7 3 3 12 13 2 3 11 3 3 1 2 1 2 2 1 1 3 3 1 2 1 1036 4 3 4
3 3 0 0 9 4 3 0 12 6 6 2 13 7 2 4 8 1 1 1 2 1 3 3 3 1 2 1 1076 4 1 3
3 1 5 3 9 6 5 0 12 7 4 0 8 13 8 3 6 2 2 3 1 1 3 1 2 1 1116 2 2 2
3 3 0 0 2 11 3 2 6 8 9 4 13 12 7 8 5 1 1 3 1 3 1 2 1 1156 3 0 2
0 0 2 3 0 5 6 1 3 2 7 6 2 1 7 13 4 2 3 1 3 1 1 1 986 1 1 2
0 0 2 2 0 0 3 3 3 0 6 4 0 11 13 5 2 1 1 1 3 1 1026 2 0 0
2 0 0 1 9 4 4 3 10 7 5 4 11 13 7 5 2 2 1 1 3 1 1066 1 1 0
2 4 2 0 1 1 4 3 6 6 3 3 3 12 13 0 11 2 2 1 3 2 1 1 3 2 1 3 1 3 1 1106 4 4 3
3 0 3 0 3 5 3 2 3 6 8 13 4 9 12 6 9 1 1 2 1 3 2 3 3 1 1 2 1 1146 4 2 3
3 1 4 3 8 13 2 2 9 9 12 3 0 10 1 3 9 3 2 1 1 2 1 2 2 1 1 3 1 1186 4 4 1
6 5 4 3 4 7 4 1 8 13 2 2 11 12 0 1 6 2 1 3 3 3 1 1 2 1 1226 2 1 3
6 5 2 0 9 6 5 3 5 13 3 0 11 12 4 1 3 3 3 2 1 1 1 1266 0 1 2
3 2 4 0 1 5 3 2 1 7 5 3 3 13 2 1 9 1 3 3 1 2 1 3 3 2 1 2 1 856 3 2 4
3 0 3 0 4 3 2 3 5 7 4 0 13 8 3 2 6 1 1 1 2 3 1 1 2 1 896 4 1 1
1 1 1 3 2 2 4 0 13 6 5 0 3 9 11 5 4 3 2 1 3 1 2 1 936 1 1 2
3 1 0 2 4 4 4 0 13 4 5 0 1 10 11 5 2 2 1 1 2 1 976 1 1 0
3 1 2 0 6 3 0 1 10 7 8 1 11 13 2 3 0 1 2 1 1016 0 0 0
0 6 0 8 0 9 6 3 0 12 7 4 1 13 4 2 11 1 1 2 3 3 2 3 2 3 2 1 1 1 1 1056 3 4 4
4 8 12 1 13 10 6 3 2 7 5 3 1 3 3 0 9 2 3 2 3 2 1 1 1 2 1 3 1 1096 3 4 2
2 5 12 5 4 9 10 4 4 5 6 13 3 3 3 1 5 2 3 1 2 1 1 3 1 1136 2 2 1
1 3 2 3 3 4 13 0 6 4 4 1 0 0 3 0 9 3 2 1 2 1 2 3 3 1 1 2 1 763 3 3 3
3 1 13 0 1 6 4 9 3 6 7 8 2 2 1 2 9 3 1 3 2 2 2 1 3 1 1 3 1 803 3 3 3
0 0 0 1 2 3 4 2 0 4 8 13 0 1 4 10 6 3 2 1 3 2 1 1 3 1 843 2 2 2
0 3 4 4 0 2 5 6 0 1 7 8 3 3 10 13 2 2 1 1 3 1 883 1 1 0
1 3 1 1 7 6 0 2 4 6 9 3 2 10 13 2 0 1 3 1 923 0 0 0
2 4 6 1 3 4 7 13 2 3 8 9 0 10 11 3 11 2 2 3 3 1 1 1 2 1 3 3 3 7 0.2857142857142857 8 0.2857142857142857 9 0.42857142857142855 963 4 3 4
3 13 11 3 6 12 4 2 9 5 4 1 1 5 3 3 9 3 2 2 1 3 2 1 2 1 1 3 1 1003 3 4 2
6 5 13 4 8 12 11 3 9 6 5 2 0 0 0 1 6 2 2 1 2 1 1 1 3 1 1043 3 3 0
13 3 4 3 3 5 7 0 1 2 6 3 0 0 3 1 7 3 1 1 2 2 2 3 1 3 1 828 2 3 2
13 9 7 5 6 3 3 2 0 2 0 1 0 0 0 3 5 1 1 2 2 3 1 1 1 868 2 2 1
13 10 6 4 3 6 4 3 0 0 1 3 3 1 2 5 3 2 2 3 1 1 1 908 0 2 1
11 8 6 0 13 6 0 0 3 4 6 3 4 3 2 2 2 1 1 1 3 1 948 2 0 0
11 9 5 3 13 6 3 3 6 2 1 3 4 0 0 3 11 3 2 1 3 1 3 3 2 2 1 2 1 1 1 988 3 4 4
0 0 0 2 11 11 1 2 13 7 6 3 5 3 3 5 10 2 3 2 2 3 3 3 1 1 1 1 1 1 1028 3 3 4
2 2 6 12 0 3 7 13 0 3 4 8 0 2 3 1 6 3 1 1 3 2 3 1 1 1 1068 2 1 3
5 4 12 13 3 0 7 10 0 2 3 4 0 1 0 0 4 3 2 2 1 1 1 1 1108 1 2 1
1 3 3 13 3 5 7 0 2 3 4 2 5 3 0 0 8 3 1 2 3 1 2 1 2 1 1 1 799 3 3 2
0 3 2 0 3 4 8 3 4 8 13 1 2 2 7 2 5 1 1 3 1 3 1 3 1 839 3 0 2
3 0 4 4 1 3 5 6 0 0 6 8 0 3 10 13 3 2 3 2 1 1 1 879 0 2 1
3 1 5 0 2 1 4 0 3 1 7 10 4 11 13 9 2 2 2 1 3 1 919 0 2 0
3 2 1 3 3 3 7 10 1 6 8 9 2 11 3 13 0 1 3 1 959 0 0 0
2 12 8 3 4 6 7 13 0 3 4 4 2 0 1 1 11 3 3 2 1 2 2 1 3 1 3 1 1 2 1 999 4 3 4
0 1 3 12 2 2 9 7 0 1 7 5 0 5 6 13 9 3 3 2 2 1 3 3 1 2 1 1 1 1039 2 3 4
3 4 11 5 3 8 12 0 0 13 3 3 0 4 0 1 7 3 2 1 2 3 1 3 1 2 1 1079 2 2 3
13 5 1 5 8 7 5 4 4 6 2 0 0 3 0 0 5 2 3 1 1 2 1 3 1 1063 2 2 1
10 8 5 1 13 4 1 0 9 3 3 2 3 0 3 0 3 2 3 2 1 1 1 1103 0 2 1
1 0 0 0 3 11 6 5 1 13 5 3 0 5 2 1 2 2 3 1 2 1 1143 0 1 1
11 13 7 5 4 7 6 4 2 4 3 2 0 0 1 1 0 1 3 1 1183 0 0 0
1 2 3 1 0 13 2 1 0 11 9 5 1 5 4 4 8 2 2 3 2 2 3 1 1 1 3 1 1223 2 4 2
4 3 2 3 8 4 3 3 13 9 1 3 11 10 2 0 5 1 2 3 1 2 1 1 1 1263 2 2 1
7 1 1 2 8 5 4 0 13 6 3 3 12 3 0 3 2 3 2 1 3 1 1303 0 1 1
13 9 8 2 12 4 5 3 2 1 1 4 0 4 0 1 0 1 2 1 1343 0 0 0
0 1 2 0 8 4 3 3 2 4 6 3 4 1 13 0 1 2 1 1 1 757 0 1 0
1 0 3 3 0 2 4 5 1 4 9 13 0 2 4 8 11 2 1 1 3 2 3 3 1 2 2 3 1 1 1 797 3 4 4
2 3 1 3 3 13 5 4 5 6 7 3 10 8 10 3 9 2 3 2 1 2 1 3 1 2 1 1 1 837 3 4 2
8 1 13 1 9 12 7 6 2 2 4 4 0 0 2 3 9 2 1 3 1 1 1 2 3 3 1 2 1 877 4 2 3
3 13 0 1 7 6 3 2 10 12 6 5 5 4 1 0 8 3 2 1 3 2 3 3 1 1 2 1 917 2 2 4
3 5 3 2 2 1 13 5 3 6 0 5 1 0 0 0 6 2 3 3 1 3 2 1 1 1 740 1 2 3
0 0 1 0 2 1 3 3 3 4 6 4 4 8 13 3 2 3 3 1 2 1 780 0 0 2
2 1 0 4 0 4 3 6 0 1 5 13 2 3 4 9 11 1 3 2 2 1 1 2 3 2 1 3 1 3 1 820 4 4 3
1 4 2 1 6 6 7 8 0 0 13 9 2 0 2 0 11 2 1 1 2 2 1 3 3 3 1 3 3 4 0.54545454545454553 5 0.27272727272727276 6 0.18181818181818185 860 4 3 4
4 1 13 10 2 4 7 4 0 4 5 4 2 1 2 3 8 1 2 3 3 3 1 2 3 1 1 1 900 2 2 4
3 11 2 0 13 8 3 1 6 7 0 0 5 4 4 2 6 2 1 1 1 2 3 1 3 1 940 3 2 1
10 13 9 5 5 3 3 0 11 3 1 3 0 0 3 0 7 2 2 3 2 2 1 1 1 1 1 980 2 4 1
12 13 1 3 5 8 9 2 1 8 4 1 0 5 3 0 6 1 2 2 2 3 1 1 2 1 1020 2 3 1
2 1 3 3 1 3 4 5 0 3 4 13 0 0 2 0 11 3 3 3 1 1 2 3 1 2 2 1 1 2 1 981 4 3 4
3 1 2 1 3 3 3 0 3 7 13 0 3 8 4 0 9 1 2 3 3 2 1 2 3 1 1 2 1 1021 3 3 3
6 4 10 3 1 4 9 13 2 3 4 3 0 0 1 2 6 1 2 3 3 3 2 1 1 1 1061 1 2 3
4 4 5 10 0 1 8 9 1 1 7 13 0 3 3 4 3 2 2 3 1 2 1 1101 0 2 1
3 0 0 13 0 0 5 11 0 3 6 6 1 2 1 4 0 1 2 1 1141 0 0 0
3 6 8 13 4 4 7 11 1 7 4 2 0 3 0 3 11 1 1 1 3 3 2 1 2 2 3 3 1 2 1 1181 4 3 4
13 0 1 0 10 3 3 0 8 9 11 0 6 4 0 2 9 1 2 3 1 1 3 2 2 3 1 3 1 1221 3 3 3
3 13 5 4 2 3 5 2 4 3 2 0 0 0 0 1 3 1 3 1 1 3 1 832 2 0 1
0 0 3 1 3 2 3 2 0 4 4 3 0 3 10 13 1 3 1 1 1 872 0 0 1
0 2 2 2 1 4 4 4 0 5 6 7 1 9 10 13 10 3 2 1 3 3 3 2 1 1 1 1 2 1 912 4 2 4
2 3 3 2 7 6 1 2 8 13 4 2 9 10 0 1 6 3 2 1 3 3 1 1 1 1 952 2 1 3
0 0 2 0 6 7 1 0 13 5 3 0 11 6 4 2 5 3 1 2 3 1 3 8 0.18181818181818185 9 0.27272727272727276 10 0.54545454545454553 992 2 1 2
1 0 0 5 1 7 13 4 3 12 9 9 2 3 1 3 6 3 2 3 2 1 2 1 3 1 1032 1 3 2
2 4 3 0 4 4 5 3 8 13 5 3 9 12 11 5 4 2 1 1 1 1 2 1 1072 3 1 0
0 0 3 3 0 13 3 4 1 4 11 7 3 12 11 1 3 3 2 2 1 3 1 1112 0 2 1
4 1 3 2 1 4 5 3 2 13 1 0 3 0 0 0 0 1 2 1 948 0 0 0
0 3 5 3 1 3 4 8 1 2 4 13 0 3 5 3 10 3 2 2 3 2 1 3 1 3 2 1 1 1 988 2 4 4
2 9 5 3 2 9 4 0 3 13 4 3 0 0 3 0 7 1 2 2 1 3 1 3 1 1 1 1028 3 2 2
2 9 1 0 9 7 1 2 13 10 7 1 4 3 3 0 5 1 2 2 3 1 1 2 1 1068 2 2 1
4 3 0 1 9 6 2 0 11 6 1 3 3 13 1 0 3 3 2 3 1 2 1 1108 0 1 2
0 4 1 3 11 10 7 3 0 3 8 3 3 1 0 13 3 2 3 2 3 5 0.42857142857142855 6 0.2857142857142857 7 0.2857142857142857 1148 0 2 1
13 2 5 3 7 8 4 1 7 5 3 3 1 1 0 0 1 2 1 2 1 981 0 1 0
13 3 1 2 9 7 3 0 7 4 1 0 5 4 2 0 11 3 1 2 3 1 3 1 2 1 2 3 1 2 1 1021 4 3 4
10 13 6 5 8 6 3 4 5 6 1 0 4 3 1 0 9 2 3 1 2 2 3 1 3 3 1 2 1 1061 2 3 4
0 11 13 3 3 7 6 3 2 4 5 3 1 2 1 3 7 2 1 1 3 2 1 2 1 3 1 1101 3 3 1
2 9 13 1 12 8 4 0 2 4 2 2 1 0 3 0 8 3 1 2 2 1 1 1 3 1 3 1 1141 4 2 2
1 9 13 0 2 8 7 1 12 6 4 3 5 1 4 3 5 3 2 3 2 2 1 1 1 1181 0 3 2
3 1 13 2 9 12 4 4 5 2 11 5 0 1 9 1 6 3 2 2 2 1 1 1 3 1 1221 2 3 1
2 5 5 5 10 12 13 5 2 11 8 2 0 0 1 1 4 3 1 2 3 1 1 1 1261 1 1 2
4 13 3 0 1 3 8 2 0 2 4 1 0 3 1 0 9 1 2 2 3 2 2 3 1 3 1 1 1 804 2 4 3
3 0 0 3 13 4 3 0 8 7 3 0 1 6 6 3 6 3 1 1 2 2 3 1 2 1 844 2 2 2
13 10 5 0 9 7 5 1 1 5 4 0 1 0 3 2 3 3 3 2 1 2 1 884 0 1 2
10 13 10 2 9 8 4 4 7 6 5 3 4 3 1 1 2 3 3 1 2 1 924 0 0 2
10 13 5 4 11 6 4 3 6 5 2 1 4 0 0 2 11 2 2 3 1 3 3 3 2 1 1 1 3 6 0.33333333333333331 7 0.33333333333333331 8 0.33333333333333331 964 4 3 4
2 0 13 0 1 3 3 2 5 9 7 1 4 12 3 3 11 2 1 3 1 3 2 1 3 1 3 2 1 2 1 1004 4 3 4
5 4 0 3 8 13 4 1 12 7 4 2 1 9 8 3 9 1 1 3 2 2 1 2 3 3 1 2 1 1044 3 3 3
0 2 3 1 1 1 4 3 12 13 7 3 1 10 8 2 5 2 3 3 2 1 1 2 1 1084 1 2 2
3 0 0 0 4 3 2 0 13 6 4 0 5 3 1 1 10 3 2 1 3 2 1 2 1 3 2 1 3 1 934 3 4 3
3 3 3 0 13 8 4 0 0 3 6 0 3 1 3 1 7 2 3 3 2 1 1 2 1 2 1 974 2 3 2
1 0 0 3 2 8 4 4 3 9 13 2 0 3 9 4 5 2 1 3 1 1 1 2 1 1014 3 1 1
3 0 0 0 5 2 1 1 5 6 7 13 3 8 10 3 1 2 1 3 1 1054 0 1 0
0 0 3 1 1 4 4 2 5 9 7 2 5 10 13 1 9 3 2 3 2 2 3 1 1 2 1 1 1 1094 2 4 3
0 1 2 3 0 2 7 8 1 3 9 13 3 5 10 3 5 2 3 1 3 1 1 2 1 1134 2 1 2
2 4 7 1 9 4 3 3 13 4 3 0 3 11 1 0 3 2 3 2 1 1 1 1174 0 2 1
10 6 5 4 13 11 4 2 0 8 2 3 7 4 3 0 1 1 1 1 1 1214 1 0 0
4 13 3 1 1 5 6 3 1 3 4 2 0 2 7 3 4 2 3 3 3 3 5 0.42857142857142855 6 0.2857142857142857 7 0.2857142857142857 780 0 1 3
2 4 4 13 1 0 6 9 0 0 3 6 0 2 1 3 1 3 1 3 1 820 0 0 1
3 4 4 13 3 2 5 9 0 0 5 9 0 0 1 5 10 2 1 2 1 2 1 3 3 3 2 1 1 1 860 3 4 3
2 1 6 13 0 3 7 10 0 3 2 8 0 1 1 3 8 2 3 3 3 2 1 2 1 1 3 1 900 2 3 3
4 6 9 13 2 4 5 10 0 0 5 3 1 2 2 3 4 3 3 1 3 1 1 1 940 1 0 3
5 7 9 13 5 6 7 10 4 2 2 1 1 1 0 0 1 2 1 3 1 980 0 1 0
0 0 0 2 0 0 3 2 2 9 9 5 6 1 10 13 9 3 3 3 1 2 3 2 1 1 1 1 1 1020 3 2 4
0 2 2 6 3 0 6 7 4 4 4 13 2 3 3 11 5 1 3 1 1 1 1 2 1 1060 4 0 1
0 0 0 3 3 4 3 2 2 5 4 3 0 13 1 1 9 3 2 1 2 1 2 3 1 2 1 1 1 810 3 4 2
1 4 2 0 0 5 4 0 13 8 4 3 0 3 4 3 7 3 3 3 1 1 2 2 1 3 1 850 2 2 3
4 0 0 3 13 3 5 3 6 9 2 0 10 1 1 0 5 1 1 2 3 2 1 2 1 890 2 2 1
3 1 1 3 9 8 3 3 13 10 4 5 2 0 2 1 1 2 1 3 1 930 0 1 0
1 2 5 3 9 7 5 1 13 8 6 2 4 11 1 3 10 3 2 3 3 1 3 1 2 1 2 1 2 1 970 3 3 4
0 3 8 1 2 2 7 12 1 0 6 13 0 3 4 4 8 2 1 3 2 1 3 3 1 1 2 1 1010 3 2 3
3 3 3 7 0 3 9 7 2 3 8 12 0 0 1 13 9 2 3 2 2 1 3 1 1 2 1 1 1 1050 3 4 2
0 1 5 10 2 6 10 13 1 3 5 12 2 3 4 6 7 2 1 3 3 1 3 3 1 2 1 1090 2 1 4
0 0 3 2 0 0 5 3 2 5 6 1 1 4 13 8 11 2 1 2 3 1 3 1 3 1 3 2 1 2 1 853 4 3 4
0 0 1 2 2 3 1 5 3 4 6 5 5 8 13 10 11 2 2 2 3 1 3 1 1 3 2 1 1 3 1 893 4 4 3
3 0 3 4 3 3 9 5 4 7 13 10 4 5 4 7 9 2 2 1 1 1 1 2 2 3 1 3 1 933 4 4 1
5 11 3 3 9 7 6 1 6 8 13 1 2 3 2 5 6 2 1 1 3 3 2 1 3 1 973 2 2 2
0 1 0 0 13 2 3 0 7 6 7 3 2 5 1 3 3 3 1 3 1 2 1 887 1 0 2
3 4 2 4 10 7 1 1 13 2 9 0 2 3 3 0 3 3 1 2 1 1 1 927 1 1 1
3 3 1 3 13 2 4 1 8 11 6 4 3 6 0 1 2 3 2 1 2 1 967 0 1 1
1 6 5 2 11 10 1 3 13 4 2 1 9 3 3 0 0 1 2 1 1007 0 0 0
1 3 3 0 4 5 4 1 11 10 8 2 3 13 9 4 8 2 2 1 3 1 1 2 2 1 3 1 1047 3 4 1
2 3 2 4 11 11 10 0 3 13 3 1 2 1 0 0 5 3 2 1 3 3 1 1 1 1087 1 1 3
1 2 8 11 2 5 6 12 3 2 4 3 0 0 4 13 5 1 1 3 1 2 1 3 1 1127 3 1 1
0 4 6 11 0 4 9 12 1 2 8 3 0 3 6 13 4 2 1 2 1 1 3 1 1167 2 2 0
3 2 1 4 3 6 5 13 0 0 2 3 1 0 2 0 5 2 3 1 3 1 1 3 1 778 2 1 2
4 3 3 2 1 3 4 10 3 5 13 1 1 0 2 0 4 2 2 3 3 1 1 1 818 0 2 2
0 3 0 10 0 2 3 8 0 3 6 13 1 3 3 4 1 3 1 3 1 858 0 0 1
0 0 2 10 0 2 5 9 3 1 5 13 2 1 4 6 0 1 1 1 898 0 0 0
2 3 3 10 4 1 8 9 1 5 5 13 0 0 2 6 0 3 8 0.18181818181818185 9 0.27272727272727276 10 0.54545454545454553 938 0 0 0
2 1 2 3 0 3 4 5 2 3 5 11 0 3 9 13 8 2 1 1 2 1 3 1 3 1 3 1 978 4 2 2
0 3 3 1 0 2 4 4 1 4 7 11 3 8 9 13 7 3 3 3 2 1 2 2 1 1 1 1018 1 3 3
6 1 0 2 4 6 4 4 5 9 8 13 1 10 11 2 6 1 1 3 2 1 2 1 2 1 1058 3 2 1
2 4 1 3 3 4 13 1 1 3 8 1 6 3 0 9 5 2 1 3 2 2 1 2 1 908 1 3 1
3 0 0 1 2 7 2 0 4 4 5 4 2 10 13 1 3 2 3 1 1 1 1 948 1 1 1
1 0 0 0 3 3 1 2 3 9 2 0 4 11 13 3 2 1 2 1 3 1 988 1 1 0
5 4 3 1 7 6 3 0 11 9 2 0 3 13 1 0 10 3 3 2 1 2 3 3 1 1 2 1 2 1 1028 3 3 4
0 2 3 2 0 3 4 7 0 3 5 11 3 3 13 11 8 3 1 3 2 3 1 2 1 1 1 1 1068 3 2 3
3 2 1 3 1 1 3 7 0 0 5 12 0 1 8 13 5 3 2 3 3 2 1 2 1 1108 0 2 3
1 0 0 0 1 4 4 1 3 6 8 12 3 6 9 13 3 2 3 2 1 2 1 1148 0 2 1
0 3 4 2 1 0 7 9 2 7 10 12 3 4 2 13 2 1 3 1 1 1 1188 1 0 1
2 1 4 4 0 4 13 5 0 0 6 4 0 0 8 3 8 1 3 3 2 1 2 1 2 1 3 1 822 3 3 2
13 10 5 4 9 5 3 2 8 3 1 3 1 2 0 2 6 1 2 3 1 1 3 1 2 1 862 3 1 2
13 10 7 2 9 8 6 4 8 3 3 1 3 4 2 0 4 3 1 2 1 1 3 1 902 2 1 1
11 9 1 3 3 6 13 3 6 3 5 4 3 1 2 1 3 3 2 2 1 3 1 942 0 2 1
3 6 13 2 6 12 3 0 3 0 2 3 0 0 0 1 2 3 1 1 3 1 982 1 0 1
3 13 12 3 0 3 6 11 1 0 1 3 2 0 3 0 1 3 1 2 1 1022 0 0 1
0 13 0 3 11 12 1 2 7 7 4 3 4 3 3 2 9 3 1 2 3 1 2 2 1 3 1 1 1 1062 3 3 3
13 10 0 3 11 12 1 0 8 7 2 2 6 5 5 2 6 1 3 3 1 1 2 1 3 1 1102 3 1 2
3 9 13 3 8 6 3 0 2 5 1 3 5 3 0 0 11 2 3 3 1 2 1 1 2 3 3 2 1 1 1 943 3 4 4
1 3 3 10 0 5 7 13 0 0 5 6 0 0 1 5 9 2 3 2 1 2 3 3 1 3 1 2 1 983 2 3 4
0 4 10 13 2 4 6 8 2 4 7 10 1 0 1 2 6 1 2 3 1 3 3 1 3 1 1023 2 1 3
11 4 4 3 2 13 7 8 2 3 6 10 3 0 4 9 6 1 2 1 1 3 2 1 1 1 1063 3 2 1
0 4 4 3 7 13 12 2 7 4 2 1 0 1 4 0 3 3 3 1 1 2 1 1103 1 0 2
1 0 13 4 2 0 12 7 3 3 4 5 3 10 2 2 3 1 1 3 1 3 1 1143 2 0 1
2 12 13 5 4 8 3 3 3 5 6 2 1 8 10 1 0 1 3 1 1183 0 0 0
2 1 13 2 12 9 5 6 4 5 8 3 0 0 10 2 9 1 1 3 2 3 1 3 2 1 1 3 1 1223 4 2 3
0 4 1 2 0 6 3 1 4 4 7 4 1 2 2 13 7 3 1 2 3 3 2 3 1 1 1 875 1 2 4
3 0 3 4 3 4 7 4 3 4 8 9 0 4 13 2 4 3 3 1 2 1 1 1 915 1 1 2
2 5 5 1 7 5 2 2 0 1 11 2 0 13 3 1 2 2 1 1 1 1 955 1 1 0
1 11 2 0 8 13 1 0 7 5 0 0 5 2 3 3 11 2 3 1 1 2 1 2 3 3 1 3 1 2 1 995 4 3 4
13 7 2 4 9 6 11 1 1 5 5 0 4 0 0 1 8 1 2 3 2 3 3 1 2 1 2 1 1035 2 3 3
13 4 11 3 9 8 4 2 7 5 4 3 5 4 0 0 5 1 2 2 3 1 1 1 1 1075 2 2 1
3 3 4 2 6 5 1 3 3 2 4 13 0 0 0 1 2 2 3 1 1 1 916 0 1 1
3 0 0 3 1 3 3 6 0 2 5 13 0 2 1 8 11 1 2 1 1 2 1 2 3 3 2 3 1 3 1 956 4 4 3
1 3 5 5 2 5 8 8 0 0 1 13 0 3 0 5 9 2 3 1 2 2 3 1 1 3 1 2 1 996 3 3 3
2 5 8 9 3 5 13 2 0 0 4 1 3 1 2 1 6 3 1 1 3 3 2 1 2 1 1036 2 1 3
1 9 10 3 3 9 13 5 2 2 5 2 3 1 4 1 5 3 3 1 2 2 1 1 1 1076 1 2 2
5 3 0 0 0 11 13 8 3 7 7 5 3 1 2 4 3 1 2 1 1 2 1 1116 2 1 0
1 13 0 0 3 11 5 0 3 4 8 1 5 6 9 5 1 2 1 2 1 1156 0 1 0
2 3 3 4 11 4 13 5 1 10 5 8 1 3 6 2 0 1 3 1 1196 0 0 0
0 0 3 0 2 4 1 3 2 1 6 3 1 3 3 13 0 1 2 1 894 0 0 0
0 0 0 3 2 2 0 5 3 4 6 5 4 5 8 13 9 1 2 3 2 1 1 3 3 1 1 3 1 934 4 2 3
2 0 3 2 0 2 1 0 4 3 6 13 5 6 9 10 8 3 2 1 3 1 3 1 2 1 1 1 974 3 2 3
3 0 4 1 0 2 6 4 1 4 8 13 2 5 10 11 7 1 2 3 2 1 2 3 1 1 1 1014 2 3 2
1 0 0 0 2 2 2 1 3 7 8 9 4 10 11 13 5 1 3 2 1 3 1 3 1 1054 2 1 2
4 0 3 2 2 6 5 0 1 5 12 13 3 3 4 0 2 1 1 1 2 1 1094 2 0 0
3 0 2 1 0 0 3 13 2 4 5 12 0 1 6 9 11 2 1 3 1 3 3 1 3 2 2 1 1 2 1 1134 4 3 4
0 3 1 0 1 3 6 2 0 3 7 13 4 7 9 12 8 2 1 1 2 2 2 3 3 1 1 1 1174 2 4 2
3 1 0 0 0 3 0 0 0 4 4 2 0 13 7 3 8 1 2 3 2 3 1 2 1 1 3 1 859 3 3 2
1 0 9 2 4 4 4 0 5 5 3 0 13 3 1 2 5 1 2 3 2 1 1 3 1 899 2 2 1
3 9 9 0 13 8 7 1 2 4 5 3 2 3 2 1 3 1 2 3 1 1 1 939 1 1 1
3 10 9 2 1 13 6 1 3 5 5 1 2 3 2 0 11 2 2 3 1 3 3 1 3 1 2 2 1 1 1 979 3 4 4
10 9 6 2 13 8 4 3 0 5 5 3 1 4 0 1 8 3 3 3 1 2 3 2 1 1 2 1 1019 2 2 4
11 9 8 3 13 8 6 8 2 5 4 4 0 1 2 3 7 2 1 3 1 1 1 2 1 2 1 1059 4 2 1
2 1 4 7 11 3 13 10 4 4 4 3 0 9 0 8 6 1 2 1 2 3 3 1 3 1 1099 2 2 2
3 13 3 0 1 5 2 1 4 4 3 0 5 6 0 0 8 1 3 2 2 1 1 2 3 1 2 1 880 3 3 2
2 0 3 3 2 3 13 8 0 0 3 6 0 2 5 10 5 3 3 1 3 1 1 1 1 920 2 0 3
0 2 0 4 0 0 1 4 1 3 5 13 3 0 3 12 5 3 2 1 1 2 1 2 1 960 2 2 1
0 4 8 10 1 3 4 13 3 3 4 12 0 1 0 5 3 2 2 1 1 2 1 1000 1 2 0
0 2 1 1 3 3 10 3 0 3 9 13 0 4 7 12 0 1 2 1 1040 0 0 0
0 2 4 1 3 1 2 9 2 13 7 11 3 4 8 12 10 2 2 1 3 3 1 1 2 1 3 1 3 1 1080 4 3 3
1 4 3 1 9 4 0 0 13 6 3 2 5 12 10 11 9 3 1 1 1 3 2 2 2 3 1 2 1 1120 3 3 3
3 0 0 0 1 4 5 2 13 5 2 0 9 4 4 1 10 1 1 2 1 3 3 1 2 2 3 1 2 1 830 4 3 3
3 2 3 0 1 4 3 0 4 8 3 2 13 9 7 3 8 1 3 2 1 2 2 3 1 1 1 1 870 3 3 2
5 6 3 1 13 8 8 4 3 9 4 8 3 0 3 0 5 2 1 1 3 2 1 2 1 910 2 2 1
2 4 3 3 10 7 2 0 9 5 5 1 4 13 2 3 3 1 3 3 1 1 1 950 1 0 2
3 3 4 1 10 7 5 3 9 8 6 3 4 13 3 2 1 3 1 3 1 990 0 0 1
3 3 1 1 3 7 0 0 7 11 5 0 2 13 2 3 11 3 2 3 1 2 3 2 1 2 3 1 1 1 1 1030 3 4 4
4 3 3 1 3 5 6 0 3 8 7 3 10 13 11 3 8 3 2 3 1 1 2 1 2 1 2 1 1070 3 3 2
6 3 0 2 8 7 0 0 10 9 4 2 13 11 4 0 5 3 2 1 3 1 1 1 1 1110 2 1 2
0 0 3 1 0 4 6 0 0 2 4 2 1 13 3 1 4 2 1 3 2 1 3 1 935 1 2 1
3 2 1 0 3 5 3 2 3 6 8 3 0 10 13 2 3 1 1 3 1 3 1 975 2 0 1
2 0 0 0 3 3 1 3 6 9 3 0 6 10 13 5 1 1 1 2 1 1015 1 0 0
0 3 4 1 3 8 5 7 6 11 13 1 7 3 1 4 2 2 2 1 2 1 1055 0 2 0
1 3 5 1 3 6 2 4 13 5 3 2 5 0 0 0 3 1 3 3 1 2 1 829 1 0 2
4 13 6 8 3 5 5 0 1 0 3 2 0 1 2 0 11 2 3 1 3 1 1 1 2 2 3 3 1 2 1 869 4 3 4
0 2 8 3 0 0 13 9 4 4 5 5 2 1 3 2 8 2 1 3 1 1 1 3 3 1 2 1 909 4 1 3
5 4 3 3 9 7 13 10 4 6 3 0 1 5 4 3 7 1 1 3 2 3 3 2 1 2 1 949 2 2 3
3 13 11 1 9 6 5 3 8 7 3 3 9 4 2 3 5 2 1 2 3 3 1 1 1 989 1 2 2
13 4 4 1 10 11 3 8 6 9 6 1 7 5 4 3 3 2 2 3 1 3 1 1029 0 2 1
5 2 3 3 1 4 5 8 13 2 0 0 1 0 0 0 11 3 2 3 3 1 1 3 2 1 2 2 1 1 1 858 3 4 4
2 5 4 10 3 2 4 13 0 6 0 4 0 1 2 1 0 1 1 1 898 0 0 0
3 10 8 1 3 7 6 13 3 4 6 2 0 0 0 3 10 1 3 1 1 2 3 2 2 1 3 1 2 1 938 4 3 3
4 11 13 10 3 4 5 7 0 3 4 5 1 0 1 0 9 2 2 2 3 1 3 1 2 3 1 3 1 978 2 4 3
6 11 13 10 3 5 6 8 3 5 2 1 3 0 0 0 5 3 2 2 1 3 1 1 1 1018 1 2 2
1 11 13 10 0 1 5 9 5 3 5 7 2 3 4 8 4 1 2 1 2 1 2 1 1058 2 2 0
5 4 13 1 0 4 12 1 5 7 1 3 0 0 0 2 1 2 1 2 1 1098 0 1 0
3 12 1 0 13 7 3 2 8 7 2 3 1 1 0 0 0 1 2 1 1138 0 0 0
1 3 3 0 0 0 4 4 2 5 9 6 0 2 2 13 5 1 3 2 1 3 1 1 1 830 2 1 2
1 4 4 2 3 8 5 4 0 4 9 1 1 0 13 0 1 2 1 2 1 870 0 1 0
0 0 3 2 6 1 4 4 7 5 10 1 1 5 13 10 1 2 1 2 1 910 0 1 0
3 0 1 0 11 6 3 0 6 10 3 5 6 13 3 3 0 1 2 1 950 0 0 0
3 2 3 1 4 5 5 7 4 8 13 8 0 12 10 3 1 3 1 3 1 990 0 0 1
4 7 13 1 2 4 3 3 2 7 3 8 1 2 0 0 6 3 2 1 3 1 2 1 1 1 758 2 2 2
3 3 3 2 0 0 3 4 3 13 5 8 2 6 7 9 3 1 1 1 1 2 1 798 3 0 0
5 5 6 8 4 6 13 11 6 2 2 1 1 0 0 0 2 3 2 1 1 1 838 0 1 1
1 3 4 9 0 5 8 11 2 2 5 7 1 2 13 4 0 1 1 1 878 0 0 0
0 0 2 5 1 0 4 6 0 4 6 11 0 3 13 10 8 3 2 3 2 1 1 1 2 1 3 1 918 3 3 2
1 2 3 3 2 5 5 8 2 6 7 11 0 3 13 10 6 1 3 1 2 3 3 1 1 1 958 2 1 3
3 7 6 1 4 7 11 2 4 6 9 10 3 0 8 13 5 1 1 2 1 2 1 2 1 998 3 2 0
3 1 2 2 9 7 7 8 0 3 4 12 0 1 3 13 4 3 2 1 2 1 1 1 1038 1 2 1
3 4 4 4 2 5 13 4 4 4 2 1 0 0 9 0 4 3 1 2 1 1 3 1 882 2 1 1
0 0 2 3 1 3 5 13 0 3 11 3 2 0 2 3 3 1 3 1 1 3 1 922 2 0 1
2 0 13 11 0 1 8 9 2 5 5 7 2 0 1 3 2 3 3 1 1 1 962 0 0 2
4 5 13 11 3 4 6 10 0 2 3 5 0 0 3 8 0 1 1 1 1002 0 0 0
2 6 13 11 4 5 9 10 0 3 5 3 0 2 1 0 9 1 3 3 1 3 2 2 1 2 1 1 1 1042 3 3 3
3 8 13 11 1 6 9 10 2 3 3 5 0 2 1 0 6 3 1 3 1 2 2 1 3 1 1082 2 2 2
2 1 3 1 4 13 11 3 4 11 2 0 3 4 3 0 2 1 3 1 2 1 1122 1 0 1
1 3 0 3 12 4 2 2 13 7 5 1 2 6 5 1 10 3 2 2 1 1 1 2 3 2 3 1 1 1 1162 3 4 3
0 0 2 2 4 2 3 1 0 3 6 3 1 3 2 13 3 1 1 3 1 3 1 884 2 0 1
0 0 1 2 0 1 4 7 1 4 5 13 0 4 8 10 2 3 2 1 2 1 924 0 1 1
2 0 1 3 0 0 3 4 3 5 6 13 4 5 9 10 11 2 3 2 3 3 1 2 3 1 2 1 1 1 1 964 3 4 4
3 0 2 0 6 4 2 0 11 13 4 1 1 2 4 0 8 3 1 2 3 1 3 1 3 1 2 1 1004 3 1 4
1 1 0 0 11 8 2 0 13 5 5 1 2 1 3 2 4 2 1 3 3 1 2 1 1044 1 1 2
11 8 3 1 13 7 4 2 6 5 6 1 3 5 2 2 1 3 1 1 1 1084 0 0 1
11 10 7 0 13 6 3 0 5 3 1 0 3 0 0 3 1 2 1 3 1 1124 0 1 0
1 2 5 4 12 7 3 1 13 8 3 3 0 2 3 0 11 1 1 2 2 3 1 3 2 3 1 3 1 2 1 1164 4 3 4
0 2 3 0 0 7 3 2 3 5 4 3 3 3 5 13 8 1 3 1 3 1 2 1 2 3 6 0.33333333333333331 7 0.33333333333333331 8 0.33333333333333331 798 4 2 2
3 2 2 3 5 2 1 0 4 13 9 0 0 3 2 1 5 3 2 3 1 1 1 1 1 838 2 1 2
3 0 3 3 0 3 5 2 3 5 6 13 6 7 9 10 3 2 3 1 1 1 1 878 1 1 1
2 2 1 1 1 5 4 3 5 6 7 13 5 8 9 10 0 1 2 1 918 0 0 0
3 2 6 1 0 6 7 9 2 4 6 13 1 3 0 11 11 3 3 3 2 3 1 1 2 1 1 2 1 2 1 958 4 3 4
0 0 1 3 0 1 4 5 3 3 3 10 2 3 11 13 8 1 3 3 1 2 2 2 2 1 1 1 998 2 4 2
2 0 2 1 0 4 4 2 4 5 7 10 4 6 11 13 4 1 3 1 3 1 3 1 1038 2 0 2
3 3 2 13 4 5 12 0 5 7 4 3 1 8 3 0 1 2 1 1 1 1078 0 1 0
1 0 2 0 0 4 3 5 1 6 6 8 2 2 3 13 1 1 1 3 1 909 1 0 0
0 1 0 0 3 3 3 4 3 4 7 9 2 5 13 3 11 3 1 2 3 3 1 1 2 2 1 2 1 3 1 949 4 4 3
1 0 2 3 3 5 6 0 5 13 9 8 3 5 10 10 9 1 1 3 3 1 2 2 2 1 1 2 1 989 4 3 2
3 5 10 0 3 5 13 7 4 7 9 8 5 11 3 1 6 2 3 1 2 1 3 1 2 1 1029 2 2 2
3 1 4 0 8 13 3 1 12 8 3 1 5 3 0 0 4 2 1 2 2 1 2 1 1069 1 3 0
13 6 5 3 12 7 4 0 1 3 4 3 10 3 1 2 2 2 3 1 3 1 1109 0 1 1
1 5 5 13 3 2 6 6 0 0 4 0 0 0 3 2 3 3 2 1 1 1 1 818 1 1 1
0 2 1 0 1 3 2 3 2 13 3 0 7 9 0 3 1 3 1 1 1 858 0 0 1
3 2 1 3 0 2 1 3 0 3 6 2 13 10 6 3 0 1 1 1 898 0 0 0
3 2 3 3 5 5 5 1 9 8 6 0 13 10 8 0 11 1 3 1 2 2 3 3 2 1 1 2 1 3 1 938 4 4 3
2 1 3 1 5 1 3 2 8 5 5 3 13 11 1 0 7 3 2 3 2 2 3 1 1 3 1 978 1 3 3
1 2 1 0 3 5 3 3 13 9 3 4 1 11 8 3 4 1 2 2 2 1 3 1 1018 1 3 0
1 0 0 4 1 3 4 6 13 10 7 6 1 11 8 2 2 2 2 3 8 0.18181818181818185 9 0.27272727272727276 10 0.54545454545454553 1058 0 2 0
2 3 13 3 1 2 12 7 3 6 4 1 3 0 0 0 11 3 1 2 3 3 2 1 2 1 2 1 1 3 1 1098 4 4 3
13 8 4 2 3 7 6 3 1 5 5 0 0 1 3 0 6 3 3 2 2 3 1 1 3 1 793 1 2 3
0 9 1 0 13 8 2 2 6 6 3 0 1 4 0 3 5 2 3 1 3 1 1 2 1 833 2 1 2
3 5 3 3 10 6 3 0 3 8 4 1 1 13 0 0 3 2 2 2 1 1 1 873 0 3 0
0 3 0 0 1 5 3 3 3 6 10 4 4 13 9 3 0 1 2 1 913 0 0 0
3 3 3 1 4 5 5 2 13 8 1 3 9 10 3 0 8 2 3 2 1 2 1 1 3 1 2 1 953 3 3 2
10 2 0 0 13 3 5 4 9 8 1 2 10 8 3 0 5 1 3 3 1 3 1 2 1 993 2 0 3
10 5 4 3 13 7 3 1 11 6 1 3 3 1 2 2 1 3 1 2 1 1033 0 0 1
4 1 3 1 13 10 7 2 11 8 6 3 3 0 0 3 9 2 2 1 3 1 1 3 2 3 1 2 1 1073 3 3 3
3 3 1 2 2 13 6 4 2 5 3 0 3 0 3 0 4 2 1 3 1 1 1 1 769 2 1 1
10 9 7 4 13 8 5 4 2 3 2 4 0 0 2 1 3 1 3 1 1 3 1 809 2 0 1
11 4 8 5 13 5 7 3 1 3 5 3 3 4 1 4 1 2 1 2 1 849 0 1 0
2 2 13 3 5 11 7 9 0 3 5 5 2 1 1 6 10 1 3 1 3 2 2 3 1 1 2 1 3 1 889 4 3 3
3 11 2 3 3 8 10 13 3 5 6 1 2 4 4 0 9 1 3 1 2 1 2 2 3 3 1 1 1 929 3 3 3
1 0 4 1 3 4 4 0 4 5 13 0 3 5 2 0 0 1 2 1 803 0 0 0
1 8 2 3 2 6 13 3 0 4 0 0 0 0 0 1 8 3 3 2 1 2 1 1 2 1 3 1 843 3 3 2
6 8 8 13 3 4 4 1 3 1 3 0 0 2 0 0 7 2 1 3 3 1 3 2 1 2 1 883 2 2 3
0 1 0 3 0 0 3 2 3 3 4 13 3 4 9 10 6 3 2 1 2 1 2 1 1 1 923 2 3 1
2 3 2 1 0 0 3 4 0 3 5 13 3 6 7 11 3 3 1 1 1 2 1 963 2 0 1
0 3 2 4 3 0 4 7 3 4 7 13 0 6 8 11 3 1 2 1 1 3 1 1003 2 1 0
0 2 4 0 1 2 8 3 3 5 8 13 1 3 9 11 0 1 3 1 1043 0 0 0
3 3 4 4 0 0 6 6 0 3 7 13 0 1 10 11 10 2 2 1 2 3 3 1 3 1 2 3 5 0.42857142857142855 6 0.2857142857142857 7 0.2857142857142857 1083 3 4 3
2 2 3 1 5 5 4 3 0 6 4 13 2 1 0 0 1 1 1 3 1 854 1 0 0
2 6 5 4 0 7 7 8 1 3 13 4 2 0 0 0 11 2 2 1 1 3 1 3 1 3 2 3 3 7 0.2857142857142857 8 0.2857142857142857 9 0.42857142857142855 894 4 3 4
1 3 0 2 2 1 4 5 10 8 7 3 9 3 13 4 9 2 1 3 2 2 3 1 1 3 1 3 1 934 3 3 3
2 3 0 3 0 3 3 4 0 11 7 5 6 13 10 6 8 1 2 1 1 3 2 3 2 1 1 1 974 3 3 2
1 0 3 0 0 4 1 2 5 6 7 8 5 13 11 10 4 3 2 2 3 1 1 1 1014 0 2 2
0 3 2 2 1 3 7 7 0 4 9 10 0 3 13 11 1 1 1 3 1 1054 1 0 0
3 6 2 1 2 9 9 4 4 4 10 11 1 3 13 0 11 3 2 3 1 1 2 3 3 1 2 2 1 1 1 1094 3 4 4
3 4 3 1 7 4 7 8 2 8 7 12 4 13 9 3 11 2 2 3 3 2 1 1 2 3 1 1 1 3 1 1134 4 4 3
0 2 3 3 0 3 13 1 1 5 3 6 0 1 3 2 9 3 1 2 3 1 3 2 2 1 1 2 1 829 3 3 3
3 3 1 3 13 3 6 2 8 5 3 0 0 0 3 0 7 2 3 3 2 1 1 1 1 2 1 869 3 2 2
0 0 0 2 3 3 4 2 4 5 7 3 8 13 9 11 8 3 3 2 1 2 1 1 3 1 1 1 909 3 2 3
2 2 2 2 3 8 3 0 10 11 3 4 1 13 5 4 6 2 1 3 1 3 1 1 1 1 949 3 1 2
3 3 1 2 10 11 9 3 3 13 2 0 2 3 0 3 2 3 1 1 1 1 989 1 0 1
0 3 0 3 4 2 5 1 13 3 5 0 1 2 7 2 3 1 1 2 1 3 1 962 2 1 0
13 1 0 0 9 1 0 0 6 7 2 0 5 5 1 2 2 2 1 1 2 1 1002 1 1 0
3 10 2 0 13 8 5 2 9 5 3 1 5 4 3 0 2 1 1 1 2 1 1042 2 0 0
4 10 3 8 13 10 4 3 9 3 3 2 7 1 3 2 1 1 1 3 1 1082 1 0 0
2 1 2 3 7 6 4 3 13 11 5 3 3 10 9 1 11 2 2 3 1 1 3 3 3 1 1 2 1 2 1 1122 4 3 4
13 7 2 4 5 4 3 2 12 4 0 0 1 3 0 0 9 1 3 2 1 3 2 2 1 1 1 3 1 1162 4 3 2
13 0 7 0 10 8 9 3 12 6 6 1 4 2 2 3 9 1 2 1 2 2 1 3 1 3 1 3 1 1202 4 3 2
11 13 6 4 2 7 6 1 0 3 10 2 0 12 1 0 9 3 2 2 1 2 1 3 1 3 1 3 1 1242 3 3 3
0 3 3 2 1 1 13 0 5 7 3 1 2 6 4 7 6 2 2 1 1 3 3 1 2 1 883 2 2 2
3 2 0 3 1 3 4 4 2 2 1 13 2 2 9 9 7 1 1 1 3 1 2 3 1 3 1 923 4 1 2
0 2 2 1 1 6 4 4 4 3 7 5 1 0 13 10 3 2 3 2 1 1 1 963 0 2 1
0 3 3 2 1 4 6 1 2 7 8 10 1 13 2 3 11 3 1 2 1 1 2 2 3 3 1 2 1 3 1 1003 4 4 3
4 3 2 0 6 3 4 3 3 9 10 3 13 8 3 1 10 1 3 2 3 1 2 1 3 2 2 1 1 1 1043 3 4 3
0 1 1 3 2 2 3 13 2 5 4 3 3 4 1 1 0 1 2 1 969 0 0 0
0 1 3 4 0 0 4 5 3 0 5 8 1 3 3 13 9 1 2 3 1 3 2 3 2 3 1 2 1 1009 2 3 4
2 5 5 1 0 0 7 2 0 1 7 8 0 3 13 10 6 3 1 2 3 1 2 1 3 1 1049 2 2 2
2 0 1 3 3 4 8 10 1 4 7 9 0 2 13 11 7 1 1 3 2 1 2 2 3 4 0.54545454545454553 5 0.27272727272727276 6 0.18181818181818185 1089 3 3 1
1 0 0 0 3 3 2 9 0 1 4 7 4 4 13 12 5 3 2 3 2 3 1 1 1 1129 0 2 3
3 0 4 5 0 3 6 9 1 4 8 10 2 4 13 12 3 3 3 1 1 2 1 1169 1 0 2
0 4 5 6 1 4 13 11 0 3 2 12 3 5 0 0 1 2 1 1 1 1209 0 1 0
0 2 0 5 1 1 13 10 2 4 11 9 0 5 5 12 11 1 2 3 1 2 1 3 3 1 3 2 1 2 1 1249 4 3 4
0 0 2 0 2 3 0 1 0 0 1 4 2 4 6 13 0 1 1 1 739 0 0 0
3 2 0 2 4 1 6 1 4 5 6 13 2 9 8 1 11 2 3 1 3 1 2 2 3 2 1 1 1 3 1 779 4 4 3
0 0 0 3 0 0 1 3 2 4 3 6 4 13 6 10 8 2 2 3 1 1 2 3 3 1 1 1 819 2 3 3
0 2 2 1 0 3 4 0 2 4 7 4 4 13 8 10 6 3 3 1 1 3 2 1 1 1 859 2 1 3
0 2 2 4 0 2 4 11 3 5 6 7 0 3 13 10 5 3 1 3 1 3 1 1 1 899 2 0 3
1 2 5 11 0 2 5 8 5 8 10 4 2 3 13 1 3 3 1 2 1 1 1 939 1 1 1
1 3 3 13 6 8 3 1 3 4 2 3 0 0 2 0 4 1 3 2 2 1 1 1 903 1 2 1
10 7 8 13 4 7 2 3 5 7 0 0 1 7 3 1 3 2 1 3 1 2 1 943 1 1 1
1 9 2 11 0 4 8 13 4 3 4 1 3 4 3 2 3 2 3 3 1 1 1 983 0 1 2
0 2 2 11 1 3 10 13 2 1 5 4 0 1 3 1 0 1 2 1 1023 0 0 0
3 10 0 5 1 11 4 13 0 4 3 3 1 3 8 2 9 1 2 2 2 3 1 1 2 3 1 3 1 1063 3 4 2
4 11 10 5 3 3 9 13 3 0 6 6 2 0 0 3 8 2 3 2 3 1 1 1 2 1 1 1 1103 3 3 2
1 11 10 3 2 8 9 1 3 5 4 13 3 4 2 6 4 2 1 3 1 1 2 1 1143 2 1 1
5 1 11 3 0 3 11 13 0 2 5 1 1 3 2 4 0 1 2 1 1183 0 0 0
4 3 1 0 4 3 3 0 5 7 13 2 0 0 0 5 11 1 2 1 1 2 3 2 1 2 3 3 1 3 1 873 4 4 3
1 3 4 1 0 8 6 5 0 2 7 3 0 0 13 1 8 2 3 2 2 1 3 3 2 1 1 1 913 1 4 3
0 1 3 0 2 3 3 2 5 7 5 3 13 9 5 4 6 2 3 2 1 1 1 1 3 1 953 3 2 1
1 3 7 1 1 1 5 13 3 5 3 3 3 2 0 10 5 2 1 2 2 2 3 5 0.42857142857142855 6 0.2857142857142857 7 0.2857142857142857 993 1 4 0
4 5 3 3 3 5 4 1 1 7 8 4 2 10 13 3 3 2 2 1 1 3 1 1033 1 2 0
0 3 0 7 1 2 0 6 2 4 9 6 0 1 10 13 1 1 1 2 1 1073 1 0 0
0 4 4 5 2 6 7 8 3 4 9 13 3 1 4 10 10 2 1 1 3 1 2 3 3 1 2 1 2 1 1113 4 3 3
0 1 1 0 0 5 3 0 5 8 3 2 1 13 11 3 9 1 2 2 3 3 2 1 2 3 1 3 1 1153 2 4 3
0 4 1 13 3 3 6 8 2 5 7 1 0 2 2 3 0 1 1 1 793 0 0 0
0 0 9 13 0 0 6 9 1 3 7 8 3 2 3 3 10 2 3 3 1 2 2 1 1 1 3 1 2 1 833 4 3 3
1 3 10 13 3 6 8 9 2 5 5 8 3 2 1 4 7 1 3 2 1 2 2 3 1 1 1 873 2 3 2
1 0 11 13 3 3 8 10 0 6 4 4 1 2 2 3 4 1 2 1 3 1 2 1 913 2 1 1
5 11 13 10 4 5 7 8 3 5 6 10 1 4 0 1 2 2 3 1 2 1 953 0 1 1
2 1 1 9 7 3 12 5 1 2 13 4 3 6 3 3 10 1 2 2 1 3 3 1 3 3 2 1 2 1 993 3 3 4
1 7 8 13 0 6 3 2 3 2 2 0 3 2 0 0 6 1 3 2 1 1 3 1 1 1 839 3 1 2
1 8 9 2 0 3 7 13 5 3 3 3 0 0 1 1 4 3 3 2 2 1 3 1 879 0 2 2
0 11 9 1 3 2 13 3 5 3 5 5 4 1 2 3 2 3 2 1 1 1 919 0 1 1
1 8 3 2 3 9 8 13 3 5 6 11 0 2 0 1 1 2 1 1 1 959 0 1 0
3 6 0 2 4 6 1 0 4 7 5 11 2 13 10 3 9 1 2 1 1 3 2 3 2 3 1 1 1 999 3 3 3
8 3 1 0 12 1 0 1 5 5 2 0 8 13 3 2 7 1 3 2 1 3 2 2 1 3 1 1039 2 3 2
0 8 1 0 12 7 3 2 7 7 13 4 8 4 2 2 5 3 3 3 1 3 1 1 1 1079 1 0 4
12 10 4 2 11 4 1 1 6 13 1 0 3 0 3 3 3 2 3 3 1 2 1 1119 0 1 2
0 1 0 0 0 3 2 3 4 13 4 6 3 2 1 5 0 1 3 1 701 0 0 0
1 13 7 4 0 1 8 3 2 3 2 1 0 2 3 1 10 3 1 1 1 2 3 2 3 2 2 1 3 1 741 3 4 3
0 2 13 9 1 3 6 7 2 1 4 5 3 3 3 4 8 2 3 3 1 1 1 2 2 1 3 1 781 3 3 2
0 1 13 10 1 0 5 7 2 3 4 5 2 3 3 1 6 1 3 3 2 2 1 1 2 1 821 2 2 2
4 5 13 10 3 3 7 8 0 6 3 2 0 3 1 0 4 3 1 1 2 1 2 1 861 2 1 1
1 3 13 10 3 3 6 9 3 6 4 5 0 5 4 4 2 2 1 1 2 1 901 1 1 0
0 1 13 10 3 4 8 9 1 2 6 7 0 2 2 1 11 1 1 2 3 1 2 3 1 2 3 2 1 3 1 941 4 4 3
2 1 11 9 2 5 6 13 0 3 5 5 0 0 0 3 8 2 1 2 1 3 1 3 3 1 3 1 981 3 2 3
3 2 2 0 4 4 3 8 13 5 1 1 0 3 1 2 2 3 1 1 2 1 838 1 0 1
2 0 1 0 3 4 1 3 5 2 0 0 13 10 4 2 1 3 1 1 1 878 0 0 1
1 4 0 1 7 3 2 0 13 7 3 0 10 1 2 2 9 3 1 3 1 2 1 2 3 3 1 2 1 918 3 2 4
3 6 3 3 8 6 2 0 13 7 2 0 10 8 2 0 7 2 1 3 1 1 3 1 1 3 1 958 4 1 2
11 9 7 3 13 4 2 0 4 0 0 3 1 6 1 0 6 1 3 2 2 1 3 1 2 1 998 2 2 2
11 10 5 2 13 6 5 3 7 4 1 0 4 3 4 2 7 1 2 2 1 1 1 2 1 3 1 1038 4 3 0
12 10 9 2 13 7 3 1 8 6 4 3 3 4 2 1 6 1 2 3 1 3 2 1 3 1 1078 2 2 2
8 12 7 1 3 11 5 4 0 13 3 3 0 3 0 2 3 3 1 3 1 2 1 1118 1 0 2
3 6 6 13 2 4 4 4 1 0 3 3 0 0 2 0 10 1 1 2 3 2 1 2 1 3 3 1 3 1 757 4 3 3
0 6 0 0 3 6 8 13 1 4 6 3 4 2 1 1 8 1 1 2 3 3 2 2 3 1 2 1 797 2 3 3
0 0 9 3 3 8 5 6 3 5 4 13 3 3 3 2 8 3 2 2 2 3 1 1 1 1 1 1 837 3 3 2
6 0 8 10 0 3 4 13 1 4 2 3 3 6 3 1 6 1 2 2 1 2 3 1 3 1 877 2 3 1
4 6 9 10 2 3 6 13 1 3 4 2 0 2 3 4 3 1 3 3 1 1 1 917 1 0 2
5 7 9 10 5 6 7 13 6 4 4 4 1 3 1 3 1 2 1 2 1 957 0 1 0
0 1 10 11 2 1 5 13 3 4 4 6 4 3 3 5 10 2 3 2 2 1 3 3 1 3 2 1 1 1 997 2 4 4
5 7 10 11 4 6 8 13 3 0 4 1 0 3 4 1 7 1 2 1 2 3 3 2 1 2 1 1037 2 3 2
1 3 1 1 0 13 5 3 0 2 5 5 1 0 2 1 6 1 3 2 2 2 2 1 3 1 872 1 4 1
1 1 0 0 4 3 2 0 4 5 2 1 13 8 3 1 3 3 2 3 1 2 1 912 0 1 2
5 5 2 1 7 7 3 0 10 8 1 0 13 2 0 0 1 2 1 1 1 952 0 1 0
0 7 0 8 2 6 0 2 11 7 5 3 13 1 5 3 0 1 1 1 992 0 0 0
11 9 5 7 13 8 5 3 3 4 0 0 1 0 0 1 9 2 1 3 3 2 1 2 3 3 1 2 1 1032 2 3 4
11 10 1 2 13 8 5 1 6 5 3 0 5 3 0 2 7 3 2 3 3 1 3 1 1 2 1 1072 2 1 4
12 2 1 2 10 3 4 2 3 5 2 1 13 7 3 2 7 1 2 3 1 1 3 1 1 3 1 1112 4 1 2
3 12 3 2 13 10 8 1 0 2 1 7 3 0 4 1 3 2 2 1 1 3 1 1152 1 2 0
6 2 3 0 3 5 3 2 3 4 3 7 13 5 1 0 8 3 2 2 1 1 2 1 3 1 1 1 771 3 3 2
3 7 9 4 2 13 6 4 0 4 3 3 0 0 0 2 5 1 3 1 2 3 1 1 1 811 2 1 2
13 11 3 1 2 1 7 4 0 5 5 3 0 2 0 4 5 2 1 2 1 3 1 3 1 851 2 2 1
3 0 0 3 4 3 3 1 11 7 4 1 9 13 2 2 2 1 3 1 2 1 891 1 0 1
6 11 5 5 0 8 9 3 2 13 8 6 0 0 1 3 0 1 3 1 931 0 0 0
3 11 8 0 13 3 10 4 6 6 3 1 2 1 1 0 9 3 2 3 2 2 3 2 1 3 1 1 1 971 1 4 4
3 9 10 5 13 1 4 3 9 11 2 3 6 3 2 0 9 3 1 3 1 1 2 1 3 2 1 2 1 1011 4 2 3
0 3 3 4 1 0 4 8 0 4 5 7 3 13 1 12 6 2 2 1 2 3 1 1 2 1 1051 2 3 1
2 9 4 13 0 4 3 4 0 3 2 1 0 0 0 2 4 1 3 3 1 1 3 1 794 2 0 2
9 7 5 0 13 6 5 2 2 3 4 0 0 3 0 1 0 1 1 1 834 0 0 0
1 3 1 2 3 8 6 2 9 7 4 0 13 10 2 4 10 3 2 3 3 2 1 1 1 1 2 1 3 1 874 4 3 3
2 1 0 3 3 3 7 4 13 5 4 1 11 9 0 2 9 3 2 1 1 2 3 3 1 2 1 3 1 914 3 3 3
3 3 3 0 6 2 1 0 13 6 4 1 11 10 8 4 8 2 1 3 1 2 2 3 1 1 2 1 954 3 3 2
6 4 3 1 2 7 5 2 13 9 3 1 11 10 1 0 7 2 3 3 2 2 1 3 1 1 1 994 1 3 3
1 4 5 6 1 10 13 8 7 11 9 7 3 3 6 4 6 3 1 2 2 3 3 1 2 1 1034 1 2 3
13 3 1 3 7 7 4 0 4 2 4 0 1 3 0 0 10 2 1 3 3 2 3 3 2 1 1 1 2 1 879 3 3 4
13 1 2 1 8 5 4 1 7 6 3 0 11 4 1 0 8 3 3 2 2 2 3 1 2 1 3 1 919 1 4 3
4 2 1 0 13 2 5 3 9 4 4 2 11 7 2 1 4 1 3 3 3 1 1 1 959 1 0 3
10 6 3 0 13 5 6 1 9 8 3 0 11 4 2 2 2 3 1 1 3 1 999 1 0 1
3 2 5 2 13 4 1 1 12 4 1 0 6 0 2 3 10 1 1 3 2 1 1 3 3 2 2 1 2 1 1039 4 3 3
1 0 0 1 4 4 5 2 13 7 5 0 12 8 2 3 7 1 2 2 1 1 3 3 1 2 1 1079 3 2 2
0 0 1 2 13 2 6 3 12 6 8 3 2 4 10 4 5 3 3 2 1 1 1 1 1 1119 2 1 2
0 0 3 13 3 0 4 11 5 12 8 5 0 3 3 5 3 2 1 2 1 1 1 1159 1 2 0
0 13 3 1 0 1 3 4 7 4 4 6 0 0 1 1 7 2 3 2 3 2 3 2 1 3 1 986 0 4 3
3 5 3 6 3 3 5 0 0 9 3 0 0 13 2 0 6 1 1 1 2 3 3 1 2 1 1026 3 1 2
0 2 2 3 1 0 4 5 10 8 7 5 3 1 13 2 4 1 2 3 3 1 1 1 1066 1 1 2
0 5 10 2 1 4 7 9 3 3 1 13 2 0 0 2 1 3 1 1 1 1106 0 0 1
2 3 11 13 0 4 3 3 1 6 6 2 1 3 0 0 11 2 2 3 1 1 3 3 1 3 2 1 1 2 1 1146 4 3 4
4 6 11 13 0 1 6 8 3 2 3 2 2 2 1 0 9 3 2 2 1 1 3 3 3 1 1 1 1 1186 3 2 4
3 11 13 10 1 5 6 9 2 3 3 3 3 0 0 0 6 2 2 1 1 3 1 1 2 1 1226 3 2 1
3 11 13 10 3 6 7 9 6 5 6 3 1 5 1 3 5 2 2 2 1 3 3 8 0.18181818181818185 9 0.27272727272727276 10 0.54545454545454553 1266 1 3 1
2 0 0 0 4 3 5 1 4 13 5 1 2 3 6 2 7 1 2 3 3 3 1 1 1 2 1 928 3 1 3
0 2 13 9 1 3 8 7 0 4 7 6 0 3 4 5 7 3 1 2 1 1 2 3 1 2 1 968 3 2 2
10 3 1 2 13 8 5 3 9 7 3 4 2 3 1 2 5 2 2 1 1 3 1 1 1 1008 2 2 1
13 11 1 3 10 10 7 1 4 3 3 2 3 2 1 0 4 2 2 1 3 1 3 1 1048 1 2 1
5 5 1 3 13 8 5 2 10 7 4 3 8 12 4 0 4 3 1 2 1 1 2 1 1088 2 1 1
3 2 3 3 13 6 5 5 10 8 6 1 2 9 12 1 0 1 3 1 1128 0 0 0
0 0 2 13 1 5 4 5 0 4 5 8 0 0 9 0 0 1 3 1 833 0 0 0
0 3 1 3 1 3 13 10 2 4 5 4 2 4 3 3 10 1 2 2 1 1 3 1 2 2 3 1 3 1 873 4 4 2
3 4 13 3 3 0 5 11 0 2 3 5 1 0 0 4 9 2 3 3 3 1 1 2 1 3 1 2 1 913 3 2 4
3 7 2 1 5 7 10 11 4 5 7 13 2 3 5 0 8 2 3 3 1 1 2 1 3 1 3 1 953 3 2 3
1 3 0 5 1 4 7 12 0 2 4 9 0 1 3 13 5 2 2 3 1 2 1 3 1 993 1 3 1
0 3 4 4 3 2 12 11 1 6 5 13 0 6 7 9 6 2 2 1 3 1 3 1 3 1 1033 2 2 2
5 8 4 12 1 4 11 6 2 3 10 13 2 1 3 4 5 2 1 3 1 3 1 2 1 1073 2 1 2
5 1 3 2 5 13 6 3 3 3 5 0 0 2 1 0 4 3 3 3 2 1 1 1 873 0 1 3
2 13 8 3 0 5 6 3 0 1 4 3 2 3 3 3 0 1 1 1 913 0 0 0
10 8 4 3 13 8 6 1 2 5 2 0 3 1 0 2 10 2 3 3 1 3 1 1 2 2 1 1 3 1 953 4 3 3
10 10 6 1 13 3 3 2 3 2 0 3 0 0 3 0 8 1 3 1 2 2 2 1 3 1 1 1 993 3 3 2
11 9 1 1 13 8 3 1 6 5 3 0 2 3 3 0 8 2 2 3 1 3 3 2 2 1 1 1 1033 1 4 3
12 0 0 2 13 6 4 3 7 4 0 0 4 4 2 1 7 1 2 1 1 3 3 3 1 2 1 1073 3 1 3
9 0 0 5 12 7 4 0 13 4 4 3 3 3 4 3 5 3 2 1 1 3 1 2 1 1113 2 1 2
10 7 2 0 12 4 4 1 13 3 4 1 4 3 0 0 3 1 2 3 1 2 1 1153 1 1 1
3 6 13 7 1 5 3 2 3 4 0 0 6 1 0 3 9 1 2 1 2 2 3 1 3 2 1 3 1 715 3 4 2
3 3 4 3 7 13 4 0 9 2 0 3 0 0 0 1 7 1 2 2 3 3 1 1 1 2 1 755 3 2 2
3 5 4 3 8 6 3 0 13 9 1 2 1 2 0 2 3 2 1 1 1 3 1 795 2 1 0
4 5 4 3 13 1 2 3 10 1 0 2 1 3 0 2 11 3 1 2 2 2 1 3 1 2 3 1 1 3 1 835 4 4 3
2 1 3 1 4 5 6 2 10 5 7 3 3 13 3 1 7 2 1 2 3 3 1 2 1 3 1 875 2 3 2
0 1 1 3 2 1 5 3 13 8 6 3 3 10 7 4 3 1 2 2 1 2 1 915 1 2 0
2 1 13 3 1 3 7 9 0 4 6 10 3 0 3 4 0 1 2 1 955 0 0 0
4 7 13 3 0 4 8 9 3 2 5 10 3 0 1 2 8 1 1 3 3 2 2 1 2 1 1 1 995 3 3 2
4 8 3 0 2 13 7 3 5 3 3 1 3 0 3 0 3 1 2 3 1 3 1 862 1 1 1
2 0 3 0 1 4 5 8 4 4 7 0 9 13 3 4 1 2 1 1 1 902 0 1 0
1 2 0 1 1 6 2 2 5 5 5 0 8 11 13 3 11 1 2 3 3 2 3 1 1 2 2 1 1 3 1 942 4 4 3
2 2 3 3 6 1 3 4 10 1 9 2 3 11 13 1 10 3 3 1 2 2 1 1 3 3 2 3 4 0.54545454545454553 5 0.27272727272727276 6 0.18181818181818185 982 3 3 4
0 2 2 0 1 4 12 4 3 10 8 1 7 13 5 4 9 1 3 1 2 3 3 1 2 3 1 2 1 1022 3 2 4
4 9 12 6 5 4 3 3 8 13 10 1 4 3 2 1 6 2 3 3 3 2 3 1 1 1 1062 0 2 4
1 12 9 1 3 4 9 6 0 5 11 13 0 2 2 2 3 3 2 1 1 1 1 1102 1 1 1
1 2 12 4 5 3 11 10 1 3 8 13 3 6 6 3 0 1 2 1 1142 0 0 0
0 2 3 3 1 2 5 6 2 5 3 1 0 4 13 1 11 1 2 3 2 1 3 3 3 2 1 2 1 1 1 813 3 4 4
7 3 0 1 13 6 1 4 8 3 2 0 5 0 2 0 8 3 2 1 3 2 1 3 2 1 1 1 853 2 3 3
13 8 2 0 9 7 1 3 10 5 2 0 3 5 4 3 7 2 1 3 3 1 3 2 1 1 1 893 2 2 3
13 10 3 0 11 7 4 0 5 5 6 3 1 1 0 0 7 2 3 1 2 3 2 1 1 2 1 933 2 3 2
13 10 3 0 11 8 3 0 6 7 4 1 4 3 3 2 4 1 1 2 2 1 3 1 973 2 2 0
0 13 10 1 3 8 4 4 11 9 3 2 4 3 1 2 1 1 1 2 1 1013 1 0 0
0 0 4 2 4 1 5 1 3 5 13 4 3 7 5 2 11 2 1 3 1 3 1 2 3 3 1 2 1 2 1 755 4 3 4
0 3 0 0 2 4 4 3 1 6 7 13 4 8 10 2 9 1 1 2 3 2 1 1 3 3 1 2 1 795 4 2 3
3 4 0 0 3 5 6 1 8 13 3 3 9 10 1 0 7 1 3 2 2 2 1 2 1 3 1 835 2 4 1
3 2 4 5 0 0 9 4 0 10 9 4 0 6 13 1 4 3 3 2 1 1 3 1 875 1 1 2
3 8 1 5 1 4 13 11 2 4 5 2 0 0 1 0 0 1 2 1 915 0 0 0
1 8 13 5 7 5 7 11 3 6 9 5 3 4 2 3 11 3 3 3 2 1 2 1 3 1 2 1 1 2 1 955 4 3 4
0 5 4 3 2 4 5 4 0 2 13 1 0 2 3 2 4 3 3 1 1 1 1 1 874 2 0 2
1 0 13 0 3 7 7 4 3 4 5 3 2 5 1 2 1 2 1 1 1 914 0 1 0
1 7 8 13 3 6 7 4 3 6 4 4 0 4 2 0 10 1 1 3 2 1 3 2 2 3 1 1 2 1 954 4 3 3
3 7 9 13 3 6 8 10 3 4 5 1 3 0 2 1 8 3 2 2 1 3 3 3 1 1 2 1 994 2 2 4
2 1 13 9 1 4 6 11 0 5 5 6 0 1 2 4 6 2 2 3 3 3 1 1 3 1 1034 1 2 3
0 4 13 1 3 3 8 9 1 5 7 11 2 0 3 3 3 3 2 1 1 2 1 1074 1 1 1
0 2 13 3 1 3 6 10 1 5 7 11 3 4 4 2 0 1 3 1 1114 0 0 0
13 9 5 3 11 10 4 2 6 7 4 1 2 0 0 0 10 1 2 3 3 3 1 1 2 3 1 1 2 1 1154 4 2 4
2 2 0 4 1 3 6 5 3 5 3 7 0 1 3 13 2 2 1 1 3 1 785 1 1 0
0 8 1 3 3 3 7 8 3 4 6 13 2 1 4 2 11 1 2 3 2 1 2 1 2 3 1 3 1 3 1 825 4 4 3
0 1 3 0 3 3 9 0 4 8 8 13 5 1 10 2 10 3 2 1 3 1 1 3 3 2 2 1 2 1 865 3 3 4
0 1 4 5 2 0 5 7 2 11 7 13 0 1 3 7 10 3 2 3 2 1 1 3 1 2 3 3 6 0.33333333333333331 7 0.33333333333333331 8 0.33333333333333331 905 3 3 4
2 1 2 3 0 5 6 4 3 7 8 3 12 4 9 13 10 2 3 1 3 1 2 1 1 2 3 1 3 1 945 4 3 3
0 0 2 0 3 3 1 3 4 6 7 13 12 6 10 8 9 1 2 3 3 3 2 2 1 1 3 6 0.33333333333333331 7 0.33333333333333331 8 0.33333333333333331 985 3 3 3
2 5 3 3 1 1 5 4 12 8 2 5 1 11 9 13 7 1 2 2 2 3 3 3 1 1 1 1025 1 3 3
0 0 2 6 1 1 0 4 2 5 12 4 4 11 10 13 4 3 3 1 2 1 3 1 1065 1 1 2
0 0 2 0 13 3 3 2 6 3 5 3 4 3 0 0 6 1 3 1 2 1 2 1 1 1 927 3 2 1
0 3 2 0 4 4 1 0 13 3 5 0 9 2 0 3 4 1 3 2 3 1 1 1 967 1 1 2
4 1 0 0 13 4 3 0 9 7 3 0 2 7 0 1 0 1 2 1 1007 0 0 0
2 3 3 0 1 4 6 1 11 6 7 3 7 9 13 0 2 2 2 1 1 1 1047 0 2 0
0 4 5 2 3 4 6 1 0 1 11 13 6 2 10 0 0 1 3 1 1087 0 0 0
3 2 5 1 2 6 5 13 3 7 8 11 1 3 10 0 9 2 1 1 2 3 3 3 1 2 1 3 1 1127 3 3 3
5 1 6 2 6 5 4 1 12 3 3 2 13 10 3 0 7 2 2 3 2 1 1 3 1 1 1 1167 2 3 2
0 1 2 1 3 4 5 5 3 8 6 5 13 12 11 2 5 3 1 2 2 1 1 3 1 1207 2 2 1
3 1 0 0 13 5 3 0 2 3 4 1 5 1 2 2 2 2 1 1 3 1 891 1 1 0
1 2 1 4 5 6 3 2 0 7 6 1 0 9 13 2 11 1 3 2 2 3 2 1 1 3 2 3 1 1 1 931 3 4 4
4 0 0 2 7 4 0 3 8 7 1 2 10 13 5 0 10 1 3 1 1 3 3 2 1 2 3 1 2 1 971 4 2 4
2 0 3 0 3 10 1 2 3 10 13 4 4 3 4 2 8 3 1 1 1 1 2 3 2 1 3 1 1011 4 2 2
0 3 0 0 4 3 8 2 2 6 6 0 13 3 1 1 10 2 3 2 1 2 2 1 3 1 3 1 1 1 897 3 4 3
2 4 13 9 4 3 6 8 3 0 7 1 2 0 2 0 8 1 1 3 3 1 2 3 1 1 2 1 937 4 1 3
1 5 8 3 2 3 6 13 0 2 4 10 0 1 0 4 8 2 3 1 2 3 3 3 1 3 4 0.54545454545454553 5 0.27272727272727276 6 0.18181818181818185 977 2 2 4
1 0 4 13 2 5 8 9 2 5 11 10 3 3 4 1 8 3 1 1 3 1 2 2 3 1 2 1 1017 3 2 3
0 4 13 3 1 4 9 9 0 0 11 10 0 2 2 5 4 1 2 3 1 1 3 1 1057 2 1 1
13 0 1 0 12 4 1 2 7 6 2 0 6 4 4 0 1 3 1 3 1 1097 0 0 1
13 3 3 1 12 7 3 0 8 5 4 0 6 4 0 0 9 1 2 3 1 3 2 2 1 2 1 3 1 1137 3 4 2
7 2 1 0 13 1 5 0 12 9 2 2 6 1 0 0 6 2 3 1 1 3 2 1 3 1 1177 2 2 2
1 0 0 0 0 3 0 3 2 6 3 13 1 7 4 4 10 1 2 3 1 3 2 2 1 3 3 1 2 1 796 3 3 4
2 0 1 3 0 1 3 4 4 6 4 7 6 13 8 3 7 1 3 3 1 3 2 2 1 2 1 836 2 2 3
2 2 1 5 0 3 6 9 1 6 7 13 3 3 4 5 5 3 3 1 3 2 1 3 1 876 1 1 3
10 13 2 0 6 1 4 2 2 4 3 3 0 2 1 1 2 3 1 1 3 1 916 1 0 1
2 2 0 3 3 1 3 1 13 2 3 0 11 8 7 2 1 1 1 1 1 956 1 0 0
0 1 0 3 3 3 3 3 13 4 6 2 11 9 10 3 10 1 2 1 2 3 1 2 3 2 3 1 1 1 996 3 4 3
2 1 3 0 4 5 2 1 13 8 7 2 11 9 10 3 7 2 1 1 3 3 2 3 1 1 1 1036 2 2 3
2 0 2 0 9 4 4 2 13 7 1 0 5 12 3 1 6 3 3 1 1 2 2 1 1 1 1076 2 2 2
0 1 0 0 2 4 5 3 4 6 8 3 0 1 13 7 5 3 1 3 2 2 1 3 1 849 1 2 2
2 0 3 8 2 4 10 13 1 5 4 4 3 2 1 3 5 3 3 1 2 1 1 3 1 889 2 1 2
4 13 4 0 9 10 1 1 7 6 2 0 4 3 3 0 3 3 2 1 1 2 1 929 1 1 1
4 13 2 3 10 7 4 1 9 8 4 2 1 4 1 2 11 2 3 2 3 1 3 1 2 3 1 1 1 2 1 969 4 3 4
1 5 1 3 0 4 11 13 3 6 7 3 3 1 4 2 8 1 2 2 3 3 3 2 2 1 1 1 1009 1 4 3
2 9 11 3 3 1 7 13 0 4 4 5 0 2 5 9 6 1 1 2 3 1 3 1 2 1 1049 3 1 2
0 2 3 1 3 5 2 7 3 3 11 13 0 10 10 8 3 1 3 1 1 2 1 1089 2 0 1
4 5 6 12 2 4 13 9 0 3 0 1 0 3 0 3 11 2 3 1 2 3 1 2 3 2 1 1 1 3 1 1129 4 4 3
0 0 1 1 0 3 1 3 3 4 5 7 1 10 2 13 8 3 1 2 3 3 3 2 2 1 2 1 799 1 3 4
0 3 8 4 0 3 6 10 2 0 6 13 1 4 1 4 5 2 2 3 3 1 1 3 1 839 1 2 2
0 1 0 0 2 0 1 4 1 4 7 10 4 5 9 13 3 2 3 2 3 8 0.18181818181818185 9 0.27272727272727276 10 0.54545454545454553 879 0 2 1
1 2 0 0 5 6 3 1 5 7 8 11 2 3 10 13 1 3 1 3 1 919 0 0 1
3 0 3 2 0 1 4 4 3 5 9 11 5 7 10 13 9 2 1 2 3 1 1 1 3 2 1 2 1 959 4 3 2
5 9 1 0 3 12 1 2 7 8 4 13 4 2 7 3 8 3 2 1 1 2 3 2 3 1 1 1 999 2 3 3
3 2 2 3 7 6 3 1 13 4 2 1 3 2 1 0 0 1 1 1 999 0 0 0
10 7 4 1 8 5 3 2 13 9 3 0 4 0 10 2 0 1 1 1 1039 0 0 0
13 1 1 3 2 3 4 0 2 6 6 3 2 4 0 0 0 1 1 1 847 0 0 0
3 1 13 3 3 2 5 10 0 6 3 4 0 3 3 3 11 3 1 2 3 2 2 3 2 3 1 1 1 1 1 887 3 4 4
13 0 2 0 8 4 1 0 4 5 3 3 10 4 3 4 7 2 1 2 3 3 3 1 1 3 1 927 2 2 3
3 2 1 0 13 5 3 1 9 6 0 0 11 6 2 4 5 2 3 1 3 1 1 2 1 967 2 1 2
1 5 3 0 6 4 1 3 13 8 1 2 12 2 0 2 4 3 1 2 3 3 8 0.18181818181818185 9 0.27272727272727276 10 0.54545454545454553 1007 1 1 2
5 2 0 0 9 3 3 2 13 4 10 4 12 4 10 0 1 1 1 1 1 1047 1 0 0
0 1 2 3 2 9 7 1 13 8 7 3 12 2 11 4 10 3 2 3 1 1 3 2 3 2 1 1 1 1 1087 3 3 4
3 0 3 2 0 3 5 6 3 13 10 7 12 2 11 1 6 2 1 1 1 3 2 1 3 1 1127 3 2 1
4 3 1 3 3 5 1 0 13 4 3 3 3 2 3 6 8 2 2 3 2 1 2 1 1 1 3 1 829 3 4 1
4 1 0 0 10 4 3 0 13 6 5 2 9 1 3 0 8 1 3 1 2 2 3 3 2 1 3 1 869 2 3 3
7 1 4 0 10 5 3 3 13 7 6 1 9 6 1 3 7 3 2 1 3 2 2 3 1 2 1 909 1 3 3
4 3 0 3 3 6 4 4 13 7 5 2 11 10 3 4 6 2 1 2 1 1 2 1 1 1 949 3 3 0
2 3 2 3 6 8 0 1 13 8 7 5 11 10 4 0 3 1 1 2 1 3 1 989 2 1 0
2 4 0 4 3 5 0 3 6 13 8 6 11 10 10 3 0 1 1 1 1029 0 0 0
2 4 3 3 9 9 7 1 12 2 13 11 3 0 0 3 0 1 1 1 1069 0 0 0
2 2 0 0 7 2 4 7 6 4 1 0 13 9 1 0 4 1 3 1 2 1 3 1 935 2 1 1
3 4 6 4 3 0 3 9 0 0 3 9 0 2 0 13 1 1 1 3 1 975 1 0 0
0 3 4 5 2 3 6 6 1 5 7 10 2 3 5 13 10 1 2 1 3 1 2 2 3 3 3 1 1 1 1015 3 3 4
2 2 7 1 1 4 7 8 1 4 6 10 4 0 13 0 9 3 2 3 2 2 1 2 1 1 3 7 0.2857142857142857 8 0.2857142857142857 9 0.42857142857142855 1055 3 4 2
2 0 0 10 3 3 3 0 4 6 11 0 5 6 7 13 6 1 1 3 2 2 3 1 1 1 1095 2 2 2
0 1 0 3 9 3 3 1 9 4 6 4 3 9 13 12 6 3 2 1 3 2 3 1 2 1 1135 1 2 3
1 1 0 0 0 4 5 2 10 8 5 2 3 9 13 12 3 1 3 3 1 2 1 1175 1 0 2
2 4 1 3 1 3 7 3 10 8 7 12 3 9 13 2 11 3 3 1 3 2 2 1 1 3 2 2 1 1 1 1215 3 4 4
0 1 2 0 3 4 13 2 6 1 5 2 3 1 1 0 0 1 2 1 734 0 0 0
0 1 13 9 3 2 2 8 0 3 3 6 3 1 3 4 10 2 2 2 1 3 3 2 1 3 1 1 1 1 774 3 4 3
0 0 5 13 2 4 7 9 2 3 6 8 3 3 3 6 7 1 2 1 3 1 3 3 3 7 0.2857142857142857 8 0.2857142857142857 9 0.42857142857142855 814 3 1 3
0 1 13 10 2 3 7 9 3 4 6 7 1 2 4 5 4 2 3 3 3 1 1 1 854 0 1 3
4 7 13 11 3 5 8 8 3 2 5 1 0 0 0 2 2 3 1 1 3 1 894 1 0 1
1 1 13 11 1 3 9 9 3 5 4 10 2 3 0 3 2 2 3 1 2 1 934 0 1 1
0 3 13 12 0 1 6 8 0 3 6 9 3 0 3 3 0 1 2 1 974 0 0 0
1 9 13 12 3 5 9 3 1 4 4 9 1 4 2 3 9 3 2 3 1 2 2 3 1 2 1 3 1 1014 2 4 3
4 3 3 2 3 5 6 4 1 13 3 0 2 3 2 0 9 1 3 1 1 2 2 3 3 3 1 1 1 853 3 2 4
4 3 1 0 6 4 4 0 9 5 3 2 13 1 0 0 8 3 2 2 3 3 2 1 1 1 3 1 893 2 3 3
4 0 0 1 8 4 2 0 9 7 4 1 13 3 3 0 6 3 1 2 2 3 1 1 2 1 933 2 2 2
2 0 1 0 1 0 9 2 2 9 6 3 1 13 5 5 2 1 2 1 3 1 973 1 1 0
4 1 2 0 8 10 5 2 13 6 1 0 7 9 5 1 2 1 2 1 2 1 1013 1 1 0
1 0 3 1 11 4 2 1 13 8 5 3 4 3 2 0 0 1 2 1 1053 0 0 0
0 1 2 0 3 4 4 0 9 13 3 3 12 5 10 4 2 2 3 1 1 1 1093 0 1 1
0 0 2 1 3 1 2 5 0 7 12 6 3 11 8 13 2 3 1 1 2 1 1133 1 0 1
1 0 1 13 2 6 3 5 0 3 5 3 0 0 0 1 7 1 2 2 1 2 2 3 1 3 1 862 2 4 1
0 2 8 1 1 5 6 13 1 1 3 4 0 2 0 2 4 2 2 1 3 1 3 1 902 1 2 1
13 8 3 2 5 8 3 0 4 3 0 0 4 1 0 3 1 3 3 8 0.18181818181818185 9 0.27272727272727276 10 0.54545454545454553 942 0 0 1
3 2 0 3 1 9 4 0 10 8 5 3 13 2 7 1 0 1 3 1 982 0 0 0
0 5 1 13 0 4 2 3 0 2 5 3 1 0 3 9 3 3 2 1 1 3 1 919 1 1 1
0 1 3 0 0 3 3 0 3 8 4 4 3 9 13 2 11 1 2 2 2 3 3 3 1 2 1 1 1 3 1 959 4 4 3
3 5 4 3 10 10 2 1 13 4 0 0 0 1 0 0 9 2 2 1 2 3 3 1 2 3 1 1 1 999 2 4 3
3 3 3 2 6 6 5 0 2 8 7 5 2 11 13 1 7 2 1 1 2 3 3 1 1 1 1 1039 3 2 2
2 4 3 0 5 3 3 0 9 8 4 1 11 13 4 3 4 2 1 3 1 1 2 1 1079 2 1 1
2 4 5 0 2 4 2 4 9 8 7 3 11 13 7 1 1 1 1 1 1 1119 1 0 0
2 3 0 0 5 1 0 0 10 7 1 2 11 13 7 0 9 2 2 3 3 2 1 3 1 3 1 1 1 1159 2 3 4
3 1 3 1 1 2 5 0 10 8 7 2 11 13 7 3 6 1 2 1 3 2 3 1 2 1 1199 2 2 2
3 6 8 1 4 6 4 0 13 3 2 4 4 0 2 0 0 1 1 1 832 0 0 0
9 0 3 0 4 5 3 0 13 6 5 2 1 0 3 0 8 1 3 2 1 2 2 3 1 1 3 1 872 3 3 2
9 8 10 3 13 6 2 0 6 1 4 3 3 2 2 2 6 2 1 1 3 3 1 1 1 1 912 3 1 2
0 0 3 2 3 3 4 1 13 11 5 4 3 10 7 5 4 1 3 2 1 1 2 1 952 2 1 1
0 1 0 2 3 0 5 7 13 3 12 10 0 1 3 1 3 3 3 2 1 2 1 992 0 1 2
0 1 5 1 2 1 4 5 3 9 8 10 5 13 5 12 1 2 1 2 1 1032 0 1 0
1 2 6 4 13 12 0 4 7 11 0 0 2 1 0 9 11 2 3 2 2 3 2 3 1 3 1 1 1 1 1 1072 3 4 4
3 3 7 0 13 7 9 4 7 12 11 4 3 3 2 2 7 1 1 3 2 3 1 2 1 1 1 1112 3 2 2
0 1 0 0 5 4 2 0 6 7 2 0 13 3 3 1 11 1 1 2 3 3 1 3 1 2 2 3 1 2 1 1013 4 3 4
1 3 4 1 5 4 3 1 2 7 8 2 3 13 10 0 9 1 1 1 2 3 2 3 3 2 1 2 1 1053 3 3 3
1 3 0 7 8 7 3 8 13 9 3 1 3 10 10 0 9 2 1 3 1 3 3 3 2 2 1 2 1 1093 2 3 4
0 0 0 2 3 10 5 3 3 13 7 3 4 5 8 12 7 2 3 2 1 3 1 1 1 3 1 1133 3 2 2
4 3 2 0 13 7 3 4 10 10 12 1 4 1 1 0 5 1 3 2 3 2 1 2 1 1173 1 2 2
3 3 3 4 13 12 7 4 3 11 8 0 0 6 0 2 4 3 3 2 1 1 1 1 1213 1 1 2
3 4 0 2 7 2 1 4 13 12 11 4 4 9 6 3 2 3 3 1 1 1 1253 0 0 2
0 2 0 1 0 4 6 3 1 3 6 3 0 4 9 13 10 2 3 1 3 2 3 1 2 3 1 1 2 1 798 3 3 4
4 3 0 2 2 13 3 1 6 4 3 4 10 8 2 1 8 2 3 3 3 3 2 1 1 1 1 1 838 2 2 4
0 6 13 4 0 5 10 9 2 0 4 1 0 2 2 0 5 1 2 1 3 1 1 3 1 878 3 1 1
3 3 0 3 0 6 13 9 2 3 6 7 3 11 7 3 5 1 1 2 2 1 1 3 1 918 3 2 0
1 6 13 3 4 5 10 1 4 11 4 3 0 0 1 2 4 3 3 2 3 1 2 1 958 0 1 3
4 3 9 13 3 10 3 3 1 11 3 4 0 2 1 2 3 3 3 1 1 2 1 998 1 0 2
9 0 13 0 4 9 10 4 4 8 11 3 0 0 4 3 2 1 3 1 2 1 1038 1 0 1
2 3 10 12 0 3 5 13 0 3 1 4 0 2 1 1 0 1 2 1 1078 0 0 0
0 3 4 13 2 0 4 6 0 0 5 3 0 1 0 1 8 1 2 2 2 3 3 3 1 1 3 1 929 2 3 3
6 3 2 2 13 7 1 1 9 4 5 2 5 4 3 0 10 1 3 3 3 1 1 2 2 1 2 1 3 1 969 4 3 3
1 1 5 3 2 6 5 3 13 8 7 3 3 9 1 3 7 2 1 2 3 2 1 2 1 3 1 1009 2 4 1
2 3 0 0 1 7 13 11 2 6 3 0 1 4 4 5 5 3 1 2 3 2 1 1 1 1049 1 2 2
3 3 4 10 5 5 7 13 1 6 8 11 3 7 2 10 6 1 3 1 1 2 2 1 2 1 1089 3 2 1
0 0 3 10 0 0 5 13 2 6 7 12 3 3 8 4 6 2 2 3 1 1 1 1 3 1 1129 3 2 1
4 8 10 13 4 5 9 5 0 3 2 12 3 0 0 3 4 1 1 2 2 1 1 1 1169 2 2 0
1 1 4 2 0 13 5 4 1 0 4 2 3 0 0 3 7 2 3 1 3 2 3 2 1 1 1 949 1 3 3
2 8 4 4 0 9 7 3 0 13 7 3 0 0 3 1 5 2 1 3 1 2 1 3 1 989 2 2 1
10 6 6 3 13 7 4 1 5 5 1 3 0 1 2 0 3 2 2 2 1 1 1 1029 0 3 0
10 9 7 4 13 6 1 0 4 0 3 2 3 0 0 0 1 1 1 2 1 1069 1 0 0
10 9 8 1 13 7 3 1 4 4 2 0 3 3 0 1 9 3 2 2 3 2 1 1 3 3 1 2 1 1109 2 3 4
3 0 0 3 10 10 10 3 13 4 7 3 4 1 2 4 7 1 1 2 2 3 2 1 1 3 1 1149 3 3 1
11 10 5 2 13 7 4 4 7 6 1 2 3 4 3 0 3 1 1 2 1 3 1 1189 2 1 0
13 2 0 1 12 4 6 3 9 5 5 0 10 7 4 3 4 2 1 2 1 1 3 1 1229 2 2 0
0 3 6 1 0 0 0 5 1 1 2 13 4 2 8 2 11 2 2 3 3 1 1 3 1 1 2 3 1 2 1 726 4 3 4
0 13 3 1 0 6 4 2 1 10 6 4 3 10 2 4 11 2 1 3 3 3 1 3 2 1 2 1 1 2 1 766 4 3 4
3 10 13 3 3 11 8 6 4 4 5 0 0 2 1 2 8 2 1 1 3 2 1 2 1 1 3 1 806 4 3 1
3 3 2 13 1 7 6 6 0 2 4 1 3 0 0 0 1 1 1 2 1 927 1 0 0
3 1 13 10 3 4 4 8 0 3 6 7 0 0 2 4 11 2 1 3 1 2 3 2 3 3 1 2 1 1 1 967 3 4 4
0 0 13 1 4 7 10 2 1 2 5 10 3 3 4 3 9 1 3 2 2 1 3 3 3 2 1 1 1 1007 2 3 4
2 1 0 0 2 4 1 2 0 2 4 3 13 7 8 11 5 3 1 2 1 1 1 3 1 1047 3 1 1
1 2 0 0 4 3 3 3 6 4 3 0 13 10 11 3 2 1 3 1 2 1 1087 1 0 1
3 1 2 3 0 0 6 4 4 8 7 5 13 10 11 9 1 1 1 2 1 1127 1 0 0
3 3 0 3 6 7 0 2 13 6 5 0 1 12 5 3 10 3 2 2 1 1 3 2 1 3 2 1 1 1 1167 3 4 3
0 4 2 0 3 8 4 3 13 9 5 0 1 3 12 4 8 1 2 1 3 1 3 2 3 1 2 1 1207 3 2 3
13 4 5 3 2 4 9 3 2 3 0 0 0 1 0 0 2 1 1 1 2 1 861 2 0 0
9 6 0 0 13 7 5 3 7 3 4 1 4 2 3 3 0 1 3 1 901 0 0 0
8 10 7 4 3 9 3 3 13 4 2 3 2 1 0 0 0 1 1 1 941 0 0 0
2 13 6 1 11 5 0 3 5 2 2 0 1 0 0 1 8 3 3 1 2 2 2 3 1 1 1 1 981 2 3 3
11 0 1 3 13 6 3 4 6 7 1 2 5 5 4 3 5 2 1 2 1 3 1 2 1 1021 2 2 1
3 3 0 1 3 4 6 2 3 10 6 0 13 11 3 1 3 2 3 3 1 3 1 1061 0 1 2
1 0 2 2 3 5 2 0 13 8 5 1 11 10 6 5 0 1 1 1 1101 0 0 0
2 5 2 0 6 11 2 0 13 1 0 0 11 1 4 2 9 3 3 3 1 1 3 2 1 1 1 2 1 1141 4 1 4
3 13 2 2 7 1 1 0 5 0 0 0 2 0 1 0 2 2 3 1 1 1 898 0 1 1
3 4 0 3 3 1 7 8 2 2 6 13 4 3 1 0 11 3 3 1 3 2 2 2 3 2 1 1 1 1 1 938 3 4 4
4 2 3 7 3 0 5 8 3 6 7 9 1 3 6 13 10 1 3 2 3 1 3 2 1 2 1 1 2 1 978 4 3 3
3 1 1 0 0 1 11 2 4 6 8 3 4 13 9 5 8 3 1 2 2 1 3 3 2 1 2 1 1018 2 3 3
0 0 6 2 3 1 4 5 4 11 3 3 3 11 13 2 6 1 2 1 3 2 1 1 3 1 1058 3 2 1
2 2 0 4 0 3 2 8 3 4 6 13 3 1 12 9 4 1 3 1 1 1 2 1 1098 3 0 1
3 4 4 5 3 5 6 8 5 2 7 13 1 2 12 9 0 1 1 1 1138 0 0 0
4 5 13 10 0 3 4 9 0 0 12 4 0 3 0 3 10 2 3 1 1 1 3 2 2 1 2 1 3 1 1178 4 4 2
4 3 4 3 2 13 3 0 8 6 7 2 1 2 3 1 3 1 3 3 1 3 1 774 1 0 2
2 3 3 0 9 5 1 2 13 7 4 4 4 3 0 1 0 1 3 1 814 0 0 0
0 4 1 0 3 3 0 1 13 11 7 2 3 8 4 0 10 3 2 1 3 2 2 2 3 1 1 1 3 1 854 3 4 3
4 3 2 2 6 4 3 3 13 11 10 0 0 3 2 1 7 1 3 3 1 3 1 2 1 3 1 894 3 1 3
13 10 8 5 6 5 11 3 0 2 4 3 0 0 3 2 5 1 2 1 3 1 1 3 1 934 3 1 1
1 4 2 1 2 9 10 2 11 9 6 0 13 1 3 4 2 3 1 1 2 1 974 1 0 1
6 0 1 0 4 4 0 3 12 8 4 2 13 3 1 2 11 2 2 1 2 1 3 3 1 2 1 3 1 3 1 1014 4 4 3
12 0 0 2 5 5 0 3 9 8 3 0 13 5 3 0 9 2 3 3 3 1 2 1 1 2 1 1 1 1054 3 3 3
2 4 0 1 5 3 3 4 2 4 13 3 3 1 2 3 2 3 1 1 3 1 782 1 0 1
3 0 5 0 0 4 4 3 2 3 7 7 0 1 3 13 10 1 2 1 2 3 1 1 2 3 2 1 3 1 822 4 4 2
0 3 6 3 1 3 4 5 2 4 8 9 0 2 13 3 8 3 3 3 2 1 2 3 1 1 1 1 862 2 2 4
0 0 1 2 1 2 3 3 4 5 8 1 5 11 13 3 6 1 1 3 2 3 2 1 2 1 902 2 2 2
4 2 2 4 3 6 6 8 3 10 8 13 2 0 3 11 4 1 3 1 1 1 3 1 942 3 0 1
3 3 2 1 4 6 7 8 2 10 9 13 1 6 11 3 4 2 1 1 3 1 2 1 982 2 1 1
1 7 13 0 6 9 12 2 4 3 3 0 3 3 3 1 1 3 1 2 1 1022 0 0 1
10 13 12 4 1 5 7 4 0 0 2 1 0 0 2 1 10 3 2 1 2 3 1 1 2 2 3 1 3 1 1062 3 4 3
1 3 4 0 1 8 2 2 3 4 5 2 1 3 3 13 1 1 1 2 1 805 1 0 0
5 8 7 3 5 5 6 13 2 8 5 3 2 1 0 0 0 1 1 1 845 0 0 0
3 10 0 3 4 6 8 13 4 5 7 3 1 2 3 1 9 1 2 3 1 2 1 3 2 3 1 2 1 885 3 3 3
10 9 6 3 4 6 5 13 3 3 4 5 0 0 2 2 5 2 1 3 1 1 1 3 1 925 3 1 1
10 9 7 6 5 7 6 3 3 6 13 3 2 4 4 3 4 1 3 1 3 1 2 1 965 2 0 2
3 6 11 9 3 5 7 13 0 4 4 3 2 2 0 0 3 1 1 2 1 1 1 1005 2 1 0
0 11 10 9 9 7 1 1 3 6 13 3 0 1 3 2 1 2 1 2 1 1045 0 1 0
0 13 3 2 3 7 6 3 1 4 3 7 3 3 3 4 11 3 1 2 3 2 3 3 1 1 1 2 1 2 1 951 4 3 4
0 0 0 3 0 2 13 4 3 1 4 4 3 6 9 1 8 2 1 3 2 1 2 2 1 1 3 1 991 3 4 1
13 4 1 5 4 7 9 3 3 9 0 0 0 10 1 0 7 2 2 1 1 2 3 3 1 2 1 1031 2 3 2
13 8 5 4 5 6 11 3 3 3 1 0 3 2 0 0 4 2 1 2 1 1 3 1 1071 2 2 0
2 2 0 1 9 4 2 3 13 7 4 0 3 11 5 5 2 1 3 1 1 1 1111 1 0 1
1 5 1 0 9 7 4 2 13 8 4 1 3 11 5 2 0 1 2 1 1151 0 0 0
8 11 6 6 2 10 13 5 1 0 1 2 0 3 0 0 0 1 3 1 1191 0 0 0
2 3 9 11 10 6 4 4 0 13 4 3 0 3 3 0 8 1 2 1 1 1 3 2 3 1 2 1 1231 4 2 2
13 4 3 1 4 4 1 0 3 8 2 0 6 2 0 0 11 1 3 2 2 3 3 2 2 3 1 1 1 1 1 976 3 4 4
0 0 3 0 0 4 1 2 4 5 3 0 6 9 13 3 8 3 3 3 1 2 1 1 2 1 2 1 1016 3 2 3
0 1 0 3 3 6 6 2 3 8 6 10 3 9 13 0 6 3 2 1 2 3 3 1 1 1 1056 1 2 3
4 7 1 3 4 4 9 11 3 0 3 13 1 0 2 0 4 3 1 3 2 1 2 1 1096 1 1 2
1 0 1 7 1 6 5 4 0 7 8 9 2 4 13 12 4 3 3 2 2 1 3 1 1136 0 2 2
3 3 2 2 0 6 13 4 1 3 5 4 0 7 3 0 0 1 1 1 867 0 0 0
5 7 8 3 4 5 13 2 4 0 2 3 1 1 0 0 8 2 1 1 2 3 3 1 3 1 2 1 907 3 2 3
2 6 13 10 0 1 6 5 3 0 4 4 0 0 1 3 6 2 2 1 2 3 1 1 3 1 947 2 3 1
5 7 13 10 4 5 7 6 3 5 3 2 0 0 2 0 3 3 3 1 1 1 1 987 1 0 2
0 0 5 3 11 10 7 2 13 6 3 1 3 2 2 3 3 3 1 1 3 8 0.18181818181818185 9 0.27272727272727276 10 0.54545454545454553 1027 2 0 1
12 8 8 3 0 6 5 2 8 13 2 2 0 2 1 4 5 3 3 1 3 1 1 1 1 1067 2 0 3
12 10 3 3 13 6 1 2 1 5 5 4 3 2 1 2 4 2 1 2 1 3 7 0.2857142857142857 8 0.2857142857142857 9 0.42857142857142855 1107 2 2 0
3 13 9 10 1 2 12 11 2 5 5 8 3 3 4 4 2 1 2 1 1 1 1147 1 1 0
3 6 1 13 1 3 4 3 0 2 5 3 0 3 2 1 3 1 2 3 1 2 1 860 1 1 1
2 7 13 0 1 6 8 3 0 0 6 0 3 3 4 0 2 2 3 1 1 1 900 0 1 1
3 0 3 13 0 3 7 9 0 3 4 6 0 3 3 3 11 3 1 3 2 1 2 3 1 2 1 2 3 4 0.54545454545454553 5 0.27272727272727276 6 0.18181818181818185 940 4 4 3
1 3 1 13 2 3 6 9 3 4 7 8 8 7 9 4 11 2 3 3 1 2 1 2 2 3 3 1 3 8 0.18181818181818185 9 0.27272727272727276 10 0.54545454545454553 980 3 4 4
3 0 3 2 1 2 9 13 1 3 8 11 4 3 3 3 8 3 3 1 3 2 2 1 2 1 1 1 1020 2 3 3
5 5 13 0 4 10 11 0 4 6 1 2 0 3 3 0 7 1 3 1 3 2 1 2 1 2 1 1060 3 2 2
3 10 5 3 13 11 4 5 8 1 1 3 6 3 2 1 4 3 3 2 2 1 3 1 1100 0 2 2
3 2 0 12 0 4 13 7 0 1 4 2 1 1 3 1 3 2 3 3 1 2 1 1140 0 1 2
2 4 13 0 4 3 6 3 1 3 3 3 3 8 3 0 2 2 1 1 3 1 723 1 1 0
3 4 9 13 3 6 5 2 1 2 3 4 0 3 0 1 11 1 1 3 2 2 2 2 3 1 3 1 1 3 1 763 4 4 3
2 3 1 0 6 9 13 9 1 8 8 3 1 3 3 3 9 1 2 3 3 3 1 2 3 2 1 2 1 803 2 3 4
0 4 10 13 0 0 8 9 1 0 5 7 0 1 5 4 7 3 2 2 1 1 2 2 1 3 1 843 2 4 1
2 9 13 1 0 3 11 3 3 2 6 6 0 2 3 1 4 2 1 3 3 1 1 1 883 1 1 2
1 8 9 0 6 7 13 11 4 2 1 3 3 3 3 3 1 3 1 2 1 923 0 0 1
4 5 10 11 0 5 6 13 3 0 4 5 1 0 0 4 9 3 2 1 1 3 3 1 2 2 1 2 1 963 3 3 3
0 4 10 11 2 5 8 13 1 4 6 8 3 4 7 3 7 1 2 1 2 1 2 3 1 3 1 1003 3 3 1
0 3 5 4 0 0 2 13 2 0 3 7 0 0 3 6 2 3 1 1 1 1 856 1 0 1
0 2 4 1 3 4 5 0 5 4 6 13 2 6 9 1 1 1 1 2 1 896 1 0 0
2 1 3 4 2 4 4 3 1 6 8 13 3 7 9 3 11 1 3 2 1 2 3 3 2 1 3 1 1 2 1 936 4 3 4
2 11 4 3 4 4 5 13 0 6 6 3 0 0 0 2 9 2 1 3 3 1 1 2 3 1 1 3 1 976 4 2 3
3 0 0 1 0 2 11 13 2 1 8 6 1 5 6 2 5 2 2 3 3 1 1 1 1 1016 1 2 2
10 11 1 3 8 9 13 3 6 4 3 0 4 2 5 3 4 1 2 3 2 1 1 1 1056 1 2 1
0 1 0 2 0 0 1 13 2 0 5 5 0 0 4 4 11 2 2 3 2 3 3 1 1 1 1 3 1 2 1 930 4 3 4
4 10 5 0 7 7 4 0 3 13 3 0 0 0 2 2 9 1 3 1 1 2 3 1 2 3 1 3 1 970 4 2 3
1 10 9 2 3 8 7 5 13 5 6 1 3 3 4 1 7 3 3 2 1 2 2 2 1 1 1 1010 1 4 2
0 0 0 1 3 3 3 3 2 7 6 13 3 5 5 11 6 3 2 2 1 3 1 3 5 0.42857142857142855 6 0.2857142857142857 7 0.2857142857142857 1050 2 2 2
9 5 4 3 0 13 12 3 0 0 4 4 2 2 0 3 5 1 1 3 3 1 1 2 1 1090 3 0 2
10 9 3 0 13 12 3 2 5 6 4 0 5 3 2 2 4 1 1 3 3 1 1 1 1130 2 0 2
13 10 9 10 3 12 8 4 6 10 4 2 0 4 0 3 2 2 1 1 1 1 1170 1 1 0
13 3 1 2 8 5 1 1 3 2 6 0 0 3 2 1 10 2 3 2 3 1 1 2 2 3 3 1 1 1 882 2 4 4
0 0 9 3 2 1 13 10 4 3 3 5 3 1 1 2 7 1 2 2 3 3 2 1 1 3 1 922 2 3 2
1 0 0 1 3 2 3 10 4 7 8 9 1 13 6 2 5 1 1 3 2 2 1 2 1 962 2 2 1
3 0 3 1 0 2 5 4 0 3 4 7 2 5 11 13 2 1 2 1 1 1 1002 1 1 0
3 3 0 1 1 6 8 2 0 6 7 13 2 8 11 10 2 3 1 1 2 1 1042 1 0 1
0 6 3 0 3 8 3 0 1 7 11 13 4 9 11 2 11 1 1 3 3 2 1 3 2 3 1 2 1 2 1 1082 4 3 4
3 0 0 0 4 3 3 4 1 4 3 0 13 5 9 0 1 3 1 2 1 804 0 0 1
2 0 0 1 0 5 2 1 5 7 7 9 2 3 13 3 10 3 1 1 3 3 2 3 1 2 1 1 2 1 844 4 2 4
0 0 1 2 2 1 3 3 3 10 2 1 4 13 4 1 7 2 2 3 1 3 2 3 1 1 1 884 1 3 3
0 1 3 0 3 6 1 1 7 6 4 3 13 10 5 4 4 3 2 2 3 1 2 1 924 0 2 2
4 5 4 3 0 7 7 3 0 8 10 0 0 13 1 2 1 1 1 2 1 964 1 0 0
0 4 0 3 4 13 6 2 0 7 6 3 4 9 10 1 0 1 3 1 1004 0 0 0
0 0 0 2 1 0 3 3 13 9 4 3 2 9 10 4 10 2 2 1 2 3 1 3 3 3 1 1 1 1 1044 3 3 4
0 2 7 0 3 4 6 0 3 13 5 1 3 9 11 2 7 2 3 1 1 3 1 3 1 2 1 1084 3 1 3
3 9 3 4 2 6 2 4 3 1 13 0 1 0 0 1 7 2 2 1 1 1 3 2 1 2 1 845 3 3 1
3 0 6 0 0 10 5 4 1 4 7 4 2 13 8 2 7 2 3 1 1 3 2 3 1 1 1 885 2 2 3
4 9 9 11 4 10 8 3 3 13 3 0 0 4 0 3 9 2 1 3 1 1 2 1 2 3 1 2 1 925 4 3 2
3 3 0 0 2 6 2 3 0 7 6 6 1 8 12 13 7 2 1 3 1 3 3 2 1 1 1 965 2 2 3
0 3 1 2 7 1 3 0 7 7 4 3 2 9 12 13 4 1 3 2 2 1 1 1 1005 1 2 1
2 3 3 3 0 4 4 5 0 5 13 12 3 2 1 10 0 1 1 1 1045 0 0 0
0 0 1 1 4 3 1 2 2 5 9 0 3 13 10 12 11 2 2 3 2 1 1 3 2 3 1 3 3 4 0.54545454545454553 5 0.27272727272727276 6 0.18181818181818185 1085 3 4 4
7 0 2 2 5 6 9 11 1 5 8 12 4 13 3 4 10 3 3 1 3 1 2 1 1 2 2 1 3 1 1125 4 3 3
2 13 3 3 3 6 4 4 1 3 5 6 0 0 3 3 1 3 3 8 0.18181818181818185 9 0.27272727272727276 10 0.54545454545454553 864 0 0 1
2 4 7 3 0 0 4 10 1 3 2 8 2 1 0 13 10 3 2 1 1 3 1 2 1 2 3 1 3 1 904 4 3 3
1 2 6 1 0 5 6 8 2 6 9 10 0 4 13 3 9 3 1 1 1 3 3 2 2 2 1 3 1 944 3 3 3
6 1 11 0 0 2 13 3 6 3 7 2 0 2 3 1 8 3 2 1 1 2 3 1 3 1 3 1 984 3 2 3
4 11 9 13 0 4 5 6 0 3 3 4 3 1 2 3 6 1 2 1 3 3 2 1 3 1 1024 2 2 2
2 0 11 0 0 3 10 1 1 0 13 3 5 5 5 3 3 2 3 3 1 3 1 1064 0 1 2
1 1 13 11 0 5 8 10 7 4 4 9 0 0 3 5 2 2 3 1 2 1 1104 0 1 1
4 7 13 12 0 1 5 1 2 3 2 8 0 0 3 3 0 1 3 1 1144 0 0 0
3 0 0 1 1 5 1 0 4 4 0 0 13 4 2 0 3 2 3 3 1 2 1 785 0 1 2
2 0 0 0 4 4 2 0 9 13 3 4 11 5 3 1 3 3 2 1 1 1 1 825 1 1 1
11 6 5 4 9 8 4 3 4 13 1 1 4 0 3 2 0 1 2 1 865 0 0 0
2 4 2 4 4 6 5 5 1 5 10 11 1 0 13 6 11 1 2 1 3 3 2 3 2 1 1 3 1 2 1 905 4 3 4
5 6 3 3 2 3 4 9 1 13 10 11 3 1 5 6 9 2 1 3 2 2 3 2 3 1 1 1 1 945 2 4 3
8 3 0 3 5 4 3 0 13 5 4 0 0 0 6 0 1 2 1 1 1 721 0 1 0
0 0 1 0 10 0 3 0 13 5 3 0 3 3 5 5 10 1 2 2 2 1 3 2 3 1 3 1 3 1 761 3 4 3
3 0 3 2 10 7 3 1 13 7 5 2 2 6 5 3 9 3 2 2 3 1 1 3 1 1 3 6 0.33333333333333331 7 0.33333333333333331 8 0.33333333333333331 801 4 2 3
1 9 5 2 10 8 4 4 13 6 2 3 3 0 0 2 6 2 1 3 1 1 2 1 1 1 841 3 2 1
3 3 2 1 11 5 3 2 13 6 5 0 3 6 0 0 3 1 3 2 1 1 1 881 1 1 1
3 1 1 4 1 6 6 3 11 8 2 3 2 13 0 7 0 1 2 1 921 0 0 0
1 0 0 2 7 7 2 1 11 9 3 3 3 13 2 3 10 1 3 1 3 3 2 1 2 1 2 1 3 1 961 4 3 3
1 6 2 13 0 3 5 3 0 2 3 1 0 3 3 0 3 3 2 1 1 3 1 762 1 1 1
13 8 1 0 5 4 3 0 4 2 3 0 3 3 0 3 11 1 3 3 3 1 2 2 1 2 3 1 1 2 1 802 4 3 4
0 1 13 8 1 2 4 7 3 1 4 9 0 4 2 10 0 1 2 1 842 0 0 0
3 5 13 11 3 4 6 0 3 3 3 3 1 0 0 0 8 2 2 2 1 3 1 1 2 1 3 1 882 3 4 1
4 8 13 11 0 4 5 3 4 2 3 2 3 3 2 3 5 3 1 1 2 1 1 1 1 922 3 1 1
1 0 2 3 1 13 8 8 0 3 7 11 1 4 4 4 2 2 2 1 3 1 962 0 2 0
3 6 13 4 3 11 8 9 0 1 3 7 2 3 5 3 11 1 2 2 3 1 1 2 3 3 2 1 1 3 1 1002 4 4 3
3 3 5 2 4 3 5 2 13 7 9 0 1 12 0 0 10 3 3 3 1 1 2 1 3 2 2 1 1 1 1042 3 3 4
1 1 2 0 3 0 4 0 4 4 6 2 2 13 3 1 6 1 3 2 3 1 2 1 3 1 811 2 2 2
1 0 0 2 3 1 0 0 6 5 1 3 13 8 5 3 3 2 3 2 1 3 1 851 0 2 1
0 0 3 3 0 3 4 4 2 7 6 4 13 8 7 4 1 1 3 4 0.54545454545454553 5 0.27272727272727276 6 0.18181818181818185 891 1 0 0
1 0 0 0 3 2 5 7 1 4 8 0 13 11 6 5 1 3 1 2 1 931 0 0 1
0 3 0 1 3 9 3 0 13 7 4 2 11 8 6 4 11 3 3 2 2 3 1 1 2 2 1 1 1 3 1 971 4 4 3
5 3 3 4 6 4 3 0 13 5 4 3 11 10 9 3 9 1 2 1 1 3 2 3 3 3 1 2 1 1011 3 2 4
1 4 6 2 3 3 4 5 2 13 12 3 0 0 3 2 7 1 1 1 2 1 2 3 3 6 0.33333333333333331 7 0.33333333333333331 8 0.33333333333333331 1051 4 2 1
3 3 1 2 5 6 8 2 4 8 13 12 3 7 4 2 5 3 1 3 3 1 1 3 1 1091 2 0 3
0 4 3 13 2 3 5 3 1 1 7 3 0 2 0 1 1 3 1 2 1 916 0 0 1
0 2 0 0 13 2 1 0 5 4 3 3 9 7 1 0 11 3 3 1 1 2 1 2 3 3 1 2 1 2 1 956 4 3 4
9 13 3 4 3 8 6 3 0 3 5 3 0 0 1 2 7 1 2 3 1 3 3 2 1 3 1 996 2 2 3
10 8 13 2 1 5 7 1 3 5 2 0 1 1 3 2 5 3 3 1 3 2 1 2 1 1036 1 1 3
5 4 4 2 1 7 11 13 2 10 2 0 3 5 0 0 4 1 2 1 1 1 3 1 1076 3 1 0
1 3 2 3 2 4 13 0 8 7 11 3 1 10 5 4 1 2 1 1 1 1116 0 1 0
3 1 2 2 3 6 7 6 6 5 3 1 0 1 13 8 5 3 3 3 2 2 1 1 1 958 0 2 3
3 9 3 0 10 8 0 1 4 3 13 4 2 2 3 4 2 3 1 1 3 1 998 1 0 1
6 4 3 1 10 8 3 2 9 7 13 5 5 6 3 0 11 2 3 3 1 3 2 3 1 1 2 2 1 1 1 1038 3 4 4
0 3 13 1 0 6 2 3 3 7 3 5 0 5 1 0 9 2 1 2 2 3 1 2 1 3 1 3 1 733 3 4 2
8 9 0 2 13 7 2 3 6 1 4 0 3 1 0 2 7 1 3 3 1 1 2 3 1 2 1 773 3 1 3
4 5 5 1 10 7 0 4 13 3 0 1 3 0 0 2 6 1 2 3 3 2 1 1 2 1 813 2 2 2
1 2 10 3 3 8 5 3 13 7 5 2 0 5 0 2 3 3 3 1 1 1 1 853 1 0 2
0 2 0 3 1 0 4 5 13 9 3 1 1 9 11 3 4 3 2 2 2 1 1 1 893 0 3 1
4 3 2 0 5 7 3 0 3 7 4 1 13 12 2 0 2 2 1 1 1 1 933 1 1 0
5 4 4 3 6 5 3 1 8 7 3 0 13 12 2 0 11 1 3 2 1 1 3 2 3 1 2 2 1 3 1 973 4 4 3
3 13 6 3 9 7 4 3 8 4 3 0 12 1 1 2 8 3 3 3 2 1 1 3 2 1 2 1 1013 2 2 4
1 0 9 0 13 3 6 3 8 2 3 4 5 1 1 0 7 2 1 1 3 2 2 3 1 2 1 929 2 3 2
3 10 7 3 13 6 5 5 7 5 2 1 1 4 3 3 6 2 3 2 2 3 1 1 1 1 969 1 3 2
0 2 0 2 3 5 1 0 13 10 5 3 10 6 1 2 3 3 1 3 1 3 1 1009 1 0 2
1 0 2 0 4 4 4 3 4 5 6 4 13 11 7 6 11 2 1 1 3 3 1 2 3 2 2 3 1 1 1 1049 3 4 4
2 3 6 0 0 8 5 4 3 3 10 8 13 11 8 1 11 2 1 3 2 3 3 1 2 1 3 1 1 2 1 1089 4 3 4
4 3 3 3 1 4 11 2 4 11 3 4 13 1 0 0 7 1 2 2 2 1 3 1 1 2 1 1129 3 3 1
4 5 12 13 0 4 6 7 0 0 4 5 2 1 2 2 3 1 2 1 1 1 1 1169 2 1 0
3 12 13 10 4 7 8 9 1 5 6 2 2 4 4 3 3 1 3 1 1 2 1 1209 2 0 1
1 8 1 3 13 3 2 1 3 6 0 0 2 3 0 0 10 2 1 2 1 3 3 2 1 3 2 1 3 1 892 3 4 3
3 3 9 9 0 4 4 13 0 2 0 4 3 2 0 0 8 3 3 1 1 2 1 3 2 1 1 1 932 3 2 3
2 7 10 10 3 5 13 0 2 4 6 0 2 3 4 2 5 3 1 3 1 1 1 1 1 972 3 0 2
6 9 13 2 3 5 4 11 0 2 4 0 1 0 3 2 5 1 1 3 2 1 1 3 1 1012 3 1 1
13 10 2 0 9 11 0 1 8 5 4 1 5 4 4 4 3 3 2 2 1 1 1 1052 0 2 1
5 3 13 1 3 10 10 3 3 2 11 2 1 0 4 3 0 1 3 1 1092 0 0 0
1 13 3 1 9 3 1 3 3 12 2 0 3 2 0 0 9 2 3 3 1 2 2 1 3 2 1 1 1 1132 2 4 3
0 0 1 0 13 6 3 2 12 10 5 1 1 2 3 3 8 3 3 2 1 2 3 1 3 1 2 1 1172 2 2 4
9 13 5 2 2 4 4 5 4 0 3 3 1 3 1 0 7 1 1 1 3 2 2 2 1 3 1 960 3 3 1
1 4 4 2 13 8 2 3 9 5 0 2 2 3 1 0 3 3 1 1 1 3 1 1000 2 0 1
1 10 13 6 2 4 4 0 3 5 6 0 2 5 4 3 2 1 3 1 3 1 1040 1 0 1
1 2 4 2 0 1 4 1 13 6 5 3 10 8 6 3 10 1 3 2 1 2 3 3 2 1 2 1 3 1 1080 3 4 3
1 0 0 3 3 5 3 0 13 5 4 2 10 9 7 3 7 3 1 2 3 1 2 1 1 2 1 1120 3 2 2
1 3 2 1 4 4 4 0 13 7 6 3 10 9 7 6 3 2 2 3 1 1 1 1160 0 2 1
4 0 0 2 3 1 7 0 3 13 1 0 3 11 4 1 3 2 3 3 1 2 1 1200 0 1 2
2 3 0 0 3 5 1 1 3 4 2 3 13 5 4 0 11 2 3 1 3 2 1 1 1 3 2 3 1 2 1 684 4 3 4
3 5 9 4 0 3 13 4 0 0 3 2 0 0 1 0 8 2 1 2 1 1 3 2 3 1 3 1 724 3 3 2
3 9 13 10 0 2 1 8 0 0 4 2 0 1 0 3 5 3 2 2 3 1 1 1 1 764 1 2 2
3 4 13 0 0 7 11 0 4 6 6 0 2 4 1 10 5 2 3 3 1 2 1 1 1 804 1 2 2
4 3 1 2 2 4 13 11 5 4 9 10 0 3 1 0 3 1 1 2 1 2 1 844 2 1 0
0 3 3 13 0 2 7 12 2 4 6 5 0 1 4 5 0 1 1 1 884 0 0 0
0 3 4 13 4 1 6 8 2 1 12 9 2 1 2 7 11 3 1 3 3 1 2 2 3 2 1 1 1 2 1 924 4 3 4
3 2 1 13 1 7 12 2 0 6 8 9 0 2 3 10 10 3 2 1 1 3 3 2 3 1 2 1 1 1 964 3 3 4
3 3 7 3 13 6 3 0 3 4 3 3 0 2 0 1 2 3 2 1 1 1 912 0 1 1
3 1 3 1 5 4 8 9 6 7 2 4 13 10 0 1 3 2 3 2 3 8 0.18181818181818185 9 0.27272727272727276 10 0.54545454545454553 952 0 2 1
2 3 2 1 1 13 6 7 1 11 4 10 3 0 2 4 0 1 3 1 992 0 0 0
0 3 4 5 1 3 6 8 0 13 11 10 0 3 4 6 8 1 3 2 2 2 3 1 3 1 3 1 1032 2 3 3
1 2 3 5 6 13 4 8 4 3 9 10 0 1 4 11 5 3 3 1 2 2 1 3 1 1072 1 2 2
2 4 4 1 8 6 5 1 13 3 5 0 0 3 0 0 9 1 2 1 3 3 2 1 2 2 1 3 1 841 3 4 2
1 0 3 3 0 2 0 3 0 1 5 6 3 2 13 9 5 1 2 1 3 3 1 2 1 881 2 1 2
1 3 0 0 2 4 2 3 3 3 11 4 1 13 5 1 4 2 2 1 3 1 3 1 921 1 2 1
5 6 3 0 4 6 7 1 3 11 13 0 1 2 0 3 1 2 1 3 1 961 0 1 0
7 10 11 13 3 3 3 0 3 0 0 3 1 0 0 0 0 1 2 1 1001 0 0 0
0 10 11 3 1 8 13 0 0 4 6 4 3 3 2 1 8 1 2 2 3 3 1 2 2 1 1 1 1041 2 4 2
0 2 10 11 1 1 8 3 2 4 8 13 1 3 4 3 4 3 3 3 3 1 2 1 1081 0 0 4
3 12 0 2 8 3 13 1 4 7 6 6 1 2 2 2 3 1 3 1 1 3 1 1121 2 0 1
0 3 0 0 5 3 0 1 1 4 3 3 13 3 3 2 5 3 3 2 1 2 1 3 1 797 1 2 2
1 3 0 0 1 2 1 3 0 4 7 7 2 3 3 13 1 2 1 3 1 837 0 1 0
0 6 7 3 0 1 5 5 2 1 1 10 0 3 13 11 2 3 2 1 2 1 877 0 1 1
3 3 0 2 4 3 4 3 1 4 8 12 4 13 7 3 11 2 2 3 1 1 1 2 2 3 3 3 1 1 1 917 3 4 4
6 3 2 3 13 4 2 12 3 4 6 0 10 0 9 0 8 1 1 3 2 2 3 1 3 1 1 1 957 3 2 3
0 2 2 0 3 2 5 4 6 13 3 3 3 7 6 1 8 3 1 3 1 3 1 2 1 1 2 1 753 4 1 3
3 3 0 0 2 4 6 13 2 3 6 9 1 4 1 2 6 3 1 1 2 1 3 1 2 1 793 3 1 2
3 2 0 0 1 4 3 13 1 3 6 10 4 3 3 3 3 3 2 2 1 1 1 833 0 2 1
2 4 1 13 0 2 5 5 1 3 8 0 3 0 10 0 11 2 3 1 2 2 1 3 3 2 1 3 1 1 1 873 3 4 4
0 3 4 13 2 4 7 7 1 0 4 8 2 0 0 10 7 3 1 3 3 1 2 1 1 2 1 913 3 1 3
3 4 4 4 2 0 6 13 0 3 8 11 0 2 0 3 5 3 1 2 1 1 1 3 1 953 3 1 1
5 1 13 5 3 12 1 2 1 3 8 3 2 0 0 0 5 3 3 1 2 3 1 2 1 993 1 1 3
0 0 1 2 1 3 2 3 2 6 4 13 1 8 8 12 3 3 3 1 1 2 1 1033 1 0 2
0 1 0 8 2 3 4 3 2 3 4 13 1 1 4 3 7 2 3 2 3 1 2 1 1 3 1 844 2 3 2
2 0 1 3 3 6 8 3 0 6 7 4 0 3 13 9 4 2 1 2 1 1 3 1 884 2 2 0
4 7 10 3 3 4 5 13 0 3 4 4 0 3 3 2 0 1 1 1 924 0 0 0
2 10 13 2 8 7 6 6 1 4 3 3 0 0 1 1 10 3 3 1 3 2 2 2 3 1 2 1 1 1 964 2 4 4
13 3 2 1 3 11 9 3 5 2 6 7 3 1 4 5 8 1 2 2 3 1 3 2 3 1 1 1 1004 2 3 3
1 2 1 6 11 13 6 3 8 10 4 4 9 4 6 2 6 1 3 2 2 1 3 1 3 1 1044 2 2 2
0 4 6 13 0 0 4 6 2 3 3 3 0 1 0 0 11 1 3 1 2 2 1 1 2 3 3 3 1 2 1 721 4 3 4
3 13 1 1 7 4 0 0 8 3 4 2 10 3 0 2 9 3 2 3 2 1 1 3 2 3 1 1 1 761 2 3 4
13 3 4 1 10 6 2 3 11 2 3 3 1 4 1 2 7 1 2 1 3 3 2 1 1 2 1 801 3 2 2
0 1 2 12 2 2 4 13 0 2 8 5 1 0 0 5 5 1 3 3 3 1 1 3 1 841 2 0 3
0 5 5 12 0 1 7 8 0 5 6 13 3 3 3 5 2 2 3 1 3 1 881 0 1 1
0 4 4 12 2 5 6 8 2 5 7 9 0 1 13 1 11 3 1 1 2 2 1 1 3 2 3 3 1 2 1 921 4 3 4
0 2 7 12 0 1 13 10 3 2 6 3 2 0 5 5 8 3 2 1 1 3 1 2 1 1 3 1 961 4 2 2
1 8 12 10 2 1 7 13 0 3 5 6 2 0 4 2 5 3 3 1 1 3 1 2 1 1001 2 0 3
0 2 13 4 0 3 8 5 0 1 4 3 2 0 3 3 9 2 2 1 3 3 1 3 2 1 1 1 1 819 3 3 3
3 13 6 0 0 11 2 0 3 5 4 1 0 4 4 1 9 1 1 2 2 3 3 2 1 2 1 3 1 859 3 4 2
3 3 1 1 13 8 4 2 11 5 4 1 0 5 1 0 5 2 2 3 2 1 1 2 1 899 1 3 1
10 0 0 2 9 2 4 0 13 8 4 0 3 11 5 2 4 1 3 1 3 1 1 1 939 2 0 2
3 3 13 3 4 1 6 2 4 1 3 2 2 0 0 8 8 2 1 1 1 2 1 3 3 1 2 1 770 4 2 2
2 3 3 3 9 13 2 3 1 1 5 4 0 0 0 2 4 3 3 2 1 1 1 1 810 1 1 2
0 1 10 0 1 0 7 3 4 3 3 6 8 8 13 4 5 2 1 3 3 2 1 2 1 850 1 2 2
3 0 1 1 2 5 9 10 7 8 2 0 3 13 4 10 2 3 2 1 1 1 890 0 1 1
0 0 3 0 10 3 2 1 4 13 5 3 11 6 5 4 11 2 2 1 3 2 3 1 2 1 3 3 1 1 1 930 3 4 4
10 2 3 2 7 7 4 0 11 13 3 0 7 3 0 0 8 1 3 2 3 1 2 1 1 1 3 1 970 4 2 2
3 3 4 4 0 9 13 4 0 10 11 5 0 1 4 4 4 3 2 2 1 1 3 1 1010 1 2 1
2 4 9 13 3 10 11 5 3 2 8 9 0 2 1 4 2 1 3 1 1 1 1050 1 0 1
8 2 5 6 0 13 5 2 0 1 3 3 0 0 3 1 4 1 2 2 3 1 1 1 897 1 2 1
3 3 10 2 3 13 5 5 0 4 1 2 0 0 0 2 1 1 1 1 1 937 1 0 0
10 13 5 4 8 6 4 3 5 3 3 0 3 0 0 2 10 3 1 3 1 1 2 2 3 3 1 1 2 1 977 4 2 4
13 9 6 4 10 5 1 0 4 4 0 3 0 0 0 1 6 2 2 1 3 2 2 1 1 1 1017 1 4 1
13 9 7 5 10 7 6 3 3 5 3 0 3 0 2 3 3 2 1 1 1 3 1 1057 2 1 0
13 11 10 2 5 3 5 2 1 3 2 0 3 4 3 3 1 1 1 1 1 1097 1 0 0
11 10 8 10 13 7 6 5 1 3 6 3 2 4 1 2 11 1 1 3 2 1 3 2 3 1 3 2 1 2 1 1137 4 3 4
3 7 3 3 13 7 12 4 10 2 3 1 4 4 3 0 9 2 3 1 1 1 2 2 3 2 1 1 1 1177 3 4 2
1 4 13 1 2 4 7 0 1 7 3 4 1 5 0 0 6 2 2 2 2 3 1 1 3 1 947 1 4 1
4 13 1 3 9 7 1 0 7 8 3 2 3 0 8 0 4 2 1 3 2 1 3 1 987 1 2 1
2 4 5 4 1 4 13 1 4 10 8 9 1 5 3 2 3 2 3 2 1 1 1 1027 0 2 1
4 2 3 1 2 11 13 0 5 4 3 3 1 3 0 0 0 3 4 0.54545454545454553 5 0.27272727272727276 6 0.18181818181818185 1067 0 0 0
5 8 11 3 3 5 3 13 3 5 2 3 0 0 1 2 10 1 2 3 3 1 2 2 3 1 3 1 1 1 1107 3 3 4
2 8 11 3 1 7 5 13 4 4 7 8 4 2 1 2 8 1 1 3 3 1 2 2 3 1 3 1 1147 3 2 3
0 10 0 3 3 9 11 4 0 0 9 13 2 4 3 4 6 3 1 2 2 1 1 1 3 1 1187 3 2 1
0 4 0 9 4 13 7 2 2 12 6 5 3 3 1 0 3 3 1 1 1 2 1 1227 2 0 1
4 2 0 0 13 4 0 1 3 4 5 3 4 5 3 1 10 2 3 3 2 3 1 2 1 1 3 1 2 1 860 3 3 4
13 8 1 3 9 5 3 0 4 3 4 2 4 3 0 0 7 1 3 2 2 2 3 1 1 1 1 900 2 3 2
13 3 2 1 9 9 4 3 3 1 2 0 1 0 3 3 3 2 2 3 1 1 1 940 0 2 1
0 0 3 0 3 3 3 2 13 7 5 1 10 6 5 1 0 1 2 1 980 0 0 0
4 0 3 0 6 3 1 2 13 7 4 0 10 8 3 0 8 1 2 3 3 1 2 1 3 1 2 1 1020 3 2 3
4 0 2 1 8 4 4 0 13 6 5 2 11 5 3 3 6 2 3 1 1 3 2 1 1 1 1060 2 2 2
0 3 1 3 2 5 3 0 13 7 6 3 11 9 10 4 5 1 3 2 2 1 3 8 0.18181818181818185 9 0.27272727272727276 10 0.54545454545454553 1100 2 2 1
4 3 4 0 13 2 7 5 11 11 3 0 9 8 3 1 1 3 1 3 1 1140 0 0 1
0 1 0 4 2 0 1 13 1 7 8 2 4 6 5 2 0 1 3 1 955 0 0 0
0 13 7 5 0 7 3 3 3 3 4 3 0 1 2 0 2 3 1 1 2 1 949 1 0 1
13 9 6 0 7 5 3 1 4 2 4 0 0 3 1 2 1 3 1 3 1 989 0 0 1
13 9 8 5 3 8 1 0 3 4 3 2 4 3 3 1 10 2 1 2 2 3 2 3 1 3 3 1 1 1 1029 2 4 4
13 10 7 5 8 5 6 4 1 5 0 3 0 0 2 0 8 3 2 2 3 2 1 1 1 1 3 1 1069 3 3 2
2 10 2 0 13 9 1 3 6 7 5 3 1 4 0 3 5 2 2 3 1 1 3 4 0.54545454545454553 5 0.27272727272727276 6 0.18181818181818185 1109 2 2 1
0 0 0 1 2 2 1 3 4 4 5 7 13 11 7 5 4 1 2 2 1 1 3 1 1149 2 2 0
1 3 2 1 2 3 5 0 13 7 6 5 11 9 8 5 1 3 1 3 1 1189 0 0 1
3 3 3 3 1 4 3 2 13 8 5 3 11 10 8 2 0 1 1 1 1229 0 0 0
1 0 0 0 2 6 4 0 5 13 3 0 3 1 7 3 4 3 2 1 3 1 2 1 880 1 1 2
1 2 0 4 0 0 0 7 0 3 5 8 2 3 5 13 0 1 1 1 920 0 0 0
4 3 2 1 5 6 3 0 2 4 3 13 1 3 4 9 8 2 1 2 2 3 1 3 1 1 3 1 960 3 3 2
1 0 1 0 4 4 4 3 13 5 6 0 3 10 2 0 6 3 2 1 2 1 3 1 2 1 1000 2 2 2
3 1 2 1 3 7 6 3 3 9 6 3 13 10 2 4 7 2 3 1 2 1 1 2 1 3 1 1040 3 3 1
4 1 11 1 3 5 4 2 1 7 13 11 3 3 5 3 6 1 2 1 2 2 2 1 3 1 1080 2 4 0
0 4 4 5 2 13 7 12 3 2 8 1 3 0 3 0 2 2 1 1 1 1 1120 1 1 0
3 13 7 8 9 6 2 6 1 5 12 1 2 3 0 3 1 1 1 2 1 1160 1 0 0
7 1 2 0 2 4 5 0 1 13 4 3 4 3 4 3 10 3 2 1 2 1 2 1 1 3 2 1 3 1 785 4 4 2
3 4 2 4 3 7 8 13 3 8 7 4 0 0 1 3 8 2 2 3 1 1 2 2 1 1 1 1 825 3 4 1
0 0 0 2 1 2 3 5 4 6 7 13 2 8 11 4 6 1 1 2 1 3 3 1 3 1 865 3 1 2
0 3 1 3 3 4 4 5 0 3 7 13 3 2 9 11 2 3 1 1 2 1 905 1 0 1
0 2 0 3 1 2 7 6 0 1 6 13 2 4 12 9 2 3 1 1 3 1 945 1 0 1
4 3 4 1 7 5 5 4 0 6 8 13 2 6 12 9 11 2 2 1 2 3 1 3 2 3 1 3 1 1 1 985 3 4 4
5 5 8 0 1 8 7 3 12 13 0 3 11 2 3 0 11 3 1 1 2 1 3 2 3 1 3 2 1 2 1 1025 4 3 4
0 13 7 5 3 4 5 4 0 2 3 0 0 1 0 0 0 1 3 1 885 0 0 0
1 3 3 10 0 2 4 8 1 3 7 13 2 3 1 9 10 3 2 2 3 1 2 2 3 1 3 1 1 1 925 2 4 4
1 8 3 11 0 3 2 13 0 5 5 4 3 3 6 0 10 1 3 1 3 1 1 2 2 3 2 1 2 1 965 4 3 3
7 9 2 11 1 3 6 13 0 4 4 8 3 0 6 4 10 2 3 1 1 2 2 2 3 3 1 1 1 1 1005 3 4 3
0 1 0 3 1 6 10 11 3 6 7 13 3 2 1 4 7 3 2 1 2 3 2 2 1 1 1 1045 1 4 2
0 5 0 0 1 3 1 3 12 3 4 2 6 13 10 2 7 3 2 2 1 3 2 1 1 1 1 1085 2 3 2
12 4 4 4 8 10 1 4 4 1 9 0 2 0 13 2 4 3 3 3 2 1 1 1 1125 0 1 3
0 3 12 2 3 4 7 10 3 7 8 9 1 13 6 1 1 3 1 2 1 1165 0 0 1
0 7 3 1 3 3 4 4 1 5 5 13 8 0 0 0 5 3 2 2 1 2 1 3 1 958 1 3 1
0 3 1 2 11 6 2 3 13 7 3 4 1 0 3 3 4 1 2 2 3 1 1 1 998 1 2 1
3 8 1 0 11 7 2 0 13 4 3 3 4 3 3 3 0 1 3 1 1038 0 0 0
2 0 3 1 11 6 4 1 13 8 6 2 1 9 2 4 11 2 1 2 3 3 2 1 3 1 1 2 1 3 1 1078 4 4 3
2 2 6 3 11 10 4 1 13 4 5 2 0 0 3 3 9 2 3 3 1 3 2 3 1 1 1 1 1 1118 3 2 4
11 10 6 5 13 8 4 4 2 1 3 0 0 1 0 3 6 1 2 3 2 3 2 1 1 1 1158 1 3 2
2 1 1 10 13 10 4 10 2 11 4 3 0 4 4 4 4 1 3 2 2 1 1 1 1198 1 2 1
3 0 0 1 1 3 1 8 2 5 13 10 3 4 12 3 2 2 3 1 2 1 1238 0 1 1
4 2 8 13 1 3 2 1 1 6 3 2 0 3 0 3 7 2 1 3 1 2 3 1 1 2 1 826 3 2 2
8 0 13 0 3 9 6 3 3 4 4 3 0 3 3 2 5 1 2 3 1 1 1 2 1 866 3 1 1
3 0 0 0 3 13 3 0 9 5 3 3 10 4 4 2 3 2 1 1 1 3 1 906 2 1 0
4 13 3 0 9 8 1 2 10 5 4 3 5 0 1 0 0 1 2 1 946 0 0 0
3 1 3 2 3 4 5 0 4 13 4 0 11 10 4 0 11 1 3 2 2 1 2 1 1 3 3 2 1 3 1 986 4 4 3
0 1 11 2 0 8 10 5 3 2 5 13 1 0 0 3 8 2 1 3 3 2 1 3 1 1 2 1 1026 3 2 3
1 1 2 4 11 10 8 4 0 2 3 8 0 0 3 13 5 3 1 1 2 3 1 2 1 1066 2 1 2
4 0 1 3 0 3 6 7 3 5 10 9 3 11 6 13 4 2 3 3 3 3 8 0.18181818181818185 9 0.27272727272727276 10 0.54545454545454553 1106 0 1 3
3 0 2 1 1 6 2 0 7 3 4 0 13 4 2 0 5 3 1 2 1 1 1 2 1 847 3 1 1
3 2 1 2 9 6 4 1 0 13 3 4 0 3 1 0 3 2 2 1 1 3 1 887 1 2 0
3 3 0 0 10 8 3 1 13 4 3 1 4 3 0 2 1 3 1 2 1 927 0 0 1
10 8 5 0 13 7 5 2 6 4 1 1 0 3 1 0 9 3 1 3 3 1 2 2 2 2 1 3 1 967 2 4 3
3 11 3 1 13 9 6 3 3 3 6 6 0 1 0 3 6 3 3 2 1 2 3 1 2 1 1007 1 2 3
3 9 11 1 13 7 8 3 4 3 2 2 3 3 3 1 2 2 1 1 3 1 1047 1 1 0
7 2 0 0 13 3 3 0 6 5 0 3 5 10 11 1 11 1 2 3 3 3 2 2 2 1 3 1 1 1 1 1087 3 4 4
1 2 0 3 3 3 5 4 5 7 13 5 11 11 8 2 10 2 1 1 2 1 2 3 1 3 3 1 3 1 1127 4 3 3
0 3 5 0 13 8 8 1 4 6 4 0 2 2 1 1 3 1 2 2 1 3 1 944 1 2 0
4 13 5 3 9 7 6 1 7 5 3 0 3 1 2 0 1 3 1 2 1 984 0 0 1
1 3 0 0 13 2 0 0 10 6 3 1 2 8 5 3 10 2 3 2 3 1 2 2 3 1 1 1 1 1 1024 3 4 3
3 3 1 0 1 7 6 2 13 9 6 3 0 10 5 5 8 1 2 2 2 3 2 1 1 1 3 1 1064 3 4 1
3 1 5 2 8 2 5 3 0 5 5 5 13 11 2 3 7 1 2 3 1 1 2 3 1 1 1 1104 3 2 2
0 6 1 1 0 5 4 0 4 9 10 1 3 3 13 11 5 2 2 2 3 3 1 3 1 1144 0 3 2
3 2 3 3 4 2 10 4 8 8 11 5 4 9 13 3 3 1 3 3 1 1 1 1184 1 0 2
2 1 5 3 8 12 5 1 13 4 3 1 0 10 3 0 3 3 2 2 1 3 1 1224 0 2 1
3 1 8 2 4 5 6 3 13 7 2 3 4 3 4 0 6 2 1 3 2 1 1 1 3 1 834 3 2 1
5 3 4 3 2 5 3 0 1 8 9 0 2 13 5 0 4 3 1 1 2 1 3 1 874 2 1 1
1 2 0 1 6 3 0 0 8 8 9 4 3 13 4 3 1 2 1 3 1 914 0 1 0
1 3 0 0 10 4 2 1 8 5 1 0 2 13 5 3 10 2 3 2 3 1 1 1 3 2 3 1 2 1 954 3 3 4
2 0 3 1 0 4 4 2 0 8 11 4 3 8 13 5 9 3 1 1 1 2 3 2 2 1 1 3 1 994 4 3 2
1 11 2 1 4 6 7 3 9 4 5 2 10 13 5 0 6 2 3 2 3 3 1 1 1 1 1034 1 2 3
1 2 0 2 13 4 0 0 2 4 6 9 1 5 0 0 10 1 2 3 3 3 2 3 1 1 1 1 2 1 853 4 2 4
2 13 8 9 3 4 5 0 3 4 4 3 3 0 1 0 7 2 1 1 3 3 2 1 1 2 1 893 3 2 2
6 13 8 9 1 6 7 4 0 4 4 3 3 1 0 0 3 3 2 2 1 3 1 933 0 2 1
5 8 13 10 4 6 7 3 4 1 2 1 1 0 0 0 1 2 1 2 1 973 0 1 0
10 13 3 0 3 10 1 1 3 5 4 2 3 2 0 0 11 1 2 1 3 1 3 2 2 1 3 3 1 2 1 1013 4 3 4
10 11 13 3 9 3 2 0 4 2 1 1 3 3 4 0 11 3 3 1 1 3 1 2 1 3 2 2 1 2 1 1053 4 3 4
10 11 13 4 9 7 6 3 0 3 5 3 2 3 3 4 8 2 2 3 1 3 3 1 1 1 3 1 1093 3 2 3
12 13 7 1 9 8 6 2 0 3 1 6 7 0 2 5 7 1 1 3 2 1 2 3 1 2 1 1133 3 2 2
2 0 0 0 3 0 3 0 3 13 4 3 4 5 6 1 10 1 3 1 2 2 2 1 3 2 1 1 3 1 908 4 4 2
3 3 0 1 3 6 1 0 4 7 2 0 9 13 2 0 9 2 2 3 2 3 1 1 1 3 1 3 1 948 3 3 3
3 5 9 3 7 6 5 1 9 8 5 0 13 4 2 3 8 2 3 1 2 3 1 2 1 1 3 1 988 3 3 2
0 2 3 3 1 3 13 1 4 5 4 1 0 0 3 9 8 2 3 3 1 2 3 1 2 1 2 1 816 2 3 3
0 0 3 1 2 5 4 13 0 2 4 8 1 1 9 2 5 2 3 3 1 2 1 1 1 856 1 2 2
3 3 13 1 7 6 6 10 2 3 0 1 2 0 0 1 3 2 1 2 1 3 1 896 1 2 0
0 2 4 3 3 4 4 5 13 8 7 1 0 11 2 4 0 1 1 1 936 0 0 0
1 4 0 0 13 4 4 3 10 9 7 3 3 11 8 4 0 1 2 1 976 0 0 0
0 2 0 4 1 3 1 2 1 4 3 4 1 4 13 3 5 2 1 3 2 2 1 3 1 841 1 3 1
3 4 8 3 1 4 7 13 2 4 1 0 2 1 0 3 3 2 2 3 1 1 1 881 0 2 1
1 1 0 4 0 2 4 13 3 8 6 7 0 3 5 11 3 2 3 2 1 1 1 921 0 2 1
2 1 0 4 3 3 2 8 4 3 10 13 5 7 11 7 4 1 2 3 1 1 3 1 961 2 1 1
0 2 0 0 4 3 5 1 7 6 13 5 1 3 12 10 2 3 2 1 3 1 1001 0 1 1
3 5 6 1 1 2 7 10 0 7 8 13 0 2 12 3 11 2 1 3 1 1 1 3 3 2 2 2 1 3 1 1041 4 4 3
0 0 0 2 2 2 4 13 3 1 5 9 0 3 9 3 6 3 1 3 1 3 1 1 2 1 881 3 0 3
3 0 0 3 0 1 6 2 0 3 6 13 3 7 3 11 3 2 1 1 1 2 1 921 2 1 0
0 7 0 0 1 9 1 3 11 3 13 4 0 0 4 5 3 2 3 2 1 3 1 961 0 2 1
4 13 11 3 5 6 7 10 1 4 5 3 2 0 2 1 2 2 1 1 3 1 1001 1 1 0
2 3 8 13 1 4 7 3 0 6 5 12 0 0 1 5 0 1 2 1 1041 0 0 0
0 9 12 1 2 3 2 8 10 6 7 13 4 4 6 3 0 1 1 1 1081 0 0 0
11 12 10 8 8 7 13 3 3 2 5 3 3 1 1 3 1 3 1 2 1 1121 0 0 1
3 4 5 10 0 4 13 8 0 12 11 9 0 5 5 6 10 2 1 3 2 3 1 1 1 3 2 1 2 1 1161 4 3 3
0 2 0 2 3 1 6 3 1 8 6 1 4 13 2 3 8 3 2 2 2 1 1 1 3 1 3 1 740 3 3 2
3 1 0 0 6 3 0 0 9 6 2 3 13 4 0 1 5 2 1 1 2 3 1 2 1 780 2 2 1
6 2 1 0 8 7 3 1 9 6 6 4 13 5 1 2 3 2 1 2 1 3 1 820 1 2 0
10 9 6 4 13 4 4 3 3 6 2 1 0 2 0 0 3 3 1 1 1 2 1 860 2 0 1
10 9 8 2 13 7 6 2 1 1 3 1 2 3 3 2 1 3 1 1 1 900 0 0 1
1 4 2 0 8 2 4 3 11 4 3 3 3 13 7 1 11 1 2 2 1 3 2 3 2 1 3 3 1 1 1 940 3 4 4
3 0 2 0 3 0 3 0 3 5 6 4 11 9 13 5 7 1 2 1 1 2 3 3 1 3 1 980 3 2 2
1 3 1 0 0 4 4 3 3 3 6 8 4 4 13 12 7 2 2 1 2 3 2 3 1 1 1 1020 1 4 2
0 5 7 13 3 8 4 4 0 3 3 1 0 0 2 0 6 1 1 2 3 2 2 1 1 1 917 2 3 1
4 9 10 3 4 6 13 2 5 4 5 1 0 1 0 2 4 2 1 1 2 1 3 1 957 2 2 0
0 1 9 10 3 3 8 13 3 4 5 6 3 1 4 4 1 2 1 2 1 997 0 1 0
2 3 5 11 0 6 4 13 1 2 4 4 1 0 0 3 11 1 2 3 1 2 3 3 2 1 3 1 1 2 1 1037 4 3 4
0 2 3 3 0 5 11 13 1 3 5 8 3 4 4 3 8 2 2 3 2 1 3 3 1 1 1 1 1077 2 3 3
5 13 4 2 4 9 11 0 4 2 2 0 1 2 0 0 4 1 3 3 1 1 1 1 1117 2 0 2
2 2 10 11 0 4 13 8 1 4 6 5 1 3 4 3 2 1 3 1 2 1 1157 1 0 1
10 11 4 0 13 9 6 0 4 6 2 1 4 3 0 0 11 3 3 1 1 2 3 1 3 2 2 1 1 2 1 1197 4 3 4
0 1 13 3 2 5 5 3 2 3 7 3 0 0 0 2 5 2 1 1 3 1 1 3 1 826 3 1 1
3 2 0 0 2 3 3 0 13 4 1 0 3 7 8 3 1 1 1 3 1 866 1 0 0
13 3 2 3 6 9 5 6 3 5 1 0 2 1 1 2 11 2 3 3 3 2 1 2 1 3 1 1 1 2 1 906 4 3 4
4 3 0 2 2 4 4 0 13 7 5 1 3 9 8 5 9 3 1 1 2 3 2 1 2 1 1 3 1 946 4 3 2
3 3 9 4 1 13 9 7 3 9 3 3 1 4 3 2 7 2 1 2 3 1 1 2 1 2 1 986 3 3 1
1 10 9 2 13 6 8 5 5 3 3 4 0 2 4 1 4 3 2 3 1 1 3 1 1026 1 1 2
0 3 0 4 2 1 3 11 0 3 6 3 3 13 3 4 0 1 3 1 1066 0 0 0
3 3 2 3 4 8 1 0 2 5 9 11 3 6 13 5 0 1 1 1 1106 0 0 0
2 3 1 0 3 4 4 0 13 6 1 2 0 0 0 3 3 3 2 3 1 1 1 946 0 1 2
9 6 1 1 13 5 0 2 4 3 5 0 3 1 1 0 2 2 2 1 2 1 986 0 2 0
3 9 7 3 13 8 4 2 0 4 4 0 2 4 1 1 1 3 1 3 1 1026 0 0 1
1 2 10 3 0 3 13 9 0 7 5 5 0 1 3 3 0 1 2 1 1066 0 0 0
2 9 10 3 13 9 3 8 1 4 4 0 0 2 4 1 11 1 2 1 3 3 1 3 2 2 2 3 1 1 1 1106 3 4 4
3 9 1 1 0 5 5 5 11 5 7 3 3 13 2 3 9 3 2 1 3 2 2 2 1 1 1 3 1 1146 3 4 2
0 3 0 2 0 10 3 4 11 5 13 5 1 2 4 3 7 1 1 2 3 3 1 2 1 3 1 1186 3 2 2
4 0 0 3 2 7 1 0 12 7 4 2 4 13 4 2 4 2 1 1 1 1 3 1 1226 3 1 0
1 3 6 2 2 6 4 9 4 13 0 0 3 4 0 0 7 1 1 1 2 1 3 2 1 2 1 918 4 2 1
0 3 6 3 2 4 5 3 5 13 8 10 4 1 3 3 8 2 1 1 2 2 3 3 3 1 1 1 958 2 3 3
2 1 2 3 0 5 5 1 0 2 6 9 3 0 13 10 4 3 1 1 2 1 3 1 998 2 1 1
1 4 4 5 3 5 5 7 0 1 7 9 3 0 13 10 1 2 1 2 1 1038 0 1 0
0 4 4 4 0 3 5 6 3 2 6 7 0 1 13 11 10 2 1 1 3 1 1 2 2 3 3 1 2 1 1078 4 3 3
3 2 1 0 2 1 4 2 3 8 8 9 2 3 13 11 8 2 1 1 1 2 3 3 3 1 1 1 1118 3 2 3
0 1 2 2 2 6 11 3 13 8 10 3 0 0 1 2 6 1 3 1 3 3 2 1 1 1 1158 2 1 3
2 1 4 2 2 6 5 1 6 9 11 3 3 13 10 1 6 3 2 2 1 1 3 1 3 1 1198 2 2 2
0 13 3 3 2 3 6 5 0 0 4 4 0 0 1 1 10 3 2 2 2 3 1 2 3 3 1 1 1 1 928 2 4 4
5 5 0 3 9 4 3 2 13 1 2 0 2 4 3 1 9 1 1 1 2 3 1 2 2 3 1 3 1 968 4 3 2
3 3 1 0 7 5 3 1 9 8 3 0 3 13 4 0 6 2 1 2 2 1 2 1 3 1 1008 2 4 0
1 0 0 3 2 5 3 0 13 6 5 0 1 11 7 3 4 2 3 1 3 1 2 1 1048 1 1 2
1 5 0 2 4 5 13 1 4 6 7 0 2 11 8 3 1 2 1 1 1 1088 0 1 0
3 1 4 1 3 5 2 2 2 5 9 1 3 9 13 11 11 1 1 3 2 2 2 1 3 2 3 1 1 3 1 1128 4 4 3
2 1 2 4 3 4 3 3 4 2 8 11 3 0 10 13 8 3 3 1 1 2 1 1 2 1 3 1 1168 4 2 2
0 10 3 3 0 6 7 1 3 6 9 11 2 3 10 13 6 3 2 3 1 2 3 1 1 1 1208 1 2 3
13 7 3 2 4 5 4 6 0 1 3 0 1 0 2 0 11 2 1 2 2 3 3 3 1 3 1 1 1 2 1 907 4 3 4
1 0 1 0 4 2 0 1 4 5 3 0 13 9 7 5 9 2 1 3 1 3 3 2 2 2 1 3 1 947 2 4 3
0 1 2 6 0 3 3 8 2 13 5 6 3 0 10 5 7 3 1 3 2 3 1 2 1 1 1 987 2 2 3
3 0 0 4 0 3 13 7 0 1 5 9 8 1 4 10 6 3 2 1 3 3 2 1 2 1 1027 1 2 3
5 13 6 3 0 5 11 2 2 3 1 1 0 1 0 3 2 2 3 1 3 1 1067 0 1 1
7 13 1 3 11 7 4 5 7 5 5 4 9 1 2 3 3 2 1 3 1 2 1 1107 1 1 1
7 10 13 2 11 6 5 1 6 1 4 7 9 4 4 1 3 2 2 3 3 8 0.18181818181818185 9 0.27272727272727276 10 0.54545454545454553 1147 0 2 1
9 13 12 3 6 6 9 0 7 2 3 0 2 1 0 1 3 1 2 1 1 2 1 1187 2 1 0
0 0 0 2 0 3 4 5 2 0 1 7 0 3 4 13 3 1 2 1 1 3 1 952 2 1 0
0 1 4 3 2 1 0 7 0 0 7 8 0 0 3 13 0 1 2 1 992 0 0 0
0 10 9 0 1 8 3 5 4 2 13 3 4 3 3 4 10 3 1 1 2 2 1 2 3 1 3 1 2 1 1032 4 3 3
0 1 1 4 2 4 10 2 13 5 9 8 4 8 3 5 7 2 1 2 1 3 1 2 1 3 1 1072 3 3 1
13 11 3 1 10 3 3 0 3 2 5 0 8 8 0 3 5 3 2 3 2 1 1 1 1 1112 1 2 2
10 13 6 4 3 11 5 2 9 8 3 2 10 4 0 3 3 2 1 1 1 1 1 1152 2 1 0
1 10 13 8 0 5 12 4 2 0 5 5 0 1 0 3 1 2 1 3 1 1192 0 1 0
4 13 3 8 3 10 12 9 3 8 3 4 3 8 2 1 11 3 2 2 1 2 1 1 2 3 1 3 1 3 1 1232 4 4 3
3 0 0 0 13 4 4 1 3 5 3 2 3 1 1 3 3 2 3 2 1 3 1 654 0 2 1
2 3 3 4 0 1 7 8 0 4 1 3 2 1 0 13 0 1 2 1 694 0 0 0
1 0 0 0 4 4 2 2 5 7 3 0 6 13 9 10 10 2 1 3 2 3 3 1 1 1 3 1 2 1 734 4 2 4
4 4 3 3 4 5 6 1 4 6 8 10 1 13 9 2 7 2 1 2 1 1 3 2 1 2 1 774 3 3 1
1 7 8 11 4 13 1 0 4 0 4 3 2 0 0 0 4 3 2 2 3 1 1 1 814 0 2 2
1 5 10 11 1 4 13 6 2 2 3 0 0 3 0 2 2 1 1 1 2 1 854 2 0 0
3 10 9 13 1 6 5 11 2 3 4 3 2 0 3 0 0 1 1 1 894 0 0 0
3 0 2 4 3 3 9 1 0 5 8 13 3 4 6 12 10 2 3 1 2 3 2 3 1 1 1 1 2 1 934 4 3 3
13 3 3 1 3 5 2 2 1 5 3 0 3 2 1 0 11 2 1 2 2 3 2 3 1 3 1 3 1 1 1 929 3 4 4
4 4 7 13 3 3 3 7 3 0 1 3 1 0 0 2 7 3 1 2 3 2 1 3 1 2 1 969 2 2 3
4 4 13 3 2 6 7 8 3 8 4 9 2 0 2 4 5 3 1 3 3 1 1 1 1 1009 2 0 3
0 4 0 4 2 3 5 8 2 4 13 10 1 3 7 3 1 3 1 1 1 1049 0 0 1
0 1 2 3 3 3 2 1 4 7 8 9 1 13 10 3 10 1 2 3 3 2 2 3 2 1 3 1 1 1 1089 2 4 4
2 3 0 0 4 5 0 2 10 9 4 1 13 11 6 7 10 2 3 1 1 1 2 3 3 1 2 1 3 1 1129 4 3 3
3 2 0 0 2 6 3 3 9 8 7 3 10 13 11 1 6 2 3 2 3 1 1 1 1 1 1169 2 2 2
3 1 0 0 1 4 5 4 12 4 6 3 13 3 3 3 2 3 2 1 2 1 1209 0 1 1
4 5 4 3 2 4 3 1 9 3 2 3 13 3 1 0 4 2 2 1 1 1 3 1 910 2 2 0
5 4 0 2 6 6 4 0 9 7 0 0 13 10 4 2 1 1 1 1 1 950 1 0 0
4 2 1 2 8 8 2 0 9 10 1 0 13 0 2 0 9 1 1 3 2 3 1 1 3 2 1 3 1 990 4 2 3
10 1 0 0 9 7 3 2 11 6 3 0 13 2 4 1 7 1 3 3 3 1 2 2 1 3 1 1030 2 2 3
11 5 3 0 11 3 1 0 13 2 1 1 0 0 2 0 4 2 1 3 3 1 2 1 1070 1 1 2
1 10 0 2 12 9 0 3 13 8 8 1 3 4 3 3 5 2 3 3 1 2 1 3 1 1110 1 2 2
3 13 12 3 0 6 11 2 4 7 3 1 3 3 4 1 1 3 1 2 1 1150 0 0 1
3 12 11 4 13 8 6 0 6 6 3 2 3 1 0 1 10 2 3 2 2 3 1 2 3 1 3 1 1 1 1190 2 4 4
3 4 0 0 3 2 2 3 1 8 4 2 13 8 1 0 3 2 1 1 1 3 1 789 2 1 0
1 1 2 2 9 5 4 0 13 7 6 3 2 8 9 1 1 3 1 3 1 829 0 0 1
0 1 0 2 6 13 6 3 10 7 4 1 1 9 2 2 11 1 1 2 1 1 3 3 2 3 2 2 1 3 1 869 4 4 3
4 13 0 1 1 7 2 0 10 8 4 3 3 9 6 4 8 1 2 2 3 3 3 3 1 1 2 1 909 2 2 4
3 1 3 4 1 3 7 13 1 3 5 11 0 2 1 2 4 2 1 2 3 1 2 1 949 1 2 1
0 2 3 3 1 5 4 0 1 5 6 1 10 9 11 13 2 3 2 1 2 1 989 0 1 1
3 2 0 2 4 6 0 0 7 9 12 2 4 9 1 13 1 1 1 1 1 1029 1 0 0
0 1 2 2 1 5 6 5 5 5 10 8 4 4 13 12 11 1 2 2 2 1 3 1 2 3 3 1 1 3 1 1069 4 4 3
4 3 13 4 7 4 9 3 3 4 0 2 0 1 0 0 8 3 3 2 2 2 1 1 3 1 1 1 968 2 3 3
0 0 9 2 0 2 8 1 2 6 6 13 4 3 3 6 5 1 3 1 1 3 1 2 1 1008 3 0 2
3 10 3 3 2 6 6 13 1 7 1 4 2 1 0 0 2 3 3 1 2 1 1048 0 0 2
13 10 3 0 3 7 8 3 5 7 0 0 3 3 2 1 11 3 2 2 1 2 3 1 2 1 3 3 1 1 1 1088 3 4 4
10 4 0 3 9 5 4 0 8 6 3 0 13 3 1 1 8 1 3 2 1 2 3 3 2 1 2 1 1128 2 3 3
0 0 3 2 1 3 1 2 11 4 2 3 13 5 4 3 4 1 2 3 1 1 3 1 1168 2 1 1
2 3 1 0 5 4 3 2 11 7 5 0 3 13 6 5 1 1 1 3 1 1208 1 0 0
2 4 1 3 3 5 2 0 13 9 3 1 3 11 6 0 11 3 3 2 1 1 1 3 2 2 3 1 1 2 1 1248 4 3 4
0 9 3 2 1 6 2 1 0 3 5 3 3 1 3 13 0 1 2 1 794 0 0 0
4 6 9 10 3 5 8 13 3 4 3 3 0 0 0 2 10 1 3 3 2 1 2 1 2 3 1 1 3 1 834 4 3 3
3 2 5 3 4 11 6 3 4 1 13 3 2 3 9 0 8 1 2 2 3 2 3 1 1 1 1 1 874 3 3 2
2 1 0 3 2 6 4 4 0 3 8 13 0 1 9 11 4 2 3 3 1 1 3 1 914 1 1 2
1 7 10 3 4 5 11 13 3 9 3 3 0 3 5 2 4 3 3 1 2 1 3 1 954 1 1 2
3 13 0 1 12 9 5 2 8 6 6 3 3 2 3 3 1 3 1 1 1 994 0 0 1
5 1 5 3 13 10 1 0 12 6 3 2 3 2 0 1 9 2 3 2 3 1 1 2 2 3 1 1 1 1034 2 4 3
3 13 8 0 0 10 9 0 3 5 12 5 3 3 3 4 7 2 2 1 2 1 1 3 1 3 1 1074 3 3 1
0 1 2 4 0 2 5 4 0 3 3 4 3 3 4 13 6 1 1 2 2 3 3 1 1 1 797 2 2 2
0 0 1 0 4 2 0 0 4 4 4 1 5 8 13 3 4 2 2 1 3 1 3 1 837 1 2 1
0 2 0 0 3 1 4 0 0 5 2 0 9 13 3 1 1 3 1 3 1 877 0 0 1
1 7 5 5 6 5 4 4 3 13 11 2 0 0 1 2 0 1 3 1 917 0 0 0
0 1 1 3 0 1 7 2 3 0 6 8 4 6 13 11 8 1 2 3 2 3 2 3 1 1 2 1 957 2 3 3
0 2 3 2 1 2 5 5 1 4 7 10 4 7 13 11 6 1 3 1 2 1 3 1 2 1 997 3 1 2
0 0 6 0 2 5 5 10 0 3 8 12 3 1 8 13 6 2 3 1 3 3 2 1 1 1 1037 1 2 3
3 5 11 9 4 13 8 10 3 3 1 12 0 2 0 4 4 3 1 3 2 1 3 1 1077 1 1 2
0 0 1 0 2 3 0 2 3 3 3 0 13 6 3 4 1 1 1 3 1 842 1 0 0
1 13 7 3 3 8 4 4 3 3 2 3 2 0 0 0 10 3 3 1 1 3 1 2 2 3 1 1 2 1 882 4 2 4
13 9 10 4 4 7 5 2 4 1 0 1 2 0 0 0 8 1 1 3 1 2 2 3 3 1 2 1 922 3 2 3
13 11 7 3 8 4 4 1 7 4 3 0 0 2 4 0 9 3 1 1 3 3 2 2 2 3 1 1 1 962 2 3 4
0 0 2 0 13 12 7 4 4 6 5 4 3 4 4 2 8 2 1 1 3 3 1 1 2 1 3 1 1002 4 2 2
0 12 1 0 13 7 8 5 1 0 7 1 2 5 2 0 7 1 3 2 2 3 2 3 1 1 1 1042 1 3 3
13 12 6 4 9 7 5 3 6 5 2 0 10 0 0 1 5 1 3 2 2 3 1 1 1 1082 1 2 2
3 0 3 3 0 12 3 4 13 11 8 5 0 3 4 1 3 2 2 3 1 1 1 1122 0 2 1
3 3 8 13 0 5 3 3 0 4 4 1 0 3 3 2 9 1 3 2 2 3 3 1 2 1 1 3 1 810 3 3 3
10 13 2 4 9 4 5 0 7 3 0 0 1 2 0 2 9 3 1 3 1 3 1 2 3 2 1 1 1 850 3 2 4
10 13 1 0 9 7 4 3 7 6 4 1 6 3 0 3 6 1 2 2 2 3 1 1 2 1 890 2 3 1
1 4 3 3 10 13 4 3 11 5 3 1 4 1 3 0 4 2 3 2 3 1 2 1 930 0 2 2
13 0 1 1 10 7 2 3 11 7 3 0 6 5 3 4 1 3 1 2 1 970 0 0 1
3 0 4 2 10 13 7 4 11 9 1 4 0 2 1 5 10 2 2 1 3 1 1 3 1 2 2 1 3 1 1010 4 4 2
4 13 6 3 0 8 4 3 0 6 9 1 0 1 12 3 8 1 1 2 3 2 3 2 3 1 2 1 1050 2 3 3
3 1 3 2 3 3 5 11 1 13 5 12 0 3 4 7 8 2 3 2 1 1 2 3 1 1 2 1 1090 3 3 2
0 0 0 3 3 2 3 0 0 7 4 5 5 1 4 13 11 3 1 3 2 1 2 2 1 2 3 3 1 1 1 807 3 4 4
1 0 2 0 1 13 2 1 7 4 3 0 10 8 4 4 8 3 2 3 1 2 3 3 2 1 1 1 847 1 3 4
0 7 0 3 2 0 4 4 0 1 13 5 4 11 9 6 6 1 2 2 1 1 3 1 2 1 887 3 2 1
1 4 11 5 3 3 7 8 0 1 5 13 0 2 3 9 2 2 2 1 1 1 927 0 2 0
0 2 0 1 3 1 4 13 1 4 10 8 2 3 11 6 1 3 1 2 1 967 0 0 1
2 1 8 13 3 2 8 6 0 0 4 5 0 1 3 12 11 3 1 1 2 2 3 2 2 3 1 1 1 3 1 1007 4 4 3
0 0 1 9 0 0 3 13 0 0 3 8 2 4 6 12 7 3 1 1 2 1 2 2 1 3 1 1047 3 3 1
4 5 10 13 4 5 12 3 0 0 1 1 1 0 0 0 4 3 3 2 2 1 2 1 1087 0 2 2
2 2 1 0 6 4 3 4 4 4 1 0 2 4 13 2 8 2 1 3 1 1 2 3 3 1 1 1 973 3 2 3
3 0 0 0 3 0 3 4 1 3 6 8 3 4 13 9 6 1 1 3 2 2 2 1 3 1 1013 2 3 1
0 9 0 2 0 6 4 3 3 4 6 10 4 13 10 3 6 2 1 1 2 3 3 1 1 1 1053 2 2 2
9 3 0 3 8 9 3 0 7 7 11 2 3 1 13 3 5 2 3 1 1 3 1 2 1 1093 2 1 2
3 12 1 0 10 4 4 2 9 7 6 1 3 13 4 2 5 3 1 2 3 3 3 8 0.18181818181818185 9 0.27272727272727276 10 0.54545454545454553 1133 1 1 3
3 4 12 3 3 11 10 13 4 1 5 2 0 2 0 0 2 1 1 1 2 1 1173 2 0 0
3 0 3 0 13 0 0 8 3 6 5 2 2 5 1 0 2 1 3 3 8 0.18181818181818185 9 0.27272727272727276 10 0.54545454545454553 940 1 0 1
13 5 10 2 3 9 5 0 3 2 4 1 0 1 0 2 10 3 3 2 1 3 2 3 1 2 1 1 1 1 980 3 3 4
3 10 10 4 13 8 4 0 1 4 0 0 1 0 2 0 7 3 3 1 2 2 1 2 1 3 1 1020 2 3 2
11 8 3 1 3 7 6 0 13 6 3 2 3 2 3 2 4 1 2 1 3 1 1 1 1060 2 1 1
13 2 4 1 8 7 5 4 6 4 6 0 0 2 1 3 10 3 1 1 2 3 1 2 3 1 2 1 2 1 970 4 3 3
11 13 5 3 9 8 5 3 2 4 1 0 3 3 4 0 10 2 3 1 2 3 2 1 1 3 1 1 2 1 1010 4 3 3
1 1 0 0 8 2 13 4 0 11 10 5 0 1 4 4 8 2 2 3 1 3 1 2 3 1 2 1 1050 2 3 3
3 13 1 1 12 9 3 3 2 5 2 3 5 0 0 3 7 3 1 3 1 2 1 2 1 2 1 1090 3 2 2
4 9 12 5 13 5 7 4 10 7 3 2 4 0 0 1 5 3 2 2 1 1 1 3 1 1130 2 2 1
4 9 12 10 11 13 8 8 2 4 4 3 0 1 3 2 4 3 1 2 1 3 4 0.54545454545454553 5 0.27272727272727276 6 0.18181818181818185 1170 2 1 1
1 4 3 13 3 6 3 4 2 1 3 1 0 3 0 0 3 3 2 2 1 3 1 878 0 2 1
2 1 13 2 3 4 7 3 4 5 6 6 3 3 4 1 1 3 1 3 1 918 0 0 1
3 2 10 3 0 13 7 1 3 2 4 3 1 2 1 3 11 2 3 1 1 1 2 3 1 2 3 3 1 2 1 958 4 3 4
6 10 8 5 2 13 5 3 1 3 0 1 3 2 0 0 7 2 2 3 3 1 2 1 1 1 1 998 2 3 2
2 13 10 3 1 5 6 9 3 3 5 8 0 2 0 1 6 3 3 2 1 1 2 1 3 1 1038 2 2 2
3 3 13 11 2 4 7 10 1 0 9 2 0 3 3 4 6 2 1 3 2 1 1 1 3 1 1078 3 2 1
3 13 8 2 5 5 9 12 6 3 3 2 1 1 0 0 4 1 2 3 2 1 1 1 1118 1 2 1
13 9 0 6 3 10 3 2 5 5 12 3 2 3 1 0 2 1 3 1 3 1 1158 1 0 1
0 0 1 2 3 4 3 2 0 1 3 4 2 3 6 13 6 3 2 3 3 3 1 1 1 1 802 1 1 4
2 0 0 3 3 4 5 9 0 2 8 13 3 1 4 5 5 2 1 1 3 2 1 1 1 842 2 2 1
5 9 10 13 4 9 1 1 1 3 2 3 2 3 2 1 4 2 1 2 3 1 3 1 882 1 2 1
0 1 8 3 2 6 11 13 0 0 6 3 2 3 3 4 2 1 3 1 3 1 922 1 0 1
2 6 13 11 1 4 9 3 3 4 4 0 1 0 2 1 10 3 3 1 2 1 3 2 1 2 2 1 3 1 962 3 4 3
4 13 10 11 2 8 5 1 3 4 3 0 3 3 0 0 7 3 1 2 2 1 2 1 1 3 1 1002 3 3 1
5 13 10 11 0 8 7 5 2 2 6 4 1 3 2 4 3 1 1 3 1 3 1 1042 2 0 1
13 10 1 11 3 6 7 9 2 5 4 3 1 0 2 0 11 3 1 1 2 2 2 2 3 1 1 3 1 3 1 1082 4 4 3
0 3 1 0 3 2 7 1 3 5 1 2 2 3 13 0 7 2 2 1 3 1 1 2 1 3 1 992 3 3 1
3 2 0 3 4 6 0 0 4 3 4 3 8 10 13 4 4 3 3 2 1 1 1 1 1032 1 1 2
2 4 1 0 7 6 2 2 8 8 5 3 10 13 1 0 2 1 3 1 3 1 1072 1 0 1
0 2 0 0 4 3 4 0 10 5 3 0 10 13 4 3 0 1 1 1 1112 0 0 0
0 0 1 8 3 5 3 3 3 2 11 13 0 1 3 4 10 2 3 3 3 1 2 2 1 2 1 1 3 1 1152 3 4 3
0 2 4 2 3 1 5 11 3 5 7 8 1 6 11 13 8 1 3 2 2 3 2 3 1 1 1 1 1192 2 3 3
2 0 12 3 0 6 7 8 0 1 5 9 3 3 13 3 6 3 1 2 3 1 2 1 3 1 1232 2 2 2
2 12 11 9 6 2 1 4 0 7 13 3 3 2 1 0 5 2 1 3 2 1 1 1 1 1272 2 2 1
0 0 3 0 0 2 13 3 1 4 6 4 1 2 9 5 2 3 2 1 1 1 708 0 1 1
0 13 9 10 1 8 9 1 4 2 7 3 1 3 3 2 2 2 3 1 3 1 748 0 1 1
0 3 13 11 0 3 6 10 1 5 6 9 2 5 8 1 3 1 3 2 1 2 1 788 1 1 1
1 6 13 12 0 1 7 6 2 2 4 3 3 0 3 0 1 1 1 2 1 828 1 0 0
4 13 12 9 3 6 7 9 0 0 4 3 3 0 2 1 11 1 1 3 3 2 2 3 2 1 1 3 1 2 1 868 4 3 4
12 8 1 0 13 7 2 4 3 5 6 10 1 4 4 1 9 1 3 2 2 2 1 3 2 3 1 3 1 908 2 4 3
1 12 9 4 13 7 10 3 5 4 4 1 4 1 2 2 5 2 3 3 3 2 1 1 1 948 0 2 3
3 6 12 1 3 5 10 9 0 13 8 8 0 3 3 3 3 2 1 2 1 3 1 988 1 2 0
3 2 0 1 2 3 5 3 0 0 4 6 0 3 6 13 9 3 3 1 3 2 2 1 1 2 1 1 1 753 3 3 3
0 3 1 2 0 4 3 1 4 6 4 0 5 8 13 4 6 2 2 2 3 3 1 1 1 1 793 1 3 2
1 0 0 3 10 2 1 3 9 8 4 1 3 13 6 4 4 1 2 2 2 1 3 1 833 1 3 0
3 3 3 4 11 8 6 3 9 6 7 3 10 13 4 5 3 1 2 3 1 3 1 873 1 1 1
4 4 1 2 5 5 0 0 6 7 4 0 12 13 5 4 1 2 1 1 1 913 0 1 0
5 0 0 0 8 5 2 0 13 9 4 3 12 4 0 1 11 3 2 3 2 1 3 1 1 1 2 3 1 2 1 953 4 3 4
0 3 1 2 1 13 8 4 0 9 8 3 2 12 4 3 7 2 1 1 3 1 2 2 1 3 1 993 3 3 1
1 3 3 0 4 2 3 2 5 6 13 12 5 7 10 9 5 3 2 2 1 1 1 1 1 1033 2 2 1
0 1 1 0 2 4 1 0 2 6 6 1 13 3 5 2 10 3 2 3 3 1 2 2 1 2 1 1 3 1 839 3 4 3
4 2 3 1 13 8 5 3 9 6 3 2 1 3 3 0 7 1 1 1 3 3 2 2 1 2 1 879 3 2 2
2 0 2 3 4 3 2 0 4 5 4 0 13 10 6 4 4 1 2 1 1 1 1 1 919 3 1 0
4 2 1 3 3 4 3 0 3 7 8 3 13 10 9 4 3 1 1 2 1 2 1 959 2 1 0
0 1 6 5 13 5 4 5 1 0 3 11 0 0 2 3 0 1 2 1 999 0 0 0
0 2 13 10 1 1 7 9 0 3 4 11 0 0 3 5 0 1 2 1 1039 0 0 0
3 2 13 10 0 3 8 9 3 4 7 11 4 3 3 4 9 2 3 2 1 3 3 2 1 1 1 1 1 1079 3 3 3
13 12 7 3 6 0 0 2 10 1 3 0 3 0 1 0 7 2 1 2 3 2 1 3 1 3 1 1119 2 3 2
2 13 10 3 1 5 6 4 3 1 8 3 0 2 5 0 0 1 3 1 881 0 0 0
5 13 10 2 4 8 9 1 3 5 2 3 2 1 4 1 9 1 2 2 3 1 3 3 3 2 1 1 1 921 2 3 4
13 11 6 5 3 5 4 2 0 3 4 0 3 3 3 0 8 3 1 3 1 2 2 3 1 1 3 1 961 3 2 3
13 11 8 5 3 4 6 3 0 0 4 3 3 0 0 0 4 1 3 3 2 1 3 1 1001 1 1 2
11 9 3 2 13 5 3 3 5 3 3 1 3 0 2 0 0 1 1 1 1041 0 0 0
3 4 13 12 1 3 4 5 2 4 2 0 3 9 0 1 0 1 3 1 1081 0 0 0
4 3 13 12 8 7 6 2 9 4 6 0 4 1 4 1 10 3 3 2 3 2 2 1 2 3 1 1 1 1 1121 2 4 4
10 7 13 12 1 3 8 7 2 0 4 2 0 0 1 1 8 3 1 3 3 2 3 1 2 1 2 1 1161 2 2 4
3 1 3 13 4 1 5 6 2 7 4 6 0 1 2 3 3 2 3 1 1 2 1 755 1 1 1
0 2 3 5 2 4 7 13 3 4 6 8 0 4 5 10 1 1 1 1 1 795 1 0 0
0 4 6 3 0 0 5 13 0 2 8 9 1 0 4 11 0 3 8 0.18181818181818185 9 0.27272727272727276 10 0.54545454545454553 835 0 0 0
3 6 6 13 3 5 2 12 3 3 3 3 0 3 0 1 10 2 2 1 2 1 2 1 1 3 3 3 4 0.54545454545454553 5 0.27272727272727276 6 0.18181818181818185 875 4 4 2
3 0 0 2 3 5 4 0 3 4 13 3 10 9 12 8 10 1 3 2 3 1 2 3 1 1 3 1 2 1 915 4 2 4
0 0 0 4 13 2 5 12 1 7 6 11 3 3 4 5 7 1 1 2 2 1 3 3 1 2 1 955 3 2 2
0 0 2 2 4 4 4 0 13 7 6 3 3 8 11 12 3 3 3 1 1 1 1 995 1 0 2
2 3 1 1 5 4 7 3 3 13 5 3 3 3 13 0 2 3 3 1 2 1 1035 0 0 2
3 13 6 3 4 3 1 6 0 1 2 4 0 3 1 1 7 2 2 3 3 1 2 3 1 2 1 918 1 3 3
13 8 5 0 0 7 3 0 2 5 3 2 1 1 4 1 7 2 2 1 1 3 3 2 1 3 1 958 2 3 2
10 7 1 3 13 4 6 0 3 4 0 3 3 0 0 0 5 2 2 3 2 1 1 1 1 998 1 3 1
10 9 1 0 13 7 7 0 5 5 5 2 4 2 1 0 5 2 3 2 3 1 1 1 1 1038 1 2 2
11 9 9 4 13 5 4 0 3 0 1 5 0 0 3 2 5 2 1 1 1 2 1 2 1 1078 3 2 0
6 5 0 0 3 5 10 4 4 8 9 0 13 11 3 1 4 2 3 3 2 1 1 1 1118 0 2 2
0 10 0 3 0 5 2 10 13 12 9 4 3 3 5 4 3 1 1 2 1 3 1 1158 2 1 0
0 3 0 3 1 3 13 0 7 5 1 0 5 4 2 3 6 1 2 2 3 1 2 1 3 1 850 2 3 1
10 13 4 0 9 8 6 1 6 4 3 0 4 1 3 3 6 2 1 3 2 3 2 3 8 0.18181818181818185 9 0.27272727272727276 10 0.54545454545454553 890 1 3 2
11 13 6 4 9 4 3 3 4 3 2 3 3 2 0 0 2 1 3 1 1 1 930 1 0 1
2 11 8 0 4 9 13 1 8 7 3 1 5 3 5 3 1 3 1 2 1 970 0 0 1
2 3 5 1 3 8 13 4 5 7 1 0 0 1 2 0 7 2 2 3 1 1 2 3 1 3 1 841 2 3 2
0 7 3 1 9 7 1 4 1 13 4 0 0 3 3 1 4 2 2 3 2 1 2 1 881 0 3 1
5 9 8 5 4 7 6 4 1 3 13 4 0 0 1 2 2 2 2 1 1 1 921 0 2 0
11 0 2 2 13 1 6 1 6 7 4 3 2 4 1 3 0 1 3 1 961 0 0 0
3 11 5 4 9 8 7 3 13 6 2 2 3 1 3 0 10 1 1 3 1 2 2 2 1 3 3 3 6 0.33333333333333331 7 0.33333333333333331 8 0.33333333333333331 1001 4 3 3
1 6 6 1 12 13 8 1 4 6 5 4 2 3 2 2 11 2 1 3 2 3 3 2 1 1 1 3 1 2 1 1041 4 3 4
8 2 3 6 13 9 5 3 12 5 7 3 7 0 0 1 11 2 3 1 2 3 3 1 1 3 2 2 1 1 1 1081 3 4 4
2 3 13 1 6 4 4 0 3 6 0 0 2 0 5 0 8 1 3 2 1 3 1 3 3 1 2 1 953 3 1 4
4 0 3 0 13 4 0 0 8 6 3 3 5 4 3 1 4 2 3 2 3 1 1 1 993 0 2 2
4 0 0 3 13 9 2 4 8 6 1 0 4 2 1 0 1 2 1 1 1 1033 0 1 0
10 8 4 3 8 4 4 0 13 2 3 0 3 0 1 0 11 2 3 2 3 3 2 2 1 1 1 1 1 3 1 1073 4 4 3
10 9 10 3 13 6 10 2 7 6 4 0 1 5 4 1 10 1 1 1 2 3 2 3 2 3 3 1 2 1 1113 3 3 4
2 3 12 4 13 8 7 4 1 6 5 2 3 0 2 1 7 2 1 1 3 3 3 2 1 1 1 1153 2 2 3
13 7 9 12 6 5 3 3 2 3 0 0 2 1 0 0 4 2 3 1 1 1 3 1 1193 2 1 1
13 8 9 12 3 7 5 2 0 1 2 4 2 0 1 4 0 1 1 1 1233 0 0 0
13 1 1 0 8 8 2 0 6 5 3 1 2 3 0 0 7 3 3 1 1 2 2 3 1 2 1 959 2 2 3
1 1 4 3 4 13 2 1 4 10 2 0 0 8 1 0 5 3 2 2 2 1 1 3 1 999 1 3 1
0 0 1 0 4 3 3 0 13 7 7 3 10 8 3 3 3 3 2 1 1 2 1 1039 1 1 1
0 3 2 0 3 5 3 1 4 6 3 4 13 11 6 5 0 1 3 1 1079 0 0 0
2 4 4 1 1 5 7 4 0 2 10 8 0 3 13 11 11 2 1 1 2 3 1 3 3 2 2 1 3 6 0.33333333333333331 7 0.33333333333333331 8 0.33333333333333331 1119 4 4 3
0 1 3 1 3 7 3 4 0 5 8 2 1 3 5 13 5 2 2 1 2 3 1 3 1 835 1 3 1
3 2 1 0 0 2 1 2 3 6 5 1 6 9 13 4 1 1 1 2 1 875 1 0 0
0 3 3 1 3 0 0 6 2 4 6 8 0 0 10 13 11 1 2 2 3 1 3 2 1 1 2 3 1 3 1 915 4 4 3
3 3 0 1 1 4 4 7 2 6 7 8 4 4 11 13 9 2 1 2 2 2 1 3 3 3 1 1 1 955 2 4 3
1 1 0 0 5 1 3 2 5 7 9 13 3 8 11 2 7 1 2 1 2 3 2 3 1 3 1 995 2 3 2
3 1 1 4 2 2 1 7 0 1 10 13 0 3 11 2 3 3 2 2 1 1 1 1035 0 2 1
0 3 1 2 3 5 1 1 2 6 1 13 3 12 9 2 4 2 1 3 3 1 2 1 1075 1 1 2
0 0 3 3 1 2 5 3 5 8 6 10 1 12 9 13 3 3 2 3 1 3 1 1115 0 1 2
0 0 0 3 0 0 5 4 0 3 5 7 2 1 6 13 7 2 1 3 1 3 2 1 1 2 1 961 3 2 2
3 1 1 3 0 6 7 1 2 6 8 13 3 3 10 0 5 2 2 3 2 3 1 1 1 1001 0 3 2
0 2 3 5 2 4 4 6 0 3 7 13 0 3 9 10 4 1 3 3 1 1 3 1 1041 2 0 2
3 3 2 1 2 6 3 4 5 5 6 1 0 11 13 2 2 1 3 1 3 1 1081 1 0 1
0 2 1 3 2 6 3 5 8 6 3 2 3 11 13 1 10 1 1 3 2 2 3 1 3 3 1 1 2 1 1121 4 2 4
0 0 4 4 1 5 7 1 4 5 9 2 2 3 11 13 9 2 2 3 3 3 1 2 1 3 1 1 1 1161 2 3 4
1 3 4 4 1 3 7 9 0 5 8 13 2 0 11 9 6 2 1 1 2 3 2 1 3 1 1201 2 3 1
0 3 6 9 3 6 10 13 0 2 11 3 3 0 2 1 2 1 3 1 3 1 1241 1 0 1
4 6 6 13 0 4 3 5 2 3 2 1 0 0 0 1 11 2 3 2 1 3 1 3 1 1 2 3 1 2 1 944 4 3 4
0 0 0 2 5 8 13 1 5 6 4 1 3 3 3 2 7 3 2 1 1 1 3 2 1 2 1 984 3 2 2
10 9 13 4 9 5 6 0 5 1 4 2 2 2 3 1 6 1 1 2 3 3 2 1 1 1 1024 2 2 2
3 4 11 13 0 4 5 8 3 0 4 5 1 0 2 3 2 1 3 1 2 1 1064 1 0 1
3 5 11 13 2 4 7 8 3 3 7 0 1 3 5 3 11 1 3 1 2 1 2 2 1 2 3 3 1 3 1 1104 4 4 3
3 3 11 13 5 6 7 9 1 2 3 7 1 2 2 1 8 1 1 3 2 3 1 3 2 1 2 1 1144 3 2 3
0 2 1 0 0 0 11 13 0 5 3 9 4 4 5 10 7 2 1 2 1 1 3 2 3 7 0.2857142857142857 8 0.2857142857142857 9 0.42857142857142855 1184 3 3 1
3 13 9 3 11 10 8 7 0 0 7 4 1 3 0 3 4 3 3 2 2 1 1 1 1224 0 2 2
13 4 3 0 7 3 4 0 6 5 1 0 1 3 0 3 4 2 1 2 2 1 3 1 1013 1 3 0
13 5 2 3 9 6 2 3 4 4 1 0 3 2 1 1 2 2 3 1 1 1 1053 0 1 1
13 0 0 2 9 3 4 0 8 1 2 1 6 4 3 2 10 2 1 3 1 1 3 3 2 2 3 1 1 1 1093 3 3 4
13 2 1 0 9 7 5 0 8 7 4 1 2 4 3 1 6 2 2 1 3 2 3 1 1 1 1133 1 3 2
0 0 0 2 3 2 0 3 13 6 5 3 10 7 5 4 2 1 3 1 1 1 1173 1 0 1
9 6 2 2 13 7 3 4 11 8 10 0 5 4 4 4 4 3 3 1 3 1 1 1 1213 1 0 3
1 2 0 2 3 4 8 0 13 6 3 0 2 4 3 0 9 2 3 1 2 3 1 1 3 1 1 3 1 721 4 2 3
1 1 1 2 0 3 4 3 3 4 13 4 0 0 9 3 5 1 2 2 2 3 1 3 1 761 1 3 1
3 2 1 4 3 3 4 4 0 5 6 9 2 7 13 0 1 3 1 1 1 801 0 0 1
0 4 3 1 2 1 7 2 1 3 7 8 3 2 13 9 0 3 8 0.18181818181818185 9 0.27272727272727276 10 0.54545454545454553 841 0 0 0
0 0 3 1 0 3 7 13 2 4 5 11 3 1 0 6 8 2 2 3 1 1 2 3 1 1 2 1 881 3 3 2
0 0 0 4 3 3 3 4 0 3 5 7 3 8 13 11 4 3 1 2 2 1 1 1 921 1 2 1
5 7 11 13 4 5 10 2 1 2 3 2 1 2 0 0 2 1 3 1 1 1 961 1 0 1
0 3 3 11 4 3 8 10 0 3 7 13 3 2 1 5 11 2 1 3 1 2 3 3 2 3 2 1 1 1 1 1001 3 4 4
13 4 2 1 3 7 8 2 1 4 3 4 1 9 5 0 10 3 3 1 1 3 2 3 2 2 2 1 1 1 841 2 4 4
3 3 0 0 7 4 4 1 13 10 4 3 3 11 3 0 9 1 2 2 1 1 3 3 3 2 1 2 1 881 3 3 3
0 2 3 0 3 12 3 0 0 8 6 5 4 13 5 2 6 2 1 1 1 2 3 1 1 1 921 3 2 1
2 4 4 1 0 12 5 11 1 3 9 13 0 3 3 4 4 2 3 2 1 1 3 1 961 1 2 1
3 12 11 3 7 13 7 1 9 4 3 3 4 8 2 2 2 3 3 1 1 1 1001 0 0 2
1 12 11 3 8 13 11 0 3 4 5 3 4 0 0 2 2 3 1 1 2 1 1041 1 0 1
1 13 5 3 2 0 4 7 0 1 4 6 0 1 0 2 8 3 3 1 3 3 2 2 2 1 1 1 848 1 3 4
0 0 9 3 2 2 3 9 0 3 4 13 2 0 0 4 7 3 1 1 1 2 1 3 1 3 1 888 4 1 2
0 5 6 11 3 4 7 13 0 2 3 4 3 0 0 3 5 2 1 3 1 1 1 2 1 928 3 1 1
0 2 0 11 3 5 5 13 0 3 6 9 1 2 3 7 4 1 1 2 3 1 3 1 968 2 1 1
0 8 0 2 2 3 7 4 10 8 6 5 1 2 11 13 6 3 1 2 1 3 3 1 1 1 1008 2 1 3
0 1 13 5 0 2 1 10 0 3 7 2 3 0 3 3 9 1 2 3 2 1 2 3 1 1 1 2 1 890 4 3 2
1 4 3 0 13 9 4 1 2 6 8 11 4 6 2 3 8 2 1 2 3 3 2 1 1 1 3 1 930 3 3 2
0 7 1 2 1 6 4 2 13 3 2 0 3 1 0 0 9 3 1 3 1 3 3 2 2 2 1 1 1 804 2 3 4
4 8 6 4 13 7 5 3 0 3 5 3 3 3 2 0 6 3 1 2 1 2 3 1 1 1 844 2 2 2
0 2 2 1 1 4 3 3 13 6 7 3 3 9 8 5 4 3 3 3 2 1 1 1 884 0 1 3
2 0 1 1 6 0 3 1 13 3 1 2 2 6 8 10 2 2 3 1 3 1 924 0 1 1
4 7 1 2 3 5 1 4 2 1 4 9 3 1 13 11 1 2 1 2 1 964 0 1 0
1 3 2 0 3 1 2 1 5 4 9 10 10 7 13 11 1 2 1 3 1 1004 0 1 0
0 0 1 4 3 3 3 10 0 0 5 12 2 5 6 13 11 2 2 1 3 2 3 1 3 1 2 1 1 3 1 1044 4 4 3
4 1 3 1 3 4 2 10 0 2 6 12 1 7 8 13 8 2 1 2 2 1 2 3 3 1 1 1 1084 2 4 2
2 0 1 2 1 3 4 8 0 3 6 2 0 3 13 4 0 1 1 1 709 0 0 0
3 0 4 4 0 7 4 2 4 7 8 2 3 13 3 1 8 1 3 2 3 2 1 1 1 1 2 1 749 4 2 2
1 0 2 0 3 2 4 2 10 7 3 3 13 7 1 0 6 1 1 3 1 2 2 1 3 1 789 3 2 1
4 4 0 1 4 5 1 0 11 5 7 0 3 13 9 2 4 2 3 3 1 1 2 1 829 1 1 2
0 1 0 0 5 1 2 3 1 3 11 6 3 13 10 9 3 3 2 2 1 3 1 869 0 2 1
3 0 3 6 1 4 1 7 3 5 6 9 7 13 12 2 1 2 1 3 1 909 0 1 0
1 10 3 4 13 10 5 1 12 7 6 2 0 2 6 4 0 1 3 1 949 0 0 0
12 13 0 1 11 9 5 3 2 6 6 5 3 3 0 1 10 2 2 1 3 2 1 3 3 2 3 1 1 1 989 2 4 4
1 3 13 0 3 4 4 9 3 6 4 2 3 2 0 0 6 3 1 1 2 2 1 1 3 1 918 3 2 1
0 2 5 13 1 4 8 9 2 2 5 7 0 3 0 3 3 1 1 1 1 2 1 958 3 0 0
0 1 9 2 3 0 6 13 0 5 10 4 3 1 5 4 0 1 2 1 998 0 0 0
5 3 2 1 4 5 4 0 4 10 13 0 3 10 0 0 9 3 1 2 2 2 1 3 3 1 1 3 1 1038 3 3 3
2 5 4 0 7 6 3 5 4 6 7 1 11 13 1 0 10 1 1 3 2 2 2 2 3 1 3 1 3 1 1078 3 4 3
6 6 2 0 11 10 1 0 8 13 3 0 9 4 4 3 9 1 3 2 1 2 3 1 3 2 1 3 1 1118 3 3 3
7 9 1 2 11 10 5 1 8 13 6 3 9 7 3 3 7 2 3 1 3 2 1 2 1 3 1 1158 2 3 2
3 2 5 1 13 12 7 5 9 4 3 6 5 3 3 0 3 1 3 2 1 3 1 1198 1 1 1
0 1 0 0 3 13 3 2 3 4 5 3 1 5 1 1 7 2 3 2 2 2 3 1 1 3 1 755 1 4 2
13 6 5 3 8 7 3 3 8 6 4 0 2 2 0 0 5 3 1 1 2 3 1 1 1 795 2 1 2
2 0 3 0 13 3 1 2 10 5 1 0 4 3 3 0 2 2 1 1 3 1 835 1 1 0
3 2 0 1 0 0 4 4 13 6 4 3 11 7 5 3 11 3 2 3 1 1 3 2 1 3 2 1 1 2 1 875 4 3 4
10 13 8 6 11 7 5 2 2 3 1 1 0 0 0 2 8 1 1 3 3 2 2 3 1 1 3 1 915 3 2 3
1 3 3 13 0 2 6 3 3 9 5 4 0 0 3 1 1 3 1 2 1 838 0 0 1
1 3 2 0 0 5 7 4 4 4 8 10 7 3 9 13 0 1 3 1 878 0 0 0
13 5 0 3 3 4 2 2 1 3 6 1 2 4 0 0 5 2 3 1 1 3 1 3 1 880 2 1 2
1 13 10 0 3 6 7 2 2 4 6 6 4 2 1 3 2 1 2 1 1 1 920 1 1 0
4 4 13 5 3 6 7 9 0 3 8 11 0 1 0 2 3 1 3 3 1 2 1 960 1 0 2
2 3 3 5 0 1 4 8 0 4 13 10 1 4 7 11 0 1 2 1 1000 0 0 0
1 0 1 0 2 2 4 0 5 3 0 2 7 12 13 3 10 1 2 3 1 3 3 3 2 2 1 1 1 1 1040 3 3 4
3 3 3 0 3 6 3 2 8 6 6 3 3 12 13 3 8 2 1 1 2 2 1 1 3 1 3 1 1080 4 3 1
0 0 2 7 2 3 3 5 0 8 13 3 0 11 12 2 7 1 3 3 1 1 1 3 1 2 1 1120 4 0 3
2 6 3 0 11 9 5 0 13 8 8 4 12 2 3 3 6 2 2 1 1 3 1 1 1 1 1160 3 2 1
13 3 3 3 1 6 2 0 3 1 0 0 2 9 0 0 3 1 3 2 3 4 0.54545454545454553 5 0.27272727272727276 6 0.18181818181818185 832 1 1 1
3 1 0 3 2 4 4 5 3 3 4 13 3 9 8 3 1 2 1 1 1 872 0 1 0
0 2 1 0 1 5 4 0 2 10 13 2 10 3 3 0 10 3 3 2 1 3 1 2 2 3 1 1 1 1 912 3 3 4
1 7 5 4 11 9 4 4 13 1 6 3 0 2 0 0 7 3 2 1 2 1 3 2 1 3 1 952 2 3 2
2 1 1 2 4 11 4 2 13 8 5 5 1 9 7 1 3 3 2 1 1 2 1 992 1 1 1
11 10 1 0 13 7 4 0 5 5 4 2 4 3 3 0 0 1 3 1 1032 0 0 0
11 9 0 1 13 10 3 1 8 5 4 0 7 3 3 3 10 2 3 2 3 2 1 3 2 1 3 3 6 0.33333333333333331 7 0.33333333333333331 8 0.33333333333333331 1072 2 4 4
13 0 0 2 12 1 7 2 6 7 2 0 10 4 1 3 9 1 3 1 3 1 1 2 2 2 1 3 1 1112 4 3 2
2 3 13 0 1 3 2 3 3 1 6 3 2 4 0 0 2 3 3 1 1 1 885 0 0 2
1 8 13 2 2 3 5 1 3 4 2 3 0 0 3 0 10 3 3 1 1 2 2 3 1 1 3 1 2 1 925 4 2 4
3 10 13 5 8 7 5 3 6 6 4 3 1 0 0 1 9 2 3 2 2 3 3 1 1 2 3 7 0.2857142857142857 8 0.2857142857142857 9 0.42857142857142855 965 2 4 3
0 9 3 4 2 7 8 10 2 5 6 13 4 5 3 2 6 3 1 1 3 1 2 1 1 1 1005 3 1 2
3 1 2 0 2 3 5 1 1 3 8 1 3 4 11 13 4 2 2 3 1 1 2 1 1045 1 2 1
3 4 2 0 4 6 4 3 7 6 8 3 3 8 11 13 2 1 1 1 2 1 1085 2 0 0
2 1 1 3 4 0 0 0 4 6 4 3 4 10 11 13 0 1 2 1 1125 0 0 0
0 4 3 3 9 4 3 1 10 11 13 2 2 1 4 4 9 2 1 3 2 3 1 3 1 3 1 2 1 1165 3 2 4
1 3 1 4 0 13 5 2 2 1 3 3 7 0 5 0 2 3 3 1 2 1 839 0 0 2
4 3 0 0 2 3 6 7 1 4 13 8 3 2 1 3 11 1 3 2 3 1 3 1 3 2 2 2 1 1 1 879 3 4 4
3 6 9 5 3 4 8 13 2 0 3 3 0 1 0 0 9 3 3 2 3 1 1 3 2 2 1 1 1 919 2 3 4
1 11 5 13 2 5 7 8 3 6 5 3 0 1 5 2 8 3 2 2 1 2 1 1 3 1 3 1 959 3 3 2
4 9 11 13 4 10 6 3 1 2 5 0 0 3 3 1 7 3 3 1 3 2 2 2 1 1 1 999 1 3 3
5 3 3 3 2 12 10 13 1 3 3 1 2 5 0 0 6 1 2 2 3 1 3 1 3 1 1039 2 2 2
1 0 1 3 3 3 5 0 4 12 4 3 13 10 8 5 3 2 3 2 1 3 1 1079 0 2 1
3 3 4 5 5 6 7 6 2 12 8 11 2 1 13 1 1 3 1 3 1 1119 0 0 1
0 2 0 0 1 3 3 3 1 4 8 4 0 0 13 4 1 3 1 2 1 801 0 0 1
9 3 3 0 13 5 3 0 2 3 3 2 0 1 1 0 0 1 3 1 841 0 0 0
2 9 6 6 1 13 7 4 0 3 3 3 3 0 0 1 9 1 2 3 1 2 1 2 2 3 1 3 1 881 3 4 2
3 4 10 10 0 13 0 2 2 3 0 4 2 0 0 3 7 1 2 3 3 3 1 1 1 1 1 921 3 1 3
3 7 7 11 4 4 3 13 3 0 7 3 3 0 3 1 5 2 2 2 1 3 1 1 1 961 1 3 1
4 6 13 11 3 4 9 5 0 0 4 2 3 0 0 2 2 1 1 3 6 0.33333333333333331 7 0.33333333333333331 8 0.33333333333333331 1001 2 0 0
0 7 13 1 2 9 10 11 0 4 6 7 1 3 2 2 2 1 3 1 3 1 1041 1 0 1
0 1 4 3 2 6 13 1 5 4 3 3 2 0 0 1 3 2 3 1 1 2 1 739 1 1 1
0 0 5 4 0 3 3 13 2 4 5 8 1 4 4 5 1 2 1 1 1 779 0 1 0
1 13 8 3 9 8 4 0 4 6 0 1 6 3 2 0 0 1 2 1 819 0 0 0
3 10 7 2 13 7 6 5 3 3 3 5 0 1 0 1 9 1 3 3 2 2 3 2 1 1 1 2 1 859 3 3 3
0 0 0 2 4 10 8 3 0 13 8 3 2 6 4 4 6 3 2 1 3 1 1 1 3 1 899 3 1 2
0 0 0 3 0 4 3 11 3 3 8 13 1 3 4 4 3 2 2 1 1 3 1 939 1 2 0
3 1 9 11 0 3 7 13 0 3 5 6 2 1 3 5 0 1 2 1 979 0 0 0
0 2 8 10 0 4 7 11 2 5 5 13 3 1 3 4 9 2 2 1 1 1 1 2 3 3 1 3 1 1019 4 3 2
0 5 6 1 0 1 6 13 3 2 2 3 0 1 0 0 10 2 2 1 3 3 3 3 2 1 1 1 2 1 785 3 3 4
0 3 3 1 0 0 6 9 3 5 8 13 0 3 4 2 7 3 2 1 2 1 3 2 1 1 1 825 2 3 2
2 4 9 3 0 1 6 11 0 0 1 13 0 0 2 2 6 3 1 1 2 2 3 1 1 1 865 2 2 2
0 8 0 0 7 11 10 4 5 13 0 0 2 3 2 1 7 1 2 2 3 1 3 3 1 1 1 905 2 2 3
1 3 3 4 10 6 5 3 13 3 7 3 0 12 2 1 7 2 2 3 3 3 1 2 1 1 1 945 1 3 3
3 3 4 0 10 6 5 2 13 8 6 6 3 1 12 3 4 1 1 2 3 1 2 1 985 2 1 1
0 2 3 10 1 3 1 9 5 3 13 5 2 8 12 7 1 1 1 2 1 1025 1 0 0
1 6 4 0 3 5 9 5 2 13 11 12 3 3 0 2 10 1 1 2 1 3 3 2 2 1 3 1 3 1 1065 4 3 3
0 3 0 0 0 0 3 0 0 2 7 3 1 13 3 5 1 1 1 2 1 762 1 0 0
3 1 0 0 6 5 3 2 8 5 1 2 13 3 0 0 10 3 1 2 2 1 2 3 3 1 1 1 2 1 802 4 3 3
5 3 3 0 7 5 3 2 9 3 1 2 13 4 0 0 8 3 3 1 3 2 1 2 1 1 3 1 842 3 2 3
6 3 3 3 8 4 2 0 9 6 4 0 13 5 4 0 6 2 3 3 3 1 1 3 8 0.18181818181818185 9 0.27272727272727276 10 0.54545454545454553 882 2 1 3
3 3 0 1 4 8 3 1 5 6 5 0 11 13 2 0 4 3 3 2 1 1 2 1 922 1 1 2
5 0 3 3 1 2 5 0 9 5 2 0 11 13 3 1 0 1 3 1 962 0 0 0
1 0 3 3 3 8 3 4 9 8 5 0 11 13 8 2 11 2 3 2 3 1 3 1 2 2 1 1 3 8 0.18181818181818185 9 0.27272727272727276 10 0.54545454545454553 1002 4 4 3
4 4 3 0 8 5 4 2 12 7 4 5 6 13 6 1 11 3 1 3 1 3 1 2 3 2 2 1 1 2 1 1042 4 3 4
2 6 3 2 3 4 4 3 2 3 8 13 3 0 1 0 1 1 1 1 1 872 1 0 0
3 2 4 1 0 5 2 3 0 3 1 9 0 4 1 13 9 2 3 3 2 3 1 1 2 2 1 1 1 912 2 4 3
2 1 3 10 3 5 5 9 0 3 6 8 0 1 4 13 7 3 1 3 2 1 2 3 1 2 1 952 2 2 3
1 5 8 11 0 3 7 13 0 0 3 4 0 1 0 2 6 2 2 1 2 1 3 1 3 1 992 2 3 1
4 5 9 11 2 4 6 13 3 2 2 1 3 0 0 0 2 1 1 1 3 1 1032 2 0 0
0 9 1 11 0 6 8 13 3 6 7 10 1 1 2 4 1 2 1 2 1 1072 0 1 0
4 13 7 4 5 5 6 1 3 2 12 0 0 1 0 0 10 3 3 1 2 3 1 3 1 2 2 1 2 1 1112 3 3 4
0 3 13 5 1 2 5 12 2 4 7 9 1 3 3 4 7 2 3 2 2 1 1 3 1 1 1 1152 2 3 2
0 0 3 0 2 4 3 0 4 6 4 1 1 3 5 13 4 2 1 3 3 1 2 1 796 1 1 2
2 1 0 0 3 5 0 1 8 5 1 0 4 13 5 2 1 2 3 8 0.18181818181818185 9 0.27272727272727276 10 0.54545454545454553 836 0 1 0
0 0 5 3 9 8 4 1 3 1 13 2 0 0 0 4 9 1 3 2 2 1 3 3 1 2 1 2 1 876 3 3 3
13 9 9 6 1 3 4 4 6 0 2 3 0 2 0 0 8 1 1 3 3 2 1 3 3 1 2 1 916 3 1 4
10 7 4 3 8 5 5 0 13 4 1 1 4 3 0 2 5 3 3 1 2 2 1 3 1 956 1 2 2
2 11 0 0 1 10 6 4 13 6 5 3 1 2 4 3 4 3 2 1 3 1 3 1 996 1 1 2
3 5 4 1 1 13 3 0 3 4 2 3 7 0 1 0 8 2 3 3 1 2 2 2 3 1 1 1 842 1 4 3
3 8 4 3 3 7 13 0 4 3 3 0 0 1 4 0 5 3 2 2 3 1 1 3 1 882 1 2 2
3 13 9 3 3 6 5 5 4 3 1 2 3 1 1 0 3 2 2 3 1 3 1 922 0 2 1
3 4 10 13 3 6 8 9 2 5 1 2 1 4 4 0 2 3 2 1 1 1 962 0 1 1
3 11 2 3 5 10 13 0 4 5 3 1 3 2 1 0 11 1 3 3 3 2 2 2 2 1 3 1 1 1 1 1002 3 4 4
4 6 10 13 3 3 8 11 1 3 4 4 0 3 0 0 8 3 1 1 2 2 1 2 2 1 3 1 1042 3 4 1
1 10 13 11 6 7 8 0 3 6 6 3 0 1 2 1 4 3 3 3 2 1 2 1 1082 0 1 3
1 3 10 13 4 7 9 0 5 1 7 11 2 1 3 8 2 2 2 1 3 1 1122 0 2 0
2 4 3 1 3 1 3 13 0 4 5 3 2 2 4 3 6 2 1 2 3 1 1 1 3 1 875 3 2 1
3 1 0 0 3 5 3 0 8 7 4 3 4 2 13 2 4 2 1 2 1 1 1 1 915 2 2 0
0 0 13 2 9 6 5 3 1 7 5 3 3 2 8 3 2 3 1 1 3 1 955 1 0 1
0 1 3 3 2 13 5 3 10 8 3 4 0 4 3 4 11 1 1 2 3 3 1 2 3 2 1 2 1 3 1 995 4 4 3
9 7 3 0 6 13 11 3 4 4 5 3 1 1 3 2 0 1 2 1 1035 0 0 0
2 10 5 4 3 11 4 4 3 1 13 3 3 0 6 0 10 2 2 1 1 2 2 3 1 3 3 1 1 1 1075 3 4 3
2 11 6 1 9 8 13 1 10 5 4 1 3 0 0 0 7 2 3 2 1 2 2 1 1 3 1 1115 2 4 1
0 2 1 2 1 3 3 9 2 5 4 13 0 3 1 3 1 3 3 4 0.54545454545454553 5 0.27272727272727276 6 0.18181818181818185 830 0 0 1
2 5 8 9 0 1 6 13 0 0 3 3 0 2 2 1 10 3 3 1 3 2 1 3 2 2 1 1 1 1 870 3 3 4
0 1 4 1 9 8 9 2 2 8 13 3 1 2 1 5 7 2 3 1 1 2 2 3 1 3 1 910 2 3 2
4 3 0 3 6 4 4 0 9 7 4 1 10 4 13 3 3 1 3 2 1 2 1 950 1 1 1
3 4 2 3 8 7 3 0 11 13 5 1 3 9 5 2 0 1 1 1 990 0 0 0
2 8 7 4 9 13 3 3 11 10 3 3 3 1 0 3 10 1 3 1 1 2 2 2 3 2 1 1 3 1 1030 4 4 2
4 2 13 5 4 12 5 2 1 5 0 0 2 3 0 0 6 3 1 1 1 3 3 1 2 1 1070 3 0 3
0 1 5 3 2 3 4 13 3 12 8 10 0 4 3 2 3 1 1 3 1 2 1 1110 2 0 1
0 3 0 5 1 1 2 4 2 5 8 3 0 3 4 13 0 1 3 1 855 0 0 0
0 0 3 0 2 0 3 3 0 3 5 13 3 9 9 4 9 2 1 3 2 1 1 1 2 3 1 3 1 895 4 3 2
4 3 3 0 10 4 2 2 8 7 1 0 1 13 0 3 7 2 1 2 3 2 1 1 1 3 1 935 3 3 1
0 0 1 3 0 2 3 4 10 13 6 3 2 9 5 3 3 1 3 1 1 2 1 975 2 0 1
1 13 8 3 11 5 5 1 1 7 5 3 1 0 2 0 2 2 2 1 2 1 1015 0 2 0
2 5 13 4 10 11 10 2 3 7 4 0 3 0 3 1 1 1 1 3 1 1055 1 0 0
0 3 13 12 0 3 6 8 0 3 6 3 1 3 3 3 9 1 2 2 3 1 3 1 2 3 1 2 1 1095 3 3 3
4 5 13 12 3 5 6 10 2 4 2 3 0 1 1 3 7 1 3 1 2 2 2 1 1 3 1 1135 3 3 1
4 2 9 1 5 3 13 7 2 1 3 3 3 1 0 2 10 2 1 3 2 2 1 3 3 2 1 1 1 1 799 3 4 3
6 8 0 2 9 7 0 0 13 6 3 3 2 2 6 4 8 1 2 1 3 3 3 1 3 1 1 1 839 3 1 4
2 2 6 0 10 7 6 0 13 10 4 3 1 4 3 1 5 1 3 3 2 1 1 2 1 879 2 1 2
3 13 11 5 0 4 6 7 0 0 3 8 2 0 3 5 2 3 1 1 3 1 919 1 0 1
3 3 11 9 2 13 6 3 1 3 5 7 3 0 3 3 11 1 2 1 3 2 1 1 3 3 3 2 1 2 1 959 4 3 4
13 11 10 3 9 8 5 3 7 5 4 2 3 1 0 0 8 3 2 1 1 3 2 1 3 1 2 1 999 3 2 3
2 13 12 7 1 1 6 3 3 0 4 3 0 3 0 0 7 1 2 2 2 3 1 2 1 1 1 1039 2 4 1
0 3 12 9 2 5 6 13 1 3 5 6 0 0 3 4 6 1 1 2 1 2 3 1 2 1 1079 3 2 1
1 5 7 13 3 4 2 7 0 6 3 4 0 0 1 3 7 1 3 3 3 1 2 2 1 2 1 854 2 2 3
4 3 13 9 2 3 5 10 2 3 3 0 2 4 0 2 5 1 1 1 1 3 1 3 1 894 4 0 1
5 13 9 10 4 9 1 0 4 3 0 2 0 2 0 3 4 1 2 2 1 1 1 1 934 2 2 0
3 10 0 0 11 4 2 4 9 7 5 3 13 3 6 1 5 1 2 3 2 3 1 1 1 974 1 2 2
0 0 3 3 1 0 2 6 0 0 4 8 0 3 3 13 6 1 2 2 3 3 3 1 1 1 813 1 2 3
2 1 4 10 3 4 3 13 0 3 2 0 0 0 3 1 3 1 2 2 1 1 1 853 1 2 0
3 6 7 10 5 5 6 13 1 2 1 2 0 0 0 2 0 1 1 1 893 0 0 0
0 9 9 10 0 3 3 13 3 3 3 1 0 3 0 2 0 1 3 1 933 0 0 0
3 6 13 11 3 5 6 4 0 3 0 6 0 1 0 2 8 1 2 1 2 3 3 3 2 1 1 1 973 2 3 3
0 1 13 1 0 3 8 11 1 4 4 7 3 2 3 5 4 2 1 2 2 1 3 1 1013 1 3 0
2 7 9 13 5 6 11 4 5 3 4 1 0 2 3 3 2 1 1 1 2 1 1053 2 0 0
3 0 3 3 5 1 8 13 4 9 7 11 4 6 2 0 11 2 3 1 3 3 3 1 2 1 1 2 1 2 1 1093 4 3 4
4 1 13 2 4 5 5 2 5 7 3 1 0 1 3 0 4 3 1 2 3 1 2 1 780 1 1 2
0 1 0 2 1 3 10 13 1 2 5 7 3 3 4 4 2 2 3 1 3 1 820 0 1 1
0 2 0 2 0 1 6 6 3 5 8 10 2 3 13 1 10 1 3 1 2 1 1 3 3 2 2 1 3 1 860 4 3 3
0 5 5 3 2 6 6 9 0 3 13 4 0 0 11 4 10 2 3 1 1 3 1 2 3 3 2 1 1 1 900 3 3 4
1 3 2 0 3 1 4 1 2 8 7 9 4 13 11 7 7 2 3 3 2 1 1 2 1 3 1 940 2 3 2
2 1 2 0 0 3 3 3 1 4 7 10 5 6 13 11 3 3 2 3 1 1 1 980 0 1 2
0 0 1 3 2 0 0 3 1 3 8 10 5 8 13 11 1 2 1 3 1 1020 0 1 0
2 1 0 4 3 0 6 3 1 3 9 10 5 8 13 11 10 2 2 2 1 1 3 3 3 1 2 1 3 1 1060 3 4 3
0 1 3 1 0 2 5 13 0 1 6 5 2 0 3 3 8 3 3 2 3 2 1 1 2 1 3 1 764 2 3 3
3 6 8 0 7 3 7 1 13 7 3 0 4 2 0 3 6 1 2 1 3 3 2 1 3 1 804 2 2 2
0 0 4 1 3 6 13 2 2 7 8 0 3 1 9 3 4 2 2 1 1 1 3 1 844 2 2 0
3 2 0 0 2 2 0 0 5 7 3 1 10 13 3 1 0 1 1 1 884 0 0 0
5 4 2 1 6 4 3 0 9 7 4 3 10 13 8 3 11 2 3 2 3 1 1 1 3 3 1 2 1 2 1 924 4 3 4
3 9 4 3 1 7 11 4 2 4 13 5 0 3 0 1 10 2 3 1 3 1 2 2 3 2 3 1 1 1 964 2 4 4
3 5 0 0 3 8 3 3 9 7 4 0 2 13 11 3 7 2 3 1 2 2 1 1 1 1 1 1004 3 3 1
1 1 0 3 0 1 2 6 0 1 5 10 4 5 13 11 3 2 3 2 1 2 1 1044 0 2 1
4 3 2 0 1 9 5 2 4 4 9 0 1 1 13 2 11 2 3 1 1 2 1 2 3 3 3 2 1 1 1 891 3 4 4
0 10 13 1 2 7 5 4 9 5 6 4 4 3 1 2 9 2 3 3 1 3 1 3 2 1 1 2 1 931 3 2 4
11 13 2 1 4 5 1 0 4 4 3 0 5 4 2 0 6 1 2 2 3 3 3 1 1 1 971 1 2 3
11 13 5 3 7 6 4 1 6 4 3 2 1 5 3 3 3 2 2 1 1 3 1 1011 1 2 0
11 13 7 2 9 10 4 2 8 4 0 0 8 4 4 1 3 3 1 2 1 1 1 1051 1 1 1
3 1 2 2 9 13 4 0 12 6 3 0 1 4 4 3 0 1 3 1 1091 0 0 0
5 13 8 10 12 9 5 7 3 3 4 5 0 0 1 2 0 1 3 1 1131 0 0 0
3 5 12 13 4 2 11 0 1 7 6 7 4 6 2 0 10 2 3 1 2 3 1 1 2 1 3 1 3 1 1171 4 3 3
3 5 1 3 0 1 4 2 0 13 2 2 3 0 1 0 8 3 1 2 2 3 2 1 3 1 1 1 733 2 3 3
4 4 2 0 3 5 6 4 3 7 0 1 9 13 10 0 7 3 1 3 2 1 3 2 3 6 0.33333333333333331 7 0.33333333333333331 8 0.33333333333333331 773 2 2 3
1 2 3 0 7 5 3 0 11 6 3 1 9 13 2 3 6 2 1 3 3 2 1 3 7 0.2857142857142857 8 0.2857142857142857 9 0.42857142857142855 813 2 2 2
0 0 2 1 3 3 3 4 1 3 5 3 11 10 13 3 3 3 2 1 1 2 1 853 1 1 1
1 4 3 2 0 1 6 2 10 8 6 1 11 13 4 3 1 3 1 2 1 893 0 0 1
3 7 3 0 6 5 3 3 10 9 4 0 11 13 3 0 10 2 3 1 2 3 2 1 2 1 3 1 1 1 933 3 4 3
2 5 4 1 8 7 3 3 10 9 4 4 11 13 2 0 6 3 3 2 1 1 1 1 2 1 973 3 1 2
1 3 1 3 0 3 7 8 3 5 1 13 10 0 0 12 5 3 3 2 2 2 1 3 1 1013 0 3 2
1 2 3 13 0 3 7 3 0 3 5 1 0 3 0 0 10 3 3 1 2 2 2 3 1 1 3 1 2 1 988 3 3 4
3 2 1 0 0 0 6 4 0 3 6 13 3 4 3 8 7 1 3 1 2 1 2 2 1 3 1 1028 3 3 1
5 6 13 10 3 4 7 9 0 4 5 2 2 1 3 0 8 3 1 3 3 2 1 3 1 1 2 1 1068 3 1 4
1 13 8 7 4 6 7 11 4 3 5 1 3 0 0 0 7 1 2 3 1 3 2 2 1 2 1 1108 2 3 2
3 2 3 13 0 1 9 2 0 12 10 5 0 3 3 5 9 3 2 1 1 1 2 3 1 2 1 3 1 1148 4 3 2
5 7 13 3 12 9 6 2 7 10 4 1 3 5 4 3 6 3 2 1 2 1 2 1 1 1 1188 2 3 1
1 13 4 0 10 7 8 10 6 9 12 7 5 3 3 1 3 2 3 3 1 2 1 1228 0 1 2
9 4 13 4 4 9 8 3 3 5 3 3 0 3 3 0 9 1 3 1 3 2 1 2 1 2 1 2 1 859 4 3 2
0 1 1 2 5 7 3 3 10 13 7 4 3 2 9 3 8 2 3 1 3 2 3 1 2 1 1 1 899 2 3 3
2 6 5 13 10 8 7 3 1 5 9 3 2 4 4 1 5 2 1 2 1 3 1 3 1 939 2 2 1
3 3 3 6 3 13 4 7 1 11 5 9 2 0 3 1 3 3 3 2 1 3 1 979 0 1 2
3 10 7 1 1 11 6 3 1 4 13 0 3 0 0 2 1 2 1 2 1 1019 0 1 0
0 2 11 10 5 1 8 13 1 5 5 7 2 1 2 3 1 3 1 3 1 1059 0 0 1
3 1 3 2 3 11 9 0 3 4 9 10 6 7 13 0 0 1 3 1 1099 0 0 0
3 2 3 0 4 12 10 0 3 5 13 3 5 6 3 3 10 1 3 3 3 1 2 2 1 3 1 1 2 1 1139 4 2 4
1 0 3 3 4 3 6 0 2 13 4 1 4 3 3 1 4 2 2 1 2 1 3 1 1009 1 3 0
1 0 0 4 0 2 4 5 3 3 6 8 3 3 3 13 2 3 3 3 4 0.54545454545454553 5 0.27272727272727276 6 0.18181818181818185 1049 0 0 2
1 1 2 3 0 3 3 5 2 5 5 9 3 0 13 10 11 3 3 2 1 1 1 1 3 2 2 2 1 3 1 1089 4 4 3
3 3 4 5 1 4 5 7 2 4 7 9 0 1 13 10 9 1 3 2 1 3 1 2 3 2 1 2 1 1129 3 3 3
0 2 4 0 1 4 11 0 3 4 13 3 4 3 3 0 5 1 2 2 1 1 1 2 1 1169 3 2 0
1 4 2 11 4 8 9 0 3 4 13 1 4 4 0 2 3 1 3 2 1 3 1 1209 1 1 1
1 0 0 6 2 0 1 11 0 4 9 9 2 4 13 3 0 1 3 1 1249 0 0 0
2 1 3 4 5 5 7 11 3 6 5 10 2 8 13 3 10 1 3 3 3 3 2 1 1 1 2 1 2 1 1289 4 2 4
3 0 5 0 2 1 6 2 3 13 4 4 2 4 3 3 8 1 2 2 1 1 1 3 3 1 3 1 741 4 2 2
7 3 3 3 1 7 4 2 4 7 8 13 0 1 2 0 7 1 1 2 2 3 2 3 1 1 1 781 2 3 2
9 3 0 1 8 5 5 0 1 4 6 13 2 8 4 0 5 3 1 2 1 2 1 2 1 821 2 2 1
1 4 3 0 9 10 3 0 6 13 1 3 7 0 1 0 4 2 2 2 3 1 3 1 861 0 3 1
5 3 3 3 10 7 4 3 9 8 3 0 3 13 0 3 1 1 1 2 1 901 1 0 0
3 3 3 0 3 5 5 0 3 6 3 3 13 11 1 0 9 2 2 1 2 1 3 2 3 3 1 1 1 941 2 4 3
0 0 1 0 4 3 3 0 5 6 4 2 13 9 11 3 8 3 3 3 2 1 2 1 1 1 2 1 981 3 2 3
2 0 1 0 2 2 4 0 8 6 3 2 13 9 11 3 4 3 1 1 1 1 3 1 1021 3 0 1
13 6 4 0 6 4 1 0 1 3 0 0 2 0 0 2 0 1 3 1 803 0 0 0
10 10 3 2 13 6 1 2 4 3 0 1 3 0 0 3 11 3 1 3 1 2 1 2 2 1 3 3 1 2 1 843 4 3 4
0 5 0 3 3 7 4 2 11 5 5 3 13 6 8 3 8 1 2 2 1 1 1 3 2 1 3 1 883 4 3 1
3 6 1 3 0 0 4 4 11 6 5 3 13 9 7 4 6 2 3 1 1 3 2 1 2 1 923 2 2 2
1 0 0 0 3 6 2 2 13 4 12 7 1 2 0 0 5 2 3 1 3 3 1 1 1 963 1 1 3
3 2 0 0 1 3 0 2 2 5 3 0 13 7 12 8 2 1 1 3 8 0.18181818181818185 9 0.27272727272727276 10 0.54545454545454553 1003 2 0 0
1 3 0 3 4 3 2 0 4 5 6 4 13 8 12 9 11 3 3 3 2 2 1 3 1 2 1 2 1 1 1 1043 3 4 4
3 1 0 3 0 4 2 9 4 8 6 11 13 9 12 9 0 1 3 1 1083 0 0 0
0 3 2 0 0 3 6 3 0 3 3 4 3 1 2 13 0 1 1 1 738 0 0 0
3 3 3 3 3 5 8 9 1 0 4 13 3 0 0 2 10 3 1 2 1 1 1 2 3 2 3 1 2 1 778 4 3 3
3 0 1 11 0 3 5 13 0 3 7 6 0 3 4 5 8 2 2 2 1 1 3 1 2 1 3 1 818 3 4 1
3 5 11 13 3 4 7 9 1 4 8 10 0 1 5 1 6 2 2 2 1 3 3 1 2 1 858 1 3 2
2 2 1 12 2 5 8 13 3 3 6 5 1 2 4 4 3 3 1 3 1 1 1 898 1 0 2
5 5 6 12 0 2 9 13 0 2 10 4 1 0 2 3 1 1 1 1 1 938 1 0 0
2 1 0 0 3 5 1 0 1 7 4 2 13 2 3 1 8 3 1 2 3 3 2 1 2 1 3 1 920 2 3 3
2 0 0 0 4 4 3 0 6 13 9 10 3 6 0 1 7 2 2 1 3 3 2 1 1 1 1 960 2 3 2
2 0 3 4 5 4 5 4 0 4 8 11 0 0 13 1 5 1 2 2 3 1 1 3 1 1000 2 2 1
3 6 2 3 0 1 6 13 0 3 3 3 0 2 1 1 5 3 3 2 3 2 1 1 1 903 0 2 3
1 1 3 5 0 3 5 10 0 3 4 13 0 3 0 4 3 3 2 3 1 2 1 943 0 1 2
0 1 8 10 0 2 6 13 3 6 4 5 5 3 2 3 2 1 3 3 7 0.2857142857142857 8 0.2857142857142857 9 0.42857142857142855 983 1 0 1
0 11 13 3 0 3 10 3 0 4 6 5 2 1 4 5 0 3 6 0.33333333333333331 7 0.33333333333333331 8 0.33333333333333331 1023 0 0 0
1 13 3 10 3 5 5 8 0 2 6 12 0 3 3 5 10 1 2 1 2 1 1 2 3 3 3 1 2 1 1063 4 3 3
0 1 11 3 3 10 10 5 9 13 12 2 3 7 2 3 0 1 1 1 1103 0 0 0
2 4 7 1 0 4 13 2 1 4 2 3 1 1 0 1 9 2 3 3 2 1 2 1 2 3 1 3 1 890 2 4 3
2 1 0 0 5 4 2 1 8 7 3 0 3 10 13 3 9 2 1 2 3 3 3 1 2 1 1 3 1 930 3 3 3
6 1 2 2 9 6 4 1 10 4 1 2 13 3 1 0 6 3 3 1 2 3 3 1 2 1 970 1 1 4
6 9 8 1 3 7 6 2 10 5 3 3 13 3 2 3 4 1 2 3 1 1 3 1 1010 2 1 1
2 2 1 0 11 4 0 0 13 8 5 3 4 3 3 3 2 3 1 1 3 1 1050 1 0 1
1 3 11 2 2 9 3 1 13 7 2 3 0 1 3 3 11 3 1 3 2 2 1 2 3 2 1 1 1 3 1 1090 4 4 3
0 3 11 2 1 3 4 9 2 3 6 8 0 3 13 6 9 2 3 3 1 1 3 2 1 1 1 2 1 1130 4 2 3
3 3 5 0 5 11 4 6 5 10 3 2 2 13 1 0 7 2 2 3 1 3 3 1 1 1 1 1170 2 2 3
3 5 2 4 3 0 3 13 0 3 7 4 3 1 1 1 6 3 2 3 3 2 1 1 2 1 847 1 2 3
1 3 3 2 0 1 4 13 1 4 6 9 1 5 5 10 5 2 3 2 2 3 3 6 0.33333333333333331 7 0.33333333333333331 8 0.33333333333333331 887 0 3 2
0 3 3 4 0 4 4 13 3 1 7 9 1 2 8 10 1 2 1 3 1 927 0 1 0
0 0 0 3 0 3 8 3 3 4 5 13 1 4 6 11 10 3 3 2 1 2 1 1 3 3 2 1 2 1 967 3 3 4
1 5 2 0 3 5 9 13 2 4 3 11 1 1 0 3 6 3 1 3 2 2 1 1 2 1 1007 2 2 2
6 2 13 11 5 6 7 10 3 4 1 2 3 1 0 0 3 1 1 2 1 2 1 1047 2 1 0
1 5 13 11 2 2 9 10 3 1 4 3 1 0 2 1 0 1 2 1 1087 0 0 0
6 7 13 11 4 6 9 10 4 0 1 2 3 0 0 0 9 1 2 2 1 3 2 1 3 3 3 6 0.33333333333333331 7 0.33333333333333331 8 0.33333333333333331 1127 3 3 3
2 1 0 3 13 1 0 0 3 8 3 1 4 3 4 3 1 2 1 2 1 753 0 1 0
10 6 5 1 13 4 3 2 4 2 2 0 1 0 0 1 11 2 2 2 2 3 1 1 3 3 3 1 1 1 1 793 3 4 4
3 0 0 1 10 8 3 3 13 5 4 0 3 4 4 1 7 2 2 3 2 1 1 3 1 2 1 833 2 3 2
3 3 3 2 13 11 9 2 0 2 1 4 0 3 2 0 4 1 1 3 3 1 1 1 873 2 0 2
1 9 0 2 5 11 7 1 13 6 3 4 3 3 3 3 1 2 1 3 1 913 0 1 0
1 3 9 1 11 7 5 8 13 3 5 3 0 2 4 1 9 3 3 1 2 1 3 2 2 3 1 2 1 953 2 3 4
0 0 10 0 11 10 4 3 13 9 7 3 3 3 4 1 7 2 2 3 3 2 3 1 1 1 1 993 1 3 3
3 12 8 5 4 10 4 1 13 9 4 2 2 3 5 3 4 1 3 1 2 1 3 1 1033 2 1 1
1 2 0 0 6 7 3 0 4 6 1 0 13 3 4 3 1 3 1 2 1 900 0 0 1
4 3 0 2 10 2 3 0 13 10 1 3 4 0 3 0 0 1 1 1 940 0 0 0
0 0 2 1 4 2 3 4 0 4 6 4 13 11 7 5 10 3 3 1 3 2 3 2 1 1 1 1 2 1 980 4 2 4
3 0 2 2 4 1 3 1 2 6 7 4 13 11 8 9 7 2 1 3 3 1 2 3 1 1 1 1020 2 2 3
2 3 0 0 1 7 6 3 12 6 4 4 3 13 10 2 6 3 1 3 1 3 2 1 3 1 1060 2 1 3
3 2 3 1 1 1 3 13 2 3 8 9 12 5 10 3 5 1 2 3 2 3 1 3 1 1100 1 2 2
0 1 8 13 1 3 7 3 3 6 4 3 1 2 2 1 10 1 3 3 2 2 3 2 2 3 1 3 8 0.18181818181818185 9 0.27272727272727276 10 0.54545454545454553 882 2 4 4
3 4 5 10 3 5 6 13 2 1 4 6 4 2 7 3 8 3 1 1 1 2 1 2 3 1 2 1 922 4 2 2
1 10 3 0 7 9 1 0 5 13 3 0 4 4 1 1 5 2 2 3 3 2 1 2 1 962 0 3 2
3 10 1 1 10 3 3 3 7 4 10 1 8 13 5 3 5 2 2 2 2 1 1 3 1 1002 1 4 0
0 0 0 1 3 3 3 2 11 10 4 3 9 13 7 5 4 2 3 1 3 3 6 0.33333333333333331 7 0.33333333333333331 8 0.33333333333333331 1042 1 1 2
1 2 1 4 0 3 13 5 4 3 5 2 0 5 0 0 2 1 3 1 2 1 908 1 0 1
2 1 3 8 0 11 7 5 0 9 13 5 0 0 4 1 2 2 2 1 1 1 948 0 2 0
5 11 5 3 10 5 0 2 13 6 3 0 4 1 3 0 11 2 3 1 1 1 3 2 2 2 3 1 1 3 1 988 4 4 3
10 3 11 10 13 3 5 3 9 6 4 3 2 1 0 3 11 3 3 1 3 2 2 2 2 1 3 1 1 1 1 1028 3 4 4
10 4 2 3 13 8 11 2 5 11 0 0 1 5 3 0 9 3 1 2 3 3 2 1 2 1 1 1 1 1068 3 3 3
0 2 2 1 0 3 4 5 3 9 7 1 3 13 2 3 8 1 3 3 1 2 1 2 3 3 5 0.42857142857142855 6 0.2857142857142857 7 0.2857142857142857 837 3 2 3
2 2 6 3 0 9 8 6 1 3 13 7 0 4 0 5 8 1 2 3 3 3 1 1 2 1 3 1 877 3 2 3
3 4 2 0 8 13 0 0 10 7 6 1 5 4 3 3 5 2 3 1 1 2 1 3 1 917 2 2 1
1 3 4 13 3 7 6 5 1 10 3 1 2 4 9 2 2 2 3 1 3 1 957 0 1 1
3 6 13 2 1 4 7 8 2 4 10 9 2 1 8 1 11 1 1 2 3 3 2 1 3 1 2 2 1 3 1 997 4 4 3
3 13 11 0 7 8 3 3 6 7 2 2 3 1 0 0 9 3 2 1 1 3 1 2 2 1 1 3 1 1037 4 3 2
2 8 5 4 3 7 8 13 6 9 11 4 3 3 4 3 8 2 3 1 2 3 3 1 1 3 8 0.18181818181818185 9 0.27272727272727276 10 0.54545454545454553 1077 3 2 3
3 2 8 6 7 10 9 4 3 11 13 3 1 1 4 3 5 1 3 3 2 3 1 2 1 1117 1 1 3
2 4 3 2 3 13 4 0 1 3 6 0 9 0 1 0 4 1 3 1 2 1 2 1 776 2 1 1
2 4 3 3 10 8 4 3 9 13 3 1 2 2 0 1 1 3 1 1 1 816 0 0 1
1 3 3 0 9 3 1 5 7 4 2 1 3 11 13 3 1 2 1 2 1 856 0 1 0
1 4 2 0 6 4 4 5 11 8 6 3 13 9 4 3 0 1 3 1 896 0 0 0
0 3 1 1 1 2 2 5 11 7 4 3 13 10 8 4 10 1 3 2 1 3 2 3 3 1 2 1 2 1 936 3 3 4
2 3 1 0 0 5 3 0 5 6 4 2 13 12 9 4 8 3 1 2 1 3 3 2 3 1 1 1 976 2 2 4
3 0 0 6 0 1 5 4 3 3 6 8 13 12 9 10 7 1 3 2 2 1 2 3 3 8 0.18181818181818185 9 0.27272727272727276 10 0.54545454545454553 1016 2 3 2
13 7 4 1 9 11 5 3 5 7 5 3 1 12 3 1 5 2 2 2 3 3 3 5 0.42857142857142855 6 0.2857142857142857 7 0.2857142857142857 1056 0 3 2
0 1 0 8 3 4 6 5 2 1 13 3 0 1 2 3 8 2 3 3 1 1 3 2 3 1 2 1 800 2 2 4
5 9 0 0 4 13 0 0 7 4 1 1 0 1 0 0 6 2 1 3 2 2 3 1 2 1 840 1 3 2
1 0 9 2 3 4 8 13 3 3 5 6 2 0 1 3 2 1 2 1 3 1 880 1 1 0
5 7 2 0 4 6 10 13 3 4 3 0 3 1 1 2 1 1 1 2 1 920 1 0 0
3 0 6 4 1 4 9 10 2 5 6 13 0 3 4 3 11 2 2 1 3 1 1 2 3 3 2 3 1 1 1 960 3 4 4
1 10 3 2 4 5 8 13 3 6 7 9 5 4 1 2 8 1 2 3 2 3 3 1 2 1 1 1 1000 2 3 3
13 1 0 0 8 4 3 1 3 4 2 0 3 4 1 0 9 2 1 2 3 2 3 3 3 1 1 2 1 957 2 3 4
2 13 4 6 9 7 7 2 0 0 1 1 0 0 0 2 7 1 1 1 3 3 2 3 1 2 1 997 3 1 3
1 0 0 0 3 2 0 0 10 3 13 3 3 3 4 2 4 2 3 3 1 1 1 1 1037 1 1 2
1 4 4 2 1 5 3 0 13 7 6 3 3 10 7 4 2 2 1 1 2 1 1077 1 1 0
3 3 3 5 3 4 5 3 0 13 9 3 0 10 0 2 10 3 1 3 1 2 3 1 2 3 2 1 1 1 1117 3 3 4
2 4 1 4 13 5 5 3 10 7 5 0 8 9 6 1 7 2 3 3 2 3 2 1 1 1 1 1157 1 3 3
3 0 1 0 2 3 7 5 13 11 6 5 0 2 1 3 3 2 3 3 1 1 1 1197 0 1 2
1 2 1 2 0 2 5 3 3 1 9 4 7 13 11 5 0 1 3 1 1237 0 0 0
0 1 0 2 4 5 0 3 10 6 2 0 13 2 6 1 2 3 1 1 3 1 761 1 0 1
9 1 1 2 5 4 4 0 8 7 5 0 10 13 0 2 1 3 1 3 1 801 0 0 1
3 1 3 0 6 2 2 2 11 7 3 1 13 4 3 0 11 3 1 2 3 3 3 1 1 1 2 2 3 8 0.18181818181818185 9 0.27272727272727276 10 0.54545454545454553 841 4 3 4
0 1 2 0 3 9 4 3 11 11 1 2 13 3 4 2 9 1 3 2 2 3 1 2 1 3 1 1 1 881 3 3 3
1 12 2 1 9 8 1 3 0 5 5 1 13 10 4 2 8 2 3 2 3 2 2 1 3 1 1 1 921 1 4 3
0 2 4 4 0 5 5 1 0 3 13 3 1 0 2 1 1 3 1 2 1 828 0 0 1
3 8 13 1 0 0 8 3 2 5 3 2 1 3 3 3 11 1 2 3 1 3 3 2 3 2 1 2 1 1 1 868 3 4 4
2 2 3 13 0 3 1 4 0 9 8 2 0 0 0 5 8 3 3 3 1 2 1 1 1 1 2 1 908 4 1 3
3 5 6 2 2 4 7 13 0 4 8 3 1 2 0 9 4 3 3 1 1 1 3 1 948 2 0 2
2 0 5 5 0 3 5 13 0 1 3 7 0 0 2 10 0 1 1 1 988 0 0 0
0 3 4 5 1 3 6 13 0 1 5 8 2 4 4 10 9 2 3 1 1 2 3 2 3 3 3 4 0.54545454545454553 5 0.27272727272727276 6 0.18181818181818185 1028 2 3 4
3 3 7 10 3 4 10 13 2 3 0 9 0 0 5 3 8 3 1 2 3 2 1 3 3 1 1 1 1068 2 2 4
3 5 11 13 3 4 8 9 4 5 6 3 2 3 3 3 5 1 2 1 1 2 1 3 1 1108 3 2 0
3 0 2 0 1 7 3 0 1 13 2 0 5 2 4 3 7 1 1 1 2 2 3 2 1 1 1 890 3 3 1
0 13 1 3 3 7 4 1 2 5 6 2 3 4 4 7 4 2 2 3 1 1 1 1 930 1 2 1
0 0 0 1 4 0 0 2 4 3 2 0 11 6 13 0 3 1 3 3 1 3 1 970 1 0 2
1 1 2 2 10 3 1 1 11 9 4 3 2 13 4 1 2 2 3 1 2 1 1010 0 1 1
2 1 2 0 10 5 4 5 11 9 5 4 3 13 7 4 10 3 2 3 1 1 1 3 2 3 2 1 1 1 1050 3 3 4
3 4 5 3 6 10 4 3 11 9 7 5 3 13 8 1 8 1 3 2 1 2 3 2 1 1 2 1 1090 3 3 2
1 1 3 3 2 6 4 8 0 13 12 7 1 0 4 3 6 3 3 2 3 2 2 1 1 1 1130 0 3 3
4 2 1 2 13 7 4 3 9 12 3 3 3 3 4 0 2 1 1 1 2 1 1170 2 0 0
0 0 2 2 0 1 3 6 3 1 7 8 2 5 5 13 10 2 3 3 3 2 2 1 1 3 1 1 1 1 759 3 3 4
3 2 2 0 1 0 2 1 3 5 6 10 1 5 8 13 9 3 1 3 2 1 3 2 1 2 1 3 1 799 3 3 3
4 8 9 10 3 7 6 13 0 3 1 2 0 0 1 3 7 2 1 3 1 3 2 2 1 3 1 839 2 3 2
4 6 11 13 3 6 8 0 0 3 4 7 3 1 2 0 5 2 1 3 1 2 1 3 1 879 2 2 1
3 6 11 13 3 5 6 10 4 3 5 7 4 3 2 1 3 1 2 3 1 3 1 919 1 1 1
6 9 11 13 0 3 10 2 0 1 3 0 0 3 0 0 11 3 2 2 3 1 3 1 1 1 2 3 1 2 1 959 4 3 4
9 6 11 13 4 5 7 10 3 3 5 4 0 0 2 1 7 1 1 2 2 2 3 1 1 3 1 999 3 3 1
2 12 4 5 0 4 4 5 0 3 7 13 0 2 4 0 5 3 1 1 2 3 1 1 1 1039 2 1 2
13 3 1 1 8 6 1 1 4 4 6 0 3 2 3 0 3 2 2 2 1 3 1 896 0 3 0
3 4 5 13 3 5 3 11 3 0 0 9 2 0 0 4 4 1 3 1 3 1 2 1 936 2 0 2
1 8 13 4 3 5 9 11 3 0 5 3 1 0 2 0 1 2 1 3 1 976 0 1 0
2 8 13 4 1 7 9 11 2 1 7 10 0 0 5 2 10 2 3 2 2 3 1 1 3 1 3 1 1 1 1016 3 3 4
3 2 0 0 0 3 2 1 0 3 13 6 0 6 8 12 8 1 1 1 3 3 2 1 2 1 2 1 1056 4 2 2
6 3 3 2 13 6 4 2 8 7 5 1 12 5 0 2 4 1 3 1 3 1 3 1 1096 2 0 2
4 0 1 0 13 3 2 0 9 5 2 1 12 8 5 0 1 2 1 1 1 1136 0 1 0
1 3 3 2 0 0 6 4 13 7 6 1 10 12 8 3 10 2 1 3 1 2 2 1 3 2 3 1 3 1 1176 3 4 3
1 4 3 2 3 3 13 0 5 5 2 0 3 3 0 0 4 1 3 1 2 1 3 1 922 2 1 1
9 13 1 0 7 4 3 0 3 3 3 1 4 0 2 0 2 3 2 1 3 1 962 0 1 1
3 8 9 3 3 6 13 3 4 6 1 0 0 0 1 2 0 1 2 1 1002 0 0 0
2 2 2 3 1 4 1 10 7 9 4 13 2 6 0 1 10 2 2 3 3 2 1 1 3 1 1 1 3 1 1042 4 3 3
0 1 11 0 1 4 7 3 1 5 8 13 0 3 2 1 7 3 2 2 2 2 3 1 1 3 1 1082 1 4 2
1 1 2 13 0 3 10 2 2 5 6 11 1 5 9 1 4 1 2 3 3 1 2 1 1122 1 1 2
1 12 6 13 3 2 4 3 1 1 3 10 5 1 3 0 4 3 2 2 3 1 2 1 1162 0 2 2
12 8 5 2 10 5 13 3 6 3 3 3 4 1 0 0 1 2 1 1 1 1202 0 1 0
0 0 3 0 5 3 6 3 3 6 4 0 13 3 2 3 4 1 3 3 1 1 2 1 874 2 0 2
0 0 3 0 2 4 3 0 13 8 0 2 9 7 5 3 2 3 1 1 1 1 914 1 0 1
13 9 6 3 11 4 5 3 3 3 2 2 0 0 0 1 0 1 1 1 954 0 0 0
13 9 7 3 11 7 0 0 5 4 0 0 5 3 3 3 8 1 1 2 2 3 3 2 3 1 1 1 994 2 3 3
13 9 6 1 11 8 4 2 7 6 5 1 5 4 3 3 5 2 2 3 3 1 1 3 1 1034 1 2 2
13 10 5 0 11 9 4 3 6 1 1 3 0 1 2 3 4 1 2 2 3 1 2 1 1074 1 2 1
13 10 8 3 11 9 6 1 5 3 0 2 1 2 0 3 1 1 1 2 1 1114 1 0 0
3 2 1 2 11 1 3 0 13 11 4 1 3 4 2 3 9 2 3 3 1 1 1 2 2 3 1 3 1 1154 3 3 3
0 8 1 0 4 6 2 2 0 4 3 4 2 3 5 13 2 1 1 1 3 1 809 2 0 0
0 0 3 3 0 4 4 4 1 5 8 9 3 3 13 3 0 1 2 1 849 0 0 0
3 3 3 6 0 5 6 7 3 1 10 10 2 0 13 3 11 3 2 1 3 1 3 1 2 3 1 2 1 2 1 889 4 3 4
3 7 8 3 3 7 4 11 5 13 2 10 3 0 6 1 10 2 3 2 1 2 1 2 3 1 1 1 3 1 929 4 4 2
13 7 5 4 12 7 4 0 1 4 1 2 0 2 3 0 7 1 3 2 1 2 3 2 1 1 1 969 2 3 2
1 3 1 1 13 9 3 3 12 2 1 0 2 3 6 0 4 3 2 2 2 1 1 1 1009 0 3 1
9 13 7 4 12 7 3 3 3 4 2 2 0 1 0 1 0 1 3 1 1049 0 0 0
2 3 10 13 3 12 7 8 0 1 4 6 1 3 0 5 10 2 1 2 3 2 3 3 1 3 1 1 2 1 1089 3 3 4
4 3 13 3 5 7 4 2 2 5 8 1 0 6 1 0 11 2 1 2 2 3 1 1 2 3 3 3 1 1 1 814 3 4 4
3 8 9 13 3 4 4 0 3 2 1 0 0 3 2 1 8 1 3 2 3 2 3 1 1 1 2 1 854 3 2 3
6 8 9 13 5 6 6 7 2 5 3 2 0 3 2 0 5 3 1 3 1 1 1 3 1 894 3 0 2
4 2 8 10 1 4 8 13 0 1 5 3 3 4 2 3 3 3 3 2 1 1 1 934 0 1 2
4 7 9 10 3 4 8 13 3 0 3 1 0 3 2 0 0 1 3 1 974 0 0 0
6 8 9 10 4 4 9 13 1 2 5 5 1 0 0 2 11 3 1 1 3 3 2 2 1 1 2 2 1 3 1 1014 4 4 3
4 10 9 11 3 6 2 13 0 3 1 3 1 4 0 1 9 2 2 2 3 3 3 1 3 2 1 1 1 1054 1 4 4
6 10 9 11 4 6 7 13 3 5 4 1 3 0 2 1 5 3 3 1 3 2 1 2 1 1094 1 1 3
0 13 8 5 0 1 5 3 0 0 3 3 2 0 2 1 3 3 3 2 1 1 1 766 0 1 2
11 5 2 2 13 5 6 1 3 1 3 2 4 1 0 0 3 1 3 2 1 3 1 806 1 1 1
11 4 4 0 13 8 5 1 10 6 3 1 3 0 3 2 1 2 1 3 1 846 0 1 0
0 0 3 0 1 1 4 3 13 11 2 3 10 9 6 1 10 3 2 2 3 1 3 2 2 1 3 3 7 0.2857142857142857 8 0.2857142857142857 9 0.42857142857142855 886 2 4 4
5 1 0 0 3 5 13 9 3 4 12 2 4 1 2 2 10 2 2 3 1 3 1 3 2 1 3 1 1 1 926 3 3 4
4 13 12 2 3 4 8 9 2 1 4 1 1 3 0 0 6 3 3 2 2 1 3 1 3 1 966 1 2 3
5 13 11 12 4 2 0 0 5 1 1 0 2 2 0 2 5 3 1 3 3 1 1 3 1 1006 2 0 3
6 13 11 8 8 6 7 12 1 5 5 1 0 2 3 1 4 1 2 3 2 1 2 1 1046 1 2 1
0 0 0 3 6 3 1 13 1 4 2 3 0 2 6 1 9 3 1 1 2 3 1 3 2 2 1 2 1 843 3 3 3
2 9 13 5 2 4 6 5 3 1 3 0 0 1 2 3 9 3 3 2 2 3 2 1 1 1 1 1 1 883 3 3 3
3 5 13 1 3 6 9 10 4 3 4 5 2 2 4 2 9 3 1 3 1 1 3 1 2 2 1 3 1 923 4 2 3
1 0 13 3 3 2 9 10 0 5 6 8 4 3 3 5 5 2 1 1 2 2 1 1 1 963 2 3 0
1 6 11 13 3 3 6 10 1 2 3 3 3 2 0 0 3 2 1 3 1 3 1 1003 1 1 1
0 13 3 2 3 11 10 0 3 6 8 1 5 5 6 2 1 3 1 1 1 1043 0 0 1
13 7 3 2 3 5 3 1 3 2 4 0 0 1 0 0 8 1 2 3 3 3 3 2 1 3 6 0.33333333333333331 7 0.33333333333333331 8 0.33333333333333331 985 2 2 4
0 13 9 3 0 7 5 3 1 4 4 3 3 2 1 1 5 3 1 2 3 2 1 2 1 1025 1 2 2
1 13 9 3 5 7 8 0 5 4 3 2 4 1 2 0 2 2 1 1 3 1 1065 1 1 0
4 13 11 7 1 4 5 4 0 0 2 4 0 2 0 0 0 1 1 1 1105 0 0 0
4 5 13 11 1 4 6 8 2 3 4 3 3 2 2 1 8 3 1 2 1 3 3 3 1 1 2 1 1145 3 1 4
4 2 13 11 1 4 8 9 0 6 3 10 0 2 3 4 8 1 2 2 3 1 1 3 3 1 3 1 1185 3 2 3
3 5 13 11 0 4 7 11 0 0 3 4 2 1 2 6 6 1 1 3 3 2 2 1 1 1 1225 2 2 2
7 8 13 12 5 4 4 8 5 3 0 0 2 3 0 0 4 3 1 1 3 1 2 1 1265 2 0 2
1 0 1 3 4 2 3 4 0 4 5 13 9 0 4 0 2 3 2 1 3 1 1022 0 1 1
0 1 0 3 0 3 4 3 3 9 8 2 3 10 13 4 11 3 2 2 2 1 2 1 3 1 1 3 1 3 1 1062 4 4 3
0 3 0 4 1 4 1 2 7 5 5 3 11 13 6 3 10 2 2 3 3 1 3 1 3 2 2 1 1 1 1102 2 4 4
0 1 0 3 3 5 4 4 11 10 6 3 2 13 3 1 9 3 1 2 3 2 1 2 3 1 1 2 1 1142 3 3 3
2 13 5 3 4 4 7 0 1 1 3 1 3 3 0 0 6 2 1 2 2 3 1 1 2 1 814 2 3 1
0 0 3 0 0 1 4 3 0 1 7 13 2 4 7 8 3 2 1 3 1 2 1 854 1 1 1
0 0 2 0 3 1 6 2 2 4 7 13 1 5 6 9 0 1 1 1 894 0 0 0
3 0 1 2 2 0 5 3 1 4 7 13 3 5 5 10 10 2 3 2 2 3 1 1 1 2 1 1 3 1 934 4 4 2
2 0 3 3 3 4 5 2 2 1 7 13 3 2 8 11 7 1 1 3 2 3 1 3 1 1 1 974 3 1 3
0 2 4 4 0 2 4 6 2 5 9 13 1 5 10 11 5 1 3 1 1 2 1 3 1 1014 3 1 1
2 9 8 13 0 4 5 12 0 3 4 6 3 0 3 3 4 3 1 3 1 1 2 1 1054 2 0 2
0 2 0 3 0 4 2 13 1 5 4 12 2 5 10 5 1 1 1 1 1 1094 1 0 0
13 7 3 2 3 6 1 1 2 5 4 6 3 3 0 0 11 3 2 1 1 3 2 2 2 3 3 1 1 1 1 837 3 4 4
3 5 9 4 13 5 3 0 6 3 1 3 4 3 2 0 9 1 1 3 2 2 2 2 1 3 1 1 1 877 3 4 2
3 9 2 4 13 8 4 3 4 6 3 1 3 6 3 0 6 1 2 2 2 1 3 1 1 1 917 2 3 1
9 0 2 0 3 1 3 1 13 11 1 2 5 5 6 2 4 3 2 2 1 1 1 1 957 1 2 1
0 0 3 0 3 3 3 3 11 10 3 2 13 4 4 5 1 1 1 3 1 997 1 0 0
11 10 0 2 13 8 3 3 3 4 3 3 1 2 2 0 9 3 1 1 3 3 2 1 1 3 1 2 1 1037 4 1 4
11 10 7 6 13 8 6 0 2 2 1 3 0 2 0 2 5 3 3 1 3 1 1 1 1 1077 2 0 3
11 10 5 3 13 9 3 0 7 4 3 1 5 3 0 2 1 2 1 1 1 1117 0 1 0
0 2 3 0 0 1 4 0 4 13 3 2 4 6 4 3 5 1 3 3 1 2 3 8 0.18181818181818185 9 0.27272727272727276 10 0.54545454545454553 1033 2 1 2
0 13 10 1 0 4 8 1 3 2 4 5 1 2 2 4 1 3 1 3 1 1073 0 0 1
1 9 11 0 4 4 13 4 3 2 6 5 3 3 3 0 1 2 1 1 1 1113 0 1 0
0 3 9 10 0 4 8 11 3 4 6 13 1 2 3 4 11 1 1 3 2 3 2 2 3 3 1 1 1 2 1 1153 4 3 4
4 4 4 3 1 4 9 12 2 3 13 0 1 0 2 0 8 2 1 1 3 2 1 3 2 1 3 1 1193 3 3 2
1 10 12 1 2 7 9 2 3 7 1 0 1 1 13 2 5 3 3 2 3 3 1 2 1 1233 0 1 4
3 12 4 2 3 8 10 1 3 6 7 9 5 8 2 13 4 2 3 3 1 1 1 1 1273 1 1 2
0 0 4 5 0 3 6 4 3 4 13 1 2 3 1 3 0 1 2 1 938 0 0 0
10 13 6 3 0 8 4 1 2 3 5 2 1 1 0 0 10 2 3 3 1 1 2 3 2 1 3 1 2 1 978 3 3 4
10 13 6 2 9 7 6 1 1 5 5 0 4 3 3 0 8 3 1 2 2 3 2 1 3 1 3 1 1018 2 3 3
10 13 7 6 9 8 6 5 3 3 4 4 3 1 0 0 5 2 2 3 3 1 1 3 1 1058 1 2 2
4 11 2 3 0 4 8 0 3 5 13 0 3 4 2 1 2 1 2 1 1 1 1098 1 1 0
3 13 11 1 9 5 1 0 2 4 2 3 1 0 2 3 11 1 3 3 2 1 1 1 3 2 2 2 1 3 1 1138 4 4 3
4 11 8 9 0 3 7 13 0 5 6 2 4 0 0 1 11 1 3 1 2 2 2 2 3 1 3 1 1 3 1 1178 4 4 3
1 8 11 10 3 4 7 13 3 4 5 6 0 2 2 0 9 2 3 1 1 3 2 2 1 3 1 1 1 1218 3 3 3
13 5 4 0 4 4 1 0 4 1 3 2 0 0 2 1 0 1 2 1 876 0 0 0
0 1 0 2 0 13 4 1 3 9 3 3 2 2 9 3 10 1 3 1 2 3 1 2 3 1 2 1 3 1 916 4 3 3
3 0 3 4 0 5 13 9 3 1 6 8 0 2 2 10 8 3 1 1 1 2 3 1 2 1 2 1 956 4 2 2
3 3 4 5 1 3 13 1 0 2 11 3 0 1 0 3 4 2 2 2 1 1 3 1 996 1 3 0
2 9 10 13 3 7 8 11 3 3 3 4 1 1 2 1 5 2 3 2 2 1 1 1 1 1036 1 3 1
3 3 3 3 1 6 12 13 5 5 3 1 2 0 0 0 2 2 2 1 1 1 1076 0 2 0
0 2 3 0 0 1 6 13 0 6 7 12 4 2 1 7 0 1 3 1 1116 0 0 0
1 4 4 13 3 5 8 12 0 4 6 8 3 1 2 4 9 2 1 3 2 1 3 2 2 3 1 1 1 1156 2 4 3
0 3 0 1 0 4 4 6 1 3 13 5 3 1 3 2 6 2 2 1 3 2 2 1 1 1 869 1 4 1
5 4 4 8 0 4 5 13 1 4 1 10 0 0 0 3 6 1 1 3 2 2 2 1 2 1 909 2 3 1
2 0 0 3 4 3 3 0 4 7 8 13 5 7 10 1 3 3 1 2 3 6 0.33333333333333331 7 0.33333333333333331 8 0.33333333333333331 949 1 1 1
4 8 1 5 2 7 1 13 2 9 6 10 1 0 5 3 0 1 2 1 989 0 0 0
1 5 2 3 3 5 11 13 3 9 10 1 4 3 3 1 1 2 1 2 1 1029 0 1 0
2 0 3 0 2 0 8 11 2 1 9 10 4 5 13 4 9 1 1 1 2 3 2 1 3 3 1 3 1 1069 4 2 3
0 2 0 1 0 5 12 2 2 1 5 2 9 13 6 3 7 3 2 1 3 1 3 1 1 3 1 1109 3 1 3
2 0 0 1 2 4 4 2 12 6 8 7 10 9 13 10 7 3 1 2 3 3 1 3 1 1 1 1149 2 1 4
13 1 4 3 5 4 0 0 2 6 5 0 1 3 2 0 8 3 1 1 2 1 2 3 2 1 3 1 895 3 3 2
2 13 9 0 0 8 6 1 3 5 5 4 4 1 2 4 7 2 2 2 1 1 3 1 1 3 1 935 3 3 1
0 4 4 13 4 5 6 11 0 1 3 3 3 0 0 1 5 3 2 2 2 3 1 1 1 975 0 3 2
1 4 8 13 0 3 5 11 1 2 3 6 3 0 1 4 3 2 3 2 1 3 1 1015 0 2 1
3 0 5 13 1 5 9 11 2 3 8 2 0 2 1 4 5 1 1 2 2 1 1 3 1 1055 3 2 0
3 10 13 2 2 7 8 3 4 4 7 11 0 3 0 1 2 1 1 1 2 1 1095 2 0 0
0 10 13 2 3 9 11 0 6 7 7 3 5 4 3 1 11 2 1 2 2 2 3 1 1 3 1 3 1 3 1 1135 4 4 3
3 1 3 0 4 11 3 2 10 13 4 0 10 5 3 3 8 1 2 1 2 3 3 3 1 1 2 1 1175 3 2 3
3 2 1 0 8 6 4 3 1 13 1 0 4 2 7 3 3 2 3 1 1 2 1 823 1 1 1
13 9 7 5 3 8 7 4 0 2 1 4 0 0 0 2 1 1 1 3 1 863 1 0 0
3 0 3 2 5 2 1 5 3 4 7 11 10 13 6 8 1 1 1 3 1 903 1 0 0
3 11 4 0 8 6 4 1 7 9 3 2 10 13 1 0 0 1 2 1 943 0 0 0
3 3 3 3 2 12 7 3 7 3 13 0 3 1 9 3 10 3 3 2 1 1 1 2 2 2 1 1 3 1 983 4 4 2
0 2 3 13 4 7 4 3 1 3 1 2 0 0 10 1 8 2 2 2 1 3 3 1 3 1 3 1 856 2 3 3
2 13 1 10 4 6 8 2 3 5 7 3 3 0 0 3 5 3 1 1 3 3 1 2 1 896 2 0 3
5 8 10 3 3 7 9 13 5 7 3 3 4 0 0 0 3 2 1 1 1 2 1 936 2 1 0
1 7 11 13 0 3 6 8 1 0 4 4 0 0 0 2 1 3 1 2 1 976 0 0 1
0 3 11 13 0 1 7 9 1 2 5 6 0 0 3 3 10 1 3 1 2 2 2 3 3 2 3 1 1 1 1016 2 4 4
1 6 11 13 0 2 6 10 0 4 4 5 3 0 2 3 7 2 2 1 1 3 1 1 1 2 1 1056 4 2 1
4 4 2 1 6 5 11 13 4 4 9 10 1 2 0 0 5 3 2 2 1 1 1 3 1 1096 2 2 1
2 8 13 1 4 7 9 11 4 10 9 3 2 1 2 0 3 1 1 2 1 3 1 1136 2 1 0
2 1 0 0 4 4 0 0 5 4 3 0 13 2 0 3 9 2 1 3 1 2 3 3 2 1 1 1 1 778 3 3 3
2 4 2 0 7 6 0 0 13 8 1 1 3 2 1 0 8 3 2 3 1 3 3 2 1 3 8 0.18181818181818185 9 0.27272727272727276 10 0.54545454545454553 818 2 2 4
4 0 2 1 5 4 2 3 10 6 4 3 13 9 5 4 5 3 2 1 1 3 1 3 1 858 2 1 2
0 0 1 3 1 3 3 0 10 8 5 3 13 9 7 3 2 2 2 1 3 1 898 0 2 0
11 4 3 0 9 6 3 0 13 4 6 2 4 3 3 5 2 1 3 3 5 0.42857142857142855 6 0.2857142857142857 7 0.2857142857142857 938 1 0 1
3 5 1 6 11 10 10 7 13 3 3 2 2 2 5 1 2 3 1 1 3 1 978 1 0 1
13 3 1 0 6 3 1 2 4 5 7 0 3 0 3 0 0 1 2 1 891 0 0 0
1 13 6 3 10 7 5 2 8 5 2 3 5 3 0 1 0 1 3 1 931 0 0 0
10 13 5 4 9 7 6 4 1 3 3 1 3 0 0 0 8 2 3 3 3 2 2 1 1 1 2 1 971 2 3 3
11 13 8 5 9 7 7 3 3 4 4 3 1 3 0 3 9 3 2 2 3 1 1 1 3 2 1 2 1 1011 3 3 3
1 1 8 3 0 5 13 12 0 3 2 4 2 0 1 0 7 3 1 2 1 2 2 3 1 3 1 1051 2 3 2
1 6 9 3 1 4 8 13 1 1 5 12 2 2 3 2 5 3 1 3 3 2 1 2 1 1091 1 1 3
3 5 11 13 0 3 5 12 3 3 1 5 0 2 0 2 3 1 2 3 1 1 1 1131 1 1 1
2 3 11 13 0 3 8 12 0 4 6 3 3 2 1 5 0 1 1 1 1171 0 0 0
0 3 3 13 1 0 3 9 3 4 7 2 0 1 0 3 4 1 3 2 2 1 3 1 947 1 2 1
1 0 1 0 3 3 13 0 3 6 8 9 4 5 3 2 0 1 2 1 987 0 0 0
5 7 13 2 3 5 9 9 2 1 2 1 3 3 0 0 9 2 1 3 1 1 3 3 2 1 1 2 1 1027 4 2 3
3 13 4 0 8 6 1 3 2 6 11 0 5 0 1 2 8 3 1 2 2 1 2 3 3 1 1 1 1067 2 3 3
4 13 11 1 3 8 9 6 1 3 5 2 0 2 3 0 6 3 1 3 2 1 2 1 3 1 1107 2 2 2
1 13 10 2 0 5 6 11 0 3 3 9 2 2 3 7 7 1 1 3 1 2 2 1 1 3 1 1147 4 2 1
2 3 6 1 4 2 5 3 0 4 13 3 0 5 0 3 6 3 1 2 2 3 1 1 1 1 762 2 2 2
0 0 0 1 0 3 3 3 3 5 6 5 4 13 8 5 4 1 3 2 3 1 2 1 802 1 1 2
1 3 2 1 2 4 4 3 0 5 6 1 0 13 10 1 1 2 1 2 1 842 0 1 0
7 13 4 5 5 8 4 1 10 3 0 3 2 0 0 0 10 3 2 1 3 2 2 1 1 3 1 1 2 1 882 4 3 3
11 5 3 3 13 6 5 3 9 4 4 0 1 5 2 1 8 1 3 2 2 1 2 3 1 1 2 1 922 3 3 2
11 4 1 0 13 8 3 2 9 7 4 2 10 3 3 1 6 2 2 3 1 1 3 1 3 1 962 2 2 2
4 13 12 3 2 4 8 3 0 6 4 0 1 3 3 0 3 2 3 3 1 1 1 1002 0 1 2
3 3 0 0 5 0 1 0 3 12 5 2 13 9 4 0 11 2 1 1 3 3 1 1 2 3 3 2 1 2 1 1042 4 3 4
0 2 2 0 5 8 4 0 13 1 4 3 7 3 8 6 9 1 1 2 2 2 1 3 3 1 1 3 1 777 4 3 2
2 0 0 2 13 5 3 2 8 7 3 3 3 10 5 1 6 1 2 1 1 1 2 1 3 1 817 4 2 0
2 3 2 0 13 6 1 1 9 7 4 0 3 10 4 0 4 3 3 2 1 1 3 1 857 1 1 2
0 2 1 8 1 5 8 2 0 2 6 4 0 1 11 13 3 3 2 3 1 1 1 897 0 1 2
2 1 3 0 2 3 4 3 4 4 10 2 11 13 1 0 0 1 1 1 937 0 0 0
1 3 3 0 5 6 1 2 11 10 7 5 3 13 8 9 10 2 2 2 1 2 1 1 3 3 3 1 3 1 977 3 4 3
5 4 1 1 5 4 6 0 6 5 3 0 13 12 3 0 7 1 2 3 2 2 2 1 1 3 1 1017 2 4 1
3 2 3 2 7 7 1 4 13 8 3 1 12 5 2 1 5 2 1 3 2 1 1 3 1 1057 2 2 1
0 2 5 13 1 3 4 9 3 1 1 4 0 0 3 3 5 1 2 3 2 3 1 2 1 905 1 2 2
0 3 3 13 2 3 4 9 0 4 6 7 0 1 3 6 1 1 1 2 1 945 1 0 0
0 1 4 13 0 2 7 9 1 5 6 8 0 3 4 10 10 1 1 3 2 2 1 3 2 3 2 1 3 1 985 3 4 3
0 0 0 1 0 0 0 4 0 0 6 13 1 3 8 11 7 3 3 2 3 2 2 3 1 1 1 1025 0 3 4
7 3 0 0 8 4 1 2 1 5 0 0 7 11 13 3 5 2 3 1 3 3 1 2 1 1065 1 1 3
3 0 0 2 1 5 4 1 11 7 6 1 13 9 6 2 3 2 1 2 1 3 1 1105 1 2 0
1 2 3 0 3 3 3 3 11 7 6 4 13 9 8 5 11 2 2 1 3 3 1 2 1 3 3 2 1 1 1 1145 3 4 4
0 3 3 0 1 3 4 3 11 7 5 4 13 10 8 4 8 2 2 1 1 3 2 2 3 1 1 1 1185 2 4 2
9 3 4 2 0 1 13 4 3 5 4 2 2 4 4 1 10 1 1 3 1 3 3 2 2 2 3 1 1 1 792 3 3 4
3 9 10 5 13 8 6 4 2 4 3 3 0 0 0 3 10 3 2 1 1 2 3 1 3 3 1 1 2 1 832 4 2 4
3 11 5 0 13 5 1 3 4 3 0 2 0 1 0 3 6 1 2 3 3 2 1 1 2 1 872 2 2 2
0 1 0 3 3 7 13 11 3 8 7 7 0 1 2 3 7 2 1 3 1 2 2 1 1 2 1 912 3 3 1
0 4 13 6 1 4 6 7 2 3 10 11 0 0 3 4 7 3 3 1 2 1 2 2 1 1 1 952 2 3 2
3 9 13 8 1 5 10 11 4 5 7 1 5 4 2 0 4 1 2 3 3 1 2 1 992 1 1 2
2 12 1 0 1 7 13 2 3 5 5 0 1 6 4 0 2 3 2 1 3 1 1032 0 1 1
3 4 2 1 8 13 3 0 3 7 1 2 12 5 6 8 0 1 3 1 1072 0 0 0
1 3 4 2 4 13 3 1 2 3 6 1 0 3 3 0 9 2 1 2 1 3 2 3 1 3 1 2 1 845 3 3 3
0 0 1 3 0 0 3 5 1 4 5 3 2 13 8 10 7 2 2 2 3 3 1 3 1 1 1 885 1 3 3
4 4 2 1 8 3 0 0 13 8 10 1 4 2 0 0 3 3 2 3 1 1 1 925 0 1 2
3 5 13 3 1 4 3 6 0 3 7 9 0 3 8 10 0 1 2 1 965 0 0 0
1 3 0 0 9 0 2 2 6 4 0 0 13 11 7 4 10 2 3 3 1 1 2 1 1 2 3 1 3 1 1005 4 3 3
1 1 2 3 4 3 3 6 13 7 10 1 0 11 8 2 8 3 2 3 3 1 2 3 2 1 1 1 1045 1 3 4
7 9 8 2 12 3 13 3 1 3 10 3 4 1 2 1 7 3 3 2 1 2 1 3 1 2 1 1085 2 2 3
4 3 0 0 6 5 4 2 3 3 0 1 1 13 0 0 10 2 1 1 3 3 2 3 3 2 1 1 2 1 924 3 3 4
0 2 3 0 0 0 4 0 3 1 5 3 3 5 8 13 6 3 2 2 3 1 1 1 3 1 964 2 2 2
0 1 2 4 0 2 4 5 3 4 6 13 2 5 9 10 4 3 1 1 1 1 2 1 1004 3 0 1
3 3 3 3 0 1 7 7 3 4 7 13 2 4 9 10 2 2 3 1 1 1 1044 0 1 1
3 2 0 3 0 3 3 3 0 5 6 4 1 5 11 13 11 3 2 2 1 1 2 1 3 3 1 2 1 3 1 1084 4 4 3
0 2 4 4 0 0 5 8 0 1 6 13 1 3 11 2 7 1 2 2 1 3 3 1 1 2 1 1124 3 2 2
3 3 11 3 3 5 6 8 0 4 13 9 2 2 3 10 8 1 2 3 2 3 1 1 3 1 1 1 1164 3 2 3
4 0 0 3 3 2 2 2 5 12 9 0 13 2 4 4 5 3 1 1 1 1 1 3 1 1204 4 0 1
13 8 5 3 4 2 7 10 9 5 1 0 3 3 3 0 10 2 2 3 3 1 2 1 1 3 1 1 2 1 1129 4 3 3
0 2 3 0 0 4 7 13 4 2 1 1 2 5 1 3 0 1 3 1 964 0 0 0
0 3 13 8 1 3 4 7 0 0 0 4 0 3 0 1 8 2 3 1 1 2 2 3 3 1 2 1 1004 2 3 3
0 4 10 3 0 1 13 9 0 3 3 6 1 1 4 5 7 3 2 3 1 2 3 2 1 2 1 1044 1 3 3
11 3 13 9 2 3 5 8 0 6 1 3 0 0 0 4 5 3 2 1 1 3 1 2 1 1084 2 1 2
3 1 3 3 0 13 2 3 11 10 5 1 0 5 2 1 2 2 2 1 1 1 1124 0 2 0
12 13 6 6 5 2 7 3 0 3 4 1 3 0 3 0 0 1 3 1 1164 0 0 0
12 13 9 3 5 4 0 0 5 1 0 0 3 3 2 3 10 3 2 1 3 3 1 1 1 2 2 1 2 1 1204 4 3 3
12 8 9 5 13 6 5 2 2 6 3 0 2 0 1 1 8 3 1 3 1 2 3 1 2 1 3 1 1244 3 2 3
4 0 0 0 6 5 2 0 1 6 2 9 13 4 3 1 0 1 3 1 805 0 0 0
4 9 13 3 8 6 4 2 1 2 5 1 3 3 1 0 8 3 1 2 1 2 3 3 3 1 2 1 845 2 2 4
4 6 10 13 3 5 9 3 3 2 5 0 0 3 2 0 6 3 1 1 1 2 3 1 3 1 885 3 1 2
4 8 9 10 0 5 7 13 0 1 6 4 0 2 2 0 4 2 1 3 1 3 4 0.54545454545454553 5 0.27272727272727276 6 0.18181818181818185 925 2 1 1
3 5 5 13 2 1 6 11 3 1 5 10 0 2 1 8 3 2 3 3 1 3 1 965 0 1 2
3 3 4 13 0 6 5 11 0 2 5 10 0 1 6 9 1 2 1 1 1 1005 0 1 0
3 0 3 1 3 13 4 0 4 5 12 2 4 7 8 9 11 2 3 3 2 1 1 1 2 1 3 3 1 2 1 1045 4 3 4
0 13 0 8 1 12 11 3 0 2 8 4 3 3 3 3 11 2 3 1 3 3 1 2 2 1 1 3 1 2 1 1085 4 3 4
2 4 2 4 3 4 1 3 0 13 4 3 0 0 0 7 9 3 2 1 3 1 1 1 2 2 3 8 0.18181818181818185 9 0.27272727272727276 10 0.54545454545454553 880 4 3 2
0 2 3 0 3 3 4 1 0 6 4 4 6 13 8 10 6 2 1 2 2 3 1 1 1 1 920 2 3 1
4 3 3 3 9 6 5 3 10 2 2 0 13 6 1 0 3 1 1 3 1 2 1 960 2 0 1
9 0 2 0 10 3 1 3 2 8 6 6 3 3 4 13 0 1 1 1 1000 0 0 0
3 0 1 2 1 6 3 3 3 13 4 0 2 2 5 1 4 1 3 1 2 1 2 1 713 2 1 1
3 4 0 2 0 3 6 4 13 7 4 3 10 9 7 5 3 3 1 2 1 1 1 753 1 1 1
3 0 0 2 4 8 3 2 13 8 5 0 10 9 8 6 1 1 1 1 1 793 1 0 0
2 0 0 1 3 1 1 2 13 10 5 6 11 9 4 4 0 1 2 1 833 0 0 0
2 2 3 2 0 1 6 1 13 1 8 3 3 12 9 2 10 1 2 1 3 1 2 3 3 3 2 1 1 1 873 3 3 4
3 5 3 5 3 4 5 10 13 12 6 0 1 3 2 0 10 1 1 2 2 3 1 3 2 1 3 1 2 1 913 4 3 3
0 3 3 4 2 12 11 3 0 5 6 13 3 4 8 1 7 1 2 2 1 2 1 3 1 3 1 953 3 3 1
2 3 5 2 12 11 5 13 0 2 4 9 1 0 4 1 3 1 1 3 1 2 1 993 2 0 1
0 2 0 0 2 3 4 1 1 4 7 9 3 4 6 13 11 3 1 3 3 2 1 2 2 3 1 1 1 2 1 880 4 3 4
2 2 0 0 0 2 1 1 1 5 7 10 5 6 8 13 9 1 2 3 1 3 2 3 1 2 1 3 1 920 3 3 3
4 2 2 3 0 4 1 5 0 8 11 2 2 3 13 1 7 3 1 2 1 3 1 2 1 1 1 960 3 2 2
2 2 3 0 13 7 1 2 3 5 6 3 2 1 1 0 10 1 3 2 1 3 2 3 1 1 2 1 3 1 935 4 3 3
3 0 0 4 0 4 4 8 0 2 7 9 3 5 13 1 7 1 2 1 3 2 3 2 1 1 1 975 2 3 2
1 0 2 0 0 3 13 3 0 1 5 3 1 3 7 4 5 2 2 3 1 3 1 2 1 836 1 2 2
3 0 0 3 1 4 6 13 0 4 6 8 0 3 4 2 2 1 2 1 3 1 876 1 1 0
3 13 9 3 4 4 7 4 2 1 6 5 0 3 1 2 1 1 1 2 1 916 1 0 0
0 1 10 3 13 8 4 2 0 6 4 3 6 0 0 2 0 1 1 1 956 0 0 0
2 1 3 13 1 5 5 2 3 1 8 4 0 0 2 0 6 3 1 2 2 3 1 1 3 1 781 2 2 2
4 6 7 13 3 4 6 9 3 3 1 2 3 2 0 0 3 1 3 2 1 1 1 821 1 1 1
5 6 8 13 4 5 7 10 3 0 3 2 0 1 0 0 1 2 1 1 1 861 0 1 0
5 7 9 13 4 5 7 10 3 3 1 2 1 0 3 0 10 3 3 2 1 3 1 2 3 1 2 1 2 1 901 3 3 4
2 2 1 1 0 4 3 13 2 8 7 11 1 2 2 1 8 1 1 2 2 3 1 3 3 1 3 1 941 3 2 3
5 13 2 1 4 1 12 4 4 5 4 2 1 0 0 0 8 3 2 3 2 1 1 2 3 3 7 0.2857142857142857 8 0.2857142857142857 9 0.42857142857142855 981 2 3 3
3 13 1 2 2 8 4 0 9 6 4 1 7 12 5 1 6 3 2 3 2 1 2 1 1 1 1021 1 3 2
1 1 7 2 1 4 6 7 2 4 13 3 0 5 10 12 5 2 2 1 3 3 1 3 1 1061 1 2 2
4 4 4 0 13 5 8 0 3 2 5 0 0 0 2 7 5 1 3 1 1 3 1 2 1 888 3 0 2
3 0 0 4 2 3 4 13 3 5 7 9 0 10 0 0 3 3 2 1 1 1 1 928 1 1 1
0 2 2 1 3 3 5 3 1 6 8 5 10 11 9 13 1 2 1 1 1 968 0 1 0
0 3 0 5 1 3 3 13 1 4 6 8 0 2 12 2 0 1 3 1 1008 0 0 0
2 3 1 3 0 5 3 13 1 2 4 9 2 3 12 3 8 2 1 2 3 1 1 3 3 1 3 1 1048 3 2 3
2 3 0 1 3 1 0 13 3 4 9 9 4 3 12 2 6 2 1 1 2 1 2 1 3 1 1088 3 3 0
2 4 5 13 12 5 7 10 0 3 6 0 2 1 3 2 4 1 1 3 3 1 3 1 1128 2 0 2
0 13 4 2 1 4 3 2 0 3 3 1 2 0 1 0 11 1 1 1 2 3 3 2 3 2 2 1 1 3 1 939 4 4 3
2 3 3 0 1 1 5 2 3 2 6 4 10 13 7 1 8 3 2 3 1 1 2 1 2 1 3 1 979 3 3 2
0 0 1 3 0 3 6 5 2 0 7 5 11 9 13 1 8 3 1 2 3 2 2 3 1 1 3 1 1019 2 3 3
0 3 1 5 3 2 4 4 2 9 10 2 3 13 11 3 6 2 1 3 1 1 1 1 2 1 1059 4 1 1
3 2 8 1 0 0 5 3 0 0 6 13 0 5 5 12 4 3 1 1 2 1 2 1 1099 2 1 1
3 8 13 0 1 5 5 0 2 4 2 0 0 1 0 4 5 1 2 1 3 2 3 8 0.18181818181818185 9 0.27272727272727276 10 0.54545454545454553 873 2 2 1
0 0 6 9 0 3 6 13 1 1 4 7 7 3 3 5 4 1 2 2 2 3 6 0.33333333333333331 7 0.33333333333333331 8 0.33333333333333331 913 1 3 0
8 11 4 4 0 13 4 6 9 8 3 2 0 3 4 1 4 1 2 1 2 1 3 1 953 2 2 0
13 3 3 11 10 8 4 0 4 5 5 2 0 3 2 1 1 1 1 3 1 993 1 0 0
10 13 9 11 1 5 1 4 0 5 3 2 2 3 0 2 10 1 3 2 2 1 3 3 1 1 3 1 2 1 1033 4 2 4
0 1 7 12 2 13 7 2 1 4 1 2 0 0 2 4 8 1 3 3 1 3 2 2 3 1 1 1 1073 2 2 4
3 4 8 12 3 6 7 9 4 13 5 7 3 2 5 1 8 1 3 2 3 2 1 1 3 1 2 1 1113 3 2 3
2 4 6 12 0 4 9 10 0 0 13 8 3 3 3 5 6 3 3 2 2 1 1 1 1 1 1153 2 2 2
1 2 3 13 0 3 3 1 1 3 5 9 0 0 0 2 6 3 3 2 2 3 3 1 1 1 893 0 2 4
1 3 13 11 2 6 7 9 0 3 5 5 1 1 0 3 4 2 1 3 2 1 2 1 933 1 2 1
0 11 10 2 4 6 8 9 4 5 6 13 1 1 3 2 6 2 3 3 2 1 3 1 1 1 973 1 2 3
4 3 0 3 13 5 3 0 6 4 3 0 2 12 8 1 3 2 3 3 1 1 1 1013 0 1 2
0 3 0 0 0 3 4 1 2 0 13 6 3 9 12 4 11 3 1 2 3 2 2 3 3 1 1 1 1 2 1 1053 4 3 4
1 3 3 2 2 8 3 1 13 10 12 3 0 3 4 6 9 1 3 2 1 3 2 1 3 2 1 3 1 1093 3 3 3
6 12 5 4 8 7 4 2 13 6 3 3 1 10 1 2 5 2 1 3 1 3 1 2 1 1133 2 1 2
9 7 12 4 13 10 6 2 2 6 1 3 1 3 3 3 2 3 2 1 1 1 1173 0 1 1
3 0 4 4 0 3 13 4 0 2 5 4 5 1 4 2 7 3 2 1 1 1 2 1 1 2 1 782 4 2 1
3 2 1 1 4 8 13 2 9 7 6 0 8 0 3 0 7 3 2 3 2 3 1 1 1 3 1 822 2 2 3
4 0 0 2 1 0 0 0 8 6 13 2 10 7 2 3 4 1 1 1 3 1 2 1 862 3 0 1
0 0 1 2 2 3 3 4 0 0 6 8 0 6 11 13 2 3 1 1 3 1 902 1 0 1
3 4 0 1 1 5 4 4 4 2 8 9 2 3 11 13 11 1 1 1 3 2 3 2 3 2 1 3 1 2 1 942 4 3 4
2 2 0 1 1 3 5 1 2 4 12 13 3 2 1 3 9 1 3 3 2 3 1 2 2 1 1 3 1 982 3 3 3
3 3 9 13 0 4 7 12 0 5 6 6 2 2 1 4 7 1 1 1 2 2 1 3 1 2 1 1022 4 2 1
3 3 10 13 1 5 6 12 0 6 4 4 2 0 0 2 5 3 1 2 3 1 1 3 1 1062 2 1 2
2 0 3 0 0 3 6 2 1 6 7 8 2 1 3 13 6 2 3 1 1 3 2 1 1 1 799 2 2 2
2 6 10 3 5 0 7 13 0 3 3 2 0 2 1 0 4 2 1 1 1 1 3 1 839 3 1 0
0 3 11 3 0 5 6 9 1 4 8 13 3 4 1 2 5 1 2 2 3 2 1 1 1 879 1 3 1
0 3 2 11 2 4 10 1 2 3 8 13 2 3 9 1 5 1 1 2 1 3 1 3 1 919 3 1 1
4 3 1 2 12 4 6 13 4 7 8 1 0 1 9 2 3 3 3 2 3 4 0.54545454545454553 5 0.27272727272727276 6 0.18181818181818185 959 0 1 2
1 0 5 1 0 12 5 3 10 13 7 3 0 2 4 2 0 3 8 0.18181818181818185 9 0.27272727272727276 10 0.54545454545454553 999 0 0 0
3 11 3 3 9 12 4 2 13 8 7 4 1 10 3 3 11 1 2 3 2 1 3 1 1 2 2 3 1 3 1 1039 4 4 3
0 3 3 0 4 2 1 3 1 4 5 5 3 1 13 3 4 2 3 1 2 1 2 1 827 1 2 1
0 1 3 3 3 5 4 13 3 10 6 7 1 3 6 2 1 3 1 2 1 867 0 0 1
1 2 7 13 8 10 4 9 3 3 3 1 0 0 3 0 0 1 2 1 907 0 0 0
1 3 5 2 2 3 4 3 1 4 1 9 0 1 3 13 9 2 3 2 3 1 3 1 2 3 1 2 1 822 2 3 4
0 0 2 0 3 3 2 0 1 7 3 3 13 9 7 5 5 3 3 1 2 1 1 3 1 862 2 1 2
2 0 2 3 0 3 5 0 0 3 13 3 1 1 11 3 3 2 1 3 1 3 1 902 1 1 1
0 3 1 3 2 3 4 7 1 6 5 4 3 7 13 11 0 1 2 1 942 0 0 0
1 0 0 0 1 2 1 4 3 4 5 9 5 8 13 11 9 2 3 3 2 2 1 3 2 3 1 1 1 982 1 4 4
3 3 1 4 4 3 5 8 5 8 8 9 0 1 13 11 8 3 1 2 2 2 1 3 3 1 2 1 1022 2 3 3
0 3 0 2 0 1 1 8 2 4 8 10 3 5 13 11 5 3 3 1 3 2 3 6 0.33333333333333331 7 0.33333333333333331 8 0.33333333333333331 1062 1 1 3
0 3 0 7 1 5 3 6 1 4 10 12 2 0 5 13 6 1 3 2 1 2 2 1 3 1 1102 2 3 1
3 2 2 2 0 4 3 13 3 5 2 2 3 6 1 1 5 1 3 3 1 3 1 1 1 996 2 0 3
1 6 8 13 4 3 4 9 0 0 3 0 0 2 1 0 2 3 2 1 3 1 1036 0 1 1
2 7 8 13 5 7 10 1 5 3 1 2 0 0 2 0 0 1 1 1 1076 0 0 0
0 0 4 0 5 2 3 4 2 9 5 13 0 8 11 3 1 1 1 1 1 1116 1 0 0
5 6 1 1 6 7 11 13 2 9 8 4 3 0 3 0 9 1 2 1 3 2 3 1 3 2 1 2 1 1156 3 3 3
0 0 2 2 1 4 6 3 11 4 4 3 13 9 10 3 7 1 2 3 1 3 2 1 1 3 1 1196 3 2 2
3 0 3 2 4 5 1 5 11 9 8 1 13 7 10 1 5 3 2 1 3 2 1 2 1 1236 1 2 2
0 3 10 7 4 11 13 1 0 7 11 3 3 3 8 2 4 2 2 3 1 1 1 1 1276 1 2 1
2 13 1 3 5 4 3 3 0 3 6 5 0 2 1 0 1 3 1 3 1 901 0 0 1
0 3 8 13 0 3 5 6 2 3 5 3 1 3 1 0 10 2 3 2 1 1 2 2 3 1 3 1 3 1 941 3 4 3
4 9 8 1 3 7 7 13 0 1 0 2 3 3 0 3 9 3 1 2 2 2 3 1 2 3 1 1 1 981 2 4 3
1 8 13 10 3 4 4 4 0 2 2 2 0 0 1 0 6 1 2 2 3 1 1 1 3 1 1021 3 2 1
3 9 13 10 6 7 8 3 4 4 4 1 2 4 2 0 5 1 3 2 3 3 1 1 1 1061 1 1 3
0 4 3 13 1 5 7 11 0 0 2 5 2 0 1 3 1 3 1 3 1 1101 0 0 1
0 13 2 3 7 8 1 1 2 6 11 2 0 3 4 4 10 2 3 2 1 1 1 1 3 3 2 1 3 1 1141 4 3 3
3 13 4 4 9 11 5 3 0 7 3 3 0 4 2 1 7 3 3 2 2 2 1 1 1 1 1 1181 2 3 2
2 0 1 0 3 4 13 0 3 5 2 3 9 5 3 0 0 1 1 1 798 0 0 0
2 4 1 2 0 1 3 3 3 13 5 3 0 9 9 9 11 2 2 1 3 3 3 2 1 1 1 3 1 2 1 838 4 3 4
3 4 4 4 0 3 13 8 0 0 0 11 0 1 0 3 9 2 2 3 1 1 2 3 3 1 1 2 1 878 3 3 3
13 9 3 3 4 11 2 0 1 3 2 0 1 3 3 0 7 1 3 2 1 2 2 3 1 1 1 918 2 3 2
2 9 3 1 13 8 5 5 3 11 5 4 0 3 1 0 4 3 1 3 2 1 2 1 958 1 1 2
0 0 1 3 4 10 1 3 4 13 11 0 5 6 3 2 1 3 1 2 1 998 0 0 1
0 0 2 0 1 4 3 1 3 13 3 4 12 10 6 2 1 1 1 2 1 1038 1 0 0
4 13 3 0 1 8 4 5 2 12 4 0 11 2 1 3 11 3 3 2 1 2 2 3 3 1 2 1 1 1 1 1078 3 4 4
0 6 8 13 8 3 4 3 0 0 0 3 0 0 0 3 9 2 2 3 2 1 3 1 2 1 1 1 1 1028 3 4 2
3 8 9 3 4 5 13 0 3 5 0 2 2 1 0 0 7 3 1 2 3 1 3 1 1 2 1 1068 3 1 3
2 7 8 9 8 6 7 3 3 3 6 13 1 4 3 2 5 2 1 3 3 3 1 1 1 1108 1 1 3
3 10 13 5 3 9 6 2 0 4 3 0 0 3 0 1 1 2 1 1 1 1148 0 1 0
13 8 5 3 11 6 3 2 1 4 1 0 0 3 3 0 1 2 3 8 0.18181818181818185 9 0.27272727272727276 10 0.54545454545454553 1188 0 1 0
2 1 13 1 3 3 11 9 2 6 7 8 1 3 4 5 0 1 2 1 1228 0 0 0
3 13 11 2 8 8 10 1 5 5 1 0 3 2 0 2 10 2 3 1 1 2 1 1 3 2 3 1 3 1 1268 4 3 3
0 0 13 3 10 8 9 12 5 5 5 5 2 3 3 4 9 1 3 2 1 3 3 2 1 2 1 1 1 1308 3 3 3
5 1 0 0 8 7 2 0 8 5 0 0 13 1 2 5 8 3 3 3 1 2 1 1 2 1 2 1 949 3 2 3
4 2 2 0 5 7 2 3 10 7 3 0 13 3 0 0 7 1 3 1 3 1 3 1 1 2 1 989 4 0 3
10 8 9 3 3 6 7 5 4 13 1 0 3 4 0 2 4 3 2 1 3 1 3 1 1029 1 1 2
0 3 1 2 3 3 3 13 11 5 7 10 0 5 3 3 1 1 1 2 1 1069 1 0 0
0 3 5 2 3 6 8 13 1 6 12 3 2 0 3 1 11 2 1 2 1 3 3 1 2 3 3 2 1 1 1 1109 3 4 4
4 4 3 0 5 13 5 3 10 5 3 2 12 0 1 0 8 2 1 2 1 1 2 3 3 1 3 1 1149 3 3 2
6 3 0 1 13 10 4 3 12 9 5 0 4 3 1 3 6 2 1 3 3 2 2 1 3 1 1189 1 3 2
2 2 0 1 3 6 6 8 1 6 13 2 3 1 3 4 8 1 2 3 3 3 2 2 1 1 1 1 773 2 3 3
1 7 9 3 3 7 3 1 1 2 13 0 0 3 3 0 7 2 2 3 2 1 1 3 1 2 1 813 2 3 2
1 3 3 4 3 4 11 5 0 4 7 9 0 2 13 3 6 2 2 3 3 1 3 1 1 1 853 1 2 3
1 4 0 4 4 5 11 0 5 8 6 1 2 13 5 10 5 3 1 3 3 2 1 2 1 893 1 1 3
7 6 2 2 3 4 9 9 5 5 3 10 2 13 0 11 5 1 1 1 1 2 3 4 0.54545454545454553 5 0.27272727272727276 6 0.18181818181818185 933 4 1 0
3 1 2 0 10 4 1 0 8 7 5 1 12 5 13 5 4 2 3 2 1 1 2 1 973 1 2 1
0 3 0 3 3 5 0 3 9 7 11 4 1 12 2 13 1 2 1 1 1 1013 0 1 0
0 1 0 0 0 5 3 7 0 4 7 4 3 4 3 13 0 1 2 1 756 0 0 0
4 6 10 4 3 4 9 1 0 1 13 2 0 0 2 3 11 1 1 2 1 3 2 2 3 3 2 1 1 3 1 796 4 4 3
11 4 3 3 8 6 3 0 9 13 5 3 5 3 0 0 10 1 2 2 3 1 2 1 2 3 3 1 1 1 836 3 4 3
11 4 0 1 10 7 4 2 4 13 0 0 3 3 0 1 8 2 3 2 3 2 1 3 3 1 1 1 876 1 3 4
11 8 8 3 10 13 2 1 3 3 3 1 4 0 0 3 7 2 3 1 2 2 1 3 1 3 1 916 2 3 2
3 11 9 5 10 13 7 8 3 6 4 2 0 2 3 0 5 2 3 3 1 1 1 1 1 956 2 1 2
6 12 1 2 13 8 1 0 3 0 3 0 4 0 1 0 3 2 1 2 1 2 1 996 1 2 0
1 6 12 2 13 8 7 6 3 1 3 5 0 0 2 3 0 1 3 1 1036 0 0 0
3 0 8 2 4 1 5 0 5 1 2 3 2 13 3 0 6 1 3 2 1 1 3 1 2 1 866 3 1 2
0 2 1 0 4 4 9 3 0 7 13 3 3 6 5 4 6 2 3 1 2 1 1 1 2 1 906 3 2 1
2 4 2 3 0 3 3 4 3 5 8 9 0 3 13 10 5 2 1 3 3 1 1 1 1 946 2 1 2
3 2 5 5 2 6 6 7 0 9 8 9 0 1 13 11 4 1 3 1 2 1 3 1 986 2 1 1
3 4 7 4 5 9 6 8 13 11 10 5 2 1 3 1 2 3 3 1 2 1 1026 0 0 2
0 2 3 2 0 3 3 2 1 5 4 6 2 8 13 1 2 1 1 1 3 1 789 2 0 0
9 6 1 0 13 4 2 1 3 1 2 0 0 0 3 0 10 2 3 3 1 2 3 1 3 2 1 1 2 1 829 3 3 4
4 3 9 9 3 13 4 4 2 4 0 3 1 0 0 0 8 3 2 2 1 3 1 2 3 1 1 1 869 2 3 3
2 0 3 0 1 0 4 2 4 7 13 5 4 4 8 10 7 3 2 3 3 1 2 1 1 1 1 909 2 2 3
1 5 4 3 2 3 2 3 3 10 8 13 1 1 9 1 6 3 2 3 1 2 2 1 3 1 949 1 3 2
3 3 2 0 7 3 3 0 13 1 5 3 0 2 0 0 10 2 3 3 1 3 2 1 2 3 1 1 1 1 834 3 3 4
0 0 1 1 3 3 0 0 13 3 6 2 3 9 6 0 8 3 2 1 3 3 2 1 2 1 3 1 874 2 3 3
4 2 6 4 1 7 13 4 10 4 1 2 0 0 2 0 7 1 1 3 3 2 3 2 1 1 1 914 2 2 3
1 3 1 0 0 2 4 2 4 13 6 0 4 11 9 4 6 2 2 1 3 1 3 1 3 1 954 2 2 2
2 7 9 11 2 6 7 13 1 2 1 3 0 2 0 4 2 1 1 1 3 1 994 2 0 0
3 2 3 8 3 3 9 3 3 9 11 13 2 6 6 1 0 1 1 1 1034 0 0 0
13 4 5 1 8 7 3 0 1 4 0 2 2 3 0 0 1 3 1 3 1 904 0 0 1
13 3 0 1 9 2 1 1 7 7 3 0 10 2 2 3 11 2 2 1 3 1 1 2 3 3 2 1 1 3 1 944 4 4 3
1 2 13 3 0 9 9 3 0 10 3 3 0 1 4 0 8 3 1 1 2 2 3 3 2 1 3 1 984 2 3 3
4 11 13 2 3 6 7 0 3 4 4 1 0 2 2 1 5 2 3 1 1 3 3 7 0.2857142857142857 8 0.2857142857142857 9 0.42857142857142855 1024 2 1 2
11 13 6 5 9 8 5 4 1 3 5 4 2 2 4 7 4 3 2 3 1 1 1 1 1064 1 1 2
0 0 3 4 0 3 2 1 10 11 13 3 2 7 7 1 0 1 3 1 1104 0 0 0
10 3 13 6 11 9 4 0 3 5 3 0 0 2 1 3 10 1 2 2 2 3 3 2 1 1 3 1 1 1 1144 3 4 3
2 3 0 2 10 3 13 4 11 9 6 4 1 8 7 0 9 3 3 3 1 1 1 2 1 2 1 2 1 1184 4 2 3
4 1 0 0 3 4 3 2 3 8 5 0 13 1 3 3 1 3 1 2 1 884 0 0 1
2 3 0 0 5 0 3 0 13 6 6 1 4 7 8 3 9 2 2 1 1 2 3 2 3 1 1 1 1 924 3 4 2
0 0 1 4 1 2 5 0 13 6 4 6 9 8 7 4 9 2 1 3 3 2 3 2 1 2 1 1 1 964 2 4 3
2 3 0 0 7 7 3 1 13 8 3 0 10 5 6 0 8 1 1 1 2 3 3 2 3 1 2 1 1004 3 2 3
7 4 3 3 10 6 6 5 9 7 0 3 13 10 0 2 6 3 1 1 2 2 1 1 3 1 1044 3 2 1
1 0 0 1 2 2 4 3 0 13 5 1 3 5 2 6 0 1 3 1 753 0 0 0
1 3 1 2 2 4 2 0 13 8 6 0 1 10 4 3 9 3 2 2 3 2 3 1 1 1 1 3 1 793 3 3 3
1 4 4 3 13 9 5 3 3 10 7 4 0 0 4 3 8 2 1 2 2 1 1 2 3 1 3 1 833 3 4 1
6 3 2 0 8 6 1 3 13 9 4 3 5 11 3 2 6 2 3 1 1 3 2 1 1 1 873 2 2 2
0 5 0 1 0 3 2 1 0 4 13 2 4 5 6 4 1 2 1 1 1 955 0 1 0
13 9 8 3 3 4 7 1 3 2 4 3 1 0 2 0 11 3 2 2 3 1 2 1 1 2 3 3 1 1 1 995 3 4 4
3 0 3 0 5 4 3 3 7 5 5 2 5 3 13 10 9 3 2 3 1 2 3 1 1 1 1 2 1 1035 4 2 3
3 3 4 5 2 4 6 7 3 2 8 10 1 0 13 1 6 3 3 3 2 1 2 1 1 1 1075 1 2 3
3 8 9 10 2 5 7 13 0 3 6 8 0 3 5 3 7 3 1 1 3 2 1 2 1 3 1 1115 3 2 2
4 11 4 13 3 7 8 3 3 5 5 2 1 6 2 0 5 1 2 2 3 1 1 1 1 1155 2 2 1
1 3 10 11 4 9 7 13 2 4 6 5 0 3 3 3 3 3 2 3 1 1 1 1195 0 1 2
0 1 12 6 2 2 8 9 1 2 7 13 3 4 3 6 1 1 1 3 1 1235 1 0 0
3 1 4 0 3 6 3 3 13 4 2 2 5 1 3 0 7 2 1 1 2 3 2 1 1 3 1 875 3 3 1
0 0 0 1 0 3 4 4 1 5 6 5 3 5 13 9 9 1 2 2 2 3 3 3 1 2 1 3 1 915 2 4 3
3 10 0 0 4 4 5 3 3 6 7 13 0 2 0 3 7 1 1 1 3 3 2 3 1 2 1 955 3 1 3
10 2 1 2 9 3 5 0 3 7 5 1 4 13 0 2 4 3 2 1 3 1 1 1 995 1 1 2
10 4 3 0 9 5 1 0 8 7 6 3 4 13 3 1 2 3 2 1 2 1 1035 0 1 1
4 2 2 5 4 3 5 2 8 8 6 2 1 11 13 0 3 1 1 1 1 3 1 1075 3 0 0
0 3 1 1 2 3 4 2 9 8 5 4 11 13 6 4 1 3 1 3 1 1115 0 0 1
0 3 3 0 1 4 1 0 6 2 3 2 12 13 3 8 11 1 1 3 1 3 3 3 2 1 2 2 1 2 1 1155 4 3 4
5 13 3 2 4 8 6 1 3 3 8 2 4 0 2 0 6 2 1 1 3 1 3 1 3 1 773 3 1 2
2 2 3 3 11 13 4 1 10 5 6 2 0 5 8 2 7 3 1 3 3 1 1 2 1 1 1 813 3 1 3
0 0 5 2 11 13 7 3 10 9 4 3 2 3 4 1 6 1 3 1 3 2 3 1 3 1 853 2 1 3
12 3 13 3 8 7 5 1 2 1 5 4 0 0 2 1 4 2 3 2 1 1 3 1 893 1 2 1
12 1 13 0 9 6 5 3 5 4 3 3 4 3 1 2 0 1 2 1 933 0 0 0
12 9 4 3 10 13 5 1 8 4 1 4 7 3 2 2 11 1 2 2 2 1 3 1 2 3 1 3 1 3 1 973 4 4 3
12 11 7 2 9 13 3 4 0 3 3 3 2 0 0 1 8 3 1 2 3 2 3 1 3 1 1 1 1013 2 2 4
12 11 8 1 9 13 6 7 3 2 5 2 1 0 4 2 5 1 1 3 3 2 1 3 1 1053 2 1 2
7 9 5 0 1 5 3 2 13 2 3 0 0 3 0 0 10 2 1 3 1 3 1 1 2 2 3 1 3 1 900 4 3 3
1 2 0 0 10 3 3 0 7 1 1 4 13 0 0 1 7 1 3 2 2 2 3 2 1 3 1 940 1 4 2
0 10 9 4 0 13 5 4 0 4 4 5 1 0 7 0 5 2 2 1 3 1 1 2 1 980 2 2 1
11 7 3 1 13 10 1 2 4 2 4 3 2 3 0 0 3 2 1 3 1 1 1 1020 1 1 1
12 9 5 4 13 5 4 3 2 4 3 0 1 0 3 1 1 3 1 2 1 1060 0 0 1
13 12 9 8 3 10 5 0 2 4 3 3 3 1 0 0 0 1 3 1 1100 0 0 0
13 12 9 3 9 10 7 8 1 5 6 5 3 2 1 4 9 2 3 2 2 1 3 1 3 1 1 2 1 1140 3 3 3
3 13 7 2 2 9 13 6 3 3 0 4 3 0 0 1 7 1 3 2 1 2 1 2 1 1 1 1180 3 3 1
2 3 2 0 2 4 5 3 1 10 1 0 5 3 13 2 7 1 3 1 1 3 3 2 1 3 1 826 3 1 3
3 2 3 6 2 4 3 5 3 7 6 3 5 13 4 11 5 2 1 1 3 3 1 1 1 866 2 1 2
8 11 5 2 9 13 4 2 3 4 1 0 0 2 0 1 2 3 3 1 1 1 906 0 0 2
11 13 5 4 10 4 3 0 4 1 3 0 1 0 2 2 11 1 2 2 3 2 3 2 1 1 1 3 1 3 1 946 4 4 3
11 13 3 0 10 7 1 3 7 4 4 0 3 3 1 0 7 2 1 1 3 3 2 2 1 2 1 986 2 3 2
11 13 5 4 10 9 4 3 0 5 4 2 4 3 0 1 6 3 1 1 3 3 2 1 2 1 1026 2 1 3
12 13 5 3 8 7 4 3 3 3 3 0 0 0 0 2 6 2 2 1 1 1 3 1 3 1 1066 3 2 1
12 13 2 2 9 10 5 0 1 6 3 2 5 5 5 3 6 1 2 3 2 1 1 1 1 1 1106 3 2 1
0 1 0 0 0 1 3 2 3 2 5 6 0 3 5 13 6 3 1 3 2 2 3 1 1 1 720 1 2 3
0 0 1 3 2 1 4 13 0 2 4 8 0 0 1 6 2 2 3 1 3 1 760 0 1 1
0 2 1 1 4 1 13 1 3 2 9 3 3 4 2 0 10 1 3 3 3 1 2 2 2 2 1 1 3 1 800 3 4 3
3 13 8 4 0 3 7 9 1 5 4 6 0 2 1 4 8 2 3 1 3 1 3 3 2 1 2 1 840 2 2 4
7 5 13 5 10 8 5 1 0 3 8 0 8 3 0 2 9 2 1 3 3 3 2 3 2 1 1 1 1 880 2 3 4
13 5 4 0 9 6 4 0 11 5 4 3 3 2 2 1 6 2 2 1 1 1 3 1 3 1 920 3 2 1
13 8 2 0 9 7 4 1 11 5 2 3 3 0 1 3 5 1 3 2 2 1 3 7 0.2857142857142857 8 0.2857142857142857 9 0.42857142857142855 960 2 2 1
1 0 0 0 3 5 3 13 0 3 5 7 2 1 4 5 10 2 2 1 3 3 1 1 3 2 3 1 2 1 842 3 3 4
0 0 2 6 1 3 6 10 0 3 6 8 0 3 13 6 8 2 2 1 2 3 3 1 3 1 1 1 882 2 3 3
3 6 9 10 6 13 6 3 2 4 3 0 0 0 1 3 4 2 3 2 1 1 1 1 922 1 2 1
1 4 11 1 7 13 5 1 3 5 6 8 3 2 5 4 3 2 1 2 1 2 1 962 1 2 0
0 4 6 4 1 3 3 1 0 0 13 3 0 2 0 0 10 1 2 3 3 2 1 3 1 3 2 1 2 1 917 3 3 4
0 0 0 3 5 3 1 0 8 7 2 3 1 13 5 3 9 1 2 2 1 2 3 3 1 2 1 3 1 957 3 4 2
1 2 3 3 0 4 4 5 3 4 7 9 0 1 3 13 6 2 3 2 1 3 1 1 2 1 997 2 2 2
3 0 1 2 1 4 2 8 4 9 8 9 1 1 13 3 4 2 1 2 3 1 2 1 1037 1 2 1
1 3 2 3 2 4 1 5 0 4 5 13 6 4 7 11 2 2 3 1 1 1 1077 0 1 1
0 0 4 2 2 2 6 0 3 7 6 13 1 1 10 11 2 3 3 1 1 1 1117 0 0 2
1 4 5 2 0 2 6 7 0 1 8 13 0 1 10 11 10 2 3 3 1 3 1 2 1 2 2 1 3 1 1157 3 4 3
3 2 1 4 0 2 3 4 1 5 3 13 0 4 12 8 10 3 2 1 2 2 2 1 3 3 1 1 1 1 1197 3 4 3
0 3 4 9 3 4 13 0 5 5 3 0 0 4 1 0 6 2 2 3 1 2 3 1 1 1 805 1 3 2
3 0 3 9 1 3 8 13 0 3 5 2 0 2 1 4 2 3 1 1 2 1 845 1 0 1
1 5 11 1 3 5 6 13 0 7 4 2 0 0 2 3 2 2 1 1 3 1 885 1 1 0
0 1 1 1 2 4 4 2 11 7 5 0 4 8 13 5 10 1 3 3 2 2 3 1 2 3 2 1 1 1 925 2 4 4
4 4 2 1 5 3 0 0 11 7 3 2 1 9 13 3 7 3 2 2 3 1 2 1 1 1 1 965 2 3 2
1 11 13 0 0 10 5 2 4 5 6 2 4 4 3 3 5 2 3 3 3 1 1 1 1 1005 1 1 3
11 13 0 3 10 8 0 2 6 6 4 3 2 4 3 0 2 1 3 1 1 1 1045 1 0 1
11 13 5 5 10 9 3 0 4 4 0 1 5 2 0 3 10 1 1 2 2 3 1 2 3 3 1 1 2 1 1085 4 3 3
1 1 1 0 2 3 8 3 2 3 2 3 1 13 3 0 7 1 2 3 3 1 3 2 1 2 1 892 2 2 3
0 3 4 13 1 3 7 9 3 3 3 7 0 3 1 3 8 2 2 2 1 3 3 3 2 1 1 1 932 1 4 3
3 4 1 13 2 4 9 10 2 1 4 8 0 0 3 5 8 1 2 1 3 2 3 2 1 1 3 1 972 3 3 2
0 0 1 13 0 0 4 11 2 3 7 8 3 4 7 1 5 2 3 3 3 2 1 1 1 1012 0 2 3
3 1 13 10 0 1 8 11 0 4 7 9 3 5 6 1 3 3 2 2 1 2 1 1052 0 2 1
3 2 1 0 10 5 4 1 13 7 8 2 3 12 3 1 2 3 3 1 2 1 1092 0 0 2
2 1 5 4 10 7 12 3 13 9 3 0 4 4 0 3 11 2 2 1 2 1 3 1 3 2 1 3 1 3 1 1132 4 4 3
4 1 2 3 2 12 8 2 9 7 10 9 3 3 13 3 8 3 1 3 2 2 1 1 1 1 3 1 1172 4 2 2
4 1 0 0 0 3 2 6 4 5 6 3 0 4 4 13 0 1 3 1 840 0 0 0
11 8 13 5 1 6 6 4 0 3 2 0 0 0 1 0 10 2 1 2 3 3 3 3 1 2 1 1 2 1 880 3 3 4
3 13 11 1 3 6 7 9 3 2 1 2 1 0 0 0 8 3 2 2 2 3 1 3 1 1 3 1 920 2 3 3
11 10 2 2 13 10 4 3 2 4 5 4 3 0 1 2 7 3 1 3 3 1 2 1 1 1 1 960 3 1 3
2 3 1 1 12 4 3 0 4 6 5 2 13 8 9 5 5 1 2 3 2 3 1 1 1 1000 1 2 2
1 2 2 0 5 4 4 1 12 6 3 0 13 10 2 0 2 1 3 1 3 1 1040 1 0 1
5 0 0 3 8 4 0 1 12 10 5 2 13 9 4 0 0 3 4 0.54545454545454553 5 0.27272727272727276 6 0.18181818181818185 1080 0 0 0
7 5 4 3 12 9 5 0 4 11 0 0 13 3 0 2 10 2 1 3 2 1 1 3 1 3 2 1 3 1 1120 4 3 3
1 0 0 0 8 2 4 3 13 4 0 3 3 9 1 1 3 2 3 2 1 3 1 815 0 2 1
10 2 4 3 13 7 5 3 9 8 6 2 1 5 3 2 1 1 1 1 1 855 1 0 0
2 2 2 3 9 5 4 3 8 7 6 3 1 13 11 4 1 1 1 1 1 895 1 0 0
0 0 0 1 1 2 1 1 10 7 6 4 2 13 11 4 9 3 2 1 3 2 1 2 3 2 1 3 1 935 2 4 3
0 0 0 2 5 7 3 3 5 6 10 9 4 13 11 3 9 1 2 2 1 3 1 3 2 3 1 1 1 975 3 3 3
3 1 13 0 2 5 8 1 4 6 7 1 3 3 0 2 3 2 1 3 1 2 1 887 1 1 1
0 1 2 2 13 4 3 1 3 11 5 3 0 7 0 3 1 3 1 3 1 927 0 0 1
3 1 3 2 13 5 6 3 11 8 7 3 0 3 3 5 10 3 1 2 1 3 1 2 2 3 2 1 1 1 967 3 4 3
0 0 2 2 2 3 4 0 13 7 5 4 11 9 6 4 7 1 3 2 3 1 1 3 1 1 1 1007 3 1 3
0 2 1 0 3 5 2 0 13 7 6 3 11 9 8 3 4 2 1 3 3 1 1 1 1047 1 1 2
1 1 0 0 4 1 2 0 13 7 4 4 11 10 8 5 2 3 2 1 2 1 1087 0 1 1
4 4 0 3 7 6 3 4 13 8 5 3 11 10 8 3 11 1 3 3 2 2 3 1 1 1 3 2 1 2 1 1127 4 3 4
4 1 2 0 8 4 5 2 13 7 4 4 12 10 3 1 9 1 1 3 2 1 3 2 3 3 1 2 1 1167 3 2 4
0 1 3 0 0 6 5 4 2 4 13 4 0 0 0 8 3 2 1 1 1 2 1 909 2 1 0
2 5 1 3 2 2 5 2 0 1 7 9 0 3 13 1 1 1 3 4 0.54545454545454553 5 0.27272727272727276 6 0.18181818181818185 949 1 0 0
0 3 0 1 8 2 3 5 0 13 7 4 4 8 9 6 1 3 3 8 0.18181818181818185 9 0.27272727272727276 10 0.54545454545454553 989 0 0 1
7 5 2 2 11 5 0 0 13 3 5 0 4 3 0 1 0 1 1 1 1029 0 0 0
2 2 1 0 3 4 3 3 11 5 7 9 1 13 8 1 9 2 3 1 2 2 1 3 2 3 1 1 1 1069 2 4 3
2 3 0 3 6 5 4 1 1 11 4 1 13 10 9 3 8 3 3 1 2 1 2 2 2 3 5 0.42857142857142855 6 0.2857142857142857 7 0.2857142857142857 1109 2 4 2
2 0 1 3 13 4 3 0 11 8 5 3 6 10 9 3 4 1 3 2 1 1 2 1 1149 2 1 1
2 4 4 3 13 10 4 0 11 10 1 0 6 2 0 0 1 3 1 1 1 1189 0 0 1
4 5 1 0 4 5 5 0 4 13 2 2 3 0 3 0 0 1 1 1 720 0 0 0
8 3 2 0 5 5 0 2 3 4 13 3 3 4 4 0 9 3 2 2 1 3 3 1 1 1 1 3 1 760 4 2 3
3 0 1 0 0 4 3 3 0 8 5 6 4 8 13 4 6 3 1 3 2 2 1 1 2 1 800 2 2 2
0 2 5 1 3 13 4 2 9 8 5 1 3 1 5 3 4 2 1 2 2 1 1 1 840 1 3 0
13 5 10 3 6 9 9 3 3 3 4 3 2 0 1 0 2 3 2 1 1 1 880 0 1 1
0 2 0 1 11 5 4 2 0 13 8 2 8 6 6 3 1 1 1 1 1 920 1 0 0
4 4 1 2 5 6 5 3 11 8 8 5 13 9 1 2 1 2 1 1 1 960 0 1 0
5 4 1 3 8 5 5 2 11 10 4 3 13 4 0 1 9 2 1 3 1 2 2 3 1 2 1 3 1 1000 3 4 2
0 0 0 3 1 0 5 0 4 4 4 4 4 13 3 6 9 3 2 1 1 1 2 2 3 2 3 4 0.54545454545454553 5 0.27272727272727276 6 0.18181818181818185 770 3 4 2
0 4 1 0 1 2 0 2 3 4 9 1 1 3 3 13 7 1 2 3 2 3 3 2 1 3 1 810 1 3 3
3 3 3 1 0 7 3 5 1 7 6 4 3 10 9 13 5 2 1 3 3 2 1 2 1 850 1 2 2
4 3 3 2 1 6 3 0 2 4 11 0 3 0 13 0 3 1 3 3 3 8 0.18181818181818185 9 0.27272727272727276 10 0.54545454545454553 890 1 0 2
0 0 1 2 5 2 0 0 7 5 1 3 13 1 0 0 3 1 2 3 1 2 1 723 1 1 1
9 5 0 1 8 7 4 1 13 6 4 3 4 3 0 0 1 2 1 2 1 763 0 1 0
3 8 0 0 5 7 0 0 1 7 4 2 2 13 10 1 0 1 3 1 803 0 0 0
3 2 3 5 0 1 4 10 0 4 7 9 2 6 13 10 9 1 3 1 2 1 3 2 3 1 1 2 1 843 4 2 3
2 3 4 9 1 11 10 3 3 5 13 6 3 2 3 3 9 3 3 1 2 1 2 2 1 1 1 3 1 883 4 3 2
2 7 9 10 0 4 5 13 3 1 12 3 3 0 4 3 10 2 1 2 2 2 3 3 3 1 1 1 1 1 923 3 4 3
3 11 1 12 2 8 13 7 1 0 1 4 0 0 2 3 7 2 1 2 3 3 3 2 1 1 1 963 1 3 3
0 2 1 0 0 9 2 3 4 5 4 3 3 1 4 13 7 3 1 2 3 1 1 2 1 2 1 812 3 2 2
2 8 5 2 9 13 3 2 10 2 0 0 3 0 0 3 4 1 1 1 3 1 1 1 852 3 0 1
0 2 0 1 3 5 5 1 9 8 6 2 10 13 7 2 0 1 1 1 892 0 0 0
3 2 3 0 5 3 1 3 6 5 4 3 11 13 6 4 9 1 2 3 1 2 2 1 2 1 1 3 1 932 4 4 1
0 0 0 2 3 4 4 1 3 8 7 5 11 13 7 6 7 2 2 3 1 3 1 2 1 1 1 972 2 3 2
11 8 7 1 9 2 4 4 3 13 1 5 0 0 0 3 6 2 3 2 3 1 2 1 1 1 1012 1 3 2
3 0 0 1 10 11 1 0 5 4 5 3 3 13 6 3 3 2 2 3 1 3 1 1052 0 2 1
4 3 3 7 11 7 1 0 10 8 4 1 4 13 3 2 2 2 1 1 2 1 1092 1 1 0
13 9 1 3 6 3 5 2 0 2 4 0 0 0 1 2 4 1 2 1 3 1 3 1 983 2 1 1
13 9 8 4 3 4 6 3 0 3 1 1 0 0 2 0 1 3 1 2 1 1023 0 0 1
3 10 0 0 13 9 0 0 5 9 0 0 4 4 3 2 10 2 1 3 3 2 1 2 1 1 3 1 3 1 1063 4 3 3
9 7 11 7 3 4 7 13 2 0 4 1 3 0 0 4 10 2 3 2 1 2 1 3 3 1 2 1 1 1 1103 3 4 3
0 0 2 0 2 5 3 1 2 11 5 4 0 11 6 13 9 2 3 3 1 1 3 2 1 3 1 1 1 1143 3 2 4
1 1 3 1 2 4 3 1 4 8 5 13 4 12 8 10 8 1 2 3 2 2 3 3 2 3 4 0.54545454545454553 5 0.27272727272727276 6 0.18181818181818185 1183 1 4 3
2 0 0 1 2 1 5 5 4 6 8 9 12 2 10 13 5 1 1 1 2 2 1 3 1 1223 3 2 0
4 3 1 0 2 5 11 13 4 12 3 0 4 2 1 2 1 3 1 1 1 1263 0 0 1
1 3 8 3 1 9 4 2 2 5 13 5 4 1 4 1 3 2 2 3 1 3 1 626 0 2 1
0 0 3 10 0 1 2 6 2 1 5 4 4 13 3 3 0 1 3 1 666 0 0 0
4 5 13 0 4 6 8 0 10 3 3 0 1 0 0 3 9 3 1 2 2 1 2 1 3 3 1 2 1 706 3 3 3
0 0 4 3 3 3 0 13 4 3 11 9 4 5 6 2 8 1 3 1 1 2 2 3 1 1 2 1 746 4 2 2
3 5 4 3 5 3 11 0 13 9 3 7 8 3 0 3 5 2 2 3 1 3 1 1 1 786 1 2 2
3 13 0 0 3 10 0 1 4 9 11 2 4 1 5 7 3 3 1 2 1 2 1 826 1 1 1
0 8 0 10 13 7 9 4 3 3 5 12 1 2 2 4 2 1 3 1 3 1 866 1 0 1
3 1 5 7 13 11 5 0 5 6 12 0 0 0 7 0 0 1 2 1 906 0 0 0
3 13 5 1 4 3 3 4 3 4 3 2 0 3 0 3 11 1 3 2 2 2 2 3 1 1 3 3 1 1 1 833 3 4 4
3 3 2 0 2 3 4 3 1 4 13 8 4 1 1 9 8 1 2 2 2 2 1 3 1 1 3 1 873 3 4 1
0 2 0 5 0 5 5 8 3 6 7 9 3 4 13 3 5 1 3 3 1 3 1 2 1 913 2 0 3
3 4 4 10 0 7 5 6 0 4 8 9 0 2 13 10 5 1 2 3 1 3 1 3 1 953 2 1 2
0 3 2 2 3 1 5 11 0 7 5 10 0 3 13 4 1 3 1 1 1 993 0 0 1
4 3 4 2 1 3 5 11 2 7 8 10 10 0 13 4 0 1 1 1 1033 0 0 0
0 3 0 0 3 5 4 4 3 6 5 10 3 13 10 12 11 2 3 1 2 2 1 3 3 2 1 1 1 3 1 1073 4 4 3
3 1 3 0 5 3 2 2 5 8 3 1 6 13 11 12 8 2 1 3 3 3 2 1 1 1 2 1 1113 3 2 3
2 3 0 2 13 4 2 0 4 5 3 0 4 3 3 0 5 3 1 1 3 1 1 3 1 898 3 0 2
0 0 2 8 0 4 6 13 3 0 4 10 0 0 2 3 4 1 2 1 1 1 3 1 938 3 1 0
3 8 13 1 4 6 7 10 3 5 8 2 3 0 3 3 3 2 1 2 1 1 1 978 1 2 0
3 13 2 1 1 8 10 1 9 7 6 0 2 4 4 4 0 1 2 1 1018 0 0 0
11 13 5 2 10 6 4 0 3 8 3 1 4 3 3 0 0 1 3 1 1058 0 0 0
11 13 8 3 11 9 6 1 3 0 4 0 1 5 2 2 11 3 1 3 2 2 1 3 3 2 1 1 1 2 1 1098 4 3 4
12 13 8 0 7 10 5 0 6 4 4 3 3 2 0 0 10 1 1 2 1 3 3 2 3 2 3 1 1 1 1138 3 3 4
0 2 10 3 0 1 9 12 0 3 7 13 3 4 5 5 6 3 1 2 2 2 1 1 1 1 1178 2 3 1
3 1 0 0 1 3 2 2 2 4 5 3 0 13 8 5 3 1 2 3 1 1 1 856 1 1 1
0 0 1 0 0 3 2 1 4 7 5 0 13 9 5 3 2 3 2 1 3 1 896 0 1 1
3 1 1 0 2 3 4 10 8 6 5 2 13 10 5 3 0 1 3 1 936 0 0 0
0 9 3 0 4 8 6 0 13 10 3 4 11 3 2 1 11 1 2 2 3 3 3 3 1 1 2 1 1 2 1 976 4 3 4
0 3 1 0 13 7 7 3 12 6 3 3 3 3 3 3 10 1 2 2 1 3 3 1 2 2 3 1 3 1 1016 3 4 3
5 1 0 0 13 0 2 0 5 8 4 0 12 10 10 3 11 1 2 3 3 3 2 1 2 2 1 1 1 3 1 1056 4 4 3
3 3 2 0 13 4 7 1 1 7 3 0 0 8 0 3 3 2 2 3 1 1 1 974 0 2 1
3 1 4 3 0 8 8 1 13 2 9 1 3 3 0 2 2 2 1 1 2 1 1014 1 1 0
13 10 8 1 1 4 5 4 2 6 1 3 0 4 2 0 0 1 2 1 1054 0 0 0
10 9 2 1 13 5 5 0 5 4 3 0 2 4 1 0 9 3 1 3 2 1 2 1 3 2 1 3 1 1094 3 3 3
11 8 5 4 13 7 4 3 3 7 2 3 0 1 3 0 7 3 2 2 3 1 2 1 1 1 1 1134 2 3 2
11 9 1 0 13 7 2 0 8 6 3 2 6 3 5 2 5 1 3 3 1 1 1 2 1 1174 3 0 2
11 8 3 2 13 10 7 1 5 5 5 3 2 3 1 0 3 3 2 3 1 1 1 1214 0 1 2
4 12 7 3 13 9 7 5 3 1 0 1 2 0 3 0 1 3 1 2 1 1254 0 0 1
5 3 2 0 13 5 3 1 5 6 3 0 2 0 0 0 4 1 3 3 1 1 2 1 895 2 0 2
3 0 0 2 3 13 8 6 0 4 7 6 0 4 1 4 4 3 2 1 2 1 1 1 935 1 2 1
9 11 3 1 13 2 3 0 8 3 4 0 4 0 2 0 4 1 3 1 2 1 3 1 975 2 1 1
2 9 9 4 11 8 7 0 13 7 2 2 1 3 0 1 3 3 3 1 3 4 0.54545454545454553 5 0.27272727272727276 6 0.18181818181818185 1015 1 0 2
12 6 4 1 13 7 3 0 4 3 0 0 3 2 3 0 0 1 3 1 1055 0 0 0
12 9 7 4 13 8 6 3 3 1 2 3 0 0 0 3 10 3 1 1 1 2 1 2 2 2 3 1 3 1 1095 4 4 2
1 10 9 4 12 7 8 3 13 5 4 0 2 0 2 3 10 3 3 1 2 3 2 1 1 1 2 3 6 0.33333333333333331 7 0.33333333333333331 8 0.33333333333333331 1135 4 3 3
12 11 4 0 13 8 7 3 3 7 0 0 7 3 0 0 8 2 2 1 1 1 2 2 1 1 3 1 1175 4 4 0
3 3 3 0 3 6 7 3 4 4 5 0 1 13 0 0 10 1 3 1 3 1 2 2 2 3 2 3 5 0.42857142857142855 6 0.2857142857142857 7 0.2857142857142857 901 3 4 3
1 0 0 3 3 4 7 10 3 5 8 8 3 3 3 13 10 2 1 2 3 1 2 1 3 3 3 1 2 1 941 3 3 4
2 0 4 4 3 1 6 10 3 6 8 9 1 3 4 13 7 1 1 3 2 2 2 3 1 3 1 981 2 3 2
0 4 3 0 1 5 13 11 0 6 5 1 0 2 1 2 3 3 1 2 1 2 1 1021 1 1 1
5 8 11 13 1 5 3 1 0 4 1 3 2 3 2 2 11 2 1 2 1 2 2 3 3 1 1 3 1 3 1 1061 4 4 3
3 7 9 11 3 4 7 13 0 0 4 7 3 0 3 4 9 1 1 2 3 2 2 1 3 2 1 1 1 1101 3 4 2
3 5 10 11 2 4 5 13 1 0 4 5 0 3 0 3 5 1 3 2 1 2 1 3 1 1141 2 2 1
1 7 10 11 1 4 7 13 2 4 6 3 0 4 2 3 2 2 3 1 1 1 1181 0 1 1
1 3 13 3 0 4 1 4 2 6 6 7 0 3 2 3 11 1 1 2 3 2 2 1 1 3 3 3 1 2 1 882 4 3 4
2 13 2 0 1 1 6 8 1 5 7 3 3 4 3 3 7 2 1 3 3 3 1 2 1 2 1 922 2 2 3
5 7 9 13 3 5 4 4 0 2 2 2 0 0 0 3 3 1 1 1 1 3 1 962 3 0 0
3 8 9 13 4 7 6 4 3 3 3 1 0 0 1 2 0 1 2 1 1002 0 0 0
1 10 13 0 2 7 5 4 1 4 3 3 0 1 2 3 9 3 3 1 1 2 1 2 2 3 1 2 1 1042 3 3 3
0 4 10 13 0 1 6 8 2 4 5 5 0 2 3 3 5 3 3 3 1 1 1 2 1 1082 2 0 3
13 0 2 0 10 9 4 1 6 6 1 0 2 5 5 2 3 1 3 3 1 3 1 1122 1 0 2
0 9 0 2 13 9 6 4 11 8 6 3 1 3 1 3 1 3 1 2 1 1162 0 0 1
3 1 3 0 5 0 5 0 3 6 3 0 2 13 8 1 9 2 2 1 1 1 2 2 3 3 1 3 1 759 3 4 2
0 0 3 0 3 4 1 1 3 6 7 0 3 13 9 3 6 1 2 2 3 2 2 1 1 1 799 1 4 1
2 4 3 1 6 6 2 2 10 8 5 3 3 13 9 0 4 2 3 1 1 1 1 1 839 2 1 1
0 0 3 0 3 6 0 2 8 6 4 2 11 9 13 4 3 3 1 3 1 1 1 879 1 0 2
1 0 0 3 4 10 13 3 1 11 6 7 0 4 2 4 0 1 2 1 919 0 0 0
10 12 13 5 7 8 4 3 5 3 3 2 0 0 1 0 11 1 3 2 2 2 3 3 2 1 1 1 1 3 1 959 4 4 3
1 0 4 2 2 12 13 1 3 11 6 5 0 2 4 5 9 3 2 3 1 1 3 1 3 2 3 7 0.2857142857142857 8 0.2857142857142857 9 0.42857142857142855 999 3 2 4
12 13 5 9 8 5 4 2 11 4 1 2 5 2 0 0 5 1 3 1 3 1 1 2 1 1039 3 0 2
4 3 1 3 3 13 4 3 0 5 6 3 0 0 2 1 10 1 2 2 3 2 2 1 3 1 3 1 3 1 872 3 4 3
0 1 1 3 0 1 13 7 0 0 3 8 2 3 2 1 8 2 1 2 2 1 3 2 3 1 3 1 912 2 4 2
1 3 10 3 2 2 8 9 0 5 3 13 3 4 4 3 6 3 2 3 1 3 1 1 3 1 952 2 1 3
1 5 0 2 2 4 2 0 3 11 3 1 4 13 3 0 3 1 2 1 1 3 1 992 2 1 0
3 3 5 2 1 5 7 10 4 3 6 5 1 13 11 3 2 2 3 1 3 1 1032 0 1 1
1 0 0 2 3 3 3 3 5 4 5 4 8 2 3 13 1 1 1 3 1 996 1 0 0
1 0 2 3 0 1 3 2 0 5 8 4 2 3 10 13 0 1 1 1 1036 0 0 0
0 1 6 3 3 8 7 4 5 2 11 13 1 4 9 3 10 2 1 3 2 3 1 3 1 2 3 1 2 1 1076 3 3 4
0 6 1 4 1 3 6 13 0 3 7 12 0 0 2 2 8 1 2 2 2 3 1 1 3 1 3 1 1116 3 3 2
0 0 1 0 0 4 4 0 1 4 6 4 7 12 8 13 4 2 2 1 3 1 2 1 1156 1 2 1
5 1 1 0 0 5 0 4 5 7 4 1 9 12 8 13 3 2 2 2 1 3 1 1196 0 3 0
5 4 4 3 6 13 5 3 10 5 1 3 12 2 0 0 11 1 1 1 2 3 3 3 3 1 2 2 1 2 1 1236 4 3 4
13 5 4 1 8 6 4 0 10 4 3 0 12 4 1 3 7 2 3 2 1 2 1 2 1 3 1 1276 2 4 1
0 1 0 0 5 1 3 0 9 4 2 3 13 4 2 8 11 2 3 1 1 3 2 3 2 1 3 1 1 2 1 824 4 3 4
2 0 1 1 3 4 5 0 7 9 7 5 13 8 6 5 11 2 3 2 1 1 3 3 2 3 2 1 3 7 0.2857142857142857 8 0.2857142857142857 9 0.42857142857142855 864 3 4 4
4 3 4 3 3 10 3 3 4 4 10 1 0 5 13 2 8 3 3 2 1 1 2 1 2 1 3 1 904 3 3 2
0 1 2 4 2 4 7 8 3 4 6 3 0 3 11 13 6 1 3 3 2 3 1 1 3 1 944 2 1 3
2 3 7 2 5 5 2 0 1 8 13 2 1 11 9 1 3 1 3 3 1 3 1 984 1 0 2
0 2 6 3 0 1 12 13 1 5 2 1 2 5 3 3 1 3 1 3 1 1024 0 0 1
2 4 5 13 0 1 5 8 0 0 3 6 0 0 2 12 10 1 1 1 1 2 3 2 3 3 2 1 3 1 1064 4 3 3
0 4 1 13 2 3 6 9 0 2 4 6 1 0 3 12 8 1 2 3 2 2 3 3 1 1 1 1 1104 2 3 3
1 3 0 0 2 4 6 2 13 4 2 1 1 4 7 4 1 3 1 3 1 916 0 0 1
0 3 4 2 3 7 7 1 4 13 8 2 3 3 4 0 0 1 1 1 956 0 0 0
2 0 0 0 3 3 3 0 9 6 1 2 13 4 11 1 2 2 1 3 5 0.42857142857142855 6 0.2857142857142857 7 0.2857142857142857 996 1 1 0
0 0 1 3 0 3 2 2 3 4 4 8 13 12 6 9 2 2 1 1 1 1 1036 1 1 0
1 0 0 4 0 0 2 1 3 5 4 8 13 12 8 9 10 3 2 3 1 2 1 3 2 3 2 1 1 1 1076 2 4 4
0 3 5 9 0 2 4 8 4 1 13 10 3 2 0 12 9 2 1 1 3 2 1 3 2 1 1 3 1 1116 4 3 2
2 3 7 9 0 4 7 8 0 3 13 10 1 0 1 12 5 3 2 1 2 3 1 3 1 1156 1 2 2
1 3 6 10 1 2 4 11 3 7 12 3 0 3 13 8 3 2 3 2 1 1 1 1196 0 2 1
2 4 3 7 1 13 0 6 4 3 1 1 0 3 3 0 2 3 2 1 2 1 822 0 1 1
0 0 2 1 0 8 3 2 1 13 7 1 2 0 6 6 11 3 1 2 1 1 1 2 3 3 3 2 1 2 1 862 4 3 4
3 6 7 0 1 6 9 3 2 3 13 0 3 2 3 0 8 2 3 1 1 1 2 3 1 1 2 1 902 4 2 2
0 0 3 4 1 2 6 10 2 7 9 8 1 4 13 3 8 2 2 2 3 3 1 1 1 1 3 1 942 3 3 2
3 0 0 1 7 2 0 3 11 5 0 2 13 2 3 3 4 1 1 3 3 1 3 1 982 2 0 2
0 2 1 0 1 7 6 3 11 6 1 2 2 13 7 3 0 1 3 1 1022 0 0 0
0 3 0 0 3 1 1 0 3 6 3 4 13 3 2 4 8 1 1 2 1 2 3 3 2 1 2 1 888 3 3 2
3 8 3 3 1 0 6 3 2 5 13 3 0 0 0 2 7 2 3 3 1 1 2 3 1 1 1 928 2 2 3
0 0 0 2 4 0 4 0 5 3 3 1 6 13 9 4 4 1 3 2 1 1 2 1 968 2 1 1
7 2 3 0 8 4 4 1 13 9 5 2 1 4 4 0 1 1 1 2 1 1008 1 0 0
0 2 13 0 0 1 7 10 3 4 4 5 3 6 1 2 11 1 2 2 2 1 2 3 3 3 1 3 1 1 1 1048 3 4 4
4 6 13 10 3 5 6 8 3 1 9 3 2 3 3 10 11 2 1 3 3 2 2 2 1 1 1 3 1 3 1 1088 4 4 3
2 0 3 3 2 13 1 4 4 3 11 3 0 3 10 7 8 2 1 3 1 2 1 3 1 1 2 1 1128 4 2 2
0 3 3 2 2 3 6 12 0 4 6 8 2 0 13 3 6 1 1 1 2 1 3 1 3 1 1168 4 1 1
0 3 6 3 0 1 5 13 1 5 7 1 0 3 2 1 6 2 2 1 3 2 2 1 3 1 937 1 4 1
3 13 9 3 9 6 3 3 8 1 2 0 3 3 0 0 5 2 2 1 1 1 1 2 1 977 3 2 0
0 0 0 3 1 0 3 13 3 4 7 8 0 4 6 3 1 2 1 3 1 988 0 1 0
3 3 0 1 0 0 3 5 0 0 7 13 2 4 8 10 11 3 3 2 1 2 1 1 3 3 1 2 1 2 1 1028 4 3 4
0 3 0 3 0 2 7 4 0 0 9 13 2 4 10 3 8 3 1 1 3 2 1 2 1 1 3 1 1068 4 2 2
1 3 4 2 4 3 6 4 0 0 13 3 0 4 4 1 7 2 3 3 1 1 2 2 1 3 1 829 2 3 2
2 1 0 3 8 4 0 1 13 6 4 1 3 4 4 2 4 2 2 1 3 1 3 1 869 1 2 1
13 0 0 2 9 3 2 0 6 6 3 0 3 4 3 3 2 3 1 1 1 1 909 1 0 1
13 9 7 6 0 8 5 4 1 2 1 3 0 2 0 3 11 2 1 3 2 3 1 1 1 3 3 2 1 2 1 949 4 3 4
9 13 11 1 5 7 2 0 4 3 3 0 3 3 0 2 9 2 1 2 3 1 3 2 1 1 1 3 1 989 4 3 2
13 11 1 2 9 8 4 1 10 6 5 3 4 4 3 0 6 1 3 3 2 1 2 1 2 1 1029 2 2 2
0 0 1 0 3 11 2 3 13 11 4 1 3 2 5 6 3 2 3 1 1 3 1 1069 1 1 1
4 3 1 0 12 4 0 2 13 8 3 4 4 3 3 3 11 2 1 3 2 1 3 3 2 1 2 1 1 3 1 1109 4 4 3
1 3 2 4 3 4 13 1 4 4 1 4 2 0 0 1 1 2 1 2 1 867 0 1 0
3 3 3 0 3 7 0 3 3 13 7 3 3 1 9 2 10 2 2 3 1 1 2 3 1 3 1 1 2 1 907 4 3 3
0 0 2 2 2 2 4 3 13 8 6 3 3 9 7 5 6 3 1 3 1 3 1 1 1 1 947 3 0 3
0 2 0 0 3 4 1 3 0 6 4 3 13 10 7 4 3 1 2 2 1 1 1 987 1 2 0
3 5 0 1 13 6 4 0 10 8 6 2 3 9 10 3 1 3 1 3 1 1027 0 0 1
2 2 0 0 1 3 13 1 5 6 4 3 2 3 7 2 5 3 1 1 2 1 1 3 1 926 3 1 1
13 1 1 0 10 5 3 3 8 7 4 0 9 5 8 0 6 3 2 3 1 2 3 1 2 1 966 1 2 3
1 3 3 2 2 4 13 1 5 8 4 1 11 6 4 3 2 3 3 1 2 1 1006 0 0 2
0 6 4 13 9 2 5 11 3 1 4 1 0 0 2 3 11 2 2 3 2 2 1 1 3 3 3 1 1 1 1 1046 3 4 4
2 7 9 3 3 5 8 13 2 11 5 2 1 10 1 3 9 1 3 2 1 2 2 3 3 1 1 1 1 1086 3 3 3
1 3 4 3 3 13 7 3 0 4 3 4 0 0 3 0 8 3 2 3 1 1 1 2 2 1 2 1 820 3 3 2
2 1 10 3 3 3 6 8 0 6 3 3 3 0 13 0 7 2 2 2 1 1 1 3 1 3 1 860 3 3 1
0 10 13 3 0 8 9 3 3 4 5 5 0 2 4 2 5 2 1 3 1 1 1 3 1 900 3 1 1
1 10 13 5 10 4 8 0 2 4 3 0 3 1 1 2 4 3 1 2 2 1 3 1 940 1 2 1
13 6 11 5 3 5 7 8 0 3 5 6 0 2 1 3 2 3 1 1 2 1 980 1 0 1
8 11 6 10 13 7 9 4 8 6 4 2 2 1 4 3 1 3 1 1 1 1020 0 0 1
3 1 2 3 4 5 3 2 0 4 13 7 0 1 0 0 6 3 3 1 1 2 3 1 2 1 734 2 1 3
3 3 4 0 9 13 0 2 7 6 0 3 0 1 2 0 4 3 1 3 2 1 1 1 774 1 1 2
0 2 1 1 0 3 4 6 6 5 13 11 1 4 4 5 4 3 2 2 1 1 2 1 814 1 2 1
0 1 1 0 2 4 4 1 4 7 4 2 10 8 13 11 1 3 1 2 1 854 0 0 1
1 2 5 1 12 6 2 4 13 4 3 1 0 2 1 0 10 1 2 3 1 2 2 2 3 3 3 1 1 1 894 2 4 4
3 4 2 1 6 4 5 4 12 6 4 1 13 7 2 0 6 3 2 1 3 3 1 1 2 1 934 2 1 3
10 5 2 2 8 8 4 1 12 1 2 0 13 3 0 0 3 2 3 1 1 1 1 974 1 1 1
0 2 1 4 1 4 7 13 11 8 6 12 9 1 4 4 2 3 2 1 2 1 1014 0 1 1
2 0 6 1 0 5 7 13 0 5 6 4 2 0 4 0 8 1 1 2 2 3 3 1 3 1 3 1 812 3 2 3
2 3 3 1 3 6 7 13 4 6 8 0 1 0 3 3 4 3 2 1 3 1 2 1 852 1 1 2
4 6 9 13 4 5 7 3 0 3 0 2 1 0 0 0 0 1 3 1 892 0 0 0
5 8 9 10 3 5 7 13 3 3 3 2 2 0 0 0 9 1 2 1 3 3 1 3 1 2 1 3 1 932 4 2 3
0 2 3 11 0 0 3 13 3 4 5 6 3 3 3 5 5 1 2 1 1 3 1 2 1 972 3 1 1
1 3 2 11 0 0 5 13 0 0 4 9 0 0 3 10 4 1 2 1 2 1 3 1 1012 2 2 0
3 2 0 11 1 4 9 13 0 1 4 9 0 0 3 10 3 2 1 3 1 2 1 1052 1 1 1
10 6 12 13 1 5 7 3 2 3 0 0 3 4 0 3 1 1 1 2 1 1092 1 0 0
0 0 1 2 5 0 5 0 8 5 1 0 13 1 3 2 0 1 2 1 835 0 0 0
0 0 2 3 9 1 5 1 13 3 3 0 2 5 3 5 11 1 3 3 2 3 2 2 1 3 1 2 1 1 1 875 3 4 4
13 9 4 4 10 7 0 0 7 3 2 0 5 4 1 0 8 2 3 1 3 1 1 3 2 1 2 1 915 3 2 3
13 9 7 5 10 8 6 4 1 7 5 3 2 1 1 3 5 3 2 3 2 1 1 2 1 955 1 2 2
0 3 4 2 0 2 13 3 1 4 6 11 4 0 0 9 3 1 2 1 1 3 1 995 2 1 0
3 1 1 3 1 6 8 3 4 7 13 0 2 9 11 0 1 2 1 2 1 1035 0 1 0
3 1 0 0 3 3 3 8 4 4 7 13 9 2 10 11 0 1 3 1 1075 0 0 0
0 2 0 2 0 4 1 0 4 4 6 0 2 5 12 13 8 3 2 3 1 3 2 1 1 1 1 1 1115 3 2 3
2 0 0 0 1 3 3 13 2 3 5 4 0 2 4 1 0 1 1 1 917 0 0 0
1 2 0 0 3 6 8 3 4 6 7 2 3 3 13 3 10 3 3 2 2 2 1 1 1 1 3 1 3 1 957 4 3 3
3 3 4 13 4 4 7 8 2 3 6 9 2 0 3 7 9 3 1 1 2 2 3 1 3 1 1 3 1 997 4 2 3
5 3 13 6 0 1 10 3 2 4 6 7 3 5 6 3 7 3 1 2 1 3 2 2 1 1 1 1037 2 3 2
0 3 13 2 1 3 9 3 4 6 7 11 3 0 1 3 5 2 1 2 3 1 1 2 1 1077 2 2 1
3 3 2 0 3 5 0 1 3 9 5 0 13 0 1 0 8 1 2 3 2 2 3 1 3 1 3 1 675 2 3 3
0 0 0 2 5 3 4 0 13 6 4 0 9 8 3 2 7 1 3 1 3 3 1 2 3 6 0.33333333333333331 7 0.33333333333333331 8 0.33333333333333331 715 3 1 3
3 13 3 3 9 8 8 4 3 7 5 4 2 1 1 0 3 2 2 3 1 1 1 755 0 2 1
2 2 0 3 0 1 1 5 0 13 6 5 3 10 8 5 11 2 2 3 2 2 3 3 1 1 1 3 1 1 1 795 3 4 4
2 4 6 10 2 3 6 1 2 3 6 9 1 4 13 11 10 1 2 1 3 2 3 3 3 1 2 1 1 1 835 3 3 4
2 3 3 10 1 4 5 7 1 3 8 9 0 1 13 11 6 1 3 3 2 2 3 1 2 1 875 1 2 3
2 0 1 3 4 3 1 0 6 7 3 2 10 12 13 3 6 3 1 2 2 3 1 3 6 0.33333333333333331 7 0.33333333333333331 8 0.33333333333333331 915 2 2 2
0 0 0 1 3 3 4 2 8 7 5 4 11 12 13 6 4 2 1 2 1 1 3 1 955 2 2 0
4 3 3 4 3 5 7 0 2 13 3 2 3 0 0 1 3 1 3 3 1 3 1 790 1 0 2
2 0 0 0 5 1 0 0 9 3 3 5 13 10 4 1 3 3 2 2 1 1 1 830 0 2 1
5 2 0 4 3 5 8 7 3 13 9 6 5 5 10 8 4 3 2 1 1 1 3 1 870 2 1 1
2 5 2 3 4 4 6 1 13 3 3 0 0 0 1 0 7 2 2 1 1 3 3 2 1 1 1 988 2 3 2
2 13 6 3 8 6 4 1 6 4 1 2 1 1 0 2 6 3 3 3 2 3 1 1 2 1 1028 1 1 4
13 10 5 3 9 6 5 2 5 5 2 0 2 3 0 0 3 1 3 1 1 1 1 1068 2 0 1
13 10 7 4 9 8 6 4 3 3 5 4 3 0 2 0 0 1 1 1 1108 0 0 0
2 13 11 0 3 3 8 1 4 4 5 6 1 2 2 4 10 1 2 1 2 1 3 3 3 2 3 1 1 1 1148 3 3 4
3 2 0 0 4 1 9 13 4 7 11 0 5 4 7 1 10 1 2 2 3 1 1 2 3 3 2 1 3 1 1188 3 4 3
3 5 9 13 3 4 8 11 3 6 8 9 3 4 4 1 8 3 1 2 1 3 2 2 1 1 2 1 1228 3 3 2
3 13 0 0 2 11 3 3 3 4 11 3 6 3 2 0 6 3 2 3 1 1 1 1 3 1 1268 3 1 2
3 4 0 0 1 1 0 0 3 5 4 2 13 6 4 0 0 1 2 1 728 0 0 0
3 0 2 0 3 4 7 0 4 5 13 8 4 10 3 1 11 2 3 1 2 2 2 1 1 3 3 1 1 3 1 768 4 4 3
0 3 3 3 8 13 1 2 1 8 7 2 4 10 9 3 9 2 3 1 1 2 2 1 2 1 1 3 1 808 4 4 1
5 1 0 2 0 4 13 3 6 4 3 1 9 8 11 2 7 3 1 3 3 2 2 1 1 3 1 848 2 2 3
0 0 3 2 0 4 4 1 5 5 13 4 1 10 11 4 4 2 1 3 3 1 2 1 888 1 1 2
0 3 2 2 0 4 6 8 3 2 10 13 0 1 11 1 1 1 1 3 1 928 1 0 0
2 4 8 3 8 8 13 0 1 11 10 1 2 4 3 2 10 1 3 1 2 2 3 3 2 1 3 1 1 1 968 3 3 4
4 13 3 4 3 5 1 2 5 1 0 0 1 0 3 0 1 2 1 2 1 812 0 1 0
13 2 3 1 7 4 4 2 8 6 1 0 4 2 1 0 11 2 2 3 3 1 1 3 1 1 2 3 1 2 1 852 4 3 4
13 10 8 5 4 6 6 3 4 3 4 3 0 0 2 1 11 2 2 1 3 3 2 2 1 1 3 1 1 3 1 892 4 4 3
13 9 7 2 0 10 6 6 2 4 4 4 0 0 2 0 8 3 1 2 3 1 1 3 1 1 3 1 932 4 1 3
13 9 8 5 10 7 7 1 3 4 2 1 0 2 1 0 5 2 3 2 1 3 1 3 1 972 1 2 2
13 11 7 5 0 10 6 4 0 2 4 3 1 2 0 3 2 1 3 1 3 1 1012 1 0 1
13 11 3 4 10 9 7 4 3 3 5 4 1 2 0 0 11 1 1 1 2 3 3 2 3 2 2 1 1 3 1 1052 4 4 3
0 11 0 2 3 5 2 2 13 9 7 2 6 10 8 1 8 2 3 1 1 1 3 3 3 1 1 1 1092 3 1 4
2 9 4 0 5 4 5 0 3 13 3 0 1 3 4 3 3 2 3 3 1 1 1 1001 0 1 2
0 3 9 13 4 3 6 8 1 3 3 2 2 0 1 3 0 1 3 1 1041 0 0 0
2 3 6 3 3 13 5 2 11 4 5 4 1 0 1 3 11 3 2 3 3 1 1 1 2 3 1 2 1 2 1 1081 4 3 4
0 3 13 8 0 4 4 4 1 6 5 0 0 11 1 2 7 3 2 3 1 2 1 3 1 2 1 1121 2 2 3
0 0 9 1 3 2 6 13 0 4 11 4 0 0 1 2 3 3 2 1 1 3 1 1161 1 1 1
0 8 10 11 3 5 6 8 3 4 7 13 3 4 5 3 2 1 2 1 3 1 1201 1 1 0
6 12 4 0 5 7 13 2 4 3 0 0 1 0 2 1 0 1 3 1 1241 0 0 0
5 8 10 12 2 5 7 3 13 4 1 0 2 0 0 3 10 2 3 1 3 1 2 1 3 2 1 3 4 0.54545454545454553 5 0.27272727272727276 6 0.18181818181818185 1281 4 3 3
3 1 2 0 7 4 2 3 8 5 2 5 1 13 6 3 0 1 1 1 825 0 0 0
5 4 3 2 7 5 4 1 9 8 4 0 2 13 1 0 9 2 3 1 2 3 2 1 3 3 1 1 1 865 2 3 4
10 8 6 3 0 4 5 2 3 3 13 1 0 0 0 2 7 3 3 2 1 2 1 3 1 1 1 905 2 2 3
7 9 5 10 11 4 4 0 13 0 2 0 3 0 2 3 7 1 1 2 1 2 3 3 1 1 1 945 3 2 2
2 13 3 1 2 12 3 1 3 5 11 6 3 6 0 2 8 1 3 1 3 2 2 1 1 1 2 1 985 4 2 2
3 13 2 1 1 4 3 5 3 0 2 3 0 1 2 9 1 1 1 2 1 756 1 0 0
3 3 1 0 1 2 5 2 3 5 7 10 4 6 13 9 11 3 2 2 1 3 1 1 1 3 2 2 3 6 0.33333333333333331 7 0.33333333333333331 8 0.33333333333333331 796 4 4 3
0 0 3 8 3 4 6 7 1 3 4 11 0 2 0 13 8 1 3 1 2 3 2 2 1 1 3 1 836 3 3 2
0 0 0 1 2 4 2 1 4 5 7 10 1 7 13 11 7 3 1 3 2 2 2 1 1 3 1 876 2 3 2
2 5 0 0 4 6 3 1 6 9 10 9 1 7 13 11 7 2 3 2 2 1 3 1 1 3 1 916 2 3 2
3 3 3 0 3 3 13 0 5 4 1 1 2 0 0 0 4 2 3 1 3 1 2 1 870 1 1 2
3 0 1 3 2 4 5 6 3 3 6 0 2 13 8 6 4 2 1 2 1 1 1 1 910 2 2 0
0 1 6 3 1 2 4 4 2 6 3 11 3 4 2 13 2 3 3 1 1 1 950 0 0 2
2 4 1 3 1 4 0 2 3 4 6 11 4 5 8 13 11 1 2 3 1 1 1 2 3 3 2 2 1 3 1 990 4 4 3
3 3 3 3 0 1 4 4 3 2 6 11 0 2 9 13 7 1 2 2 1 3 3 1 1 3 1 1030 3 2 2
3 0 3 3 0 4 5 4 0 6 8 11 2 3 10 13 5 1 2 1 1 2 1 3 1 1070 3 2 0
3 0 1 2 0 5 2 9 0 0 5 13 2 7 12 3 4 3 3 3 1 1 1 1 1110 1 0 3
0 3 0 0 1 4 3 7 2 6 8 9 4 6 12 13 1 1 1 2 1 1150 1 0 0
1 5 3 3 3 4 5 7 0 2 5 13 0 1 0 0 10 2 3 2 2 3 1 1 3 1 3 1 2 1 966 3 3 4
1 3 4 0 3 4 7 0 3 6 8 0 4 5 13 8 9 2 1 2 2 3 3 3 1 1 1 2 1 1006 3 3 3
1 2 3 1 4 3 6 4 3 8 7 5 1 13 9 10 9 2 3 3 1 2 2 3 1 3 1 2 1 1046 2 3 4
0 0 1 1 0 2 4 5 0 4 7 11 3 4 5 13 5 2 1 3 2 2 1 1 1 1086 1 3 1
0 0 2 6 0 0 1 4 5 5 6 13 1 4 9 11 3 3 2 2 1 1 1 1126 0 2 1
1 0 1 3 2 4 3 2 0 7 7 13 4 7 9 11 0 3 8 0.18181818181818185 9 0.27272727272727276 10 0.54545454545454553 1166 0 0 0
3 3 3 10 3 4 5 0 4 5 13 0 2 9 12 0 10 3 1 3 1 1 2 3 1 3 2 1 2 1 1206 4 2 4
1 5 10 0 3 4 8 13 3 7 9 3 0 0 12 1 8 3 1 3 3 2 1 2 2 1 2 1 1246 2 3 3
1 0 0 0 7 13 3 4 0 6 5 4 0 5 4 3 10 3 2 2 1 3 3 1 3 2 2 1 1 1 897 2 4 4
5 8 13 3 4 6 7 1 3 3 3 2 1 1 2 0 7 2 1 2 2 3 1 3 1 3 1 937 2 3 2
2 2 4 2 0 3 7 9 4 5 8 13 3 5 1 3 6 1 3 1 3 1 2 1 3 1 977 3 1 2
3 0 3 4 0 5 5 10 0 7 6 13 3 3 8 5 4 3 2 3 3 1 1 1 1017 0 1 3
5 4 1 0 5 6 10 0 2 7 9 1 13 3 1 2 0 1 2 1 1057 0 0 0
3 3 3 4 3 5 7 10 3 3 8 9 1 0 13 5 8 1 1 2 2 3 2 3 1 1 2 1 1097 3 3 2
3 3 8 3 0 0 4 1 3 4 2 12 0 0 1 13 9 2 1 2 1 3 3 1 3 2 1 2 1 1137 3 3 3
0 5 0 2 0 5 3 2 1 6 8 12 3 7 13 3 5 2 2 1 1 1 1 3 1 1177 3 2 0
3 13 5 6 0 3 4 1 0 3 4 1 0 0 3 2 6 2 3 1 1 2 3 1 2 1 885 2 2 2
0 0 4 2 0 9 8 4 0 13 7 4 3 5 4 2 6 2 1 2 1 3 1 1 1 1 925 3 2 1
0 2 3 0 1 4 3 0 10 5 3 3 13 6 5 3 2 3 1 1 2 1 965 1 0 1
0 0 0 3 3 4 3 4 10 6 1 2 13 8 4 3 10 3 1 3 3 2 1 2 1 1 2 1 2 1 1005 4 3 3
3 2 0 5 8 3 0 0 9 5 3 4 11 13 3 1 9 3 2 3 3 2 2 3 1 1 1 1 1 1045 2 3 4
0 2 3 2 1 4 4 1 10 6 5 4 11 13 7 5 6 2 1 2 3 3 3 1 1 1 1085 1 2 3
1 4 5 6 1 4 6 9 0 2 7 13 1 3 10 11 4 3 1 2 2 1 2 1 1125 1 2 1
0 4 5 6 3 5 7 10 0 3 8 13 2 0 10 11 1 3 1 1 1 1165 0 0 1
1 7 13 1 2 9 5 3 0 4 4 7 0 6 0 2 1 1 1 2 1 960 1 0 0
3 3 4 6 13 4 1 1 10 8 2 2 0 0 4 4 11 2 3 2 3 2 1 1 3 2 1 1 1 3 1 1000 4 4 3
5 4 2 0 13 8 5 0 10 8 3 2 1 2 2 3 7 3 3 3 1 1 2 1 1 1 1 1040 3 1 3
7 3 2 1 8 13 6 0 9 5 2 2 10 6 7 1 5 1 2 3 3 1 1 3 1 1080 2 1 2
13 1 0 0 8 4 0 0 11 6 2 4 5 4 2 0 2 3 3 1 1 1 1120 0 0 2
1 5 5 3 4 13 3 0 5 9 2 3 0 11 6 0 1 3 1 3 1 1160 0 0 1
4 5 13 0 4 1 3 4 7 2 1 0 2 3 3 3 6 2 2 1 1 1 2 1 3 1 825 3 3 0
4 1 2 0 13 4 0 0 8 7 3 1 3 3 6 3 3 2 3 1 1 2 1 865 1 1 1
3 9 13 3 2 8 8 5 3 1 2 3 0 0 0 2 2 1 3 1 1 1 905 1 0 1
10 13 3 0 8 5 1 3 3 2 3 2 3 1 0 3 11 3 2 1 2 1 1 3 3 1 3 2 1 2 1 945 4 3 4
3 0 2 0 3 13 3 2 9 8 5 1 10 6 5 1 9 2 3 1 3 2 1 3 3 2 1 1 1 985 2 3 4
4 3 13 6 4 11 3 3 0 4 5 3 1 1 2 0 6 2 1 2 3 1 2 1 3 1 1025 2 3 1
3 1 0 3 0 8 3 0 11 13 4 1 0 3 6 5 3 3 2 2 1 3 1 1065 0 2 1
0 0 0 2 2 1 1 3 11 8 5 4 13 9 7 5 1 1 1 2 1 1105 1 0 0
13 8 3 0 9 7 5 0 3 4 3 2 3 0 0 0 1 3 1 1 1 928 0 0 1
13 1 0 0 10 5 2 3 8 6 3 2 5 4 3 2 1 1 1 1 1 968 1 0 0
2 1 10 13 0 4 9 5 2 5 5 0 0 2 1 3 9 2 3 1 2 1 2 1 3 1 1 3 1 1008 4 3 2
2 3 1 2 0 4 5 3 1 1 11 13 0 9 3 2 8 1 3 1 2 2 2 3 1 1 3 1 1048 3 3 2
3 2 3 3 10 3 8 6 3 9 7 6 0 11 13 3 6 1 1 2 2 1 1 1 2 1 1088 4 2 0
2 3 0 3 6 4 1 0 10 7 3 2 3 12 13 0 3 3 1 2 1 1 1 1128 1 1 1
9 5 7 5 3 10 13 2 2 0 8 12 0 1 1 0 1 2 1 1 1 1168 0 1 0
3 3 2 4 0 3 1 4 0 5 6 13 12 11 8 3 10 1 3 2 1 1 2 2 2 3 1 1 3 1 1208 4 4 2
3 2 8 1 3 13 5 4 3 9 6 4 0 1 1 3 5 3 2 1 2 3 1 2 1 947 1 2 2
3 4 3 0 4 5 6 0 5 13 4 0 10 0 1 4 4 3 2 3 2 1 1 1 987 0 2 2
2 0 0 0 4 3 2 1 8 7 5 4 10 13 7 4 2 1 1 1 2 1 1027 2 0 0
10 6 4 0 9 8 7 3 13 6 0 2 3 8 3 0 0 1 1 1 1067 0 0 0
11 7 1 2 13 8 9 4 3 3 5 3 2 4 4 3 9 1 1 2 2 3 1 2 3 3 1 1 1 1107 3 3 3
0 4 10 0 3 13 11 5 4 4 5 7 1 4 4 1 8 3 2 3 1 2 2 2 1 1 3 1 1147 2 4 2
0 10 11 1 3 8 7 5 13 4 5 5 2 1 1 1 5 2 3 2 3 3 1 2 1 1187 0 2 3
5 2 0 0 9 12 0 0 13 3 3 3 3 4 8 3 3 3 1 1 1 2 1 1227 2 0 1
0 0 0 3 0 4 1 3 5 4 5 2 3 6 13 4 2 1 2 1 3 1 857 1 1 0
2 4 5 1 13 6 2 1 9 8 4 2 1 2 0 1 11 2 1 3 3 3 2 3 1 2 1 2 1 1 1 897 3 4 4
0 2 1 3 3 5 3 0 13 8 4 0 3 9 10 4 10 2 3 3 2 1 1 3 2 1 1 1 2 1 937 4 3 3
2 3 1 4 2 8 8 1 13 9 1 4 4 11 1 0 8 2 2 3 2 3 1 1 2 1 3 1 977 2 4 2
2 1 1 13 0 6 7 12 3 5 4 3 0 0 4 3 5 1 3 2 2 2 1 1 1 1017 1 3 1
1 0 0 13 2 4 0 12 1 4 6 7 0 2 8 9 2 1 2 1 3 1 1057 1 1 0
3 3 4 3 1 5 5 13 3 8 6 12 3 0 2 11 2 3 3 3 5 0.42857142857142855 6 0.2857142857142857 7 0.2857142857142857 1097 0 0 2
9 7 13 5 1 6 11 12 2 2 4 1 1 3 3 0 10 1 2 3 2 2 2 3 3 1 3 1 1 1 1137 2 4 4
1 2 2 3 1 3 5 13 0 5 6 1 8 4 0 0 10 3 1 3 3 2 2 1 2 2 1 1 3 1 1033 3 4 3
0 6 9 3 2 3 13 1 4 2 4 2 0 0 1 3 6 3 1 2 3 2 1 1 1 1 1073 2 2 2
4 2 1 0 9 5 4 2 13 7 1 0 7 3 0 3 2 2 3 1 1 1 1113 0 1 1
3 9 7 6 13 8 6 2 1 2 4 1 0 3 0 2 10 2 3 3 1 1 2 2 3 1 1 1 3 1 1153 4 3 3
4 9 10 2 13 8 6 1 3 3 6 6 0 3 4 2 8 3 2 1 2 1 1 2 3 1 1 1 1193 3 3 2
1 11 0 1 8 5 4 0 13 6 5 4 2 4 4 0 5 1 3 3 2 2 1 3 1 1233 1 2 2
1 0 1 2 3 9 11 0 13 5 6 0 2 5 3 2 1 3 1 1 1 1273 0 0 1
3 1 5 4 0 10 11 4 9 3 2 4 2 1 0 13 11 3 3 1 2 3 1 1 1 2 3 2 1 2 1 1313 4 3 4
5 3 3 0 13 1 0 0 4 6 3 2 3 0 2 1 5 3 2 3 1 1 1 2 1 898 2 1 2
2 1 2 3 4 3 2 1 13 7 4 5 1 8 7 2 2 1 3 1 3 1 938 1 0 1
2 0 1 0 3 0 4 2 4 6 7 10 6 13 9 3 0 1 1 1 978 0 0 0
0 7 8 9 2 5 0 1 2 13 11 4 6 1 2 3 0 1 1 1 1018 0 0 0
2 2 10 3 0 4 1 5 5 5 7 4 2 13 11 0 9 1 1 3 1 3 2 3 2 1 1 3 1 1058 4 2 3
3 1 5 2 3 6 5 9 1 8 6 10 7 13 11 3 7 1 1 2 3 2 3 3 1 2 1 1098 2 2 3
2 3 0 0 5 13 0 0 4 8 3 4 3 3 1 3 9 2 1 3 1 2 1 2 3 1 1 2 1 831 4 3 2
0 4 0 0 3 3 4 2 0 6 7 13 3 6 10 3 8 1 3 2 1 2 1 3 1 1 2 1 871 4 2 2
0 0 1 1 1 3 3 3 8 7 5 2 11 13 6 1 5 2 3 2 3 3 1 2 1 911 0 2 3
0 1 4 3 10 3 6 6 9 8 7 2 11 13 2 2 6 1 1 1 1 3 2 1 2 1 951 4 1 1
5 4 2 1 6 5 3 1 7 6 2 2 12 13 3 0 4 3 1 3 3 3 5 0.42857142857142855 6 0.2857142857142857 7 0.2857142857142857 991 1 0 3
0 0 2 0 1 3 4 4 10 7 7 4 12 13 9 5 3 2 2 1 1 1 1 1031 1 2 0
1 3 0 0 9 3 1 4 10 9 3 2 12 13 9 4 2 2 1 1 2 1 1071 1 1 0
5 4 3 3 9 6 3 0 11 7 3 0 12 13 3 0 10 2 3 1 2 3 1 1 3 1 2 1 2 1 1111 4 3 3
2 0 3 0 4 3 0 1 4 3 4 0 13 9 6 0 0 3 4 0.54545454545454553 5 0.27272727272727276 6 0.18181818181818185 857 0 0 0
4 3 1 2 2 4 2 0 5 4 0 0 13 9 8 1 8 3 1 3 1 2 3 2 3 1 1 1 897 2 2 4
2 0 0 3 1 4 0 2 2 13 3 3 3 9 9 4 6 1 1 1 2 3 3 3 8 0.18181818181818185 9 0.27272727272727276 10 0.54545454545454553 937 3 1 2
1 10 4 3 2 7 4 2 11 9 4 1 1 13 9 4 8 2 1 1 2 3 3 2 3 1 3 1 977 2 3 3
1 10 1 3 2 5 12 8 2 5 6 13 3 0 1 3 5 2 3 1 3 2 1 3 1 1017 1 2 2
0 12 2 0 9 8 4 2 10 6 4 1 2 3 13 3 2 3 1 1 1 1 1057 1 0 1
1 2 3 0 1 13 6 3 3 1 6 0 3 3 2 0 9 2 3 2 1 3 2 1 2 1 1 3 1 817 3 4 2
13 5 0 0 8 5 2 0 5 4 3 1 3 0 3 0 5 1 3 2 3 2 1 1 1 857 1 2 2
10 13 8 1 9 5 3 2 4 2 3 2 0 3 2 0 3 3 1 1 1 1 1 897 2 0 1
10 13 8 1 9 8 0 0 3 11 4 2 2 1 0 0 1 1 1 2 1 937 1 0 0
3 12 1 0 1 4 8 1 3 10 8 13 3 3 2 0 2 3 2 1 2 1 977 0 1 1
0 2 1 1 1 2 3 6 0 0 4 4 0 4 2 13 1 3 1 3 1 890 0 0 1
0 1 0 0 2 0 0 3 3 5 4 3 3 13 8 4 10 2 1 1 3 2 1 2 3 3 3 3 4 0.54545454545454553 5 0.27272727272727276 6 0.18181818181818185 930 3 3 4
0 2 4 3 3 3 3 4 1 8 9 3 0 0 13 10 9 1 3 2 1 2 2 1 3 2 1 1 1 970 3 4 2
4 6 3 4 0 4 4 7 3 2 8 11 0 0 13 3 6 2 3 2 3 1 1 1 1 1 1010 2 2 2
3 0 0 2 3 1 1 0 3 6 9 0 7 13 3 11 2 3 2 1 3 1 1050 0 1 1
4 0 0 3 8 3 3 1 9 7 3 0 4 13 11 2 10 3 2 2 3 2 1 1 3 1 1 1 2 1 1090 4 3 3
3 0 0 6 1 3 3 4 0 11 13 5 4 10 6 9 9 3 1 3 1 3 1 2 2 2 1 2 1 1130 3 3 3
0 4 5 1 11 4 13 7 3 4 8 9 3 2 10 3 6 1 1 3 2 2 1 1 2 1 1170 3 2 1
0 2 0 0 3 2 2 3 1 1 13 4 3 3 4 5 4 1 3 2 3 1 1 1 874 1 1 2
0 8 6 0 4 4 13 1 0 5 2 3 2 1 3 3 3 1 2 3 1 3 1 914 1 1 1
1 1 2 0 2 4 13 0 3 5 8 10 2 4 4 3 1 3 1 1 1 954 0 0 1
0 1 0 4 3 6 13 9 1 3 7 10 2 3 0 4 1 3 1 2 1 994 0 0 1
4 3 13 3 4 5 10 2 3 3 5 10 3 1 10 1 2 2 1 1 2 1 1034 1 1 0
1 8 13 3 0 5 4 12 1 2 4 6 0 0 1 2 0 1 2 1 1074 0 0 0
4 0 3 0 5 13 10 3 4 4 12 2 3 1 2 0 10 3 1 3 2 3 3 2 1 1 2 1 1 1 1114 3 3 4
2 0 1 5 13 10 12 3 9 8 3 2 2 3 4 1 8 3 2 1 3 3 1 1 3 1 2 1 1154 3 1 4
1 0 0 0 2 7 0 0 5 4 3 0 13 6 4 2 5 2 1 1 2 3 1 1 1 846 2 2 1
3 2 3 1 0 7 6 5 8 13 8 5 0 1 0 0 3 1 2 3 1 2 1 886 1 1 1
4 1 2 3 9 7 3 1 13 8 6 0 4 3 0 2 0 1 3 1 926 0 0 0
10 8 3 2 13 6 1 4 3 4 4 1 2 3 6 0 9 2 2 2 3 3 1 3 1 3 1 1 1 966 2 3 4
10 9 5 3 13 6 4 1 5 4 1 0 4 2 0 1 6 3 3 2 3 2 1 1 2 1 1006 1 2 3
10 9 10 5 13 7 6 3 4 8 3 1 3 3 0 1 4 1 2 3 2 1 2 1 1046 1 2 1
0 0 3 1 0 3 1 12 0 2 13 7 1 6 4 5 4 3 2 3 3 1 2 1 1086 0 1 3
2 7 8 9 2 5 12 3 3 0 5 13 1 0 3 3 3 2 1 3 1 1 1 1126 1 1 1
3 3 4 5 3 5 5 3 2 3 13 3 0 0 1 0 9 1 2 3 3 2 2 1 3 1 1 3 1 886 3 3 3
9 8 10 3 2 5 7 13 3 5 3 0 2 3 1 2 8 1 3 1 1 2 2 3 3 1 1 1 926 3 2 3
0 3 3 0 1 2 3 4 3 7 11 13 0 2 3 3 4 2 1 2 1 1 1 1 966 2 2 0
1 11 8 3 3 6 7 13 2 3 5 2 3 1 2 0 1 1 1 3 1 1006 1 0 0
0 0 11 1 0 3 13 9 0 1 7 3 2 4 6 3 10 1 3 2 1 3 1 2 2 3 2 1 3 1 1046 3 4 3
1 9 11 2 2 7 8 6 13 4 6 3 3 4 1 3 7 2 1 3 1 2 3 2 1 1 1 1086 2 3 2
0 13 3 12 0 4 3 8 0 1 4 5 2 1 5 4 6 1 2 2 2 3 1 1 3 1 1126 2 3 1
0 2 13 12 0 4 5 9 0 0 4 8 2 1 1 8 4 3 3 1 3 1 2 1 1166 1 0 3
1 2 0 0 7 3 1 3 4 4 3 0 1 4 13 0 6 3 2 2 1 2 3 1 3 1 1021 1 3 2
0 3 1 0 1 2 1 3 3 3 4 2 4 4 13 2 9 3 3 3 1 1 2 2 3 2 1 1 1 846 2 3 4
0 4 4 1 2 1 5 1 3 6 3 3 13 8 2 1 8 2 3 2 2 3 1 3 3 3 4 0.54545454545454553 5 0.27272727272727276 6 0.18181818181818185 886 1 3 4
3 0 0 0 0 2 1 0 0 3 5 6 4 5 13 10 6 3 3 3 1 2 2 1 1 1 926 1 2 3
3 0 4 3 1 1 4 5 2 4 7 10 4 5 9 13 6 2 1 3 2 3 1 1 2 1 966 2 2 2
0 0 2 3 3 4 1 0 3 4 7 13 4 5 8 11 3 1 2 2 1 1 1 1006 1 2 0
0 1 3 1 1 0 2 4 4 2 7 13 0 4 9 11 0 1 2 1 1046 0 0 0
2 1 2 4 1 3 4 5 0 5 8 13 1 5 9 11 9 3 3 1 2 2 3 2 3 1 3 8 0.18181818181818185 9 0.27272727272727276 10 0.54545454545454553 1086 2 3 4
0 2 4 2 3 5 1 1 0 3 3 13 1 8 12 4 6 3 2 2 3 1 1 1 2 1 1126 2 2 2
0 2 0 3 4 7 5 3 1 4 0 0 3 13 0 0 9 1 3 1 2 2 2 3 2 1 1 1 1 787 3 4 2
0 1 0 3 0 3 2 1 4 1 7 9 4 8 13 2 9 2 1 1 3 2 3 2 1 2 3 8 0.18181818181818185 9 0.27272727272727276 10 0.54545454545454553 827 3 4 2
0 4 3 1 1 4 1 3 3 2 6 10 1 0 9 13 5 2 3 2 3 3 1 2 1 867 0 2 3
4 0 4 0 2 2 3 0 4 10 10 1 4 10 13 2 4 3 1 2 1 1 1 1 907 2 1 1
1 0 0 3 7 7 3 2 10 11 2 0 3 13 3 0 1 1 3 5 0.42857142857142855 6 0.2857142857142857 7 0.2857142857142857 947 1 0 0
3 6 5 4 8 7 4 0 10 11 2 1 3 13 3 1 10 3 3 3 2 2 1 2 3 1 1 1 2 1 987 3 3 4
4 0 0 0 13 7 0 0 12 3 2 1 5 4 5 2 7 3 1 2 3 3 1 1 1 2 1 1027 3 1 3
4 12 13 3 5 8 1 0 5 6 4 3 3 3 4 0 5 3 3 2 2 1 3 6 0.33333333333333331 7 0.33333333333333331 8 0.33333333333333331 1067 1 2 2
2 0 3 0 3 6 0 0 3 4 3 1 3 13 5 2 8 3 1 1 1 3 2 2 1 1 2 1 779 4 2 2
4 7 9 13 3 5 7 10 0 4 4 3 3 1 0 0 7 3 3 1 2 2 2 1 3 7 0.2857142857142857 8 0.2857142857142857 9 0.42857142857142855 819 2 3 2
4 6 11 13 3 3 7 2 0 1 8 3 2 0 3 1 6 2 3 1 2 1 1 1 2 1 859 3 2 1
2 3 3 3 1 5 9 13 0 8 11 2 3 3 0 4 6 1 1 1 3 2 2 3 7 0.2857142857142857 8 0.2857142857142857 9 0.42857142857142855 899 3 2 1
2 11 3 10 8 13 1 0 3 2 3 3 0 3 0 0 2 1 1 1 2 1 939 2 0 0
3 11 10 3 13 6 9 6 2 2 6 3 1 1 3 4 11 3 1 1 1 3 2 1 2 2 3 2 1 3 1 979 4 4 3
1 3 3 1 3 4 8 1 2 5 6 4 13 5 6 12 9 2 1 2 2 3 1 3 2 3 1 3 1 1019 2 4 3
3 2 4 4 0 3 4 5 0 1 3 8 2 13 10 12 8 2 3 1 3 1 2 2 1 1 1 1 1059 3 3 2
1 3 0 0 2 6 3 13 2 4 4 5 2 1 3 3 3 1 3 3 1 3 1 988 1 0 2
2 1 2 2 3 3 5 5 1 5 8 13 0 6 0 9 1 1 1 3 1 1028 1 0 0
2 4 6 8 2 3 4 13 0 1 3 10 0 0 3 4 10 2 1 2 3 3 3 2 1 3 1 1 1 1 1068 3 3 4
2 13 2 0 4 10 10 0 4 6 4 1 3 2 1 0 9 1 3 2 3 1 3 2 1 2 1 1 1 1108 3 3 3
5 13 11 0 10 7 6 6 5 5 4 2 2 1 3 0 8 1 1 3 1 2 2 3 2 1 1 1 1148 3 3 2
10 13 11 3 9 4 3 0 7 5 3 3 1 0 2 0 5 2 2 1 2 1 1 1 1 1188 2 3 0
0 1 3 0 3 0 2 13 0 3 3 12 2 5 6 4 2 3 1 1 3 1 1228 1 0 1
2 4 8 13 3 3 5 12 2 4 4 10 3 2 1 8 2 1 1 3 8 0.18181818181818185 9 0.27272727272727276 10 0.54545454545454553 1268 2 0 0
13 3 4 2 4 4 7 0 3 1 2 1 0 0 3 2 2 1 3 1 3 1 887 1 0 1
5 9 8 2 13 7 5 4 2 4 4 3 3 0 0 0 1 1 1 1 1 927 1 0 0
3 13 11 10 0 3 7 6 0 1 3 3 0 0 3 0 0 1 2 1 967 0 0 0
3 13 11 10 4 6 8 0 3 4 5 9 4 3 4 2 9 3 2 2 1 3 1 1 1 3 1 2 1 1007 4 2 3
5 13 12 9 0 5 6 3 3 2 4 3 0 1 3 3 8 3 1 3 1 1 2 2 2 1 3 1 1047 3 3 2
0 5 13 12 3 5 8 9 0 2 4 5 1 1 2 4 4 3 1 2 1 1 2 1 1087 2 1 1
5 9 13 12 1 3 5 10 2 1 3 1 0 0 3 0 1 2 1 2 1 1127 0 1 0
0 2 0 3 1 5 2 4 0 4 13 1 3 2 4 4 2 1 3 3 5 0.42857142857142855 6 0.2857142857142857 7 0.2857142857142857 815 1 0 1
1 2 0 0 5 6 0 0 8 6 0 1 13 3 3 0 0 1 2 1 855 0 0 0
2 0 2 1 4 1 4 0 9 4 3 3 13 7 7 0 11 3 1 3 1 1 2 1 2 3 2 2 1 3 1 895 4 4 3
7 3 0 0 10 7 4 2 13 5 3 5 4 1 0 0 10 1 3 1 1 1 3 3 2 2 2 1 2 1 935 4 3 3
10 8 4 1 13 7 4 3 10 7 3 0 2 1 3 1 8 2 2 1 2 1 3 3 2 3 8 0.18181818181818185 9 0.27272727272727276 10 0.54545454545454553 975 2 4 2
1 12 0 0 13 9 7 2 7 3 3 3 5 3 0 0 8 2 1 1 2 1 1 3 2 1 2 1 1015 4 3 1
1 12 10 3 13 9 8 4 1 3 8 3 2 3 2 1 8 1 2 2 2 3 3 1 3 3 5 0.42857142857142855 6 0.2857142857142857 7 0.2857142857142857 1055 2 3 3
3 11 6 4 13 12 5 3 8 2 3 3 9 3 4 2 6 1 1 2 1 2 3 1 1 1 1095 3 2 1
0 0 1 0 5 4 13 0 2 3 3 5 1 3 4 1 7 2 2 1 3 3 2 2 1 1 1 849 1 4 2
2 0 1 1 2 4 5 0 1 7 2 0 3 7 9 13 4 2 3 3 3 1 1 1 889 0 1 3
0 3 4 5 0 1 4 6 2 4 7 13 1 9 8 9 1 3 1 2 1 929 0 0 1
2 1 2 2 1 4 6 13 3 4 7 9 1 3 11 3 11 3 3 1 1 2 1 3 3 1 2 2 1 2 1 969 4 3 4
6 6 3 1 5 7 8 13 0 11 3 10 9 0 0 3 0 1 2 1 1009 0 0 0
0 3 5 3 0 3 3 12 0 3 4 13 2 0 3 8 10 1 3 3 3 1 2 2 3 2 1 1 1 1 1049 3 3 4
3 4 4 0 1 3 9 12 2 4 13 0 3 3 1 3 8 1 1 2 3 1 2 2 2 1 3 1 1089 3 4 1
3 9 8 12 1 5 7 13 5 6 3 1 3 5 2 2 6 3 3 1 2 3 2 1 1 1 1129 1 2 3
1 2 13 1 0 6 5 3 0 3 1 3 0 0 3 2 10 2 1 2 3 3 1 3 2 2 3 1 1 1 889 2 4 4
8 13 4 1 3 5 4 0 1 3 1 0 2 2 0 3 7 2 2 3 1 1 3 2 3 8 0.18181818181818185 9 0.27272727272727276 10 0.54545454545454553 929 2 3 2
13 9 8 10 10 3 1 0 4 3 1 3 2 0 3 2 6 2 3 2 1 1 1 1 2 1 969 3 2 1
3 13 10 10 3 10 3 5 0 3 1 0 2 1 0 0 3 2 2 3 1 1 1 1009 0 2 1
0 1 11 13 1 3 8 10 0 2 3 4 3 0 2 1 0 1 2 1 1049 0 0 0
1 9 11 13 4 7 8 10 4 5 6 3 0 4 2 1 10 2 1 3 1 2 3 2 1 2 3 1 3 1 1089 3 4 3
2 1 4 7 4 3 5 13 8 6 10 12 0 7 9 5 1 3 1 3 1 1129 0 0 1
2 0 0 3 3 1 0 8 0 4 13 12 2 5 6 11 9 2 1 3 2 3 1 2 1 3 1 1 1 1169 3 3 3
1 5 2 1 3 5 2 3 13 3 3 0 0 0 9 0 5 2 3 1 1 2 1 3 1 956 2 2 1
2 0 3 4 1 3 4 6 2 5 7 10 5 3 13 9 3 3 1 3 1 3 1 996 1 0 2
1 3 4 5 0 3 8 10 3 2 8 9 0 2 13 3 0 1 1 1 1036 0 0 0
0 13 11 2 5 7 6 3 0 5 4 3 3 3 2 1 9 1 3 1 3 1 2 2 3 2 1 1 1 1076 3 3 3
0 1 4 13 2 3 9 11 1 3 6 7 0 0 3 5 7 1 2 3 1 2 3 3 1 2 1 1116 2 2 3
3 1 0 0 4 4 3 3 13 6 5 4 6 8 9 11 3 2 1 3 1 2 1 1156 1 1 1
0 3 1 2 1 2 4 5 4 6 13 5 2 8 10 11 0 1 1 1 1196 0 0 0
0 2 2 2 1 5 11 4 3 5 9 10 3 5 13 0 8 1 2 2 3 1 3 3 1 1 1 1 1236 3 2 3
13 3 1 0 5 4 3 2 3 7 5 3 1 3 0 0 7 3 3 1 2 2 3 1 1 2 1 856 2 2 3
3 13 5 0 7 4 0 0 9 2 0 0 5 1 3 1 6 2 2 1 2 3 1 1 3 1 896 2 3 1
2 4 4 1 9 13 4 2 8 7 0 3 0 0 3 0 3 1 2 1 1 3 1 936 2 1 0
6 0 0 2 5 4 3 2 13 8 5 0 1 10 9 0 2 1 2 1 1 1 976 1 1 0
1 4 2 5 13 4 7 11 3 9 3 1 10 4 4 3 2 2 2 1 1 1 1016 0 2 0
0 1 0 0 2 3 13 3 2 4 4 1 4 3 3 4 11 1 2 2 3 2 3 1 2 3 1 3 1 1 1 960 3 4 4
13 9 8 1 2 3 8 5 0 1 0 4 0 2 0 3 11 3 3 3 1 2 1 3 1 2 2 1 1 2 1 1000 4 3 4
13 10 3 0 8 1 4 2 9 5 3 1 2 1 3 0 9 1 3 3 2 2 3 2 1 1 1 2 1 1040 3 3 3
2 9 3 1 11 8 7 4 13 6 3 1 2 5 4 2 7 3 1 2 2 3 1 3 1 1 1 1080 2 2 3
0 3 0 2 2 5 1 3 11 8 6 3 13 10 5 1 6 2 1 3 3 1 2 1 3 1 1120 2 2 2
3 4 1 1 2 13 5 0 4 5 3 2 4 0 0 3 10 2 1 3 3 1 2 3 1 1 2 1 2 1 796 4 3 3
13 3 2 3 9 4 4 3 4 4 2 0 1 0 0 1 7 1 3 3 1 2 2 1 1 2 1 836 3 2 2
13 3 3 3 9 7 4 0 7 3 0 0 1 2 0 0 3 3 3 1 1 2 1 876 1 0 2
13 3 1 0 9 7 8 1 8 6 4 3 10 5 3 0 2 2 2 1 3 1 916 0 2 0
2 13 0 2 3 4 5 1 9 8 8 3 1 11 1 2 0 1 3 1 956 0 0 0
2 1 3 3 0 3 3 13 4 6 7 4 5 10 8 11 9 2 2 3 1 1 3 3 3 2 1 1 1 996 2 3 4
3 3 0 1 0 6 3 3 3 13 3 9 4 1 7 12 7 3 2 2 1 2 3 1 1 2 1 1036 2 3 2
3 3 1 2 1 5 1 3 2 6 7 8 6 13 12 9 7 2 1 3 1 2 3 2 3 7 0.2857142857142857 8 0.2857142857142857 9 0.42857142857142855 1076 2 3 2
13 7 1 0 3 6 5 3 4 3 7 4 1 3 2 2 2 3 2 1 1 1 791 0 1 1
2 10 13 3 3 5 8 1 0 0 6 3 3 0 3 1 2 1 2 1 2 1 831 1 1 0
0 2 10 13 0 3 8 7 3 5 7 1 2 3 4 4 10 2 1 2 3 2 3 1 1 3 3 1 1 1 871 3 3 4
2 5 6 10 0 9 7 13 1 7 6 8 0 1 2 3 9 3 3 1 3 2 2 3 2 1 1 1 1 911 2 3 4
2 0 4 0 1 4 13 3 5 5 5 0 8 11 3 0 5 2 2 2 1 1 1 1 1 951 2 3 0
3 0 4 0 2 3 5 2 1 9 3 0 3 11 13 3 1 1 1 3 1 991 1 0 0
1 0 1 3 0 0 3 7 1 3 7 9 2 4 11 13 9 2 2 1 2 3 2 1 3 3 1 3 1 1031 2 4 3
3 1 2 3 4 4 6 1 5 7 8 10 3 10 11 13 8 2 1 3 2 2 3 1 1 1 2 1 1071 3 3 2
13 5 3 3 1 5 4 2 2 4 3 0 0 1 0 0 9 2 3 1 3 2 1 1 2 3 1 3 1 721 3 3 3
10 13 8 5 3 4 5 3 0 3 0 3 0 0 2 0 8 2 1 1 2 2 3 3 1 1 1 1 761 3 3 2
13 8 10 4 10 8 4 0 1 1 5 1 0 2 0 2 6 1 3 3 2 3 3 1 2 1 801 1 1 4
3 13 5 2 10 11 4 2 3 7 6 3 2 1 2 3 4 3 1 1 1 1 3 1 841 3 0 1
6 11 13 5 10 7 5 2 8 4 3 3 3 3 0 0 2 1 1 1 2 1 881 2 0 0
0 1 12 1 1 0 7 9 0 6 6 13 1 2 2 2 0 1 2 1 921 0 0 0
3 12 1 0 2 3 8 9 2 3 7 13 1 3 7 3 10 2 2 3 3 2 1 1 3 2 1 1 1 1 961 3 4 3
0 5 12 1 0 3 8 10 2 3 4 13 0 0 3 4 8 3 2 2 1 2 3 1 1 1 3 1 1001 3 3 2
0 1 0 4 0 6 7 2 0 1 6 3 2 3 6 13 8 1 2 2 3 3 1 3 3 3 7 0.2857142857142857 8 0.2857142857142857 9 0.42857142857142855 686 2 2 4
3 4 5 2 0 3 8 1 0 9 8 2 4 8 13 6 7 3 2 1 1 2 1 1 1 2 1 726 4 2 1
2 0 1 3 3 0 3 5 4 4 4 9 0 10 5 13 5 1 1 3 2 2 1 3 1 766 2 2 1
3 1 3 4 0 4 5 7 3 4 7 9 3 5 11 13 4 2 3 1 2 1 3 1 806 1 2 1
2 3 1 0 5 4 4 9 1 11 9 0 8 1 13 10 4 3 3 2 2 3 8 0.18181818181818185 9 0.27272727272727276 10 0.54545454545454553 846 0 2 2
7 3 1 4 6 12 1 4 8 13 5 4 5 9 10 1 3 2 2 2 3 5 0.42857142857142855 6 0.2857142857142857 7 0.2857142857142857 886 0 3 0
1 0 3 0 1 3 2 1 0 2 10 4 5 4 4 13 10 3 1 2 3 1 3 3 2 2 2 1 1 1 870 2 4 4
3 13 10 3 3 7 6 3 2 6 1 2 1 6 5 0 8 1 2 3 1 2 3 1 3 1 2 1 910 3 2 3
3 1 10 13 2 3 10 0 1 4 2 3 4 4 1 2 5 2 3 1 2 1 1 3 1 950 2 2 1
1 5 9 11 2 5 6 13 3 3 5 7 0 2 3 4 5 1 1 2 3 2 1 1 1 990 2 2 1
4 1 10 11 3 6 4 13 0 4 4 3 1 2 0 1 2 3 2 1 2 1 1030 0 1 1
1 4 10 11 4 1 8 13 7 4 2 3 10 5 0 1 1 2 1 2 1 1070 0 1 0
3 3 13 0 4 11 5 5 6 10 3 3 3 9 10 2 10 3 1 1 1 2 2 3 1 3 2 3 7 0.2857142857142857 8 0.2857142857142857 9 0.42857142857142855 1110 4 3 3
0 2 0 1 0 1 13 9 3 4 6 7 2 5 8 12 6 2 3 3 2 1 3 1 1 1 1150 1 2 3
3 0 0 0 4 0 0 0 2 6 13 2 2 1 3 3 1 1 1 1 1 865 1 0 0
3 8 13 3 3 4 1 0 1 2 3 3 0 0 3 0 9 1 2 3 1 2 2 3 3 2 1 1 1 905 2 4 3
3 1 8 13 3 7 7 9 2 4 5 5 0 0 2 2 8 1 3 1 2 1 3 3 2 1 1 1 945 3 2 3
9 10 1 0 6 7 13 4 6 5 3 0 1 0 2 3 6 3 2 1 2 3 1 1 2 1 985 2 2 2
1 0 1 0 0 2 5 0 3 7 13 11 4 4 6 2 4 2 1 3 2 1 1 1 1025 1 2 1
3 13 11 8 3 5 8 3 0 0 4 8 3 0 2 3 2 3 3 1 1 1 1065 0 0 2
2 6 13 11 4 5 7 10 3 3 4 5 0 1 0 0 0 1 3 1 1105 0 0 0
1 3 13 11 4 2 9 10 4 1 2 0 2 0 3 2 9 2 1 3 3 3 1 1 3 2 1 1 1 1145 3 2 4
9 13 1 3 1 3 5 2 0 1 7 5 0 0 5 4 2 3 2 1 2 1 713 0 1 1
3 2 1 0 10 13 6 4 3 6 3 3 4 4 3 0 11 3 2 1 3 3 1 1 1 2 2 2 1 3 1 753 4 4 3
2 3 0 3 3 7 3 0 13 8 4 3 10 9 4 1 9 1 3 1 3 1 2 2 2 1 1 2 1 793 4 3 2
2 1 0 1 13 7 4 3 11 3 3 0 1 0 3 0 6 2 1 3 2 1 2 1 2 1 833 2 3 1
1 1 2 0 3 8 1 0 13 6 0 2 11 8 6 3 4 3 3 2 2 1 1 1 873 0 2 2
4 12 3 0 13 8 1 0 5 4 4 3 0 0 3 2 2 3 2 1 1 1 913 0 1 1
1 4 3 3 4 5 2 10 4 12 9 4 13 0 2 0 0 1 1 1 953 0 0 0
4 2 0 0 8 4 3 1 13 11 3 0 3 12 3 0 9 2 1 2 3 2 3 3 1 3 1 1 1 993 2 3 4
4 0 0 0 5 0 3 2 2 2 3 0 13 1 1 0 2 1 2 1 1 1 841 1 1 0
3 0 0 0 0 7 1 3 1 3 7 3 2 4 13 6 0 1 2 1 881 0 0 0
3 2 3 0 6 1 3 3 9 5 4 0 13 3 0 0 11 3 1 1 3 1 2 2 3 3 2 2 1 1 1 921 3 4 4
5 1 0 0 8 5 3 1 9 7 3 0 13 5 4 0 9 3 1 2 3 3 1 2 2 3 1 2 1 961 2 3 4
3 2 1 4 1 2 4 2 0 5 10 1 1 13 8 0 7 2 1 3 2 3 2 3 1 1 1 1001 1 3 3
3 2 2 0 4 3 4 1 1 3 5 10 3 13 9 1 4 3 2 3 2 1 1 1 1041 0 2 2
3 0 3 3 0 4 7 9 3 1 11 8 3 1 13 4 3 2 2 2 1 1 1 1081 0 3 0
0 2 1 4 1 3 6 6 1 4 11 10 0 2 13 5 0 1 2 1 1121 0 0 0
0 0 0 1 2 3 13 4 8 3 3 3 4 0 4 6 6 1 2 3 3 1 2 1 3 1 739 2 2 2
3 3 9 13 2 1 5 5 2 1 0 3 0 2 0 0 2 3 1 1 3 1 779 1 0 1
0 2 13 9 3 1 5 8 3 6 3 1 2 3 4 5 11 1 2 2 2 3 1 3 3 3 1 2 1 1 1 819 3 4 4
0 0 13 1 0 1 7 2 9 7 6 3 0 2 10 4 0 1 3 1 859 0 0 0
2 4 3 0 7 6 3 4 13 7 6 6 9 8 9 10 1 1 1 3 1 899 1 0 0
2 1 5 0 3 5 11 0 3 2 6 10 1 5 13 10 11 1 3 3 2 1 2 1 3 2 3 2 1 1 1 939 3 4 4
8 12 9 3 13 5 4 3 0 5 4 3 1 3 3 1 8 3 2 1 2 3 3 1 2 1 2 1 979 2 3 3
1 0 1 2 12 3 3 3 10 13 2 3 1 3 5 1 4 2 3 3 2 1 3 1 1019 0 2 2
3 0 3 0 1 3 4 3 1 4 8 3 2 3 13 0 4 1 2 2 1 1 2 1 1026 2 2 0
1 4 6 10 0 3 7 8 0 0 5 13 0 2 3 5 1 1 1 2 1 1066 1 0 0
2 3 9 11 0 0 4 13 0 3 4 8 1 3 5 3 0 1 3 1 1106 0 0 0
1 0 9 11 2 1 7 13 0 3 6 8 3 4 4 6 8 3 1 1 3 3 2 3 2 1 2 1 1146 2 2 4
0 3 10 11 0 2 8 13 1 5 5 5 3 3 3 3 5 1 3 1 3 2 1 2 1 1186 2 1 2
0 6 10 11 2 3 8 13 3 4 7 7 2 4 5 3 2 1 1 1 3 1 1226 2 0 0
10 11 0 2 9 8 1 1 6 4 9 3 5 1 2 13 0 1 2 1 1266 0 0 0
4 1 10 12 4 4 7 3 2 13 4 3 3 0 0 0 11 1 1 2 1 2 3 2 1 3 3 2 1 3 1 1306 4 4 3
2 4 8 1 3 5 2 13 4 4 7 1 0 2 1 0 11 2 1 1 3 1 3 3 2 2 2 1 1 3 1 875 4 4 3
0 0 1 2 3 1 8 10 2 3 7 9 2 0 13 4 11 1 1 2 1 3 2 3 1 2 3 3 3 5 0.42857142857142855 6 0.2857142857142857 7 0.2857142857142857 915 4 3 4
0 2 11 1 1 3 13 3 6 5 4 3 2 1 1 2 7 3 3 3 2 1 2 2 1 1 1 955 1 3 3
10 11 3 1 10 8 5 4 9 13 5 1 0 3 0 0 6 2 3 3 3 2 2 1 1 1 995 0 3 3
2 3 12 4 10 13 4 2 4 0 1 0 0 0 1 0 3 3 3 1 1 2 1 1035 1 0 2
0 10 4 3 9 13 12 4 0 8 10 11 0 4 3 2 5 1 1 2 3 2 1 1 1 1075 2 2 1
2 9 10 0 13 12 6 5 8 10 11 7 5 3 3 1 1 2 1 1 1 1115 0 1 0
1 3 1 3 3 5 13 0 3 2 3 7 0 1 0 0 6 3 2 3 1 2 3 1 2 1 867 1 2 3
0 0 1 0 2 3 5 1 3 5 13 2 2 6 8 3 2 1 3 1 3 1 907 1 0 1
1 9 7 4 7 6 1 2 4 4 13 0 0 2 3 1 3 2 2 1 1 3 1 947 1 2 0
11 9 6 13 4 5 3 3 2 0 2 0 0 0 1 0 2 3 1 1 3 1 987 1 0 1
11 9 7 13 2 7 6 6 1 3 4 4 3 0 0 0 1 3 3 8 0.18181818181818185 9 0.27272727272727276 10 0.54545454545454553 1027 0 0 1
3 3 13 9 3 3 7 8 3 10 11 4 1 0 0 2 11 3 3 3 2 1 2 2 1 1 3 2 1 1 1 1067 3 4 4
13 4 3 0 9 5 0 5 6 5 0 0 7 0 3 0 11 1 1 3 2 2 3 2 3 2 1 3 1 1 1 921 3 4 4
0 0 0 3 3 2 1 0 1 13 0 2 11 6 6 3 10 2 3 1 1 3 3 2 2 1 1 1 2 1 961 4 3 3
1 2 4 4 5 6 1 1 5 7 6 2 1 11 13 2 6 3 2 1 1 2 3 1 2 1 1001 2 2 2
1 0 2 1 0 4 4 10 0 4 9 10 1 11 13 3 4 2 2 2 1 1 3 1 1041 1 3 0
0 3 3 4 3 5 4 12 1 4 6 7 3 0 10 13 2 1 2 1 2 1 1081 1 1 0
13 8 5 0 4 5 1 0 5 3 1 0 3 1 0 3 2 2 2 1 2 1 869 0 2 0
13 4 3 0 10 4 2 0 4 4 0 3 3 1 0 0 11 1 2 2 3 2 1 1 3 1 3 3 1 2 1 909 4 3 4
4 5 0 1 10 13 5 0 9 4 2 0 6 5 3 0 11 2 2 1 3 2 3 1 1 2 3 1 1 3 1 949 4 4 3
4 3 3 0 11 5 4 3 13 8 4 0 3 9 6 4 9 3 1 2 3 2 2 1 2 1 1 1 1 989 3 4 2
13 8 12 2 7 6 4 1 0 4 0 5 1 3 0 0 10 3 2 2 3 1 2 3 1 2 1 1 3 1 1029 3 4 3
1 0 13 12 3 3 8 9 4 6 6 2 4 5 3 3 7 3 2 1 1 3 2 1 1 2 1 1069 3 2 2
0 0 0 3 1 4 3 0 7 4 13 0 3 4 2 4 9 1 1 2 2 1 2 3 3 2 1 1 1 781 3 4 2
13 8 7 0 3 4 5 1 2 3 0 3 0 0 1 0 7 1 3 3 2 1 2 3 1 2 1 821 2 2 3
13 9 2 0 4 6 3 0 3 5 4 0 3 3 3 1 4 3 3 2 3 1 1 1 861 0 1 3
0 2 0 6 2 0 4 0 3 13 6 7 4 8 10 3 3 3 1 3 1 1 1 901 1 0 2
3 0 3 4 0 0 8 9 3 1 13 11 0 1 4 2 1 2 1 3 1 941 0 1 0
2 1 0 2 4 4 5 4 7 6 8 9 3 4 13 11 10 2 1 3 1 3 2 1 3 1 3 1 2 1 981 4 2 4
2 2 4 4 0 5 4 5 2 2 7 10 0 3 13 11 6 1 1 1 1 3 3 1 3 1 1021 4 0 2
3 2 1 3 2 3 1 8 3 5 7 10 3 13 11 10 3 3 2 1 1 3 1 1061 1 1 1
2 9 2 5 13 3 1 2 3 5 3 0 1 3 0 0 10 2 3 3 2 2 1 1 1 3 1 1 3 1 855 4 3 3
10 9 1 0 1 8 2 3 13 4 5 0 3 3 2 2 8 2 3 1 2 3 3 1 1 1 3 1 895 3 2 3
3 10 9 1 0 1 8 2 0 13 8 2 0 4 1 3 4 2 3 1 2 1 3 1 935 1 2 1
13 5 4 3 11 7 3 0 6 0 0 1 3 2 0 0 1 3 1 3 1 975 0 0 1
13 8 6 3 11 6 4 2 10 6 3 1 1 2 0 0 11 3 3 3 1 1 1 3 2 2 1 2 1 2 1 1015 4 3 4
11 13 5 3 10 9 4 3 5 3 3 0 6 3 3 3 7 3 2 2 1 2 1 1 1 3 1 1055 3 3 1
11 13 6 5 10 9 8 4 1 6 4 0 2 1 2 1 4 1 3 2 3 1 2 1 1095 1 1 2
12 13 7 4 7 6 4 3 3 5 0 3 0 3 0 1 1 3 1 2 1 1135 0 0 1
3 3 3 1 3 3 4 13 5 1 3 4 0 0 0 2 6 2 2 1 3 3 2 1 1 1 778 1 3 2
2 0 0 0 1 0 4 0 5 1 2 0 5 9 13 1 4 1 2 3 2 1 3 1 818 1 2 1
1 0 4 3 0 0 7 3 3 8 7 3 0 9 13 2 1 2 1 1 1 858 0 1 0
3 1 2 3 4 4 4 4 7 5 3 3 10 13 2 0 9 1 1 2 2 1 3 3 2 3 1 1 1 898 3 3 3
2 4 4 1 6 5 3 3 8 6 0 2 11 13 0 1 7 3 2 3 3 3 1 2 1 1 1 938 1 2 4
2 4 4 3 5 5 1 2 9 6 3 3 11 13 7 0 5 3 1 2 1 1 1 2 1 978 3 1 1
2 5 4 3 7 6 4 0 9 8 5 3 11 13 2 0 3 3 3 1 1 1 1 1018 1 0 2
4 3 3 2 5 4 4 0 10 7 6 1 11 13 0 2 0 1 1 1 1058 0 0 0
3 1 0 0 5 4 0 0 8 5 0 0 13 3 4 2 10 3 2 1 3 2 1 1 1 2 2 1 3 1 730 4 4 2
6 5 4 4 0 7 7 5 0 9 8 4 7 13 4 0 11 3 1 2 2 2 3 3 3 1 2 1 1 1 1 770 3 4 4
2 6 5 3 13 7 3 0 3 8 6 4 1 10 6 3 1 3 3 7 0.2857142857142857 8 0.2857142857142857 9 0.42857142857142855 810 0 0 1
13 1 0 0 4 4 3 2 7 11 9 3 5 3 3 4 0 1 3 1 850 0 0 0
4 2 1 0 11 13 0 0 8 7 4 1 9 4 4 5 9 3 2 2 1 3 1 2 2 3 1 1 1 890 2 4 3
13 1 2 0 12 6 3 3 4 5 5 0 3 4 3 0 7 1 3 3 1 2 1 2 1 2 1 930 3 2 2
13 5 4 3 12 6 2 1 8 4 0 0 4 3 1 0 4 1 1 2 2 1 2 1 970 2 2 0
13 8 5 3 12 5 3 1 4 4 1 0 9 2 0 0 2 2 3 1 3 1 1010 0 1 1
0 4 2 3 1 0 13 3 6 5 4 3 0 2 2 1 6 1 3 1 2 3 1 1 2 1 884 3 1 2
5 8 13 4 0 4 5 1 0 0 1 3 3 0 0 3 2 3 2 1 2 1 924 0 1 1
4 11 3 13 4 7 7 2 1 1 3 2 2 0 0 0 1 3 1 1 1 964 0 0 1
11 13 5 4 7 6 3 1 8 4 3 2 5 1 0 2 11 1 1 2 2 2 2 1 3 3 1 3 1 3 1 1004 4 4 3
11 13 2 3 9 7 5 1 6 4 3 0 4 3 3 1 9 2 3 2 3 1 3 1 2 1 1 2 1 1044 3 3 3
11 13 5 0 9 7 5 3 8 4 3 0 4 3 0 1 5 3 2 2 3 1 1 3 1 1084 1 2 2
3 11 13 3 10 8 6 5 3 4 5 4 0 3 4 0 2 2 1 1 3 1 1124 1 1 0
0 3 11 13 0 4 10 9 0 5 6 7 2 4 4 5 0 1 1 1 1164 0 0 0
0 3 3 4 0 5 3 1 2 3 5 4 3 3 13 3 9 1 1 3 2 2 1 2 1 3 1 2 1 896 4 3 2
4 4 3 4 8 6 3 2 13 1 2 0 3 0 0 2 7 1 2 1 1 3 3 2 1 1 1 936 3 2 2
13 8 7 4 10 7 6 5 3 4 5 4 2 0 3 4 8 2 2 3 2 1 3 1 1 1 1 1 976 3 3 2
1 0 0 2 13 9 7 5 10 7 6 5 3 4 1 0 4 1 2 3 3 1 2 1 1016 1 1 2
8 3 0 0 13 3 5 0 5 11 2 1 2 2 4 1 1 3 1 1 1 1056 0 0 1
3 11 8 2 13 9 0 0 1 4 0 3 5 0 3 0 11 1 2 1 2 3 1 2 3 3 1 2 1 3 1 1096 4 4 3
4 13 11 9 4 5 1 10 7 7 7 0 0 3 2 0 11 3 2 1 2 3 2 1 3 2 1 3 1 1 1 1136 3 4 4
1 13 3 1 3 5 2 4 2 3 7 4 0 6 0 0 4 1 3 2 2 1 1 1 921 1 2 1
3 13 0 0 3 7 6 0 3 9 5 3 1 3 1 1 2 2 2 1 2 1 961 0 2 0
2 9 13 4 3 6 8 5 3 5 5 4 0 3 1 3 10 3 1 1 2 1 2 3 1 2 3 1 2 1 1001 4 3 3
2 6 1 13 4 5 6 10 4 3 3 2 4 3 0 0 7 3 1 1 2 1 3 3 1 2 1 1041 3 1 3
0 13 3 4 9 8 10 2 5 6 5 5 3 5 1 3 6 1 2 2 2 3 1 1 1 1 1081 2 3 1
2 3 3 3 0 1 6 5 13 11 5 8 3 2 4 2 3 1 2 1 1 1 1 1121 2 1 0
2 1 0 6 0 0 7 5 11 9 1 5 0 3 13 4 1 2 1 3 1 1161 0 1 0
0 11 5 5 1 10 5 4 0 7 13 3 2 1 5 7 1 3 1 2 1 1201 0 0 1
2 13 3 1 2 3 6 1 0 3 4 0 0 0 5 2 6 1 2 3 2 3 1 1 1 1 684 2 2 2
2 5 13 11 3 3 4 7 0 3 7 1 0 3 2 3 4 1 3 1 3 1 2 1 724 2 0 2
4 13 2 0 10 11 2 0 5 6 4 0 3 2 4 3 3 1 1 3 1 1 1 764 2 0 1
0 12 6 4 1 10 13 3 0 2 4 8 2 1 0 4 2 3 3 1 3 1 804 0 0 2
4 0 0 0 3 4 4 0 3 12 5 11 1 9 13 3 0 1 2 1 844 0 0 0
3 7 11 2 12 13 5 4 9 5 4 3 6 4 3 0 9 1 1 3 3 2 2 1 2 3 1 1 1 884 3 3 3
5 6 0 1 13 12 1 3 3 3 9 11 10 9 4 3 7 1 1 2 2 2 3 3 1 2 1 924 2 3 2
0 0 4 3 0 1 3 1 3 5 1 9 2 1 3 13 4 2 2 3 2 1 3 1 976 0 3 1
0 2 0 0 0 1 1 0 4 7 8 9 4 13 1 2 1 2 1 3 1 1016 0 1 0
0 3 0 9 2 3 9 3 3 6 13 3 0 3 4 3 9 3 2 1 1 2 1 2 3 1 1 3 1 1056 4 3 2
3 0 3 2 1 2 5 1 4 3 2 4 2 13 2 1 1 1 1 1 1 865 1 0 0
4 6 4 3 3 3 8 13 3 0 0 0 3 0 0 0 10 3 2 1 2 1 2 1 1 2 3 1 3 1 905 4 4 2
3 2 1 0 3 5 1 4 1 8 8 0 2 2 13 10 8 1 2 1 2 2 1 3 3 3 8 0.18181818181818185 9 0.27272727272727276 10 0.54545454545454553 945 3 3 2
1 0 3 2 2 3 6 6 3 3 7 13 4 1 10 11 6 2 2 2 1 1 1 1 3 1 985 3 3 0
1 3 3 2 0 0 6 4 2 7 8 13 5 9 10 11 3 3 1 1 1 2 1 1025 2 0 1
0 1 11 5 0 3 7 13 0 3 6 12 3 3 5 1 4 2 2 1 2 1 3 1 1065 1 3 0
3 5 4 4 1 9 13 12 0 3 11 3 3 1 4 0 1 2 1 2 1 1105 0 1 0
1 13 0 0 1 5 4 4 0 11 9 12 2 3 8 4 10 2 1 3 3 1 1 2 2 3 3 1 2 1 1145 3 3 4
1 0 6 3 0 3 7 3 0 2 5 4 0 4 13 3 7 1 3 2 3 1 2 2 1 1 1 781 2 3 2
1 2 0 0 3 3 4 0 4 5 2 3 4 13 9 9 7 3 1 3 2 3 1 2 1 1 1 821 2 2 3
2 0 0 1 3 3 1 4 0 6 4 2 4 9 13 10 6 1 2 3 1 2 2 1 1 1 861 2 3 1
3 8 6 11 3 1 5 13 3 3 0 4 0 0 4 1 5 2 2 2 2 1 1 1 1 901 1 4 0
1 1 9 11 0 4 7 13 2 3 5 6 2 0 0 5 3 1 2 3 1 3 1 941 1 1 1
2 8 9 11 1 0 8 13 5 3 5 5 0 3 0 1 3 1 3 2 1 2 1 981 1 1 1
2 6 10 11 5 5 7 13 4 4 4 4 2 1 1 3 0 1 3 1 1021 0 0 0
3 2 3 12 6 5 3 0 1 5 7 13 3 1 4 4 1 2 3 5 0.42857142857142855 6 0.2857142857142857 7 0.2857142857142857 1061 0 1 0
0 4 2 0 1 6 7 3 13 7 7 1 2 2 1 3 0 1 3 1 842 0 0 0
3 0 0 1 8 5 1 2 13 7 4 3 3 9 5 4 10 1 2 3 3 2 2 3 2 3 1 1 1 1 882 2 4 4
4 3 4 0 11 9 9 3 13 2 2 1 1 2 0 0 10 2 3 3 2 2 1 3 3 1 1 1 1 1 922 3 3 4
3 11 1 3 13 10 8 2 5 4 3 1 2 2 0 0 8 2 3 3 2 1 3 1 1 1 3 1 962 3 2 3
0 0 2 1 3 5 2 3 3 9 5 10 13 6 3 11 5 3 2 1 3 3 1 1 1 1002 1 1 3
1 7 4 10 13 9 7 11 6 4 4 3 2 0 0 1 1 3 1 2 1 1042 0 0 1
6 3 2 1 3 7 8 4 3 9 13 10 3 5 6 11 9 1 3 2 3 1 2 2 3 3 1 1 1 1082 2 3 4
0 0 2 3 3 1 4 3 2 5 6 1 0 3 6 13 4 2 2 1 1 3 5 0.42857142857142855 6 0.2857142857142857 7 0.2857142857142857 674 2 2 0
0 1 6 3 0 4 5 13 0 4 7 11 1 6 8 3 4 3 2 2 2 1 1 1 714 0 3 1
2 3 13 1 5 5 6 11 1 7 9 2 1 2 3 2 0 1 1 1 754 0 0 0
2 1 13 1 2 7 8 3 1 6 9 11 7 0 5 3 10 1 2 2 3 1 3 3 2 1 3 1 2 1 794 3 3 4
4 10 3 13 3 8 6 5 1 2 3 11 3 0 0 3 8 2 1 1 3 2 3 2 1 1 3 1 834 3 3 2
0 4 12 3 2 9 5 13 2 7 5 4 0 1 3 3 7 2 3 3 2 1 3 1 1 1 1 874 2 2 3
4 0 0 2 3 12 3 0 13 8 6 0 9 7 2 4 4 3 2 1 1 1 1 1 914 2 1 1
2 0 1 2 0 1 4 3 0 11 12 3 4 13 7 1 1 2 1 3 1 954 0 1 0
0 3 0 0 3 2 3 3 3 5 6 0 1 13 3 0 10 2 3 2 1 2 1 3 2 1 1 1 3 1 721 4 4 2
0 4 5 9 0 1 4 8 3 1 3 13 0 0 2 3 7 1 3 2 3 3 2 1 1 2 1 761 2 2 3
3 6 9 2 2 6 7 10 0 3 8 13 1 0 3 4 4 2 1 3 1 1 3 1 801 2 1 1
5 9 11 1 13 9 5 4 2 3 3 1 0 3 1 1 3 3 2 2 1 2 1 841 0 2 1
4 11 3 1 3 10 13 4 0 4 9 1 2 0 0 0 0 1 2 1 881 0 0 0
0 13 10 3 1 7 7 8 0 2 5 12 3 1 3 2 0 1 3 1 921 0 0 0
10 13 5 3 9 11 12 3 5 7 4 0 5 3 3 3 10 3 2 3 1 2 3 1 2 1 1 1 2 1 961 4 3 3
6 6 3 3 11 12 13 3 10 9 6 2 3 1 8 2 6 3 1 2 3 1 2 1 1 1 1001 2 2 2
3 4 3 4 5 5 13 2 1 5 2 3 1 0 0 0 0 1 3 1 879 0 0 0
2 13 0 0 4 8 6 1 4 5 3 0 0 4 2 0 11 2 3 2 3 1 1 1 3 3 1 2 3 4 0.54545454545454553 5 0.27272727272727276 6 0.18181818181818185 919 4 3 4
0 2 3 3 1 4 2 2 2 3 5 1 3 9 13 5 7 1 1 2 3 1 3 1 1 2 1 959 4 1 2
1 0 0 0 2 3 1 2 7 5 4 0 10 13 6 3 8 2 1 1 2 3 2 1 3 1 3 1 999 3 3 2
3 3 2 2 6 5 5 2 11 4 5 0 13 3 3 0 6 1 1 1 1 3 2 1 3 1 1039 4 1 1
9 4 2 0 7 3 0 0 11 3 3 1 13 8 4 2 4 3 3 2 1 1 1 1 1079 1 1 2
4 3 3 3 7 4 4 1 11 10 1 4 13 6 0 5 3 2 2 2 1 1 1 1119 0 3 0
2 3 0 12 4 5 8 5 0 13 4 8 0 1 4 10 2 3 2 1 1 1 1159 0 1 1
5 13 8 3 4 5 0 0 4 3 0 0 0 0 0 1 7 3 2 2 2 1 3 1 1 3 1 828 2 3 2
0 3 13 10 2 3 7 8 2 3 3 7 0 1 4 5 5 3 1 1 3 2 1 3 1 868 2 1 2
2 13 10 11 8 7 5 3 0 5 0 3 0 1 0 2 6 1 2 1 3 1 3 1 2 1 908 3 1 2
5 9 13 3 5 6 10 11 4 1 2 3 3 0 0 0 2 2 3 1 1 1 948 0 1 1
2 13 5 1 2 11 11 3 5 1 4 3 3 0 3 0 11 3 1 3 1 2 2 3 1 1 2 3 1 2 1 988 4 3 4
4 5 5 2 4 12 13 0 3 1 9 8 0 0 2 0 10 2 2 1 3 3 1 1 1 3 2 1 3 1 1028 4 3 3
13 3 1 1 3 5 2 3 4 5 0 0 2 3 0 0 5 1 1 3 2 3 1 2 1 879 2 1 2
0 4 13 1 3 3 7 4 3 5 6 4 1 2 5 1 1 2 1 2 1 919 0 1 0
3 5 13 5 8 8 4 0 4 1 3 3 7 0 0 0 0 1 2 1 959 0 0 0
3 13 1 2 9 7 6 3 10 8 4 3 2 3 2 1 10 3 3 3 1 2 2 3 2 1 1 1 1 1 999 3 3 4
11 1 5 1 13 4 4 1 2 7 4 2 0 3 1 0 7 3 3 2 2 2 3 3 1 1 1 1039 0 3 4
4 9 10 7 3 3 11 13 3 0 3 4 1 0 0 0 5 2 3 1 2 2 1 1 1 1079 1 3 1
5 9 10 7 4 7 11 13 4 5 4 2 3 1 4 1 1 2 1 3 1 1119 0 1 0
3 1 5 2 2 6 7 2 13 1 2 6 3 4 0 0 5 1 1 1 2 3 3 8 0.18181818181818185 9 0.27272727272727276 10 0.54545454545454553 883 3 1 1
2 3 3 8 0 5 7 6 1 5 6 9 2 0 13 4 3 3 2 1 1 1 1 923 1 1 1
0 2 0 9 1 3 4 10 3 4 7 7 3 3 4 13 1 1 1 2 1 963 1 0 0
0 1 2 11 0 0 5 7 2 5 6 13 3 1 2 4 0 1 1 1 1003 0 0 0
0 2 0 0 3 3 11 3 4 4 7 0 2 6 8 13 8 3 1 1 1 1 2 2 3 1 3 1 1043 4 2 2
4 1 4 1 3 3 6 11 10 6 7 4 7 9 13 3 8 3 1 3 2 3 1 2 2 1 2 1 1083 2 3 3
0 2 1 0 1 5 4 0 9 8 6 0 4 13 2 4 7 3 2 3 1 3 1 3 1 2 1 942 2 1 4
2 10 1 3 1 5 5 1 3 4 13 0 3 0 1 0 3 2 2 3 1 2 1 982 0 2 1
0 13 0 3 10 8 3 2 4 7 4 2 4 3 3 3 2 1 3 1 1 1 1022 1 0 1
13 9 4 3 10 5 1 3 5 6 3 0 4 4 0 2 11 2 3 3 1 2 1 1 3 3 1 2 1 2 1 1062 4 3 4
13 9 10 5 10 8 6 3 2 4 4 3 3 2 1 0 8 1 1 2 2 3 1 2 1 1 3 1 1102 4 3 1
4 4 5 3 3 13 6 0 1 3 4 2 0 0 1 0 10 2 2 1 2 1 1 2 3 3 3 1 3 1 971 3 4 3
0 13 0 6 2 8 5 3 4 5 4 0 2 3 1 4 7 2 1 1 1 2 2 3 1 1 1 1011 3 3 1
13 10 2 3 5 7 3 0 4 4 2 0 3 3 1 0 6 2 1 2 3 3 1 1 1 1 1051 2 2 2
13 10 3 2 8 8 4 3 1 2 10 3 0 3 0 1 5 3 1 2 1 2 1 3 1 1091 2 2 1
3 3 3 0 6 13 11 2 9 7 7 0 1 0 2 1 3 3 2 3 1 1 1 1131 0 1 2
1 1 5 2 3 13 8 2 9 7 6 11 5 4 4 3 11 3 1 1 3 2 2 2 1 2 3 3 1 1 1 1171 3 4 4
5 9 3 2 4 11 7 3 6 13 10 6 6 4 1 5 0 1 3 1 1211 0 0 0
0 1 4 13 4 2 5 4 3 2 0 2 0 3 3 1 1 1 3 4 0.54545454545454553 5 0.27272727272727276 6 0.18181818181818185 771 1 0 0
0 0 2 4 1 3 4 13 3 0 5 8 0 0 3 3 10 2 3 3 1 2 2 3 1 2 1 1 1 1 811 3 4 3
3 1 2 0 0 1 4 0 0 9 4 1 2 9 13 4 9 2 3 2 1 3 1 2 2 3 1 1 1 851 2 4 3
4 3 3 2 6 4 0 0 11 7 3 0 13 10 4 3 7 3 2 1 3 1 2 3 1 1 1 891 2 2 3
1 5 4 0 11 9 3 2 1 10 6 3 0 13 2 0 6 1 2 1 1 2 2 1 3 1 931 3 3 0
2 3 5 1 11 8 8 3 4 10 9 3 3 13 0 0 3 3 2 3 1 1 1 971 0 1 2
3 0 2 0 12 1 3 3 5 5 4 0 5 13 7 5 11 3 3 1 3 2 2 2 1 1 1 2 1 3 1 1011 4 4 3
0 0 3 0 2 3 4 3 12 4 7 3 13 6 8 1 7 2 1 1 3 2 3 1 1 2 1 1051 3 2 2
13 2 3 0 8 5 1 1 4 3 3 2 0 4 1 0 3 2 2 3 1 1 1 751 0 2 1
2 9 13 3 1 1 4 6 0 0 2 6 0 0 3 3 0 1 3 1 791 0 0 0
3 9 13 1 3 8 6 4 0 3 4 2 3 2 2 0 8 3 1 3 2 1 1 2 3 1 1 1 831 3 2 3
2 3 3 13 0 5 3 10 1 0 4 8 2 0 0 4 5 1 1 3 2 2 1 1 1 871 2 2 1
0 3 13 1 0 0 7 10 0 4 7 8 3 3 4 2 2 1 3 1 2 1 911 1 0 1
6 7 11 13 4 5 1 3 3 2 0 0 3 0 0 0 11 2 1 3 1 1 2 2 2 1 3 3 1 3 1 951 4 4 3
0 11 13 2 3 8 7 2 1 5 4 4 0 3 1 2 7 3 1 2 1 1 2 3 1 3 1 991 3 2 2
11 13 6 4 9 7 4 0 3 0 1 0 0 0 2 3 4 1 2 1 2 1 3 1 1031 2 2 0
1 6 13 3 9 4 1 2 3 3 0 4 0 0 1 5 1 2 1 2 1 783 0 1 0
2 11 13 0 8 6 1 1 2 6 0 2 1 3 1 4 1 3 1 2 1 823 0 0 1
3 4 11 13 0 0 4 9 0 0 5 6 1 2 1 4 10 3 1 3 3 2 1 2 2 1 3 1 2 1 863 3 3 4
0 1 11 13 0 5 8 9 2 3 6 10 0 3 0 3 8 1 2 2 3 2 3 3 1 1 1 1 903 2 3 3
3 2 3 11 3 4 5 8 0 3 7 13 2 2 11 10 8 3 1 3 3 3 2 1 1 1 1 1 943 3 1 4
3 2 0 2 12 8 5 4 8 10 4 13 6 9 4 7 8 1 2 3 3 1 3 1 2 1 1 1 983 3 2 3
2 12 0 0 3 11 5 6 6 5 6 0 5 8 4 13 6 1 2 3 1 1 2 1 3 1 1023 3 2 1
2 11 12 0 6 13 7 3 9 6 2 2 6 4 1 0 4 1 3 1 2 1 1 1 1063 2 1 1
1 2 3 0 2 13 1 5 1 3 5 3 1 5 2 0 4 3 1 3 2 1 2 1 818 1 1 2
0 2 3 3 0 3 2 1 3 5 3 2 4 13 8 1 0 1 1 1 858 0 0 0
2 0 4 4 3 4 6 5 0 4 7 8 3 3 8 13 9 3 2 3 1 2 1 3 1 2 1 1 1 898 3 3 3
1 4 3 1 1 4 3 4 3 5 7 9 5 8 13 10 7 2 3 2 2 1 3 3 1 2 1 938 1 3 3
3 2 2 2 0 7 4 4 4 4 7 7 0 13 11 3 5 1 3 1 3 1 1 3 1 978 3 0 2
0 0 3 0 3 6 1 2 11 9 6 3 6 13 4 0 2 1 3 1 2 1 1018 1 0 1
13 1 4 1 10 6 3 2 5 4 3 0 3 2 0 0 10 1 3 2 2 1 3 1 2 2 1 1 3 1 819 4 4 2
10 9 13 4 4 7 4 1 0 3 5 3 1 2 0 1 8 3 3 2 1 2 2 1 2 1 3 1 859 2 4 2
11 9 13 5 9 8 7 3 0 5 3 3 0 0 2 1 8 1 1 2 3 3 3 1 2 1 2 1 899 3 2 3
13 3 2 4 10 12 4 0 8 0 3 3 1 2 0 0 8 3 1 2 2 3 2 1 1 1 1 1 939 3 3 2
2 0 1 0 5 4 4 1 10 6 7 1 6 8 13 12 5 1 3 2 2 2 1 3 1 979 1 3 1
3 3 3 3 7 5 12 0 9 6 5 0 13 10 2 0 1 1 1 3 1 1019 1 0 0
13 3 4 3 3 11 6 1 0 4 12 2 0 3 8 1 0 1 2 1 1059 0 0 0
4 5 4 2 2 13 7 1 6 11 10 6 8 12 3 1 9 3 1 3 2 3 3 2 2 1 1 1 1 1099 2 3 4
3 2 0 0 2 8 3 5 13 3 4 6 3 2 1 1 1 3 1 1 1 743 0 0 1
1 2 1 1 13 6 4 0 9 1 2 3 2 0 1 0 9 2 2 3 3 1 3 1 2 2 1 3 1 783 2 4 3
13 6 5 3 9 7 5 3 7 5 2 0 10 4 0 1 7 1 2 3 2 2 1 1 1 3 1 823 3 3 1
13 6 4 3 11 5 3 0 5 4 2 1 4 3 0 3 4 3 2 1 2 1 1 1 863 1 2 1
6 13 9 5 11 7 5 4 8 1 0 3 0 0 0 3 5 1 1 3 2 2 1 2 1 903 2 2 1
3 13 9 10 11 7 4 3 6 3 3 0 0 2 1 0 3 3 3 2 1 1 1 943 0 1 2
5 13 12 3 1 7 6 3 3 1 0 0 0 0 2 0 2 1 2 1 2 1 983 1 1 0
2 3 8 0 13 5 3 1 8 5 1 0 7 12 2 3 0 1 3 1 1023 0 0 0
0 0 4 1 0 0 3 2 1 0 5 5 0 1 2 13 2 2 3 1 3 1 711 0 1 1
3 3 1 4 5 3 3 4 2 3 9 2 0 1 13 0 1 2 1 1 1 751 0 1 0
2 6 6 1 2 4 7 4 1 1 4 9 0 2 13 0 9 1 2 3 3 3 1 2 3 2 1 1 1 791 2 3 4
1 4 2 2 5 3 6 1 2 3 4 0 13 10 3 2 8 1 2 2 1 1 3 1 3 1 3 1 831 4 2 2
1 8 3 10 2 1 3 6 0 1 13 5 0 0 3 2 4 1 2 1 2 1 2 1 871 2 2 0
1 2 3 4 0 6 8 13 0 5 7 11 3 2 7 3 3 2 1 1 3 7 0.2857142857142857 8 0.2857142857142857 9 0.42857142857142855 911 2 1 0
2 1 9 1 3 4 11 13 2 3 5 10 3 0 0 2 0 1 1 1 951 0 0 0
0 9 1 0 3 7 13 4 6 3 5 2 3 12 3 3 11 1 1 2 1 2 2 3 3 3 1 3 1 2 1 991 4 3 4
1 4 0 4 3 3 3 3 3 5 13 4 3 3 3 1 9 2 1 2 2 3 3 3 3 2 1 1 1 868 1 4 4
3 0 2 3 2 4 4 0 7 7 5 2 3 13 1 3 5 1 1 3 1 3 1 2 1 908 3 0 2
3 2 5 3 4 7 5 2 8 13 6 3 4 3 7 2 3 3 1 1 1 1 1 948 2 0 1
2 4 1 0 6 1 4 3 0 2 13 3 8 10 9 4 2 3 2 1 1 1 988 0 1 1
0 0 2 4 1 0 3 3 3 10 10 13 2 1 7 6 0 1 3 1 1028 0 0 0
2 1 8 13 4 11 7 9 2 1 3 4 1 0 2 3 9 2 2 2 1 3 1 3 3 3 1 1 1 1068 2 3 4
0 6 0 13 1 4 6 12 1 4 4 4 0 1 0 2 7 2 3 3 3 1 2 2 1 3 1 1108 1 3 3
4 10 9 13 2 5 8 12 1 6 4 0 3 2 1 2 5 2 3 1 1 3 1 3 1 1148 2 1 2
2 0 0 0 3 8 3 0 3 4 5 1 13 3 1 0 0 1 2 1 868 0 0 0
13 4 1 3 9 3 2 6 3 5 1 3 4 3 3 0 0 1 2 1 908 0 0 0
3 1 3 2 13 6 2 1 9 7 4 3 11 8 9 8 1 2 1 1 1 948 0 1 0
3 4 3 13 0 5 6 3 0 3 1 2 0 2 0 5 0 1 1 1 825 0 0 0
4 8 3 2 1 5 7 1 2 8 7 13 3 3 8 0 1 1 1 2 1 865 1 0 0
13 9 1 0 10 6 4 0 5 4 4 2 7 1 0 0 0 1 2 1 905 0 0 0
13 9 3 0 10 8 4 2 7 6 2 1 1 0 0 2 8 1 3 3 1 1 2 3 2 1 3 1 945 3 2 3
0 13 11 1 0 6 7 2 3 2 4 1 3 3 1 2 5 3 1 2 3 2 1 1 1 985 1 2 2
4 1 2 3 7 4 2 3 11 8 3 1 3 13 0 2 1 3 1 1 1 1025 0 0 1
1 5 5 6 0 3 8 10 0 3 11 9 0 2 13 3 11 2 1 2 1 3 2 3 1 2 1 3 1 3 1 1065 4 4 3
4 1 0 2 4 3 1 0 5 4 0 0 4 12 13 0 7 3 2 2 1 3 3 1 1 2 1 1105 2 2 3
3 4 3 2 2 2 13 1 1 4 3 1 1 2 0 0 6 1 1 3 2 3 3 1 2 1 875 2 1 3
2 0 0 0 1 0 1 0 4 7 1 2 6 6 13 3 2 2 3 1 3 1 915 0 1 1
4 6 4 3 10 4 3 1 13 1 0 0 4 2 0 0 2 3 3 1 2 1 955 0 0 2
0 0 0 3 3 4 3 0 11 7 6 3 13 6 5 5 11 1 3 2 3 3 2 2 3 2 1 1 1 1 1 995 3 4 4
3 2 1 0 1 4 4 3 11 7 7 8 13 8 1 0 8 3 2 3 2 1 1 3 2 1 2 1 1035 2 3 3
1 2 10 7 6 11 8 8 2 13 5 6 0 3 1 3 7 3 2 3 1 3 2 1 1 3 1 1075 2 2 3
5 0 4 0 1 1 7 1 13 12 2 7 0 0 3 2 6 3 1 1 3 2 2 1 2 1 1115 2 2 2
5 4 1 2 4 5 3 0 4 7 5 0 13 9 12 3 4 2 1 3 2 1 1 1 1155 1 2 1
1 3 0 0 4 6 0 0 6 4 8 0 13 4 1 3 3 3 3 2 1 2 1 844 0 1 2
4 3 3 2 5 6 1 3 9 2 3 0 13 0 0 1 11 1 3 3 3 2 3 1 1 2 2 1 1 2 1 884 4 3 4
1 2 0 0 8 3 0 1 9 4 2 0 10 13 6 2 8 3 1 1 2 3 1 3 3 1 2 1 924 3 1 4
1 3 0 0 4 3 2 0 9 3 2 3 11 13 10 3 7 2 1 3 2 1 3 1 1 3 1 964 3 2 2
5 5 3 0 9 6 3 1 11 7 3 1 13 10 2 0 4 1 2 2 3 1 3 1 1004 1 2 1
1 5 2 1 9 6 5 5 11 8 6 9 13 10 2 3 1 1 1 2 1 1044 1 0 0
1 1 0 2 0 5 2 9 0 12 7 13 3 4 5 3 11 2 2 3 3 3 1 1 2 2 1 3 1 1 1 1084 3 4 4
5 6 13 5 0 5 11 4 0 7 12 3 0 2 0 1 11 2 3 1 3 2 2 3 1 2 1 1 1 3 1 1124 4 4 3
0 4 13 4 1 3 5 3 1 3 4 2 0 2 7 1 0 1 2 1 787 0 0 0
0 2 3 0 1 3 13 3 1 7 10 0 5 4 3 9 0 1 2 1 827 0 0 0
3 0 13 2 2 1 6 1 4 4 5 8 1 11 3 2 9 1 3 2 3 3 1 3 2 2 1 1 1 867 2 3 4
3 13 4 1 10 9 11 3 7 4 2 2 10 5 4 1 8 3 2 3 1 2 1 2 3 1 1 1 907 2 3 3
1 4 13 7 11 9 11 2 10 8 5 3 2 4 4 2 7 3 1 2 1 3 1 2 1 1 1 947 3 2 2
5 13 10 2 12 6 2 2 11 5 3 2 3 0 4 3 4 1 1 1 3 1 1 1 987 3 0 1
2 12 8 6 4 11 13 10 3 5 10 0 0 2 1 0 2 1 3 3 7 0.2857142857142857 8 0.2857142857142857 9 0.42857142857142855 1027 1 0 1
2 13 2 0 4 6 3 3 4 3 1 0 0 0 0 3 3 2 1 3 1 1 1 880 1 1 1
11 13 7 5 5 7 0 0 5 3 3 0 1 1 0 3 3 1 2 2 1 2 1 920 1 2 0
11 13 3 3 9 6 4 1 6 4 3 0 3 1 2 0 0 1 2 1 960 0 0 0
11 13 2 0 9 8 1 0 7 6 10 1 5 5 2 3 10 3 1 2 1 2 2 2 1 3 3 1 1 1 1000 3 4 3
12 13 4 3 7 5 3 3 9 3 1 0 3 0 0 1 8 1 2 3 1 2 3 2 2 1 3 1 1040 2 4 2
12 13 6 1 8 5 5 3 9 2 1 2 1 4 0 1 4 2 2 3 3 1 3 1 1080 0 2 2
12 13 6 0 10 6 4 0 5 3 3 0 4 2 0 3 2 3 1 1 3 1 1120 1 0 1
12 13 8 3 10 7 7 1 1 2 2 4 0 0 3 0 11 3 1 3 1 2 3 2 3 2 1 2 1 1 1 1160 3 4 4
0 0 3 0 1 3 0 2 0 2 13 4 5 8 6 4 5 3 1 3 1 2 1 3 1 904 2 1 2
3 0 3 1 2 4 0 0 9 6 1 3 10 13 4 3 3 1 2 3 1 2 1 944 1 1 1
1 4 4 2 11 5 1 3 9 8 5 1 4 3 13 2 1 2 1 3 1 984 0 1 0
3 1 0 0 2 5 2 3 1 11 10 13 0 5 4 4 11 3 3 3 2 1 1 2 1 1 3 2 1 2 1 1024 4 3 4
5 10 11 13 4 7 6 2 2 4 6 0 0 2 3 0 7 1 1 3 3 1 2 1 1 3 1 1064 4 1 2
4 0 10 11 1 3 8 13 1 7 7 4 4 3 1 2 5 2 3 2 1 3 1 2 1 1104 1 2 2
5 7 10 11 3 6 9 13 0 1 5 8 3 2 1 1 2 2 2 1 3 1 1144 0 2 0
5 7 12 13 3 5 8 3 3 3 3 1 0 0 2 0 11 1 2 1 2 1 2 3 3 1 3 2 1 3 1 1184 4 4 3
3 1 3 3 3 4 13 4 2 5 1 2 0 4 1 3 9 1 2 3 2 3 1 2 2 1 1 3 1 870 3 4 2
2 3 0 0 3 1 4 0 2 5 4 8 1 3 8 13 7 1 2 3 2 1 1 3 1 2 1 910 3 2 2
0 5 5 1 5 6 7 0 4 2 10 0 3 3 13 3 5 3 3 2 1 2 1 1 1 950 1 2 2
0 4 4 6 2 4 1 9 3 2 13 10 3 0 3 3 3 1 1 2 1 3 1 990 2 1 0
3 5 9 10 2 4 8 13 1 3 5 0 3 3 0 2 0 1 1 1 1030 0 0 0
11 13 1 3 7 8 2 0 6 6 6 0 5 4 3 0 10 2 1 1 2 3 1 2 1 3 2 1 3 1 1070 4 4 2
11 13 5 9 10 7 7 3 2 4 1 2 0 2 0 2 8 1 1 3 2 3 3 1 3 1 1 1 1110 3 1 4
11 13 7 9 10 8 6 6 2 3 4 2 0 0 0 3 4 1 2 1 1 1 3 1 1150 3 1 0
4 13 4 4 5 4 4 2 0 0 2 0 0 1 0 0 8 3 1 2 3 3 1 1 2 1 3 1 877 3 2 3
13 8 4 1 9 6 1 0 4 3 2 0 2 1 3 1 6 3 2 3 3 1 2 1 2 1 917 1 2 3
11 10 5 2 13 5 3 1 1 0 0 1 4 0 2 0 5 2 3 3 1 2 1 3 1 957 1 2 2
7 11 2 3 0 13 10 5 8 5 2 2 8 6 5 1 4 1 1 2 3 1 1 1 997 2 1 1
5 7 11 3 4 10 9 7 2 13 8 2 0 4 3 8 3 1 3 1 1 3 1 1037 2 0 1
1 1 9 2 2 8 7 12 5 6 5 6 6 13 3 3 1 3 1 3 1 1077 0 0 1
0 2 1 3 3 13 1 0 1 5 2 0 4 6 2 4 1 1 1 2 1 963 1 0 0
3 5 1 2 2 3 3 3 0 1 13 4 0 3 8 5 10 1 1 1 2 2 3 3 1 2 3 1 2 1 1003 4 3 3
0 3 2 0 0 5 4 0 2 4 9 4 1 4 13 1 7 2 1 2 3 3 2 1 1 1 1 1043 2 3 2
1 0 2 1 1 3 4 7 2 4 7 9 0 3 13 10 4 1 3 2 2 1 3 1 1083 1 2 1
1 0 0 4 8 0 3 8 0 8 8 9 0 4 13 10 3 2 1 2 1 3 1 1123 1 2 0
3 4 13 10 3 5 7 5 0 3 6 11 1 2 0 0 1 3 1 3 1 1163 0 0 1
1 8 9 3 13 7 10 5 4 11 4 1 4 5 2 0 10 3 3 1 1 2 3 3 2 2 1 1 2 1 1203 3 3 4
1 1 3 13 2 6 7 3 0 3 5 2 0 0 3 3 10 2 2 1 2 3 1 1 3 1 3 1 2 1 893 4 3 3
10 13 6 1 8 6 5 4 9 4 3 4 3 1 2 3 10 3 2 1 1 3 2 2 2 3 3 1 1 1 933 2 4 4
3 13 3 2 8 11 3 1 4 3 7 0 1 0 2 0 7 3 3 3 1 2 2 3 1 1 1 973 1 2 4
1 0 2 13 2 5 5 10 5 3 11 4 0 2 3 1 4 1 2 3 1 1 3 1 1013 2 1 1
1 4 9 13 0 0 11 10 0 6 3 4 0 2 0 0 2 1 2 1 3 1 1053 1 1 0
4 9 13 3 3 8 11 10 0 3 4 1 0 0 2 4 11 3 2 3 3 1 2 2 3 2 1 1 1 1 1 1093 3 4 4
13 1 4 4 9 8 12 3 6 7 5 6 2 2 0 1 9 1 3 3 1 2 1 2 3 2 1 3 1 1133 3 3 3
0 2 1 0 0 2 3 0 1 5 5 8 2 2 13 3 1 1 1 1 1 982 1 0 0
3 0 4 0 2 0 3 7 0 3 7 10 3 1 8 13 10 2 1 2 1 2 3 1 3 1 2 1 3 1 1022 4 4 2
3 3 8 4 2 3 13 9 1 1 10 2 0 2 0 3 8 1 2 2 3 1 1 3 3 3 8 0.18181818181818185 9 0.27272727272727276 10 0.54545454545454553 1062 3 2 3
0 10 13 3 0 5 8 11 2 6 7 9 3 3 4 1 5 1 2 3 3 1 1 2 1 1102 2 1 2
10 13 3 4 5 12 3 0 3 7 2 1 0 3 0 1 2 3 3 1 2 1 1142 0 0 2
3 8 1 0 3 4 13 0 3 2 5 3 5 0 1 2 11 3 1 2 1 3 3 2 1 1 2 2 1 3 1 805 4 4 3
2 0 0 0 3 3 2 1 1 4 3 4 2 3 9 13 7 1 1 3 3 2 2 3 1 1 1 845 2 2 3
3 1 1 1 0 3 4 6 3 5 6 7 3 6 9 13 5 3 2 2 3 2 1 3 1 885 0 3 2
1 3 4 4 2 3 5 2 3 9 9 13 0 1 2 3 2 3 1 3 8 0.18181818181818185 9 0.27272727272727276 10 0.54545454545454553 925 1 0 1
0 1 2 11 3 0 7 13 0 4 7 10 0 5 3 1 0 1 2 1 965 0 0 0
1 1 11 2 3 5 8 13 3 6 7 10 6 4 3 3 9 1 1 2 2 3 3 1 2 2 1 3 1 1005 3 4 2
13 6 8 1 10 7 12 2 8 1 1 4 1 2 5 4 9 2 1 1 2 3 3 2 2 3 1 3 1 1045 2 4 3
1 12 13 2 10 9 3 1 3 9 2 3 4 1 0 0 7 2 2 1 1 3 1 2 1 2 1 1085 3 3 1
1 0 0 0 2 4 8 1 5 5 6 0 13 3 3 2 11 2 1 3 2 1 1 3 3 2 2 1 1 3 1 859 4 4 3
3 3 2 3 0 1 6 1 0 5 5 0 13 9 5 3 9 2 1 2 2 3 1 2 3 1 1 3 1 899 3 4 2
0 0 0 2 0 0 0 3 3 4 6 3 3 13 10 6 7 1 3 2 3 1 3 1 1 2 1 939 3 1 3
3 3 3 1 9 7 3 0 1 7 8 13 1 3 10 4 7 2 2 3 1 2 3 3 1 2 1 979 1 3 3
0 3 1 3 3 3 2 5 0 0 6 11 1 4 8 13 4 2 2 2 1 1 1 1 1019 1 3 0
3 4 5 1 3 3 7 11 1 4 4 10 0 13 3 1 3 3 2 2 1 2 1 1059 0 2 1
4 3 0 0 3 3 0 3 8 7 3 1 13 12 4 0 0 1 2 1 1099 0 0 0
0 2 2 3 5 6 3 0 2 7 5 3 11 13 12 1 1 1 1 1 1 1139 1 0 0
2 3 2 3 1 5 2 3 1 1 4 2 0 3 13 3 10 1 1 2 3 3 2 3 1 2 3 1 1 1 814 3 3 4
0 1 3 4 1 4 7 7 0 2 3 13 0 3 1 2 6 3 1 1 2 2 2 1 3 1 854 2 3 1
0 5 3 0 4 3 9 0 4 3 13 2 0 1 3 0 4 2 1 1 2 1 3 1 894 2 2 0
3 3 2 3 0 0 3 7 3 4 7 9 0 2 3 13 1 1 1 1 1 934 1 0 0
3 0 8 5 2 0 7 8 2 1 6 9 1 4 4 13 10 2 2 2 3 3 1 1 1 1 3 1 2 1 974 4 3 3
2 3 4 5 1 2 5 11 1 2 7 8 1 0 6 13 11 1 2 3 3 2 3 2 1 2 3 1 1 1 1 1014 3 4 4
3 1 3 4 2 4 3 11 0 3 7 9 3 4 6 13 8 1 2 3 3 3 2 1 2 1 1 1 1054 2 3 3
4 4 7 0 5 6 10 1 5 6 11 9 2 8 13 2 6 3 1 3 2 2 1 1 1 1 1094 2 2 2
0 0 3 0 3 2 0 0 3 5 1 0 13 7 5 2 3 2 1 1 3 6 0.33333333333333331 7 0.33333333333333331 8 0.33333333333333331 967 2 1 0
1 5 6 0 9 6 3 0 13 8 5 0 9 3 0 3 3 2 1 2 1 3 1 1007 1 2 0
0 4 4 4 2 7 5 4 1 9 6 3 0 13 10 3 1 1 1 2 1 1047 1 0 0
3 5 2 3 1 7 6 3 2 3 3 13 0 0 2 1 3 1 3 1 1 2 1 841 2 0 1
0 2 11 13 1 3 7 8 0 3 4 6 3 2 1 3 2 2 3 1 1 1 881 0 1 1
3 4 11 13 3 4 7 9 0 2 5 2 1 1 0 0 11 3 1 2 1 3 3 1 2 1 2 2 1 3 1 921 4 4 3
2 4 11 13 4 5 8 9 1 3 6 10 4 3 2 1 8 1 3 1 1 2 3 2 3 1 2 1 961 3 2 3
1 13 12 4 2 6 3 4 5 8 1 3 3 2 0 0 7 2 1 3 1 2 2 1 1 3 1 1001 3 3 1
0 1 12 2 0 13 9 5 0 1 5 4 1 3 3 3 3 2 2 3 1 3 1 1041 0 2 1
2 4 12 13 0 8 7 9 0 5 7 10 0 1 1 3 1 2 1 3 1 1081 0 1 0
3 4 12 13 3 4 7 11 0 3 4 7 0 4 0 3 11 3 1 1 3 1 3 2 1 2 3 2 1 2 1 1121 4 3 4
0 3 0 0 2 3 4 0 1 6 3 2 0 13 4 3 6 1 2 2 1 3 1 1 3 1 945 3 2 1
2 2 1 5 0 0 3 7 0 0 6 9 0 0 3 13 6 2 1 1 2 3 3 1 1 1 985 2 2 2
0 3 3 4 1 1 5 8 1 3 7 9 0 0 2 13 3 3 2 3 1 2 1 1025 0 1 2
0 2 0 1 0 0 0 4 1 3 6 10 2 3 6 13 11 1 1 2 2 1 2 3 3 3 2 1 1 3 1 1065 4 4 3
0 3 3 8 1 3 6 0 2 2 4 8 2 3 13 10 8 1 2 3 3 1 1 1 3 1 2 1 1105 4 1 3
0 0 0 1 0 2 3 3 3 3 7 7 5 13 11 1 5 3 2 2 1 3 1 3 1 1145 1 2 2
9 4 4 1 8 5 3 0 7 6 4 0 3 13 11 2 3 2 1 3 1 3 1 1185 1 1 1
5 4 3 3 7 4 3 0 10 11 4 3 13 8 9 2 1 3 1 1 1 1225 0 0 1
2 1 3 1 7 3 0 3 2 6 13 6 5 4 2 7 6 1 1 3 2 3 1 1 2 1 694 3 1 2
1 9 5 0 10 13 5 4 2 2 6 0 1 1 3 3 4 1 2 3 2 1 3 1 734 1 2 1
1 3 13 2 0 4 8 9 1 10 4 6 0 3 3 3 0 1 2 1 774 0 0 0
3 10 13 3 1 3 9 4 1 4 4 9 0 3 1 2 8 1 2 3 1 2 2 3 3 1 2 1 814 2 3 3
3 11 13 3 4 6 5 5 3 6 7 1 0 0 2 0 5 3 2 2 3 1 1 1 1 854 1 2 2
10 11 13 2 7 6 7 10 4 1 6 8 3 3 1 4 4 2 1 2 2 1 1 1 894 1 3 0
0 0 3 1 2 3 5 4 3 4 13 3 0 7 3 3 10 3 2 1 3 2 1 3 2 1 1 1 2 1 866 4 3 3
0 2 3 0 0 8 3 0 2 6 3 3 9 13 4 1 9 1 2 2 2 1 1 1 3 3 1 3 1 906 4 3 2
1 4 2 0 5 5 4 0 8 13 3 3 10 2 1 1 7 3 2 1 2 1 3 3 1 2 1 946 2 2 3
9 8 5 2 13 11 3 0 4 0 2 1 0 0 3 3 5 2 2 1 1 1 1 3 1 986 3 2 0
9 8 7 4 13 11 6 4 2 3 5 3 1 0 2 3 1 3 1 1 1 1026 0 0 1
11 13 2 2 10 7 7 3 4 4 3 0 1 0 1 0 11 2 3 1 1 2 2 1 3 1 3 3 1 2 1 1066 4 3 4
0 12 13 2 0 7 8 1 1 2 6 3 5 3 1 3 8 3 2 3 3 3 2 1 1 1 2 1 1106 2 2 4
6 12 4 7 3 13 1 2 3 9 3 0 1 4 1 0 6 3 2 2 3 3 1 1 2 1 1146 1 2 3
1 5 4 0 1 4 4 0 3 6 4 2 2 13 3 0 5 1 2 3 3 1 1 2 1 787 2 1 2
2 4 1 3 0 2 2 7 3 4 4 8 0 0 1 13 2 1 2 1 1 1 827 1 1 0
4 4 4 3 0 1 7 6 0 2 1 9 0 2 0 13 1 2 1 1 1 867 0 1 0
1 2 1 4 2 4 4 8 0 1 7 9 0 1 4 13 9 3 2 2 1 2 2 1 3 3 1 3 1 907 2 4 3
0 4 2 4 1 0 1 10 0 5 6 8 1 5 13 10 8 2 3 1 2 3 2 2 1 1 3 1 947 2 4 2
1 4 2 0 9 11 1 1 13 5 5 2 5 1 0 6 6 3 2 3 2 2 3 1 1 1 987 0 3 3
1 3 4 4 13 9 6 4 11 8 4 3 0 0 0 3 2 3 2 1 3 1 1027 0 1 1
2 2 3 5 13 10 7 4 4 11 6 4 3 5 8 3 3 1 1 2 1 1 1 1067 2 1 0
0 3 1 0 0 2 1 0 5 1 5 4 9 4 13 2 8 1 3 1 2 2 3 3 2 1 3 1 745 2 3 3
0 3 3 0 3 8 3 0 9 13 3 2 0 5 3 1 4 1 2 3 1 1 2 1 785 2 1 1
2 1 0 0 4 4 5 2 10 7 3 0 2 13 8 0 3 3 1 3 1 1 1 825 1 0 2
6 5 4 2 10 11 1 0 1 13 1 0 3 3 3 2 2 2 3 1 3 1 865 0 1 1
3 4 3 2 6 6 7 3 1 10 11 0 1 13 6 0 10 1 3 1 2 3 3 1 2 2 2 1 3 1 905 3 4 3
0 0 2 1 4 7 13 4 8 12 7 9 3 4 2 3 9 1 3 2 1 3 2 2 3 1 1 1 1 945 3 3 3
12 8 13 5 1 5 7 10 2 3 6 2 1 2 3 0 7 1 2 1 3 1 3 3 1 2 1 985 3 1 3
0 3 4 11 1 0 13 12 2 4 4 8 0 0 1 5 6 3 2 3 2 3 3 1 1 1 1025 0 2 4
3 5 8 13 0 6 5 4 3 2 1 0 0 0 1 0 3 2 2 1 1 3 1 909 1 2 0
4 8 4 13 1 4 8 3 0 2 3 8 2 0 1 6 2 3 1 1 2 1 949 1 0 1
0 9 0 3 3 4 3 13 4 5 11 3 2 6 0 3 2 3 1 1 3 1 989 1 0 1
9 8 1 5 8 13 11 3 2 4 0 1 3 2 0 0 2 2 1 1 3 1 1029 1 1 0
0 2 1 0 2 5 4 1 12 8 4 3 13 3 6 3 1 2 1 1 1 1069 0 1 0
5 3 3 1 8 5 5 0 9 7 3 0 12 13 3 0 1 3 1 2 1 1109 0 0 1
3 0 0 2 4 3 2 0 10 7 3 1 12 13 7 5 10 3 2 1 3 2 1 3 1 2 1 1 3 1 1149 4 3 3
2 1 4 2 4 6 4 1 10 7 5 2 12 13 8 1 6 3 2 1 2 3 3 1 1 1 1189 1 2 3
0 1 0 0 2 5 2 13 0 1 5 1 0 0 4 4 5 3 2 1 2 2 1 1 1 697 1 3 1
0 0 13 3 1 3 6 8 0 0 3 6 2 1 3 4 2 3 2 1 3 1 737 0 1 1
3 4 0 0 2 3 3 1 1 2 5 13 3 4 6 9 11 2 2 3 1 2 3 3 1 3 2 1 1 1 1 777 3 4 4
0 0 3 4 1 4 3 3 0 5 5 13 2 8 9 3 7 1 2 1 3 1 3 2 1 2 1 817 3 2 2
2 3 6 5 1 11 13 5 0 0 0 4 0 0 1 1 6 3 3 2 1 2 2 1 3 1 857 1 3 2
11 0 2 0 13 5 2 3 8 5 3 0 3 5 3 0 3 3 1 3 1 1 1 897 1 0 2
11 5 1 0 13 2 2 0 9 4 3 0 4 0 3 1 11 3 2 3 1 2 1 3 2 3 2 1 1 1 1 937 3 4 4
11 10 3 1 13 8 2 3 9 3 1 0 3 0 1 0 8 2 3 1 1 3 2 2 2 1 3 1 977 2 4 2
2 9 3 2 1 4 13 5 9 7 3 1 0 4 4 1 3 3 2 3 1 3 1 746 0 1 2
10 13 6 2 10 8 6 3 3 2 1 5 0 0 3 3 0 1 1 1 786 0 0 0
11 13 9 4 10 7 6 3 3 7 4 1 0 2 0 4 1 2 1 1 1 826 0 1 0
0 1 2 2 4 13 3 0 2 4 12 1 1 3 4 0 9 2 3 3 1 3 1 2 3 1 1 2 1 866 3 2 4
0 3 3 4 0 0 5 6 0 2 5 13 3 9 7 12 6 3 1 2 2 1 3 1 1 1 906 2 2 2
3 3 4 3 0 1 2 9 1 3 9 13 2 1 4 12 4 3 2 1 2 1 3 1 946 1 2 1
0 1 0 0 0 2 4 1 3 1 10 13 2 8 12 3 1 3 1 2 1 986 0 0 1
0 8 7 2 3 1 8 13 2 12 11 1 3 5 2 1 3 2 3 1 1 3 1 1026 1 1 1
0 0 0 3 0 5 4 5 3 1 4 7 2 3 9 13 5 3 2 3 2 1 1 1 1 906 1 2 2
3 1 3 4 0 2 4 6 2 4 6 8 0 2 10 13 2 3 1 1 1 1 946 1 0 1
2 0 2 4 0 4 1 4 0 2 4 7 0 1 13 11 1 3 1 1 1 986 0 0 1
0 0 3 0 2 4 2 1 1 3 6 9 3 6 13 12 1 2 1 1 1 1026 0 1 0
0 1 2 2 4 3 3 8 1 6 10 12 1 5 13 3 0 1 2 1 1066 0 0 0
3 5 3 2 3 9 10 3 9 8 4 12 2 1 13 1 11 3 2 1 1 2 2 3 1 1 3 2 1 3 1 1106 4 4 3
2 3 3 3 2 5 6 12 11 8 7 2 3 13 4 5 8 1 2 1 1 3 3 3 3 1 1 1 1146 3 1 4
2 5 1 13 0 3 7 3 1 4 5 3 0 0 2 3 8 3 2 1 1 2 3 3 1 1 2 1 979 3 2 3
0 3 9 13 3 6 8 2 0 4 4 6 1 2 0 3 7 3 2 2 3 3 1 1 1 1 1 1019 2 2 3
0 9 7 0 1 9 13 2 3 5 9 3 2 4 6 3 5 1 3 2 2 1 1 1 1 1059 2 2 1
3 1 5 3 2 13 4 9 1 2 4 4 1 0 0 0 10 3 2 1 2 3 2 1 2 3 3 1 1 1 1006 2 4 4
4 2 1 1 8 8 3 0 13 10 2 0 4 0 3 0 8 3 1 2 1 3 2 1 2 1 3 1 1046 3 3 2
1 11 3 3 8 9 4 1 10 3 6 4 13 3 7 0 7 1 2 2 3 2 1 3 1 2 1 1086 2 3 2
3 1 3 0 12 3 4 2 13 7 4 1 9 3 3 0 4 2 3 1 2 1 3 1 1126 1 2 1
10 12 7 0 13 11 5 2 2 5 3 2 3 0 3 1 6 1 3 1 1 3 2 1 3 1 1166 3 1 2
10 12 8 5 13 11 6 5 0 1 6 5 3 2 3 0 4 3 2 2 1 1 1 1 1206 1 2 1
2 11 3 1 13 11 12 9 3 2 6 5 0 2 1 6 1 1 1 3 1 1246 1 0 0
3 1 4 1 2 13 4 0 6 4 4 2 2 1 4 0 7 2 3 3 3 2 1 1 1 3 1 832 2 2 3
13 5 1 3 10 6 2 0 8 3 1 0 1 0 0 2 4 1 2 3 3 1 2 1 872 1 1 2
10 13 3 0 9 7 4 2 6 6 6 2 1 3 2 0 2 1 1 1 3 1 912 2 0 0
10 13 4 3 9 8 5 3 7 6 4 4 4 4 3 0 10 3 2 1 3 2 2 3 1 2 1 1 1 1 952 3 4 3
3 4 11 13 3 10 6 7 0 4 3 3 0 1 0 4 7 2 1 2 3 3 3 2 1 1 1 992 1 3 3
3 7 11 13 3 4 8 4 3 3 4 10 0 3 4 9 4 1 2 2 1 1 3 1 1032 2 2 0
1 7 13 3 12 3 7 9 3 0 3 3 1 0 0 0 2 2 2 1 3 1 1072 0 2 0
3 3 6 0 9 5 4 0 8 7 2 5 13 4 2 1 6 1 1 1 3 2 2 1 3 1 926 3 2 1
1 0 0 0 5 3 2 1 10 7 6 3 2 8 13 3 4 3 1 2 2 1 1 1 966 1 2 1
3 1 4 4 3 6 5 5 3 11 7 6 2 9 13 3 3 2 3 3 1 1 1 1006 0 1 2
2 3 2 0 1 7 7 1 4 11 10 8 3 2 13 5 1 1 1 3 1 1046 1 0 0
6 7 4 7 11 9 5 1 2 10 4 3 3 13 4 3 11 2 1 2 1 3 3 2 2 1 1 3 1 3 1 1086 4 4 3
0 2 3 13 1 6 4 3 2 7 2 1 1 3 4 0 4 1 3 3 2 1 3 1 1089 1 1 2
0 0 3 2 0 6 9 13 5 5 7 4 3 3 6 4 3 3 2 1 1 1 1 1129 1 1 1
10 13 3 0 4 6 0 1 1 3 6 7 3 2 3 2 2 3 2 1 1 1 1169 0 1 1
10 3 13 6 2 9 3 2 3 9 4 1 1 3 0 0 1 3 1 3 1 1209 0 0 1
1 1 6 9 9 11 9 13 2 3 4 4 0 3 5 3 2 2 1 1 2 1 1249 1 1 0
0 3 2 4 1 3 8 9 3 4 10 13 0 4 11 6 11 1 1 1 3 2 3 3 2 2 2 3 1 1 1 1289 3 4 4
2 3 1 1 1 2 10 1 0 3 10 13 0 3 11 6 8 2 2 2 1 1 3 2 3 1 3 1 1329 2 4 2
1 0 0 0 5 2 3 1 3 5 6 12 3 5 7 13 4 2 3 3 2 1 1 1 1369 0 2 2
4 13 4 3 2 4 3 0 3 6 3 0 1 3 2 0 1 3 1 1 1 913 0 0 1
1 3 13 1 10 8 6 3 3 7 5 3 2 3 4 3 0 1 2 1 953 0 0 0
0 10 13 4 1 9 5 2 2 4 5 7 3 2 0 3 8 1 3 1 3 2 1 3 1 1 2 1 993 4 1 3
10 13 0 3 9 8 3 0 7 5 4 1 3 3 2 2 4 1 2 2 1 1 1 1 1033 2 2 0
3 11 10 3 1 6 13 2 5 5 3 1 7 1 1 0 3 2 3 2 1 2 1 1073 0 2 1
6 11 10 13 4 8 6 3 2 6 4 1 1 2 3 0 11 2 3 3 1 1 2 1 1 3 2 2 1 3 1 1113 4 4 3
6 3 3 1 1 11 10 13 2 9 6 4 11 5 3 0 10 1 3 2 3 3 1 3 1 2 2 1 2 1 1153 3 3 4
13 4 0 0 9 4 3 2 1 5 4 0 0 2 0 2 1 1 1 1 1 963 1 0 0
3 0 3 2 7 4 1 0 3 7 0 0 13 9 7 2 10 3 3 1 1 2 1 2 1 2 3 1 3 1 1003 4 3 3
3 2 2 1 0 3 4 6 3 4 13 7 0 2 10 1 9 1 2 1 3 2 3 3 2 1 1 1 1 1043 3 3 3
4 6 7 13 3 3 10 9 0 3 7 1 0 2 2 0 8 2 1 2 3 1 1 3 2 1 1 1 1083 3 3 2
3 13 2 3 2 8 9 3 1 4 7 4 11 5 6 5 5 2 2 1 1 1 1 3 1 1123 3 2 0
5 6 2 0 11 6 13 8 3 10 5 1 6 2 0 2 3 3 3 1 1 1 1 1163 1 0 2
1 7 13 0 5 4 3 0 2 5 3 0 0 3 1 3 6 1 3 2 1 2 2 1 3 1 939 2 3 1
3 5 13 9 4 5 6 3 0 3 1 3 1 2 2 3 5 3 3 2 3 3 1 1 1 979 0 1 4
2 13 9 4 8 6 0 0 5 4 2 0 1 4 2 1 1 1 1 3 1 1019 1 0 0
0 3 0 3 0 13 2 1 0 10 4 3 2 5 5 3 9 2 1 3 3 2 1 3 1 1 1 2 1 1059 4 2 3
13 3 6 4 10 7 6 3 2 4 5 2 0 0 4 3 6 2 1 1 1 2 3 1 1 1 1099 3 2 1
2 0 4 0 4 4 3 0 3 1 5 4 13 6 3 3 0 1 3 1 844 0 0 0
4 2 4 0 5 0 0 0 8 6 1 4 13 8 0 1 9 2 2 2 3 3 1 1 3 1 1 2 1 884 3 3 3
3 2 0 1 8 4 0 0 10 5 3 1 13 4 3 3 6 2 1 3 2 3 1 1 2 1 924 2 2 2
4 2 1 1 3 4 3 0 9 4 7 0 10 13 4 3 5 2 2 2 1 1 1 3 1 964 2 3 0
3 0 3 0 4 1 2 3 1 4 6 5 11 9 13 3 3 2 2 1 1 3 1 1004 1 2 0
0 2 1 2 1 6 4 3 11 8 5 3 10 9 13 6 2 1 2 1 3 1 1044 1 1 0
0 3 0 1 13 4 3 3 3 1 4 0 4 3 2 4 5 2 3 1 2 2 1 1 1 824 1 3 1
0 0 1 2 2 4 3 3 8 7 4 4 9 13 5 4 5 2 1 3 3 1 1 3 1 864 2 1 2
3 3 2 1 5 1 3 0 10 6 6 2 8 13 0 3 2 1 2 1 3 1 904 1 1 0
3 7 0 0 11 8 4 2 2 13 1 1 2 1 0 3 1 1 1 2 1 944 1 0 0
0 9 0 9 5 13 8 5 4 11 6 5 4 2 1 3 2 2 1 1 3 1 984 1 1 0
4 5 4 2 3 6 4 3 3 3 13 3 0 0 0 1 9 1 3 2 2 1 1 2 3 1 1 2 1 825 4 3 2
0 3 0 0 0 0 4 4 1 2 4 6 4 13 6 8 6 2 1 3 1 1 2 1 2 1 865 3 2 1
0 3 6 1 2 3 5 10 1 3 5 9 1 3 3 13 4 2 1 3 2 1 2 1 905 1 2 1
3 5 4 4 2 3 5 10 1 7 8 9 2 0 3 13 1 3 1 1 1 945 0 0 1
3 3 4 4 0 0 3 5 2 8 7 11 0 0 7 13 0 1 1 1 985 0 0 0
4 4 1 2 4 1 4 3 3 6 7 11 2 13 10 8 11 1 3 3 3 2 2 1 2 1 2 1 1 3 1 1025 4 4 3
3 4 2 4 0 3 8 11 4 2 13 9 1 0 7 10 0 1 1 1 1065 0 0 0
1 3 0 0 4 4 2 0 1 13 3 4 4 3 5 1 4 2 2 1 3 1 2 1 836 1 2 1
0 0 0 1 5 2 3 3 13 6 4 2 11 7 6 5 3 1 2 3 1 1 1 876 1 1 1
0 2 0 2 1 3 3 1 13 7 5 5 11 8 6 5 11 2 1 1 3 1 2 2 2 1 3 3 1 3 1 916 4 4 3
5 0 2 0 6 5 3 0 13 7 6 3 11 9 4 4 10 1 1 3 2 2 3 3 3 1 2 1 1 1 956 3 3 4
1 3 3 2 0 0 6 1 13 8 6 3 11 9 7 6 7 1 3 2 3 2 3 2 1 1 1 996 1 3 3
2 2 1 1 6 7 4 0 13 6 1 2 11 10 3 1 3 3 2 3 1 3 1 1036 0 1 2
5 3 3 6 7 6 3 0 13 8 1 0 1 12 2 0 1 3 1 2 1 1076 0 0 1
7 12 1 0 9 5 2 0 13 5 2 1 4 3 6 3 0 3 4 0.54545454545454553 5 0.27272727272727276 6 0.18181818181818185 1116 0 0 0
3 2 0 0 0 2 0 6 2 7 6 3 1 1 3 13 9 2 1 3 2 3 1 2 1 3 1 1 1 930 3 3 3
0 2 3 4 1 2 0 7 0 4 7 13 0 0 8 1 6 2 3 1 2 1 3 1 3 1 970 2 2 2
8 6 5 1 7 4 2 0 9 4 0 0 13 0 2 0 3 1 2 1 1 3 1 1010 2 1 0
2 4 3 3 1 6 4 0 10 5 4 1 13 6 4 2 1 3 1 3 1 1050 0 0 1
1 2 4 4 11 8 5 0 13 7 5 0 0 2 0 1 11 1 3 1 3 2 1 3 2 2 3 2 1 1 1 1090 3 4 4
1 1 6 4 4 9 2 0 11 11 4 0 13 2 6 1 10 2 2 2 1 1 1 3 3 3 2 1 3 1 1130 3 4 3
11 4 13 2 12 6 1 3 3 0 3 5 0 3 5 0 10 3 3 2 2 1 2 1 1 1 3 1 2 1 1170 4 3 3
4 5 0 3 12 8 4 2 3 11 6 1 6 2 13 1 8 2 1 1 3 2 1 2 3 1 3 1 1210 3 3 2
0 0 0 2 3 1 1 3 2 5 8 9 3 4 7 13 3 1 3 3 1 2 1 924 1 0 2
3 0 0 2 3 6 6 10 4 4 4 13 0 2 0 1 0 1 1 1 964 0 0 0
0 1 0 2 0 0 3 4 2 3 6 8 4 5 13 10 8 3 1 3 3 1 2 1 2 1 3 1 1004 3 2 3
0 3 1 3 2 3 3 5 0 1 4 9 0 5 13 10 4 2 2 1 2 1 1 1 1044 1 3 0
1 3 4 5 2 0 6 6 0 2 7 9 0 1 13 10 0 1 3 1 1084 0 0 0
3 2 1 0 4 2 3 3 1 4 10 0 4 5 13 10 10 1 2 1 3 3 3 2 2 1 2 1 1 1 1124 3 4 3
3 3 8 11 5 7 7 13 2 3 1 2 3 0 1 0 8 2 2 3 1 3 3 2 1 1 1 1 1164 2 3 3
2 0 0 1 0 8 9 11 6 6 7 13 3 3 3 2 5 3 1 1 2 1 1 2 1 1204 3 1 1
13 2 2 1 7 1 3 1 2 5 4 0 3 0 2 0 8 3 2 1 3 2 3 1 1 1 3 1 945 3 2 3
2 5 0 3 13 6 5 2 0 8 5 1 0 4 4 1 6 3 3 1 2 2 3 1 1 1 985 1 2 3
3 1 0 13 4 2 6 10 0 2 5 5 0 3 3 4 4 3 1 3 2 1 1 1 1025 1 1 2
2 5 8 13 2 5 6 10 0 1 2 1 0 0 3 0 0 1 1 1 1065 0 0 0
2 6 8 13 2 6 7 10 1 4 5 6 1 4 5 3 10 2 3 2 1 2 2 1 3 1 1 1 3 1 1105 4 4 2
6 7 9 13 4 5 7 10 3 3 6 0 3 1 0 3 8 3 3 2 2 2 1 2 1 1 1 1 1145 2 4 2
3 0 7 13 0 4 4 11 3 0 5 2 0 1 3 3 5 2 2 1 1 2 1 1 1 1185 2 3 0
5 8 13 11 0 4 7 2 2 4 3 1 1 1 3 3 2 3 2 1 3 1 1225 0 1 1
2 3 13 2 0 5 5 3 8 3 4 5 0 5 0 2 5 3 1 1 1 1 1 2 1 993 4 0 1
0 3 0 3 4 13 3 0 6 4 0 3 9 2 1 0 1 1 1 2 1 1033 1 0 0
3 10 8 13 3 6 4 3 0 4 3 0 3 1 0 0 0 1 2 1 1073 0 0 0
10 4 3 3 3 10 5 2 1 13 4 4 1 2 2 1 0 3 5 0.42857142857142855 6 0.2857142857142857 7 0.2857142857142857 1113 0 0 0
3 0 0 0 3 7 3 2 8 6 11 3 13 5 0 0 10 3 1 2 1 3 1 1 3 2 3 1 2 1 1153 4 2 4
1 4 1 3 3 2 4 0 9 8 4 11 13 1 2 0 7 1 2 3 1 2 3 2 1 3 1 1193 2 3 2
2 2 1 0 6 3 0 3 9 8 7 3 13 3 11 6 3 3 1 2 1 1 1 1233 1 1 1
10 11 3 0 13 6 3 0 7 4 1 0 4 2 0 3 11 1 2 3 2 3 1 3 3 1 2 2 1 1 1 1273 3 4 4
0 2 3 4 2 0 6 9 4 7 3 8 0 3 4 13 8 3 1 1 3 1 2 3 2 1 1 1 945 3 2 3
0 6 0 3 0 0 8 1 3 5 7 10 1 5 13 3 6 2 2 2 3 1 1 1 2 1 985 2 3 1
0 3 10 13 2 2 7 10 1 3 6 5 2 3 0 5 4 1 3 2 1 1 1 1 1025 2 1 1
2 3 13 3 3 7 7 11 0 10 8 7 1 0 7 1 4 3 3 1 2 1 2 1 1065 1 1 2
1 6 13 3 2 10 9 11 4 3 7 8 5 3 2 1 1 2 1 1 1 1105 0 1 0
0 6 13 1 3 1 6 5 0 4 3 2 0 3 0 0 4 3 1 2 3 1 2 1 835 1 1 2
9 13 3 0 3 4 6 4 3 2 3 5 1 3 2 3 2 3 3 1 1 1 875 0 0 2
10 13 4 3 8 7 1 3 6 3 0 1 3 1 2 0 2 2 2 1 3 1 915 0 2 0
11 13 7 4 3 6 4 3 0 3 1 1 3 2 0 0 0 1 2 1 955 0 0 0
11 9 3 1 13 7 4 0 3 6 5 2 3 4 3 2 0 1 1 1 995 0 0 0
11 10 2 4 13 3 5 3 4 2 3 2 2 1 1 1 10 2 1 3 1 3 1 2 3 3 2 1 1 1 1035 3 3 4
11 5 4 3 13 6 1 0 7 10 2 0 6 3 2 0 6 3 1 2 2 1 3 1 1 1 1075 2 2 2
1 11 6 1 13 10 3 4 3 9 3 2 1 1 4 0 5 3 2 3 3 2 1 2 1 1115 0 2 3
0 0 3 2 0 3 5 0 3 8 3 1 1 13 4 3 4 2 1 3 3 1 2 1 834 1 1 2
0 0 8 2 0 13 7 1 4 5 6 2 3 3 4 5 0 1 1 1 874 0 0 0
10 9 2 0 13 7 1 2 6 4 3 0 4 3 3 0 10 1 1 3 2 3 3 1 2 1 3 1 2 1 914 4 2 4
10 9 5 4 13 8 6 4 1 3 6 2 2 0 0 1 6 3 2 3 2 1 1 1 3 1 954 2 2 2
12 4 1 1 13 4 0 0 6 5 3 2 5 3 0 0 5 3 3 2 2 3 1 1 1 994 0 2 3
1 0 0 2 4 2 3 0 13 12 4 3 3 9 8 2 4 1 1 3 2 1 1 1 1034 2 1 1
1 1 4 4 3 13 5 4 5 12 7 4 10 9 8 2 1 3 1 2 1 1074 0 0 1
0 2 0 1 4 2 2 0 2 5 5 3 13 1 1 3 0 1 1 1 961 0 0 0
0 3 3 1 1 4 5 5 0 3 7 6 4 3 13 2 8 3 1 3 3 2 3 2 1 1 2 1 1001 2 2 4
3 3 2 1 4 5 7 0 2 6 8 4 13 2 3 0 4 3 2 1 1 1 1 1 1041 2 1 1
2 4 3 3 5 7 3 0 8 3 10 3 13 3 0 0 5 1 2 2 1 1 1 3 1 1081 3 2 0
0 3 0 1 0 4 3 0 1 6 8 11 13 5 7 5 4 2 1 3 2 1 2 1 1121 1 2 1
1 4 4 4 0 13 6 3 0 2 8 11 0 1 10 2 3 3 3 2 1 1 1 1161 0 1 2
3 2 3 1 0 1 6 3 3 13 6 9 5 11 10 4 0 1 2 1 1201 0 0 0
3 3 5 3 13 7 5 3 6 8 9 2 11 10 3 1 9 1 2 3 1 1 3 1 2 2 1 2 1 1241 4 3 2
0 2 3 3 5 6 3 1 0 5 3 13 1 2 5 3 6 3 1 1 2 2 3 1 3 1 943 2 2 2
1 3 1 3 0 2 8 13 0 0 6 6 0 0 3 4 2 2 1 1 2 1 983 1 1 0
3 4 9 13 1 4 2 6 0 1 0 2 2 0 0 3 10 3 2 2 3 3 1 2 1 1 3 1 1 1 1023 3 3 4
3 2 0 9 0 3 9 4 2 3 4 13 0 3 3 3 7 2 3 1 1 2 1 3 1 1 1 1063 3 2 2
2 2 3 0 7 11 2 0 13 5 5 0 3 6 1 1 5 2 1 3 3 1 3 4 0.54545454545454553 5 0.27272727272727276 6 0.18181818181818185 1103 2 1 2
2 3 3 11 1 13 7 8 0 5 5 6 5 0 3 4 2 3 2 1 1 1 1143 0 1 1
13 5 5 1 10 6 7 11 8 5 5 1 2 4 3 3 3 3 1 2 1 2 1 1183 1 1 1
12 13 0 1 9 5 4 3 3 7 7 0 1 2 3 0 1 3 1 2 1 1223 0 0 1
3 3 2 0 3 4 5 3 13 3 4 1 3 2 8 9 3 1 3 1 1 2 1 928 2 0 1
0 2 3 5 7 1 6 3 10 6 3 1 13 4 3 2 2 1 2 1 3 1 968 1 1 0
3 3 1 2 10 8 8 2 1 13 1 3 0 2 0 3 10 2 1 3 1 3 2 2 3 1 2 1 1 1 1008 3 4 3
0 0 1 1 1 3 6 3 11 8 7 3 4 9 13 3 8 2 3 2 3 3 1 2 3 1 2 1 1048 1 3 4
2 0 0 3 0 3 3 11 3 8 6 6 4 13 10 5 5 2 1 2 1 3 1 1 1 1088 2 2 1
2 3 0 5 0 3 5 11 3 5 7 9 3 13 10 5 2 1 2 1 1 1 1128 1 1 0
0 0 1 3 1 2 2 5 7 5 5 3 9 13 12 5 2 1 2 1 3 1 1168 1 1 0
0 2 1 3 3 6 2 0 3 5 4 3 13 11 12 3 1 1 1 3 1 1208 1 0 0
0 0 2 1 2 4 7 2 0 1 4 2 3 4 5 13 2 1 3 1 1 1 919 1 0 1
1 0 2 0 7 4 1 3 8 1 2 0 13 5 4 2 11 1 1 2 1 3 1 3 3 2 3 2 1 2 1 959 4 3 4
10 2 0 0 9 4 3 0 13 5 5 2 3 6 1 0 8 1 3 3 1 2 3 3 1 1 2 1 999 3 1 4
10 3 3 1 9 7 4 3 13 8 6 3 2 4 4 1 6 1 2 2 2 3 1 1 3 1 1039 2 3 1
2 7 3 5 11 6 5 3 13 1 5 2 0 0 2 0 4 1 1 3 3 1 3 1 1079 2 0 2
0 0 3 0 1 4 2 1 3 11 6 4 13 8 7 5 0 1 2 1 1119 0 0 0
3 13 1 0 11 9 6 4 1 7 4 0 3 2 3 3 9 3 2 3 2 1 2 2 1 3 1 1 1 1159 2 4 3
0 3 9 3 11 8 7 6 1 2 3 6 0 4 13 3 7 3 1 2 1 1 2 3 1 2 1 1199 3 2 2
0 2 4 3 5 7 6 1 6 4 7 5 4 13 3 2 9 3 1 2 1 3 2 2 1 3 1 1 1 703 3 3 3
8 7 1 0 4 6 9 0 13 4 2 8 0 0 0 3 11 2 2 2 3 3 1 1 1 1 3 3 1 2 1 898 4 3 4
1 3 2 0 4 8 5 4 6 7 6 11 4 13 4 1 10 1 1 3 2 1 2 3 3 2 3 1 2 1 938 3 3 4
4 13 6 1 7 6 1 3 5 0 2 0 0 0 2 0 4 1 2 1 3 1 2 1 831 2 1 1
10 4 4 0 13 6 3 0 9 4 3 1 3 0 3 0 3 2 2 1 3 7 0.2857142857142857 8 0.2857142857142857 9 0.42857142857142855 871 1 2 0
11 10 0 1 13 8 6 3 3 6 4 0 2 2 1 0 2 1 2 1 3 1 911 1 1 0
3 11 5 2 11 5 4 3 13 3 0 3 10 0 3 0 0 1 1 1 951 0 0 0
5 3 0 0 12 6 3 3 13 6 7 2 11 8 1 0 11 3 1 2 3 2 2 1 2 1 3 1 1 3 1 991 4 4 3
2 1 3 2 12 7 5 1 13 8 5 4 11 9 5 1 8 2 1 2 3 2 3 3 3 1 1 1 1031 1 3 4
5 6 3 3 12 6 9 3 13 7 5 4 11 10 4 10 10 2 1 1 1 3 2 3 1 2 3 1 2 1 1071 4 3 3
4 3 3 0 0 3 13 5 3 4 1 4 0 3 2 3 10 3 3 1 2 1 2 2 2 1 3 1 1 1 879 3 4 3
0 3 9 5 1 1 13 3 3 0 4 3 0 2 2 0 8 1 1 2 2 3 3 2 3 1 1 1 919 2 3 3
0 0 1 2 13 9 4 3 0 8 4 2 2 3 3 1 6 1 3 3 1 3 2 3 6 0.33333333333333331 7 0.33333333333333331 8 0.33333333333333331 959 2 1 3
13 9 10 2 8 7 6 1 3 7 3 0 3 3 3 1 4 2 2 3 3 1 1 1 999 0 2 2
13 11 6 4 7 7 5 1 3 3 4 2 0 0 0 3 2 1 3 1 2 1 1039 1 0 1
13 11 2 0 9 8 1 0 7 5 2 0 5 4 2 1 1 1 1 3 1 1079 1 0 0
0 11 1 0 5 13 10 6 0 5 5 3 0 2 1 3 9 1 1 3 2 2 2 3 2 3 1 1 1 1119 2 4 3
4 1 2 1 13 3 2 3 6 6 11 4 0 8 10 3 6 3 2 3 3 1 1 1 2 1 1159 2 1 3
3 3 13 3 1 6 5 2 0 1 0 2 0 1 1 0 8 1 2 1 3 3 2 3 2 1 2 1 800 2 3 3
13 8 7 4 3 3 6 3 0 0 5 3 0 0 3 2 6 2 1 3 3 1 2 1 1 1 840 2 2 2
1 10 1 0 13 7 2 3 5 6 2 2 0 5 3 0 4 2 3 1 3 1 1 1 880 1 1 2
0 2 1 3 3 4 4 2 0 7 5 4 13 10 8 4 0 1 1 1 920 0 0 0
3 1 2 4 6 4 4 3 13 6 2 1 11 9 0 3 10 1 3 1 2 1 2 1 3 2 2 1 3 1 960 4 4 2
3 0 0 0 1 6 0 3 13 9 4 0 11 9 4 3 9 1 2 2 3 1 3 2 1 3 1 2 1 1000 3 3 3
0 0 4 2 1 3 3 1 13 8 4 3 11 10 7 3 8 2 3 1 2 3 3 1 2 1 3 1 1040 2 3 3
5 9 6 4 13 10 5 3 3 11 3 3 1 3 2 0 5 1 2 3 3 1 1 2 1 1080 2 1 2
3 0 1 5 0 3 4 1 4 13 6 9 3 2 2 3 9 2 3 1 3 2 2 1 1 2 1 1 1 1004 3 4 2
1 1 9 13 0 4 8 3 1 1 0 6 0 3 6 3 6 2 3 3 3 2 2 1 2 1 1044 0 3 3
2 1 9 10 2 3 4 13 3 2 5 4 3 0 3 5 3 2 1 1 1 1 1 1084 2 1 0
5 6 9 10 3 5 7 13 3 4 5 3 3 3 1 2 11 2 3 1 3 1 3 3 2 2 1 1 1 2 1 1124 4 3 4
4 8 9 10 3 5 9 13 3 4 3 0 2 3 1 3 9 2 1 2 1 3 2 2 1 3 1 1 1 1164 3 4 2
3 3 13 2 5 11 2 3 0 6 11 1 3 3 5 1 10 2 1 3 2 1 3 1 3 2 1 1 2 1 1204 4 3 3
0 3 12 1 0 1 8 9 1 3 7 13 0 2 4 4 8 3 2 3 1 2 1 2 2 1 3 1 1244 2 4 2
0 1 2 3 4 3 3 11 1 2 4 13 1 2 12 6 5 1 3 1 2 2 1 3 1 1284 2 2 1
1 0 1 3 2 3 1 0 2 2 6 0 13 3 9 0 3 2 2 1 1 1 1 966 1 2 0
2 13 9 3 8 5 3 0 4 4 1 0 4 3 3 2 0 1 1 1 1006 0 0 0
3 13 10 4 5 6 4 3 0 5 5 3 1 1 2 0 10 3 2 2 3 1 1 2 3 3 2 1 1 1 1046 2 4 4
0 4 13 10 0 3 6 8 2 0 5 6 0 3 0 4 7 2 1 3 1 2 1 3 1 3 1 1086 3 2 2
4 5 13 11 0 4 6 10 0 3 3 3 3 0 0 2 5 3 2 1 2 1 1 1 1 1126 2 2 1
5 6 13 11 9 5 7 10 6 4 2 0 1 4 1 2 2 3 2 1 1 1 1166 0 1 1
1 0 13 0 5 8 7 11 9 6 6 10 2 1 3 4 10 1 2 2 3 3 2 1 3 2 1 1 3 1 1206 3 4 3
3 3 4 9 2 5 7 13 1 0 3 12 0 1 0 6 7 3 1 3 2 2 3 1 1 2 1 1246 2 2 3
5 3 3 3 1 4 5 13 3 3 3 0 0 0 2 1 5 1 2 2 3 3 1 3 1 1037 1 2 2
2 6 9 3 2 4 8 13 2 1 1 3 3 2 0 0 3 1 2 1 1 1 1 1077 2 1 0
3 9 9 10 1 5 4 0 4 3 13 3 0 2 1 0 1 2 1 3 1 1117 0 1 0
3 1 0 2 0 4 6 9 2 3 6 11 1 3 7 13 10 1 2 2 1 1 2 1 3 3 2 1 3 1 1157 4 4 2
5 5 1 2 1 6 7 9 2 2 8 11 3 0 10 13 9 2 2 1 3 1 1 3 1 2 1 3 1 1197 4 3 2
3 0 3 4 0 5 4 5 1 4 7 12 2 0 13 1 6 1 1 3 2 3 2 1 2 1 1237 2 2 2
3 2 4 9 1 5 5 8 1 1 6 12 2 5 13 5 5 3 3 3 2 1 1 2 1 1277 1 1 3
5 0 4 10 3 7 6 12 0 13 3 6 3 2 1 4 3 1 2 1 1 2 1 1317 2 1 0
0 0 7 2 2 1 13 3 6 5 8 2 0 1 2 3 9 3 2 3 2 1 3 1 1 1 1 3 1 798 4 2 3
13 9 8 2 10 5 1 0 6 3 1 0 4 0 2 2 8 3 3 1 3 1 2 3 1 1 2 1 838 3 1 4
3 2 0 0 10 0 0 0 13 10 6 1 4 3 4 4 6 1 3 3 1 2 2 1 3 1 878 2 2 2
5 2 2 0 11 4 3 2 13 7 3 1 10 7 3 3 4 1 1 3 3 1 3 1 918 2 0 2
3 1 2 0 11 5 3 1 13 7 4 0 10 9 7 5 3 3 2 2 1 1 1 958 0 2 1
3 4 3 2 0 1 1 13 3 1 7 3 2 8 3 5 0 1 2 1 839 0 0 0
0 4 0 3 2 5 2 1 5 6 7 13 3 8 9 1 11 3 2 1 1 3 1 3 2 2 2 3 1 1 1 879 3 4 4
2 0 3 13 0 3 8 3 1 6 6 10 2 2 3 3 10 3 1 3 3 3 1 2 1 1 2 3 4 0.54545454545454553 5 0.27272727272727276 6 0.18181818181818185 919 4 2 4
1 0 0 0 3 6 3 2 3 3 4 4 13 4 9 10 6 2 3 3 3 1 2 1 1 1 959 1 2 3
0 2 0 0 4 3 3 3 8 6 3 0 13 3 9 10 3 1 2 3 1 1 1 999 1 1 1
0 0 0 3 0 4 0 3 7 8 4 1 13 4 11 2 1 1 1 2 1 1039 1 0 0
0 6 3 3 9 11 3 2 0 13 4 1 1 5 1 2 10 3 1 1 2 2 3 3 2 2 1 3 4 0.54545454545454553 5 0.27272727272727276 6 0.18181818181818185 1079 3 4 3
5 1 2 5 9 7 4 4 11 8 3 2 3 13 0 1 8 3 1 2 3 1 1 2 2 1 3 1 1119 3 3 2
13 7 4 0 7 6 6 0 4 3 3 0 4 0 0 1 8 3 2 1 3 1 2 2 1 1 2 1 818 3 3 2
13 9 6 6 1 2 3 3 1 3 2 0 0 0 0 1 5 3 3 2 3 2 1 1 1 858 0 2 3
13 9 10 5 3 5 8 4 3 1 4 1 0 2 2 0 2 3 1 1 2 1 898 1 0 1
11 10 1 3 13 5 5 1 9 4 4 0 4 3 0 0 1 2 1 2 1 938 0 1 0
1 13 11 8 3 0 11 3 5 2 3 3 0 3 0 0 11 3 1 1 2 2 3 1 2 1 3 3 1 2 1 978 4 3 4
7 13 12 10 7 0 3 0 3 1 3 0 0 3 0 2 0 1 3 1 1018 0 0 0
8 13 12 10 1 7 5 4 3 2 6 4 1 0 0 3 9 2 1 3 1 3 1 2 2 3 1 2 1 1058 3 3 3
0 4 4 6 1 3 9 10 3 1 13 12 0 2 7 11 8 3 3 3 3 1 2 2 1 1 2 1 1098 2 2 4
5 1 3 3 8 1 5 2 13 5 3 3 0 0 2 1 4 3 2 2 1 1 3 1 877 1 2 1
1 1 1 0 3 7 4 2 7 8 7 3 3 13 5 4 1 2 1 2 1 917 0 1 0
1 3 0 3 9 3 4 5 4 9 6 3 2 13 9 3 11 1 1 1 2 3 1 3 2 3 3 2 1 2 1 957 4 3 4
0 3 3 1 2 6 3 4 1 10 8 9 0 3 13 3 7 1 2 3 3 2 1 2 1 3 1 997 2 3 2
9 2 3 0 3 3 1 0 3 10 10 2 1 5 13 3 4 2 1 2 3 1 1 1 1037 1 2 1
3 9 8 2 1 3 8 3 4 3 13 11 0 2 3 0 2 1 1 1 2 1 1077 2 0 0
0 0 2 0 0 3 13 1 0 10 11 4 8 6 5 4 11 3 3 1 2 1 1 2 2 3 3 2 1 1 1 1117 3 4 4
0 13 12 2 4 9 3 0 3 4 5 0 3 1 2 2 9 1 3 2 1 2 3 3 1 1 1 3 1 1157 4 2 3
1 3 3 3 4 13 3 3 3 3 5 1 2 3 0 0 5 3 2 3 1 2 1 3 1 885 1 2 2
1 2 0 0 4 6 0 0 9 6 3 1 13 3 4 3 4 3 1 3 2 1 2 1 925 1 1 2
6 5 4 3 8 4 0 0 9 4 0 0 13 1 0 0 0 1 2 1 965 0 0 0
5 1 0 0 3 2 2 1 3 4 3 0 4 10 13 5 9 2 2 2 3 1 3 3 1 3 1 1 1 1005 2 3 4
5 9 0 0 3 13 10 4 3 2 3 1 0 0 0 1 7 2 3 2 1 3 2 1 1 3 1 1045 2 3 2
4 10 3 1 13 7 9 3 8 6 3 2 5 4 2 1 4 1 1 2 2 1 3 1 1085 2 2 0
10 11 1 2 13 7 4 0 7 4 2 1 3 1 3 0 3 3 2 3 1 3 1 1125 0 1 2
2 9 3 1 13 7 10 11 8 6 5 3 2 2 5 1 1 1 1 3 1 1165 1 0 0
5 2 3 1 4 13 1 2 3 3 5 0 1 5 1 0 4 3 3 2 3 1 2 1 832 0 1 3
0 0 0 1 4 0 0 0 3 3 13 0 3 6 9 4 3 3 3 2 3 4 0.54545454545454553 5 0.27272727272727276 6 0.18181818181818185 872 0 1 2
0 1 4 0 3 6 3 3 1 13 10 6 0 3 0 3 2 3 2 1 2 1 912 0 1 1
0 0 3 0 1 0 3 3 0 2 6 8 4 6 13 10 0 3 4 0.54545454545454553 5 0.27272727272727276 6 0.18181818181818185 952 0 0 0
1 1 2 0 4 2 2 1 4 5 7 9 6 7 13 10 9 1 1 3 2 2 2 1 3 3 1 3 1 992 3 3 3
0 13 11 3 0 3 5 2 6 4 3 3 2 1 2 3 6 3 1 2 1 1 3 1 3 1 1032 3 1 2
13 11 2 0 8 6 2 0 6 5 3 0 5 5 3 2 3 1 3 1 1 1 1 1072 2 0 1
11 3 4 3 13 9 4 0 3 7 3 0 1 4 3 0 0 1 2 1 1112 0 0 0
3 1 3 13 1 8 4 2 1 6 3 4 0 4 2 2 2 2 1 1 3 1 905 1 1 0
0 3 1 3 4 1 1 8 3 2 5 13 0 3 5 2 8 1 1 2 2 1 3 2 2 1 3 1 814 3 4 1
1 1 3 2 2 2 5 6 0 4 7 8 0 3 6 13 4 3 1 1 3 1 2 1 854 2 0 2
0 3 4 4 3 3 4 8 0 4 7 9 0 1 1 13 2 2 3 1 2 1 894 0 1 1
1 3 1 3 3 2 8 1 2 0 6 6 0 2 13 10 11 1 2 1 3 3 1 2 3 2 2 1 1 3 1 934 4 4 3
3 3 0 0 4 2 1 3 9 3 3 3 7 13 10 3 9 2 1 1 2 2 3 2 1 1 1 3 1 974 4 4 1
0 3 0 2 3 6 4 1 4 8 4 1 11 13 6 3 7 2 3 3 2 1 3 1 1 2 1 1014 2 2 3
13 11 6 5 4 10 1 4 3 4 1 0 0 3 0 0 4 2 2 3 2 1 1 1 1054 0 3 1
3 11 2 2 13 1 6 6 10 6 7 3 1 3 10 3 2 1 3 1 2 1 1094 1 0 1
0 1 2 0 0 3 3 1 2 4 4 5 1 7 4 13 1 3 1 2 1 890 0 0 1
2 3 3 0 1 1 3 4 3 4 7 8 0 4 9 13 0 1 2 1 930 0 0 0
0 3 3 0 4 2 4 2 3 5 10 1 3 6 9 13 9 2 3 1 1 1 2 3 1 2 1 3 1 970 4 3 2
2 0 1 4 2 3 4 13 1 3 8 11 5 7 9 4 7 3 3 1 2 3 1 3 1 2 1 1010 2 1 4
2 3 3 6 0 1 5 13 0 4 10 11 3 4 5 9 4 3 3 2 3 1 1 1 1050 0 1 3
2 5 4 4 0 1 8 6 0 2 12 13 3 0 0 2 1 1 1 1 1 1090 1 0 0
4 11 3 3 2 13 4 1 12 2 1 4 0 0 5 3 0 1 3 1 1130 0 0 0
1 13 6 3 3 11 6 7 2 4 12 0 1 1 5 0 8 2 1 3 2 1 3 2 2 1 3 1 1170 2 4 2
1 0 3 1 3 5 1 1 3 2 4 1 3 2 13 0 6 2 2 1 3 2 3 1 2 1 795 1 3 2
3 3 3 0 3 3 4 0 4 6 7 0 8 13 2 2 7 2 3 3 3 1 1 1 1 3 1 835 3 1 3
9 8 6 3 13 5 4 2 4 6 4 1 1 2 0 5 6 1 2 3 3 1 2 1 3 1 875 2 2 2
3 11 5 3 13 5 6 3 5 1 0 0 3 2 4 2 3 1 1 2 1 3 1 915 2 1 0
11 13 8 6 3 4 5 4 1 2 3 3 3 0 1 2 11 1 2 1 3 3 1 1 3 2 2 2 1 3 1 955 4 4 3
4 13 6 3 1 10 4 3 2 11 3 3 2 3 0 0 11 2 2 3 1 3 1 1 3 1 3 2 3 7 0.2857142857142857 8 0.2857142857142857 9 0.42857142857142855 995 4 3 4
5 13 3 1 3 10 9 6 3 11 4 5 0 4 4 2 11 3 2 1 1 1 3 2 3 2 2 1 1 3 1 1035 4 4 3
2 3 2 0 3 5 3 7 7 3 2 3 2 13 1 1 3 1 2 1 1 1 1 741 2 1 0
1 9 13 3 0 3 7 1 2 3 2 3 1 0 1 0 2 2 2 3 8 0.18181818181818185 9 0.27272727272727276 10 0.54545454545454553 781 0 2 0
3 4 9 13 2 3 6 8 1 3 3 5 0 0 3 10 11 1 2 1 3 2 2 2 3 1 3 1 1 3 1 821 4 4 3
0 1 0 2 1 2 11 13 3 5 5 7 1 2 9 3 9 1 3 1 2 2 2 3 3 1 1 3 1 861 3 3 3
4 0 3 3 1 5 6 1 3 7 8 13 5 9 4 11 6 1 2 2 3 2 1 1 2 1 901 2 3 1
0 5 4 4 0 3 5 7 0 3 6 13 1 1 10 11 4 2 2 3 1 1 2 1 941 1 2 1
0 0 2 1 0 0 1 7 3 5 7 13 4 6 7 12 1 3 1 2 1 981 0 0 1
2 1 4 2 4 4 7 4 5 7 8 13 1 2 7 12 10 1 2 3 1 3 2 1 3 3 1 1 2 1 1021 4 2 4
1 1 2 0 3 2 5 3 0 2 3 4 0 13 8 5 2 3 3 1 1 1 884 0 0 2
3 0 3 0 0 1 5 2 1 5 4 3 2 9 13 1 0 1 2 1 924 0 0 0
5 4 4 0 10 6 5 3 9 7 4 3 13 0 2 3 9 3 2 2 3 3 1 1 1 2 1 1 1 964 3 3 3
1 11 7 0 13 8 6 5 3 3 4 2 0 2 1 1 6 3 2 3 3 1 2 1 3 1 1004 1 2 3
0 2 0 1 1 5 2 1 11 9 5 3 13 8 3 2 3 1 3 2 1 3 1 1044 1 1 1
3 2 0 0 5 2 1 1 10 7 7 11 13 8 4 4 1 2 1 1 1 1084 0 1 0
1 11 0 2 1 6 6 3 10 8 4 3 13 9 2 3 1 2 1 1 1 1124 0 1 0
0 0 3 0 0 0 3 0 3 3 5 3 12 13 6 3 9 1 2 2 3 2 1 1 2 1 1 3 1 1164 4 4 1
0 6 6 13 3 3 4 1 0 0 2 4 0 0 3 0 9 1 1 3 2 2 2 2 1 3 1 1 1 992 3 4 2
13 1 4 4 1 6 6 5 0 2 8 0 3 2 3 0 8 2 1 3 2 3 1 2 1 1 3 1 1032 3 3 2
5 2 1 0 4 4 3 4 13 6 1 0 1 9 8 3 5 3 2 3 2 1 1 2 1 1072 1 2 2
0 5 3 1 13 10 4 9 5 1 10 2 7 3 3 10 5 1 2 1 2 3 1 2 1 1112 2 2 1
0 2 13 9 0 4 5 5 0 0 4 2 2 1 0 0 7 3 3 3 1 1 3 2 1 1 1 852 2 1 4
2 1 13 1 3 5 5 10 0 3 7 9 0 2 4 6 8 1 1 2 1 3 3 2 2 1 3 1 892 3 3 2
0 4 13 3 1 3 8 11 4 3 6 7 0 3 1 3 6 1 3 2 1 2 2 1 2 1 932 2 3 1
1 13 2 0 6 10 11 1 3 9 7 3 2 4 3 3 5 3 2 1 3 2 1 1 1 972 1 2 2
10 13 6 1 3 10 9 11 3 7 7 8 1 0 3 3 4 2 1 2 3 1 2 1 1012 1 2 1
3 10 13 2 12 7 3 1 5 6 5 0 4 3 3 1 0 1 2 1 1052 0 0 0
2 13 9 2 10 8 7 3 4 12 6 1 3 3 4 2 9 1 3 3 1 3 2 2 1 1 1 3 1 1092 4 2 3
0 0 1 3 1 1 0 5 13 12 5 6 11 2 6 10 6 3 2 2 1 3 2 1 3 1 1132 1 3 2
3 2 0 0 2 1 0 0 4 13 5 3 2 3 5 0 4 1 2 1 1 1 3 1 825 3 1 0
2 0 0 5 0 0 1 7 1 2 7 9 0 4 13 3 1 2 1 1 1 865 0 1 0
2 1 3 2 3 6 7 8 1 5 2 11 1 2 13 9 0 1 1 1 905 0 0 0
9 7 10 4 3 6 11 3 0 13 3 3 1 0 0 0 10 3 3 1 3 2 2 2 2 1 3 1 1 1 945 2 4 4
2 3 13 12 3 6 4 9 0 0 3 6 0 0 2 4 8 3 1 1 1 3 2 2 3 1 1 1 985 3 2 3
4 13 12 8 3 6 7 9 3 2 4 8 1 0 2 4 6 1 3 2 1 3 1 1 2 1 1025 3 1 2
1 11 13 12 3 7 5 7 0 3 5 4 2 0 2 1 8 3 1 3 1 2 2 2 3 1 1 1 1065 2 3 3
4 11 13 12 1 6 5 9 2 3 5 1 3 3 2 1 6 2 3 2 1 1 3 1 2 1 1105 2 2 2
2 1 4 0 3 5 1 2 3 5 3 0 2 13 1 0 11 3 1 1 3 3 2 1 3 1 2 2 1 2 1 914 4 3 4
1 0 2 2 3 7 13 0 1 2 7 4 0 3 5 0 7 1 3 2 3 2 1 3 1 1 1 954 2 2 3
0 3 0 4 0 5 13 1 3 3 8 1 1 3 8 3 5 2 2 2 2 1 1 3 1 994 1 4 0
3 2 1 3 2 4 3 5 1 4 7 6 4 9 13 10 3 1 3 3 1 2 1 1034 1 0 2
3 4 2 3 3 6 4 3 1 7 8 11 1 9 13 3 1 2 1 3 1 1074 0 1 0
3 4 13 4 1 5 5 4 3 7 4 4 3 0 0 0 7 1 2 3 1 2 2 2 1 1 1 841 2 4 1
5 13 2 2 9 8 3 0 10 8 1 0 3 2 5 3 9 2 1 2 1 3 3 1 3 3 1 1 1 881 3 2 4
11 9 13 3 3 8 4 0 4 1 0 0 0 2 0 3 8 2 2 3 3 1 2 1 1 1 3 1 921 3 3 2
11 9 13 1 9 7 6 4 3 7 5 4 1 8 4 2 8 1 1 2 1 2 3 2 2 1 3 1 961 3 4 1
12 9 13 1 9 8 6 2 1 0 2 4 0 0 2 3 6 3 2 1 1 3 2 1 1 1 1001 2 2 2
12 9 13 2 9 8 8 4 5 1 3 3 1 3 0 2 3 1 2 3 1 3 1 1041 1 1 1
8 9 13 3 12 7 6 5 11 2 4 2 3 1 4 3 1 3 1 1 1 1081 0 0 1
2 3 10 5 12 9 13 4 11 6 7 3 5 3 3 3 0 1 1 1 1121 0 0 0
2 13 1 0 5 4 1 4 2 0 0 0 4 0 0 2 4 3 2 3 1 1 1 1 845 1 1 2
5 1 3 1 5 4 5 2 7 6 5 1 2 13 3 0 1 3 1 2 1 885 0 0 1
3 1 2 2 4 4 5 3 10 5 7 5 9 13 5 1 11 3 2 1 2 1 1 1 2 3 2 3 1 3 1 925 4 4 3
4 1 2 1 2 2 4 2 10 8 7 5 1 9 13 6 9 1 3 3 2 3 2 1 1 3 3 6 0.33333333333333331 7 0.33333333333333331 8 0.33333333333333331 965 3 2 4
0 0 3 4 2 3 0 7 0 2 7 11 0 1 13 9 6 1 3 1 3 2 1 1 2 1 1005 3 1 2
2 0 1 3 0 3 3 4 3 6 7 8 4 3 13 12 8 2 1 3 1 2 2 3 1 1 3 1 1045 3 3 2
3 2 1 0 0 5 0 2 4 7 4 3 6 13 10 12 7 2 2 3 1 1 3 1 3 7 0.2857142857142857 8 0.2857142857142857 9 0.42857142857142855 1085 3 2 2
1 2 1 3 4 4 5 5 5 6 12 5 13 9 10 10 5 2 3 2 2 1 1 1 1 1125 1 3 1
0 13 9 1 2 2 4 6 1 5 3 3 0 0 0 1 10 3 3 1 2 1 3 2 2 1 2 1 3 1 972 3 4 3
3 13 9 3 0 4 9 2 3 4 3 1 3 4 1 1 7 2 2 1 2 3 1 3 1 2 1 1012 2 3 2
4 13 10 2 1 7 6 4 3 5 3 2 3 3 3 2 3 1 3 3 1 1 1 1052 1 0 2
1 4 2 0 13 8 11 1 6 7 7 0 4 4 2 1 2 2 2 1 1 1 1092 0 2 0
3 13 8 5 2 5 6 11 9 4 5 3 4 3 3 3 0 1 1 1 1132 0 0 0
0 3 0 5 2 3 3 10 0 13 6 11 0 6 5 3 10 2 3 3 2 2 3 1 3 1 1 1 1 1 1172 3 3 4
1 1 0 0 3 10 8 3 11 7 7 2 13 2 4 1 7 3 1 2 2 3 1 3 1 2 1 1212 2 2 3
10 9 4 3 13 11 4 3 2 2 8 6 1 1 0 1 4 1 2 3 2 1 3 1 1252 1 2 1
3 4 8 13 0 5 1 6 0 5 2 4 0 1 0 2 1 2 1 1 1 855 0 1 0
2 3 10 13 1 5 3 4 4 4 3 0 2 3 1 2 10 3 1 3 1 2 1 2 3 1 3 1 2 1 895 4 2 4
2 3 8 10 3 1 8 13 0 2 5 4 1 0 0 1 7 2 1 1 2 2 3 3 1 3 1 935 2 3 2
6 8 9 10 3 6 7 13 3 5 3 3 2 0 0 0 5 2 2 1 3 1 1 1 1 975 2 2 1
4 5 11 1 9 13 3 7 6 3 3 1 3 0 3 0 4 3 2 2 3 1 3 1 1015 0 2 2
11 4 4 0 10 5 7 3 13 5 1 2 3 0 3 0 2 2 1 1 3 1 1055 1 1 0
3 0 2 0 13 11 5 1 10 9 7 1 9 6 3 3 1 3 1 2 1 1095 0 0 1
0 3 4 2 0 12 4 8 1 13 6 7 3 0 4 4 10 2 3 1 1 2 2 1 3 3 2 1 1 1 1135 3 4 3
1 3 3 1 4 5 5 4 13 3 8 2 0 1 2 0 6 3 2 3 2 1 1 1 2 1 930 2 2 2
0 0 1 3 3 3 4 6 0 0 5 8 2 3 13 9 4 1 3 2 1 1 2 1 970 2 1 1
0 1 2 3 2 3 3 4 0 0 3 6 3 13 10 9 2 2 1 1 1 1 1010 1 1 0
0 1 5 2 0 4 7 0 1 1 7 8 2 4 13 11 1 3 1 2 1 1050 0 0 1
3 0 2 0 5 5 3 1 8 9 11 3 3 13 6 1 0 1 2 1 1090 0 0 0
13 1 3 2 5 4 5 1 4 1 0 0 2 0 0 0 2 3 2 1 3 1 941 0 1 1
3 4 1 3 13 3 1 3 8 4 0 2 10 9 0 0 0 1 2 1 981 0 0 0
5 5 4 1 13 6 2 0 8 7 1 0 10 9 7 0 9 1 3 2 2 3 2 2 3 1 1 1 1 1021 2 4 3
2 5 1 0 4 13 9 0 11 1 4 2 3 2 3 1 6 1 3 2 1 3 2 1 3 1 1061 2 2 2
9 2 0 0 8 0 3 1 13 8 10 4 3 11 2 3 6 3 3 3 1 2 1 1 3 1 1101 2 1 3
13 10 12 5 3 4 6 3 0 4 7 3 0 0 3 1 5 3 2 1 2 2 1 1 1 1141 1 3 1
13 10 12 7 1 3 6 9 0 0 3 5 0 0 1 2 3 1 3 2 1 2 1 1181 1 1 1
13 10 12 7 8 9 8 6 5 3 1 2 1 1 7 0 4 3 2 3 2 3 5 0.42857142857142855 6 0.2857142857142857 7 0.2857142857142857 1221 0 2 2
0 3 9 13 0 6 5 4 3 0 1 3 0 3 0 0 1 3 1 2 1 822 0 0 1
3 3 9 13 3 4 4 9 3 0 3 4 1 0 2 1 10 2 1 1 2 2 1 3 2 3 3 1 3 1 862 3 4 3
10 7 13 6 0 5 5 6 3 3 4 2 0 0 2 4 7 1 1 1 1 2 2 3 1 3 1 902 4 2 1
0 1 10 13 4 9 3 1 4 5 1 3 3 2 0 0 4 3 2 1 2 1 2 1 942 1 2 1
0 0 3 6 10 13 6 1 9 7 4 2 1 3 2 3 0 1 3 1 982 0 0 0
10 13 10 1 9 8 5 0 7 5 3 2 5 4 3 3 10 1 2 3 1 2 2 1 1 3 2 3 8 0.18181818181818185 9 0.27272727272727276 10 0.54545454545454553 1022 4 4 2
13 12 4 3 7 5 3 0 8 2 0 3 0 3 1 0 7 2 1 3 2 2 1 3 1 1 1 1062 2 3 2
13 12 0 1 9 6 3 0 6 5 2 4 5 1 2 1 4 2 2 2 1 1 1 1 1102 1 3 0
3 0 1 0 0 0 4 3 2 3 6 0 13 4 4 3 1 2 1 1 1 772 0 1 0
0 0 1 8 0 0 3 13 0 3 5 2 1 3 5 1 9 2 1 2 3 1 3 2 2 3 1 3 1 812 2 4 3
0 0 2 1 3 0 4 6 0 1 6 13 2 4 9 2 6 1 3 1 3 1 2 1 2 1 852 3 1 2
3 1 2 3 4 5 5 0 4 7 13 8 1 8 9 3 4 2 3 2 3 1 1 1 892 0 2 2
3 3 3 9 2 2 6 11 1 5 13 4 3 0 1 10 8 3 1 1 3 2 1 2 3 1 2 1 932 3 2 3
0 0 0 2 8 3 1 13 2 1 4 5 3 4 1 3 0 1 2 1 681 0 0 0
3 3 4 13 5 7 8 3 3 0 7 0 0 0 3 2 9 1 3 3 1 1 2 2 1 3 1 2 1 721 4 2 3
3 13 7 9 3 4 7 0 4 6 1 3 5 1 2 3 6 1 3 2 2 3 2 1 1 1 761 1 3 2
2 13 10 5 0 1 5 2 2 1 5 1 2 0 0 0 2 3 1 1 3 1 801 1 0 1
10 9 6 3 13 8 5 4 4 3 3 3 2 0 0 1 3 3 3 2 1 1 1 841 0 1 2
11 9 3 4 13 4 5 3 3 3 3 2 0 0 2 1 1 1 1 3 1 881 1 0 0
11 9 4 0 13 8 1 0 1 4 2 3 4 4 2 0 10 2 2 1 1 3 3 1 2 1 3 1 2 1 921 4 3 3
11 10 7 1 13 8 6 4 4 5 4 3 3 3 3 0 8 2 2 1 3 1 3 1 2 1 2 1 961 3 3 2
0 1 13 7 6 9 3 2 2 0 7 3 0 0 2 1 8 2 2 1 1 3 1 3 3 3 4 0.54545454545454553 5 0.27272727272727276 6 0.18181818181818185 967 3 2 3
3 13 5 5 1 9 8 3 1 7 7 2 3 3 3 0 4 2 3 2 3 1 1 1 1007 0 2 2
13 3 1 2 9 7 6 0 10 8 6 2 2 5 3 0 2 3 1 1 1 1 1047 1 0 1
13 8 6 4 11 7 4 2 1 3 4 1 0 0 0 3 0 1 2 1 1087 0 0 0
6 11 3 1 10 4 4 0 13 7 3 0 3 2 0 0 11 3 2 2 1 3 1 3 3 2 1 2 1 1 1 1127 3 4 4
10 11 1 3 9 7 6 3 13 5 5 3 5 2 3 0 10 2 3 1 3 1 2 2 3 1 2 1 1 1 1167 3 4 3
10 8 4 2 1 11 8 3 9 8 3 3 13 6 4 3 10 1 3 3 3 1 2 2 1 1 2 1 2 1 1207 4 3 3
8 5 10 4 12 7 2 3 13 7 1 0 4 2 0 0 7 1 3 1 3 1 2 2 1 3 1 1247 3 2 2
13 3 2 1 3 4 3 2 5 4 0 0 4 0 3 0 6 2 2 3 1 3 1 1 1 1 878 2 2 2
0 2 13 3 0 5 8 2 0 3 4 6 1 0 2 3 4 1 2 1 1 1 3 1 918 3 1 0
4 0 5 0 4 9 3 5 3 5 3 13 1 0 1 0 2 2 2 1 3 1 958 0 2 0
10 10 5 3 3 5 13 1 3 3 2 0 1 0 0 0 0 1 2 1 998 0 0 0
0 11 13 3 1 7 8 0 3 3 2 1 4 1 2 0 9 1 3 2 2 2 1 3 2 1 1 3 1 1038 3 4 2
13 4 0 1 11 4 0 0 9 5 2 2 6 1 0 0 5 3 1 1 3 2 1 2 1 1078 2 1 2
13 5 5 2 11 2 1 2 10 1 1 0 3 0 0 2 3 3 3 1 1 3 1 1118 1 0 2
13 0 2 2 11 7 5 0 10 6 5 1 5 4 4 0 0 1 1 1 1158 0 0 0
