3 3 0 3 13 4 0 0 9 7 4 0 2 7 1 3 10 2 1 1 2 3 3 3 1 2 2 1 1 1 878 3 4 3
4 0 0 0 4 3 0 1 4 6 2 0 3 4 13 0 0 1 3 1 994 0 0 0
1 1 2 3 4 9 13 5 3 2 5 2 2 0 1 0 0 1 1 1 798 0 0 0
1 3 9 5 0 3 2 13 2 3 9 5 0 0 6 7 5 2 1 3 1 1 1 2 1 1116 3 1 1
0 1 9 3 3 0 13 2 0 4 8 3 0 3 6 8 1 2 1 1 1 858 0 1 0
0 4 1 4 0 5 13 8 3 2 4 4 0 0 1 3 9 3 2 3 2 2 1 1 1 2 1 3 1 880 3 4 2
0 0 1 2 0 3 4 3 2 2 13 5 4 1 3 1 11 3 2 3 1 1 1 3 3 2 1 2 1 2 1 967 4 3 4
2 13 9 5 1 3 8 2 0 1 8 3 0 0 3 0 0 1 3 1 806 0 0 0
0 0 0 2 0 6 3 2 0 4 4 13 1 3 9 4 6 1 1 1 2 3 2 1 3 1 860 3 2 1
4 13 4 0 7 3 6 2 3 0 3 2 2 0 0 0 5 1 1 2 1 1 1 3 1 950 4 1 0
5 3 7 1 8 13 4 0 4 4 1 4 2 1 4 0 6 3 2 2 3 1 3 1 2 1 619 1 2 3
2 3 6 3 1 3 5 3 1 0 3 13 0 8 3 5 2 2 3 1 3 1 1003 0 1 1
4 7 4 0 13 6 0 0 5 4 5 1 2 4 2 1 11 1 2 2 3 1 2 2 1 3 3 3 1 1 1 801 3 4 4
1 3 1 3 5 5 13 6 3 4 3 2 0 0 2 2 10 3 2 1 3 3 1 3 1 2 2 1 1 1 853 3 3 4
3 6 3 0 13 5 1 0 3 2 0 2 1 1 3 2 3 2 3 1 1 3 1 682 1 1 1
0 0 3 9 3 4 13 6 1 6 8 4 3 1 3 2 9 3 2 3 2 3 2 2 1 1 1 1 1 822 2 4 3
13 6 2 2 4 4 5 0 4 4 0 1 0 1 0 0 11 1 2 2 3 3 2 1 1 3 2 3 1 1 1 781 3 4 4
0 3 0 0 0 1 1 4 1 4 2 3 3 6 13 2 2 3 3 1 2 1 835 0 0 2
0 4 5 6 0 0 7 13 3 8 3 9 1 1 2 3 11 3 3 1 1 3 3 1 2 2 2 2 3 6 0.333333 7 0.333333 8 0.333333 717 3 4 4
3 9 2 3 4 0 13 5 0 3 4 7 0 4 2 4 5 2 1 1 3 1 1 3 1 937 3 1 1
2 2 3 3 0 0 1 13 3 7 5 4 0 0 5 7 2 2 1 1 1 1 673 1 1 0
6 1 1 3 3 6 13 2 2 3 5 0 2 3 2 0 7 3 1 1 2 2 1 1 1 3 1 790 4 2 1
3 0 5 0 13 5 1 0 4 1 3 3 2 3 2 1 5 1 2 2 1 2 1 3 1 777 2 3 0
0 0 3 8 2 5 3 13 0 0 1 4 1 4 5 3 5 3 2 2 2 1 1 1 1 989 1 3 1
0 0 0 2 3 1 2 0 3 1 4 0 13 5 2 3 3 1 3 2 1 1 1 673 1 1 1
0 1 2 13 1 2 4 5 3 8 3 2 0 4 1 3 11 2 3 3 1 1 2 3 3 2 1 1 1 2 1 807 4 3 4
3 3 0 0 2 1 4 0 8 6 1 0 3 13 3 3 7 3 2 1 1 3 3 2 1 2 1 761 2 2 3
0 2 2 5 0 0 3 7 3 1 6 13 0 3 2 5 7 1 2 1 3 2 3 1 1 1 1 884 3 2 2
0 0 1 3 0 3 2 4 3 2 1 9 0 13 4 3 11 1 1 2 3 2 3 2 2 1 3 3 1 1 1 640 3 4 4
6 4 8 5 2 10 5 4 0 0 13 3 1 0 0 0 11 2 2 3 1 3 2 1 3 3 1 2 1 1 1 1031 3 4 4
0 0 1 0 0 4 2 1 0 3 3 1 2 2 13 6 0 1 3 1 821 0 0 0
1 5 8 2 3 5 6 13 0 0 2 1 0 2 0 0 9 3 2 3 2 2 1 1 3 1 1 1 1 908 3 3 3
0 1 5 4 2 5 10 13 2 0 1 0 1 0 0 0 10 2 1 3 2 1 1 2 3 2 3 1 3 1 735 3 4 3
9 1 3 2 8 13 3 2 3 5 6 0 3 4 2 0 8 1 2 3 1 2 1 3 1 1 3 1 840 4 2 2
1 4 3 0 8 3 13 3 3 1 4 2 1 3 2 2 6 2 2 2 1 3 1 1 1 1 874 2 3 1
3 0 3 1 0 1 4 5 0 4 6 13 9 4 3 2 8 2 2 1 1 2 1 3 2 1 3 1 951 3 4 1
1 0 1 0 4 6 6 0 2 13 3 5 3 1 3 5 6 1 2 3 2 2 3 1 3 1 944 1 3 2
3 1 3 1 3 7 3 4 0 3 4 13 3 2 3 1 7 3 2 1 2 3 2 1 1 2 1 982 2 3 2
5 9 3 2 4 4 13 3 4 6 7 1 2 3 0 0 7 1 3 2 3 2 3 1 1 1 1 755 2 2 3
3 3 0 0 2 6 1 0 13 4 0 2 4 1 7 0 8 3 3 1 2 1 2 2 3 1 1 1 809 2 3 3
4 6 3 0 9 13 4 0 4 2 1 1 2 1 3 0 10 2 1 3 2 1 3 3 3 2 2 1 1 1 957 2 4 4
2 4 0 0 3 1 3 0 13 3 1 3 4 3 0 0 4 3 3 1 2 1 2 1 792 1 1 2
3 5 1 2 5 3 13 3 3 3 0 0 0 2 0 0 10 3 1 2 2 2 1 3 3 1 3 1 1 1 873 3 3 4
0 3 2 0 0 4 0 1 0 2 13 4 3 5 6 4 8 3 1 3 1 1 3 2 2 1 3 1 799 3 2 3
0 0 1 1 0 0 13 3 2 6 3 7 0 3 4 5 2 2 2 1 1 1 806 0 2 0
0 2 0 0 4 3 0 1 3 7 4 0 2 13 2 4 4 3 1 3 1 1 3 1 914 2 0 2
1 3 4 3 5 4 6 5 0 3 13 3 2 1 7 0 3 3 2 1 1 2 1 717 1 1 1
0 0 2 4 1 0 4 3 7 5 4 3 0 1 13 1 2 3 2 1 2 1 889 0 1 1
0 4 13 3 3 6 3 6 2 6 3 0 0 3 0 1 11 3 2 2 1 1 2 1 3 1 2 3 1 3 1 768 4 4 3
1 1 0 2 3 3 0 0 5 6 1 0 13 4 3 0 3 2 2 3 1 3 1 839 0 2 1
0 6 0 3 3 3 3 4 13 1 2 3 8 5 8 3 10 2 1 3 3 2 1 2 3 1 1 1 2 1 854 4 3 3
1 2 1 7 6 3 4 13 0 5 3 1 0 4 1 2 1 2 1 2 1 900 0 1 0
0 2 0 4 2 2 0 7 3 4 3 8 0 5 13 4 8 1 3 1 1 2 3 3 1 1 3 1 935 4 1 3
0 3 3 2 9 6 9 4 4 3 3 8 1 1 13 2 8 1 2 2 3 1 3 3 1 1 2 1 882 3 2 3
0 0 2 3 0 1 9 8 0 5 13 6 3 5 5 3 11 3 3 3 2 1 2 1 1 2 1 2 1 3 1 835 4 4 3
3 3 13 4 3 5 0 3 0 2 3 0 1 0 0 0 11 2 3 2 2 1 2 3 1 1 3 1 1 3 1 744 4 4 3
1 3 2 3 13 1 2 0 7 3 1 0 5 4 3 1 4 1 2 2 2 1 3 1 927 1 3 0
1 0 0 3 3 2 1 4 3 3 2 1 0 5 13 3 6 1 3 2 2 2 3 1 1 1 669 1 3 2
0 0 2 6 0 5 1 4 2 4 3 1 1 1 2 13 4 2 2 1 3 1 3 1 768 1 2 1
0 0 0 2 0 2 1 3 1 3 5 4 0 4 5 13 11 1 2 1 2 3 3 2 1 3 2 1 1 3 1 864 4 4 3
4 3 13 2 0 7 3 4 0 3 0 5 0 1 0 2 2 1 2 1 1 1 927 1 1 0
6 6 3 1 3 7 6 4 0 1 13 3 2 3 0 2 2 2 3 1 1 1 825 0 1 1
0 4 6 13 4 5 4 2 2 3 1 3 2 0 0 0 8 1 1 2 3 1 3 1 2 1 3 1 683 4 2 2
3 5 2 3 0 5 3 13 0 2 5 3 1 0 6 3 4 3 2 1 1 1 3 1 1038 2 1 1
3 6 3 0 8 13 3 2 5 6 4 2 4 1 3 2 2 3 1 1 1 1 859 1 0 1
2 4 0 0 0 2 3 4 3 3 4 3 13 6 1 3 1 1 1 3 1 722 1 0 0
1 5 3 0 3 2 6 3 1 3 6 6 3 2 13 1 9 2 3 1 2 2 3 3 2 1 1 1 1 835 2 4 3
0 0 1 0 3 13 4 2 4 10 4 2 3 4 9 7 5 3 1 1 2 3 1 3 1 844 2 1 2
2 13 3 3 3 0 1 2 5 2 1 0 3 3 0 0 9 3 1 1 1 2 3 2 3 2 1 1 1 873 3 3 3
7 2 0 0 1 6 0 0 4 13 3 1 3 5 3 0 7 2 2 2 3 3 1 3 1 1 1 788 1 3 3
2 0 0 0 3 1 3 0 3 4 0 0 13 5 4 3 7 1 2 1 2 3 2 1 1 3 1 786 3 3 1
5 5 3 1 13 3 0 0 5 1 0 0 2 0 0 0 9 3 1 3 2 3 3 1 2 2 3 5 0.428571 6 0.285714 7 0.285714 806 2 3 4
0 5 9 3 0 0 3 13 1 0 3 4 0 3 0 6 8 1 3 2 2 1 1 2 3 1 2 1 892 3 3 2
4 13 5 3 0 3 5 4 0 4 1 2 0 1 0 2 2 1 3 1 2 1 896 1 0 1
0 0 3 0 3 0 7 3 5 3 2 0 13 1 4 0 7 3 1 2 1 2 1 3 1 2 1 988 3 2 2
0 1 6 5 0 3 13 10 4 3 6 5 2 3 3 1 0 1 2 1 783 0 0 0
13 8 5 4 4 9 1 3 3 3 4 2 0 0 0 3 10 2 1 3 3 3 2 1 1 1 2 1 2 1 838 4 3 3
1 13 1 3 4 5 7 0 2 5 2 1 3 0 2 3 11 2 1 1 2 3 1 2 3 1 3 2 1 3 1 622 4 4 3
3 13 4 0 3 5 3 0 0 1 8 2 3 0 3 0 11 3 1 2 1 3 1 3 3 2 2 2 1 1 1 727 3 4 4
9 3 1 3 7 13 5 2 3 6 3 5 1 0 2 1 4 2 1 3 2 1 3 1 744 1 2 1
1 5 3 2 5 3 13 2 0 3 9 4 0 3 4 1 11 1 2 3 2 3 3 2 1 1 2 1 1 3 1 952 4 4 3
1 2 13 2 0 3 5 6 0 1 3 4 0 1 1 2 2 3 2 1 3 1 966 0 1 1
5 5 13 3 4 4 3 2 0 1 2 0 0 1 0 0 11 1 2 1 2 1 3 3 2 1 3 2 1 3 1 747 4 4 3
3 6 2 0 13 8 0 1 3 6 5 0 8 6 5 1 4 2 3 3 3 1 3 1 809 0 1 3
1 2 4 0 4 4 5 7 13 2 4 1 6 2 3 1 11 2 2 1 3 3 1 2 3 2 1 3 1 1 1 714 3 4 4
1 0 9 0 1 13 3 9 4 5 4 0 1 6 2 4 1 2 1 2 1 811 0 1 0
2 0 0 0 4 2 4 0 13 3 0 1 2 5 3 0 4 1 3 3 1 1 3 1 891 2 0 2
7 3 0 5 0 3 10 13 0 5 4 1 1 3 2 2 1 1 1 2 1 807 1 0 0
0 3 0 0 3 0 5 3 13 4 1 0 3 6 8 0 4 2 1 2 3 1 3 1 822 1 2 1
3 0 0 3 1 1 0 2 5 3 3 0 2 7 13 3 7 1 1 1 2 2 2 3 1 3 1 773 3 3 1
1 3 0 2 0 2 0 4 1 5 13 8 3 2 3 4 3 3 1 2 1 1 1 868 1 1 1
0 1 2 0 0 4 4 0 4 1 2 0 6 3 13 3 11 2 2 3 2 1 1 1 3 1 2 3 1 3 1 708 4 4 3
3 8 13 4 6 5 3 7 0 2 3 1 0 0 2 0 8 1 1 1 3 1 3 2 2 1 2 1 841 4 2 2
3 0 3 2 1 0 0 0 4 4 0 0 5 13 3 0 5 3 1 2 1 3 1 2 1 815 2 1 2
1 5 13 2 1 3 0 3 3 2 0 0 4 0 0 2 0 1 1 1 840 0 0 0
4 4 2 1 13 3 5 1 4 0 4 0 0 0 0 1 7 2 2 2 3 1 2 3 1 1 1 754 1 4 2
13 8 6 3 1 4 5 0 1 4 0 0 0 0 0 2 1 3 1 2 1 875 0 0 1
2 4 3 0 3 4 6 7 13 3 0 2 3 4 1 3 10 1 1 1 3 2 2 3 3 3 2 1 1 1 823 3 3 4
1 3 1 4 0 0 5 13 0 4 6 3 1 4 2 2 7 1 3 2 1 2 2 3 1 3 1 806 2 3 2
2 3 0 3 3 3 0 0 13 3 6 0 4 3 1 3 11 2 1 3 2 1 2 2 1 3 3 1 1 3 1 930 4 4 3
2 2 4 1 6 13 1 0 5 1 5 6 1 2 7 2 4 2 3 3 1 1 3 1 907 1 1 2
8 7 4 3 13 3 4 3 7 2 3 0 3 6 3 1 7 1 1 2 3 2 3 1 1 2 1 770 3 2 2
0 1 4 1 1 5 1 4 3 3 13 6 2 2 5 4 1 2 1 2 1 741 0 1 0
13 7 8 0 1 6 3 0 10 4 3 0 0 0 2 3 11 2 3 2 3 1 2 1 2 1 3 1 1 3 1 854 4 4 3
0 0 1 2 3 3 3 1 0 4 7 13 3 5 6 4 6 2 2 3 1 1 3 1 2 1 807 2 2 2
0 3 1 0 0 3 8 2 2 4 5 13 0 3 9 4 4 1 3 1 2 1 3 1 928 2 1 1
2 0 0 0 3 3 0 0 1 7 8 2 2 5 13 5 8 1 1 2 2 3 1 3 3 1 1 1 869 3 2 3
8 13 6 3 3 3 7 4 2 3 5 1 0 0 1 2 11 1 3 1 2 3 3 2 1 3 1 2 1 2 1 874 4 3 4
0 3 2 3 0 5 13 1 0 2 6 4 3 0 4 1 10 1 2 2 1 1 2 3 3 3 1 1 2 1 791 4 3 3
1 0 0 0 1 0 1 5 0 4 4 6 4 2 13 3 9 2 1 3 2 2 3 2 1 3 1 3 1 858 2 4 3
2 0 0 1 3 3 5 3 4 5 13 0 1 1 2 3 7 2 2 3 1 1 2 3 1 3 1 1035 2 3 2
5 0 1 2 7 9 3 0 13 2 3 0 3 2 4 1 1 1 3 7 0.285714 8 0.285714 9 0.428571 843 1 0 0
1 3 0 0 3 13 5 0 4 9 2 0 4 4 2 1 11 3 3 2 3 2 1 2 1 1 2 1 1 3 1 780 4 4 3
9 13 2 2 2 1 4 3 3 2 3 1 5 1 4 1 6 3 2 1 3 1 2 1 3 1 887 2 2 2
4 3 6 1 2 3 4 13 0 1 3 4 0 0 3 2 11 1 2 2 3 2 1 2 1 3 3 1 1 3 1 916 4 4 3
5 3 13 4 3 1 2 3 3 4 0 4 3 0 0 3 7 2 2 3 1 2 1 3 1 1 1 725 2 3 2
0 1 3 0 3 4 1 7 2 13 3 3 3 4 1 6 3 3 3 2 1 2 1 784 0 1 2
2 1 1 13 0 4 4 6 0 0 2 4 0 0 0 3 10 1 3 1 2 2 3 3 2 1 1 1 2 1 838 4 3 3
3 6 5 4 13 1 1 3 6 5 7 0 0 3 2 0 8 2 1 2 3 1 2 3 2 1 1 1 835 2 4 2
1 3 3 2 4 13 4 3 1 2 5 2 3 0 3 0 4 1 2 1 1 1 2 1 797 3 1 0
2 3 2 0 0 0 5 3 1 6 7 6 0 0 4 13 9 1 3 1 2 3 1 3 2 2 1 1 1 853 3 3 3
3 0 3 1 1 4 3 4 0 3 13 10 0 4 4 7 7 1 2 2 1 2 3 3 1 2 1 1084 2 3 2
0 2 1 0 0 4 3 5 3 3 3 8 3 1 13 7 7 3 2 1 2 1 3 3 1 2 1 859 2 2 3
0 0 0 1 3 0 0 3 4 7 5 0 3 4 13 3 7 3 3 2 1 2 1 2 1 3 1 799 2 3 2
1 5 2 3 4 13 3 2 1 6 2 2 1 2 3 0 1 1 1 1 1 715 1 0 0
0 0 8 1 1 5 3 13 3 5 4 2 0 3 2 3 11 2 3 2 1 1 1 3 2 3 1 3 1 2 1 912 4 3 4
2 5 4 3 5 3 13 6 4 2 7 1 0 0 3 2 8 1 2 3 1 2 3 1 1 3 4 0.545455 5 0.272727 6 0.181818 850 4 2 2
2 0 0 0 3 1 3 1 5 5 4 0 3 13 2 2 6 3 3 2 3 1 1 3 4 0.545455 5 0.272727 6 0.181818 807 2 1 3
4 0 2 0 3 1 6 3 4 13 2 2 1 1 1 2 4 3 1 2 3 1 3 1 789 1 1 2
3 4 2 1 1 7 3 0 3 13 5 0 0 4 7 0 8 3 2 2 1 2 1 1 2 1 3 1 914 3 4 1
1 4 4 2 3 13 5 4 4 8 2 3 1 3 0 0 10 2 1 3 2 1 2 1 3 3 1 1 2 1 902 4 3 3
0 2 2 1 1 7 7 4 1 1 13 2 3 1 4 2 5 2 3 2 1 3 1 3 1 818 1 2 2
3 6 0 0 2 1 4 1 5 3 13 3 1 2 4 2 1 3 1 3 1 948 0 0 1
0 0 3 2 3 2 4 4 2 4 13 6 4 1 9 1 1 3 1 1 1 806 0 0 1
4 8 4 0 6 4 1 0 13 3 1 2 0 4 0 1 4 2 3 2 1 1 2 1 893 1 2 1
9 13 8 4 3 4 4 2 0 3 8 4 0 3 0 2 6 1 1 3 1 1 2 1 2 1 765 4 1 1
2 3 3 0 3 5 3 0 13 5 4 3 2 6 8 3 7 1 1 3 2 2 1 1 1 3 1 871 4 2 1
0 0 0 1 2 0 6 4 3 3 4 5 2 4 9 13 4 1 2 2 1 1 1 1 973 2 2 0
4 13 1 3 4 0 1 2 2 5 8 0 0 0 0 3 11 3 2 2 1 3 2 3 2 1 1 3 1 1 1 915 3 4 4
2 3 0 0 2 3 7 1 13 1 4 0 3 3 1 3 7 2 1 1 2 2 2 3 1 1 1 818 2 4 1
0 3 1 3 1 5 2 2 2 1 13 5 5 1 7 8 9 2 2 3 1 2 2 1 3 3 1 1 1 856 2 4 3
0 2 3 3 0 1 7 5 2 13 4 1 3 3 5 5 8 3 1 2 3 3 2 1 2 1 1 1 843 2 3 3
7 2 9 3 1 4 5 13 0 1 4 2 0 0 1 2 5 3 2 3 3 1 3 8 0.181818 9 0.272727 10 0.545455 980 1 1 3
2 3 1 4 2 7 13 3 3 2 2 1 0 0 3 4 4 1 1 1 2 1 3 1 894 3 1 0
9 1 0 0 6 4 2 3 2 13 1 3 3 1 4 5 9 3 1 2 2 2 3 1 2 3 1 1 1 795 2 4 3
0 2 6 1 0 3 5 3 1 0 5 13 2 3 4 3 11 1 2 1 3 3 2 3 3 2 1 1 1 2 1 781 4 3 4
0 0 1 3 0 2 3 2 3 5 3 1 0 5 7 13 1 3 1 3 1 840 0 0 1
0 2 8 1 2 4 5 13 2 4 6 3 0 1 4 1 4 3 1 3 3 1 2 1 804 1 0 3
3 9 4 1 1 13 6 0 2 3 7 2 2 2 4 2 8 3 2 3 1 3 1 1 3 1 1 1 799 3 1 4
3 4 0 2 2 13 1 0 2 6 3 5 3 4 1 3 4 3 2 1 3 1 1 1 738 1 1 2
2 0 0 0 3 2 3 1 13 5 9 3 2 8 6 1 5 3 2 1 1 3 1 3 1 892 2 1 2
3 1 3 2 13 4 0 0 5 2 3 1 0 0 3 0 5 1 3 2 2 1 1 3 1 740 2 2 1
3 2 3 0 1 4 3 1 3 13 4 2 1 5 3 5 0 1 2 1 778 0 0 0
3 0 8 1 7 0 5 1 1 0 3 5 3 13 2 2 0 1 2 1 896 0 0 0
0 0 3 5 3 0 0 4 0 0 2 13 3 4 8 1 11 2 1 3 3 2 2 3 1 2 1 1 1 3 1 864 4 4 3
0 0 3 0 5 4 3 7 1 13 2 8 3 2 4 1 10 2 2 3 3 1 2 2 1 1 3 1 1 1 937 3 4 3
1 0 1 0 2 4 6 0 1 6 3 3 5 2 7 13 10 3 3 2 1 1 1 3 2 2 3 1 2 1 745 3 3 4
0 3 4 4 1 6 4 3 2 7 13 4 0 0 6 1 6 1 3 3 1 2 2 1 2 1 896 2 2 2
0 0 0 2 3 3 2 0 3 5 4 1 4 10 13 5 10 2 2 3 2 3 1 1 1 1 3 1 3 1 929 4 3 3
4 13 1 3 3 3 4 2 0 2 7 3 0 5 0 1 8 2 2 3 1 3 1 1 3 1 2 1 769 3 2 3
4 0 0 0 13 5 2 0 6 5 6 3 4 4 2 3 7 2 3 1 3 1 2 1 1 1 1 795 3 2 2
4 1 13 8 0 3 3 6 0 2 3 3 0 3 2 0 8 3 1 2 1 3 1 2 1 1 2 1 922 4 2 2
1 2 2 5 3 3 13 5 2 5 1 1 0 3 0 3 3 2 3 1 1 3 1 864 1 1 1
2 5 4 1 13 6 4 3 1 5 0 0 0 6 0 2 3 3 1 2 1 3 1 735 1 1 1
0 0 0 2 0 0 4 13 1 1 1 4 3 5 3 8 5 2 3 2 2 1 1 3 1 775 1 3 1
0 0 1 0 1 4 5 2 3 13 6 4 2 3 7 4 5 3 2 3 2 1 1 1 1 848 1 2 2
3 3 1 0 2 13 7 5 4 5 1 1 2 0 0 0 4 2 1 3 2 1 3 1 757 1 2 1
0 0 0 3 0 0 2 1 1 8 6 2 1 6 13 4 10 3 1 3 1 1 2 3 2 2 2 3 4 0.545455 5 0.272727 6 0.181818 944 3 4 3
0 0 2 1 0 0 5 1 1 5 13 4 2 3 2 3 6 1 2 2 3 3 3 1 1 1 766 1 2 3
4 0 0 3 2 0 1 3 6 3 5 1 8 13 2 4 7 1 3 2 1 3 2 1 1 2 1 915 3 2 2
4 0 3 0 3 2 5 4 0 4 3 13 1 2 1 6 7 1 1 3 2 3 2 3 3 7 0.285714 8 0.285714 9 0.428571 941 2 2 3
4 2 4 0 7 7 8 3 4 13 4 5 2 1 3 1 11 2 2 1 2 2 1 3 1 1 3 3 1 3 1 944 4 4 3
0 10 2 3 0 5 5 1 0 2 13 8 1 3 4 9 4 2 3 3 1 1 3 1 947 1 1 2
1 4 4 2 13 3 6 9 0 5 5 3 2 0 1 2 10 1 2 3 2 3 2 1 3 3 1 1 1 1 715 3 3 4
0 0 4 0 3 3 3 13 4 1 5 2 0 4 4 3 1 2 1 1 1 971 0 1 0
0 0 2 0 5 2 0 1 13 7 0 0 3 7 3 1 5 3 2 3 1 1 1 2 1 914 2 1 2
3 3 0 0 13 4 3 2 8 7 5 3 1 3 4 2 10 1 2 1 1 1 2 3 3 2 3 1 3 1 862 4 3 3
0 2 0 3 3 0 0 1 0 6 0 4 10 13 5 3 6 2 1 2 2 1 1 1 3 1 882 3 3 0
2 2 3 0 4 3 2 0 13 6 1 1 3 5 7 1 3 2 2 1 1 1 1 757 1 2 0
2 3 2 13 5 4 5 5 1 3 1 0 3 0 3 0 11 1 2 2 3 3 2 1 1 2 3 1 1 3 1 782 4 4 3
2 13 0 2 3 7 8 7 1 4 5 2 3 0 1 0 6 3 3 1 1 3 2 1 3 1 757 2 1 3
1 5 7 2 5 4 0 1 5 13 3 0 8 5 0 0 7 3 1 3 2 3 2 1 1 2 1 919 2 2 3
4 13 3 4 1 2 2 3 7 0 1 0 2 0 1 0 0 1 3 1 972 0 0 0
3 0 2 0 4 6 5 2 1 13 4 0 2 7 4 3 3 1 2 1 1 1 1 880 2 1 0
3 1 1 0 2 1 4 2 4 13 3 3 9 7 6 3 1 3 1 2 1 763 0 0 1
1 4 0 0 7 1 2 3 13 6 0 0 5 3 4 3 1 3 1 2 1 734 0 0 1
1 4 6 3 2 8 13 6 0 3 0 4 2 0 0 0 6 1 1 3 1 2 3 1 2 1 790 3 1 2
1 0 13 3 2 8 3 2 0 4 1 2 2 0 0 4 6 3 1 3 3 1 2 1 1 1 745 2 1 3
1 13 6 2 1 2 4 6 4 0 3 0 3 2 0 0 4 3 1 2 3 1 1 1 903 1 1 2
0 0 6 3 1 2 7 13 2 5 1 7 6 4 1 1 5 3 1 2 2 2 1 3 1 798 1 3 1
1 3 13 2 2 3 8 4 0 4 1 1 0 1 3 0 8 2 1 3 2 2 2 3 1 1 3 1 777 2 4 2
2 0 2 0 13 0 5 1 1 4 2 0 4 2 4 0 1 1 1 1 1 764 1 0 0
1 3 0 0 13 4 3 2 3 4 3 2 1 2 1 0 0 1 3 1 844 0 0 0
0 6 13 5 1 5 4 1 0 4 7 2 3 3 2 3 0 1 3 1 891 0 0 0
5 7 3 1 13 3 0 0 4 3 3 0 3 0 2 3 7 2 1 2 2 1 1 3 1 3 1 1004 3 3 1
0 1 5 1 0 0 9 3 2 2 13 2 0 1 2 4 3 3 3 3 1 1 1 889 0 0 3
3 13 5 6 1 4 2 2 1 3 7 1 2 0 0 0 9 3 2 1 2 3 3 1 2 1 1 3 1 741 3 3 3
3 6 3 0 13 3 3 3 2 5 1 0 0 1 0 0 8 3 2 2 1 1 1 2 2 1 3 1 830 3 4 1
0 3 4 4 3 2 7 13 0 4 1 6 2 4 1 3 7 1 2 2 1 3 2 3 1 1 1 790 2 3 2
4 7 8 4 3 3 13 4 1 5 2 9 0 1 4 2 0 3 7 0.285714 8 0.285714 9 0.428571 799 0 0 0
0 0 2 3 4 5 1 8 2 1 7 2 2 4 13 3 9 2 1 1 1 3 3 3 3 2 1 1 1 709 3 2 4
2 6 13 4 2 8 1 0 1 4 0 0 2 0 0 0 7 1 3 3 3 2 1 1 1 2 1 911 3 1 3
0 0 4 1 0 4 5 4 1 2 13 2 2 8 1 3 2 1 2 1 3 1 698 1 1 0
3 4 6 2 1 6 13 6 5 5 3 1 0 8 2 0 11 1 3 3 1 3 2 1 2 1 3 2 1 2 1 699 4 3 4
0 4 2 3 0 0 4 13 0 3 5 4 3 0 9 7 0 1 1 1 807 0 0 0
0 4 0 2 1 8 13 3 7 2 4 0 3 4 8 1 11 3 1 1 3 3 2 1 2 3 2 2 1 1 1 841 3 4 4
3 1 0 0 3 13 1 2 7 1 4 0 0 0 0 2 1 2 1 3 1 795 0 1 0
5 13 5 2 1 3 4 3 0 0 3 0 0 0 3 0 1 1 1 2 1 766 1 0 0
3 6 7 5 0 1 13 2 2 4 9 2 0 1 3 1 0 1 3 1 904 0 0 0
0 0 1 3 0 2 3 4 2 3 5 13 3 1 4 10 8 2 3 2 3 1 2 1 3 1 1 1 967 2 3 3
3 3 13 4 1 7 7 1 1 2 1 3 0 5 0 3 5 2 2 2 1 2 1 3 1 906 1 4 0
1 5 3 0 7 5 3 0 13 4 0 0 4 2 3 1 4 2 3 2 3 1 1 1 1006 0 2 2
3 0 0 0 1 3 2 4 4 13 5 4 1 4 1 3 1 2 1 2 1 786 0 1 0
3 3 1 0 13 4 5 0 6 3 3 1 2 1 2 0 2 1 2 1 2 1 801 1 1 0
0 1 7 3 3 3 4 5 3 13 7 4 1 3 6 2 8 2 2 2 2 1 3 1 3 1 1 1 883 2 4 2
3 4 2 3 4 13 3 0 4 2 0 2 9 1 0 0 1 1 1 1 1 858 1 0 0
2 3 1 3 4 4 5 2 1 2 2 13 3 4 8 0 6 1 2 1 1 2 1 1 3 1 816 4 2 0
3 4 2 2 3 4 6 1 4 13 1 0 3 1 0 0 9 3 3 1 2 2 1 2 1 2 1 3 1 803 3 4 2
2 3 1 1 7 13 4 3 6 4 7 4 0 5 3 1 1 2 1 2 1 790 0 1 0
3 0 0 0 10 3 0 3 13 3 2 0 4 4 0 0 1 3 1 1 1 842 0 0 1
4 13 3 4 0 3 6 3 2 1 8 1 2 0 4 0 4 2 1 3 2 1 1 1 983 1 2 1
2 5 7 2 6 13 3 0 2 4 0 0 3 1 1 0 4 3 1 2 3 1 1 1 826 1 1 2
4 3 3 2 2 6 13 5 2 5 1 4 3 0 2 1 7 1 3 1 1 3 3 3 1 2 1 918 3 0 4
0 0 1 3 0 4 2 4 0 2 13 1 3 5 2 8 4 3 1 1 3 1 2 1 784 2 0 2
0 3 3 5 2 4 5 7 3 2 3 13 3 1 3 1 9 3 1 2 1 1 2 1 2 2 1 3 1 973 4 4 1
0 0 2 1 0 1 4 0 3 4 6 5 2 5 3 13 11 3 2 3 2 1 3 1 3 1 2 2 1 1 1 864 3 4 4
9 4 2 0 13 3 1 1 3 2 5 0 0 1 0 0 7 2 1 2 2 1 3 3 1 3 1 965 2 3 2
3 6 3 3 3 0 13 1 0 0 3 7 0 0 0 3 4 3 2 1 3 1 2 1 791 1 1 2
2 3 0 0 5 2 1 0 1 8 4 0 13 3 0 5 1 3 1 3 1 870 0 0 1
1 0 5 2 4 7 1 0 5 13 5 1 3 7 2 2 7 1 3 3 3 2 1 2 1 3 1 860 2 2 3
0 0 2 9 1 1 4 1 2 3 6 4 5 13 3 2 0 1 3 1 690 0 0 0
6 13 6 0 1 9 7 2 1 4 4 3 3 1 0 0 5 1 2 2 3 2 1 3 1 912 1 3 1
1 13 3 0 8 5 3 4 7 7 2 3 0 0 3 0 3 1 3 3 1 2 1 836 1 0 2
2 1 5 5 3 7 13 3 4 1 2 8 0 1 2 4 0 1 3 1 858 0 0 0
8 0 0 3 7 4 5 2 1 13 1 3 4 4 6 0 1 2 3 8 0.181818 9 0.272727 10 0.545455 891 0 1 0
4 13 7 4 3 7 3 0 2 0 2 3 1 0 3 0 4 2 2 1 1 1 1 1 1000 2 2 0
0 2 0 1 3 4 5 6 0 0 5 13 2 1 8 3 11 1 2 2 3 1 1 3 2 2 3 3 1 1 1 750 3 4 4
1 1 4 3 3 8 13 7 5 6 5 2 1 3 3 2 1 3 1 2 1 1056 0 0 1
3 1 4 0 3 5 3 0 13 4 0 0 2 6 3 3 9 1 1 2 2 1 3 3 1 2 1 2 1 818 4 3 2
3 3 2 3 3 13 7 3 0 2 5 1 3 0 0 0 6 2 1 3 2 1 3 1 1 1 818 2 2 2
1 4 2 3 0 4 5 3 0 2 13 4 0 0 3 3 0 1 1 1 739 0 0 0
13 4 1 1 6 3 3 0 1 4 2 2 0 5 3 0 9 3 1 3 2 1 1 3 2 2 1 2 1 739 3 3 3
3 5 0 0 0 8 3 4 7 4 13 2 1 3 5 3 10 2 2 2 1 3 1 1 1 3 3 1 2 1 892 4 3 3
1 2 0 3 0 6 1 3 0 3 3 13 5 2 7 1 7 3 3 2 1 1 3 2 1 2 1 815 2 2 3
3 1 1 5 13 4 0 2 4 3 2 0 1 0 2 0 0 1 3 1 779 0 0 0
1 3 4 13 3 2 2 3 0 0 4 3 0 0 1 0 11 3 2 1 3 2 2 2 1 1 3 1 1 3 1 909 4 4 3
6 13 11 4 0 0 8 3 7 3 3 5 0 1 0 0 3 2 1 3 1 2 1 1022 1 1 1
4 1 5 1 3 7 13 3 5 3 0 0 3 2 0 1 9 1 3 1 2 2 3 2 2 3 3 8 0.181818 9 0.272727 10 0.545455 855 2 4 3
3 0 0 0 3 13 3 1 4 10 4 0 1 4 3 2 2 3 3 1 2 1 951 0 0 2
4 13 2 0 2 9 3 1 6 3 1 3 0 3 0 0 11 1 2 3 2 2 3 1 2 1 3 3 1 1 1 669 3 4 4
0 3 1 2 4 3 3 5 2 13 6 7 5 2 2 4 4 1 2 1 1 1 1 1 790 3 1 0
2 3 5 3 3 13 8 4 9 1 0 0 3 2 0 0 3 3 1 1 1 2 1 1013 2 0 1
0 0 3 2 0 4 1 4 0 1 4 13 1 3 2 3 0 1 2 1 833 0 0 0
0 3 0 0 0 3 4 1 0 5 4 13 4 1 6 7 7 1 2 2 1 3 2 3 1 2 1 757 2 3 2
1 4 4 0 2 3 6 3 3 1 4 3 13 6 2 0 11 2 3 2 1 1 3 1 2 1 2 3 1 3 1 891 4 4 3
4 3 0 0 13 3 2 1 6 5 3 2 10 6 1 3 0 3 5 0.428571 6 0.285714 7 0.285714 803 0 0 0
0 2 13 1 4 1 3 1 2 4 2 2 3 0 3 3 0 1 1 1 869 0 0 0
6 4 13 2 1 4 6 3 7 3 1 1 2 3 0 0 0 1 2 1 836 0 0 0
2 3 0 0 5 3 1 1 13 3 0 3 2 4 3 0 7 2 1 2 3 3 2 1 1 1 1 1014 2 3 2
2 5 7 2 0 0 13 3 1 6 4 1 2 3 5 3 8 3 3 1 2 1 1 2 3 1 3 1 847 3 2 3
0 5 6 13 6 9 2 1 2 1 6 3 3 0 0 0 8 2 1 2 1 3 3 3 2 1 1 1 910 2 3 3
13 3 0 0 6 3 2 0 3 5 3 1 0 3 0 2 11 1 1 2 3 3 2 2 1 3 3 1 3 6 0.333333 7 0.333333 8 0.333333 762 4 3 4
3 5 7 6 2 13 3 0 1 4 1 2 2 3 3 0 10 1 3 1 3 1 3 1 2 3 2 1 2 1 839 4 2 4
0 1 3 0 0 4 1 3 0 2 5 3 3 6 13 6 6 2 2 1 2 1 3 1 3 1 844 2 3 1
1 1 2 13 4 3 7 2 0 4 5 3 0 0 0 3 1 1 1 2 1 867 1 0 0
1 2 2 13 2 4 7 6 0 1 3 1 0 0 0 3 0 1 3 1 739 0 0 0
7 3 0 2 5 4 3 1 10 8 3 0 13 3 0 0 3 1 3 2 1 3 1 1107 1 1 1
5 2 4 1 2 1 3 13 4 5 3 4 0 0 6 1 6 3 3 3 3 2 2 1 1 1 902 0 2 4
0 0 1 3 0 2 4 1 3 4 4 3 6 3 13 2 3 1 1 2 1 2 1 914 2 1 0
0 4 13 2 3 3 8 7 4 1 3 5 0 0 1 2 1 2 1 1 1 970 0 1 0
2 4 3 0 3 6 1 1 13 4 3 3 4 2 2 0 8 1 3 2 2 1 1 3 1 1 2 1 748 4 2 2
3 2 2 13 0 3 4 4 4 1 1 4 0 0 0 1 4 1 2 3 3 1 2 1 865 1 1 2
2 2 3 1 2 3 13 3 0 5 3 3 0 0 3 0 2 1 1 1 3 1 955 2 0 0
3 4 0 0 4 0 0 0 13 0 3 1 3 2 5 2 5 1 2 1 1 2 1 3 1 737 3 2 0
7 13 6 4 5 5 8 7 1 6 4 2 1 3 0 0 7 3 2 1 2 1 3 3 1 2 1 841 2 2 3
0 3 13 1 2 3 6 3 3 3 8 5 0 3 5 0 1 1 1 2 1 895 1 0 0
1 3 13 3 0 2 4 6 0 3 7 2 0 0 5 3 1 1 3 8 0.181818 9 0.272727 10 0.545455 899 1 0 0
1 0 5 0 1 3 4 2 3 1 3 2 3 13 2 3 7 1 3 2 3 3 1 2 1 3 1 766 2 2 3
3 5 7 1 1 3 0 13 0 0 2 5 0 0 0 1 6 2 2 3 1 1 2 1 2 1 805 2 3 1
0 0 3 3 0 2 5 13 1 4 6 5 2 0 3 0 7 2 2 3 1 1 1 3 1 3 1 755 3 2 2
4 2 2 3 1 3 4 2 3 1 13 3 2 1 0 2 3 3 1 1 3 7 0.285714 8 0.285714 9 0.428571 903 2 0 1
2 7 3 8 4 13 1 0 2 3 3 4 0 0 1 1 9 1 2 2 3 1 3 2 2 1 1 3 1 861 3 4 2
7 2 13 3 3 3 3 7 1 6 3 4 2 4 0 2 7 3 3 1 1 2 1 2 1 1 1 835 3 2 2
2 4 13 2 0 5 6 4 0 2 1 5 0 0 3 1 3 3 1 2 1 1 1 758 1 1 1
3 13 4 2 8 4 3 1 5 0 6 0 0 0 3 3 10 2 3 2 3 1 2 2 1 1 3 1 1 1 828 3 4 3
0 0 1 0 0 0 0 3 0 3 4 5 1 2 13 1 5 3 2 2 2 3 1 1 1 927 0 3 2
0 3 5 1 1 3 6 13 0 0 3 2 0 1 4 2 6 3 1 1 3 2 2 1 2 1 844 2 2 2
2 0 2 0 0 3 5 1 1 1 2 4 8 13 5 2 10 1 1 3 3 2 2 1 3 2 1 1 3 1 881 4 3 3
0 0 0 3 0 0 1 3 3 3 5 13 6 3 4 3 4 2 2 3 1 1 3 1 932 1 2 1
4 6 13 2 1 1 3 8 0 4 2 1 0 0 2 0 7 3 1 3 3 2 1 2 1 3 1 775 2 2 3
1 13 4 1 6 2 3 0 3 1 4 0 2 3 0 0 3 2 2 1 1 3 1 909 1 2 0
0 0 3 5 3 3 4 6 1 5 13 1 0 2 2 1 3 1 3 2 1 2 1 850 1 1 1
3 2 1 3 2 3 2 4 0 0 1 4 0 6 13 9 0 1 1 1 868 0 0 0
0 0 0 2 3 2 3 1 7 13 8 4 3 8 3 3 5 2 1 1 1 2 1 3 1 790 3 2 0
3 0 0 0 3 2 4 5 8 4 4 6 13 9 2 2 3 1 1 3 1 1 1 928 2 0 1
13 4 4 0 1 6 3 3 3 5 3 0 2 0 0 0 1 2 1 1 1 793 0 1 0
3 2 0 0 4 2 0 0 0 2 13 1 6 4 3 9 8 1 1 1 3 3 2 3 1 1 2 1 928 4 1 3
9 3 3 0 6 2 2 0 3 3 6 0 1 13 4 1 2 1 3 1 2 1 682 1 0 1
0 3 0 0 5 3 1 1 6 13 4 0 4 7 1 0 6 2 1 2 3 2 3 1 2 1 730 1 3 2
0 0 6 3 2 3 13 6 0 3 1 1 3 0 3 3 3 2 2 3 1 1 1 899 0 2 1
3 5 4 3 5 6 5 1 13 4 2 2 3 1 3 0 3 2 1 2 1 1 1 931 1 2 0
4 13 3 2 6 1 0 0 4 4 0 0 1 2 0 0 9 1 1 2 3 3 1 2 3 2 1 3 1 819 3 3 3
0 2 7 13 1 3 5 3 0 1 3 4 0 0 3 2 11 2 3 3 1 1 2 1 2 1 3 3 1 2 1 781 4 3 4
3 0 4 0 3 4 2 1 2 1 3 0 11 13 4 0 9 3 2 1 3 1 3 2 2 1 1 3 1 1060 3 3 3
2 3 0 0 3 3 1 0 8 3 3 1 2 13 5 3 8 1 2 2 1 3 3 2 1 1 3 1 776 3 3 2
0 2 4 3 2 10 9 3 1 5 13 1 0 4 7 2 7 3 3 1 2 1 3 1 1 2 1 850 3 1 3
0 1 1 8 0 3 1 4 2 6 2 4 0 2 3 13 0 1 3 1 800 0 0 0
3 4 4 3 3 1 5 2 13 4 5 0 3 10 6 7 10 2 2 2 3 3 1 2 1 1 3 1 1 1 820 3 4 3
0 2 3 4 0 4 13 4 1 2 6 1 0 3 4 1 10 2 1 2 2 3 2 3 1 3 3 1 1 1 775 2 4 4
3 4 1 4 2 5 1 3 0 13 2 3 3 0 8 3 8 1 2 2 1 2 2 3 1 1 1 1 1013 3 4 1
7 1 0 0 3 5 1 0 13 4 0 2 3 3 3 0 8 3 2 2 1 1 3 2 3 1 3 1 755 2 3 3
1 1 4 0 13 2 0 0 5 3 3 1 2 5 0 0 4 3 3 2 1 1 2 1 830 1 1 2
0 0 1 3 3 3 6 4 0 1 3 13 4 5 2 3 5 1 2 2 3 3 3 7 0.285714 8 0.285714 9 0.428571 735 1 2 2
0 0 3 3 2 4 4 2 5 5 13 9 3 4 4 2 5 1 3 2 1 1 1 1 1 815 3 1 1
4 4 0 0 13 9 4 0 5 7 4 1 2 3 3 0 7 3 1 2 3 1 2 2 1 1 1 949 2 3 2
0 0 2 0 1 0 3 1 0 4 13 1 0 4 7 4 3 2 3 2 1 3 1 935 0 2 1
2 3 13 4 2 5 9 3 1 4 2 1 2 0 0 3 5 3 3 1 1 1 1 2 1 804 3 0 2
0 1 0 2 0 4 1 4 3 3 7 5 2 2 13 1 1 2 1 1 1 829 0 1 0
2 3 1 4 0 5 3 2 0 0 3 13 1 3 2 6 8 1 3 1 1 2 1 3 2 1 2 1 824 4 2 2
3 7 2 3 4 8 4 5 13 2 1 2 3 1 1 0 11 3 3 1 3 3 1 2 1 2 2 2 1 1 1 772 3 4 4
4 1 5 7 0 1 5 13 0 3 2 2 2 2 1 3 0 1 1 1 935 0 0 0
6 3 0 0 4 2 2 0 2 13 1 2 5 1 4 3 3 1 3 1 1 3 1 900 2 0 1
3 0 1 0 4 1 4 2 7 3 1 0 2 13 4 1 6 2 3 1 3 2 2 1 3 1 931 1 3 2
0 0 3 0 1 1 1 0 6 4 4 9 4 3 13 2 4 3 2 3 2 1 3 1 945 0 2 2
0 0 1 3 5 4 4 3 8 13 5 2 1 3 1 3 2 3 2 1 2 1 959 0 1 1
1 8 7 2 1 2 13 2 7 5 1 4 0 4 1 5 2 3 3 1 2 1 880 0 0 2
3 1 4 1 2 7 5 0 13 7 0 1 1 6 5 0 9 3 3 1 2 2 2 3 2 3 3 7 0.285714 8 0.285714 9 0.428571 829 1 4 4
0 0 1 3 0 1 0 5 3 5 1 2 4 3 13 2 2 3 3 1 2 1 851 0 0 2
3 0 1 0 0 0 5 3 3 4 3 3 2 13 4 4 9 1 3 2 2 2 1 1 3 2 1 1 1 832 3 4 2
1 7 3 3 13 3 2 0 1 0 2 0 0 0 2 0 5 3 1 1 3 2 1 3 1 860 2 1 2
4 13 3 3 1 5 2 3 3 6 3 1 2 0 2 0 9 2 1 1 1 3 3 2 1 2 1 3 1 842 4 3 2
3 0 5 0 1 3 2 4 4 3 2 3 1 13 3 4 10 2 2 1 1 3 2 3 1 1 2 1 3 1 932 4 4 2
0 0 0 3 3 8 1 2 1 13 4 0 3 6 3 7 2 3 2 1 3 1 796 0 1 1
0 7 3 2 2 0 5 13 1 3 4 5 3 2 3 1 8 1 3 1 1 2 3 2 2 1 1 1 774 3 3 2
4 13 1 1 3 5 5 0 2 0 4 0 0 3 2 0 8 2 3 3 3 1 2 1 2 1 1 1 671 2 3 3
0 6 13 5 3 2 2 4 0 1 0 0 2 0 0 0 6 3 3 1 1 2 3 1 1 1 857 2 1 3
13 5 1 2 3 1 4 4 2 2 3 0 0 0 0 2 9 3 1 3 2 2 1 3 1 3 1 1 1 820 3 2 4
2 1 0 2 0 3 6 3 0 0 5 13 0 4 3 4 10 3 2 3 1 2 1 1 2 1 3 1 3 1 831 4 3 3
1 0 1 13 3 4 2 2 1 1 6 4 0 0 4 2 10 1 1 3 2 2 3 3 1 2 2 1 3 1 954 3 4 3
1 13 3 3 4 1 6 0 3 1 3 0 2 0 0 0 3 2 2 1 1 2 1 838 1 2 0
4 3 13 4 1 6 5 6 3 0 0 4 3 0 0 3 2 1 2 1 2 1 834 1 1 0
7 2 1 5 2 3 6 3 2 13 3 2 0 1 1 3 8 3 2 3 1 3 1 1 2 1 3 1 854 3 2 3
5 2 3 0 1 13 0 3 4 5 8 2 4 3 4 0 1 1 1 3 1 826 1 0 0
0 0 0 3 7 3 4 3 5 13 7 4 1 2 1 2 10 1 2 1 2 2 3 1 1 3 2 1 3 1 883 4 4 2
0 1 1 3 0 4 0 8 2 5 2 1 3 4 13 3 6 3 3 1 1 2 2 1 2 1 759 2 2 2
0 4 1 0 2 2 3 1 4 13 5 2 1 6 4 0 11 3 1 2 2 3 3 1 3 1 1 2 1 2 1 589 4 3 4
0 0 0 1 0 0 4 2 1 6 3 13 3 3 3 7 9 3 2 2 2 1 3 1 3 1 1 2 1 911 3 3 3
0 0 0 4 1 7 1 5 2 1 13 4 7 5 2 2 2 3 3 1 3 1 796 0 0 2
3 6 4 3 1 7 13 4 3 8 2 4 0 0 6 0 2 1 3 1 2 1 719 1 0 1
3 1 9 13 2 4 3 6 2 2 0 3 0 0 1 0 9 1 2 3 1 3 3 2 3 1 3 4 0.545455 5 0.272727 6 0.181818 887 3 2 4
0 3 2 3 1 0 3 13 3 2 5 4 1 3 4 1 9 3 1 3 2 2 1 3 2 2 1 1 1 802 2 4 3
1 1 0 0 5 1 3 2 3 13 2 0 4 7 4 2 6 2 2 1 1 3 3 1 3 1 943 2 2 2
3 5 3 0 13 5 0 0 2 5 1 3 5 3 2 3 8 1 3 2 3 1 1 2 1 1 2 1 613 4 2 2
3 3 2 1 0 8 5 4 0 1 3 13 4 2 3 1 8 1 2 1 3 1 3 2 2 1 2 1 990 3 3 2
2 1 0 0 5 5 0 3 13 3 1 0 7 6 2 4 11 1 2 3 3 1 2 3 3 2 1 1 1 2 1 894 4 3 4
2 4 5 1 2 3 1 1 0 5 13 2 2 5 8 3 8 1 2 2 3 1 1 3 3 1 3 1 951 3 2 3
3 7 0 0 4 4 1 3 13 7 0 1 2 4 6 3 4 1 2 3 2 1 3 1 849 1 2 1
13 3 1 0 5 1 7 1 4 2 3 3 2 3 2 0 10 3 3 2 1 3 2 2 1 1 2 1 1 1 822 3 4 3
2 3 2 0 1 4 5 3 9 8 13 0 4 3 2 1 0 1 1 1 815 0 0 0
3 1 0 3 0 6 13 3 7 4 5 3 3 1 3 1 6 3 2 1 2 2 3 1 2 1 896 1 3 2
3 4 13 3 4 3 4 1 2 0 6 5 0 0 2 1 4 1 1 2 3 1 2 1 786 2 1 1
2 13 3 5 3 4 6 3 5 0 1 5 2 3 1 0 11 1 1 3 2 2 1 3 2 3 1 3 1 2 1 817 4 3 4
2 2 3 2 1 5 8 4 0 1 6 13 0 0 4 4 9 1 1 3 2 1 2 1 2 3 1 3 1 1019 4 3 2
2 3 0 0 5 13 2 1 4 8 6 2 1 4 2 3 3 3 1 1 1 3 1 849 2 0 1
3 1 0 0 4 4 0 0 13 4 1 2 2 3 5 0 2 3 1 1 2 1 695 1 0 1
0 3 4 3 1 4 6 4 2 0 5 13 2 7 3 1 10 1 2 2 3 3 3 3 2 1 1 3 7 0.285714 8 0.285714 9 0.428571 881 3 3 4
4 3 0 0 1 3 3 0 9 1 1 4 2 13 2 2 2 3 1 1 2 1 975 1 0 1
1 9 5 2 4 13 8 2 1 6 8 9 1 5 1 0 7 3 1 3 3 2 2 2 3 6 0.333333 7 0.333333 8 0.333333 761 1 3 3
1 1 4 3 13 2 0 0 5 4 3 0 4 3 2 2 3 1 2 3 1 1 1 805 1 1 1
3 2 3 13 2 3 2 1 3 5 4 3 4 1 1 1 7 2 3 3 1 2 1 2 1 3 1 811 2 3 2
3 2 8 1 3 3 13 2 3 6 3 4 0 0 1 1 9 3 2 2 1 1 1 2 3 3 1 2 1 864 3 3 3
0 4 0 3 3 2 3 0 3 8 4 3 13 3 5 1 0 1 3 1 862 0 0 0
2 13 3 4 4 3 3 3 3 4 6 1 1 1 0 0 9 3 2 1 2 3 2 2 3 1 1 3 1 923 2 4 3
3 0 0 3 1 0 8 2 6 1 4 4 5 2 13 1 4 2 1 3 3 1 2 1 801 1 1 2
1 3 4 4 2 5 7 2 0 0 3 13 1 4 3 2 2 3 1 1 3 1 866 1 0 1
0 1 5 3 4 2 7 2 1 5 13 3 0 3 1 5 6 3 2 2 1 1 2 1 3 1 868 2 3 1
2 5 3 2 5 13 0 3 1 1 0 0 3 0 2 0 0 1 1 1 885 0 0 0
1 1 2 0 4 4 3 1 2 3 7 10 3 5 13 2 2 2 3 1 1 1 861 0 1 1
1 6 13 4 4 3 3 1 3 2 2 0 2 3 3 0 0 1 1 1 935 0 0 0
2 3 0 5 0 2 7 3 0 3 1 13 0 1 3 4 5 3 2 2 3 1 1 1 1 920 1 2 2
3 4 0 0 7 1 1 3 3 13 4 0 1 6 4 2 1 2 1 2 1 973 0 1 0
0 0 1 0 3 1 0 0 13 2 3 0 2 6 4 1 10 2 1 3 3 1 3 3 2 1 2 1 2 1 898 3 3 4
1 3 13 7 6 5 1 2 3 1 2 4 0 0 2 0 0 1 3 1 765 0 0 0
0 0 2 0 3 4 2 2 4 13 0 1 5 3 0 0 4 3 3 3 1 1 1 1 847 1 0 3
7 5 2 2 1 13 5 3 0 3 4 9 0 4 0 0 0 1 1 1 1041 0 0 0
2 3 0 0 0 6 5 4 1 1 2 7 4 1 13 9 0 1 2 1 643 0 0 0
0 2 4 3 0 9 3 1 0 2 13 4 1 0 7 2 6 3 3 2 1 3 1 1 3 1 852 2 1 3
1 13 4 0 9 5 4 2 4 3 1 0 0 2 2 1 0 3 5 0.428571 6 0.285714 7 0.285714 861 0 0 0
13 4 2 2 9 3 5 2 3 1 3 0 2 3 1 0 3 3 1 3 1 1 1 806 1 0 2
2 4 2 2 6 7 4 3 2 13 0 3 1 1 3 5 3 2 1 1 1 1 1 925 2 1 0
0 3 5 3 5 3 6 7 3 3 13 4 0 3 1 3 6 3 1 2 1 3 2 1 2 1 777 2 2 2
1 6 1 0 5 9 0 0 13 2 2 2 0 3 0 1 1 3 1 3 1 1001 0 0 1
3 3 13 4 3 2 3 7 1 2 2 5 0 3 2 0 6 2 3 1 1 1 3 1 1 1 753 3 1 2
2 5 6 3 9 13 5 0 8 3 4 1 2 3 0 0 7 2 1 3 3 1 1 3 1 2 1 897 3 1 3
0 0 2 1 13 4 5 3 8 2 4 3 1 3 3 3 1 2 1 1 1 724 0 1 0
0 0 0 2 0 0 1 1 2 5 7 1 3 6 8 13 5 1 2 2 3 3 1 3 1 730 1 2 2
9 3 0 0 3 5 0 0 13 0 1 2 5 2 4 1 11 3 3 2 2 1 3 1 1 1 3 2 1 2 1 828 4 3 4
0 1 0 0 3 0 3 3 2 13 9 3 4 4 1 4 0 1 2 1 893 0 0 0
5 1 0 2 2 6 4 3 3 1 13 0 2 3 2 5 8 2 3 3 2 1 1 1 3 1 1 1 713 3 2 3
3 3 2 3 1 13 3 0 5 9 8 4 1 4 2 3 4 3 1 2 1 1 2 1 936 2 1 1
3 1 4 3 2 5 7 6 0 7 4 13 7 0 0 0 10 1 3 3 2 1 2 2 1 2 3 1 1 1 1009 3 4 3
13 7 1 1 6 5 4 0 2 2 3 0 0 0 3 0 5 3 2 1 3 2 1 1 1 816 1 2 2
2 3 7 5 2 13 2 1 3 4 5 3 3 1 6 0 5 3 1 2 1 1 1 2 1 921 3 1 1
3 1 3 2 2 2 5 4 4 3 5 0 7 13 1 0 5 1 3 3 2 3 1 1 1 701 1 1 3
1 13 3 0 2 9 2 0 4 3 3 0 1 1 0 1 8 2 1 3 2 3 2 3 2 1 1 1 876 1 4 3
0 3 3 0 4 1 4 1 5 13 2 1 3 5 2 3 1 2 1 3 1 672 0 1 0
1 0 3 13 0 2 4 3 7 3 1 1 0 3 3 2 6 3 2 2 2 1 3 1 1 1 960 1 3 2
0 0 1 2 3 4 13 6 3 3 4 3 0 3 0 4 0 3 8 0.181818 9 0.272727 10 0.545455 732 0 0 0
6 2 4 3 4 7 4 0 13 3 1 3 3 4 1 0 0 1 2 1 987 0 0 0
3 5 4 0 7 13 3 1 5 2 4 1 1 0 2 0 4 1 2 2 3 1 3 1 753 1 2 1
13 3 3 1 3 5 7 0 3 4 3 0 1 0 2 0 11 3 2 1 3 1 3 2 2 2 3 1 3 5 0.428571 6 0.285714 7 0.285714 826 3 4 4
3 5 2 9 0 1 4 13 1 1 6 3 2 0 3 4 4 1 2 1 2 1 2 1 760 2 2 0
1 4 2 2 3 13 6 0 1 6 1 0 2 4 3 1 1 2 3 4 0.545455 5 0.272727 6 0.181818 790 0 1 0
2 8 13 4 3 1 1 0 4 4 0 2 2 0 0 1 11 2 1 1 2 1 1 3 3 3 2 2 1 3 1 865 4 4 3
0 3 0 0 2 13 1 1 3 5 5 5 2 4 3 3 0 3 4 0.545455 5 0.272727 6 0.181818 733 0 0 0
3 0 2 13 1 3 8 3 0 4 7 3 0 2 1 0 5 1 3 3 1 2 1 2 1 880 2 1 2
4 13 2 1 3 3 7 4 6 0 5 3 2 3 1 7 11 3 1 1 2 1 2 3 3 1 3 2 1 2 1 886 4 3 4
3 4 4 4 9 13 6 2 1 1 4 4 0 0 6 1 4 2 2 3 1 1 2 1 767 1 2 1
4 3 1 0 13 5 0 2 1 7 6 2 3 6 2 3 3 2 1 1 1 3 1 975 2 1 0
0 1 2 2 3 5 5 3 1 13 6 4 3 1 5 2 2 3 1 1 2 1 736 1 0 1
3 5 3 2 2 13 7 0 4 5 2 4 3 4 1 3 8 1 3 1 1 2 2 3 3 1 1 1 823 3 2 3
2 2 0 0 13 0 3 2 4 6 3 1 5 3 0 0 3 3 1 3 1 1 1 864 1 0 2
0 0 2 3 0 5 1 2 1 5 3 6 3 1 13 3 7 3 2 1 2 3 1 3 1 2 1 883 2 2 3
9 13 3 1 4 5 4 3 3 3 7 4 1 1 8 0 6 3 2 2 3 2 2 1 1 1 796 0 4 2
3 1 0 1 4 2 1 0 13 2 0 0 6 5 3 0 4 1 3 3 2 1 2 1 836 1 1 2
0 5 3 13 0 7 3 1 3 1 5 3 0 1 0 4 4 2 2 1 2 1 2 1 789 1 3 0
1 13 3 2 4 2 4 0 3 1 5 3 3 0 3 0 10 2 3 1 2 3 2 3 2 1 1 1 1 1 977 3 4 3
0 1 4 6 0 3 5 13 3 1 4 2 2 1 0 0 4 2 1 3 3 1 2 1 896 1 1 2
0 1 5 2 3 1 4 6 0 7 13 4 4 3 2 3 0 1 3 1 702 0 0 0
0 0 2 1 2 6 1 1 2 3 13 6 3 4 5 4 6 3 1 2 3 3 2 1 1 1 884 1 2 3
3 0 5 0 0 7 6 0 1 6 8 5 4 2 3 13 10 2 2 2 3 1 3 3 1 2 1 1 1 1 899 3 4 3
1 3 5 3 4 4 13 8 0 2 3 3 0 0 3 2 8 3 2 1 2 3 1 1 2 1 1 1 876 3 3 2
3 1 3 2 0 9 5 2 3 3 13 5 0 3 1 4 10 2 2 1 3 2 3 1 1 1 2 1 3 1 850 4 4 2
0 0 4 3 1 0 3 13 1 4 6 2 0 3 2 3 11 3 2 3 1 2 2 1 2 1 3 3 1 1 1 869 3 4 4
0 0 3 2 2 4 13 1 4 6 7 6 3 2 5 4 8 1 3 3 1 2 2 1 1 1 3 1 915 4 2 2
0 3 0 1 0 4 4 3 3 5 3 3 2 3 13 1 3 2 1 2 1 3 1 766 1 2 0
3 4 2 2 2 13 6 5 8 3 1 3 1 2 7 0 2 3 1 1 1 1 1063 1 0 1
5 13 3 0 8 5 3 1 4 5 0 2 0 1 0 0 8 3 1 2 1 3 3 3 2 1 2 1 722 2 2 4
2 0 0 0 4 2 4 1 13 6 4 0 9 3 4 3 4 2 3 1 1 3 5 0.428571 6 0.285714 7 0.285714 791 2 1 1
0 5 2 0 1 2 1 0 4 2 3 10 1 4 13 3 4 1 2 3 1 1 2 1 869 2 1 1
2 0 1 0 13 4 0 3 6 5 7 4 4 4 1 0 7 2 2 3 3 2 3 1 1 1 1 855 1 3 3
1 2 4 0 7 5 5 1 6 4 4 7 4 13 9 3 4 3 2 1 2 1 3 1 844 1 2 1
1 3 0 0 2 4 0 7 1 5 13 0 3 2 4 2 2 1 2 1 1 1 863 1 1 0
0 0 3 2 0 1 0 5 0 3 7 6 2 0 13 1 1 3 1 3 1 713 0 0 1
0 1 1 4 2 0 6 13 0 5 2 7 0 0 0 4 2 2 3 1 1 1 954 0 1 1
0 3 3 2 1 3 3 13 9 5 2 3 0 3 0 1 1 3 1 3 1 998 0 0 1
2 2 0 0 1 4 3 0 1 4 4 0 3 13 4 2 10 1 2 1 3 3 1 2 2 3 1 1 3 1 716 4 3 3
2 0 1 1 2 3 2 3 5 9 13 0 2 10 1 3 1 3 1 1 1 741 0 0 1
0 2 0 0 1 2 1 1 3 13 5 0 7 8 3 4 1 2 1 3 1 681 0 1 0
5 7 6 3 2 13 7 1 3 4 1 0 1 2 0 0 1 3 1 2 1 1033 0 0 1
0 1 0 0 1 3 0 0 13 4 2 1 4 6 2 0 2 2 3 1 3 1 941 0 1 1
4 13 4 2 0 7 9 9 2 1 5 1 0 3 0 3 11 1 2 3 1 2 1 3 3 2 2 3 1 1 1 790 3 4 4
3 13 4 1 1 5 5 3 3 0 4 0 2 2 0 0 0 1 3 1 853 0 0 0
4 7 1 0 13 3 3 0 2 2 3 3 3 3 0 0 0 1 1 1 912 0 0 0
0 0 0 3 0 3 6 6 3 5 3 2 1 4 13 3 11 1 3 3 2 1 2 1 3 3 1 2 1 2 1 898 4 3 4
1 1 13 2 2 3 3 5 2 0 0 6 2 0 0 3 7 3 3 3 2 3 1 1 1 1 1 758 2 1 4
0 0 3 0 0 5 3 4 0 3 13 2 2 0 1 3 6 3 1 1 2 1 2 1 3 1 838 3 2 1
0 3 6 13 0 2 3 4 0 2 3 3 3 3 5 1 0 1 1 1 734 0 0 0
2 3 5 13 3 7 1 7 5 9 1 1 2 3 0 3 2 1 2 1 2 1 884 1 1 0
4 8 4 2 3 13 4 1 1 8 9 5 2 4 2 3 2 2 1 1 1 1 707 1 1 0
1 3 0 2 0 5 1 3 0 2 1 13 0 2 0 4 9 2 3 3 1 3 2 3 1 2 1 1 1 820 2 3 4
0 1 1 3 2 6 4 3 0 1 13 2 0 3 5 9 3 3 3 2 3 4 0.545455 5 0.272727 6 0.181818 911 0 1 2
0 0 3 1 0 1 2 3 3 3 13 9 6 5 4 5 0 1 2 1 879 0 0 0
2 3 13 3 3 6 5 0 2 4 4 0 2 2 1 0 3 3 1 1 1 1 1 977 2 0 1
1 0 0 0 4 3 0 2 4 6 3 6 13 3 4 9 11 1 3 3 1 1 2 3 2 1 3 2 1 2 1 937 4 3 4
4 3 0 0 4 13 0 0 5 7 3 2 0 0 1 0 7 1 2 1 1 2 3 3 1 2 1 887 3 2 2
0 1 3 0 6 5 2 0 13 6 3 2 1 6 3 0 3 3 3 1 1 2 1 727 1 0 2
1 9 1 0 3 0 5 3 2 4 3 7 2 13 8 1 3 2 3 3 3 6 0.333333 7 0.333333 8 0.333333 885 0 1 2
0 0 1 7 1 3 6 5 1 3 6 13 2 2 3 8 2 2 3 1 3 1 757 0 1 1
3 1 1 3 0 2 13 5 3 5 2 2 2 0 0 3 1 1 1 1 1 1057 1 0 0
2 2 2 3 0 6 3 2 1 3 13 8 0 0 7 1 2 1 1 1 3 1 903 2 0 0
0 0 1 0 3 6 0 3 2 10 13 0 2 3 1 3 11 1 1 3 1 3 2 1 3 2 3 2 1 2 1 1001 4 3 4
0 0 2 0 4 3 3 1 4 7 3 0 13 4 4 0 8 3 1 2 2 2 1 3 3 1 1 1 777 2 3 3
3 0 0 0 3 1 5 2 4 5 4 0 13 3 4 5 5 1 1 3 2 2 1 3 1 871 2 2 1
13 7 5 3 2 3 1 2 2 5 1 0 1 7 0 0 9 2 3 3 2 1 3 2 1 3 1 1 1 829 2 3 4
3 9 13 2 2 3 6 0 2 4 4 1 0 3 1 0 2 1 3 1 3 1 935 1 0 1
4 5 2 3 13 5 3 0 6 4 1 3 0 0 1 0 2 1 2 1 2 1 782 1 1 0
0 0 4 6 1 0 3 13 0 3 4 9 0 2 0 5 4 1 3 2 3 3 6 0.333333 7 0.333333 8 0.333333 772 1 1 2
1 0 0 3 0 0 1 1 0 3 2 4 2 2 13 3 7 3 1 3 2 3 1 2 1 3 1 917 2 2 3
4 5 13 7 0 1 5 4 2 4 2 3 0 0 1 1 8 2 3 3 2 3 2 3 1 1 1 1 887 1 3 4
1 3 5 2 4 5 13 4 3 2 3 5 0 0 0 1 3 1 3 2 1 3 1 819 1 1 1
13 7 4 0 3 4 3 1 3 6 4 2 2 3 2 0 6 3 1 3 2 1 1 3 6 0.333333 7 0.333333 8 0.333333 742 3 1 2
0 0 2 3 1 2 4 13 3 5 4 1 0 0 5 3 1 2 1 1 1 771 0 1 0
2 3 9 3 1 3 13 8 3 6 1 4 1 4 3 1 5 2 3 2 3 3 1 2 1 873 0 2 3
1 7 2 0 8 6 2 3 5 13 0 0 4 1 4 0 10 3 2 1 3 2 2 3 2 1 1 1 1 1 942 3 4 3
0 4 13 2 1 5 4 6 0 3 4 0 3 1 3 2 10 3 1 3 3 1 2 2 1 2 2 1 1 1 919 3 4 3
1 3 2 6 0 4 5 3 3 3 1 13 1 3 5 2 0 1 2 1 820 0 0 0
2 0 0 0 2 3 0 3 5 4 3 1 1 13 4 0 3 1 3 3 1 2 1 787 1 0 2
0 0 9 8 2 1 13 3 6 3 7 6 2 4 6 1 11 3 3 1 3 2 2 2 3 1 1 1 1 2 1 885 4 3 4
1 1 4 2 0 3 9 4 0 0 13 3 2 3 3 1 7 3 2 2 3 2 1 3 1 1 1 1003 1 3 3
5 13 4 4 3 3 1 0 2 2 3 0 0 0 1 0 7 3 2 3 1 1 2 2 1 1 1 862 2 3 2
0 1 1 3 0 8 5 13 0 5 3 1 2 0 2 3 0 1 2 1 821 0 0 0
0 3 0 1 0 2 3 1 2 5 4 3 3 4 13 4 5 2 2 3 1 3 1 1 1 803 1 2 2
2 2 4 3 1 6 2 6 0 5 8 13 1 3 1 6 3 2 3 3 1 1 1 792 0 1 2
13 2 6 0 1 4 4 0 4 3 2 0 1 3 0 3 1 2 1 1 1 744 0 1 0
3 1 5 1 4 6 7 3 1 8 13 10 2 2 2 8 4 2 1 3 1 1 2 1 855 2 1 1
3 3 3 1 2 3 4 3 0 0 6 13 0 3 2 3 2 1 1 1 2 1 999 2 0 0
3 1 3 0 3 2 2 2 3 13 4 0 1 1 1 6 5 1 2 2 3 3 1 3 1 862 1 2 2
10 9 5 2 5 13 8 4 0 0 4 3 0 2 2 1 4 1 1 3 3 3 7 0.285714 8 0.285714 9 0.428571 826 2 0 2
3 2 0 0 4 6 5 1 5 13 7 5 3 1 4 2 8 1 1 2 3 1 3 3 2 1 2 1 701 3 2 3
0 0 3 2 5 1 9 0 3 13 8 3 4 2 2 4 3 3 1 3 1 1 1 758 1 0 2
0 0 0 2 2 3 2 3 1 5 4 3 4 13 2 3 4 1 1 3 1 1 3 1 999 3 0 1
1 4 3 2 13 6 7 3 3 2 3 0 0 0 0 3 1 3 1 1 1 1010 0 0 1
1 8 2 5 1 6 13 0 0 3 5 3 0 5 0 2 11 2 1 1 3 3 2 3 1 1 2 2 1 3 1 856 4 4 3
4 13 3 2 0 9 10 4 0 0 3 3 0 3 0 0 8 3 1 1 2 2 1 2 1 1 3 1 836 4 3 1
0 3 0 3 2 8 4 1 2 1 4 0 13 3 0 2 0 1 1 1 909 0 0 0
3 2 3 0 1 1 5 0 2 5 1 0 2 13 3 2 10 1 1 1 2 3 3 2 1 2 3 1 3 1 786 4 3 3
4 3 13 7 1 4 3 3 3 7 3 0 2 2 2 0 4 3 1 1 1 1 2 1 890 3 0 1
0 1 0 7 2 1 7 4 4 9 10 13 2 4 2 7 10 3 3 1 2 1 2 3 1 3 1 1 2 1 996 4 2 4
3 5 3 3 4 3 13 4 4 1 3 2 0 0 1 0 7 3 1 2 1 2 3 2 1 3 1 840 2 3 2
3 6 4 2 3 13 10 3 3 8 4 1 0 0 0 4 8 1 3 2 1 2 2 2 1 1 1 1 812 3 4 1
3 4 13 1 5 2 4 1 4 3 2 3 0 2 1 4 6 3 2 1 1 1 2 1 2 1 762 3 2 1
2 5 3 9 3 1 3 13 1 4 7 1 0 2 1 5 2 3 2 1 2 1 780 0 1 1
0 0 3 1 0 3 4 9 3 3 3 13 0 5 2 3 10 1 1 3 3 2 1 2 2 1 2 1 3 1 904 4 4 2
3 6 13 10 1 1 4 2 9 3 4 0 2 0 3 0 1 2 1 1 1 991 0 1 0
1 3 0 2 0 2 0 0 0 4 1 1 0 5 13 3 2 2 1 1 2 1 955 1 1 0
3 5 13 4 2 6 4 3 3 0 1 0 0 0 0 1 7 1 2 1 3 3 2 2 1 3 1 812 2 3 2
0 6 3 3 3 4 13 5 4 3 4 1 0 0 0 2 7 2 1 1 3 2 3 1 1 2 1 804 3 2 2
2 4 4 0 4 3 4 0 13 6 3 0 3 6 1 2 5 2 1 1 3 1 1 2 1 846 3 1 1
3 4 3 2 13 4 0 8 6 7 6 3 4 1 5 2 10 3 3 3 1 1 1 1 2 2 2 1 3 1 907 4 3 3
2 5 13 0 4 7 1 2 3 4 0 0 3 6 0 0 9 1 2 1 3 3 3 1 1 2 1 2 1 950 4 2 3
2 1 1 0 8 3 1 8 2 6 3 0 13 3 7 2 2 3 3 3 8 0.181818 9 0.272727 10 0.545455 875 0 0 2
4 6 3 3 13 5 3 0 4 5 1 3 3 0 3 0 4 1 3 3 2 1 2 1 923 1 1 2
0 3 5 3 2 1 3 13 0 0 6 10 0 0 3 3 8 1 2 3 3 3 2 1 1 1 2 1 871 3 2 3
13 1 4 2 3 9 3 1 1 5 1 3 4 0 3 0 4 3 3 2 2 1 2 1 985 0 2 2
2 3 3 1 0 5 13 3 2 3 1 5 0 0 3 3 11 3 1 2 1 2 1 2 3 3 2 1 1 3 1 745 4 4 3
0 3 2 3 2 4 6 4 3 3 3 13 2 4 1 6 4 1 2 1 1 1 3 1 996 3 1 0
3 10 4 0 8 13 4 0 7 1 8 3 5 3 2 2 11 1 1 2 2 3 2 1 1 3 3 3 3 7 0.285714 8 0.285714 9 0.428571 833 4 3 4
5 4 0 1 13 3 3 0 6 0 0 0 4 3 1 0 8 3 2 1 2 2 2 3 1 1 3 1 844 2 4 2
2 1 0 3 0 3 4 13 3 5 1 4 3 2 2 2 1 1 1 1 1 709 1 0 0
2 3 4 1 13 0 0 0 4 5 7 3 3 0 1 0 10 1 3 2 3 2 1 2 1 3 2 1 3 1 854 3 4 3
0 0 1 2 4 3 4 4 3 1 13 3 2 6 5 7 6 2 3 3 2 1 3 1 1 1 777 1 2 3
6 2 0 0 13 1 3 1 5 7 3 2 5 0 0 0 11 3 2 1 1 2 1 3 3 2 3 2 1 1 1 899 3 4 4
2 0 0 0 2 2 3 5 0 1 8 3 0 4 3 13 9 3 1 3 1 3 1 2 2 3 1 1 1 873 3 2 4
2 3 1 3 0 6 13 5 1 4 4 4 0 0 1 1 7 3 2 2 3 3 2 1 1 2 1 941 1 3 3
1 3 3 0 5 5 8 5 4 13 3 6 2 1 2 1 9 3 1 1 2 2 3 2 2 1 1 3 1 947 3 4 2
3 4 0 0 0 9 8 3 3 4 13 3 1 2 1 1 8 3 2 3 3 2 1 2 2 1 1 1 898 1 4 3
13 3 2 3 3 5 5 3 2 4 1 0 0 0 0 2 8 1 3 2 1 2 3 3 1 1 1 1 819 3 2 3
5 3 1 0 7 4 3 0 13 1 2 2 9 7 4 5 4 2 1 3 3 1 3 1 830 1 1 2
0 0 0 1 0 3 2 3 1 3 2 13 1 5 3 9 4 1 2 3 3 1 2 1 716 1 1 2
2 3 2 3 3 13 2 2 5 7 3 3 1 2 1 1 4 1 1 3 1 1 2 1 758 3 0 1
1 9 0 2 1 3 0 2 1 4 3 3 2 3 13 8 7 3 1 2 1 3 3 2 3 7 0.285714 8 0.285714 9 0.428571 875 2 2 3
5 8 3 2 1 13 7 3 5 7 3 0 3 1 1 0 5 3 2 3 1 2 1 2 1 814 1 2 2
3 13 4 3 5 6 3 3 4 5 1 3 3 0 0 2 1 1 1 2 1 883 1 0 0
1 1 5 2 3 4 2 2 13 7 0 2 3 0 1 0 8 3 1 3 1 2 3 3 2 1 1 1 923 2 2 4
1 13 3 5 9 6 6 4 4 4 3 0 2 1 0 0 3 2 3 1 1 2 1 762 1 1 1
0 0 5 2 2 4 5 1 4 9 6 4 0 3 3 13 3 1 2 3 1 1 1 650 1 1 1
0 0 0 1 3 2 4 0 13 7 4 2 1 3 3 3 5 3 2 3 1 1 1 2 1 763 2 1 2
0 0 1 3 2 3 1 3 0 7 13 7 1 4 2 4 2 3 3 1 2 1 760 0 0 2
5 0 2 0 3 3 6 0 8 13 4 0 3 7 3 1 9 3 3 3 2 2 1 1 1 3 1 2 1 942 3 2 4
3 4 2 2 5 7 13 0 2 1 0 1 3 0 0 3 5 3 3 3 2 1 1 1 1 766 1 1 3
0 0 8 2 1 5 0 4 0 8 13 3 0 3 5 3 11 1 3 3 3 1 2 1 2 3 2 1 1 2 1 957 4 3 4
2 4 1 3 7 13 3 2 3 5 4 0 1 0 3 3 10 2 2 3 2 1 1 1 3 3 1 1 2 1 846 4 3 3
0 1 0 0 4 5 4 1 13 3 3 2 4 2 6 1 5 2 1 2 3 1 1 2 1 823 2 2 1
13 3 2 1 7 7 0 0 3 6 3 0 0 0 0 1 7 2 2 3 2 1 1 3 1 3 1 827 2 3 2
3 0 3 0 2 8 5 3 0 2 4 1 4 13 6 1 10 3 1 1 3 2 1 3 1 2 2 1 2 1 882 4 3 3
0 8 1 3 0 4 4 13 1 1 5 4 0 3 2 0 3 2 1 2 1 2 1 968 1 2 0
0 0 0 2 2 0 1 4 0 6 6 7 1 5 13 2 10 3 2 1 1 2 3 3 3 1 2 1 1 1 907 3 3 4
3 1 1 2 0 4 5 2 1 8 13 4 5 1 0 2 8 2 2 2 1 3 1 3 1 1 2 1 873 3 3 2
2 0 3 3 0 6 3 9 0 1 13 4 5 3 6 2 4 1 3 3 3 1 3 1 868 1 0 3
3 3 3 13 9 6 3 2 0 0 3 4 0 0 4 1 9 1 1 2 1 3 3 2 2 2 1 1 1 843 3 4 2
2 1 0 0 0 6 4 3 1 2 7 5 13 4 1 3 2 2 1 1 2 1 935 1 1 0
3 1 0 3 3 6 1 0 2 6 2 4 3 13 2 0 3 2 1 1 3 4 0.545455 5 0.272727 6 0.181818 851 2 1 0
2 13 4 2 5 5 3 0 3 8 4 0 4 0 2 3 5 1 1 2 1 1 1 3 1 819 4 1 0
0 1 0 1 2 5 7 3 2 0 2 13 5 3 1 3 11 1 3 3 1 1 2 2 2 2 3 1 1 3 1 869 4 4 3
0 5 2 3 0 3 2 13 0 4 6 7 1 0 3 3 7 2 2 1 1 1 3 3 3 5 0.428571 6 0.285714 7 0.285714 908 3 2 2
3 3 2 3 1 6 13 1 3 9 1 0 0 3 0 3 8 1 2 3 1 2 2 3 3 1 2 1 808 2 3 3
3 5 3 2 2 7 13 5 4 1 4 1 0 3 0 3 11 1 3 1 3 3 3 2 1 2 2 2 1 1 1 930 3 4 4
1 0 0 0 2 1 0 2 4 5 5 0 4 4 13 3 0 1 3 1 902 0 0 0
1 1 6 4 3 4 3 13 9 4 3 2 0 2 0 3 9 1 3 2 2 1 3 2 2 1 1 1 1 815 3 4 2
0 2 3 2 0 2 2 4 3 3 1 13 1 3 1 3 8 3 2 2 1 1 1 3 1 1 2 1 712 4 2 2
0 0 1 0 2 2 4 1 0 5 5 5 3 3 3 13 3 1 3 2 1 3 1 872 1 1 1
4 2 1 1 5 3 3 0 13 2 1 3 3 0 5 0 1 2 1 3 1 812 0 1 0
8 2 1 0 7 3 3 0 1 2 6 2 4 13 3 3 2 2 1 1 1 1 807 1 1 0
5 3 1 0 3 3 5 0 2 4 3 1 3 13 4 1 1 2 1 2 1 827 0 1 0
0 3 0 2 1 7 7 1 4 2 4 0 13 8 1 4 2 3 3 1 2 1 864 0 0 2
4 3 13 4 0 7 3 3 2 1 4 2 0 1 3 0 11 3 3 1 1 3 2 3 2 1 2 1 1 2 1 899 4 3 4
3 0 1 2 13 5 3 0 5 4 0 0 8 1 2 0 7 3 1 2 1 3 3 3 1 2 1 838 2 1 4
0 0 2 0 0 1 5 3 6 1 13 3 3 5 5 3 0 1 2 1 895 0 0 0
3 5 3 2 13 0 0 0 7 4 3 2 1 0 3 1 3 1 1 2 1 2 1 824 2 1 0
3 4 3 2 1 4 13 4 0 5 3 4 0 2 1 3 2 3 1 1 2 1 733 1 0 1
4 7 13 1 4 5 3 1 4 9 2 0 0 1 0 3 8 3 2 1 1 3 3 2 2 1 2 1 853 2 3 3
3 3 1 1 13 6 5 0 5 4 0 0 1 1 0 0 7 2 2 3 3 2 3 3 1 2 1 738 0 3 4
0 3 0 0 1 0 3 0 13 5 5 0 10 3 3 3 9 2 2 3 2 1 1 3 1 3 1 2 1 915 3 3 3
1 0 0 0 0 2 9 2 2 6 7 8 4 1 13 3 2 3 1 1 3 1 1013 1 0 1
9 13 6 5 2 3 5 8 4 5 4 2 2 1 1 0 8 1 3 1 3 3 3 2 2 1 1 1 760 2 2 4
0 0 1 0 0 2 1 5 3 5 4 5 2 3 13 6 8 3 1 2 1 3 2 3 1 1 2 1 758 3 2 3
2 0 1 2 4 0 8 0 7 7 7 4 4 13 3 1 4 3 1 2 1 1 2 1 992 2 1 1
0 2 3 2 1 6 4 3 0 2 13 1 1 7 9 7 9 3 1 3 3 3 2 2 1 2 1 1 1 776 2 3 4
1 9 3 0 13 8 2 1 2 5 3 3 0 3 5 1 4 3 1 3 2 1 2 1 743 1 1 2
1 0 2 0 5 5 6 2 6 7 3 1 2 2 13 0 2 1 3 1 1 1 916 1 0 1
3 5 5 0 13 8 7 1 3 2 10 0 2 4 0 0 0 1 1 1 866 0 0 0
2 2 6 0 13 5 0 0 3 6 1 3 1 5 4 2 10 3 1 1 3 1 2 3 1 2 2 1 3 1 811 4 3 3
3 2 3 2 7 3 1 1 13 4 5 1 2 8 5 1 11 2 2 3 1 2 3 3 3 1 1 2 3 4 0.545455 5 0.272727 6 0.181818 868 3 4 4
0 0 0 2 4 1 3 3 3 7 3 6 3 5 13 5 1 3 1 3 1 712 0 0 1
0 2 0 0 0 0 2 4 5 3 5 7 1 3 4 13 2 1 3 1 3 1 794 1 0 1
2 4 4 4 0 2 5 3 0 1 8 13 0 3 3 1 7 2 1 2 1 3 3 2 1 1 1 905 2 3 2
1 13 3 1 5 3 7 4 4 0 3 3 0 0 2 0 3 3 2 1 1 2 1 851 1 1 1
1 13 2 4 4 3 8 3 0 0 5 2 2 0 1 0 7 3 2 3 2 3 1 1 1 1 1 848 2 2 3
0 3 6 1 0 0 7 13 2 4 3 4 1 0 3 7 10 3 2 1 2 1 3 2 3 3 2 1 1 1 823 2 4 4
2 1 1 3 4 4 4 6 5 2 13 1 0 0 1 5 5 1 2 3 2 3 1 2 1 893 1 2 2
4 7 9 2 8 6 13 4 1 4 0 2 0 0 3 2 1 1 1 1 1 1012 1 0 0
2 5 13 5 3 7 3 3 0 4 0 3 0 2 0 1 2 3 3 1 1 1 634 0 0 2
3 9 5 0 13 3 1 1 4 3 1 3 2 5 0 0 7 3 2 3 3 1 3 2 1 2 1 806 1 2 4
0 3 13 6 4 5 5 10 3 4 5 6 0 0 3 3 9 2 3 1 2 1 2 1 3 1 1 2 1 842 4 3 2
2 10 3 1 13 4 3 3 3 5 3 0 2 5 0 0 1 1 1 3 1 872 1 0 0
0 0 0 1 3 2 5 2 13 6 7 0 3 3 1 4 0 1 3 1 976 0 0 0
0 3 3 1 0 2 8 4 0 0 13 5 1 4 4 3 1 3 1 2 1 800 0 0 1
0 2 3 5 1 4 6 13 0 0 3 3 3 0 4 0 0 1 3 1 879 0 0 0
0 0 3 4 3 2 4 5 0 3 6 13 0 0 3 6 5 1 1 3 1 2 1 2 1 923 3 1 1
5 8 1 0 7 13 4 6 3 4 2 2 9 6 4 0 1 1 1 3 1 880 1 0 0
3 8 10 3 13 9 3 5 3 4 9 0 0 1 3 2 5 1 3 3 2 1 1 2 1 1131 2 1 2
1 0 0 0 0 0 5 1 2 4 4 0 5 13 5 2 11 3 2 3 2 1 3 2 2 3 1 1 1 1 1 808 3 4 4
0 2 4 1 1 3 5 13 0 3 3 2 0 1 0 0 2 3 2 1 3 1 891 0 1 1
2 7 6 4 1 3 5 2 0 4 2 13 0 0 1 0 2 3 1 1 3 1 740 1 0 1
4 2 3 0 13 6 4 0 5 3 1 3 3 2 0 0 0 1 1 1 782 0 0 0
0 1 3 5 2 8 4 3 1 3 4 13 0 2 8 4 9 2 2 2 1 3 3 1 1 3 1 3 1 833 3 3 3
0 0 3 2 1 5 6 3 2 5 13 6 1 6 4 2 7 1 1 3 2 3 1 2 1 3 1 851 3 2 2
0 0 2 0 3 3 0 0 9 13 4 0 6 4 9 6 1 3 1 1 1 934 0 0 1
0 1 0 3 1 4 2 2 0 2 4 13 2 3 5 1 2 3 1 1 3 1 905 1 0 1
3 0 3 0 5 3 0 1 2 5 4 2 13 7 1 0 7 3 1 2 2 3 1 1 1 2 1 747 3 2 2
4 1 5 2 1 13 4 4 0 2 0 3 0 2 0 0 6 3 1 1 1 2 3 1 2 1 909 3 1 2
0 0 0 3 2 1 5 0 6 4 6 5 3 13 7 5 7 2 3 3 2 2 1 1 1 1 1 925 2 3 2
3 0 0 2 4 1 3 0 13 7 5 0 3 2 5 4 8 2 2 1 2 1 3 1 1 1 3 1 688 4 3 1
3 5 9 3 3 13 5 0 4 0 4 3 0 0 0 2 2 2 1 1 1 1 856 1 1 0
3 5 2 0 1 7 3 3 1 5 13 2 4 2 4 3 7 3 1 1 1 3 2 2 1 3 1 740 3 2 2
0 2 0 0 0 0 2 0 5 5 4 3 3 13 5 4 9 1 3 1 2 2 3 1 3 1 1 3 1 789 4 2 3
0 1 3 0 0 5 0 0 6 2 1 4 2 3 13 7 11 3 2 2 1 1 2 3 1 3 3 1 1 2 1 746 4 3 4
0 1 0 0 5 2 0 3 6 5 3 0 3 13 7 3 7 1 2 3 2 3 1 1 1 2 1 802 3 2 2
2 1 3 0 0 2 7 1 0 6 13 3 0 4 6 2 10 3 2 1 1 2 3 2 3 3 1 1 1 1 797 3 3 4
0 4 2 3 4 2 13 3 0 0 0 5 0 0 3 1 7 2 3 1 3 1 3 2 1 1 1 796 2 2 3
13 7 0 9 3 6 4 0 3 4 1 3 2 2 3 0 0 1 1 1 1035 0 0 0
3 3 0 0 0 5 0 0 10 6 3 3 13 7 3 2 7 2 2 1 1 1 3 1 1 2 1 875 4 2 1
1 5 2 3 4 10 13 1 2 5 0 3 2 0 3 0 0 1 1 1 832 0 0 0
3 1 4 4 0 3 13 6 0 0 3 4 0 1 0 2 7 3 2 1 1 2 3 2 1 3 1 790 2 3 2
2 2 13 4 2 3 3 4 4 1 0 1 0 1 0 1 0 1 2 1 843 0 0 0
0 2 2 8 3 1 5 13 2 3 4 7 0 1 1 4 3 1 3 2 1 3 1 808 1 1 1
0 0 3 0 0 0 2 5 3 4 5 1 3 3 13 3 11 1 2 1 2 2 3 3 1 2 3 1 1 3 1 1035 4 4 3
0 0 0 3 0 0 0 4 2 2 0 5 0 5 3 13 9 1 1 2 2 1 1 3 3 3 1 3 1 939 4 2 3
1 4 1 3 5 9 3 0 3 2 13 0 2 0 6 0 3 2 1 3 1 3 1 979 1 1 1
0 3 2 4 0 0 4 6 2 1 5 13 0 0 3 1 4 1 2 3 3 1 3 1 853 1 1 2
2 4 0 3 2 3 6 3 13 8 2 0 3 3 0 0 4 3 1 3 1 1 1 1 823 2 0 2
13 3 3 3 6 8 7 2 1 4 5 3 0 0 0 1 0 1 2 1 814 0 0 0
0 1 6 0 5 3 4 2 2 8 7 2 4 13 5 3 5 2 1 3 1 1 1 3 1 924 3 1 1
0 0 1 0 3 1 3 2 0 3 3 5 2 5 13 3 0 1 3 1 863 0 0 0
0 0 0 3 0 4 3 13 0 3 3 6 3 2 1 3 10 1 3 3 1 3 1 2 2 1 2 1 2 1 756 4 3 3
0 2 0 0 6 1 3 0 7 4 4 1 2 13 5 6 9 2 1 3 3 1 1 2 2 3 1 3 1 873 3 3 3
3 0 0 2 3 1 5 6 1 2 13 4 2 3 4 3 4 1 3 1 3 1 2 1 886 2 0 2
2 4 1 3 3 5 5 0 9 13 3 0 3 8 0 3 9 2 2 1 3 2 1 1 3 1 1 2 1 855 4 3 2
13 6 3 1 3 1 3 0 2 2 0 0 0 2 0 0 9 3 1 2 3 3 2 3 1 1 3 8 0.181818 9 0.272727 10 0.545455 679 3 2 4
3 1 0 0 4 4 5 0 4 6 4 0 6 13 3 2 0 1 3 1 688 0 0 0
2 1 3 1 0 0 7 5 0 3 3 13 0 0 3 7 5 3 3 2 1 2 1 3 1 679 1 2 2
0 3 6 3 2 1 7 13 0 3 4 2 0 1 3 3 10 1 2 1 2 1 1 2 3 2 3 1 3 1 708 4 4 2
0 0 1 4 2 1 3 8 0 0 4 4 0 4 13 7 1 3 1 2 1 830 0 0 1
5 2 3 3 4 13 6 1 5 3 4 3 2 0 2 3 4 1 1 3 2 1 1 1 866 2 1 1
0 0 3 2 3 0 4 5 0 4 1 7 0 1 2 13 11 1 2 1 1 3 2 1 2 3 3 3 1 2 1 973 4 3 4
1 0 2 0 3 1 3 2 7 5 4 4 3 1 13 3 5 1 2 1 2 3 1 2 1 799 2 2 1
2 4 1 0 4 13 3 3 1 8 3 2 4 4 5 0 10 2 1 3 2 1 2 1 1 3 3 1 2 1 873 4 3 3
0 3 3 3 0 2 4 5 0 1 5 13 1 2 3 6 11 2 3 3 1 3 2 1 1 1 2 3 1 2 1 797 4 3 4
1 0 2 1 8 3 4 2 7 0 7 3 1 13 4 5 7 2 3 1 3 3 2 2 1 1 1 773 1 3 3
1 3 7 4 0 4 13 2 2 4 6 1 0 3 8 9 11 3 2 2 3 1 1 3 3 1 2 1 1 2 1 1133 4 3 4
0 3 8 3 3 3 1 13 0 6 5 7 0 1 4 1 3 3 2 2 1 2 1 856 0 2 1
2 1 0 0 4 3 3 2 1 1 13 8 2 3 1 4 4 3 2 1 3 1 2 1 761 1 1 2
0 2 3 0 4 6 0 0 13 4 3 2 4 3 3 5 6 1 1 3 1 3 3 1 2 1 732 3 0 3
0 0 0 3 0 0 6 3 2 4 8 13 3 3 4 9 4 1 1 3 3 1 2 1 816 2 0 2
13 1 4 0 9 7 2 6 3 6 5 3 1 4 2 0 2 1 3 1 2 1 908 1 0 1
2 0 0 0 0 5 1 2 1 2 1 6 3 5 13 1 1 2 1 3 1 892 0 1 0
0 0 3 3 3 3 6 1 7 13 3 5 9 1 5 3 4 3 1 2 2 1 2 1 929 1 2 1
0 0 0 4 9 7 1 3 3 13 5 2 0 3 3 3 9 2 1 2 1 3 2 2 1 1 1 3 1 796 4 4 1
0 3 0 3 0 3 5 4 2 3 5 13 3 4 6 1 5 1 1 2 3 3 1 2 1 982 2 1 2
9 1 4 3 0 8 6 3 0 13 5 1 0 5 3 2 4 3 3 1 2 1 2 1 937 1 1 2
0 2 4 13 3 6 4 3 1 2 3 8 0 1 0 0 1 2 1 1 1 843 0 1 0
2 3 0 4 0 3 13 2 0 4 1 6 3 5 3 1 8 2 1 2 2 3 1 1 3 1 3 1 877 3 3 2
1 0 1 2 0 4 13 3 2 8 5 2 3 1 3 1 10 3 2 1 3 2 2 1 2 3 3 1 1 1 777 2 4 4
1 1 7 2 13 6 3 0 2 5 3 0 4 0 2 3 0 1 1 1 1017 0 0 0
0 2 0 3 1 3 3 6 3 10 2 5 3 2 13 3 2 3 1 1 1 1 915 1 0 1
3 1 0 0 13 3 1 2 9 5 4 3 2 3 2 4 1 1 1 3 1 1001 1 0 0
3 3 1 2 3 8 13 3 3 5 10 3 0 0 0 2 2 3 3 1 1 1 798 0 0 2
1 3 0 0 7 4 1 3 2 13 5 6 9 4 2 3 1 1 1 2 1 865 1 0 0
3 0 2 0 6 4 4 0 3 13 4 2 2 1 4 1 6 2 1 3 3 1 3 1 3 1 800 2 1 3
3 1 9 7 3 0 4 13 1 4 7 2 0 0 3 2 10 1 3 2 1 3 2 1 1 3 2 1 2 1 895 4 3 3
2 2 3 5 0 5 2 13 0 3 1 1 0 6 1 3 11 3 2 1 3 1 3 2 3 2 2 1 1 1 1 907 3 4 4
0 3 4 0 2 3 6 0 1 13 2 2 4 3 3 0 2 3 1 1 1 1 843 1 0 1
1 4 13 4 2 6 5 3 0 2 8 6 3 8 3 1 7 2 1 1 2 3 1 2 1 3 1 855 3 3 1
7 3 2 3 3 13 5 3 2 7 7 2 3 2 3 0 5 1 1 1 3 1 1 3 1 800 4 0 1
0 1 1 3 0 3 4 3 6 2 6 7 1 3 13 4 6 2 1 2 2 2 3 1 1 1 792 1 4 1
0 0 13 3 0 1 4 9 3 2 4 6 0 2 0 0 9 2 1 2 1 1 3 3 1 2 1 3 1 885 4 3 2
5 2 3 0 7 4 1 2 13 5 6 0 3 4 3 0 10 1 3 3 1 3 2 1 2 3 1 1 2 1 944 4 2 4
0 5 0 3 0 2 0 4 3 1 5 5 2 5 13 2 7 3 1 2 3 3 1 3 1 1 1 820 2 1 4
0 1 0 0 0 2 5 3 3 4 7 3 5 1 13 3 6 3 1 1 2 2 3 1 2 1 847 2 2 2
0 0 2 0 0 0 4 3 4 4 13 5 5 3 4 3 7 2 1 3 1 2 1 1 1 2 1 908 4 2 1
0 0 3 2 3 3 5 0 5 13 4 3 3 10 7 3 8 1 3 2 1 3 2 2 1 1 1 1 932 3 3 2
0 0 3 3 3 2 4 5 3 13 5 1 1 2 3 4 1 3 3 6 0.333333 7 0.333333 8 0.333333 809 0 0 1
6 2 3 3 1 10 13 2 1 6 3 5 3 4 3 0 6 1 3 1 3 2 3 1 2 1 993 2 1 3
1 13 4 0 4 5 3 0 2 5 2 0 0 3 2 1 1 1 1 3 1 793 1 0 0
0 0 2 1 2 6 3 0 13 9 1 0 4 2 6 1 1 3 1 3 1 815 0 0 1
0 3 6 3 1 1 4 13 4 3 5 3 2 2 4 1 10 3 2 3 1 2 3 1 2 3 2 1 1 1 939 2 4 4
2 4 2 4 1 6 4 1 1 2 3 13 0 1 8 4 10 3 3 3 2 1 2 2 3 2 1 1 1 1 917 2 4 4
1 6 3 4 1 3 13 4 3 2 7 2 0 2 0 2 7 3 1 3 1 1 2 3 1 3 1 823 3 1 3
4 2 3 3 7 3 7 0 4 1 13 6 0 1 8 0 5 2 2 1 2 3 1 1 1 938 1 3 1
4 13 1 0 2 4 3 0 4 4 4 1 2 0 0 0 1 2 1 1 1 880 0 1 0
0 4 6 13 1 3 4 1 2 3 9 3 0 2 0 2 5 1 3 3 3 2 1 1 1 878 1 1 3
3 6 1 0 5 4 1 0 13 4 3 1 3 6 5 2 7 2 3 2 2 2 1 1 1 3 1 927 2 4 1
0 0 1 0 0 4 2 1 2 2 5 3 3 6 13 2 6 3 1 2 3 1 1 1 3 1 926 3 1 2
0 3 3 2 2 4 3 0 13 6 4 0 4 3 1 0 10 2 1 3 2 3 3 1 1 1 2 3 6 0.333333 7 0.333333 8 0.333333 779 4 3 3
3 3 4 1 0 1 3 13 3 2 2 3 0 0 4 1 7 1 2 2 3 1 2 2 1 1 1 703 2 4 1
4 0 1 0 2 3 0 3 5 13 4 2 3 6 4 1 3 3 3 1 1 2 1 790 1 0 2
3 3 13 5 1 5 7 6 3 0 4 3 0 0 0 2 1 2 1 1 1 796 0 1 0
0 0 2 4 0 0 1 2 1 4 6 9 3 3 13 3 3 1 2 3 1 3 1 782 1 1 1
4 0 0 1 5 1 0 0 4 3 5 3 2 13 4 1 2 2 3 1 2 1 874 0 1 1
3 6 5 9 13 8 7 4 1 5 3 0 3 3 2 0 7 2 2 1 1 2 1 3 1 3 1 949 3 3 1
2 4 0 1 4 1 3 0 13 5 1 0 4 2 0 0 5 2 3 3 3 2 1 1 1 882 0 2 3
2 0 2 2 3 1 5 3 6 3 4 1 13 6 1 0 2 2 1 1 3 1 911 1 1 0
1 6 7 2 2 3 3 13 1 1 5 2 0 2 5 3 1 3 1 1 1 798 0 0 1
3 8 1 0 1 13 0 0 6 7 6 3 3 2 4 2 6 2 1 3 3 2 3 1 1 1 876 1 2 3
0 2 2 0 2 3 7 1 0 0 10 5 1 13 5 1 11 3 2 3 2 2 3 3 1 1 1 2 1 1 1 702 3 4 4
4 2 1 0 3 6 2 0 13 4 0 1 4 5 4 0 1 2 1 1 1 750 0 1 0
0 0 4 3 1 3 5 3 0 5 13 2 0 3 2 4 0 1 1 1 908 0 0 0
0 0 3 5 4 2 3 1 3 7 13 4 2 3 4 1 1 3 1 3 1 760 0 0 1
0 0 3 0 0 2 3 3 4 1 4 4 1 8 13 2 1 1 1 2 1 817 1 0 0
0 0 0 3 1 8 2 0 3 13 3 3 7 4 4 4 10 2 2 1 3 1 3 3 2 2 1 1 1 1 765 3 4 3
0 0 1 3 0 3 0 2 3 1 5 2 3 4 13 3 0 1 3 1 816 0 0 0
2 5 6 2 5 8 13 5 1 4 0 4 0 1 3 3 2 2 1 1 3 1 839 1 1 0
3 4 3 0 7 6 3 0 13 4 0 2 3 1 3 0 8 3 3 3 1 1 2 1 2 1 2 1 898 3 2 3
0 2 13 6 0 6 6 3 0 1 3 3 2 0 1 3 11 2 2 1 1 2 3 3 1 3 2 3 1 1 1 860 3 4 4
4 13 2 3 3 3 7 1 1 4 1 3 1 0 0 0 7 2 1 2 3 3 2 3 1 2 1 804 1 3 3
4 0 0 0 8 5 2 3 4 3 3 0 13 4 1 0 9 3 2 1 2 2 2 1 3 1 1 1 1 871 3 4 2
9 7 8 3 5 13 7 4 4 4 2 3 5 1 0 0 6 3 2 2 1 3 3 1 1 1 713 1 2 3
0 0 0 2 3 4 3 3 8 7 3 0 3 5 13 3 8 1 1 1 2 3 3 2 1 1 2 1 955 4 2 2
2 8 3 1 9 13 9 5 3 4 3 3 0 0 0 3 11 1 2 3 3 2 2 3 1 1 3 2 1 1 1 692 3 4 4
1 0 1 0 8 6 2 2 13 3 3 3 3 6 4 5 8 1 3 1 3 2 1 2 3 1 2 1 887 3 2 3
1 4 4 1 13 6 3 0 3 3 4 0 2 4 1 0 3 2 2 3 1 3 1 831 0 2 1
0 3 0 1 3 3 3 1 4 5 2 1 3 4 13 4 4 2 2 1 3 1 2 1 795 1 2 1
3 1 0 0 9 0 2 2 4 5 4 1 4 13 4 0 6 2 3 1 1 3 2 1 3 1 951 2 2 2
1 6 13 1 4 4 2 1 2 2 0 2 0 0 1 0 4 2 3 3 1 1 3 1 1056 1 1 2
3 5 4 3 9 4 13 2 1 1 7 5 0 0 2 3 0 1 3 1 811 0 0 0
6 2 2 1 1 4 13 3 1 3 1 4 3 2 3 2 8 3 3 1 3 2 1 2 1 1 2 1 973 3 2 3
0 1 5 0 5 2 7 1 1 5 13 2 3 5 3 2 3 3 1 2 1 3 1 961 1 1 1
0 2 1 0 2 4 8 1 2 13 7 4 5 4 1 2 8 1 1 3 1 3 3 3 2 1 2 1 727 3 1 4
3 1 2 0 9 6 7 5 13 6 5 0 3 5 0 3 3 2 1 1 1 2 1 901 2 1 0
4 9 6 1 7 6 5 2 4 13 4 0 1 2 0 3 0 1 3 1 924 0 0 0
2 3 1 0 0 4 3 3 5 1 5 3 0 4 13 9 5 3 3 2 1 2 1 3 1 796 1 2 2
0 0 0 2 0 4 3 4 3 1 13 7 4 3 7 3 7 1 2 3 1 2 1 2 1 3 1 933 3 3 1
1 7 4 2 3 13 2 0 1 3 4 0 3 3 2 3 5 2 1 1 1 2 3 8 0.181818 9 0.272727 10 0.545455 752 3 2 0
1 2 3 2 0 3 6 4 3 4 1 13 2 0 4 0 9 3 1 3 2 2 1 2 1 1 1 3 1 667 4 3 2
9 2 13 7 1 5 1 3 4 3 2 1 0 1 3 4 2 3 2 1 2 1 962 0 1 1
0 2 13 1 1 3 1 5 0 0 2 5 0 0 3 2 6 3 3 2 1 1 2 1 3 1 894 2 2 2
1 0 0 3 3 4 3 0 6 13 8 10 3 2 2 1 9 2 3 2 2 1 1 1 3 3 3 5 0.428571 6 0.285714 7 0.285714 937 3 3 3
3 2 3 0 1 4 5 7 4 8 13 9 1 4 3 3 0 1 2 1 797 0 0 0
2 3 4 3 1 13 6 3 7 8 4 1 0 3 3 2 0 1 3 1 1010 0 0 0
3 8 13 5 0 7 10 7 0 3 4 6 2 2 0 1 3 2 3 1 1 1 1 1073 1 1 1
0 2 13 1 0 4 0 3 2 3 0 6 0 2 1 3 9 2 1 1 2 3 3 2 3 1 1 1 1 762 3 3 3
0 0 0 2 1 0 6 3 0 3 3 3 0 3 4 13 5 2 3 2 3 1 1 1 1 811 1 2 2
0 2 13 1 3 1 1 3 0 4 2 5 1 1 2 3 3 3 2 2 1 3 1 1038 0 2 1
3 3 0 0 13 4 0 0 4 6 1 1 4 0 2 1 2 3 2 1 2 1 917 0 1 1
13 4 2 2 1 6 3 0 3 3 0 0 2 0 0 0 9 3 2 1 1 1 2 1 3 3 1 3 1 915 4 2 3
3 4 8 3 3 5 13 2 0 4 3 6 0 1 1 0 9 1 1 1 2 3 2 2 2 3 1 3 1 954 3 4 2
0 0 0 3 0 1 0 0 3 5 4 0 1 5 13 4 7 2 2 2 1 2 1 3 1 3 1 842 2 4 1
2 2 13 2 3 1 4 6 1 3 2 2 0 1 5 2 4 3 3 1 1 1 1 1 691 2 0 2
13 0 2 0 3 8 3 0 4 1 0 0 3 1 0 2 3 2 1 3 1 3 1 767 1 1 1
0 0 4 3 0 0 2 1 1 2 6 4 3 13 5 4 3 2 2 1 1 1 1 945 1 2 0
4 4 2 0 3 13 7 1 3 4 8 9 2 6 0 0 0 1 1 1 894 0 0 0
0 0 3 0 0 3 2 1 6 1 6 4 3 5 13 2 10 1 1 1 1 3 2 3 2 2 3 1 2 1 976 4 3 3
2 0 2 0 5 13 0 3 7 8 3 2 5 3 1 0 4 1 1 3 1 1 2 1 813 3 0 1
1 13 7 1 1 5 1 0 2 3 5 2 3 0 2 0 3 2 1 2 1 3 1 738 1 2 0
0 3 4 3 0 0 0 13 0 2 3 5 3 3 2 3 7 1 3 1 1 2 3 1 1 2 1 795 4 1 2
0 2 1 4 3 5 13 6 1 1 3 6 2 0 0 0 5 2 1 3 3 2 3 6 0.333333 7 0.333333 8 0.333333 860 1 2 2
3 3 5 0 2 8 2 3 4 13 6 7 3 2 3 5 5 1 1 1 1 2 1 3 1 826 4 1 0
1 13 3 4 8 3 6 2 3 1 5 1 0 0 0 3 6 3 3 2 1 2 2 3 4 0.545455 5 0.272727 6 0.181818 847 1 3 2
2 13 6 4 2 3 4 3 2 0 5 4 1 0 0 0 4 3 3 1 1 1 3 1 953 2 0 2
0 0 2 0 2 1 4 4 4 6 4 13 0 7 8 1 7 3 3 1 2 3 1 3 1 2 1 814 2 1 4
4 1 7 0 4 7 3 0 2 13 0 3 3 7 1 3 0 1 2 1 795 0 0 0
4 2 0 0 1 2 5 6 4 13 1 5 6 2 1 3 1 3 1 3 1 983 0 0 1
3 0 0 0 4 6 2 0 1 5 13 1 3 7 9 2 8 2 2 3 3 1 1 3 1 1 2 1 916 3 2 3
3 1 5 0 1 13 8 0 7 3 2 3 3 0 0 0 4 2 2 1 3 3 7 0.285714 8 0.285714 9 0.428571 924 1 2 1
0 7 1 0 3 6 4 0 4 4 5 2 1 1 13 4 7 2 2 3 1 2 1 2 1 3 1 903 2 4 1
4 6 7 1 3 13 5 0 0 7 3 3 1 3 2 0 9 2 1 2 2 1 1 2 3 3 1 3 1 785 3 4 2
5 3 3 0 8 13 3 0 4 4 0 3 6 0 3 0 10 3 1 2 2 3 1 2 2 3 1 1 1 1 1010 3 4 3
0 0 2 0 0 1 1 4 8 5 3 7 2 4 13 1 3 2 1 3 1 2 1 894 1 1 1
0 3 2 3 0 2 1 13 6 3 2 3 1 0 3 3 4 1 3 2 1 1 3 1 956 2 1 1
0 2 4 0 1 0 1 1 0 4 4 13 2 5 2 3 2 3 2 1 1 1 845 0 1 1
1 3 7 3 0 5 13 2 3 6 7 2 2 2 5 1 3 2 1 1 1 1 1 904 2 1 0
2 3 3 0 13 3 3 3 4 1 4 1 3 3 0 0 5 1 3 2 1 2 1 2 1 849 2 2 1
0 0 0 2 0 1 1 3 3 2 3 0 5 13 3 3 0 1 3 1 866 0 0 0
1 3 2 3 0 2 13 1 4 3 4 5 1 4 3 2 0 1 3 1 770 0 0 0
2 4 13 2 0 7 6 4 0 0 0 1 0 1 0 1 1 3 1 2 1 891 0 0 1
0 0 6 3 2 4 4 5 0 2 13 2 3 9 3 1 7 1 2 3 1 3 1 2 1 1 1 877 3 2 2
2 5 2 3 0 1 13 5 0 6 3 1 0 3 0 0 10 1 3 3 1 2 2 2 3 2 1 1 1 1 792 3 4 3
2 5 3 0 10 8 3 1 1 13 0 2 5 7 4 0 8 3 3 2 1 2 3 2 1 1 1 1 828 2 3 3
3 3 0 0 1 4 6 0 4 6 13 3 1 3 4 8 7 2 2 2 2 1 3 1 1 3 1 726 2 4 1
2 13 3 1 7 2 4 3 1 3 0 0 3 0 0 1 10 2 2 3 3 2 2 3 1 1 1 1 3 1 862 3 4 3
0 0 3 4 3 5 3 3 1 3 2 1 3 2 13 1 8 1 1 3 2 2 2 2 3 1 1 1 780 2 4 2
1 3 7 3 6 13 3 2 0 5 0 4 0 0 1 1 1 2 1 2 1 975 0 1 0
0 2 13 5 2 6 3 2 3 5 4 1 0 3 2 1 8 1 2 1 3 2 3 3 1 1 1 1 800 3 2 3
3 2 5 3 6 13 3 1 3 5 4 0 2 3 3 0 0 1 1 1 1117 0 0 0
3 0 3 0 1 4 3 0 4 7 1 0 2 3 13 2 11 3 2 1 1 2 2 3 1 3 2 1 1 3 1 894 4 4 3
0 1 0 2 3 3 0 0 13 10 2 3 4 5 3 2 6 3 1 1 2 2 1 1 1 1 691 3 2 1
7 3 1 3 2 2 1 3 0 6 5 5 0 3 3 13 1 1 1 2 1 999 1 0 0
1 3 4 5 4 9 13 2 0 4 3 4 2 2 0 0 2 1 3 1 1 1 793 1 0 1
0 1 8 13 3 4 5 2 0 5 6 4 2 0 3 3 2 2 1 1 1 1 831 1 1 0
4 13 3 1 1 2 4 4 0 1 3 0 0 1 2 0 9 2 3 1 2 2 2 3 1 3 1 3 1 807 2 4 3
13 5 4 0 4 7 2 0 0 6 4 1 2 2 1 0 7 1 3 3 3 2 1 2 1 1 1 831 2 2 3
2 3 13 3 1 1 4 5 0 1 2 6 3 0 0 5 9 2 2 1 1 1 3 3 3 2 1 2 1 818 3 3 3
13 4 4 3 1 5 2 0 4 2 0 0 6 0 3 0 4 2 1 1 1 1 2 1 791 3 1 0
2 3 6 13 5 3 1 6 0 3 1 3 0 4 0 1 2 2 3 1 2 1 956 0 1 1
3 7 13 3 4 6 1 4 2 4 4 5 2 0 1 0 8 1 2 2 3 3 2 1 1 1 3 1 875 3 3 2
0 3 0 0 2 1 4 4 0 3 3 2 6 13 9 4 8 1 2 1 3 3 2 1 1 1 2 1 778 4 2 2
4 6 1 3 3 8 10 2 13 2 2 0 4 4 0 1 1 3 1 1 1 871 0 0 1
3 1 13 2 5 3 7 5 3 2 2 4 0 1 1 0 11 1 3 2 2 3 1 3 2 3 1 1 1 2 1 868 4 3 4
0 3 1 4 1 1 7 8 0 9 13 9 3 3 8 8 5 3 1 2 2 2 1 2 1 982 1 3 1
4 1 13 4 1 5 6 2 3 4 4 5 0 7 1 3 2 2 2 1 3 1 923 0 2 0
3 0 0 3 0 1 5 4 4 2 3 5 3 3 13 4 11 2 3 2 1 2 1 3 3 3 1 1 1 2 1 844 4 3 4
1 6 7 3 3 3 13 1 1 2 2 0 0 0 2 0 8 3 2 1 3 1 2 1 3 1 2 1 892 3 2 3
1 4 2 13 1 2 3 1 0 2 6 3 0 3 1 0 7 2 3 1 2 1 2 3 1 3 1 882 2 3 2
4 6 3 0 5 13 8 1 4 4 3 0 2 2 0 0 8 3 1 3 2 1 3 3 2 1 1 1 858 2 2 4
0 0 3 1 0 1 4 6 1 2 5 8 2 13 2 4 0 3 8 0.181818 9 0.272727 10 0.545455 1016 0 0 0
5 3 2 5 7 2 4 1 0 5 13 3 7 5 9 1 11 3 3 1 2 2 1 2 3 1 3 1 1 2 1 801 4 3 4
2 13 2 0 6 7 4 5 1 4 0 0 5 1 0 3 4 3 1 1 2 1 2 1 843 2 1 1
0 0 1 0 2 2 4 0 1 13 6 4 6 6 4 3 4 1 2 1 2 1 3 1 862 2 2 0
2 1 3 0 4 4 1 1 13 3 3 0 3 5 2 2 9 2 1 3 3 3 1 3 2 1 1 2 1 960 3 2 4
3 13 2 3 3 1 6 5 1 3 5 3 0 2 4 2 9 2 1 3 2 1 3 2 3 1 1 1 1 900 3 3 3
3 4 0 0 6 2 2 0 1 7 6 4 13 7 3 1 5 1 3 1 3 2 1 2 1 902 2 1 2
8 3 1 0 4 5 4 3 13 5 3 2 8 3 1 0 3 2 1 3 1 2 1 743 1 1 1
0 3 6 2 0 0 3 13 0 4 5 6 1 0 1 2 5 1 3 2 1 3 1 2 1 855 2 1 2
3 3 0 0 2 3 0 0 8 6 1 1 2 5 13 3 9 2 3 2 1 2 1 2 3 1 1 1 1 873 3 4 2
13 4 6 3 1 4 8 2 0 0 2 3 1 0 0 0 11 3 1 1 2 1 1 3 2 2 3 3 1 2 1 904 4 3 4
3 0 0 0 4 7 4 2 13 5 3 0 3 3 3 1 11 3 2 2 3 1 3 2 1 2 3 1 1 1 1 818 3 4 4
1 1 0 0 5 3 2 0 13 3 1 2 4 6 2 4 9 3 2 2 1 3 1 3 2 3 1 1 1 871 2 3 4
3 0 1 3 2 1 6 2 3 4 13 5 5 5 2 9 0 1 1 1 896 0 0 0
0 3 0 3 0 0 3 13 2 0 5 6 0 3 1 3 11 3 1 2 2 1 3 2 1 1 3 2 1 3 1 747 4 4 3
4 5 2 1 6 13 3 0 2 7 1 2 0 3 3 0 2 3 1 1 3 1 748 1 0 1
6 3 0 0 4 7 1 4 13 7 0 1 8 5 2 0 10 2 3 3 1 1 3 1 2 2 3 1 2 1 808 3 3 4
4 4 13 4 0 5 3 0 2 2 7 2 0 0 0 3 5 1 3 3 3 1 1 1 1 694 2 0 3
1 0 3 1 1 9 4 3 0 13 4 3 0 2 3 6 8 3 3 1 3 2 1 2 2 1 2 1 859 2 3 3
5 7 2 2 13 4 4 0 3 3 0 2 1 3 5 0 7 1 2 2 3 1 3 1 1 1 1 843 3 2 2
1 0 0 0 2 2 8 3 13 7 3 0 10 3 1 1 9 1 2 2 1 2 3 1 3 3 1 2 1 1054 3 3 3
3 0 1 0 13 3 3 0 9 5 4 0 4 3 3 1 7 3 2 3 2 2 1 3 1 3 1 956 1 3 3
2 0 4 0 0 0 5 3 2 1 8 3 9 13 6 5 7 3 1 1 3 2 1 2 3 7 0.285714 8 0.285714 9 0.428571 831 3 2 2
8 3 2 0 13 5 0 1 4 1 6 1 2 4 0 0 8 1 3 3 2 1 3 3 2 1 2 1 791 2 2 4
0 0 2 0 3 0 4 1 2 6 5 1 2 4 13 3 10 3 1 3 3 3 2 2 1 1 2 1 1 1 756 3 3 4
3 0 3 4 1 6 5 3 5 9 6 3 3 8 2 13 11 2 1 1 1 1 3 2 3 3 2 2 1 3 1 682 4 4 3
3 1 4 5 2 13 4 0 2 8 5 1 4 1 1 3 6 2 2 1 3 3 3 1 2 1 798 1 2 3
0 0 2 0 0 2 6 3 2 4 8 6 0 4 13 6 6 1 1 2 1 3 1 3 4 0.545455 5 0.272727 6 0.181818 896 4 1 1
3 13 1 0 8 4 0 0 4 6 3 2 3 6 0 0 8 3 1 3 2 1 2 3 1 1 2 1 879 3 2 3
3 13 3 1 7 9 5 2 1 4 6 3 0 2 0 0 9 3 2 1 2 1 2 3 3 1 1 3 1 946 3 3 3
3 6 5 4 2 1 5 13 3 8 4 9 0 2 8 10 0 1 1 1 752 0 0 0
9 1 6 1 1 8 6 3 0 13 3 2 1 8 3 2 7 3 1 2 3 3 2 3 1 2 1 987 1 2 4
0 2 1 4 3 8 2 2 1 2 13 6 1 3 1 5 11 1 3 1 2 3 3 1 1 2 2 3 1 2 1 924 4 3 4
0 2 3 0 0 4 6 4 3 3 13 4 4 3 6 3 9 1 3 2 1 1 3 3 2 1 1 2 1 758 4 2 3
1 3 3 13 1 7 7 4 5 3 2 4 3 4 0 0 9 1 2 1 3 2 2 1 3 3 1 2 1 952 3 3 3
7 7 2 3 8 13 8 1 5 3 1 3 4 3 1 0 2 2 3 1 2 1 943 0 1 1
4 4 13 5 1 8 5 9 3 4 3 1 0 2 0 2 11 3 3 3 1 2 3 2 1 2 2 1 1 1 1 792 3 4 4
2 0 2 0 3 2 0 1 2 7 13 3 3 1 3 4 7 2 3 3 1 1 3 1 3 4 0.545455 5 0.272727 6 0.181818 865 3 1 3
1 5 3 5 2 5 2 13 0 1 4 1 0 1 3 2 0 1 2 1 1120 0 0 0
0 3 13 4 0 2 4 5 0 3 1 6 2 0 2 0 8 3 2 2 3 3 1 1 1 1 1 1 886 3 2 3
3 3 0 0 5 4 5 0 13 1 0 1 2 4 3 0 1 3 1 2 1 818 0 0 1
10 2 3 0 6 13 1 1 3 2 7 2 1 5 3 1 2 2 1 1 2 1 833 1 1 0
3 13 3 8 4 4 6 3 3 4 3 0 0 0 0 1 2 3 2 1 3 1 848 0 1 1
4 5 3 4 13 5 0 0 2 4 3 1 1 0 2 3 1 2 1 1 1 934 0 1 0
3 3 0 0 4 2 0 2 6 8 6 1 3 3 13 7 0 1 1 1 724 0 0 0
3 1 4 0 1 5 4 5 9 13 3 0 3 4 7 1 5 1 3 2 2 2 1 2 1 833 1 3 1
2 3 1 3 3 3 5 13 1 4 6 4 0 1 2 3 9 1 2 3 2 2 2 1 3 3 1 1 1 840 2 4 3
0 3 3 1 0 2 4 5 3 1 2 2 4 13 3 8 8 3 3 2 2 1 1 2 1 1 1 1 799 3 3 2
0 1 3 0 0 4 2 0 0 7 8 13 4 3 6 3 11 1 3 1 2 3 1 3 1 2 3 2 1 2 1 810 4 3 4
0 0 0 3 2 0 0 3 0 0 4 4 4 3 5 13 0 1 1 1 833 0 0 0
3 0 0 0 3 0 0 0 3 4 0 0 4 5 13 3 11 3 2 1 2 2 3 1 3 1 2 1 1 3 1 795 4 4 3
13 5 1 3 1 4 4 2 3 6 0 4 0 0 2 0 4 1 3 3 2 1 3 1 855 1 1 2
0 2 0 0 0 5 1 4 1 2 2 13 3 3 3 4 4 2 2 1 1 1 1 1 954 2 2 0
0 0 2 7 3 5 3 2 3 1 3 13 0 1 6 2 1 1 1 3 1 747 1 0 0
1 13 2 0 5 5 7 2 4 3 3 0 5 0 0 0 6 2 3 1 2 1 1 1 3 1 919 3 2 1
2 7 6 5 0 13 5 3 0 2 6 9 0 0 2 0 7 3 3 1 1 2 1 1 1 3 1 713 4 1 2
3 13 5 3 6 7 1 0 3 3 4 0 3 0 2 0 9 1 1 2 2 3 3 1 2 2 1 1 1 868 3 4 2
4 1 4 6 0 1 8 13 2 3 5 3 0 2 0 3 3 2 1 3 1 3 1 828 1 1 1
1 4 3 3 5 9 8 4 4 13 2 0 2 5 6 3 6 2 2 1 1 1 2 1 1 1 834 3 3 0
0 0 0 3 0 1 3 0 0 6 2 5 4 3 5 13 11 2 2 2 3 1 1 3 3 1 3 1 1 2 1 777 4 3 4
0 0 0 1 3 2 3 3 5 8 4 5 2 13 6 0 2 1 1 1 2 1 835 2 0 0
0 4 1 2 0 6 3 3 4 1 13 4 0 0 3 0 2 2 2 1 1 1 819 0 2 0
3 3 2 2 4 13 8 2 3 3 4 1 4 0 0 2 5 1 3 2 1 1 1 1 1 880 3 1 1
0 5 2 0 1 3 3 6 13 4 3 0 1 5 7 5 7 3 1 3 3 2 1 2 1 2 1 934 2 2 3
3 0 0 0 0 9 2 3 3 13 4 4 3 5 5 3 0 1 1 1 783 0 0 0
1 1 0 5 0 4 9 13 1 7 2 2 0 0 6 4 10 2 2 1 3 3 3 1 3 1 2 1 2 1 921 3 3 4
1 0 0 2 0 1 3 3 4 7 5 2 3 13 3 2 2 1 1 1 2 1 767 2 0 0
0 4 2 3 5 8 6 3 4 3 4 5 3 3 1 13 9 1 1 2 2 1 2 3 3 2 1 1 1 944 3 4 2
5 7 2 2 6 1 5 3 3 13 5 0 3 2 3 0 3 1 1 2 1 1 1 748 2 1 0
0 2 0 0 4 1 0 4 1 8 3 3 3 6 7 13 7 2 1 1 3 2 3 2 1 3 1 995 2 3 2
1 2 0 0 3 7 5 2 5 13 5 1 3 6 3 3 4 3 3 2 1 1 3 1 888 1 1 2
0 9 3 2 3 5 5 6 4 1 1 1 1 13 3 8 3 2 2 3 1 2 1 982 0 2 1
1 6 2 3 13 5 7 0 3 4 6 3 1 0 2 2 0 1 1 1 864 0 0 0
3 0 0 2 9 4 1 0 13 5 0 0 1 8 6 2 9 2 1 3 2 1 3 3 3 1 1 2 1 984 3 2 4
0 3 7 3 0 4 4 13 1 3 3 6 0 1 2 0 0 1 2 1 779 0 0 0
0 4 1 0 0 1 3 2 3 5 1 4 2 2 13 1 9 2 3 1 1 3 2 2 2 3 1 1 1 887 2 4 3
5 13 2 3 5 3 5 1 4 3 0 6 0 1 0 0 10 3 1 1 2 2 1 2 2 3 3 1 3 1 906 3 4 3
3 5 13 1 1 6 2 4 0 2 0 1 0 0 3 0 5 2 1 2 2 1 1 3 1 915 2 3 0
0 0 2 0 1 3 0 0 2 6 1 2 3 3 13 5 6 2 3 1 1 3 1 1 2 1 724 3 1 2
2 3 4 0 3 6 4 0 5 7 3 1 13 0 3 2 9 1 3 3 2 1 2 1 2 3 1 1 1 746 3 3 3
0 0 2 0 0 2 5 2 3 13 6 1 2 3 3 3 7 1 1 3 1 1 3 3 1 2 1 881 4 0 3
0 1 4 10 0 1 5 8 3 3 4 13 1 5 2 2 2 2 2 1 1 1 958 0 2 0
9 0 0 0 2 5 1 3 2 10 1 3 13 4 4 0 11 2 2 1 1 1 3 3 1 2 2 3 1 3 1 861 4 4 3
0 2 0 1 5 5 0 0 13 6 5 0 10 5 3 1 1 2 1 3 1 902 0 1 0
0 1 0 0 4 4 3 0 7 6 0 0 4 7 13 3 7 2 3 3 2 1 2 3 1 1 1 773 1 3 3
1 8 0 0 3 4 3 0 13 7 3 3 2 3 2 4 2 2 1 1 1 1 922 1 1 0
0 1 13 4 1 4 2 4 3 3 3 8 0 0 2 2 9 3 1 3 1 2 2 2 1 1 1 3 1 1041 4 3 2
0 3 3 0 4 4 3 0 13 3 3 0 3 4 3 2 7 1 1 2 1 2 2 3 1 1 1 738 3 3 1
0 2 3 8 1 5 2 7 3 8 13 6 2 1 0 3 10 2 3 3 1 3 1 2 2 1 1 3 8 0.181818 9 0.272727 10 0.545455 879 4 3 3
0 0 3 0 0 3 1 1 2 0 5 1 2 13 3 1 2 2 2 1 3 1 924 0 2 0
3 3 6 3 0 13 2 3 0 1 4 3 0 2 1 4 7 3 1 3 2 1 2 1 1 2 1 723 3 2 2
3 13 4 0 8 0 2 0 4 1 0 3 0 0 3 0 0 3 8 0.181818 9 0.272727 10 0.545455 881 0 0 0
2 1 1 0 3 6 3 2 0 5 13 1 0 4 8 3 0 1 2 1 787 0 0 0
0 4 2 3 0 0 5 13 3 1 5 1 0 3 6 3 3 3 2 1 1 2 1 858 1 1 1
2 13 8 1 8 6 4 1 5 3 0 0 0 1 0 0 7 3 1 3 2 2 1 2 1 2 1 876 2 3 2
2 4 13 3 3 4 3 2 0 7 0 5 0 3 3 0 6 3 2 1 1 1 2 1 1 1 799 3 2 1
4 1 0 1 3 0 4 4 2 1 5 3 9 13 2 2 6 2 3 1 3 2 1 1 3 1 884 2 2 2
2 2 4 1 4 13 0 0 4 2 3 1 3 0 0 0 4 3 1 2 3 1 1 1 815 1 1 2
0 4 2 4 6 7 2 6 1 5 4 8 0 3 2 13 3 3 1 3 1 1 1 892 1 0 2
1 13 2 3 5 4 3 1 3 4 4 3 0 2 2 0 4 2 3 1 1 1 3 1 791 2 1 1
0 0 5 2 0 1 5 4 1 2 1 13 0 0 2 4 0 1 3 1 978 0 0 0
1 1 6 0 3 4 7 3 0 3 13 9 2 3 6 1 9 3 2 3 1 2 1 2 3 2 3 7 0.285714 8 0.285714 9 0.428571 878 2 4 3
6 5 4 2 4 13 6 0 2 1 1 1 3 2 0 0 5 3 1 1 2 3 1 2 1 886 2 1 2
5 4 4 1 2 8 13 2 3 3 1 4 1 0 0 3 0 1 2 1 799 0 0 0
0 0 3 3 1 5 7 3 1 0 13 8 0 2 3 2 11 3 1 2 1 2 2 3 1 3 1 3 1 2 1 885 4 3 4
2 4 7 2 0 7 13 6 1 1 1 2 0 3 0 3 1 2 1 1 1 938 0 1 0
1 3 8 0 4 1 5 0 13 4 3 2 7 2 3 2 9 3 3 2 2 1 1 1 1 3 1 2 1 898 4 2 3
8 3 1 8 2 1 6 13 0 3 4 3 0 0 6 2 6 2 3 2 1 3 1 1 3 1 963 2 2 2
1 1 13 1 3 3 2 6 0 2 4 4 3 4 0 2 11 1 2 1 3 3 1 2 1 3 2 2 1 3 1 835 4 4 3
5 3 0 3 6 13 4 2 1 2 2 0 8 1 0 0 4 3 2 1 1 1 3 1 897 2 1 1
2 0 1 3 3 0 0 6 1 3 6 2 4 9 13 4 0 1 3 1 825 0 0 0
0 1 0 0 2 5 4 0 4 5 3 0 13 3 1 2 1 3 1 3 1 946 0 0 1
0 0 5 3 3 1 4 3 0 5 13 2 3 4 3 5 0 3 8 0.181818 9 0.272727 10 0.545455 757 0 0 0
5 2 7 1 13 8 3 3 5 3 3 0 0 4 3 0 6 1 3 1 1 2 2 1 2 1 786 3 2 1
9 8 13 1 5 6 7 3 1 4 2 3 0 3 1 0 6 2 3 2 3 2 1 1 3 1 828 1 3 2
3 6 5 3 3 3 1 0 13 4 0 3 5 3 2 0 0 1 3 1 824 0 0 0
0 0 0 2 3 6 1 1 3 0 5 13 3 2 3 4 5 1 3 2 1 3 1 2 1 798 2 1 2
9 4 5 1 13 7 4 0 1 3 0 2 1 2 0 0 5 2 3 2 3 1 1 3 1 1001 1 2 2
3 13 3 2 5 3 2 2 1 0 4 3 1 2 0 2 3 1 1 3 1 1 1 953 2 0 1
3 1 2 2 6 5 13 3 0 3 4 1 0 0 3 4 2 2 1 1 3 1 804 1 1 0
0 1 3 0 2 1 2 2 4 8 5 3 1 13 8 3 1 3 1 3 1 792 0 0 1
0 2 0 0 2 5 3 2 1 4 13 0 1 1 4 9 11 3 2 1 2 1 3 1 3 1 3 2 1 2 1 1024 4 3 4
1 2 4 1 13 8 4 2 4 3 3 0 0 5 0 2 10 2 1 1 1 3 3 3 1 3 2 1 2 1 750 4 2 4
0 0 4 4 3 3 2 13 0 3 4 2 0 0 1 3 0 1 1 1 914 0 0 0
9 2 3 4 2 8 3 0 5 13 4 2 3 7 1 3 2 1 1 1 3 1 918 2 0 0
2 5 4 0 13 3 3 3 4 1 5 2 4 1 1 0 0 1 2 1 894 0 0 0
0 2 13 1 9 1 5 4 0 0 4 3 2 2 0 3 10 2 2 3 1 3 3 1 1 3 2 1 1 1 1047 3 3 4
0 7 4 13 0 4 1 7 2 1 2 4 0 2 0 0 7 3 1 2 1 3 3 2 1 1 1 828 2 2 3
1 0 1 0 5 6 2 0 4 4 6 0 3 13 3 3 4 3 2 1 3 1 2 1 836 1 1 2
5 3 1 0 4 7 3 1 6 13 0 3 3 9 4 1 6 3 1 2 3 2 2 1 2 1 790 1 3 2
2 1 4 0 5 3 2 1 1 13 2 1 3 5 9 2 11 2 3 1 1 3 2 3 1 3 1 2 1 2 1 788 4 3 4
3 5 3 4 3 7 13 0 1 3 3 3 0 0 0 2 3 3 2 3 1 1 1 819 0 1 2
3 5 13 3 3 5 4 8 1 5 4 1 0 0 2 3 0 1 2 1 809 0 0 0
1 3 3 4 0 1 5 13 4 2 2 4 0 0 1 0 3 3 3 3 1 2 1 815 0 0 3
9 13 8 0 2 5 4 1 3 0 5 0 1 0 3 3 4 3 2 3 1 1 2 1 882 1 1 2
2 5 4 0 2 13 1 0 2 3 3 1 3 2 1 0 10 2 1 2 3 3 1 1 3 1 3 1 2 1 897 4 2 4
3 3 0 0 0 2 3 4 0 1 6 1 0 3 3 13 1 2 1 3 1 684 0 1 0
4 1 0 0 3 0 2 0 5 6 3 0 3 13 3 3 6 2 1 1 1 3 2 1 2 1 859 3 2 1
3 6 13 3 0 1 4 2 1 3 1 7 2 1 0 0 7 2 3 2 3 3 3 2 1 1 1 874 0 3 4
1 4 3 3 0 2 13 4 1 4 5 3 0 0 0 3 8 1 3 1 3 3 2 2 3 1 2 1 883 2 2 4
0 2 1 3 2 2 5 2 0 1 7 6 0 0 4 13 7 1 3 1 3 3 1 3 1 2 1 805 3 0 4
0 0 0 1 3 0 5 0 13 5 7 3 3 7 5 3 10 2 2 1 3 3 3 2 2 1 3 1 1 1 942 2 4 4
4 2 4 5 13 8 7 3 4 2 2 1 3 5 0 0 2 1 1 1 3 1 841 2 0 0
0 3 0 2 0 4 3 5 3 4 2 3 1 1 6 13 8 3 3 2 2 1 3 2 1 1 1 1 928 2 3 3
0 1 0 3 0 3 3 5 0 1 5 3 2 4 13 2 11 2 3 1 1 2 3 3 1 3 1 2 1 2 1 856 4 3 4
6 2 0 0 1 13 2 3 8 3 0 0 3 5 3 2 4 3 1 3 3 1 1 1 896 1 0 3
1 0 2 0 1 4 0 2 3 5 13 3 4 6 8 3 4 3 2 1 2 1 1 1 887 1 2 1
2 0 6 3 0 4 3 4 3 13 4 1 3 2 3 3 3 3 1 2 1 1 1 773 1 1 1
1 6 1 3 2 4 13 3 3 1 4 1 0 0 3 2 3 2 2 3 1 3 1 761 0 2 1
3 0 0 0 0 6 1 8 2 8 5 3 13 4 2 4 2 3 3 1 1 1 743 0 0 2
3 4 3 13 3 7 4 3 0 0 1 3 2 0 0 0 2 1 3 1 2 1 785 1 0 1
3 4 3 4 1 1 13 3 3 8 6 7 1 4 0 2 8 3 1 3 2 2 1 3 2 1 2 1 926 2 3 3
1 3 1 0 2 5 6 3 13 5 1 2 3 9 7 3 1 3 1 2 1 917 0 0 1
3 0 0 3 1 0 0 0 5 5 5 3 2 13 3 2 0 1 1 1 941 0 0 0
2 3 1 4 2 13 9 5 2 1 4 0 4 0 1 0 11 1 2 3 1 3 2 2 3 2 1 3 1 1 1 940 3 4 4
0 1 0 3 0 3 5 2 0 1 5 4 2 1 3 13 3 3 2 1 1 2 1 973 1 1 1
2 1 5 4 3 13 8 2 1 5 2 1 1 2 0 0 9 2 3 2 1 3 3 3 1 2 1 1 1 891 2 3 4
1 0 3 2 0 0 5 3 0 1 2 13 5 6 8 1 4 3 1 2 2 1 3 1 803 1 2 1
3 0 0 0 3 5 4 1 4 6 4 2 13 8 3 0 11 1 2 1 2 3 1 3 3 3 2 2 1 1 1 925 3 4 4
0 0 3 3 1 4 7 5 0 3 4 13 3 0 1 2 2 3 3 1 2 1 972 0 0 2
0 3 3 7 0 0 2 4 1 4 5 1 0 2 1 13 10 3 2 2 1 3 3 2 1 3 2 1 1 1 793 2 4 4
0 1 2 0 3 0 6 0 4 3 4 1 4 13 2 4 11 1 2 2 1 2 2 1 3 3 1 3 1 3 1 748 4 4 3
1 4 1 9 3 13 8 5 0 2 2 2 0 1 4 2 1 1 1 3 1 759 1 0 0
3 4 13 2 3 5 7 4 0 4 0 3 1 1 0 1 6 3 2 3 2 2 1 1 3 1 769 1 3 2
0 2 0 3 3 1 4 13 0 0 4 4 0 2 1 6 2 1 2 1 3 1 780 1 1 0
0 0 2 0 1 0 0 0 3 3 6 4 3 7 13 4 8 3 1 2 3 2 3 2 1 1 1 1 921 2 3 3
3 5 6 0 13 4 0 1 1 4 3 0 4 2 2 0 11 2 2 3 1 3 3 1 3 1 2 1 1 2 1 798 4 3 4
2 4 2 13 0 1 7 4 0 3 4 6 0 0 0 1 4 1 2 1 2 1 3 1 654 2 2 0
2 3 4 5 0 6 13 2 1 1 3 6 0 0 0 3 6 3 1 2 3 1 3 1 2 1 876 2 1 3
2 2 3 0 4 0 4 3 1 13 7 1 1 4 3 4 3 2 2 1 1 3 1 729 1 2 0
4 6 2 1 4 7 13 3 3 5 2 1 1 0 0 4 10 1 2 3 3 3 3 1 2 2 1 1 2 1 1069 3 3 4
2 0 1 2 2 7 5 3 3 13 1 3 1 6 3 2 3 2 1 1 1 3 1 818 2 1 0
4 1 2 4 2 13 6 9 5 2 4 1 4 3 3 0 1 1 1 3 1 901 1 0 0
9 3 4 13 0 8 1 6 0 2 4 3 0 0 0 2 8 3 3 1 3 1 2 2 1 1 3 1 816 3 2 3
5 2 3 5 3 8 4 0 6 13 1 2 4 4 0 0 6 2 3 2 1 3 1 1 1 1 848 2 2 2
2 3 2 3 0 4 4 13 3 1 3 7 1 3 4 1 1 2 3 7 0.285714 8 0.285714 9 0.428571 825 0 1 0
0 0 1 0 1 2 3 1 8 3 4 4 3 13 6 4 9 1 3 2 1 3 2 2 3 3 1 2 1 846 2 3 4
1 5 2 5 4 3 13 6 0 1 0 3 0 0 6 2 5 1 2 3 1 3 1 2 1 819 2 1 2
0 3 1 4 0 1 8 3 1 3 7 13 3 4 2 5 8 1 2 3 1 2 3 2 2 1 3 1 1018 2 4 2
0 0 3 2 0 4 8 13 3 7 1 6 3 2 3 3 5 1 3 2 1 2 1 1 1 821 2 2 1
0 2 0 0 6 3 1 5 3 5 3 13 2 4 1 3 5 1 2 3 1 3 1 2 1 888 2 1 2
0 13 5 1 3 6 3 5 1 2 0 4 0 5 0 3 7 2 3 2 1 3 3 2 1 1 1 914 1 3 3
0 3 3 0 3 5 3 0 13 2 1 3 3 8 5 2 9 1 2 3 1 1 3 3 1 2 1 2 1 900 4 2 3
3 1 4 3 2 10 1 3 6 13 4 0 2 2 1 2 10 1 2 3 3 1 3 1 2 1 3 1 2 1 905 4 2 4
1 3 5 3 6 13 0 3 4 1 3 5 0 1 0 0 4 2 1 2 2 1 2 1 572 1 3 0
2 1 0 0 4 1 4 6 3 4 3 13 1 3 3 3 3 2 3 3 1 2 1 868 0 1 2
2 4 13 3 0 4 1 5 0 3 5 6 0 0 1 0 3 2 3 1 1 2 1 741 1 1 1
0 0 6 2 0 4 5 3 3 0 7 13 3 1 4 2 8 3 1 2 2 1 2 3 1 1 1 1 976 3 3 2
4 6 8 1 3 13 5 3 5 3 0 0 5 0 2 0 8 2 1 1 3 3 1 3 2 1 2 1 825 3 2 3
3 2 0 0 13 6 0 3 1 4 6 1 5 2 3 2 9 1 3 3 2 1 2 2 1 1 1 3 1 801 4 3 2
7 13 5 8 6 2 3 0 3 3 3 2 0 0 0 3 3 2 1 1 1 1 1 837 2 1 0
5 7 6 1 0 2 1 13 0 1 3 3 2 3 2 0 11 2 3 1 2 3 1 1 2 3 2 3 1 1 1 838 3 4 4
1 7 2 4 4 3 13 7 3 1 0 4 0 0 2 0 8 1 2 2 1 3 1 2 3 1 3 1 678 3 3 2
0 1 3 1 2 3 5 3 0 5 6 13 3 0 3 3 9 2 3 1 2 2 1 2 3 3 1 1 1 777 2 4 3
3 1 4 0 4 6 4 2 2 13 3 3 3 0 1 0 11 2 1 1 2 3 1 2 2 3 3 1 1 3 1 989 4 4 3
8 7 3 2 13 5 4 0 6 3 7 2 4 2 3 0 6 1 3 1 3 3 1 1 3 1 834 3 0 3
2 0 2 0 4 4 0 0 7 8 13 1 3 3 1 4 11 3 2 3 1 3 3 2 2 1 1 1 1 2 1 850 4 3 4
4 1 0 0 2 8 3 5 13 1 2 1 7 2 0 0 7 2 1 3 2 3 3 1 1 3 1 796 2 2 3
3 6 1 1 4 7 13 0 2 5 0 0 3 3 0 8 5 1 2 2 1 2 1 3 1 821 2 3 0
2 4 2 3 0 1 13 4 3 4 1 4 0 0 0 1 5 1 2 2 2 3 1 1 1 956 1 3 1
2 4 1 13 2 3 4 4 0 1 2 3 0 0 3 1 8 3 1 2 3 1 2 1 3 1 2 1 893 3 2 3
4 1 1 5 2 13 4 3 4 2 2 3 0 1 0 0 3 3 1 2 1 3 1 856 1 1 1
3 2 0 0 4 3 5 0 13 4 6 1 6 4 4 0 4 2 1 3 2 1 1 1 813 1 2 1
2 3 7 0 4 3 7 2 1 13 4 2 1 6 1 0 5 2 3 1 3 3 1 3 1 898 1 1 3
1 0 0 0 2 3 1 1 5 3 6 2 13 7 5 0 10 3 3 2 2 3 1 3 1 1 2 1 2 1 687 3 3 4
3 2 0 3 1 2 5 2 5 1 4 7 7 13 4 1 9 3 2 1 3 1 2 1 3 2 1 3 1 712 3 3 3
3 3 2 2 13 4 5 0 3 3 3 0 1 4 0 0 4 1 2 1 3 1 3 1 780 2 1 1
13 4 3 2 3 1 2 4 1 5 0 0 0 4 0 3 10 3 2 1 1 2 1 2 3 2 3 1 1 1 770 3 4 3
0 2 5 1 0 5 4 3 1 0 2 13 4 6 3 1 6 2 2 3 1 1 2 3 8 0.181818 9 0.272727 10 0.545455 889 2 3 1
3 4 13 3 3 2 8 3 4 5 7 2 0 1 0 1 11 3 2 3 2 3 2 1 2 1 1 1 1 3 1 833 4 4 3
0 2 2 3 0 5 2 4 8 13 7 5 3 1 3 1 7 1 1 2 3 2 2 1 1 1 1 902 3 3 1
2 3 9 5 3 7 13 3 1 6 3 6 2 0 0 2 7 1 2 3 3 3 1 1 1 3 1 1074 3 1 3
0 0 3 0 0 2 3 1 4 13 2 4 2 2 3 1 4 3 1 3 3 1 1 1 1077 1 0 3
0 1 2 1 3 4 4 4 0 4 13 9 0 1 3 5 5 2 3 3 2 1 1 2 1 759 1 2 2
13 8 2 4 8 7 5 2 3 5 2 0 0 4 3 1 5 1 1 1 2 3 1 3 1 756 3 1 1
0 5 0 13 2 3 6 4 0 3 5 6 0 0 5 3 5 3 1 3 1 3 1 2 1 823 2 0 3
0 4 13 7 1 0 3 7 0 3 0 3 0 6 0 0 9 3 1 1 2 3 2 1 2 3 1 2 1 806 3 3 3
0 0 0 1 3 0 1 0 4 4 7 1 2 13 3 2 7 2 3 1 1 2 3 3 1 2 1 944 2 2 3
13 6 5 1 3 3 0 0 8 2 0 0 0 7 0 0 6 3 2 2 3 3 1 1 1 1 854 1 2 3
3 2 0 0 3 3 5 3 1 6 7 0 13 5 0 0 7 1 1 2 1 3 2 3 1 2 1 905 3 2 2
0 4 2 2 0 1 5 4 3 3 3 1 0 2 8 13 5 3 1 1 3 3 1 2 1 781 2 0 3
1 4 3 0 13 2 7 1 7 3 5 4 3 6 1 0 6 3 2 3 1 2 3 1 2 1 795 1 2 3
0 4 1 0 0 1 2 2 0 1 3 13 3 3 6 3 10 1 3 2 2 2 3 2 3 1 1 1 3 1 831 3 4 3
1 7 13 3 3 8 7 2 0 1 1 6 0 0 2 4 2 2 2 1 1 1 971 0 2 0
13 3 7 2 8 5 1 3 2 5 3 4 0 0 3 0 0 1 1 1 892 0 0 0
4 4 5 2 3 13 8 4 2 3 3 3 0 1 0 1 11 3 2 1 2 1 1 2 3 3 2 3 1 1 1 995 3 4 4
2 2 1 0 13 5 2 2 5 4 3 0 1 6 3 1 0 1 1 1 783 0 0 0
4 1 5 7 3 4 2 3 13 3 0 1 3 0 2 0 2 2 1 1 3 1 937 1 1 0
3 2 13 4 5 3 4 1 0 0 1 3 3 0 0 0 3 3 2 2 1 1 1 753 0 2 1
0 2 2 0 0 3 0 0 3 6 6 7 2 2 13 4 5 1 1 1 3 3 1 1 1 757 3 0 2
13 2 4 0 7 9 2 2 1 3 6 0 1 1 0 3 6 1 2 3 3 3 1 1 2 1 897 2 1 3
2 0 3 0 1 6 1 3 5 13 7 1 0 9 3 3 7 3 2 2 3 2 3 3 1 1 1 875 0 3 4
1 3 2 8 1 3 13 2 1 3 3 6 0 2 0 2 5 3 1 1 3 3 1 2 1 901 2 0 3
0 1 0 0 2 2 3 5 0 3 7 6 3 0 13 1 4 3 1 1 2 1 2 1 920 2 1 1
0 1 1 7 0 0 13 3 3 9 5 4 3 3 2 5 0 1 2 1 886 0 0 0
9 1 0 0 1 13 0 3 3 4 6 3 2 5 4 0 1 2 1 3 1 688 0 1 0
1 0 3 0 3 13 4 0 3 4 3 2 1 3 3 2 11 3 2 1 3 2 2 2 1 3 1 1 1 3 1 708 4 4 3
3 3 13 9 2 0 6 3 1 3 2 3 0 3 0 0 3 2 1 1 1 3 1 724 2 1 0
3 13 2 2 1 3 2 0 1 6 4 3 1 2 7 0 10 3 2 3 1 1 2 3 1 3 1 1 2 1 971 4 2 4
0 0 2 1 3 2 5 4 3 4 1 1 0 2 13 8 10 1 3 1 2 2 3 3 2 2 1 1 1 1 819 3 4 3
4 4 0 2 5 1 3 1 13 5 4 0 5 2 1 0 8 1 2 3 3 2 1 3 2 1 3 1 826 2 3 3
0 3 13 2 2 2 7 3 3 3 3 1 0 1 0 0 2 1 3 1 3 1 781 1 0 1
0 0 0 3 3 5 4 2 4 8 7 6 13 1 2 1 5 1 1 3 2 3 1 2 1 832 2 1 2
6 2 3 1 3 13 4 0 6 7 4 0 3 1 3 4 5 3 2 3 1 2 1 3 1 753 1 2 2
3 3 2 4 3 3 13 0 1 7 4 1 0 1 0 0 5 2 1 3 2 2 1 3 1 970 1 3 1
2 5 7 2 4 5 7 0 13 3 1 0 2 8 5 1 2 3 3 1 1 1 949 0 0 2
0 0 0 2 1 3 0 6 0 2 4 13 0 0 1 6 1 2 1 1 1 824 0 1 0
13 8 2 2 5 2 5 1 3 7 5 1 3 0 0 0 7 1 3 1 1 2 3 3 1 2 1 906 3 1 3
0 0 3 0 3 0 0 3 1 6 5 3 3 13 7 2 11 1 2 1 2 1 3 3 3 1 2 2 1 3 1 882 4 4 3
0 0 0 1 3 2 3 3 6 3 6 6 9 4 5 13 7 2 1 2 1 3 3 1 1 2 1 790 3 2 2
0 0 5 3 0 0 7 2 3 2 1 5 2 13 4 2 5 3 2 1 1 1 1 1 1 840 3 1 1
0 3 1 2 2 8 4 0 3 4 1 4 13 3 1 0 0 1 2 1 894 0 0 0
4 3 4 0 1 13 0 3 4 2 0 0 3 1 0 0 7 2 3 3 2 1 3 2 1 1 1 767 1 3 3
1 0 13 4 3 9 7 9 0 0 5 4 0 1 4 3 5 2 2 1 2 2 1 1 1 963 1 4 0
1 8 2 3 3 13 4 0 1 7 3 0 2 3 0 3 3 1 2 3 1 3 1 922 1 1 1
3 7 9 2 0 6 8 13 3 9 7 3 1 2 3 3 7 2 1 1 1 3 2 3 1 3 1 676 3 2 2
4 13 2 4 2 3 3 1 2 9 1 1 0 3 3 4 5 1 1 2 1 2 1 2 1 915 3 2 0
0 0 3 1 0 13 2 2 7 4 5 3 1 4 1 3 8 3 3 2 2 1 1 3 2 1 3 1 802 2 3 3
0 0 2 1 0 4 5 3 2 3 3 13 2 6 4 1 3 2 1 3 1 1 1 764 1 1 1
5 2 5 6 1 13 3 4 4 0 4 0 1 1 0 0 9 2 1 3 2 1 2 3 3 2 1 3 1 874 2 4 3
3 13 2 5 0 7 5 3 0 4 6 7 2 0 1 3 7 1 1 3 3 2 3 1 1 2 1 948 3 1 3
0 3 7 4 3 3 13 6 0 1 0 3 0 0 3 4 0 1 2 1 752 0 0 0
1 4 1 4 0 3 3 13 0 1 2 5 1 2 0 2 3 2 1 3 1 2 1 874 1 1 1
0 0 2 0 6 3 1 0 8 6 1 0 3 13 3 1 4 2 3 1 2 1 2 1 980 1 2 1
0 0 3 0 5 3 3 0 13 4 5 0 4 3 3 1 9 2 1 3 2 3 3 1 2 2 1 1 1 820 2 4 3
9 13 8 3 3 1 4 1 8 3 5 2 2 0 0 0 3 2 1 3 1 3 1 778 1 1 1
1 3 2 4 0 1 4 13 0 2 6 4 1 3 1 2 9 2 2 3 3 1 2 2 3 1 1 1 1 883 2 4 3
0 1 2 5 3 0 2 8 4 1 13 3 0 0 0 3 4 2 3 1 2 1 1 1 755 1 2 1
2 3 0 0 9 4 5 0 8 6 13 2 3 5 3 1 4 3 2 3 1 1 1 1 829 1 1 2
5 3 2 0 13 3 4 1 3 3 4 0 2 0 0 0 5 3 3 1 3 2 1 1 1 828 1 1 3
0 3 1 2 1 2 4 3 0 4 13 5 1 4 3 2 2 2 3 1 1 1 751 0 1 1
0 0 0 3 3 0 2 1 0 0 3 4 2 6 13 1 4 1 2 2 1 1 3 1 750 2 2 0
2 4 2 2 3 1 3 6 0 4 7 13 1 1 3 3 3 3 2 1 1 3 1 864 1 1 1
0 2 2 6 0 3 1 3 1 3 4 13 4 2 5 3 1 1 1 3 1 870 1 0 0
3 2 13 2 2 4 1 1 4 6 3 1 3 4 1 0 7 2 3 2 1 3 1 2 1 3 1 831 2 3 2
0 1 7 1 0 3 2 3 1 2 4 5 0 3 13 2 11 1 3 1 1 3 1 3 2 2 3 2 1 2 1 853 4 3 4
1 13 3 0 1 2 10 3 3 4 3 2 2 0 1 0 2 1 2 3 4 0.545455 5 0.272727 6 0.181818 885 1 1 0
1 3 13 4 5 7 4 3 4 4 0 1 0 1 2 0 7 3 2 1 3 2 3 2 1 3 1 845 1 3 3
4 8 13 2 1 1 4 5 2 5 0 8 2 3 0 5 0 1 1 1 946 0 0 0
5 3 2 2 5 13 0 0 1 3 0 0 0 3 0 0 9 2 1 2 3 1 3 1 1 2 3 4 0.545455 5 0.272727 6 0.181818 849 4 3 2
3 4 3 5 0 4 13 6 2 3 4 5 0 1 6 2 3 2 1 1 3 4 0.545455 5 0.272727 6 0.181818 952 2 1 0
1 13 3 1 4 4 3 0 3 0 0 0 2 0 0 0 7 3 3 2 1 1 3 2 1 2 1 869 2 2 3
3 0 0 3 0 0 1 2 2 3 7 3 3 13 4 1 4 1 1 3 2 1 2 1 795 2 1 1
1 2 6 13 0 4 7 2 3 5 4 2 2 6 1 3 6 3 1 3 3 1 1 1 2 1 794 3 0 3
0 3 0 2 0 0 2 3 0 3 4 5 1 3 13 1 8 1 1 2 1 2 3 3 3 1 2 1 920 3 2 3
3 6 7 3 13 0 3 1 6 4 3 2 1 1 0 0 5 2 3 2 1 3 1 2 1 836 1 2 2
4 13 3 1 4 3 7 4 3 1 1 0 2 0 0 0 4 2 2 2 3 1 1 1 871 0 3 1
13 2 4 0 7 4 3 0 9 3 2 2 1 3 0 0 1 1 1 1 1 659 1 0 0
6 4 0 0 13 1 0 2 3 5 1 1 2 4 2 0 11 2 2 3 3 1 3 3 1 1 2 1 1 2 1 925 4 3 4
3 1 8 9 3 4 7 13 3 4 9 2 0 4 0 2 1 1 1 3 1 978 1 0 0
2 1 0 2 3 3 1 2 4 6 6 2 3 1 13 4 6 2 1 3 3 3 1 1 3 1 863 2 1 3
2 3 2 1 4 7 3 1 2 4 13 1 4 3 2 0 7 3 3 1 3 2 1 1 1 2 1 805 3 1 3
0 0 0 2 4 0 0 0 13 3 3 0 3 7 3 1 1 2 1 1 1 855 0 1 0
3 4 1 3 0 0 4 1 2 1 13 3 3 2 8 2 6 2 3 3 3 2 1 1 1 1 845 1 2 3
2 1 8 13 6 5 4 3 0 0 3 0 0 0 3 0 8 1 3 2 1 3 1 2 2 1 3 1 892 3 3 2
1 7 4 0 13 6 3 3 6 5 2 3 1 0 0 0 1 2 1 3 1 905 0 1 0
5 2 2 3 2 10 4 0 5 13 0 5 8 1 1 0 2 3 1 1 3 1 905 1 0 1
2 4 1 4 3 1 1 13 0 0 0 3 0 0 1 0 7 2 1 3 3 2 2 3 1 2 1 870 1 3 3
3 2 13 1 2 4 2 1 3 1 2 5 0 3 0 3 0 1 1 1 980 0 0 0
2 6 2 3 13 7 6 1 1 4 1 3 0 2 0 0 0 1 3 1 782 0 0 0
0 1 6 0 0 0 2 1 0 3 5 4 3 6 1 13 8 2 2 3 2 3 2 1 3 1 1 1 859 1 4 3
4 1 6 4 13 3 3 1 1 8 4 2 2 2 2 0 3 1 3 2 1 1 1 741 1 1 1
0 0 3 2 3 6 4 2 1 0 5 13 0 1 4 1 10 3 1 2 2 3 3 2 1 3 1 1 2 1 893 3 3 4
0 0 4 3 0 2 5 3 4 6 8 13 2 4 1 3 8 1 1 1 2 2 1 2 3 1 3 1 795 4 3 1
0 3 4 1 0 4 5 7 1 6 7 3 3 4 2 13 4 1 2 3 2 1 3 1 855 1 2 1
3 5 1 3 4 8 4 3 3 13 1 2 4 3 2 0 4 1 3 1 2 1 2 1 684 2 1 1
0 2 3 1 0 4 5 7 3 0 6 13 0 4 2 3 9 3 2 1 2 1 1 1 2 3 3 7 0.285714 8 0.285714 9 0.428571 799 4 3 2
3 4 2 0 3 8 4 0 3 13 6 0 1 0 2 1 6 1 2 3 2 3 3 1 1 1 765 1 2 3
4 13 1 3 6 3 2 5 2 0 0 0 0 1 0 0 11 2 2 3 3 1 3 1 1 3 2 2 1 1 1 791 3 4 4
0 3 2 13 2 1 6 3 0 3 3 1 0 2 4 1 9 3 2 3 3 1 2 2 1 1 1 3 1 907 3 3 3
1 5 3 13 3 4 7 8 3 6 2 1 0 1 0 2 0 1 2 1 825 0 0 0
3 0 3 0 3 8 5 0 7 13 3 3 10 6 1 0 0 1 2 1 959 0 0 0
3 6 2 3 13 4 0 0 4 1 3 3 3 0 0 0 2 2 3 1 1 1 750 0 1 1
3 0 0 0 3 2 4 0 13 10 0 1 6 3 2 0 7 1 3 2 3 1 1 2 1 3 1 920 3 2 2
0 0 0 3 0 0 1 3 0 2 5 4 3 5 13 6 7 2 1 1 2 1 1 2 1 2 1 896 4 3 0
13 7 5 4 1 4 3 0 2 3 0 0 0 0 0 2 2 1 3 1 3 1 691 1 0 1
2 0 0 0 1 4 2 0 3 13 5 1 4 8 4 1 3 2 2 1 1 3 1 778 1 2 0
0 0 3 2 1 3 5 2 1 1 1 13 4 1 1 8 5 2 3 2 2 2 1 3 1 780 0 4 1
0 0 1 3 0 5 1 1 3 2 5 13 0 3 2 2 5 3 1 2 3 2 1 1 1 919 1 2 2
0 2 3 1 0 3 4 5 1 2 2 13 0 0 3 1 11 2 3 2 2 3 2 1 3 1 1 3 1 1 1 873 3 4 4
0 0 0 3 4 3 1 6 13 4 5 1 4 2 0 3 1 2 1 3 1 787 0 1 0
0 2 2 1 0 6 3 4 4 2 5 3 9 13 9 1 1 1 1 3 1 839 1 0 0
1 1 2 0 2 4 4 0 13 5 3 0 3 2 3 3 4 1 3 3 1 1 2 1 865 2 0 2
0 2 0 1 3 0 2 13 0 0 4 5 0 5 1 1 6 2 3 3 1 2 1 1 2 1 725 2 2 2
0 3 4 3 2 5 4 5 2 13 6 0 1 4 1 0 9 2 3 1 2 2 1 3 1 2 1 1 1 835 3 4 2
2 4 13 3 0 7 3 8 0 4 6 6 0 0 2 3 6 1 1 2 2 1 3 1 1 1 749 3 2 1
2 3 0 1 0 5 3 3 0 1 6 5 2 5 13 3 6 2 2 3 1 1 3 3 6 0.333333 7 0.333333 8 0.333333 758 2 2 2
1 4 13 4 3 5 5 1 3 4 3 0 2 2 0 0 4 1 3 1 2 1 2 1 763 2 1 1
3 2 4 3 13 1 1 0 4 1 1 2 2 3 0 0 1 3 1 2 1 959 0 0 1
0 3 2 4 0 1 3 13 3 4 3 5 0 1 5 7 6 1 3 2 2 2 1 1 3 1 670 2 3 1
3 3 0 3 3 8 2 7 3 5 6 3 6 4 13 5 8 1 3 1 2 1 2 2 3 1 1 1 814 3 3 2
6 3 4 1 0 0 13 5 3 2 3 1 0 0 3 6 3 2 3 1 1 2 1 825 1 1 1
0 4 1 4 0 1 5 13 3 3 7 3 0 1 4 3 3 2 2 3 1 2 1 841 0 2 1
3 5 3 3 9 13 5 3 6 6 7 2 7 1 2 0 2 3 1 1 3 1 1003 1 0 1
0 2 0 1 2 8 5 3 0 1 4 8 0 3 13 4 2 1 3 1 2 1 983 1 0 1
2 0 0 0 3 0 0 3 7 1 3 0 13 4 5 2 10 2 1 1 3 3 1 2 3 1 2 1 3 1 914 4 3 3
5 2 5 2 3 13 4 0 3 0 3 0 1 0 1 0 7 1 2 3 2 1 1 3 1 2 1 781 3 2 2
3 4 2 3 13 0 2 1 3 4 0 0 1 3 0 0 8 2 2 2 3 1 3 1 3 1 1 1 1070 2 3 3
1 3 0 0 0 2 4 1 2 9 13 5 1 3 3 2 2 1 2 1 3 1 778 1 1 0
0 0 3 3 3 0 0 2 3 2 6 7 3 13 1 1 3 3 1 2 1 3 1 898 1 1 1
2 3 1 0 13 3 3 3 7 3 4 2 3 5 4 0 7 2 2 1 1 1 3 2 1 1 1 787 3 3 1
9 7 3 1 3 2 5 6 3 4 2 13 3 8 4 1 2 3 1 1 2 1 935 1 0 1
3 4 3 4 6 5 4 0 13 8 2 0 1 3 0 0 11 1 1 2 3 1 3 1 2 3 2 3 1 2 1 777 4 3 4
2 0 7 0 13 8 3 0 1 4 1 0 4 5 3 3 2 1 2 1 2 1 806 1 1 0
0 0 1 0 4 2 5 2 13 0 0 1 3 3 5 3 5 1 3 3 2 3 1 3 1 862 1 1 3
0 0 4 3 3 5 4 6 2 1 3 13 0 0 3 4 9 1 3 3 1 2 2 2 3 3 1 1 1 841 2 3 4
0 3 6 3 3 7 1 1 3 3 13 6 2 2 3 5 3 1 2 2 1 1 1 741 1 2 0
0 3 0 2 0 4 3 3 1 2 6 13 2 5 3 1 1 3 1 1 1 986 0 0 1
3 0 3 0 2 4 4 2 9 5 1 5 3 13 6 3 6 2 3 2 1 3 1 1 1 1 871 2 2 2
3 5 4 3 13 4 2 0 4 1 2 0 0 1 3 0 1 2 1 1 1 773 0 1 0
3 3 4 4 2 6 7 13 2 5 4 0 0 3 1 3 6 3 3 2 1 2 1 1 1 1 756 2 2 2
3 1 0 3 1 5 6 2 3 4 13 8 3 3 5 2 10 2 3 1 1 3 2 3 2 1 2 1 1 1 940 3 4 3
8 3 13 5 3 11 7 3 1 1 1 3 0 0 2 0 3 3 2 2 3 5 0.428571 6 0.285714 7 0.285714 995 0 2 1
3 6 13 10 3 1 7 1 0 0 3 3 0 0 2 2 2 3 1 1 2 1 1003 1 0 1
3 13 2 2 9 4 3 0 3 1 5 0 2 0 4 0 9 3 3 1 1 1 2 3 3 2 1 1 1 1030 3 2 4
2 1 0 0 4 3 1 3 3 3 5 0 4 13 6 4 9 1 1 3 2 2 2 3 2 1 1 3 1 781 3 4 2
5 2 4 3 13 3 0 0 1 3 5 0 4 0 0 1 5 3 1 2 2 1 1 2 1 765 2 2 1
5 3 0 0 6 2 0 0 13 4 3 2 1 5 4 3 10 1 3 1 1 1 2 3 3 3 2 1 2 1 830 4 2 4
3 3 13 2 3 5 3 3 0 3 0 5 1 0 0 0 0 1 3 1 855 0 0 0
0 0 3 2 5 0 4 0 3 5 5 0 5 13 3 3 2 1 2 1 1 1 848 1 1 0
4 6 1 2 1 13 6 1 3 2 3 0 0 3 0 0 3 2 2 3 1 1 1 866 0 2 1
0 0 1 0 1 3 0 3 2 4 5 5 3 13 2 2 3 1 3 2 1 1 1 774 1 1 1
0 2 0 3 3 5 3 2 2 1 3 0 13 3 1 1 11 3 1 1 2 3 3 2 2 1 3 1 1 2 1 945 4 3 4
2 3 0 2 0 3 1 6 0 1 13 5 0 0 4 1 5 3 2 1 1 2 1 2 1 860 2 2 1
1 3 2 3 1 0 6 13 0 3 5 3 0 2 4 1 2 3 2 3 8 0.181818 9 0.272727 10 0.545455 718 0 1 1
3 2 3 1 1 13 7 2 5 8 2 0 3 1 0 0 4 3 3 2 3 1 1 1 784 0 1 3
0 0 0 2 4 1 4 9 4 0 13 3 1 3 3 6 5 2 1 2 2 1 1 3 1 873 2 3 0
3 13 3 1 10 6 4 2 1 4 3 8 1 2 0 0 6 3 2 1 2 2 3 1 1 1 988 1 3 2
8 3 0 1 3 7 1 0 13 5 3 0 2 7 3 4 1 2 3 4 0.545455 5 0.272727 6 0.181818 928 0 1 0
0 4 1 4 3 5 13 7 1 6 3 3 3 2 0 5 6 2 2 3 1 3 1 1 2 1 812 2 2 2
4 9 5 2 0 6 13 3 0 2 2 1 1 0 0 4 6 3 2 3 2 1 1 1 1 1 885 2 2 2
0 4 2 1 3 3 8 13 1 6 3 6 0 5 5 1 3 3 3 2 1 2 1 755 0 1 2
1 0 7 4 3 0 2 3 2 3 4 1 1 13 7 4 3 1 3 2 1 2 1 739 1 1 1
7 2 4 7 0 5 6 4 2 2 13 4 3 1 9 3 5 1 3 1 2 3 1 1 1 836 2 1 2
1 4 0 0 2 1 2 2 4 3 4 6 1 6 13 4 3 2 1 2 1 1 1 708 1 2 0
0 2 4 0 1 0 5 0 2 3 3 1 4 13 2 3 0 1 1 1 873 0 0 0
4 6 4 1 3 5 3 6 0 7 13 8 2 0 6 3 4 3 1 2 3 1 3 1 865 1 1 2
3 8 7 4 4 13 8 0 2 2 4 1 5 7 0 2 7 3 1 3 2 1 2 1 1 1 1 917 3 2 2
3 13 1 3 2 4 6 1 0 0 5 4 1 0 4 2 10 3 2 2 3 3 2 1 2 3 1 1 1 1 867 2 4 4
8 3 9 0 3 13 2 2 4 5 3 5 4 6 1 0 10 3 2 1 1 2 2 3 1 3 3 1 1 1 821 3 3 4
2 8 1 0 13 6 2 2 6 7 5 2 1 1 4 0 5 1 3 1 2 3 1 3 1 896 2 1 2
2 0 0 5 3 5 3 2 9 13 5 1 8 1 3 7 3 1 2 3 1 3 1 879 1 1 1
3 2 3 0 3 4 4 0 1 13 1 1 2 3 5 0 1 3 1 2 1 1068 0 0 1
1 2 3 3 4 13 4 1 0 3 5 2 0 1 0 0 2 3 2 1 3 1 677 0 1 1
5 0 0 3 3 3 3 0 1 4 6 1 3 13 3 2 0 1 2 1 798 0 0 0
0 0 6 3 3 2 1 13 0 6 2 3 3 6 4 1 4 3 3 3 2 1 1 1 799 0 1 3
1 0 3 0 3 7 1 2 6 13 5 0 4 5 3 3 6 2 1 3 2 3 2 1 1 1 755 1 3 2
3 3 4 2 1 6 13 6 7 7 3 3 1 2 0 5 7 3 1 2 3 3 1 3 1 2 1 813 2 1 4
2 4 3 4 0 7 13 5 2 3 1 1 1 2 1 3 10 3 1 2 3 1 3 2 1 2 3 1 2 1 876 3 3 4
2 2 0 0 3 4 0 0 13 3 0 8 4 6 3 0 5 1 1 2 3 1 1 3 1 843 3 1 1
4 3 0 0 13 6 7 3 1 5 2 0 1 4 2 2 4 3 1 1 3 1 2 1 692 2 0 2
3 2 0 0 1 3 3 1 7 7 4 8 2 13 3 3 0 1 3 1 1081 0 0 0
3 5 3 10 5 5 13 3 2 7 3 2 3 0 1 0 2 1 2 1 1 1 865 1 1 0
9 9 2 0 3 3 1 0 7 13 2 2 1 6 5 0 1 1 1 3 1 953 1 0 0
2 3 0 0 3 4 4 2 1 5 1 0 3 13 3 1 2 2 2 1 1 1 788 0 2 0
0 0 2 0 0 3 1 3 1 5 9 4 2 3 13 5 0 1 3 1 886 0 0 0
3 0 4 3 4 2 5 0 6 13 4 2 9 3 1 1 4 3 2 2 1 1 1 1 782 1 2 1
4 13 2 1 5 0 4 7 1 1 2 0 3 3 2 0 1 1 1 2 1 818 1 0 0
0 7 0 3 3 1 3 1 3 13 7 7 3 4 2 4 8 2 2 1 2 3 3 2 1 1 1 1 790 2 4 2
2 0 0 0 4 1 3 0 4 13 5 0 7 9 3 2 5 3 1 2 1 3 1 3 1 943 2 1 2
0 2 5 3 1 4 8 5 3 0 13 2 0 3 4 3 5 3 2 3 3 1 1 1 1 949 1 1 3
1 4 13 9 3 9 4 1 0 0 5 4 0 0 4 2 5 2 1 2 3 1 1 2 1 750 2 2 1
1 5 6 4 0 4 7 13 0 4 3 6 2 1 0 0 7 1 2 2 3 2 3 3 1 1 1 766 1 3 3
4 5 13 3 1 3 4 8 0 2 5 6 0 0 3 3 4 3 2 1 2 1 1 1 826 1 2 1
3 0 3 3 0 3 13 4 0 3 4 5 0 0 0 2 6 1 1 2 1 3 3 1 2 1 911 3 1 2
0 0 1 3 0 1 3 5 2 4 5 6 2 1 2 13 10 3 1 2 2 1 1 3 3 3 2 3 4 0.545455 5 0.272727 6 0.181818 835 3 3 4
1 0 2 3 1 2 2 6 0 3 6 1 9 13 2 3 1 1 1 3 1 907 1 0 0
1 3 13 6 3 4 4 5 2 4 5 1 0 0 2 4 6 2 2 1 1 2 1 1 3 1 889 3 3 0
4 2 0 0 2 4 1 0 3 6 13 7 7 8 3 1 8 2 3 2 3 1 3 1 1 1 2 1 832 3 2 3
0 3 2 2 0 3 5 4 0 6 13 1 3 3 4 3 5 1 3 1 2 1 1 2 1 806 3 1 1
0 0 0 4 1 2 13 1 6 2 7 1 3 4 1 4 5 1 2 2 3 2 1 3 1 844 1 3 1
5 0 0 1 1 2 6 0 6 13 3 3 3 8 4 2 9 1 2 3 3 3 1 2 3 1 1 2 1 914 3 2 4
2 1 0 0 3 4 5 2 4 8 13 3 3 1 6 3 8 1 3 2 3 1 3 2 2 1 1 1 822 2 3 3
0 1 3 0 3 6 4 0 4 4 7 1 3 2 13 4 7 2 1 2 3 3 1 3 1 2 1 759 2 2 3
1 1 5 2 4 13 4 3 8 6 3 0 2 2 0 0 10 1 3 2 3 3 1 2 1 1 2 1 3 1 859 4 3 3
5 1 3 2 13 3 0 0 4 4 0 2 1 1 0 0 4 2 3 3 1 1 2 1 830 1 1 2
6 13 0 2 5 8 3 0 3 5 0 0 3 1 1 0 1 3 1 2 1 846 0 0 1
0 0 6 3 0 4 2 7 1 1 2 13 3 5 1 4 1 2 1 3 1 937 0 1 0
2 6 5 3 0 3 5 3 0 9 13 2 1 3 6 1 2 3 3 3 6 0.333333 7 0.333333 8 0.333333 861 0 0 2
3 9 5 3 0 6 8 13 1 4 3 2 2 0 0 2 9 1 3 1 3 1 1 3 3 2 1 2 1 732 4 1 4
4 5 4 1 1 2 13 3 0 8 3 1 0 7 2 1 4 2 2 3 2 1 1 1 977 0 3 1
0 1 0 1 1 0 0 8 4 4 5 1 2 2 13 6 9 1 2 3 2 3 3 3 2 1 1 2 1 781 2 3 4
3 1 3 6 3 3 0 13 2 2 4 1 0 3 4 1 0 1 2 1 958 0 0 0
5 6 13 6 3 3 4 2 0 3 1 3 0 3 0 2 5 3 1 1 1 2 1 2 1 804 3 1 1
0 0 2 0 2 2 3 4 0 4 13 6 3 3 4 1 9 1 3 2 3 1 3 2 1 3 1 1 1 872 3 2 4
2 4 6 3 3 13 7 1 3 3 4 2 0 0 5 2 4 1 3 3 3 1 1 1 795 1 0 3
0 2 2 2 0 0 7 4 3 1 1 8 1 5 13 2 1 3 1 1 1 827 0 0 1
2 0 0 2 4 3 8 0 1 6 0 2 3 13 3 1 0 1 1 1 751 0 0 0
0 3 13 8 0 2 4 6 2 3 4 1 2 1 0 4 10 3 3 2 1 1 2 3 1 1 2 1 3 1 945 4 3 3
0 3 0 0 0 0 2 2 3 6 3 0 7 13 4 1 5 2 1 1 3 1 1 2 1 872 3 1 1
0 2 0 2 7 2 2 0 13 4 1 0 8 4 1 1 0 1 1 1 756 0 0 0
0 1 3 3 3 2 6 13 0 1 4 3 0 0 3 2 3 3 2 3 1 1 1 879 0 1 2
4 2 2 3 0 0 2 4 0 13 1 1 0 4 6 4 0 1 1 1 874 0 0 0
4 1 13 2 2 5 4 4 0 3 2 5 0 0 1 4 3 1 1 2 1 3 1 845 2 1 0
8 13 6 1 5 2 3 3 1 2 5 4 3 0 3 0 11 3 1 1 2 3 2 3 1 2 1 2 1 3 1 825 4 4 3
0 3 2 2 2 4 5 1 0 3 5 13 1 0 3 3 1 3 1 1 1 946 0 0 1
0 3 0 2 0 4 0 1 2 6 5 13 2 3 6 2 7 3 1 1 3 3 1 2 1 1 1 904 3 1 3
0 2 0 3 3 3 0 13 4 5 9 2 3 1 1 3 10 2 3 1 2 3 1 2 3 1 1 1 2 1 823 4 3 3
0 3 0 5 2 0 0 3 3 5 3 1 4 0 13 9 10 1 3 2 1 1 2 2 3 2 3 1 1 1 893 3 4 3
1 0 3 3 1 7 2 2 6 13 2 6 5 2 4 3 2 3 1 1 1 1 870 1 0 1
6 2 5 1 13 3 3 1 9 8 4 2 9 3 0 0 1 2 1 1 1 879 0 1 0
2 6 4 13 3 1 5 2 0 3 3 1 0 0 4 2 0 1 1 1 883 0 0 0
4 13 9 3 1 3 4 2 1 4 5 3 3 0 0 2 2 3 3 3 6 0.333333 7 0.333333 8 0.333333 865 0 0 2
0 0 2 1 3 3 0 0 3 1 3 2 13 4 5 0 5 3 3 2 2 1 1 1 1 918 1 2 2
3 0 0 0 4 3 1 0 6 6 5 0 13 3 2 1 7 3 2 3 1 3 2 2 1 1 1 996 1 3 3
4 8 0 0 4 2 4 0 3 4 3 1 13 1 0 1 8 2 2 2 1 1 3 3 2 1 3 1 860 2 4 2
0 3 5 3 0 0 0 13 2 3 5 3 3 3 3 3 6 1 2 1 2 3 1 3 6 0.333333 7 0.333333 8 0.333333 969 3 2 1
10 8 3 3 3 3 13 6 3 4 5 2 0 1 1 0 6 3 1 2 1 2 2 3 8 0.181818 9 0.272727 10 0.545455 752 2 3 1
2 2 3 0 0 5 1 1 3 2 5 2 13 3 4 8 2 3 1 1 1 1 854 1 0 1
0 3 0 1 1 2 3 6 4 13 7 2 1 6 9 2 1 1 1 2 1 882 1 0 0
4 3 1 1 8 5 0 0 13 6 4 2 2 2 0 0 8 3 2 3 2 1 3 1 1 1 3 1 853 3 2 3
8 13 2 3 3 3 5 1 0 3 4 0 1 0 3 0 9 1 3 2 1 2 2 3 1 2 3 5 0.428571 6 0.285714 7 0.285714 923 3 4 2
0 1 0 0 2 3 7 2 9 13 5 2 0 4 3 4 5 1 3 2 1 3 1 1 1 987 2 1 2
2 0 3 3 0 3 7 0 0 1 13 3 6 5 4 5 0 1 3 1 914 0 0 0
3 6 13 3 0 4 4 7 3 6 3 3 0 0 0 1 3 3 2 1 1 2 1 861 1 1 1
7 2 4 0 13 5 0 1 4 4 0 0 1 2 1 0 4 2 2 1 3 1 3 1 861 1 2 1
3 13 5 4 2 3 6 1 4 0 4 0 2 2 0 0 5 3 3 1 1 1 1 2 1 815 3 0 2
1 0 0 0 3 0 4 3 3 5 4 2 2 13 6 3 6 3 3 1 2 1 1 1 2 1 866 3 1 2
0 0 0 3 0 3 5 3 2 8 13 4 4 3 6 1 0 1 3 1 878 0 0 0
1 3 2 5 2 7 13 3 2 8 1 3 0 0 0 1 5 1 2 3 1 3 1 2 1 884 2 1 2
1 3 3 3 2 3 1 5 0 0 13 3 0 0 0 2 3 3 3 1 1 2 1 841 1 0 2
1 4 2 2 4 5 3 3 4 13 8 0 3 3 7 0 6 3 1 1 2 2 3 1 1 1 792 2 2 2
0 2 0 0 3 1 0 0 3 3 5 0 9 13 5 3 11 1 3 1 2 1 2 1 2 2 3 3 3 8 0.181818 9 0.272727 10 0.545455 1026 4 4 3
0 1 2 0 2 3 1 2 4 4 1 0 13 6 4 0 2 1 3 1 2 1 770 1 0 1
0 0 3 1 2 0 5 2 0 2 13 3 3 6 3 4 2 3 1 1 1 1 855 1 0 1
3 5 1 3 3 3 13 1 0 4 3 2 1 3 0 0 6 2 2 3 3 2 1 3 8 0.181818 9 0.272727 10 0.545455 791 1 3 2
13 3 1 3 8 4 3 2 3 2 4 0 3 4 0 0 8 1 1 1 3 2 2 2 1 1 3 1 950 4 3 1
6 7 13 8 3 6 3 3 2 7 0 4 0 0 3 0 8 1 2 3 2 1 3 1 1 1 2 1 767 4 2 2
7 0 0 1 4 5 2 3 2 2 3 3 2 13 1 1 3 1 3 3 1 3 1 889 1 0 2
2 3 4 1 13 0 0 0 3 1 0 2 4 0 1 0 7 1 3 3 3 2 1 2 1 2 1 787 2 2 3
1 3 4 3 5 2 8 1 2 5 13 3 3 0 3 0 10 2 1 3 2 1 3 3 2 1 2 1 1 1 881 3 4 3
4 5 13 3 1 5 5 2 0 0 1 5 0 2 0 3 5 1 3 1 3 2 1 2 1 805 2 1 2
0 2 0 0 1 5 13 3 1 4 2 0 1 7 3 3 8 1 2 1 3 2 3 2 3 1 3 1 864 2 3 3
2 0 0 1 5 3 6 1 3 6 4 1 4 13 4 3 6 3 1 2 2 3 2 1 3 1 977 1 3 2
2 3 5 3 2 1 2 13 0 5 4 3 0 3 6 4 4 3 3 3 1 1 1 1 721 1 0 3
13 2 0 1 4 7 1 0 3 3 3 1 0 2 0 1 7 3 1 2 2 3 2 3 1 3 1 841 1 3 3
0 1 0 2 3 1 3 3 0 5 7 8 0 3 13 4 2 3 3 1 2 1 880 0 0 2
0 0 0 3 2 4 1 2 5 4 4 0 8 1 13 4 7 2 1 2 3 1 3 1 1 2 1 808 3 2 2
1 0 3 0 6 3 4 0 2 4 2 1 3 13 3 3 10 3 2 2 3 2 1 3 1 1 1 1 2 1 889 4 3 3
0 1 9 0 0 2 6 2 1 3 4 3 1 3 13 4 2 3 3 1 2 1 951 0 0 2
3 5 2 0 7 6 5 2 2 13 1 0 4 2 5 1 8 1 2 1 3 3 3 1 2 1 1 1 849 3 2 3
1 3 0 0 1 6 4 3 9 6 2 0 13 3 3 2 5 1 3 2 1 2 1 3 1 984 2 2 1
0 0 3 1 3 2 3 2 0 5 7 4 2 1 6 13 4 1 2 2 1 1 1 1 879 2 2 0
2 3 5 3 7 13 1 4 5 4 4 2 1 3 0 0 3 3 1 3 1 2 1 878 1 0 2
1 1 0 0 8 4 0 3 2 5 4 0 3 2 13 3 7 1 3 2 1 3 2 2 1 1 1 764 2 3 2
0 3 0 2 1 1 6 3 3 3 8 13 1 8 5 2 1 3 1 2 1 827 0 0 1
13 3 3 0 4 2 0 3 1 4 3 0 3 0 0 0 11 2 1 3 2 3 3 1 3 1 1 2 1 2 1 702 4 3 4
2 4 1 3 13 6 2 2 2 3 4 2 1 1 7 3 9 3 3 1 2 1 1 2 1 3 1 3 1 760 4 2 3
1 0 0 0 0 0 1 1 3 2 3 3 5 13 8 7 6 2 2 3 3 3 2 1 1 1 830 0 3 3
3 2 3 1 13 3 0 0 5 5 0 8 2 2 0 0 4 3 1 1 3 3 6 0.333333 7 0.333333 8 0.333333 815 2 0 2
0 0 0 3 4 3 0 0 4 4 2 3 1 13 4 3 10 2 3 2 1 2 1 1 2 3 1 1 3 1 817 4 4 2
2 13 4 4 2 1 4 2 0 3 4 0 0 0 1 0 8 2 3 1 3 2 1 1 3 1 3 1 737 3 2 3
1 13 3 1 6 3 5 1 3 2 0 0 4 0 3 0 5 3 2 2 1 2 1 3 1 837 1 3 1
1 2 0 0 3 6 4 3 13 9 1 2 1 3 4 5 2 2 3 1 3 1 911 0 1 1
0 2 0 3 9 4 6 1 0 4 6 4 3 3 3 13 1 2 1 1 1 810 0 1 0
3 1 6 1 1 3 7 8 2 5 2 13 2 3 5 3 0 1 3 1 815 0 0 0
3 1 2 13 1 5 3 2 1 1 6 5 0 6 8 2 9 2 2 3 1 3 2 2 3 1 1 1 1 823 2 4 3
0 0 0 3 0 0 0 13 2 2 2 5 0 0 0 5 4 1 3 1 3 1 1 1 685 2 0 2
3 6 2 8 5 13 1 3 1 1 4 0 3 6 3 0 8 3 2 2 2 3 2 1 3 1 1 1 787 1 4 3
0 3 3 3 1 4 6 3 2 5 3 13 3 1 3 2 4 3 2 1 1 1 2 1 960 2 1 1
6 3 5 3 2 1 13 4 0 5 4 3 0 3 0 3 2 1 2 1 3 1 862 1 1 0
1 3 4 3 0 3 6 5 0 2 1 13 4 6 8 1 9 1 2 3 2 3 3 1 2 3 1 2 1 765 2 3 4
0 0 1 0 0 6 1 3 0 4 2 4 1 1 13 4 5 2 2 2 3 3 1 3 1 865 0 3 2
4 3 0 3 6 5 7 2 1 13 2 0 3 3 4 0 6 3 3 1 2 1 2 1 1 1 908 2 2 2
3 0 0 0 3 3 2 2 6 8 13 0 5 7 1 6 7 3 1 3 1 2 3 1 1 2 1 828 3 1 3
13 2 1 2 1 5 4 2 3 5 2 0 3 0 0 0 6 3 2 3 1 1 1 1 3 1 767 3 1 2
7 3 4 1 13 3 0 2 4 5 4 2 0 1 0 0 11 2 3 3 2 3 1 1 2 3 1 2 1 1 1 842 3 4 4
0 3 6 3 2 4 5 8 0 0 0 13 1 2 2 10 4 1 3 3 3 1 1 1 841 1 0 3
0 2 0 0 1 3 2 0 5 7 2 3 6 13 4 1 5 2 1 3 2 1 1 1 1 833 2 2 1
3 3 2 1 1 13 8 9 4 4 2 4 3 2 0 0 6 1 2 3 3 2 1 1 1 1 789 2 2 2
5 1 6 3 2 7 13 6 3 4 1 0 0 0 0 2 8 3 1 1 1 2 3 2 3 1 2 1 907 3 2 3
1 4 1 1 13 4 4 3 2 2 3 0 3 0 2 0 8 1 2 3 2 3 1 1 2 1 3 1 743 3 3 2
0 3 1 3 4 6 3 1 2 0 2 13 2 3 2 3 8 2 3 3 1 1 2 1 1 1 3 1 756 4 2 2
2 0 2 3 3 4 1 4 0 5 6 5 0 1 13 4 5 1 1 2 2 3 1 3 1 755 2 2 1
0 3 5 3 1 4 5 13 8 2 6 4 0 0 2 3 1 3 1 1 1 782 0 0 1
0 0 1 0 2 13 3 1 3 5 5 3 3 4 6 4 1 2 3 8 0.181818 9 0.272727 10 0.545455 768 0 1 0
3 3 3 0 2 1 2 6 2 4 13 0 4 4 1 0 1 1 3 4 0.545455 5 0.272727 6 0.181818 880 1 0 0
1 13 4 5 6 2 4 0 4 3 0 1 1 0 3 0 8 3 2 2 3 1 1 2 3 1 2 1 789 2 3 3
1 7 13 4 3 1 5 2 2 0 0 5 3 0 0 2 8 2 3 1 3 1 2 1 2 1 1 1 888 3 3 2
0 1 3 6 2 5 2 3 3 13 9 4 1 5 3 1 7 2 2 3 3 3 1 2 1 1 1 925 1 3 3
3 13 1 3 1 5 5 5 0 3 8 0 2 0 2 0 6 2 1 3 1 3 3 1 2 1 857 2 1 3
1 4 13 2 4 3 7 0 1 2 0 0 0 0 2 0 6 1 3 1 2 3 2 1 1 1 776 2 2 2
5 3 0 1 1 13 3 0 3 4 1 0 2 2 7 0 3 2 3 2 1 1 1 876 0 2 1
2 8 3 1 2 9 3 5 7 3 1 2 1 4 13 8 11 2 3 1 3 3 1 2 2 2 1 3 1 1 1 846 3 4 4
0 2 3 13 0 4 5 3 3 1 1 3 3 0 0 1 7 1 3 2 1 3 2 2 1 2 1 891 2 3 2
2 4 0 0 3 13 3 0 7 5 5 1 8 3 6 3 5 2 1 2 1 1 1 2 1 770 3 2 0
0 3 0 0 0 3 0 0 3 3 4 1 4 5 13 6 5 1 1 2 2 3 1 2 1 792 2 2 1
3 1 0 0 5 2 7 2 3 3 4 5 1 3 13 1 10 1 2 3 1 2 3 2 2 1 3 1 3 1 751 3 4 3
3 3 0 0 1 13 3 6 4 1 5 2 7 1 6 0 7 3 1 2 3 1 2 2 1 2 1 850 2 3 2
0 3 2 1 2 4 6 3 0 2 13 1 3 3 3 3 5 2 3 2 1 1 1 1 1 801 2 2 1
0 2 3 0 0 3 7 4 3 13 8 9 2 4 3 1 5 3 1 2 1 3 1 3 1 805 2 1 2
0 5 0 0 0 3 4 0 3 0 6 3 4 3 4 13 9 2 3 1 1 1 1 3 2 2 1 2 1 718 4 3 2
13 5 4 2 4 6 3 0 0 3 0 0 0 1 3 0 8 2 1 2 1 3 3 2 3 1 1 1 772 2 3 3
3 1 3 2 1 7 4 1 13 2 3 0 3 0 3 2 11 1 2 2 3 1 3 2 3 3 2 1 1 1 1 901 3 4 4
4 3 7 3 0 2 13 3 0 3 7 6 3 1 1 2 1 2 1 1 1 748 0 1 0
2 3 13 3 1 1 7 2 0 5 5 4 0 1 0 2 6 3 3 1 2 2 1 1 3 1 864 2 2 2
0 0 3 2 1 2 1 2 3 4 8 4 1 1 13 3 1 3 1 2 1 801 0 0 1
0 1 13 3 1 1 5 6 3 2 5 2 0 0 3 3 4 3 2 1 3 1 2 1 831 1 1 2
0 0 0 2 1 4 2 1 3 2 5 6 3 5 13 5 1 3 1 1 1 790 0 0 1
4 3 0 0 3 5 1 0 8 13 6 0 1 4 8 2 3 1 2 3 1 2 1 832 1 1 1
0 0 0 1 13 3 0 2 5 2 0 0 1 4 4 2 0 1 1 1 1096 0 0 0
0 0 1 0 2 6 1 0 4 7 0 0 13 2 4 3 3 2 3 3 1 1 1 886 0 1 2
6 3 2 1 13 4 3 0 1 3 6 4 3 1 2 0 11 3 2 2 1 3 1 2 1 3 2 3 3 7 0.285714 8 0.285714 9 0.428571 840 3 4 4
4 3 2 0 2 4 1 0 13 4 0 3 3 1 0 0 1 2 1 1 1 784 0 1 0
3 7 8 0 13 4 3 0 4 6 2 3 1 4 4 0 8 3 3 1 1 2 2 1 2 1 3 1 839 3 3 2
0 2 2 0 3 3 3 3 4 2 4 3 0 1 13 3 8 2 3 3 1 1 3 1 2 1 1 1 841 3 2 3
0 2 5 3 0 8 3 13 0 1 7 3 3 0 1 2 11 2 2 3 1 2 3 2 3 1 1 1 1 3 1 796 4 4 3
0 0 1 2 0 0 4 1 1 2 4 6 0 0 7 13 1 3 1 2 1 929 0 0 1
3 2 13 3 8 4 3 5 3 7 1 3 0 8 2 0 10 1 3 1 1 3 3 1 2 3 2 1 2 1 793 4 2 4
0 0 2 6 0 3 4 1 3 4 13 4 0 5 6 4 10 2 3 3 1 1 1 2 3 2 1 1 2 1 698 4 3 3
2 0 0 0 3 13 4 1 0 3 4 3 1 1 2 5 0 1 2 1 817 0 0 0
6 1 2 0 1 5 3 4 13 0 0 1 5 3 2 0 10 2 1 2 3 1 3 2 3 2 3 1 1 1 696 2 4 4
3 1 5 2 13 3 4 1 3 6 2 4 5 1 3 2 6 2 3 1 2 3 1 1 3 1 760 2 2 2
3 4 13 1 0 0 0 3 2 2 0 5 0 1 0 0 0 3 7 0.285714 8 0.285714 9 0.428571 783 0 0 0
2 4 3 3 13 4 7 4 4 3 1 4 1 0 0 0 10 2 2 3 1 2 3 2 1 3 1 1 3 1 777 3 4 3
4 2 4 1 13 6 2 3 3 7 4 0 3 0 0 0 7 1 3 3 2 2 3 1 1 1 1 1045 2 2 3
3 13 4 1 5 6 5 3 3 5 2 5 2 0 0 0 7 1 1 1 3 3 3 2 1 2 1 835 3 1 3
2 0 0 0 2 1 0 2 6 7 1 0 4 3 13 4 4 3 3 1 3 1 3 1 806 1 0 3
2 9 3 3 4 8 2 1 1 6 13 4 1 1 3 3 1 2 1 2 1 907 0 1 0
4 4 0 0 4 6 9 1 6 13 0 0 2 3 1 3 9 2 3 2 3 1 3 1 1 2 1 2 1 748 3 3 3
0 1 1 2 0 7 5 8 1 1 4 13 3 2 8 4 5 2 2 3 1 2 1 3 1 802 1 3 1
4 0 0 2 9 13 3 0 2 4 5 1 3 1 3 2 9 2 3 1 2 1 3 3 1 2 1 1 1 810 3 3 3
0 0 2 3 1 9 13 4 3 8 3 6 0 3 4 1 8 1 2 2 3 1 3 3 3 1 2 1 864 2 2 4
0 1 0 1 1 1 2 3 3 3 4 4 4 3 13 3 5 2 2 2 3 3 1 3 1 883 0 3 2
0 2 2 5 3 0 3 1 1 8 3 7 0 6 4 13 1 2 1 1 1 781 0 1 0
2 2 13 4 4 2 7 3 1 9 9 5 8 5 0 3 5 3 1 3 1 2 1 1 1 919 2 1 2
13 4 0 0 3 9 3 0 8 2 5 2 3 0 1 3 2 3 1 1 3 1 929 1 0 1
5 1 13 1 1 4 2 0 0 2 3 0 1 0 0 0 8 2 1 3 2 2 3 3 2 1 1 1 904 1 4 3
1 0 0 8 0 3 0 6 1 6 3 2 2 4 13 8 5 1 2 1 3 2 1 3 1 736 2 2 1
4 5 2 1 2 2 4 13 1 1 3 2 0 0 2 0 9 3 3 2 1 3 3 1 1 2 1 1 1 902 3 2 4
0 3 0 3 0 0 5 4 2 4 3 5 2 4 13 3 1 1 1 1 1 967 1 0 0
3 1 2 2 6 13 4 3 5 2 5 3 0 1 0 0 6 1 2 3 3 2 1 1 1 1 861 2 2 2
13 3 1 2 2 4 6 5 4 1 4 3 3 0 2 0 3 2 1 1 1 3 1 740 2 1 0
0 1 3 0 13 8 4 2 5 7 3 0 1 2 4 0 8 3 2 2 1 1 1 3 2 1 3 1 831 3 3 2
3 0 1 0 1 4 2 0 3 6 1 3 2 13 3 3 0 1 2 1 813 0 0 0
0 0 3 0 0 5 4 1 2 2 7 13 1 9 1 6 9 1 3 2 2 2 1 3 2 3 1 1 1 719 2 4 3
4 13 5 0 2 3 6 2 3 4 3 1 0 3 3 0 10 1 1 1 2 3 3 3 1 2 3 1 2 1 832 4 2 4
2 4 0 1 3 1 3 0 13 3 2 0 1 3 6 1 3 3 2 3 1 2 1 855 0 1 2
5 1 4 1 0 2 13 6 0 3 7 4 1 2 3 5 11 3 3 1 3 2 1 2 2 1 3 2 3 8 0.181818 9 0.272727 10 0.545455 989 3 4 4
2 2 0 0 4 6 4 0 13 4 0 0 3 7 0 2 4 1 3 1 1 1 3 1 828 3 0 1
3 4 1 1 0 0 4 13 2 0 5 6 0 3 2 2 8 1 3 1 2 1 3 2 2 1 1 1 793 3 3 2
0 1 5 3 4 1 5 1 2 8 13 2 2 4 2 3 2 3 3 1 1 1 888 0 0 2
2 3 6 2 0 4 7 4 0 1 3 13 3 2 0 3 8 2 1 3 3 1 1 1 2 1 3 1 950 4 2 2
4 3 5 3 2 2 7 8 0 13 1 4 0 0 1 2 5 3 2 1 1 2 1 1 1 823 2 2 1
13 4 3 1 4 5 3 2 8 4 0 0 0 3 0 0 0 3 7 0.285714 8 0.285714 9 0.428571 839 0 0 0
1 4 3 0 0 3 13 3 4 1 3 2 0 2 1 0 10 3 1 1 2 2 2 3 2 3 1 1 3 1 700 3 4 3
3 0 2 1 2 1 6 0 3 2 1 3 7 13 1 5 7 3 1 2 2 3 1 3 1 2 1 869 2 2 3
3 1 2 3 0 2 13 8 2 10 5 4 0 7 4 5 2 1 3 1 1 1 1013 1 0 1
0 3 0 4 0 3 1 8 2 13 3 4 3 8 2 3 8 2 1 2 3 2 1 1 1 1 3 1 891 4 3 1
2 4 4 3 3 13 1 5 2 9 3 0 0 0 6 0 2 2 1 1 1 1 852 1 1 0
4 13 4 2 5 4 5 1 1 0 1 0 3 0 0 3 6 1 3 1 2 2 2 1 2 1 977 2 3 1
2 0 1 0 6 2 0 0 2 3 3 6 5 13 4 1 1 1 1 3 1 737 1 0 0
2 3 7 5 7 3 3 13 4 6 9 3 0 8 3 2 7 2 1 1 2 3 1 1 3 4 0.545455 5 0.272727 6 0.181818 795 4 2 1
0 6 3 4 1 3 8 13 0 2 1 3 0 0 1 4 9 3 3 1 2 2 2 2 1 3 1 3 1 823 2 4 3
3 2 3 9 0 13 1 4 4 2 3 3 0 0 1 1 10 3 3 2 1 2 1 3 2 3 2 1 1 1 739 2 4 4
1 4 4 13 3 6 8 2 0 2 4 1 0 1 2 0 2 1 2 1 3 1 971 1 1 0
1 1 3 1 3 13 8 1 3 4 6 2 3 5 2 0 7 2 2 3 1 1 2 2 1 3 1 719 2 4 1
3 6 2 3 5 7 13 0 2 4 6 0 1 0 0 0 8 2 3 3 3 1 1 1 3 1 2 1 843 3 1 4
0 1 4 0 1 2 5 2 7 3 7 3 2 13 4 0 10 3 1 1 2 2 3 2 1 3 3 1 1 1 827 3 3 4
4 13 3 1 3 6 7 4 4 3 0 0 0 3 0 0 8 2 2 2 1 1 1 3 3 1 2 1 799 3 3 2
3 0 5 3 5 1 3 2 13 6 4 0 2 10 8 5 9 1 1 3 2 2 1 2 1 3 3 7 0.285714 8 0.285714 9 0.428571 869 4 3 2
3 1 3 0 2 4 3 6 9 13 2 1 5 8 7 3 0 3 4 0.545455 5 0.272727 6 0.181818 924 0 0 0
3 7 13 1 3 5 3 9 5 4 3 0 0 1 0 0 9 3 1 2 3 2 2 3 3 1 1 2 1 902 2 3 4
13 1 5 3 4 3 3 1 0 2 5 3 3 0 3 0 4 2 2 1 1 1 2 1 896 2 2 0
2 2 0 0 4 3 6 4 1 13 3 8 3 1 8 2 3 1 2 3 1 1 1 856 1 1 1
0 0 3 2 0 1 4 1 3 4 2 13 1 2 3 4 8 3 1 2 3 2 2 1 3 1 1 1 816 2 3 3
0 3 2 0 4 2 4 0 3 9 4 3 1 1 13 3 3 1 1 2 1 2 1 793 2 1 0
3 9 6 2 13 6 4 3 4 3 1 0 2 0 1 0 1 1 1 2 1 737 1 0 0
0 0 0 2 1 3 2 1 4 6 7 1 2 5 13 3 1 1 1 2 1 664 1 0 0
2 6 1 2 13 5 1 0 2 2 3 0 3 1 0 0 8 3 1 2 3 1 1 3 2 1 3 1 814 3 2 3
0 0 1 0 2 8 2 0 13 4 4 1 3 3 5 1 10 1 2 2 1 3 1 2 3 2 3 1 3 1 876 3 4 3
0 3 0 1 0 3 3 4 2 4 13 5 9 2 1 4 10 1 2 3 1 1 3 1 3 2 2 1 2 1 770 4 3 3
4 8 13 8 1 5 6 5 2 1 3 2 0 4 3 0 5 1 2 3 3 2 1 1 1 820 1 2 2
0 4 0 1 3 3 0 0 13 5 3 0 2 3 5 1 0 1 2 1 944 0 0 0
1 0 0 0 0 2 4 3 0 5 6 5 1 3 13 3 10 2 3 3 1 1 2 1 3 2 3 1 2 1 943 3 3 4
5 2 0 0 3 7 3 0 13 5 3 2 3 1 1 3 1 1 1 2 1 829 1 0 0
3 2 0 0 6 5 4 3 13 5 1 3 2 4 3 0 7 1 1 2 2 1 1 2 1 3 1 836 4 3 0
4 3 5 0 2 3 4 0 3 13 3 6 2 1 1 1 7 1 1 3 2 2 3 2 1 3 1 805 2 3 2
1 5 4 3 3 4 8 13 2 3 2 8 0 4 1 3 8 2 1 1 3 1 2 3 2 1 3 1 894 3 3 2
1 2 13 5 2 3 3 8 0 4 3 7 3 0 0 1 5 3 3 2 1 1 1 2 1 797 2 1 2
0 1 8 0 4 1 3 0 7 6 13 7 3 2 6 3 1 2 1 3 1 931 0 1 0
2 4 5 1 0 0 5 13 2 0 3 4 0 0 3 5 0 1 1 1 829 0 0 0
5 4 3 2 3 3 8 13 0 1 3 4 0 2 3 3 6 3 1 1 1 2 3 1 2 1 820 3 1 2
2 2 1 4 0 0 5 13 0 4 1 6 2 5 8 9 10 1 2 1 1 3 3 2 3 1 3 1 2 1 861 4 2 4
3 2 13 3 1 3 1 5 0 1 0 2 3 0 0 0 1 2 1 3 1 754 0 1 0
1 4 3 3 1 3 2 2 5 13 6 0 3 5 3 0 10 1 3 2 2 1 2 1 3 3 2 1 1 1 766 3 4 3
0 2 4 0 3 2 3 3 0 4 13 1 3 1 1 4 1 2 1 3 1 944 0 1 0
3 0 3 3 0 4 6 3 0 2 1 13 1 3 4 2 4 1 2 1 3 1 2 1 734 2 1 1
0 0 5 1 1 2 2 13 3 4 6 4 0 4 3 4 11 1 1 2 3 3 1 2 2 3 1 2 1 3 1 905 4 4 3
13 5 1 2 1 4 3 0 0 0 2 0 3 0 3 0 0 1 3 1 725 0 0 0
3 13 2 3 4 3 3 1 0 0 5 4 0 2 1 0 11 2 2 3 1 2 1 3 1 3 3 2 1 1 1 911 3 4 4
0 7 7 4 1 4 13 3 2 5 4 2 0 0 0 1 4 2 1 1 2 1 3 1 938 2 2 0
0 0 13 5 2 8 3 6 0 1 3 4 2 2 0 3 9 3 1 3 2 3 1 1 3 1 1 2 1 922 4 1 4
13 4 5 1 3 2 3 1 2 5 3 4 0 0 1 0 0 1 2 1 930 0 0 0
6 4 13 3 1 4 9 5 0 8 5 2 0 0 3 0 7 3 2 3 1 2 1 2 1 1 1 1007 2 3 2
0 1 2 0 3 3 0 0 8 7 13 7 3 4 4 2 10 3 1 2 3 1 3 1 3 1 2 1 2 1 949 4 2 4
1 2 0 3 5 2 0 0 13 5 3 0 6 7 3 8 5 1 1 2 1 3 1 2 1 777 3 1 1
8 3 2 6 2 13 2 3 4 3 5 0 1 0 1 0 2 3 3 1 1 1 740 0 0 2
0 1 0 0 3 3 2 0 2 6 13 0 3 5 4 8 7 3 3 3 1 1 2 1 1 2 1 933 3 1 3
5 4 2 0 13 7 2 3 7 3 3 0 0 2 3 0 3 3 1 1 1 1 1 827 2 0 1
13 4 2 0 1 4 3 1 3 0 3 0 2 0 4 0 9 1 1 1 2 2 3 3 3 2 1 3 1 968 3 3 3
0 3 0 0 1 6 1 4 3 13 5 2 3 1 3 2 8 2 3 1 2 1 3 2 2 1 1 1 930 2 4 2
2 0 1 1 0 0 3 8 0 2 1 13 0 0 6 5 2 3 3 1 2 1 840 0 0 2
0 6 0 2 2 4 1 3 3 2 3 6 2 3 4 13 4 3 1 1 1 1 3 1 907 3 0 1
4 5 1 1 3 2 13 0 3 4 7 8 4 4 2 0 11 3 3 2 2 3 2 1 3 2 1 1 1 1 1 898 3 4 4
0 1 3 0 1 1 1 2 0 0 5 4 2 4 4 13 7 3 2 2 3 3 2 3 1 1 1 758 0 3 4
0 1 0 0 2 4 1 5 6 7 4 0 3 13 2 2 8 2 2 3 3 1 1 1 3 1 3 1 794 3 2 3
3 8 1 4 3 6 1 1 9 13 5 0 4 2 6 2 10 2 3 1 3 2 1 2 1 3 2 1 3 1 910 3 4 3
2 4 4 0 3 13 5 2 5 4 1 0 7 3 4 0 9 2 1 2 3 3 2 1 3 1 1 1 1 882 3 3 3
2 0 2 4 0 3 5 13 0 4 3 1 0 4 3 1 6 1 3 1 3 2 2 1 3 1 955 2 2 2
2 6 3 1 3 13 3 0 2 9 8 2 3 1 1 3 11 1 2 3 2 1 2 3 3 1 1 3 1 2 1 1039 4 3 4
0 1 0 10 0 1 1 3 3 3 5 2 3 4 13 3 3 2 3 3 1 2 1 778 0 1 2
4 4 0 0 2 4 1 4 7 13 3 3 1 5 9 6 0 1 2 1 667 0 0 0
7 0 3 0 13 1 3 1 2 6 5 0 3 5 3 2 8 3 1 3 1 3 2 2 1 1 2 1 853 3 2 3
0 0 3 1 3 4 3 4 0 3 7 13 2 6 3 2 8 3 2 3 2 1 1 1 1 1 2 1 859 4 2 2
1 7 4 0 2 13 5 0 6 3 1 3 0 2 0 3 3 1 3 2 1 3 1 784 1 1 1
4 3 0 2 4 8 3 0 13 7 3 0 1 5 4 0 5 2 1 3 2 3 1 1 1 838 1 2 2
0 1 3 0 2 7 1 0 4 6 2 1 7 13 5 0 3 3 2 1 1 2 1 805 1 1 1
8 9 13 0 4 6 10 1 2 3 6 0 2 1 0 2 0 1 1 1 836 0 0 0
4 3 3 0 8 3 9 0 4 13 5 2 2 3 1 1 3 3 1 2 3 5 0.428571 6 0.285714 7 0.285714 980 1 1 1
0 4 3 13 3 5 3 2 1 0 3 6 0 3 0 0 11 3 1 1 2 2 3 2 2 3 1 3 1 1 1 872 3 4 4
6 2 0 0 1 4 1 0 13 5 2 1 4 3 0 0 5 3 1 2 3 3 1 2 1 864 1 1 3
1 1 0 0 4 5 2 1 1 2 3 5 13 6 3 0 9 3 2 2 3 1 1 2 3 3 1 2 1 990 2 3 4
0 3 0 3 3 8 2 2 2 0 8 13 1 1 5 3 5 1 2 1 3 2 1 1 1 840 2 2 1
3 4 13 10 0 1 3 7 0 0 3 2 3 0 0 0 10 2 1 1 2 3 3 1 3 2 2 1 1 1 874 3 4 3
1 6 5 1 4 2 4 6 13 2 3 3 4 3 0 0 0 1 3 1 869 0 0 0
4 13 1 4 3 2 5 2 0 2 3 3 0 1 0 0 6 1 1 1 3 2 3 1 2 1 983 3 1 2
2 1 0 0 1 3 0 3 4 5 4 0 13 2 4 2 7 3 3 2 2 1 1 1 1 3 1 785 3 2 2
3 2 3 0 4 5 3 4 3 13 3 3 5 4 3 2 2 3 1 1 1 1 812 1 0 1
2 3 3 1 5 4 6 2 13 2 3 0 1 1 4 0 4 3 1 2 3 1 3 1 840 1 1 2
3 2 5 1 1 13 8 3 3 1 5 4 0 2 4 1 4 3 3 2 3 1 2 1 1072 0 1 3
1 6 13 4 3 2 3 1 5 3 0 0 3 1 3 0 7 2 2 2 2 3 1 3 1 1 1 808 1 4 2
2 2 6 1 2 6 3 0 4 13 1 5 0 0 0 9 8 1 3 3 3 2 1 2 3 1 1 1 906 2 2 4
4 7 3 4 6 13 4 0 5 3 0 0 3 0 1 2 8 1 2 3 2 3 2 3 1 1 1 1 856 2 3 3
2 0 1 0 1 0 4 0 2 4 2 0 5 1 13 3 1 3 1 3 1 809 0 0 1
0 0 3 1 0 3 1 3 1 2 3 13 4 7 6 4 4 3 3 2 2 1 3 1 985 0 2 2
3 6 3 3 5 2 13 6 4 7 9 4 3 3 0 0 3 1 2 1 1 3 1 914 2 1 0
3 1 3 0 0 3 1 1 0 4 13 3 1 5 3 2 3 3 2 2 1 2 1 947 0 2 1
1 2 4 4 0 3 5 13 0 3 4 8 0 3 2 0 5 1 2 3 1 2 1 1 1 776 2 2 1
0 2 0 1 0 3 4 1 0 1 2 4 2 4 13 1 10 3 3 3 3 1 2 1 2 2 1 1 2 1 966 3 3 4
2 2 3 1 3 2 13 1 0 3 4 5 0 0 0 3 4 1 3 1 2 1 3 1 868 2 1 1
0 2 0 0 13 4 5 1 7 6 3 8 2 2 3 2 2 1 1 1 1 1 872 2 0 0
0 3 5 1 3 13 6 2 5 3 7 1 0 3 3 7 7 1 3 3 1 2 2 2 1 3 1 835 2 3 2
4 13 6 5 1 2 4 2 1 2 0 0 7 0 1 0 9 1 3 1 2 3 2 3 2 3 1 1 1 726 2 3 4
0 0 2 3 0 4 6 5 1 1 13 2 4 2 3 4 1 3 1 1 1 722 0 0 1
0 0 1 0 0 2 4 0 1 4 6 0 5 6 13 4 3 3 2 2 1 1 1 626 0 2 1
3 0 0 0 0 3 1 0 2 4 2 9 2 1 4 13 2 1 1 1 2 1 832 2 0 0
0 0 2 3 0 2 6 1 3 0 4 4 0 2 13 8 5 3 2 1 1 3 1 1 1 956 2 1 2
0 2 2 4 0 3 5 9 2 1 13 2 1 4 5 3 3 3 3 1 1 1 1 802 1 0 2
1 0 1 0 2 3 13 0 2 4 8 3 2 5 1 2 8 1 2 1 2 3 3 1 3 1 3 1 673 3 2 3
3 0 0 0 2 4 0 0 4 1 3 2 13 4 1 2 6 3 1 3 3 2 1 1 3 1 851 2 1 3
0 3 0 0 0 2 3 1 1 3 8 4 2 3 6 13 2 3 1 1 2 1 791 1 0 1
3 1 3 2 13 8 4 0 3 3 1 3 2 0 3 0 3 1 2 2 1 1 1 702 1 2 0
4 0 2 3 5 3 3 2 7 4 5 1 1 13 9 1 5 1 2 2 3 3 1 3 1 925 1 2 2
4 1 0 0 7 0 2 4 6 4 5 3 4 13 7 2 2 2 1 1 1 1 895 1 1 0
0 3 4 0 7 8 9 1 0 4 3 3 1 2 5 13 2 2 1 1 2 1 947 1 1 0
2 2 4 4 6 5 6 0 13 2 1 1 0 3 1 0 1 3 1 3 1 950 0 0 1
2 2 4 13 0 3 5 9 1 5 1 1 0 3 0 0 1 3 1 2 1 884 0 0 1
0 3 2 2 4 1 4 2 2 1 1 13 3 6 1 4 11 3 2 3 2 1 3 2 3 1 1 1 1 2 1 932 4 3 4
3 13 4 1 1 4 3 8 0 0 5 3 0 3 3 1 2 2 2 1 2 1 858 0 2 0
3 13 4 2 6 3 5 1 5 5 6 0 1 2 2 0 10 1 1 2 3 3 1 3 1 2 2 1 3 1 903 4 3 3
0 2 4 0 0 3 5 5 0 3 7 6 1 3 2 13 4 3 1 1 3 1 2 1 862 2 0 2
3 3 1 3 4 5 4 6 0 6 8 13 3 2 3 6 9 3 1 1 1 1 3 2 2 2 1 2 1 997 4 3 2
8 7 1 3 13 1 3 0 3 3 1 0 1 2 4 0 4 2 3 2 3 1 2 1 728 0 2 2
2 1 0 3 5 13 3 0 3 4 10 4 5 4 3 0 7 3 2 2 1 1 3 2 1 1 1 1039 2 3 2
4 1 4 0 5 1 6 3 9 13 4 0 1 3 6 2 8 1 3 3 1 2 2 2 2 1 3 1 812 2 4 2
1 0 0 0 3 2 3 6 13 4 5 1 4 2 1 3 9 2 3 1 2 1 2 2 3 3 1 1 1 779 2 4 3
0 5 3 2 3 8 2 2 2 2 4 13 3 1 4 3 6 3 1 1 3 1 1 1 3 1 785 4 0 2
2 1 3 1 2 4 13 3 2 4 3 6 0 3 0 1 10 2 2 3 1 3 1 2 2 3 1 1 1 1 722 3 4 3
0 3 13 1 0 6 3 7 3 2 3 5 0 0 2 1 2 3 2 1 1 1 929 0 1 1
0 1 0 0 3 2 0 2 13 8 3 3 6 4 6 4 1 3 1 1 1 959 0 0 1
3 3 0 0 3 2 1 2 3 5 3 3 13 3 5 1 8 1 1 2 2 3 2 2 1 1 1 1 867 3 4 1
2 4 1 9 2 4 13 3 6 2 4 0 0 1 0 0 4 1 3 3 3 1 3 1 731 1 0 3
0 0 2 1 0 0 4 3 2 3 7 13 1 6 2 3 2 1 3 1 3 1 1001 1 0 1
1 13 5 3 3 5 2 3 9 2 3 5 3 0 0 1 0 1 3 1 729 0 0 0
0 0 8 2 0 3 7 2 0 2 13 4 2 4 1 6 8 3 1 1 3 3 2 3 1 1 1 1 701 3 1 4
2 3 5 3 0 4 4 13 2 3 4 1 3 5 3 3 9 3 1 2 1 2 1 2 1 3 1 3 1 851 4 3 2
3 3 13 2 1 5 3 4 4 3 0 0 0 1 0 0 9 3 2 3 2 2 3 1 1 2 1 1 1 657 2 4 3
3 0 0 0 3 2 1 1 0 3 3 5 3 8 13 3 6 1 2 2 3 2 1 1 3 1 841 2 3 1
0 1 0 4 0 0 0 4 1 0 3 13 5 4 5 2 5 1 2 2 3 1 1 2 1 713 2 2 1
2 3 0 0 2 0 0 1 5 6 4 1 3 13 1 1 3 3 3 2 1 2 1 944 0 1 2
1 3 3 0 9 13 0 2 8 7 3 2 4 5 6 0 4 2 1 1 3 1 3 1 943 2 1 1
0 1 0 4 0 0 4 4 1 3 2 13 1 4 2 3 1 2 1 3 1 936 0 1 0
0 3 5 13 3 1 3 4 0 0 0 3 0 0 3 2 11 1 1 2 2 3 2 3 3 3 1 1 1 2 1 820 4 3 4
13 1 6 2 4 4 7 1 2 4 5 0 0 0 2 2 9 2 3 1 2 1 3 1 1 3 1 3 1 802 4 2 3
0 0 2 0 0 1 7 3 0 3 13 2 3 1 1 5 6 3 2 2 3 1 1 1 2 1 742 2 2 2
3 5 6 2 5 5 13 6 1 7 3 3 0 0 0 2 2 2 1 1 1 1 742 1 1 0
0 0 1 0 0 4 0 2 0 6 4 4 4 4 13 4 1 2 1 1 1 717 0 1 0
6 1 4 2 2 0 4 13 0 4 8 3 0 1 0 5 9 2 2 1 3 3 3 1 1 2 1 3 1 874 3 3 3
0 4 3 4 0 0 0 13 0 0 4 9 3 1 0 3 2 3 3 1 2 1 948 0 0 2
7 13 3 3 9 5 5 2 4 1 8 3 3 3 0 0 2 1 3 1 2 1 818 1 0 1
0 3 3 2 0 1 5 13 3 3 1 4 2 0 5 0 11 1 3 2 3 1 3 2 1 1 3 2 1 2 1 894 4 3 4
0 2 3 1 2 4 7 3 0 1 13 4 3 1 6 3 6 2 2 1 1 2 3 3 5 0.428571 6 0.285714 7 0.285714 849 2 3 1
1 5 1 2 3 4 2 4 6 8 2 3 7 10 13 1 2 3 3 1 3 1 814 0 0 2
2 3 1 2 4 7 5 0 2 8 13 0 5 3 1 0 10 3 1 1 2 3 2 1 2 3 3 1 1 1 898 3 3 4
0 2 2 0 0 1 3 0 1 2 5 3 1 13 4 4 0 1 3 1 734 0 0 0
0 1 1 3 3 2 4 2 0 6 4 2 3 0 7 13 0 1 1 1 771 0 0 0
0 0 2 3 0 0 3 3 2 3 4 3 4 3 1 13 6 2 3 3 1 1 1 1 2 1 954 3 1 2
0 3 9 7 1 1 4 13 2 3 4 4 0 0 2 0 2 1 3 1 2 1 1001 1 0 1
3 2 13 3 0 7 4 6 0 2 3 1 0 4 3 1 6 2 2 3 2 1 1 1 1 1 906 2 3 1
2 8 3 3 3 7 13 3 5 7 4 2 1 2 0 0 8 3 3 2 1 1 1 2 3 1 1 1 720 3 2 3
0 4 8 3 2 7 13 6 0 1 5 3 3 2 7 1 9 3 1 2 3 2 1 1 2 3 1 3 1 926 3 3 3
2 2 3 0 4 5 4 3 13 5 3 2 6 3 0 0 5 1 1 3 3 3 1 1 1 844 2 0 3
3 13 4 1 2 5 0 0 3 3 0 2 4 0 0 1 6 1 1 3 3 2 2 1 3 1 1019 2 2 2
0 3 2 6 2 2 3 13 1 1 6 3 0 0 2 3 9 1 1 1 3 2 3 2 1 3 1 3 1 763 4 2 3
13 6 2 0 6 4 3 8 4 0 0 3 0 2 0 0 7 3 1 3 2 1 1 1 1 2 1 858 4 1 2
0 0 1 2 2 4 13 2 0 0 6 2 1 3 6 1 10 3 1 2 1 2 3 1 3 2 1 1 3 1 824 4 3 3
1 2 13 6 4 5 5 3 0 3 3 4 0 0 2 0 5 1 2 1 2 1 1 3 1 825 3 2 0
3 5 2 0 5 7 5 3 13 1 3 0 2 3 0 0 6 1 3 2 1 1 2 1 3 1 766 3 2 1
0 3 3 3 1 5 2 3 1 4 3 7 0 1 13 9 3 2 3 2 1 3 1 760 0 2 1
3 4 5 3 0 1 13 2 0 6 2 4 0 1 3 0 10 1 2 2 1 2 3 2 1 1 3 1 3 1 853 4 4 2
0 1 4 6 6 0 5 13 0 4 4 5 0 3 2 4 6 3 1 2 1 2 2 1 1 1 818 2 3 1
3 4 1 10 2 3 5 13 2 0 3 4 2 0 5 0 7 1 1 2 3 2 1 1 1 3 1 951 4 2 1
3 4 1 4 2 4 3 13 0 3 5 3 0 4 7 3 8 3 1 1 2 1 2 3 2 1 3 1 781 3 3 2
2 8 1 1 13 5 4 0 2 1 3 0 3 5 0 0 1 2 1 3 1 927 0 1 0
2 0 1 2 1 3 6 3 2 7 4 6 0 0 13 5 3 3 3 1 1 3 1 899 1 0 2
13 3 5 2 5 3 4 5 1 8 1 9 3 0 0 0 8 2 2 1 1 1 2 2 3 1 3 1 730 3 4 1
6 7 6 3 13 4 0 0 8 5 2 0 1 2 1 3 11 1 1 1 3 3 2 3 2 2 1 3 1 2 1 907 4 3 4
1 0 0 2 0 0 0 3 2 6 3 5 3 9 13 4 3 3 3 1 1 3 1 839 1 0 2
0 5 5 2 3 1 9 13 0 0 3 3 2 0 0 0 8 2 2 1 3 1 3 1 2 1 1 1 903 3 3 2
0 1 3 4 0 3 5 7 0 0 0 13 3 0 0 3 8 1 2 2 2 3 1 3 1 1 2 1 936 3 3 2
0 8 0 7 0 1 1 4 5 3 13 2 2 3 3 5 4 1 2 3 3 3 5 0.428571 6 0.285714 7 0.285714 912 1 1 2
1 1 3 0 13 5 1 3 7 3 2 0 1 4 2 4 6 2 2 3 1 3 2 3 6 0.333333 7 0.333333 8 0.333333 998 1 3 2
3 8 4 2 1 13 3 2 6 4 6 1 3 2 0 0 0 1 1 1 728 0 0 0
4 7 13 9 3 4 3 2 1 4 5 0 3 0 0 2 2 1 2 1 1 1 711 1 1 0
0 13 6 2 0 1 5 3 2 1 7 5 0 1 4 2 7 3 1 1 3 3 2 2 1 3 1 789 2 2 3
5 4 1 0 3 13 9 2 6 4 6 3 4 3 3 0 9 1 2 3 1 2 2 3 3 1 1 3 1 783 3 3 3
2 4 2 3 1 13 6 0 6 5 9 8 4 3 3 1 0 1 3 1 1021 0 0 0
3 4 6 0 4 2 5 1 13 1 0 3 2 6 1 3 2 3 2 1 3 1 850 0 1 1
2 3 2 2 0 1 13 3 2 5 5 1 3 0 0 1 7 3 2 2 1 1 1 3 1 3 1 966 3 2 2
3 0 0 7 0 2 1 8 4 7 4 2 1 4 13 8 10 2 2 1 1 2 1 3 2 3 3 1 1 1 809 3 4 3
4 0 0 1 1 3 0 0 13 1 3 0 4 3 6 2 1 2 1 2 1 1024 0 1 0
3 5 0 1 0 2 1 3 2 3 2 4 3 1 13 3 11 3 1 3 2 2 2 1 3 2 3 1 1 1 1 832 3 4 4
2 13 1 3 6 6 5 2 3 0 1 3 0 3 0 1 1 2 1 3 1 863 0 1 0
13 5 6 1 4 2 3 3 0 3 0 0 0 2 0 0 2 1 1 1 2 1 801 2 0 0
0 2 3 4 0 2 4 13 1 3 3 1 0 1 1 2 4 1 2 3 3 1 2 1 787 1 1 2
4 1 2 0 4 13 6 0 3 2 3 0 5 0 3 1 7 2 2 1 1 2 3 3 1 1 1 767 2 3 2
0 1 3 4 0 2 1 3 1 3 4 13 2 4 6 5 0 1 2 1 902 0 0 0
0 2 0 3 4 1 7 4 2 2 13 1 3 3 8 3 3 3 1 3 1 3 1 683 1 0 2
0 2 1 0 0 7 2 0 6 4 13 6 5 5 3 2 6 3 2 1 3 3 1 1 1 1 997 2 1 3
0 3 2 1 2 9 1 1 0 3 13 4 0 5 2 4 0 1 3 1 821 0 0 0
0 3 0 0 2 3 2 0 3 7 5 3 3 13 6 4 6 1 2 1 1 2 1 1 3 1 900 4 2 0
4 9 3 1 2 13 2 3 0 3 3 4 0 0 1 2 7 1 3 1 2 3 2 1 1 3 1 923 3 2 2
0 0 0 3 4 6 3 4 5 5 3 0 1 13 2 2 4 3 1 2 3 1 1 1 849 1 1 2
0 3 0 0 5 2 3 2 3 5 5 4 4 13 2 3 6 1 1 1 3 1 2 1 3 1 803 4 1 1
5 2 1 1 13 3 4 0 1 5 0 0 4 3 2 0 10 2 3 1 2 1 1 2 3 3 2 1 3 1 776 3 4 3
1 0 0 0 0 0 0 4 3 7 5 6 2 4 13 8 4 3 3 2 1 1 3 1 995 1 1 2
0 0 2 0 3 3 4 0 13 4 0 1 2 4 3 0 1 3 1 1 1 903 0 0 1
1 3 0 2 9 4 2 0 13 4 1 0 2 2 8 5 5 3 1 2 1 3 1 1 1 929 2 1 2
9 5 1 5 3 13 4 2 2 3 3 2 0 0 3 0 4 1 1 3 3 1 3 1 965 2 0 2
4 0 0 0 3 3 6 0 13 6 3 3 3 2 3 4 1 3 1 1 1 824 0 0 1
1 0 0 1 1 3 6 3 0 7 6 4 13 5 2 3 1 2 1 2 1 1001 0 1 0
3 0 0 0 5 3 3 2 13 5 3 0 4 4 1 0 10 2 3 1 3 2 1 2 1 1 3 1 2 1 832 4 3 3
6 2 1 0 3 3 3 0 3 13 7 6 4 3 6 1 4 3 2 3 1 1 2 1 803 1 1 2
4 6 8 7 1 3 3 13 0 7 3 0 0 3 3 0 4 2 1 2 2 1 1 1 951 1 3 0
1 2 9 3 13 0 0 0 4 5 1 0 3 1 4 0 5 3 2 1 2 3 1 2 1 722 1 2 2
3 5 13 3 0 6 4 4 2 1 2 0 0 0 1 0 11 2 1 3 1 2 2 1 2 3 3 1 1 3 1 833 4 4 3
2 0 0 0 3 0 0 3 3 5 3 1 13 4 4 0 1 1 1 2 1 908 1 0 0
2 3 1 13 0 1 4 8 3 3 5 4 0 0 2 2 9 2 3 3 2 2 1 1 1 3 1 1 1 893 3 3 3
2 5 13 3 5 1 5 3 3 4 0 0 0 0 0 2 5 3 2 1 1 1 1 2 1 829 3 1 1
3 0 0 0 1 13 0 1 5 7 4 2 3 0 2 0 2 1 2 1 3 1 819 1 1 0
2 0 3 3 6 5 2 1 3 4 13 4 8 8 1 3 11 3 2 2 2 1 3 1 3 2 1 3 1 1 1 921 3 4 4
4 3 1 1 13 7 3 2 4 3 1 0 3 0 0 0 4 3 2 3 3 1 2 1 1066 0 1 3
5 7 0 0 4 1 0 0 13 4 1 2 1 3 5 2 2 3 2 1 3 1 864 0 1 1
3 13 2 0 4 6 0 0 7 3 0 3 4 1 0 0 2 1 2 1 3 1 813 1 1 0
0 0 2 2 2 4 2 3 8 7 5 5 6 7 13 1 8 3 1 3 1 3 2 1 3 1 1 1 861 3 1 4
3 13 4 1 4 8 6 2 1 4 3 0 0 3 0 0 8 3 2 2 2 1 1 1 3 1 2 1 689 3 3 2
3 13 5 5 0 4 9 1 2 2 2 3 2 0 4 0 7 3 3 3 1 2 1 1 1 1 1 744 3 1 3
3 1 13 3 3 5 5 2 2 6 3 0 0 4 2 0 4 3 1 3 3 1 1 1 829 1 0 3
3 2 5 1 5 13 7 3 8 5 5 2 4 2 1 0 4 1 3 3 1 1 2 1 673 2 0 2
0 0 2 0 1 0 1 3 4 3 2 13 3 4 5 3 11 3 2 1 3 1 3 1 1 2 2 2 1 3 1 832 4 4 3
3 0 2 2 4 1 4 0 8 6 13 0 3 7 4 3 5 1 1 3 2 1 1 2 1 779 3 1 1
5 1 1 1 2 3 13 5 2 2 0 3 0 0 3 0 11 1 3 2 1 3 1 3 2 1 2 2 1 3 1 1033 4 4 3
1 2 13 3 3 6 5 4 6 7 3 2 3 3 1 0 9 2 2 2 1 1 3 1 3 3 1 3 1 743 3 3 3
1 0 2 2 6 0 3 1 5 5 8 2 4 13 7 2 7 1 2 3 3 1 3 3 1 1 1 848 2 1 4
0 2 0 3 3 3 0 1 5 6 3 0 3 4 13 3 10 2 2 3 2 1 3 2 1 3 1 1 1 1 896 3 4 3
2 5 1 1 4 7 8 3 5 13 3 2 0 3 7 3 8 2 1 3 2 1 3 1 2 1 3 1 1013 3 3 2
5 0 2 0 3 7 1 5 4 8 13 1 2 5 9 3 2 2 1 1 3 1 743 1 1 0
4 7 4 0 13 7 3 2 1 6 4 0 2 3 0 0 4 2 1 1 2 1 1 1 814 2 2 0
1 2 2 3 3 1 5 13 0 4 3 1 8 0 0 0 3 3 2 2 1 1 1 902 0 2 1
1 3 1 2 1 13 5 3 0 5 4 2 2 0 1 3 4 2 3 1 2 1 3 1 834 1 2 1
0 2 3 0 3 5 2 0 4 13 4 7 1 8 7 6 3 3 1 2 1 1 1 795 1 1 1
0 2 0 3 0 4 1 3 3 6 13 1 4 2 3 5 5 3 2 3 1 2 1 1 1 860 1 2 2
9 4 1 5 2 1 5 13 0 2 6 6 0 0 3 3 11 2 2 3 2 2 1 3 1 1 3 1 1 3 1 1008 4 4 3
0 0 2 0 0 4 1 4 2 4 3 8 1 3 13 5 5 3 3 3 2 1 3 7 0.285714 8 0.285714 9 0.428571 787 1 1 3
0 3 1 0 3 8 4 0 13 6 2 0 3 3 4 3 4 3 1 3 3 1 2 1 807 1 0 3
0 2 2 4 0 2 4 1 1 4 5 5 3 1 13 7 4 1 3 3 3 1 2 1 919 1 0 3
0 3 4 2 8 5 13 5 1 3 4 3 3 0 0 4 7 3 1 2 3 2 1 2 1 1 1 801 2 3 2
4 7 1 3 1 4 13 2 4 3 2 2 3 0 0 1 2 3 1 1 2 1 910 1 0 1
3 13 1 3 2 5 1 2 2 6 0 4 6 0 1 0 9 2 1 1 3 3 1 2 3 2 1 3 1 1023 3 3 3
3 1 0 0 6 2 1 0 4 6 4 3 2 13 1 7 3 3 2 3 1 3 1 936 0 1 2
2 0 0 0 2 5 7 1 13 5 6 3 5 3 3 7 7 3 1 1 3 1 2 2 1 3 1 828 3 2 2
3 5 8 3 1 2 0 13 0 0 4 1 0 0 2 4 11 3 3 3 1 1 1 2 2 2 3 1 1 2 1 808 4 3 4
3 6 3 2 1 13 7 0 4 1 2 3 2 0 0 3 8 2 1 1 3 2 3 1 2 1 1 1 706 3 3 2
2 5 7 2 4 6 13 2 0 3 1 5 0 1 3 4 1 3 1 1 1 791 0 0 1
3 13 3 4 5 2 2 1 2 0 3 0 0 0 0 3 5 1 2 1 3 1 1 3 1 751 3 1 1
13 4 7 1 2 5 4 4 4 2 2 1 1 0 0 0 6 2 1 1 3 3 3 1 2 1 760 2 1 3
2 3 1 0 4 4 7 0 3 13 5 0 1 6 1 3 1 2 1 2 1 1060 0 1 0
3 2 2 2 13 3 0 0 5 6 1 4 3 2 6 1 5 3 1 1 1 3 1 2 1 772 3 0 2
3 13 5 3 5 3 4 9 1 0 6 0 3 1 2 0 0 1 2 1 949 0 0 0
4 2 3 1 5 2 6 1 1 13 2 2 4 3 1 0 7 1 2 3 1 3 3 3 1 2 1 919 2 1 4
2 1 3 13 0 4 5 4 0 1 4 0 0 0 3 3 4 3 2 1 3 1 2 1 824 1 1 2
2 2 2 1 3 5 0 3 7 4 5 6 1 1 13 4 2 3 3 1 3 1 764 0 0 2
2 1 0 0 1 4 1 0 2 3 5 4 13 4 2 3 3 1 2 3 1 3 1 695 1 1 1
0 1 0 9 2 6 2 13 3 6 5 3 3 5 3 1 6 2 2 1 3 1 3 3 5 0.428571 6 0.285714 7 0.285714 777 2 2 2
4 13 1 0 3 1 0 0 5 2 2 0 2 7 0 3 1 1 1 3 1 705 1 0 0
3 2 5 1 0 3 13 9 1 1 0 3 2 0 0 2 2 3 1 1 2 1 885 1 0 1
0 3 8 13 6 4 6 8 4 2 2 4 2 0 1 2 3 1 1 3 1 1 1 882 2 0 1
0 1 3 0 3 2 6 4 4 7 4 8 1 0 3 13 1 3 1 2 1 886 0 0 1
13 0 3 1 3 4 2 2 1 6 4 2 4 0 0 0 1 1 1 3 1 854 1 0 0
4 1 3 0 3 2 1 5 4 4 1 2 2 13 3 9 0 3 4 0.545455 5 0.272727 6 0.181818 788 0 0 0
2 6 1 0 1 5 6 0 13 5 3 3 2 3 2 3 2 1 2 1 1 1 884 1 1 0
0 3 0 1 0 3 6 4 3 4 4 1 2 13 8 1 2 2 2 3 7 0.285714 8 0.285714 9 0.428571 867 0 2 0
3 1 5 3 0 7 3 13 1 4 1 0 0 3 0 0 3 2 2 2 1 3 1 914 0 3 0
3 13 1 0 5 0 0 0 2 3 3 0 4 0 1 2 9 1 2 2 1 1 2 3 3 3 1 3 1 877 3 3 3
0 0 3 2 3 0 2 0 1 4 3 4 3 13 4 3 1 1 1 3 1 729 1 0 0
0 2 4 0 3 0 6 1 3 13 9 5 2 6 1 2 10 1 3 2 2 1 3 3 2 1 3 1 1 1 817 3 3 4
3 0 1 0 1 5 2 2 7 13 4 2 3 1 1 2 2 3 3 3 4 0.545455 5 0.272727 6 0.181818 875 0 0 2
4 13 2 3 2 0 5 1 0 0 3 3 2 0 1 0 9 3 1 1 3 2 1 3 1 2 1 2 1 806 4 2 3
3 0 4 0 6 2 3 0 2 5 8 1 1 13 3 2 9 2 2 1 3 1 3 1 3 2 1 1 1 887 3 3 3
2 0 0 1 0 2 6 4 4 2 1 1 3 13 4 3 0 1 3 1 781 0 0 0
6 2 3 7 3 13 3 1 7 3 2 0 5 3 0 0 4 1 2 3 1 1 3 1 797 2 1 1
1 1 4 7 3 13 2 0 2 3 10 0 3 3 8 1 10 2 1 1 2 1 3 3 2 3 2 1 3 1 1020 3 4 3
0 8 0 0 1 7 1 0 13 5 5 2 3 2 7 3 9 3 2 1 1 1 2 2 3 3 3 5 0.428571 6 0.285714 7 0.285714 907 3 3 3
0 3 4 0 3 13 10 2 0 6 7 4 2 3 1 2 4 1 1 2 1 1 3 1 866 3 1 0
2 13 5 3 3 5 8 5 1 0 3 2 0 0 9 2 4 3 1 3 1 3 6 0.333333 7 0.333333 8 0.333333 879 2 0 2
0 0 2 0 0 4 0 2 5 8 7 3 1 3 6 13 6 3 2 3 1 2 1 1 1 1 941 2 2 2
1 0 0 2 3 5 2 9 1 5 13 3 3 3 5 1 1 3 1 2 1 811 0 0 1
2 1 0 3 0 4 4 8 0 2 5 13 0 0 4 5 5 1 1 3 2 2 1 1 1 812 2 2 1
2 4 4 1 2 13 3 8 4 2 0 3 0 0 0 3 2 1 1 3 5 0.428571 6 0.285714 7 0.285714 923 2 0 0
1 1 2 0 4 3 5 2 2 13 4 0 3 1 3 3 10 1 1 2 1 3 3 2 2 1 3 1 2 1 882 4 3 3
0 0 1 0 5 2 3 0 4 6 4 2 2 6 13 1 0 1 1 1 842 0 0 0
0 1 2 6 0 1 13 3 3 2 0 0 0 0 0 3 7 1 2 3 3 1 2 1 1 2 1 787 3 2 2
0 3 1 3 3 3 7 13 0 2 2 2 0 1 8 0 4 1 3 1 3 1 2 1 794 2 0 2
2 0 0 0 2 0 1 0 3 4 3 1 4 5 13 3 9 3 3 2 3 1 3 2 2 1 1 1 1 921 2 3 4
0 3 5 4 1 5 13 3 0 3 6 2 0 2 1 0 2 3 3 1 3 1 902 0 0 2
2 0 0 0 4 6 10 2 0 1 4 13 2 3 4 4 9 2 1 1 1 3 3 2 3 3 1 1 1 955 3 2 4
5 0 0 3 6 1 1 4 7 7 13 3 10 8 2 1 5 1 3 2 3 2 1 2 1 876 1 2 2
3 13 9 4 2 3 1 1 5 0 3 3 0 2 0 0 11 1 3 3 1 3 2 3 2 2 1 2 1 1 1 712 3 4 4
2 1 0 1 13 1 2 0 1 3 7 3 3 2 6 0 10 1 1 3 3 3 2 2 2 3 1 1 2 1 794 3 3 4
3 0 5 3 3 4 13 6 0 4 7 8 0 0 2 4 9 3 1 3 2 2 1 1 3 1 1 2 1 827 4 2 3
0 1 0 7 0 3 4 0 1 2 13 1 4 5 4 2 0 1 2 1 896 0 0 0
0 2 1 3 0 4 7 4 1 2 3 13 0 0 1 3 8 2 2 2 3 1 3 3 3 1 1 1 663 1 3 4
1 8 4 2 3 1 4 0 13 2 0 0 3 5 0 3 11 2 1 3 2 1 1 2 1 3 3 2 3 5 0.428571 6 0.285714 7 0.285714 863 4 4 3
0 1 0 2 0 3 5 4 2 5 13 5 0 1 3 3 0 1 3 1 799 0 0 0
2 13 6 5 0 1 4 3 3 0 3 0 0 2 0 0 2 1 2 1 1 1 974 1 1 0
1 1 0 0 3 4 4 2 6 6 3 0 13 7 3 2 3 3 2 3 1 1 1 854 0 1 2
4 0 0 1 4 6 1 0 13 4 2 0 5 3 1 0 9 2 2 3 1 3 1 3 2 3 1 2 1 844 2 3 4
4 1 0 0 2 0 3 1 3 4 4 0 8 13 1 1 4 2 3 2 3 1 2 1 832 0 2 2
1 3 3 13 0 4 4 3 0 0 2 4 0 0 3 2 0 1 1 1 766 0 0 0
1 0 0 1 5 2 0 0 2 5 4 0 8 13 7 4 11 3 3 3 2 1 3 1 2 1 1 2 1 2 1 968 4 3 4
2 4 3 0 4 2 0 3 3 7 13 2 1 6 1 3 2 1 2 1 1 1 1040 1 1 0
3 2 3 9 0 2 13 8 3 4 6 5 0 4 4 1 4 1 2 1 3 1 3 1 727 2 1 1
3 3 13 2 6 7 3 2 3 2 3 5 0 0 0 1 4 2 1 3 1 1 1 1 883 2 1 1
5 1 3 4 6 7 6 5 13 7 0 1 5 4 3 0 7 1 1 3 2 2 3 2 1 2 1 780 2 3 2
0 0 3 9 1 1 1 1 4 3 2 4 2 2 13 6 5 3 3 2 3 1 1 2 1 911 1 1 3
4 4 0 0 2 7 4 1 13 1 0 0 4 3 3 1 2 3 2 1 2 1 894 0 1 1
2 0 0 5 1 3 13 3 9 6 2 1 0 1 2 3 11 3 2 1 3 1 3 1 1 2 2 3 1 2 1 832 4 3 4
0 7 2 3 1 6 1 4 0 3 4 5 2 4 13 6 11 1 1 1 2 3 2 1 2 3 3 3 1 2 1 688 4 3 4
0 6 13 4 1 1 9 1 0 5 2 1 3 0 0 0 3 3 2 2 1 2 1 786 0 2 1
0 1 0 0 7 2 0 0 5 3 3 2 1 13 6 3 3 3 1 2 1 3 1 751 1 1 1
3 1 3 13 2 1 2 5 3 3 0 4 0 0 1 0 1 2 1 3 1 904 0 1 0
0 2 3 1 0 6 10 13 1 7 9 3 2 3 3 3 9 3 3 1 1 2 2 3 2 1 1 3 1 830 3 3 3
3 13 5 2 0 0 2 4 1 0 0 3 0 0 1 0 1 3 1 3 1 615 0 0 1
3 6 2 3 13 5 1 0 2 2 1 0 0 0 3 1 2 1 2 1 3 1 806 1 1 0
0 7 6 3 2 2 13 5 4 1 4 3 3 1 3 2 7 1 1 3 3 2 1 2 1 3 1 961 3 2 2
3 9 1 0 7 6 5 1 8 13 6 2 3 5 4 2 11 1 2 2 1 3 2 2 3 1 3 3 1 1 1 976 3 4 4
2 3 1 1 2 7 4 0 6 13 3 0 7 0 1 3 9 2 1 3 1 2 2 1 3 3 1 2 1 769 3 3 3
2 3 0 3 3 1 13 3 4 3 3 7 3 4 1 0 8 3 2 3 1 2 3 1 2 3 5 0.428571 6 0.285714 7 0.285714 887 2 3 3
3 8 13 8 4 2 4 0 5 7 3 1 3 1 0 2 9 3 3 2 1 3 2 2 1 1 1 3 1 670 3 3 3
2 13 4 3 2 7 6 1 0 2 1 0 1 0 6 0 8 1 2 1 2 3 3 2 1 1 3 1 738 3 3 2
0 3 4 7 0 1 13 1 3 3 2 4 2 4 1 3 2 2 2 1 1 1 988 0 2 0
0 0 2 1 1 3 5 3 1 6 7 3 1 0 4 13 8 3 1 2 3 3 2 2 3 1 2 1 725 1 3 4
0 0 0 2 1 2 4 2 13 5 1 0 2 9 5 3 7 3 1 3 1 1 3 3 1 2 1 833 3 0 4
3 9 13 3 1 1 4 2 0 3 4 6 2 1 0 3 5 1 2 3 2 2 1 1 1 813 1 3 1
1 6 2 0 1 4 3 1 13 4 4 2 1 7 2 0 6 3 3 3 1 2 3 1 2 1 717 1 1 4
1 3 4 0 3 3 2 3 4 13 8 4 2 3 9 1 10 1 2 2 1 1 2 1 2 3 3 1 3 1 746 4 4 2
4 2 3 1 6 4 3 6 13 8 0 0 3 1 0 0 10 3 1 3 3 2 2 2 1 2 1 1 3 1 703 3 4 3
2 4 3 1 1 2 7 4 0 2 13 4 0 5 6 3 4 1 3 2 1 1 3 1 943 2 1 1
4 3 0 1 4 4 2 0 13 2 0 0 1 5 3 4 11 1 3 2 2 1 3 3 1 1 2 2 1 3 1 834 4 4 3
6 4 2 4 1 13 4 3 1 3 5 1 0 0 2 0 3 3 3 2 1 3 1 873 0 1 2
3 4 5 13 0 0 7 2 0 0 3 2 0 0 0 1 6 2 1 3 1 3 1 1 2 1 805 3 1 2
3 2 3 4 4 13 6 8 5 0 0 3 2 2 0 0 5 2 1 3 1 1 1 1 1 807 3 1 1
0 3 1 4 2 3 5 7 2 6 13 3 1 4 3 1 5 2 2 2 1 1 1 3 1 708 2 3 0
2 4 3 1 0 4 13 3 0 3 5 8 1 0 3 3 10 3 1 2 2 1 3 3 2 2 3 1 1 1 749 2 4 4
5 3 0 0 4 10 2 3 7 13 5 0 1 6 1 2 4 2 1 3 3 1 3 1 722 1 1 2
1 13 5 2 1 5 8 2 3 1 2 3 0 1 4 0 3 2 1 3 1 2 1 693 1 1 1
2 7 5 4 0 3 13 1 1 3 6 2 3 1 0 5 9 2 1 3 3 1 2 3 2 2 1 1 1 773 2 4 3
0 1 2 1 0 0 5 1 2 4 4 3 4 13 5 1 5 2 2 3 3 2 1 1 1 831 0 3 2
0 0 2 4 0 2 1 3 2 3 2 7 3 4 7 13 3 3 1 1 1 1 1 830 2 0 1
3 0 0 0 4 2 3 0 13 5 2 1 4 4 1 0 11 2 2 3 1 3 1 3 1 1 2 2 1 3 1 886 4 4 3
1 6 4 2 13 5 3 0 7 4 4 2 3 0 0 0 2 3 1 1 3 1 772 1 0 1
1 3 2 3 2 3 5 1 13 3 0 2 3 8 3 0 7 1 1 2 3 3 3 1 1 2 1 859 3 1 3
2 2 0 0 3 4 1 3 2 5 1 1 2 13 6 3 10 1 1 3 1 2 2 3 3 1 2 1 3 1 950 4 3 3
0 3 5 2 1 0 0 13 0 1 4 6 0 0 3 3 10 2 2 3 2 1 2 1 3 3 1 1 3 1 915 3 4 3
3 3 3 0 4 3 6 0 3 13 2 2 1 9 3 0 5 3 2 3 1 3 1 1 1 944 1 1 3
3 13 8 4 5 3 5 5 1 1 0 4 0 2 0 0 0 1 2 1 880 0 0 0
2 3 1 4 2 0 4 13 0 5 6 3 0 4 4 1 11 3 1 2 3 2 3 1 2 2 3 1 1 1 1 895 3 4 4
9 7 13 3 5 4 8 2 3 3 3 0 3 6 1 0 2 3 3 3 8 0.181818 9 0.272727 10 0.545455 972 0 0 2
0 3 1 0 3 13 5 3 1 8 6 0 0 2 4 3 9 3 2 1 2 2 2 3 3 1 1 1 1 910 2 4 3
2 0 0 3 4 3 4 2 6 5 4 7 5 13 1 2 6 2 1 3 1 1 3 3 4 0.545455 5 0.272727 6 0.181818 841 3 1 2
1 7 4 2 3 8 4 5 2 13 3 0 1 1 0 0 3 2 3 3 1 3 1 828 0 1 2
0 3 8 2 1 0 5 13 3 1 5 3 0 7 3 2 11 1 1 2 3 2 3 2 3 1 2 1 1 3 1 915 4 4 3
3 3 0 0 1 0 2 0 8 5 3 6 1 13 4 1 1 2 1 2 1 846 0 1 0
0 1 2 0 8 4 3 0 2 5 13 6 3 2 3 2 3 3 1 1 1 1 1 901 2 0 1
0 0 1 3 2 4 1 1 2 4 6 13 0 1 3 2 3 1 3 2 1 2 1 826 1 1 1
1 6 4 5 1 5 6 13 2 4 3 2 2 1 0 0 11 1 3 1 1 2 2 2 3 3 3 1 1 2 1 926 4 3 4
0 2 3 3 7 2 9 1 3 5 13 5 2 3 4 3 4 1 3 1 2 1 1 1 839 2 1 1
7 13 1 5 2 8 5 3 2 5 1 2 2 5 7 0 5 2 1 3 1 1 1 3 1 818 3 1 1
2 8 4 5 2 3 5 13 0 0 4 1 0 0 0 2 9 1 3 1 3 2 3 1 3 1 1 2 1 875 4 1 4
2 5 1 3 2 3 8 13 0 3 1 8 0 0 3 4 5 1 2 1 3 2 1 3 1 845 2 2 1
4 13 4 3 3 3 7 0 6 1 2 0 0 9 3 0 10 2 1 1 2 2 1 3 1 3 2 1 3 1 855 4 4 2
0 1 3 0 3 1 4 8 3 5 13 2 0 2 3 3 10 3 2 3 1 1 2 1 2 2 3 1 1 1 978 3 4 3
0 0 1 2 1 4 5 2 4 6 4 0 13 7 5 3 1 1 1 2 1 848 1 0 0
1 5 2 2 13 2 1 0 4 3 6 0 3 3 2 1 1 1 1 3 1 803 1 0 0
5 1 7 4 13 2 3 0 4 3 0 1 2 4 0 0 8 3 1 2 1 2 1 3 3 1 2 1 950 3 2 3
0 0 1 0 0 3 2 0 3 4 7 4 4 2 13 4 3 2 3 1 1 1 1 780 1 1 1
3 4 5 4 3 13 1 0 2 3 4 3 0 0 1 2 0 3 8 0.181818 9 0.272727 10 0.545455 949 0 0 0
5 13 4 3 3 4 5 1 0 1 3 0 0 3 0 0 7 3 2 2 1 3 2 2 1 1 1 808 1 4 2
0 4 0 1 4 2 1 0 4 8 5 4 13 1 6 2 7 3 3 2 3 1 1 2 1 2 1 877 2 2 3
3 4 13 3 2 3 8 9 6 1 4 1 0 0 2 0 0 1 3 1 790 0 0 0
0 1 0 0 2 5 3 0 3 13 5 0 4 1 1 2 10 1 2 3 2 2 1 2 3 3 1 1 3 1 806 3 4 3
1 3 2 3 1 5 13 0 3 4 2 3 3 3 0 0 8 2 2 1 3 1 1 3 2 1 3 1 761 3 3 2
3 0 0 0 1 3 7 3 5 13 4 4 5 1 2 2 2 3 3 1 3 1 761 0 0 2
2 2 0 0 4 0 0 1 3 5 4 0 4 13 6 4 4 1 3 1 3 1 2 1 872 2 0 2
3 5 3 3 2 3 13 3 0 3 5 0 0 1 0 0 7 2 3 1 1 3 2 2 1 1 1 801 2 3 2
6 7 13 2 1 6 4 1 1 5 2 0 4 1 0 2 0 1 2 1 952 0 0 0
0 1 4 3 3 5 7 3 0 2 13 5 1 0 2 3 5 3 1 2 3 2 1 1 1 939 1 2 2
0 0 1 2 0 5 0 5 1 1 2 2 3 1 13 5 10 2 2 3 2 1 3 1 3 3 2 1 1 1 991 2 4 4
0 1 0 1 2 3 2 0 4 5 4 4 3 4 7 13 4 2 3 3 1 1 3 1 831 1 1 2
1 1 0 0 3 5 4 4 3 4 4 5 3 2 8 13 2 2 1 1 2 1 840 1 1 0
2 4 3 3 0 13 5 3 0 0 1 3 0 0 0 2 8 1 3 2 3 1 1 3 2 1 3 1 823 3 2 3
0 0 0 3 0 5 1 0 0 4 2 3 3 3 13 2 3 2 1 3 1 1 1 928 1 1 1
0 2 1 2 3 4 8 2 3 13 4 1 0 5 0 1 10 1 2 3 2 3 2 1 1 3 2 1 1 1 850 3 4 3
0 0 0 1 0 1 2 5 2 4 3 13 1 5 2 2 6 3 2 3 1 1 3 1 3 1 975 2 1 3
4 3 1 1 0 3 7 13 3 2 5 4 0 6 2 6 10 3 1 2 2 3 3 2 1 1 1 1 2 1 857 4 3 3
0 0 1 4 6 1 1 2 2 8 13 7 1 3 4 2 10 3 2 1 2 1 3 3 1 2 3 1 2 1 897 3 3 4
4 2 0 3 3 9 3 1 13 8 3 4 2 3 4 1 0 1 3 1 805 0 0 0
0 1 0 2 0 4 5 3 2 5 13 3 3 5 6 9 10 3 2 1 1 3 3 2 3 2 1 1 1 1 947 3 3 4
1 3 3 2 4 13 3 3 1 1 6 2 5 0 0 1 6 1 3 2 2 3 3 1 2 1 768 1 2 3
0 3 2 2 6 5 7 3 0 3 1 13 3 0 4 4 3 1 1 3 1 2 1 813 2 0 1
1 3 5 3 2 8 13 0 1 4 2 7 5 0 1 3 9 2 2 1 3 1 2 3 3 2 1 1 1 946 2 4 3
0 2 1 3 3 2 3 0 4 8 1 1 0 13 5 2 2 2 1 1 3 1 724 1 1 0
6 0 2 0 3 0 0 0 5 2 0 2 6 13 4 1 9 1 3 3 2 2 1 3 3 1 1 1 1 887 3 2 4
3 0 1 0 2 0 0 0 6 4 5 3 1 13 2 9 11 1 1 2 3 3 2 2 3 1 1 2 1 3 1 914 4 4 3
1 5 3 0 4 6 4 3 13 3 5 0 1 5 3 4 4 1 3 2 2 1 2 1 807 1 2 1
0 1 3 13 2 3 6 7 0 4 4 4 0 0 3 3 8 3 1 2 1 2 1 3 2 3 6 0.333333 7 0.333333 8 0.333333 808 3 3 2
1 4 0 0 4 6 3 0 13 0 7 3 4 2 0 0 7 2 3 1 2 1 3 2 1 1 1 921 2 3 2
2 0 0 0 0 3 4 0 0 9 5 3 3 6 13 3 10 3 1 2 3 3 3 1 2 1 2 1 1 1 1013 3 3 4
3 8 2 0 5 3 2 3 13 5 1 0 3 4 1 3 1 1 1 2 1 781 1 0 0
0 0 1 3 6 4 6 3 3 13 4 1 3 5 2 1 8 2 1 2 3 2 3 2 1 1 3 1 866 2 4 2
0 2 0 0 3 2 4 5 7 13 4 1 3 3 2 1 0 1 1 1 937 0 0 0
0 1 2 0 3 5 1 0 4 6 13 3 3 3 3 2 0 1 3 1 905 0 0 0
1 4 2 3 6 8 3 3 1 5 13 7 7 3 0 2 8 3 1 1 1 2 2 3 3 1 2 1 1010 3 2 3
3 13 3 7 5 4 3 1 3 0 0 0 0 0 0 2 10 3 2 2 3 2 3 1 3 1 1 3 8 0.181818 9 0.272727 10 0.545455 777 3 3 4
4 4 6 0 5 7 2 3 3 9 13 0 1 5 2 3 4 3 2 1 3 1 1 1 860 1 1 2
3 3 3 4 5 1 13 3 7 7 2 3 3 0 0 1 6 1 1 3 2 2 2 1 3 1 962 2 3 1
2 3 13 1 3 4 4 3 0 1 0 3 0 1 0 2 2 3 2 3 6 0.333333 7 0.333333 8 0.333333 709 0 1 1
3 7 13 3 0 4 5 6 1 3 5 3 1 1 0 0 8 2 2 3 2 1 3 3 3 1 2 1 749 1 3 4
1 8 13 3 5 6 3 1 4 5 0 3 0 1 0 3 3 2 2 2 1 3 1 988 0 3 0
3 0 2 8 0 0 1 3 0 3 6 4 0 3 2 13 6 3 3 1 1 2 1 1 2 1 811 3 1 2
3 3 0 0 7 6 4 2 1 8 4 2 13 8 3 0 10 2 3 2 1 3 1 3 1 2 3 1 1 1 944 3 3 4
0 2 0 1 3 4 0 0 13 6 0 2 1 4 4 3 11 2 2 1 3 1 2 1 2 3 3 1 1 3 1 768 4 4 3
1 1 3 0 3 13 4 2 6 3 3 3 3 0 2 1 7 1 2 3 3 1 2 3 1 2 1 835 2 2 3
3 13 1 4 4 3 6 3 2 2 7 5 5 1 0 0 1 2 1 1 1 882 0 1 0
2 2 2 1 0 0 13 3 0 3 8 1 1 5 4 2 8 1 1 3 3 1 2 3 2 1 3 1 752 3 2 3
1 0 1 4 1 6 2 3 0 0 5 13 0 1 3 5 7 3 2 1 2 2 3 3 1 2 1 830 1 3 3
0 0 2 0 0 2 3 0 5 6 3 5 2 1 13 1 4 3 1 1 2 1 3 1 840 2 1 1
2 1 0 4 0 3 6 2 0 0 13 3 1 1 8 4 2 1 2 1 2 1 866 1 1 0
3 4 13 3 2 3 3 1 2 4 3 3 0 0 0 3 8 1 3 3 1 1 1 2 2 1 2 1 919 4 2 2
0 1 0 1 2 4 3 4 1 2 13 2 4 5 1 3 0 1 2 1 909 0 0 0
1 3 3 0 3 5 1 4 4 13 2 0 3 5 2 4 8 3 3 2 1 3 1 3 2 3 7 0.285714 8 0.285714 9 0.428571 796 2 2 4
3 1 1 7 2 6 1 13 7 3 5 2 1 6 2 0 2 3 2 1 3 1 799 0 1 1
4 1 2 0 5 3 3 0 1 4 2 3 1 13 4 5 0 1 2 1 774 0 0 0
3 2 4 4 1 5 4 13 0 8 5 3 3 0 0 0 9 1 2 3 2 1 2 1 1 3 1 2 1 776 4 3 2
1 0 3 1 0 2 4 4 3 6 5 3 2 13 2 4 3 2 1 3 1 1 1 897 1 1 1
4 4 13 4 5 5 5 3 3 6 3 2 0 2 0 1 7 1 3 3 3 1 1 2 1 2 1 907 3 1 3
0 3 3 0 3 4 6 2 4 13 7 4 2 3 1 1 8 3 2 1 2 1 1 3 2 1 3 1 867 3 3 2
0 3 0 4 2 0 13 3 4 6 4 1 0 5 4 2 4 1 2 1 1 1 2 1 768 3 1 0
1 1 4 1 2 3 7 13 2 5 3 1 2 8 3 4 4 2 3 1 3 1 2 1 815 1 1 2
3 0 0 0 1 4 0 0 13 5 3 2 4 7 6 0 7 3 2 1 1 2 2 1 1 3 1 878 3 3 1
0 3 0 1 0 2 2 3 0 2 13 1 3 5 4 4 6 1 2 1 3 2 3 1 1 1 990 2 2 2
1 0 2 0 5 1 2 1 2 4 1 1 13 7 5 0 2 2 3 1 2 1 739 0 1 1
2 4 1 4 3 0 7 13 2 3 1 8 3 0 0 0 1 2 1 1 1 803 0 1 0
0 3 0 1 0 4 0 0 6 6 3 6 1 3 13 3 7 3 2 1 2 1 2 3 1 2 1 697 2 3 2
0 4 5 1 2 1 5 13 0 3 7 1 0 0 2 4 6 1 2 3 2 1 2 1 3 1 744 2 3 1
4 8 7 3 8 13 5 4 1 1 1 5 0 2 4 0 3 2 3 3 1 2 1 781 0 1 2
1 0 3 4 1 3 9 1 0 6 13 4 0 0 5 3 7 3 2 1 2 3 3 2 1 2 1 909 1 3 3
1 3 13 4 2 4 6 3 0 5 1 2 1 3 0 3 5 1 1 2 2 2 1 3 1 872 2 3 0
0 3 5 2 0 6 3 3 2 4 1 13 2 1 8 9 0 1 1 1 806 0 0 0
3 5 2 1 2 13 3 5 3 2 4 0 3 0 0 0 2 1 1 1 3 1 948 2 0 0
1 2 2 2 1 13 5 1 5 7 2 3 0 0 0 1 9 1 2 2 3 3 3 3 2 1 1 1 1 980 2 3 4
13 1 2 0 5 5 4 0 4 3 8 0 3 0 2 2 5 1 1 3 1 2 1 3 1 826 3 1 1
3 2 2 3 3 4 8 13 3 5 4 2 0 4 7 5 4 1 1 1 1 1 2 1 815 4 0 0
13 5 3 1 2 4 7 1 0 8 1 0 3 2 5 0 10 2 2 1 3 2 3 3 1 1 3 1 2 1 817 3 3 4
1 0 4 1 0 5 13 4 4 2 5 8 2 4 1 4 8 1 3 3 2 3 1 2 2 3 5 0.428571 6 0.285714 7 0.285714 885 2 3 3
0 0 1 0 0 3 0 3 2 2 3 1 8 4 3 13 8 2 3 3 1 2 1 1 2 1 3 1 770 3 3 2
2 13 7 1 4 4 4 0 8 0 1 0 4 2 0 0 11 1 3 3 2 3 1 2 3 2 1 1 1 2 1 762 4 3 4
3 4 3 2 6 4 1 5 13 6 3 0 1 8 0 0 1 2 1 3 1 758 0 1 0
3 3 5 13 2 5 2 3 3 3 7 0 0 0 1 1 7 1 3 2 1 3 2 1 1 2 1 991 3 2 2
1 0 3 3 3 2 4 2 3 7 3 0 1 13 1 0 0 1 2 1 768 0 0 0
0 4 13 4 0 3 2 4 2 2 4 1 1 0 2 1 7 2 1 3 3 3 1 2 1 1 1 834 2 2 3
0 2 0 1 3 1 3 3 7 3 9 7 2 3 13 3 11 3 1 1 2 3 2 3 2 1 3 2 1 1 1 936 3 4 4
3 4 13 2 3 3 8 4 1 5 1 3 0 1 0 0 2 3 2 1 2 1 891 0 1 1
0 0 7 0 4 6 3 0 3 7 3 1 5 3 13 1 7 2 2 2 2 1 3 1 1 3 1 833 2 4 1
1 4 13 0 4 2 4 0 4 1 1 0 3 2 0 2 11 1 1 1 2 2 3 2 1 3 2 3 1 3 1 875 4 4 3
3 5 1 0 7 4 3 2 2 8 5 0 6 3 13 3 0 1 1 1 800 0 0 0
4 4 3 2 3 13 8 4 0 4 3 0 0 3 1 0 10 3 2 2 3 1 2 1 2 1 3 1 1 1 759 3 4 3
1 3 2 5 3 4 6 3 3 4 13 3 0 6 1 3 10 3 3 3 2 1 2 2 1 2 1 3 8 0.181818 9 0.272727 10 0.545455 801 3 4 3
0 0 1 3 0 4 2 1 3 7 13 4 2 3 6 1 9 2 2 1 3 2 3 1 2 1 1 3 1 885 3 4 2
0 2 1 2 0 6 2 3 3 5 7 13 1 5 3 1 8 1 3 1 1 2 2 2 3 1 3 1 930 3 3 2
0 0 0 1 1 1 4 2 7 9 13 3 3 1 3 3 4 2 2 3 2 1 3 1 850 0 3 1
3 1 0 2 3 3 4 4 0 2 6 3 3 2 13 1 6 3 1 2 3 1 1 1 2 1 995 3 1 2
0 2 2 0 1 7 2 1 3 1 6 3 5 13 8 0 3 3 2 3 1 1 1 807 0 1 2
4 13 3 1 6 1 3 0 4 5 0 0 9 3 0 0 3 2 2 1 1 2 1 738 1 2 0
3 3 3 0 9 6 3 0 6 13 3 0 2 9 0 3 2 1 1 1 2 1 909 2 0 0
4 2 5 2 5 4 7 13 2 1 6 3 3 3 7 0 4 1 2 1 1 1 3 1 728 3 1 0
5 6 0 0 3 9 3 0 3 13 0 3 7 5 0 0 11 3 3 1 2 1 2 2 3 2 3 1 1 1 1 875 3 4 4
0 0 3 0 0 0 3 0 2 5 2 13 1 4 1 4 11 1 1 2 3 3 1 3 2 2 3 2 1 1 1 957 3 4 4
0 5 3 4 1 2 3 13 9 3 5 4 0 0 1 1 3 2 3 2 1 3 1 838 0 2 1
0 0 3 5 0 2 6 3 0 3 5 4 2 3 13 1 9 3 2 3 1 1 3 2 2 1 1 1 1 930 3 3 3
1 1 4 2 6 8 13 8 3 2 0 7 0 0 1 3 10 1 2 3 3 3 2 1 2 3 1 1 2 1 731 3 3 4
5 6 13 4 6 4 0 2 0 1 1 5 0 0 3 0 7 3 1 1 2 2 3 3 1 2 1 753 2 2 3
0 0 1 3 2 3 2 1 2 3 4 7 0 2 13 3 4 3 1 1 2 1 1 1 780 2 1 1
0 1 0 1 0 4 1 7 2 2 13 2 2 7 3 4 7 1 3 1 2 3 3 1 1 2 1 983 3 1 3
2 0 0 4 5 0 0 5 7 4 5 3 3 1 13 2 0 1 1 1 799 0 0 0
3 2 2 1 3 4 1 3 0 5 7 13 2 4 7 3 4 3 1 1 3 1 2 1 886 2 0 2
2 13 2 1 3 5 3 1 8 4 2 2 1 0 2 0 4 3 3 1 3 1 1 1 790 1 0 3
13 3 2 0 3 6 7 10 3 5 5 3 1 5 4 0 3 1 2 3 1 3 1 865 1 1 1
1 8 7 1 0 4 2 3 2 2 5 13 0 0 1 4 11 2 1 2 3 2 3 1 1 3 2 3 1 1 1 820 3 4 4
2 4 3 13 2 3 6 5 0 0 3 4 0 1 2 0 5 3 3 3 3 1 1 1 1 742 1 0 4
0 3 1 0 5 4 2 0 5 13 3 3 2 3 1 1 7 2 1 2 3 2 3 1 1 3 1 835 2 3 2
4 5 3 7 13 1 2 0 2 5 0 1 4 3 2 0 7 3 1 1 2 3 1 3 1 2 1 883 3 1 3
4 8 3 1 13 7 5 0 8 2 0 0 9 0 0 3 8 1 2 2 1 3 2 1 2 1 1 1 829 3 4 1
8 9 1 3 13 4 2 1 4 1 4 0 2 2 2 0 1 3 1 1 1 989 0 0 1
1 4 1 0 2 1 4 0 3 13 2 0 5 2 4 3 5 1 2 1 2 1 1 2 1 754 3 2 0
2 0 0 0 3 1 1 0 6 5 3 0 13 2 5 2 7 2 3 1 1 3 3 2 1 1 1 754 2 2 3
4 2 3 4 13 5 1 0 5 6 4 3 3 3 0 3 9 1 1 3 1 1 2 2 2 2 1 3 1 884 4 4 1
13 3 2 2 3 8 3 0 7 5 3 0 0 4 2 0 8 3 3 1 1 1 3 3 2 1 1 1 653 3 1 4
2 0 4 0 4 5 1 3 3 8 8 4 7 13 3 1 2 2 3 3 6 0.333333 7 0.333333 8 0.333333 993 0 1 1
6 0 1 0 7 0 3 1 4 4 5 3 2 4 13 2 7 1 3 3 2 2 3 3 1 1 1 847 1 2 4
1 3 5 2 1 6 13 2 4 4 5 2 3 1 3 0 2 1 3 1 2 1 766 1 0 1
0 0 4 6 1 0 4 13 2 2 7 1 0 7 4 3 0 1 3 1 974 0 0 0
2 6 2 1 1 4 7 2 3 13 3 0 4 4 0 0 1 1 1 3 1 909 1 0 0
0 2 0 0 3 2 4 5 7 1 6 3 8 13 1 4 11 3 2 2 3 3 1 1 1 1 3 2 1 2 1 971 4 3 4
0 3 3 0 1 1 1 2 3 5 0 4 2 3 13 2 3 1 3 2 1 3 1 842 1 1 1
1 2 0 2 4 9 4 0 4 1 7 2 3 1 13 0 1 3 1 3 1 801 0 0 1
8 0 1 1 13 4 3 0 5 0 0 0 5 4 2 0 7 2 2 3 3 2 1 1 1 3 1 757 2 3 2
0 2 3 4 3 4 8 3 1 5 5 6 0 3 6 13 7 2 2 1 1 2 1 3 1 3 1 815 3 3 1
3 0 4 0 5 2 1 3 9 13 6 3 2 5 1 3 8 1 2 2 3 2 1 3 3 1 1 1 921 2 3 3
0 2 4 1 3 3 4 4 0 0 5 13 0 0 3 3 10 1 1 3 2 2 2 1 1 3 2 1 3 1 863 4 4 2
3 1 4 1 3 13 0 0 3 7 4 0 3 2 1 2 7 3 2 2 3 2 1 3 1 1 1 742 1 3 3
0 4 1 3 2 6 13 9 5 5 8 2 6 0 0 0 1 3 1 1 1 865 0 0 1
7 0 1 0 13 5 0 1 4 3 3 0 3 1 5 0 2 2 2 1 2 1 799 0 2 0
2 2 0 0 13 3 6 1 4 6 3 0 3 3 2 0 2 3 1 1 1 1 971 1 0 1
0 1 2 6 3 3 9 9 2 6 13 8 4 4 5 3 10 1 2 2 3 1 2 1 3 1 3 1 3 1 790 4 3 3
1 2 4 4 3 8 13 3 5 1 4 4 2 3 0 1 0 1 2 1 774 0 0 0
2 0 0 0 0 4 3 3 2 2 7 4 1 3 13 4 6 3 3 1 3 2 1 1 1 1 775 2 1 3
1 2 8 13 0 3 3 2 3 0 1 0 6 0 3 0 8 2 1 3 1 1 2 2 3 1 3 1 805 3 3 2
2 0 0 3 4 2 6 4 5 13 8 0 1 1 1 3 4 1 3 2 3 1 2 1 924 1 1 2
0 0 3 2 1 3 0 5 4 6 13 3 1 3 2 5 11 1 3 1 3 1 1 2 2 2 3 2 1 3 1 918 4 4 3
0 2 0 1 2 3 3 5 0 3 13 6 1 5 2 3 5 1 2 1 1 2 1 3 1 800 3 2 0
0 0 3 2 0 0 7 1 0 3 4 3 1 2 6 13 9 1 2 3 1 1 3 3 3 2 1 2 1 813 3 2 4
3 2 0 1 7 5 2 0 4 6 2 1 3 8 13 3 3 1 3 2 1 1 1 885 1 1 1
3 0 3 4 0 0 7 4 0 1 13 6 3 1 3 2 3 2 2 1 1 3 1 851 1 2 0
5 0 1 5 0 4 13 9 1 1 6 2 0 2 0 3 5 2 3 1 2 3 1 3 1 907 1 2 2
2 2 2 0 5 7 1 0 13 4 0 3 1 4 3 1 6 2 3 2 3 3 1 1 1 1 903 1 2 3
0 3 2 2 2 4 6 4 1 7 13 1 0 3 4 4 5 1 2 1 1 2 1 3 1 750 3 2 0
5 4 3 3 13 2 2 4 1 3 4 0 3 0 0 0 7 1 1 1 3 2 2 2 1 1 1 950 3 3 1
2 4 0 3 0 5 0 4 0 2 1 1 3 2 13 1 6 1 3 1 3 2 3 1 2 1 778 2 1 3
1 13 3 2 1 5 6 8 4 0 2 8 2 0 0 3 4 1 3 1 2 1 3 1 832 2 1 1
13 5 3 0 2 5 3 1 4 4 9 0 3 0 4 1 8 3 1 2 1 1 2 2 2 1 3 1 992 3 4 1
2 1 8 3 0 5 13 1 3 6 9 3 2 3 5 2 1 3 1 1 1 866 0 0 1
2 2 13 1 4 3 4 0 2 5 0 2 1 1 0 0 3 3 1 3 1 3 1 660 1 0 2
9 13 2 0 3 6 4 2 3 3 6 3 1 1 1 0 1 2 1 3 1 837 0 1 0
4 0 3 3 2 1 4 1 4 3 3 3 2 13 1 3 5 3 1 2 2 1 1 2 1 820 2 2 1
0 2 2 3 3 6 5 2 2 1 13 4 9 1 8 7 3 1 1 3 1 3 1 765 2 0 1
5 3 5 2 1 6 13 5 0 3 2 1 0 0 0 1 4 2 3 2 3 1 1 1 880 0 2 2
9 4 5 3 1 13 8 3 5 3 1 0 2 0 9 3 5 2 3 3 3 2 1 1 1 946 0 2 3
1 0 3 2 3 2 3 0 5 1 4 2 1 13 3 0 0 1 3 1 858 0 0 0
3 3 0 0 5 4 4 0 13 2 0 0 3 0 3 1 0 1 3 1 859 0 0 0
3 4 1 13 2 0 4 0 2 1 5 0 2 6 1 0 8 1 2 1 2 2 3 1 3 1 3 1 815 3 3 2
4 1 2 0 13 2 2 0 1 5 3 1 3 3 1 0 10 3 1 2 2 2 1 3 1 3 3 1 2 1 937 3 3 4
1 8 3 4 13 6 0 3 5 2 4 3 3 2 1 0 11 3 2 1 2 3 1 1 1 3 2 2 1 3 1 791 4 4 3
0 3 4 1 3 1 7 13 4 2 5 2 0 3 2 4 9 2 3 2 1 1 1 3 1 2 1 3 1 688 4 3 2
2 3 1 3 4 8 13 0 3 5 3 3 1 0 4 0 8 3 2 1 2 2 3 1 1 1 2 1 950 3 3 2
0 0 0 3 3 4 3 0 2 3 4 4 2 6 7 13 7 1 2 3 1 1 1 2 1 3 1 836 4 2 1
3 3 0 0 2 6 4 3 4 1 2 4 4 1 13 5 7 2 3 1 3 2 1 2 1 1 1 759 2 3 2
0 4 2 3 0 7 4 3 0 1 13 5 1 0 3 3 9 1 3 2 3 1 2 3 1 2 1 2 1 866 3 3 3
0 0 3 13 3 4 5 4 1 0 4 2 0 3 5 9 11 3 1 3 3 1 2 1 3 1 2 2 1 2 1 1025 4 3 4
0 3 2 5 0 0 1 5 3 3 2 13 0 0 1 6 10 1 3 2 2 1 1 1 2 3 2 1 3 1 910 4 4 2
2 4 3 3 3 3 13 1 3 2 5 3 0 4 0 1 11 2 2 1 3 1 3 2 1 3 1 2 1 3 1 784 4 4 3
3 5 0 0 5 8 1 3 2 13 7 0 4 3 4 0 8 2 2 1 3 3 1 1 3 1 2 1 806 3 2 3
3 1 4 1 0 3 3 13 0 3 5 3 3 7 0 3 5 3 3 2 2 1 1 2 1 857 1 2 2
4 8 5 3 5 13 7 4 3 1 3 0 0 0 2 0 6 1 3 2 1 2 2 1 1 1 908 2 3 1
2 3 0 4 0 4 13 4 0 6 6 1 0 1 8 3 0 1 2 1 844 0 0 0
3 6 3 2 2 13 1 3 4 0 6 0 1 0 3 0 8 1 3 3 2 2 1 1 3 1 2 1 761 3 2 3
1 1 3 3 2 3 4 7 10 13 6 0 3 5 2 4 2 1 2 1 3 1 938 1 1 0
3 13 4 3 6 0 6 4 4 0 3 0 0 1 0 0 0 1 2 1 754 0 0 0
3 6 1 4 6 4 7 2 13 4 0 0 3 6 0 3 2 3 1 1 2 1 859 1 0 1
2 4 13 3 4 8 9 0 5 3 2 1 3 0 1 0 0 1 3 1 854 0 0 0
2 13 2 2 4 4 9 0 4 1 2 3 0 1 3 0 4 1 1 3 1 1 2 1 829 3 0 1
4 3 0 0 1 2 1 0 4 13 5 5 2 3 3 1 9 3 1 1 2 3 1 2 3 2 1 2 1 827 3 3 3
10 3 13 3 4 1 2 6 1 6 2 7 0 4 2 2 7 3 1 1 1 2 3 2 1 1 1 792 3 2 2
3 7 13 3 3 5 2 1 3 3 6 8 2 0 0 0 5 1 1 2 3 1 1 2 1 707 3 1 1
0 0 2 1 0 0 3 0 0 0 5 0 4 13 1 3 0 1 2 1 881 0 0 0
0 3 3 2 0 13 3 2 0 5 8 4 3 4 2 0 6 1 1 3 1 3 2 1 1 1 804 3 1 2
0 3 5 1 5 2 13 3 1 7 1 2 0 4 3 3 8 1 2 1 2 2 1 3 2 1 3 1 919 3 4 1
3 2 4 2 1 3 6 5 0 0 5 13 3 3 1 4 11 3 3 1 3 1 2 3 1 1 2 2 1 2 1 866 4 3 4
3 3 3 1 2 3 5 4 2 6 7 3 13 4 0 0 4 1 1 3 2 1 3 1 1019 2 1 1
2 3 13 2 7 5 1 2 3 1 4 7 2 1 0 3 1 1 1 3 1 875 1 0 0
1 4 4 2 0 3 5 13 0 1 1 3 0 1 1 0 6 3 2 2 2 3 2 1 3 1 848 0 4 2
1 3 1 8 4 1 5 2 3 13 3 2 2 1 2 0 9 3 2 3 3 1 2 1 1 3 1 2 1 795 3 2 4
0 4 13 4 8 1 9 10 2 3 0 3 0 0 2 6 3 3 1 3 3 8 0.181818 9 0.272727 10 0.545455 1033 1 0 2
4 2 5 0 3 8 2 2 13 7 2 0 1 4 1 3 6 3 1 2 1 1 3 1 3 1 881 3 1 2
7 13 3 8 2 5 7 0 3 5 1 2 1 0 4 3 7 2 1 1 2 3 1 3 1 2 1 829 3 2 2
0 3 3 3 0 4 6 3 0 5 13 3 1 2 2 0 7 1 1 3 1 2 3 3 1 2 1 959 3 1 3
2 6 0 3 3 5 4 0 13 3 4 0 5 3 5 3 3 1 3 2 1 1 1 794 1 1 1
2 4 1 0 13 3 0 2 7 6 5 0 3 1 4 0 2 2 1 1 3 1 1002 1 1 0
13 3 7 3 3 5 5 1 0 0 6 3 0 0 2 5 3 3 3 2 1 1 1 789 0 1 2
0 6 0 0 3 6 6 1 3 5 3 4 1 13 5 3 3 2 3 3 1 2 1 850 0 1 2
3 3 1 3 3 13 7 5 0 9 4 1 0 2 3 0 2 2 2 1 1 1 782 0 2 0
0 4 4 2 6 7 6 4 0 4 5 13 3 2 0 1 8 2 1 3 2 3 2 1 1 1 1 1 924 3 3 2
3 0 6 0 8 3 4 1 6 2 7 2 1 13 3 0 0 1 3 1 733 0 0 0
3 2 5 3 13 2 4 1 3 5 4 3 1 4 2 0 1 3 1 1 1 941 0 0 1
1 6 0 0 1 3 0 0 1 4 2 3 13 4 5 3 7 3 2 2 1 2 1 3 1 2 1 779 2 3 2
0 1 0 0 3 5 1 0 4 13 10 5 3 4 3 2 10 2 3 2 3 2 1 2 3 3 1 1 1 1 893 2 4 4
0 1 1 6 0 0 3 13 3 0 2 3 0 2 3 4 11 2 1 3 1 3 1 3 2 2 1 3 1 2 1 835 4 3 4
3 5 2 1 6 13 1 0 2 3 4 2 3 1 5 3 3 3 1 2 1 3 1 697 1 1 1
3 6 3 2 6 13 6 1 4 2 4 0 0 0 1 0 11 2 3 1 1 2 1 2 1 3 3 2 1 3 1 928 4 4 3
4 7 2 0 13 7 3 0 3 4 3 2 7 4 0 0 5 1 1 2 3 1 1 3 1 849 3 1 1
0 6 7 0 1 9 6 4 2 13 2 2 5 6 5 2 4 3 1 3 1 1 1 1 954 2 0 2
5 3 4 2 2 13 3 3 4 3 4 5 0 3 0 3 7 1 3 2 1 3 1 2 1 1 1 824 3 2 2
1 13 3 3 4 0 3 0 1 1 2 3 0 0 0 2 1 3 1 2 1 916 0 0 1
2 3 3 5 2 13 8 1 0 0 5 3 0 3 0 2 8 1 2 3 3 3 1 2 1 1 1 1 897 3 2 3
3 0 0 0 4 2 4 3 1 13 3 3 3 5 3 4 4 3 2 1 1 1 2 1 816 2 1 1
2 0 0 0 1 1 6 5 5 8 4 8 3 4 13 6 4 2 3 1 3 1 2 1 845 1 1 2
6 3 3 0 3 7 4 1 2 13 3 3 2 8 7 1 10 2 1 2 2 1 1 3 3 2 3 1 1 1 962 3 4 3
0 0 4 4 3 1 0 13 0 0 4 3 0 1 0 3 2 2 3 1 2 1 879 0 1 1
3 6 8 0 3 4 13 0 3 7 2 2 4 7 3 3 3 1 2 1 1 1 1 776 2 1 0
4 8 1 1 6 13 5 6 4 2 0 3 2 0 0 3 11 2 2 1 3 1 1 3 3 2 2 1 1 3 1 787 4 4 3
0 0 0 2 5 1 2 3 8 13 5 1 3 1 3 2 11 1 2 1 3 2 2 3 1 3 3 1 1 2 1 872 4 3 4
3 5 0 0 9 6 4 0 13 6 3 3 4 2 1 0 4 2 1 1 2 3 5 0.428571 6 0.285714 7 0.285714 1023 2 2 0
1 0 3 0 1 2 5 0 4 7 1 0 3 13 1 2 6 2 3 2 3 3 2 1 1 1 884 0 3 3
3 13 5 1 5 6 1 3 1 8 5 2 0 3 3 0 3 2 2 1 1 2 1 811 1 2 0
4 3 6 2 3 13 5 0 6 7 5 0 3 9 2 7 5 1 3 1 1 3 1 2 1 895 3 0 2
0 0 3 1 0 2 1 4 0 4 2 9 2 7 13 3 1 3 1 1 1 839 0 0 1
0 4 6 2 4 13 7 4 1 3 3 3 0 0 5 1 6 3 2 2 1 3 3 1 3 1 868 1 2 3
13 1 2 0 5 7 3 3 0 5 1 2 2 0 0 0 2 2 1 1 1 1 739 1 1 0
8 5 3 0 13 1 3 1 3 4 6 2 1 2 3 0 1 3 1 2 1 815 0 0 1
0 0 3 0 3 5 4 0 13 0 2 1 3 4 0 0 11 2 1 3 1 2 1 2 3 1 3 2 1 3 1 841 4 4 3
1 4 2 0 5 6 7 3 2 5 13 2 3 1 4 0 7 2 3 1 2 3 1 3 1 1 1 838 2 2 3
3 1 9 3 3 13 2 0 3 9 1 0 0 4 2 3 10 1 3 1 3 2 3 2 1 1 2 1 2 1 922 4 3 3
3 5 2 1 1 8 3 0 6 13 0 0 9 3 0 0 7 3 2 1 3 1 2 2 1 3 1 887 2 3 2
0 0 3 2 0 1 1 4 1 2 4 13 0 5 2 7 11 3 2 3 1 2 1 2 2 3 1 3 1 1 1 949 3 4 4
1 6 2 3 13 1 0 0 5 4 3 0 2 2 0 2 5 1 3 3 3 3 1 1 1 934 1 0 4
2 0 0 1 3 5 2 0 7 13 6 1 6 1 5 3 4 1 2 3 2 1 3 1 1115 1 2 1
0 3 7 4 0 5 5 2 0 1 13 3 2 3 1 3 11 2 3 3 2 3 2 1 1 1 3 2 1 1 1 764 3 4 4
1 0 3 0 4 4 3 0 13 5 0 3 2 4 3 0 2 1 2 3 8 0.181818 9 0.272727 10 0.545455 1036 1 1 0
0 1 2 0 3 5 3 1 3 1 13 3 0 4 2 3 9 3 2 1 1 3 3 2 1 2 1 2 1 753 3 3 3
0 2 3 1 0 4 1 2 0 3 13 3 1 6 1 2 11 2 3 3 2 1 2 2 3 1 3 1 3 4 0.545455 5 0.272727 6 0.181818 850 3 4 4
4 0 2 0 3 2 4 1 1 5 4 3 1 13 3 2 2 1 2 1 3 1 732 1 1 0
2 0 0 1 1 5 2 3 1 13 6 0 3 5 3 0 0 1 2 1 836 0 0 0
3 4 13 2 2 2 6 6 0 3 5 7 1 0 0 1 4 3 1 2 1 1 3 1 774 2 1 1
0 2 0 0 0 0 1 0 0 0 4 3 4 5 13 6 8 1 1 3 2 2 2 3 1 1 3 1 856 3 3 2
2 1 1 0 3 3 3 0 1 6 2 0 4 13 4 3 8 2 3 2 2 3 1 1 1 1 2 1 1033 3 3 2
2 4 1 6 2 13 4 0 4 5 1 7 1 3 1 0 5 2 2 3 1 3 1 2 1 810 1 2 2
0 1 0 3 3 5 0 8 13 8 6 0 6 4 3 4 6 1 3 2 2 3 1 1 2 1 740 2 2 2
3 2 5 3 1 4 13 3 2 1 7 0 3 3 0 0 1 2 1 1 1 843 0 1 0
0 0 0 3 0 0 3 4 2 3 4 13 0 3 4 3 0 1 1 1 853 0 0 0
1 2 2 0 3 5 0 0 13 6 3 2 4 7 3 4 6 1 3 1 2 3 3 1 1 1 923 2 1 3
9 0 1 13 4 3 3 2 0 3 3 3 0 0 0 3 6 3 2 2 1 3 1 1 3 1 793 2 2 2
0 0 1 3 8 4 5 0 9 13 6 4 1 7 2 4 2 2 1 1 2 1 963 1 1 0
2 5 3 0 1 9 5 5 13 3 6 7 2 5 3 3 9 2 2 3 2 1 3 1 3 1 1 1 1 913 3 3 3
4 3 6 4 3 1 6 3 2 3 9 2 3 4 13 3 3 1 3 2 1 1 1 872 1 1 1
0 0 3 2 6 0 6 3 3 4 3 2 2 13 1 5 5 1 3 2 1 1 1 3 1 738 3 1 1
7 2 13 4 3 3 6 4 0 0 0 3 0 0 2 0 4 3 3 1 3 1 1 1 873 1 0 3
1 0 0 6 3 3 2 1 1 2 5 6 6 13 8 4 8 3 2 2 2 1 3 1 1 1 2 1 873 3 3 2
3 0 3 3 6 3 2 0 7 7 5 2 8 13 3 3 1 1 1 1 1 776 1 0 0
2 0 0 0 0 4 1 6 3 6 1 3 2 2 13 8 5 3 1 1 2 1 1 2 1 824 3 1 1
2 2 13 4 6 5 1 1 7 5 1 3 3 3 0 0 0 1 2 1 960 0 0 0
4 3 0 3 2 4 8 4 0 0 13 3 3 4 3 1 8 1 2 1 1 2 2 1 2 3 4 0.545455 5 0.272727 6 0.181818 702 4 4 0
6 3 0 0 5 3 1 1 3 13 6 0 3 0 0 2 0 1 2 1 783 0 0 0
0 10 2 6 3 8 9 0 3 13 5 0 1 4 3 0 9 1 1 3 3 2 3 1 2 2 3 8 0.181818 9 0.272727 10 0.545455 806 3 3 3
0 3 0 2 3 8 4 0 3 2 4 1 2 13 5 0 1 1 1 1 1 847 1 0 0
0 1 1 9 0 5 3 13 1 1 4 2 2 3 2 0 2 3 2 1 3 1 916 0 1 1
3 3 8 5 5 13 3 1 6 0 2 2 3 0 0 3 8 1 1 2 2 1 2 1 3 1 3 1 909 4 3 1
2 5 13 5 0 3 4 6 0 2 0 3 0 0 0 3 5 2 1 3 1 1 1 3 1 808 3 1 1
13 5 4 1 4 1 1 0 3 5 3 0 0 2 0 3 7 2 2 3 2 3 2 1 1 1 1 914 1 4 2
0 3 5 4 0 4 13 3 3 2 0 7 0 0 0 1 5 2 1 3 3 2 1 1 1 793 1 2 2
0 5 1 3 3 0 3 13 0 3 4 2 0 0 5 3 9 2 3 3 1 1 2 2 1 1 1 2 1 849 4 3 2
0 0 0 3 0 0 3 13 3 3 4 6 1 2 6 8 10 1 1 2 3 1 2 3 2 3 2 1 1 1 830 3 4 3
0 3 3 0 6 5 1 0 3 13 4 1 3 5 2 0 3 2 2 3 1 1 1 1015 0 2 1
3 2 3 0 13 5 0 2 3 4 6 4 1 3 3 0 1 3 1 1 1 728 0 0 1
2 5 13 3 3 6 2 0 1 3 2 3 1 2 3 0 3 1 1 2 1 1 1 932 2 1 0
4 7 2 2 0 3 3 13 2 0 1 3 0 0 1 1 5 1 2 3 3 2 1 1 1 826 1 2 2
1 6 0 0 4 3 1 2 4 13 3 0 3 6 2 2 0 1 1 1 939 0 0 0
0 2 6 0 3 3 1 5 0 2 13 3 3 7 3 2 7 3 3 1 1 1 2 1 1 2 1 768 4 1 2
0 0 2 2 1 3 7 2 5 3 13 3 3 6 4 1 4 2 3 3 1 1 1 1 852 1 1 2
7 0 0 0 3 5 0 7 4 4 4 3 3 5 13 4 3 1 2 3 1 3 1 828 1 1 1
3 13 4 1 1 7 4 5 2 4 1 2 3 0 0 0 1 2 1 3 1 887 0 1 0
0 0 0 2 0 0 4 2 1 0 3 5 1 4 13 3 11 2 3 3 2 1 2 1 3 2 1 3 1 1 1 832 3 4 4
0 3 0 6 3 8 3 3 2 1 13 4 2 7 6 3 8 1 2 1 2 1 1 3 3 1 2 1 809 4 2 2
4 6 7 3 3 2 13 5 0 4 1 3 0 0 2 1 6 2 3 3 3 1 1 1 2 1 618 2 1 3
3 4 2 0 3 4 2 0 13 1 1 0 3 5 0 3 11 3 2 1 2 1 2 3 3 2 3 1 1 1 1 800 3 4 4
1 3 3 2 3 1 13 2 5 5 4 2 0 3 3 0 7 1 2 1 1 3 3 2 3 6 0.333333 7 0.333333 8 0.333333 870 3 2 2
3 2 3 0 3 4 2 2 13 7 8 7 4 3 5 4 4 1 2 1 1 1 1 1 871 3 1 0
4 2 0 0 2 3 1 1 2 4 7 9 3 13 3 3 8 3 1 1 1 1 2 2 2 1 3 1 827 4 3 1
0 2 2 0 1 3 2 0 0 4 5 4 0 3 13 1 6 1 2 3 3 1 3 1 3 1 751 2 1 3
2 0 3 0 4 0 1 0 1 5 4 3 1 13 7 2 1 3 1 2 1 638 0 0 1
3 4 3 2 13 5 0 0 5 6 2 0 5 1 0 1 4 3 2 1 3 1 3 1 810 1 1 2
3 13 3 1 10 7 2 4 1 0 3 3 0 3 0 0 1 2 1 3 1 868 0 1 0
1 4 2 2 5 1 8 6 2 2 1 13 0 3 2 3 8 3 1 1 1 2 1 3 3 1 2 1 963 4 1 3
3 7 2 3 3 5 1 6 2 6 13 0 2 4 8 1 4 2 1 1 1 1 2 1 959 3 1 0
1 1 2 0 5 6 0 2 5 2 3 4 13 2 1 0 7 3 1 2 2 3 1 1 1 3 1 1025 3 2 2
3 0 1 0 1 3 2 0 1 5 13 2 4 2 9 3 8 1 2 3 3 1 1 3 2 1 2 1 883 3 2 3
3 4 1 3 6 1 4 5 4 13 3 0 2 10 2 3 11 2 1 3 1 3 3 3 2 1 1 2 1 2 1 1062 4 3 4
0 1 1 3 2 0 10 13 0 2 5 2 4 3 4 5 10 1 3 2 1 2 2 3 3 1 3 1 1 1 807 3 3 4
8 13 5 6 8 1 4 3 0 3 3 2 0 0 2 0 10 3 3 1 3 1 1 1 2 3 2 1 2 1 905 4 2 4
8 6 7 3 5 1 13 1 1 6 6 3 4 2 1 2 4 2 3 1 2 1 2 1 847 1 2 1
2 3 9 3 7 7 2 0 13 6 3 0 5 3 1 1 2 2 1 1 3 1 795 1 1 0
0 3 0 0 0 2 4 4 4 3 5 3 1 4 13 2 4 1 1 3 2 1 3 1 906 2 1 1
3 13 8 0 3 6 1 2 6 3 5 3 4 2 4 1 11 1 2 1 3 2 3 3 1 3 2 2 1 1 1 937 3 4 4
0 2 0 0 0 3 0 2 1 9 6 2 8 13 3 4 8 1 1 3 3 2 2 1 3 1 1 1 806 3 2 3
2 3 1 3 1 5 2 0 1 13 2 3 1 1 2 0 3 1 2 2 1 3 1 817 1 2 0
0 0 7 1 2 8 6 2 2 3 13 3 0 5 1 4 10 1 1 3 1 3 1 3 2 3 2 1 2 1 869 4 2 4
5 2 4 1 9 6 3 1 13 4 3 2 2 0 1 0 9 3 2 2 3 1 3 3 1 1 1 2 1 746 3 2 4
2 8 0 1 13 3 3 1 3 4 3 1 3 2 0 0 4 3 2 1 2 3 7 0.285714 8 0.285714 9 0.428571 795 1 2 1
7 8 3 1 2 4 6 3 13 1 2 1 0 3 7 0 0 1 2 1 837 0 0 0
3 7 5 3 13 6 1 0 2 0 1 2 3 0 1 0 8 2 3 3 3 1 3 2 2 1 1 1 826 1 3 4
1 0 2 3 2 3 1 1 0 7 5 13 4 6 2 3 5 2 3 3 1 1 1 2 1 983 2 1 2
3 4 3 1 0 1 13 4 3 4 2 3 0 0 0 2 8 1 3 3 3 1 2 1 2 1 2 1 712 3 2 3
1 8 0 1 0 3 13 3 6 5 3 4 4 2 2 3 3 2 2 1 1 1 1 908 1 2 0
3 3 3 0 13 4 3 2 3 5 0 0 2 1 0 0 1 3 1 1 1 856 0 0 1
0 3 5 1 0 2 13 3 3 4 0 3 0 1 0 2 9 2 3 2 2 1 3 3 1 1 3 4 0.545455 5 0.272727 6 0.181818 849 3 3 3
2 13 7 1 9 2 1 1 7 5 4 2 4 3 3 0 10 1 2 1 3 3 2 2 1 1 3 1 2 1 1086 4 3 3
0 0 8 3 2 4 2 5 1 0 5 13 1 3 7 5 11 3 1 2 1 2 3 2 3 1 2 1 1 3 1 724 4 4 3
2 13 2 0 5 6 2 3 3 5 3 0 2 1 0 1 2 3 1 1 1 1 774 1 0 1
0 3 2 3 2 5 1 4 0 3 3 8 0 1 13 1 4 3 2 1 3 1 2 1 903 1 1 2
1 1 4 3 4 6 3 0 13 4 0 0 3 6 0 3 7 3 3 1 1 2 2 2 1 2 1 667 2 3 2
0 4 2 13 0 3 8 4 0 5 4 6 1 3 3 4 2 3 1 1 2 1 843 1 0 1
3 1 4 2 3 7 5 0 13 4 2 0 4 1 0 2 7 1 1 3 2 1 3 3 1 2 1 846 3 1 3
3 9 2 1 13 2 2 1 5 4 3 0 3 3 4 0 1 1 1 3 1 950 1 0 0
3 5 2 3 7 13 2 0 1 8 5 6 4 1 8 1 7 1 2 3 2 3 3 2 1 1 1 861 1 3 3
1 3 1 4 2 2 5 4 0 0 13 2 0 0 0 1 11 2 1 3 1 2 3 2 3 2 1 1 1 3 1 821 4 4 3
4 3 1 3 2 3 13 1 4 5 3 0 3 0 0 0 2 1 2 1 2 1 743 1 1 0
3 0 0 1 3 3 4 3 2 4 7 1 2 2 13 1 1 2 1 1 1 977 0 1 0
0 0 0 3 2 6 0 4 0 6 13 3 4 2 3 8 5 3 1 3 2 1 1 1 1 756 2 1 2
0 0 0 3 0 3 4 0 4 4 6 7 6 5 7 13 3 2 1 2 1 1 1 962 1 2 0
1 0 1 0 4 4 0 0 2 7 5 0 4 13 4 4 8 2 3 1 3 1 2 2 3 1 3 1 966 2 3 3
0 0 4 3 1 2 13 4 2 4 5 4 0 3 1 3 4 2 1 1 3 1 2 1 760 2 1 1
2 4 2 4 0 4 8 9 0 1 13 5 0 4 2 1 10 1 3 2 2 3 3 2 3 1 1 1 1 1 848 3 3 4
2 6 13 9 3 3 6 0 1 3 0 0 0 0 2 0 1 1 1 3 1 847 1 0 0
3 5 3 4 1 3 6 8 4 0 3 13 0 0 5 2 8 2 3 2 1 2 3 1 1 3 6 0.333333 7 0.333333 8 0.333333 850 3 3 2
3 2 2 4 13 7 6 1 3 4 1 3 3 0 0 0 11 3 2 1 3 1 3 2 1 3 2 2 1 1 1 781 3 4 4
2 3 1 3 2 13 7 3 2 2 5 2 3 4 3 6 5 3 1 3 1 1 1 1 1 856 3 0 2
4 1 4 2 1 3 4 5 2 4 13 0 2 3 0 0 4 2 1 3 1 1 3 1 792 2 1 1
3 13 3 7 2 3 5 0 9 3 6 1 4 0 1 2 2 3 2 1 1 1 967 0 1 1
4 2 4 1 2 13 5 4 9 4 7 7 1 0 3 4 6 1 1 3 3 2 2 1 3 1 923 2 2 2
1 5 13 4 1 7 2 0 5 4 0 2 1 0 3 0 0 1 2 1 755 0 0 0
0 4 0 2 1 5 1 3 3 8 7 3 4 2 13 4 4 3 2 1 1 1 2 1 898 2 1 1
0 0 2 0 4 0 1 4 3 0 2 1 4 13 3 3 0 1 3 1 911 0 0 0
7 4 4 0 13 2 2 0 4 3 4 0 2 3 1 3 3 3 1 1 1 3 1 820 2 0 1
1 2 4 4 2 4 1 1 0 4 2 13 0 0 1 8 8 3 1 1 3 2 2 3 2 1 3 1 830 2 3 3
1 0 1 3 4 3 4 6 3 5 3 3 7 13 2 3 1 2 3 8 0.181818 9 0.272727 10 0.545455 921 0 1 0
0 0 0 1 2 0 1 4 0 2 6 5 0 3 4 13 7 2 1 2 2 1 3 3 1 1 1 986 2 3 2
2 0 0 3 1 1 9 2 5 13 6 5 0 2 5 3 4 2 3 3 1 1 1 1 778 1 1 2
2 4 4 2 1 13 1 0 3 3 4 0 3 3 2 0 7 2 2 1 1 1 3 3 1 3 1 950 3 2 2
4 1 0 0 5 3 2 3 3 13 9 0 5 6 1 3 5 1 3 2 2 3 1 3 1 767 1 2 2
0 1 4 3 4 13 8 4 3 2 6 3 0 0 1 0 10 3 2 2 2 1 3 3 1 1 3 1 2 1 926 3 3 4
2 4 1 13 0 3 6 1 0 3 2 3 0 2 2 1 10 1 1 2 3 1 2 3 3 2 3 1 1 1 994 3 3 4
8 2 13 4 3 4 5 6 2 3 3 5 0 0 2 1 7 3 2 2 1 3 1 1 1 1 1 713 3 2 2
0 0 0 3 0 4 7 2 3 2 13 5 4 3 7 9 5 1 2 3 1 1 1 3 1 812 3 1 1
1 1 8 3 13 2 0 3 5 3 5 0 0 1 3 0 6 2 1 2 1 2 2 1 3 1 906 2 4 0
0 0 4 1 1 2 4 13 0 3 5 4 0 2 4 1 0 1 2 1 771 0 0 0
4 5 13 2 3 2 8 4 6 3 5 1 3 0 4 1 0 1 3 1 831 0 0 0
3 2 4 5 3 1 13 2 1 1 2 5 0 1 0 4 0 1 2 1 882 0 0 0
5 3 3 4 1 8 13 3 0 3 1 4 0 2 3 0 1 3 1 2 1 752 0 0 1
3 1 4 3 13 6 2 0 9 4 1 3 2 0 2 1 2 3 2 1 1 1 899 0 1 1
8 3 0 0 1 5 1 0 13 6 3 2 4 3 5 0 5 3 2 2 2 1 1 1 1 1054 1 3 1
1 3 3 0 3 6 1 1 3 13 4 0 2 4 3 0 9 3 3 2 2 3 1 2 2 3 1 1 1 903 1 4 4
3 9 3 2 13 8 2 0 1 3 4 2 3 1 3 1 11 2 2 1 3 3 1 3 1 2 2 3 1 1 1 1000 3 4 4
3 0 0 0 0 5 0 2 3 6 4 0 13 4 3 1 11 1 3 3 2 2 3 3 1 1 1 2 1 2 1 707 4 3 4
4 3 0 0 2 4 5 9 13 0 3 3 2 5 1 0 8 1 2 2 3 1 1 1 2 1 3 1 892 4 3 1
3 5 3 0 1 8 4 2 3 13 4 0 5 2 4 1 0 1 3 1 918 0 0 0
1 1 5 3 2 2 8 6 0 0 4 13 0 2 3 4 4 2 3 1 1 1 3 1 822 2 1 1
1 2 1 0 3 5 1 3 5 13 5 2 1 6 2 2 11 2 1 1 2 2 3 1 1 3 3 3 1 2 1 890 4 3 4
0 0 1 3 0 2 2 7 1 0 13 4 3 4 3 1 8 2 1 3 3 1 2 2 3 1 3 1 857 2 3 3
4 0 1 3 8 0 4 3 7 1 2 3 3 13 4 1 6 2 2 1 2 3 1 1 2 1 893 2 3 1
3 4 8 2 13 5 6 4 5 2 2 1 3 4 3 0 3 1 3 3 1 1 1 767 1 0 2
8 2 3 2 13 7 0 1 4 6 1 0 3 6 1 0 4 2 3 3 2 1 1 1 637 0 2 2
0 2 4 3 3 3 4 1 0 0 8 13 3 2 3 1 1 1 1 2 1 856 1 0 0
0 3 2 3 0 2 1 5 0 4 3 7 1 3 13 4 11 2 1 3 2 3 3 2 2 3 1 1 1 1 1 834 3 4 4
0 0 4 2 3 2 3 13 0 0 5 2 3 1 1 3 1 3 1 1 1 693 0 0 1
0 3 0 2 0 1 2 0 2 3 13 3 6 3 4 2 2 1 1 1 1 1 996 2 0 0
0 4 3 1 0 1 2 13 3 2 4 1 3 0 2 4 11 3 1 3 2 2 1 2 3 3 1 2 1 1 1 753 3 4 4
0 1 0 4 0 0 3 3 6 2 3 1 1 7 13 5 3 3 2 3 1 2 1 788 0 1 2
3 5 3 1 6 6 13 6 1 4 0 3 0 0 0 2 1 3 1 2 1 894 0 0 1
1 8 1 0 13 6 4 2 8 1 4 2 2 3 1 4 1 3 1 2 1 827 0 0 1
1 1 5 0 13 3 0 3 9 2 6 0 2 6 1 3 0 1 2 1 852 0 0 0
3 5 13 4 4 3 1 3 2 6 0 0 2 1 3 0 0 3 4 0.545455 5 0.272727 6 0.181818 903 0 0 0
6 1 0 0 3 2 11 2 1 13 7 3 2 3 5 0 9 1 2 3 3 2 1 1 1 2 1 3 1 817 4 3 2
0 0 1 0 2 0 1 0 2 5 1 0 4 13 4 2 9 1 3 2 2 1 3 1 3 2 1 3 1 739 3 3 3
3 3 3 4 1 13 9 6 4 6 2 2 3 0 1 0 3 1 1 2 1 2 1 902 2 1 0
3 0 6 1 4 5 3 4 1 13 3 0 4 3 4 0 9 1 2 1 3 3 2 2 3 2 1 3 1 1044 2 4 3
2 3 4 3 0 6 13 6 2 3 5 3 1 0 1 3 9 1 3 3 1 2 3 3 2 2 1 1 1 830 2 3 4
0 0 3 1 2 4 3 5 0 1 13 2 0 8 6 9 11 3 1 2 3 2 1 2 1 1 2 3 1 3 1 839 4 4 3
2 1 0 2 13 1 4 0 1 3 1 3 5 3 2 0 1 3 1 2 1 713 0 0 1
0 1 9 2 3 1 5 13 0 5 5 1 3 2 2 3 6 3 1 3 2 2 1 3 7 0.285714 8 0.285714 9 0.428571 892 2 2 2
7 1 0 0 1 6 3 0 4 13 5 2 6 3 7 1 4 3 2 3 3 1 2 1 801 0 1 3
1 0 0 0 1 3 2 0 13 7 6 2 4 9 4 3 11 1 2 3 2 2 2 3 1 1 3 1 1 3 1 911 4 4 3
2 0 9 0 4 1 4 13 3 1 2 2 0 3 4 8 7 1 2 3 1 3 1 2 1 3 1 888 3 2 2
0 0 1 2 3 4 7 5 0 0 13 1 0 0 2 5 7 1 1 2 2 2 1 3 1 3 1 845 3 3 1
3 3 5 4 4 13 4 2 0 0 2 5 0 1 0 3 5 2 1 1 3 2 1 1 1 937 2 2 1
4 1 5 0 2 4 7 2 13 1 1 0 1 3 0 2 4 2 3 2 1 1 3 1 923 1 2 1
1 0 2 8 3 8 3 0 2 13 4 1 4 6 1 3 6 1 2 3 2 3 1 1 2 1 908 2 2 2
1 3 4 5 2 4 8 3 0 0 2 13 0 0 5 1 2 1 3 1 2 1 841 1 0 1
1 1 0 3 6 5 3 2 3 2 6 7 1 3 13 2 3 1 3 2 1 3 1 717 1 1 1
0 1 13 2 0 0 5 4 3 2 5 1 3 2 0 4 7 1 3 3 2 3 1 1 1 2 1 790 3 1 3
1 2 13 1 8 1 4 3 0 2 4 3 0 2 0 7 9 3 3 3 2 1 2 2 1 3 1 1 1 802 2 3 4
3 2 5 4 1 13 5 0 2 5 1 3 0 0 3 0 10 3 3 2 3 2 2 2 1 1 1 1 1 1 791 3 4 3
2 0 5 1 4 3 1 2 3 8 4 2 4 13 1 3 11 2 1 3 1 2 1 3 1 3 2 2 1 3 1 940 4 4 3
3 4 13 0 3 6 7 5 1 5 2 6 4 0 2 0 4 1 2 2 1 1 1 1 856 2 2 0
1 5 1 2 13 6 3 2 0 5 2 3 5 4 3 0 0 1 1 1 857 0 0 0
4 13 3 1 1 4 5 0 0 5 1 7 0 0 2 0 6 2 2 3 1 2 3 1 3 1 885 1 3 2
2 1 1 0 3 0 3 0 8 13 1 1 2 3 3 3 7 1 2 3 2 3 3 3 1 2 1 716 1 2 4
4 1 0 0 3 5 2 3 13 6 0 0 3 7 1 0 5 1 1 2 2 3 1 2 1 881 2 2 1
3 3 13 3 0 2 3 6 4 3 4 1 0 0 0 3 10 2 2 3 2 1 1 2 3 1 1 1 3 1 784 4 4 2
3 0 0 3 6 10 1 0 5 13 5 2 2 1 4 4 2 1 3 1 2 1 880 1 0 1
3 3 5 3 2 4 6 1 6 13 1 1 8 1 6 3 2 2 2 1 2 1 727 0 2 0
1 3 4 3 2 7 7 13 0 4 5 2 2 1 0 0 10 3 2 1 3 3 1 2 2 1 1 1 3 1 885 4 3 3
3 10 2 0 13 7 3 0 1 5 2 3 3 3 0 3 3 1 3 2 1 1 1 880 1 1 1
3 1 5 1 1 13 3 0 0 3 4 0 2 0 0 0 6 3 2 2 3 2 1 1 3 1 888 1 3 2
3 0 9 2 2 3 5 1 1 13 5 0 4 2 4 0 4 1 2 3 3 1 1 1 806 1 1 2
2 3 7 2 4 9 13 4 3 5 3 3 2 3 0 1 4 1 1 1 3 1 2 1 872 3 0 1
3 4 4 4 13 7 5 3 2 4 0 0 0 0 0 1 7 1 1 2 3 3 1 2 1 2 1 756 3 2 2
0 1 0 0 0 4 2 4 2 1 13 5 1 1 9 5 9 3 3 2 2 2 1 1 3 2 1 3 1 873 2 4 3
1 2 9 0 0 1 4 0 0 5 13 4 3 2 3 6 2 2 1 1 3 1 827 1 1 0
4 2 3 8 1 4 13 0 3 4 5 1 0 0 2 0 2 2 3 1 1 1 934 0 1 1
0 0 2 1 0 5 3 4 0 3 5 13 1 2 3 3 11 1 3 2 2 3 1 2 2 1 3 3 1 1 1 760 3 4 4
0 0 1 0 6 5 2 4 0 2 4 1 0 13 3 3 11 2 2 3 2 1 1 3 1 3 3 1 1 2 1 673 4 3 4
1 3 2 0 13 7 0 2 7 5 0 0 3 5 1 1 2 2 1 1 2 1 917 1 1 0
1 4 2 5 2 0 1 3 0 0 6 13 1 3 4 2 4 3 2 1 3 3 8 0.181818 9 0.272727 10 0.545455 816 1 1 2
2 3 13 5 0 2 8 4 0 0 3 2 0 0 1 0 5 1 1 1 3 2 1 3 1 826 3 1 1
1 8 2 3 3 5 13 8 3 1 0 2 0 1 0 0 3 2 2 3 1 1 1 882 0 2 1
2 3 0 0 4 6 7 0 1 13 1 2 2 8 1 0 11 1 3 2 2 1 3 1 3 3 2 2 1 1 1 883 3 4 4
1 2 3 3 1 5 1 1 0 2 13 3 0 4 2 4 10 2 2 2 3 3 1 2 3 1 3 1 1 1 891 2 4 4
1 0 0 3 3 0 3 1 2 13 2 3 9 3 8 5 2 3 3 1 3 1 832 0 0 2
0 0 0 3 1 4 6 2 1 3 13 3 0 2 3 6 8 3 1 1 1 3 2 2 3 1 2 1 839 3 2 3
8 0 5 0 0 1 4 4 2 3 8 13 0 3 3 5 11 3 1 3 1 1 2 1 3 3 2 2 1 2 1 870 4 3 4
4 3 3 0 5 13 3 2 2 6 1 0 2 3 2 0 5 1 3 1 1 1 1 2 1 722 4 0 1
2 7 0 2 2 4 4 1 3 5 13 3 1 1 3 5 11 3 2 3 3 1 2 2 1 2 1 3 1 1 1 721 3 4 4
3 1 13 3 2 1 3 4 3 4 3 2 1 5 0 3 1 3 1 2 1 843 0 0 1
2 3 13 5 3 7 5 3 0 0 1 2 0 0 3 0 3 1 1 2 1 3 1 657 2 1 0
2 2 3 3 6 13 6 1 3 6 5 3 3 0 4 1 1 2 1 1 1 870 0 1 0
9 2 3 2 13 2 0 1 1 5 3 0 0 1 0 3 11 2 1 1 2 2 1 3 3 2 3 3 1 1 1 844 3 4 4
2 3 2 0 2 3 1 0 13 1 7 3 2 3 1 5 0 1 1 1 802 0 0 0
0 3 9 3 1 3 4 13 4 1 3 5 0 1 2 3 6 2 3 3 2 3 1 1 2 1 920 1 2 3
2 3 3 4 0 4 3 13 0 8 7 3 0 6 1 9 4 1 2 2 1 1 3 1 941 2 2 0
0 0 3 5 0 3 8 1 3 0 4 13 3 2 3 4 11 2 1 1 3 2 1 3 3 1 3 2 1 2 1 857 4 3 4
2 13 3 3 3 7 6 1 4 5 4 0 3 0 1 0 2 2 3 1 3 1 891 0 1 1
3 0 0 1 4 3 2 0 5 10 13 0 6 9 7 9 8 1 1 3 2 3 2 2 1 3 5 0.428571 6 0.285714 7 0.285714 890 3 3 2
3 0 0 0 1 4 0 0 4 2 8 0 13 4 2 3 4 1 2 2 1 1 1 1 965 2 2 0
1 0 2 1 3 3 3 3 7 13 6 4 4 3 4 1 10 3 1 1 2 2 3 3 2 3 2 3 8 0.181818 9 0.272727 10 0.545455 892 2 4 4
0 3 5 3 1 13 4 1 3 5 3 2 0 2 3 2 0 1 1 1 712 0 0 0
0 2 8 2 1 5 13 4 0 3 5 6 0 2 0 7 3 3 1 3 1 1 1 965 1 0 2
0 1 4 7 2 0 3 13 1 4 2 4 0 0 3 6 5 2 1 3 1 2 1 3 1 809 2 2 1
3 0 3 0 3 4 5 0 3 13 3 1 4 2 3 5 6 3 3 3 2 1 1 1 2 1 756 2 1 3
1 7 13 2 0 1 5 6 2 4 1 4 0 0 3 3 10 1 3 3 1 2 2 2 3 3 1 1 2 1 914 3 3 4
2 4 3 4 9 4 5 0 13 0 0 2 4 1 2 0 4 1 1 1 3 1 2 1 800 3 0 1
0 1 3 0 2 0 6 2 2 5 7 2 2 3 1 13 5 1 1 1 3 3 1 3 1 774 3 0 2
0 0 1 0 0 5 4 1 0 5 13 3 4 3 2 3 5 1 2 2 1 2 1 3 1 759 2 3 0
0 0 0 3 0 0 1 6 4 3 4 13 1 2 6 5 6 1 2 3 2 2 1 1 3 1 685 2 3 1
4 3 4 0 13 4 2 1 4 2 4 0 3 1 0 0 5 3 3 2 2 1 1 1 1 838 1 2 2
3 0 0 0 3 0 2 10 0 3 6 13 0 4 7 2 3 1 1 2 1 1 1 989 2 1 0
3 2 2 0 4 3 4 2 5 1 2 3 3 1 13 1 6 2 2 1 3 1 1 1 3 1 824 3 2 1
2 1 0 4 0 6 7 1 0 1 13 2 0 4 5 2 6 3 1 2 3 2 1 1 3 1 897 2 2 2
0 0 6 3 0 1 4 3 0 0 3 13 1 3 3 5 6 2 2 2 1 1 3 1 2 1 823 2 3 1
4 3 1 1 13 3 0 2 3 4 1 4 2 2 0 0 2 3 2 1 1 1 747 0 1 1
0 3 9 2 2 0 3 13 0 1 3 4 0 3 0 1 11 3 3 1 1 3 1 1 2 2 2 3 1 2 1 871 4 3 4
2 3 13 1 7 9 5 0 5 1 4 1 3 4 2 0 10 3 3 1 3 1 2 2 3 2 2 1 1 1 949 2 4 4
4 1 4 1 13 3 4 2 6 4 5 2 2 3 8 3 6 3 2 2 1 3 1 1 1 1 884 2 2 2
0 4 9 13 0 3 5 7 1 4 6 2 3 1 3 2 10 1 1 2 3 2 2 3 1 3 1 1 2 1 774 4 3 3
2 1 5 2 0 4 8 4 0 0 13 5 1 3 1 1 2 3 2 1 2 1 756 0 1 1
2 6 1 2 4 13 1 2 1 5 4 0 3 2 1 0 0 1 3 1 807 0 0 0
1 5 3 1 3 13 6 3 2 3 3 9 3 0 1 0 2 2 3 1 2 1 748 0 1 1
4 13 4 7 0 3 5 6 2 2 4 1 0 2 0 1 3 3 2 1 1 1 1 796 1 1 1
1 2 4 2 3 13 1 0 2 4 8 3 6 3 4 1 11 1 2 3 1 2 1 2 3 1 3 3 1 2 1 831 4 3 4
4 1 0 5 2 8 1 0 13 4 5 0 3 6 2 2 2 1 3 1 3 1 912 1 0 1
0 1 1 4 2 0 7 13 0 0 5 4 2 2 2 5 1 1 1 1 1 1037 1 0 0
4 13 3 2 3 1 5 8 0 0 2 3 0 2 0 0 1 1 1 1 1 830 1 0 0
0 3 0 3 0 6 13 3 1 4 5 2 2 1 2 1 5 2 3 3 2 1 1 1 1 948 1 2 2
0 0 0 2 2 0 0 0 3 3 3 4 3 13 5 4 1 1 1 1 1 906 1 0 0
2 3 3 0 3 13 3 0 4 5 1 4 3 0 0 6 11 3 2 1 3 3 2 1 1 1 2 3 1 2 1 904 4 3 4
0 0 2 3 1 3 3 0 3 13 5 0 1 4 3 2 0 1 3 1 819 0 0 0
0 2 3 1 0 4 1 3 0 1 4 4 2 0 2 13 0 1 3 1 795 0 0 0
9 3 0 0 0 6 4 3 2 4 4 5 1 1 13 3 10 3 2 3 1 1 3 3 2 2 2 1 1 1 612 2 4 4
1 13 4 1 4 7 6 1 2 4 4 0 0 0 2 0 5 2 1 3 1 2 1 2 1 832 2 2 1
3 5 2 0 1 3 3 1 5 1 7 3 3 6 13 4 4 1 2 2 3 1 2 1 709 1 2 1
0 0 3 7 3 0 3 3 0 2 5 13 0 0 6 4 8 2 3 1 2 1 1 2 3 1 1 1 811 3 3 2
0 0 2 3 3 2 5 5 1 8 13 7 1 4 4 6 8 3 2 1 3 1 3 2 2 1 1 1 739 2 3 3
3 0 4 0 3 4 2 1 13 3 2 0 1 0 2 0 2 3 1 1 3 1 842 1 0 1
0 9 3 0 4 1 13 0 2 5 2 0 4 1 4 3 9 1 3 1 2 1 2 2 2 3 1 1 1 736 3 4 2
0 0 3 1 1 3 3 6 0 0 2 13 0 0 1 3 5 3 2 3 2 1 1 2 1 856 1 2 2
1 4 0 0 3 1 4 0 2 5 3 0 13 2 1 2 0 1 3 1 778 0 0 0
8 4 7 3 3 13 6 0 4 2 6 1 2 3 1 3 11 1 2 3 3 1 1 2 2 3 3 2 1 1 1 860 3 4 4
3 0 0 4 0 3 1 1 3 2 4 3 4 5 13 2 11 1 3 3 3 2 2 2 2 1 1 3 1 1 1 734 3 4 4
1 6 0 2 4 5 2 0 13 7 3 0 3 2 5 4 3 2 1 1 1 1 1 725 2 1 0
4 0 0 2 3 4 5 2 6 6 3 0 2 13 4 1 8 3 1 2 3 1 1 2 1 1 3 1 934 4 2 2
3 13 2 9 5 1 5 0 4 0 4 0 5 2 2 0 9 1 1 1 2 3 3 1 2 3 1 3 1 1002 4 2 3
4 2 2 0 13 6 7 0 4 6 3 0 1 2 1 3 1 1 1 3 1 693 1 0 0
2 13 2 4 5 3 4 1 1 3 5 2 4 1 0 0 9 3 1 3 1 1 3 2 3 2 1 2 1 688 3 2 4
0 1 0 3 0 3 3 4 3 2 4 6 1 2 3 13 1 1 1 2 1 805 1 0 0
0 0 9 3 0 3 7 5 2 1 13 3 1 5 2 2 3 3 2 1 1 1 1 1041 1 1 1
3 4 3 0 1 7 3 2 13 6 0 0 1 2 0 7 3 3 1 2 1 3 1 690 1 1 1
0 1 3 0 0 1 3 3 2 4 2 4 0 13 3 2 8 3 1 2 1 2 2 3 1 1 1 1 726 3 3 2
4 6 3 2 5 3 7 3 0 4 13 5 1 0 3 2 0 1 1 1 830 0 0 0
0 1 0 10 3 0 3 3 0 1 4 13 0 2 6 3 6 1 2 2 3 1 3 1 2 1 797 2 2 2
13 1 4 1 2 3 1 0 2 4 0 0 0 0 0 2 7 3 1 2 2 3 3 1 1 3 1 889 2 2 3
0 2 0 0 0 3 6 2 0 3 6 3 3 13 3 4 8 1 1 3 1 2 3 3 1 1 2 1 702 4 1 3
4 2 2 0 7 2 4 0 3 13 0 3 8 3 7 4 2 1 1 1 1 1 770 2 0 0
3 1 4 1 0 1 5 13 0 3 2 4 2 0 3 9 8 3 3 2 2 3 2 1 3 1 1 1 857 1 3 4
0 0 2 0 0 0 3 0 3 4 2 8 1 1 13 6 2 1 2 1 3 1 943 1 1 0
0 3 7 3 0 2 13 9 0 3 6 3 3 1 4 3 0 1 3 1 844 0 0 0
5 0 3 1 5 3 1 4 3 13 3 0 4 2 0 0 6 2 2 3 1 1 3 1 2 1 861 2 2 2
3 3 4 1 2 6 13 5 3 3 1 3 2 6 0 1 0 1 2 1 650 0 0 0
2 3 13 3 3 4 4 4 2 5 0 1 0 3 2 1 4 3 1 3 2 1 1 1 872 1 1 2
0 1 3 2 0 0 1 13 0 4 5 2 2 3 5 3 9 1 3 2 2 1 3 3 1 2 1 1 1 735 3 3 3
4 3 6 3 13 6 0 1 5 4 0 0 1 3 2 3 7 1 2 2 2 2 3 1 1 1 1 882 2 4 1
4 5 0 0 7 7 1 1 8 13 5 0 5 2 7 2 8 1 2 2 1 1 3 3 3 1 2 1 701 3 2 3
2 8 3 1 0 2 13 7 0 4 6 1 3 0 3 0 4 3 2 1 1 1 2 1 707 2 1 1
8 3 8 6 5 13 5 2 2 6 4 1 0 0 2 0 3 1 3 1 1 3 1 690 2 0 1
0 1 4 0 3 6 1 2 1 1 6 13 2 2 1 4 6 2 3 3 2 2 1 1 3 1 1030 1 3 2
0 5 13 2 4 6 4 4 3 0 2 1 0 0 1 1 4 1 2 2 2 1 1 1 992 1 3 0
0 0 4 4 1 3 5 13 2 1 2 2 1 0 0 0 7 2 2 3 3 1 3 3 1 1 1 860 1 2 4
0 5 3 8 3 4 7 3 0 6 13 3 0 4 3 3 9 2 1 1 1 2 3 1 2 2 1 3 1 798 4 4 1
0 3 0 3 2 1 13 5 0 4 1 4 3 5 2 3 11 3 1 1 3 1 1 2 3 3 2 2 1 2 1 925 4 3 4
3 8 7 1 7 3 13 3 2 4 7 7 0 0 3 4 0 1 3 1 649 0 0 0
1 1 1 4 2 13 7 3 2 4 4 0 4 2 0 0 6 2 2 3 1 2 1 1 1 1 864 2 3 1
13 2 0 0 3 2 6 4 4 1 3 3 1 3 6 0 9 2 2 1 1 2 3 1 2 3 1 1 1 699 3 4 2
0 4 1 3 2 6 1 1 3 3 2 13 3 1 4 2 3 1 2 3 1 2 1 754 1 1 1
3 2 2 3 1 3 4 1 2 5 13 3 2 5 7 9 6 1 1 1 3 3 2 1 3 1 978 3 1 2
0 1 0 0 3 1 2 3 6 4 3 1 2 13 7 4 9 1 2 2 3 2 1 2 3 1 1 3 1 797 3 4 2
3 6 13 1 3 7 3 1 0 4 0 3 1 0 0 2 6 1 2 1 3 2 2 1 2 1 893 2 3 1
3 5 13 0 2 8 8 3 5 3 3 1 0 3 0 0 2 2 3 1 1 1 966 0 1 1
3 8 1 0 13 5 4 3 6 4 3 1 2 3 1 0 6 2 2 1 1 3 2 1 2 1 1065 2 3 1
1 1 4 2 5 7 9 2 3 13 3 3 2 7 6 0 6 2 3 1 2 1 3 1 1 1 730 2 2 2
3 0 0 1 8 3 2 0 1 13 5 2 3 5 3 4 2 3 2 1 1 1 857 0 1 1
3 3 2 3 4 1 13 7 3 1 6 4 0 3 2 0 0 1 3 1 815 0 0 0
0 3 3 13 4 2 3 8 2 3 1 4 2 0 2 1 9 3 2 3 1 1 2 3 1 1 1 3 1 887 4 2 3
1 0 0 4 3 2 13 3 0 2 3 5 4 6 2 1 0 1 1 1 822 0 0 0
4 6 3 1 6 13 0 0 3 8 10 8 2 2 0 0 8 1 3 1 1 3 2 2 3 1 3 1 920 3 2 3
0 1 2 0 0 3 4 4 3 13 3 1 4 3 2 3 6 2 3 3 3 1 1 1 2 1 834 2 1 3
0 1 0 1 0 3 0 1 2 5 2 0 13 4 3 4 10 2 1 2 1 3 2 2 3 1 3 1 3 1 848 3 4 3
1 7 4 2 13 7 1 2 8 2 7 0 1 3 0 0 11 1 3 2 2 3 2 1 3 1 1 3 1 2 1 970 4 3 4
1 3 0 0 4 6 4 2 13 5 2 1 3 8 2 0 1 3 1 1 1 1005 0 0 1
1 4 8 3 2 4 5 13 0 0 4 2 3 0 5 0 6 2 1 3 1 1 3 1 2 1 918 3 1 2
2 1 3 3 9 13 7 3 0 2 5 3 0 0 0 1 11 1 2 2 3 1 3 2 3 1 1 2 1 3 1 929 4 4 3
3 3 2 1 13 7 5 0 2 5 3 0 1 2 0 0 5 1 3 3 1 3 1 2 1 924 2 0 3
0 0 2 0 3 1 1 0 0 7 13 4 4 3 3 4 1 2 1 3 1 871 0 1 0
3 13 9 3 3 0 5 5 0 0 3 2 0 0 1 3 7 2 1 3 3 3 2 1 1 3 1 759 2 2 3
3 1 13 2 6 4 5 3 2 3 4 3 0 0 0 1 0 3 5 0.428571 6 0.285714 7 0.285714 712 0 0 0
0 4 0 1 3 3 3 4 6 8 13 3 4 6 3 2 11 2 3 1 2 3 2 3 1 2 1 3 1 1 1 801 3 4 4
2 0 0 3 0 1 0 2 4 4 4 3 3 1 13 4 0 1 3 1 931 0 0 0
0 0 2 3 2 1 13 2 6 7 4 1 3 4 3 1 11 3 2 2 1 1 3 2 1 1 3 3 1 2 1 859 4 3 4
0 3 0 0 4 0 0 2 2 4 0 1 4 13 3 0 9 3 1 2 2 3 2 1 1 3 1 1 1 804 3 3 3
3 6 6 2 1 13 1 4 3 0 2 0 0 0 2 0 4 3 2 1 1 1 3 1 849 2 1 1
0 0 1 2 3 1 1 3 7 5 8 4 2 6 13 7 4 1 2 2 3 1 3 1 766 1 2 1
2 0 0 4 0 5 1 2 0 6 13 3 3 7 3 6 2 1 2 1 1 1 772 1 1 0
1 0 0 3 7 5 0 0 3 4 0 1 5 8 13 2 9 1 2 2 1 3 3 1 2 3 1 2 1 733 3 3 3
3 2 4 3 3 2 3 1 0 4 3 13 1 1 6 2 2 3 2 1 1 1 718 0 1 1
2 4 4 3 6 5 3 0 1 13 6 0 3 4 0 0 6 1 3 1 2 2 2 1 1 1 827 2 3 1
4 13 7 3 7 0 5 4 0 4 3 1 0 0 2 0 0 1 3 1 714 0 0 0
1 5 5 6 1 13 8 4 0 3 0 1 0 2 0 0 1 2 1 2 1 856 0 1 0
0 0 3 13 3 1 3 8 2 1 1 5 0 0 2 2 11 1 3 2 3 1 2 1 2 3 1 3 1 2 1 869 4 3 4
0 2 0 0 3 1 1 3 5 2 5 3 1 13 4 0 4 1 2 1 2 1 2 1 898 2 2 0
4 5 13 1 2 4 8 1 3 5 0 4 0 0 3 0 7 1 2 1 2 1 2 2 1 3 1 848 3 4 0
4 5 0 0 6 13 8 3 3 0 2 1 1 0 0 0 5 3 3 2 2 1 1 3 1 844 1 2 2
1 3 0 0 1 4 4 4 8 5 13 4 2 9 6 2 0 1 3 1 824 0 0 0
4 3 13 1 4 4 1 1 2 2 0 0 2 3 0 0 9 3 3 1 2 3 1 3 2 2 1 1 1 864 2 3 4
2 3 0 0 1 5 1 0 3 13 3 0 4 4 3 2 11 2 1 2 1 2 1 3 1 3 3 2 1 3 1 733 4 4 3
3 8 3 0 1 6 6 0 2 13 3 2 1 10 3 4 11 1 3 3 1 2 3 1 1 2 3 2 1 2 1 763 4 3 4
3 1 3 2 2 2 6 13 3 4 3 6 0 7 1 1 1 1 1 2 1 856 1 0 0
3 4 1 1 3 13 1 5 2 7 8 3 0 0 2 1 2 3 2 1 2 1 792 0 1 1
4 0 5 1 13 7 4 0 2 3 5 1 3 0 0 0 6 2 2 3 1 3 2 1 1 1 903 1 3 2
2 0 0 0 5 4 3 0 13 9 3 4 3 2 3 3 8 1 2 1 3 1 3 1 2 1 3 1 789 4 2 2
13 1 10 3 9 4 2 0 6 3 4 0 0 1 0 0 0 1 2 1 850 0 0 0
3 0 0 3 0 0 1 3 2 5 6 3 0 4 8 13 10 2 3 3 1 2 2 1 3 1 2 1 1 1 781 3 4 3
1 8 3 3 3 7 9 2 6 13 6 4 7 1 4 3 6 2 3 1 2 2 3 1 1 1 788 1 3 2
1 3 3 1 0 3 5 13 0 7 1 5 0 4 2 8 3 3 2 3 1 2 1 982 0 1 2
2 7 3 9 2 4 6 3 0 1 3 13 1 0 3 3 0 1 3 1 851 0 0 0
0 0 5 3 1 8 8 5 0 5 3 13 0 1 8 2 3 2 1 3 1 2 1 866 1 1 1
0 0 2 4 4 3 5 5 1 5 13 7 1 6 8 2 7 3 3 2 1 2 1 2 1 1 1 799 2 3 2
3 7 1 3 13 2 4 5 4 6 6 0 1 0 3 0 1 3 1 2 1 847 0 0 1
1 1 3 4 5 1 10 2 3 13 0 1 4 3 3 0 5 2 2 2 1 3 1 2 1 838 1 3 1
0 3 3 3 1 0 7 13 1 6 2 3 0 0 4 9 9 3 1 2 2 1 1 3 2 2 1 3 1 909 3 4 2
1 6 1 1 7 5 4 0 3 4 13 2 3 5 2 4 1 3 1 2 1 753 0 0 1
4 3 3 1 2 4 13 1 3 3 2 0 0 2 2 0 9 2 1 3 3 2 3 1 1 3 1 1 1 698 3 2 4
0 0 2 2 0 3 5 3 0 6 2 13 6 1 3 4 3 1 3 3 1 1 1 884 1 0 2
2 3 2 3 1 7 2 3 13 1 3 0 3 0 2 0 8 2 1 1 3 1 2 3 3 1 1 1 844 3 2 3
0 1 7 1 2 3 8 3 0 6 4 1 0 1 3 13 5 3 3 2 3 2 1 2 1 797 0 2 3
0 4 2 4 3 2 2 3 1 1 13 3 1 6 7 3 9 3 3 1 2 2 3 1 2 1 1 3 1 792 3 3 3
2 7 3 13 2 3 2 6 0 1 2 1 3 0 3 0 7 2 2 1 3 1 1 3 1 1 1 812 3 2 2
0 0 3 0 1 3 5 4 3 0 13 1 0 0 2 3 6 3 2 1 3 2 2 1 1 1 887 1 3 2
0 0 3 0 6 3 0 0 1 13 3 4 6 6 3 1 7 2 1 3 3 1 2 2 1 2 1 914 2 3 2
5 2 0 2 13 4 4 0 4 3 4 3 3 1 2 0 9 1 3 1 1 2 3 1 3 2 1 3 1 804 4 2 3
4 3 5 3 2 13 1 3 1 2 4 0 3 0 2 0 8 1 1 2 2 2 1 3 1 1 3 1 1062 4 3 1
0 5 3 3 2 5 7 3 0 5 13 8 4 5 2 5 8 2 3 1 2 1 3 1 1 1 3 1 869 4 2 2
0 0 0 8 0 3 1 3 6 1 3 2 2 1 4 13 5 3 3 2 3 2 1 1 1 831 0 2 3
0 2 4 0 10 5 3 2 8 6 1 2 13 6 1 9 5 3 3 1 2 3 1 1 1 730 1 1 3
0 4 4 2 1 1 0 13 4 3 6 4 0 3 4 2 6 2 2 2 1 1 3 1 1 1 831 2 3 1
9 6 3 2 7 13 1 0 4 2 4 0 4 2 1 2 7 1 3 3 1 1 2 3 1 3 1 914 3 1 3
3 4 5 1 1 13 3 3 2 4 3 2 3 1 5 0 9 1 3 1 2 2 2 3 1 2 1 3 1 881 3 4 2
0 1 5 8 0 7 1 3 2 2 0 13 0 0 2 7 3 1 2 3 1 1 1 847 1 1 1
0 3 3 1 9 4 8 1 0 13 2 5 2 1 3 5 5 3 3 3 2 2 1 1 1 881 0 2 3
3 0 3 0 2 6 0 3 13 1 3 0 2 3 1 3 11 2 1 3 3 3 2 1 2 2 1 3 1 1 1 824 3 4 4
0 0 3 1 3 0 3 4 4 2 8 4 0 1 13 2 8 2 2 2 3 1 1 1 2 1 1 1 759 3 4 1
3 4 3 4 0 6 7 13 0 1 5 3 2 0 4 4 11 1 1 3 3 2 1 2 3 2 2 3 1 1 1 731 3 4 4
4 3 0 0 3 4 4 3 2 7 6 1 2 13 2 4 4 1 3 1 1 1 2 1 997 3 0 1
2 0 0 0 3 6 3 1 5 13 3 3 3 4 3 4 7 2 3 1 2 1 1 2 1 3 1 898 3 3 1
3 0 0 0 3 13 2 1 4 6 2 0 3 1 1 0 8 2 1 3 2 3 2 3 1 1 3 1 950 2 3 3
10 1 4 0 7 5 13 0 5 6 3 2 3 5 0 3 1 3 1 3 1 829 0 0 1
0 1 0 3 0 2 5 13 2 6 7 4 1 0 0 3 7 1 3 2 3 3 3 2 1 1 1 776 1 2 4
0 0 3 2 1 5 8 13 4 6 5 6 0 3 3 11 5 3 2 1 3 1 1 2 1 1010 2 1 2
3 3 8 2 1 7 5 13 2 6 3 1 0 0 8 3 11 1 2 3 1 2 1 3 3 2 2 3 1 1 1 873 3 4 4
2 13 4 3 9 4 2 2 1 3 7 4 1 0 3 3 1 1 1 3 1 1020 1 0 0
3 3 13 1 3 1 2 3 0 4 2 2 1 2 0 4 0 1 1 1 893 0 0 0
4 6 4 3 2 8 6 13 0 4 4 1 0 0 3 3 2 2 3 1 1 1 820 0 1 1
0 2 0 1 0 3 0 3 1 4 4 13 0 2 3 4 9 1 2 3 1 2 3 3 2 3 1 1 1 855 2 3 4
2 3 5 0 1 13 6 7 1 3 6 0 3 2 4 0 9 1 3 1 1 3 3 2 2 2 1 3 1 1069 3 3 3
3 13 4 0 2 3 5 2 3 0 1 1 4 0 0 2 0 1 1 1 739 0 0 0
0 1 7 1 2 5 7 1 2 0 4 13 0 0 0 2 1 2 1 1 1 839 0 1 0
0 0 0 3 0 5 4 4 1 9 2 8 2 1 13 6 4 3 1 1 2 1 2 1 900 2 1 1
7 6 0 0 5 8 2 0 13 3 1 1 3 5 4 3 10 2 2 3 3 3 1 3 2 2 1 1 1 1 792 2 4 4
1 0 0 2 2 2 2 3 1 13 7 4 4 7 4 2 4 1 3 1 3 1 1 1 736 2 0 2
3 6 0 3 8 13 3 0 3 5 3 2 4 1 1 5 8 3 1 2 1 3 2 2 2 1 1 1 873 2 4 2
1 5 13 8 2 5 2 3 0 2 6 0 0 1 7 0 0 1 1 1 754 0 0 0
0 2 0 4 0 1 8 5 2 3 5 13 4 1 3 4 2 2 3 1 1 1 934 0 1 1
0 1 3 1 1 0 2 2 0 0 13 3 3 2 7 5 11 2 1 2 3 3 1 2 3 3 1 2 1 1 1 754 3 4 4
1 3 1 3 7 6 4 7 0 4 13 5 3 0 3 2 9 2 3 1 1 2 2 1 3 3 1 2 1 768 3 3 3
2 13 10 8 4 5 6 1 8 0 1 4 3 2 3 0 8 2 3 2 3 1 2 3 1 1 1 1 901 2 3 3
4 13 1 3 2 5 5 2 3 1 3 0 0 0 2 1 1 3 1 3 1 817 0 0 1
3 2 0 0 1 4 7 2 13 2 2 0 3 5 0 1 1 1 1 1 1 761 1 0 0
1 1 3 4 1 13 8 2 4 8 5 1 0 0 4 3 5 2 2 2 1 3 1 2 1 924 1 3 1
2 13 1 3 9 0 6 2 5 2 3 3 3 2 1 0 9 1 2 3 1 3 1 3 1 3 1 2 1 768 4 1 4
3 0 3 4 0 0 2 13 3 4 5 9 1 4 3 2 7 3 1 2 2 2 1 1 1 1 1 1000 3 3 1
3 13 2 4 5 7 6 7 1 0 2 1 3 1 0 0 4 2 2 3 1 1 3 1 827 1 2 1
3 0 0 0 3 3 0 0 4 3 4 3 13 7 5 5 9 1 1 2 3 3 3 2 3 2 1 1 1 1032 2 3 4
3 6 3 0 13 1 1 0 2 7 4 2 3 2 4 0 0 1 1 1 812 0 0 0
3 3 0 3 4 4 0 4 2 3 13 1 2 1 1 1 4 2 1 2 2 1 3 1 793 1 3 0
0 2 2 5 3 4 8 1 0 5 13 3 2 1 6 1 6 3 1 3 2 1 2 1 3 1 832 2 2 2
2 3 5 1 0 0 6 13 0 2 5 7 0 0 2 1 8 2 1 1 3 3 1 3 2 1 3 1 816 3 2 3
0 2 0 3 3 13 2 2 0 5 7 3 0 1 3 1 1 3 1 1 1 841 0 0 1
3 5 0 2 3 3 3 0 4 4 1 0 8 13 4 0 0 1 3 1 767 0 0 0
0 3 0 2 1 6 1 2 3 4 13 0 1 8 3 5 0 1 2 1 958 0 0 0
3 0 3 1 2 4 8 1 4 7 1 2 5 13 3 3 10 3 2 1 3 3 3 2 2 1 1 1 2 1 849 3 3 4
3 8 3 9 1 8 6 13 0 6 4 6 0 0 1 1 6 2 3 2 1 3 2 1 2 1 975 1 3 2
1 13 5 3 3 4 3 3 1 3 4 2 0 1 2 0 6 3 2 2 3 3 1 3 8 0.181818 9 0.272727 10 0.545455 959 1 2 3
0 8 0 1 0 0 0 3 7 2 3 6 1 4 13 2 2 3 1 1 2 1 831 1 0 1
0 3 6 3 8 1 7 2 3 4 13 2 6 1 4 8 2 1 2 3 4 0.545455 5 0.272727 6 0.181818 953 1 1 0
3 4 9 1 0 1 7 4 1 0 4 13 2 3 2 3 9 2 3 2 1 3 3 1 2 1 1 2 1 928 3 3 3
4 7 4 2 13 8 6 0 1 4 4 3 0 1 0 1 7 1 2 3 2 3 2 2 1 1 1 851 1 4 2
3 2 5 1 13 7 4 0 1 7 1 3 2 7 0 3 6 3 1 2 2 1 2 1 3 1 843 2 3 1
3 13 1 2 8 3 5 3 3 0 1 2 4 0 0 3 0 1 3 1 1008 0 0 0
2 2 0 0 3 2 3 1 13 5 5 1 6 3 1 1 1 2 1 3 1 837 0 1 0
3 0 0 0 2 3 5 3 0 7 13 5 1 8 9 3 3 3 1 3 1 2 1 819 1 0 2
0 2 0 3 2 5 13 3 0 6 7 5 1 4 3 2 10 3 1 3 1 1 3 1 3 2 2 3 8 0.181818 9 0.272727 10 0.545455 748 4 2 4
2 5 1 1 3 5 3 9 4 0 2 13 3 10 7 3 8 2 3 2 1 3 2 3 1 1 1 1 815 2 3 3
3 9 13 9 2 1 5 8 0 4 0 3 0 0 3 2 2 1 1 1 2 1 1038 2 0 0
3 13 7 1 0 3 5 7 2 3 3 5 0 2 0 2 8 2 2 3 1 1 1 1 3 1 3 1 923 4 2 2
3 2 4 0 0 3 6 1 4 3 7 3 0 2 2 13 2 3 1 1 1 1 934 1 0 1
0 2 0 0 1 0 0 4 1 7 3 2 4 13 1 4 0 1 2 1 908 0 0 0
0 0 0 2 5 1 0 2 5 13 4 2 6 6 7 2 6 1 3 3 3 1 1 1 3 1 1080 3 0 3
0 0 2 1 1 1 4 0 5 13 2 0 3 2 4 3 9 1 3 3 3 2 1 2 1 3 1 2 1 940 3 2 4
4 3 3 3 3 13 3 2 1 6 4 3 1 3 0 0 2 2 2 1 1 1 835 0 2 0
2 4 6 3 0 5 7 13 0 5 3 1 0 0 0 1 6 3 2 3 2 2 1 1 1 1 764 1 3 2
3 2 3 2 7 13 5 1 3 3 7 0 1 0 6 2 6 1 3 3 3 3 1 1 2 1 937 2 0 4
1 3 1 3 1 3 6 2 13 6 2 0 0 2 5 0 11 3 3 2 1 2 2 1 1 3 3 1 1 2 1 921 4 3 4
2 1 0 3 2 9 1 0 13 8 7 0 6 2 5 0 0 1 1 1 912 0 0 0
0 3 0 0 0 0 2 3 1 1 2 13 3 6 7 4 10 2 2 1 2 3 1 3 1 1 2 1 3 1 933 4 4 2
3 4 2 2 3 6 7 8 0 4 13 1 2 3 7 3 6 2 1 1 1 3 1 1 2 1 877 4 1 1
3 4 3 4 2 1 13 3 0 1 3 5 0 3 0 6 5 2 1 1 2 3 1 2 1 824 2 2 1
8 3 13 3 5 7 1 2 0 1 1 2 0 0 3 0 3 3 2 1 1 2 1 833 1 1 1
0 0 2 5 0 0 1 4 5 9 13 6 1 1 3 2 8 3 2 1 3 3 2 3 2 1 1 1 866 1 3 4
3 8 3 3 1 7 9 3 3 13 3 4 1 1 2 0 8 2 2 3 2 2 3 3 1 1 1 1 878 1 4 3
0 4 4 3 0 1 13 8 0 1 4 3 2 4 2 0 11 3 3 1 2 1 1 1 2 2 2 3 1 3 1 899 4 4 3
0 0 1 1 0 0 0 3 0 2 13 7 3 1 4 2 10 2 2 1 2 1 3 1 2 3 3 1 3 1 911 3 4 3
4 8 3 2 5 13 3 0 2 8 4 1 4 7 2 0 2 3 1 1 1 1 905 1 0 1
1 1 4 0 3 2 0 0 4 13 6 0 3 6 3 2 1 3 3 5 0.428571 6 0.285714 7 0.285714 872 0 0 1
3 7 3 1 1 9 13 3 4 3 2 0 1 2 0 0 1 2 1 3 1 810 0 1 0
3 1 0 0 7 5 3 0 3 4 2 1 2 5 13 3 11 2 1 3 2 1 2 1 3 2 1 3 1 3 1 748 4 4 3
1 3 1 1 3 2 3 0 3 13 5 0 4 2 4 1 1 2 1 2 1 992 0 1 0
0 3 2 2 0 0 9 3 3 13 5 1 2 3 6 3 3 3 3 1 1 1 1 818 1 0 2
1 0 2 0 1 2 0 2 4 13 3 0 3 4 5 3 3 1 3 3 3 4 0.545455 5 0.272727 6 0.181818 661 1 0 2
0 6 0 3 2 4 5 0 1 6 4 2 13 3 9 1 2 1 2 1 3 1 744 1 1 0
1 4 2 3 6 5 13 4 1 4 2 4 0 3 2 0 1 1 1 3 1 830 1 0 0
0 2 1 0 3 2 0 3 7 4 13 7 8 1 4 6 11 3 2 2 1 1 3 2 2 1 1 3 1 3 1 681 4 4 3
9 13 5 4 1 3 2 4 1 0 4 1 0 0 2 2 2 2 3 1 1 1 736 0 1 1
3 2 7 3 0 3 6 13 3 5 8 9 0 0 2 3 2 1 3 1 1 1 875 1 0 1
2 3 13 1 3 6 3 3 0 4 1 0 1 0 0 0 8 3 3 2 1 3 2 1 2 1 2 1 868 2 3 3
2 3 2 1 8 5 3 0 4 3 13 1 2 7 2 0 2 1 3 1 1 1 997 1 0 1
2 3 3 4 1 13 8 1 0 3 4 3 1 0 2 0 10 1 2 2 3 2 3 3 2 1 3 1 1 1 796 2 4 4
0 1 0 0 4 2 3 0 1 13 4 0 2 4 4 1 6 3 2 3 2 1 1 1 2 1 834 2 2 2
2 2 6 1 0 4 4 13 4 1 1 4 1 0 0 3 5 1 2 3 2 3 1 2 1 897 1 2 2
0 0 0 3 0 1 4 3 3 3 6 13 7 2 4 1 9 2 2 3 1 2 3 3 1 1 1 2 1 884 3 3 3
3 1 0 0 13 3 0 0 5 4 3 2 4 3 0 0 6 1 3 2 3 1 2 1 3 1 748 2 2 2
0 3 2 3 1 7 13 3 1 4 2 8 1 0 0 0 3 3 1 2 1 2 1 720 1 1 1
0 3 1 0 2 6 5 1 2 3 4 3 3 13 6 4 1 3 1 3 1 985 0 0 1
5 2 3 2 5 4 7 6 3 3 13 1 0 0 5 1 3 2 1 3 1 3 1 940 1 1 1
0 0 0 2 0 3 2 2 3 1 5 3 1 4 8 13 9 3 3 1 1 2 2 3 1 2 1 1 1 730 3 3 3
2 4 3 1 2 6 13 3 5 6 3 1 0 1 1 0 5 3 2 2 3 2 1 1 1 739 0 3 2
0 1 3 4 1 0 3 13 0 0 3 2 0 0 3 5 9 1 2 1 2 1 3 2 3 2 1 3 1 800 3 4 2
3 0 0 0 0 2 2 0 2 4 4 1 13 4 5 1 3 2 1 1 1 3 1 744 2 1 0
2 4 1 3 0 2 13 7 0 3 6 3 3 3 3 1 5 2 3 1 3 2 1 1 1 853 1 2 2
0 2 5 1 0 7 6 5 1 0 4 13 0 3 4 4 1 2 1 3 1 692 0 1 0
1 0 3 2 3 3 0 4 2 8 13 1 3 3 3 4 8 3 2 2 1 1 3 1 2 1 3 1 775 3 3 2
3 0 0 0 0 2 1 1 5 7 4 3 3 13 5 2 10 1 1 2 3 1 1 2 3 2 3 1 2 1 835 4 3 3
0 3 4 2 0 5 3 1 2 4 13 9 0 0 9 3 10 2 2 3 3 1 1 3 1 3 1 1 2 1 833 4 2 4
3 3 5 13 1 2 4 8 1 0 0 0 0 0 2 0 2 2 1 1 3 1 1017 1 1 0
1 3 2 0 2 2 2 4 13 3 5 8 3 1 7 3 6 1 1 1 3 3 2 1 3 1 996 3 1 2
1 2 2 0 4 3 3 1 13 8 6 2 1 7 3 4 5 2 3 3 2 1 1 1 1 923 1 2 2
0 3 2 3 3 1 1 4 13 3 2 0 2 4 6 3 9 2 1 1 3 1 2 2 3 1 1 3 1 833 4 3 2
5 13 3 3 4 3 2 4 0 3 4 2 0 1 0 2 2 3 1 1 1 1 835 1 0 1
1 4 0 1 13 3 0 0 4 5 3 0 3 2 4 3 2 3 2 1 3 1 850 0 1 1
4 2 0 3 8 4 0 0 13 5 7 0 2 4 8 1 7 1 3 1 2 1 3 3 1 2 1 948 3 1 3
2 2 3 1 0 6 3 13 1 6 5 3 2 4 4 3 10 3 1 1 2 1 1 3 3 3 2 1 2 1 791 4 2 4
0 0 2 3 3 1 5 1 0 0 3 13 0 0 6 5 8 1 1 1 2 3 2 3 2 1 2 1 798 3 3 2
0 0 2 0 3 3 4 2 5 4 4 0 13 1 5 6 6 1 2 1 2 3 3 1 1 1 849 2 2 2
3 8 3 0 13 5 0 3 3 4 6 3 2 3 2 3 5 1 2 3 1 3 1 1 1 759 2 1 2
2 3 1 13 0 1 3 7 0 4 2 4 0 2 0 0 10 3 1 1 3 2 1 2 3 2 1 1 3 1 820 4 3 3
1 1 3 2 6 7 4 2 5 6 13 3 3 3 7 0 11 1 2 2 3 2 1 1 3 1 3 3 1 2 1 858 4 3 4
3 2 3 6 4 9 13 1 2 3 3 4 0 4 1 0 11 3 2 3 2 2 3 1 3 1 1 1 1 2 1 805 4 3 4
3 6 5 0 2 9 5 1 3 13 0 0 1 1 3 3 5 2 2 3 1 3 1 2 1 839 1 2 2
1 0 0 0 2 3 5 8 0 0 8 13 4 4 5 3 7 3 1 1 2 2 2 3 1 1 1 832 2 3 2
2 6 1 0 1 8 13 3 5 5 2 0 3 1 3 0 5 1 3 3 2 2 1 3 1 744 1 2 2
3 2 13 2 1 5 2 3 1 1 1 3 0 3 0 0 3 3 1 2 1 2 1 852 1 1 1
3 1 7 3 0 3 4 3 0 13 4 2 0 2 4 1 5 2 3 1 2 1 1 3 1 853 2 2 1
0 0 0 3 2 1 0 3 7 6 5 3 0 3 13 4 1 1 1 2 1 871 1 0 0
2 3 1 3 0 1 13 2 0 5 1 6 0 3 2 4 2 3 1 1 2 1 965 1 0 1
4 0 0 3 1 3 7 6 3 13 6 4 2 5 1 5 2 1 2 1 2 1 990 1 1 0
3 1 3 2 1 1 0 6 4 5 13 8 2 6 3 1 6 1 3 2 2 3 2 3 8 0.181818 9 0.272727 10 0.545455 812 1 3 2
1 3 13 1 2 6 3 0 2 5 1 0 0 2 3 0 11 3 1 1 2 3 2 2 2 1 3 1 1 3 1 982 4 4 3
1 1 4 6 3 13 9 3 4 2 4 1 3 0 3 0 6 3 2 2 2 1 1 1 2 1 796 2 3 1
2 0 1 0 7 4 3 1 3 1 5 2 1 4 13 1 8 2 2 2 2 1 3 3 3 1 3 1 894 1 4 3
4 0 0 0 3 7 5 4 13 1 2 2 7 4 1 0 1 2 1 1 1 1015 0 1 0
1 3 9 4 13 8 7 6 2 5 6 4 3 3 3 3 2 3 2 1 1 1 846 0 1 1
2 1 2 3 7 13 7 9 0 5 7 2 0 0 1 3 1 1 1 3 1 906 1 0 0
1 2 0 3 3 1 3 0 8 5 3 0 3 13 6 0 2 2 1 1 2 1 906 1 1 0
1 3 0 0 4 2 0 0 13 2 3 3 1 7 4 1 0 1 2 1 727 0 0 0
0 1 2 0 0 5 1 3 4 8 7 4 4 3 13 2 11 2 2 3 1 1 2 1 1 3 2 3 1 3 1 968 4 4 3
3 2 1 0 2 4 8 4 4 13 4 4 1 5 1 1 2 3 2 1 2 1 739 0 1 1
1 1 13 3 0 5 2 5 0 6 0 6 0 2 0 3 11 2 3 2 1 3 1 2 1 1 2 3 1 3 1 842 4 4 3
0 0 0 1 0 1 4 3 3 4 6 7 2 13 5 2 2 1 3 1 2 1 802 1 0 1
2 5 13 4 4 9 2 0 3 5 0 3 0 8 0 1 3 2 3 1 1 1 1 908 1 1 1
2 6 4 2 1 5 2 3 0 13 5 1 0 1 7 0 11 1 3 1 2 1 3 1 2 3 3 2 1 2 1 831 4 3 4
4 13 3 2 3 7 8 6 0 4 6 3 0 1 1 1 6 3 3 1 2 3 2 1 2 1 1013 1 2 3
2 2 0 0 5 3 9 0 3 13 7 3 4 3 3 3 9 3 2 1 3 1 3 1 3 2 1 1 1 819 3 2 4
1 3 2 2 0 1 13 2 5 3 2 5 3 0 3 2 3 3 1 1 1 1 1 787 2 0 1
0 0 1 3 0 3 4 4 1 4 7 13 5 3 2 2 7 3 2 2 3 1 1 1 1 2 1 833 3 2 2
0 5 3 2 3 5 2 5 1 0 4 13 3 1 4 1 6 2 3 2 1 2 3 1 1 1 784 1 3 2
3 7 3 1 0 6 3 13 3 1 4 1 2 0 3 3 5 1 3 2 2 2 1 3 1 950 1 3 1
2 1 6 0 2 7 1 3 3 8 4 3 5 13 3 2 7 1 2 3 2 1 3 1 1 3 1 841 3 2 2
2 3 13 1 0 5 3 3 4 1 0 2 3 0 0 3 3 2 1 3 1 3 1 864 1 1 1
3 3 0 0 5 3 0 0 4 3 3 3 1 13 2 4 8 1 1 3 2 2 2 1 1 1 2 1 867 4 3 1
0 0 0 3 0 2 0 3 0 3 2 5 3 1 4 13 0 1 1 1 852 0 0 0
3 2 4 2 1 3 6 5 1 1 13 2 0 4 3 1 6 3 1 3 2 3 2 1 3 1 800 1 2 3
3 13 1 2 6 7 4 0 3 1 3 3 0 2 8 0 2 1 2 1 3 1 702 1 1 0
4 1 2 0 5 3 7 0 1 13 5 3 1 7 8 2 7 2 2 3 1 3 2 3 1 1 1 834 1 3 3
5 4 2 0 1 1 3 3 13 3 2 0 3 0 2 0 8 1 2 1 1 2 1 3 2 1 3 1 874 4 3 1
0 3 2 0 3 4 0 0 7 7 3 0 1 13 4 3 7 3 1 2 2 2 1 1 1 3 1 1039 3 3 1
3 4 5 3 0 7 13 5 3 1 0 3 2 1 0 0 5 3 3 2 2 1 1 3 1 863 1 2 2
0 1 9 3 1 2 6 13 3 5 4 3 0 0 4 2 6 1 1 2 3 3 2 1 3 1 915 2 2 2
2 5 4 1 4 13 7 4 2 3 0 3 0 3 0 0 8 3 1 2 2 1 1 3 1 1 2 1 820 4 2 2
5 4 13 3 1 6 3 6 4 9 2 2 1 0 0 0 11 3 2 3 1 1 2 1 3 2 2 1 1 3 1 689 4 4 3
0 0 3 0 1 2 5 2 3 1 7 5 1 4 13 0 1 2 1 3 1 765 0 1 0
3 3 2 13 0 3 3 4 2 5 3 1 0 0 3 1 11 1 3 3 3 2 2 2 1 1 1 2 1 3 1 797 4 4 3
0 2 0 0 1 0 0 4 0 3 2 6 3 13 6 3 10 3 1 2 3 3 1 3 1 2 2 1 1 1 727 3 3 4
0 3 6 3 3 3 3 13 2 4 3 1 0 8 3 5 5 1 2 2 3 1 1 3 1 892 2 2 1
1 3 2 2 1 13 6 0 2 5 6 1 0 3 0 0 8 3 1 2 1 2 1 2 3 3 7 0.285714 8 0.285714 9 0.428571 799 3 3 2
3 1 4 2 1 2 3 13 3 7 8 3 5 2 3 1 2 3 1 1 2 1 880 1 0 1
4 1 4 0 2 3 3 0 5 2 4 9 3 13 1 3 5 2 1 1 3 2 1 3 1 651 2 2 1
7 1 13 3 2 4 4 5 0 3 0 4 0 1 0 2 1 3 1 3 1 777 0 0 1
4 2 4 1 3 13 3 3 6 5 4 0 9 7 2 0 8 1 2 3 2 1 1 2 3 1 1 1 831 3 3 2
0 4 0 3 0 5 5 0 3 1 2 8 1 4 13 4 9 3 2 1 1 2 1 2 3 2 1 3 1 767 3 4 2
3 2 5 3 13 5 0 0 8 5 1 1 3 0 1 2 1 2 3 8 0.181818 9 0.272727 10 0.545455 812 0 1 0
0 0 1 2 3 2 4 0 1 2 5 13 3 4 8 1 1 2 1 1 1 891 0 1 0
2 7 3 4 4 5 13 4 0 6 4 3 0 3 0 3 1 3 1 1 1 906 0 0 1
3 2 1 0 13 4 0 2 1 1 0 0 3 5 1 0 4 3 2 2 2 1 1 1 757 0 3 1
1 3 1 3 4 7 6 2 2 13 6 0 5 1 4 3 5 2 3 1 3 3 1 2 1 743 1 1 3
0 1 5 4 0 2 4 13 3 7 6 3 3 6 1 3 0 1 2 1 916 0 0 0
0 0 4 1 1 3 2 2 0 13 4 7 8 3 1 3 8 2 2 3 2 3 3 1 3 1 1 1 867 1 3 4
1 4 3 0 1 4 5 2 13 3 8 1 4 6 4 0 2 3 2 1 2 1 752 0 1 1
2 1 0 0 1 1 6 0 3 5 4 2 13 3 1 3 5 1 2 3 3 2 1 2 1 743 1 2 2
0 0 1 3 8 6 5 2 3 7 13 4 4 3 3 1 0 1 2 1 800 0 0 0
5 0 0 2 3 3 1 1 4 6 5 0 3 13 2 1 2 3 3 1 2 1 934 0 0 2
0 3 0 1 2 5 2 8 3 8 6 3 0 1 13 2 0 1 1 1 834 0 0 0
0 2 0 7 0 3 3 10 3 4 3 13 3 1 3 1 0 1 2 1 918 0 0 0
4 2 13 4 3 5 5 1 0 1 3 3 0 0 3 2 5 2 1 1 2 3 1 3 1 847 2 2 1
1 5 13 8 3 1 3 4 0 6 3 1 0 0 2 2 3 1 2 2 1 3 1 842 1 2 0
1 4 3 6 2 3 6 5 1 8 13 0 2 3 1 3 7 3 3 2 3 1 2 2 1 1 1 867 1 3 3
3 0 0 3 3 2 1 4 2 3 13 3 3 1 4 2 8 2 2 1 2 3 3 1 1 1 1 1 884 3 3 2
1 0 0 0 9 1 3 4 6 3 3 0 13 5 4 4 8 3 3 2 2 3 2 1 2 1 1 1 848 1 4 3
0 2 3 9 0 4 6 13 2 3 3 4 0 0 0 1 1 1 1 3 1 845 1 0 0
2 2 0 0 1 5 4 0 1 13 0 3 3 1 5 2 7 2 3 2 3 1 1 2 1 1 1 1007 2 3 2
1 2 3 2 3 13 9 8 6 3 3 0 3 1 0 0 9 1 1 2 1 2 3 3 2 3 1 3 1 829 3 3 3
9 5 6 3 3 13 3 0 6 3 1 2 3 0 0 2 1 1 1 3 1 815 1 0 0
3 3 0 1 3 13 3 0 4 9 2 0 1 4 1 0 5 2 2 3 2 1 1 3 1 729 1 3 1
2 4 3 0 4 1 0 2 13 3 0 0 3 4 4 0 4 3 2 1 3 1 1 1 934 1 1 2
3 1 1 3 0 13 5 2 3 4 2 3 0 3 0 0 8 1 2 3 1 2 2 1 1 1 2 1 920 4 3 1
13 4 4 2 1 2 3 0 0 4 3 0 0 0 1 0 7 3 3 2 3 1 3 1 1 2 1 943 2 1 4
1 3 0 0 2 13 0 2 3 6 1 6 3 4 4 0 0 1 3 1 820 0 0 0
2 9 5 3 2 5 6 13 0 0 7 4 0 1 1 0 9 3 1 3 2 3 1 1 2 3 1 2 1 927 3 2 4
0 0 0 2 0 1 9 4 1 0 13 2 2 2 4 5 6 3 1 2 1 3 1 1 3 1 779 3 1 2
0 3 3 7 0 4 7 7 0 3 13 2 3 1 3 3 0 1 3 1 865 0 0 0
3 4 1 3 5 13 3 3 3 7 9 3 0 0 2 1 6 3 2 3 2 1 2 1 1 1 856 1 3 2
0 2 2 0 3 3 0 1 4 4 13 1 8 3 10 3 4 3 3 2 1 1 3 1 960 1 1 2
4 4 1 1 6 13 2 0 3 6 4 0 0 2 0 0 0 1 3 1 852 0 0 0
0 0 9 1 3 7 6 2 13 8 3 1 3 5 4 0 10 3 1 2 3 2 3 2 1 3 1 1 2 1 918 3 3 4
6 9 3 4 4 13 0 0 1 2 0 0 0 0 0 2 4 3 1 1 2 1 3 1 1004 2 1 1
3 8 2 3 2 4 3 7 5 13 0 1 1 2 0 0 0 1 1 1 941 0 0 0
0 3 0 3 6 2 1 0 13 3 3 1 3 1 5 0 4 3 2 2 1 1 2 1 796 1 2 1
2 0 0 1 3 4 1 3 13 4 6 0 3 10 2 0 3 3 3 2 1 1 1 820 0 1 2
3 13 3 0 5 2 3 2 1 1 5 3 3 4 1 1 8 1 3 2 2 1 2 2 3 1 3 1 922 2 4 2
2 0 0 4 3 5 3 2 0 4 13 3 3 6 1 2 5 1 1 2 1 3 1 3 1 775 3 1 1
1 2 0 0 5 0 0 0 13 2 0 0 4 3 4 3 3 3 2 1 1 1 1 840 1 1 1
7 3 13 5 2 7 0 4 8 3 3 0 0 1 2 0 7 3 3 1 2 3 1 1 1 2 1 724 3 1 3
0 4 1 5 2 3 13 2 0 1 2 3 0 0 1 0 9 2 3 2 1 3 2 3 3 1 1 1 1 856 2 3 4
1 3 3 3 1 7 7 0 13 6 2 0 2 3 1 3 0 1 2 1 827 0 0 0
0 0 2 5 2 2 6 1 3 2 0 13 2 4 1 4 7 1 3 1 1 2 1 3 1 3 1 861 4 1 2
13 2 8 3 2 7 7 1 0 2 5 3 0 3 0 1 0 1 1 1 674 0 0 0
3 1 5 4 13 4 0 3 5 4 3 2 1 1 0 0 1 2 1 2 1 851 0 1 0
0 0 4 3 0 0 4 13 0 0 5 4 3 3 4 1 7 2 2 2 2 1 3 1 1 1 1 911 2 4 1
0 1 2 2 3 3 5 13 0 5 3 1 0 0 0 3 2 1 2 1 3 1 865 1 1 0
1 3 13 5 8 7 3 2 5 1 1 3 3 3 0 2 0 1 2 1 891 0 0 0
13 3 3 5 1 6 1 0 3 3 0 0 2 3 0 0 4 2 3 1 2 1 3 1 867 1 2 1
2 4 2 13 2 7 4 8 0 3 5 1 0 4 3 3 3 3 3 1 1 1 1 928 1 0 2
3 0 0 1 1 4 5 5 4 1 13 2 1 3 2 2 9 2 1 1 2 3 2 1 2 3 1 3 1 636 3 4 2
5 1 3 1 8 13 2 0 5 7 4 3 4 3 2 7 0 1 3 1 820 0 0 0
0 4 8 3 2 0 4 13 4 1 3 2 0 3 0 3 9 1 2 1 2 1 2 3 3 3 1 1 1 793 3 3 3
2 6 4 0 13 6 0 3 4 5 7 1 3 4 3 2 2 1 1 1 2 1 905 2 0 0
0 3 5 3 0 2 13 3 1 4 7 3 3 4 2 4 2 1 3 3 5 0.428571 6 0.285714 7 0.285714 795 1 0 1
2 4 1 0 4 7 4 0 2 6 3 1 6 13 3 2 1 1 1 3 1 622 1 0 0
3 13 2 3 4 6 2 2 5 0 5 2 1 3 0 0 6 1 1 3 2 1 3 1 1 1 1020 3 1 2
0 1 5 0 0 4 5 4 1 2 6 1 7 3 13 8 9 2 3 2 1 3 2 1 3 3 1 2 1 752 2 3 4
6 13 4 2 4 3 3 7 2 4 0 2 0 0 3 0 4 1 3 1 1 1 3 1 959 3 0 1
3 0 0 0 2 5 1 1 13 3 2 0 3 7 4 0 3 3 3 2 1 1 1 737 0 1 2
3 0 0 1 13 3 1 0 2 7 2 3 4 2 0 0 0 1 1 1 745 0 0 0
5 4 3 0 2 13 1 3 3 8 4 3 6 1 0 0 5 3 2 1 2 3 1 3 1 698 1 2 2
3 0 2 3 2 3 4 3 4 13 4 0 1 3 3 0 3 1 2 3 1 1 1 918 1 1 1
2 0 0 3 3 6 2 4 5 8 13 3 3 5 7 4 7 3 1 2 1 2 3 1 1 1 1 861 3 2 2
0 0 0 2 2 0 5 1 0 3 13 3 2 3 3 6 8 3 3 2 1 1 1 3 1 1 2 1 772 4 1 3
0 1 0 2 4 5 0 0 7 6 2 3 13 5 4 0 10 2 1 3 2 1 3 3 3 2 1 1 1 1 827 3 3 4
0 2 0 9 0 8 4 13 1 2 4 8 0 0 1 4 5 3 2 3 1 1 1 2 1 764 2 1 2
3 3 5 1 0 7 13 4 1 9 2 2 0 6 1 3 9 2 1 2 2 3 2 3 3 1 1 1 1 999 2 4 3
1 3 1 4 4 7 13 1 4 6 1 0 0 5 0 2 3 2 3 2 1 2 1 865 0 2 1
3 5 13 3 3 5 8 3 3 4 2 2 3 0 0 0 7 1 1 3 1 1 2 3 1 2 1 720 4 1 2
3 0 2 0 1 5 2 3 0 2 13 5 0 3 5 5 7 3 2 3 2 1 1 1 1 1 1 833 3 2 2
0 3 4 9 0 0 13 8 3 0 3 7 0 0 4 2 7 1 1 2 1 1 2 2 1 3 1 871 4 3 0
4 0 2 3 3 4 1 5 7 6 13 3 3 4 5 2 4 1 2 1 1 1 2 1 940 3 1 0
0 1 0 3 2 8 5 1 3 0 5 13 1 3 6 2 9 2 3 1 1 2 3 3 2 1 1 2 1 834 3 3 3
2 0 6 13 0 4 4 8 0 3 4 5 0 0 3 4 10 3 1 3 1 2 2 3 3 2 1 1 1 1 940 3 3 4
0 0 2 1 2 4 0 3 3 3 6 6 5 1 13 5 1 2 1 1 1 771 0 1 0
1 0 2 2 0 0 3 5 0 0 7 13 6 3 6 4 6 2 1 2 3 3 1 1 1 1 781 2 2 2
1 1 4 2 3 3 3 13 0 4 2 3 3 3 0 0 11 1 1 2 1 2 3 2 3 3 2 3 1 1 1 694 3 4 4
1 0 0 0 3 13 2 2 4 2 5 3 6 3 1 1 4 3 3 1 3 1 2 1 1012 1 0 3
2 4 6 1 3 8 1 5 3 1 4 13 0 0 2 2 3 3 1 3 1 2 1 859 1 0 2
0 2 13 3 2 4 3 4 3 0 3 3 2 0 0 0 4 3 3 1 1 1 1 1 940 2 0 2
1 2 4 2 0 2 8 7 0 0 13 6 0 3 5 5 4 1 3 2 1 1 1 1 772 2 1 1
2 13 1 3 3 5 3 2 1 1 5 0 3 2 4 0 2 2 1 3 6 0.333333 7 0.333333 8 0.333333 776 1 1 0
4 2 6 1 5 13 1 1 2 3 0 1 4 2 0 0 2 3 2 3 8 0.181818 9 0.272727 10 0.545455 866 0 1 1
4 13 9 3 0 0 6 2 7 0 4 4 2 0 1 3 9 2 3 3 2 2 3 1 1 1 1 1 1 981 3 3 3
0 1 2 8 0 0 6 3 3 3 7 2 1 13 4 3 5 2 3 1 3 1 1 2 1 902 2 1 2
1 1 13 3 2 4 1 8 3 3 2 7 0 2 1 3 6 2 1 2 2 3 1 1 3 1 827 2 3 1
8 13 4 2 6 1 3 4 1 3 8 3 4 0 2 3 5 3 1 2 2 1 1 3 1 942 2 2 1
3 7 13 2 4 3 1 3 3 2 0 6 0 1 0 0 4 3 3 1 3 1 2 1 798 1 0 3
3 0 0 0 3 1 4 0 0 5 3 3 13 6 2 3 9 1 2 2 1 2 3 3 1 2 1 1 1 867 3 4 2
3 3 0 0 1 5 5 3 0 4 13 3 3 1 2 2 10 2 1 1 3 2 1 1 3 2 3 1 2 1 775 4 3 3
0 8 0 0 4 4 4 3 1 5 13 1 4 4 2 3 9 1 2 3 1 3 1 2 2 2 1 3 1 801 3 4 2
1 1 0 1 4 3 0 3 7 2 8 5 3 2 13 1 2 2 3 1 2 1 824 0 1 1
8 3 0 0 3 3 1 3 13 4 3 0 3 7 5 2 7 2 2 3 2 3 1 1 1 1 1 674 2 3 2
0 0 2 1 2 0 5 3 0 4 3 13 0 1 4 3 9 2 1 3 3 1 2 3 2 3 1 1 1 934 2 3 4
0 2 0 2 3 4 0 0 7 1 3 0 13 4 1 2 10 3 1 3 3 3 1 2 2 2 1 1 1 1 845 3 3 4
3 6 3 3 0 13 1 1 3 2 2 3 0 3 0 0 8 1 1 2 3 3 1 3 2 1 2 1 1010 3 2 3
2 2 3 6 0 1 6 13 2 0 3 5 0 0 1 1 9 1 2 1 2 3 1 3 3 3 1 2 1 891 3 2 4
0 0 2 6 8 3 3 1 0 13 3 1 4 3 5 3 1 2 1 3 1 922 0 1 0
2 5 0 0 0 1 1 2 2 4 0 3 3 8 13 4 10 1 2 3 3 3 1 1 1 2 3 1 2 1 793 4 2 4
0 1 3 4 2 2 0 13 0 4 7 3 0 2 3 2 8 3 2 1 3 3 1 1 3 1 1 1 728 3 1 4
0 0 1 6 3 0 4 1 0 2 4 13 0 4 4 7 5 1 3 1 2 2 1 2 1 807 2 2 1
3 2 4 3 3 7 13 1 0 4 6 3 0 5 0 1 0 1 2 1 913 0 0 0
0 2 3 1 0 4 5 1 1 0 2 13 0 3 3 4 9 3 2 2 1 2 3 3 1 1 1 2 1 948 3 3 3
0 3 13 10 3 5 2 6 0 1 7 4 0 2 4 1 11 1 2 2 2 3 3 3 2 1 3 1 1 1 1 884 3 4 4
3 2 0 0 6 1 1 0 4 2 3 2 1 13 0 0 1 2 1 1 1 798 0 1 0
3 4 3 4 5 8 13 1 4 4 7 3 3 3 0 0 4 2 2 2 1 1 1 1 956 1 3 0
4 0 2 1 1 5 2 6 1 4 7 3 1 6 13 0 8 1 2 1 2 3 2 3 2 1 3 1 793 2 4 2
1 9 4 2 9 3 13 5 4 1 5 1 0 3 3 3 2 2 2 1 3 1 868 0 2 0
2 0 3 0 3 1 1 2 13 7 5 0 3 9 3 0 2 3 2 1 1 1 907 0 1 1
3 2 1 1 2 6 8 7 5 3 13 1 2 4 0 3 8 1 1 3 3 2 2 1 2 1 3 1 843 3 3 2
4 9 2 3 1 7 13 0 7 4 1 0 3 5 0 2 2 2 1 1 3 1 968 1 1 0
2 0 2 1 5 4 4 8 1 3 6 3 4 2 13 1 1 1 1 2 1 945 1 0 0
3 0 4 1 2 1 1 0 13 4 3 0 1 4 2 0 6 2 1 2 3 3 3 1 2 1 656 1 2 3
2 3 1 0 13 3 8 2 1 9 8 4 3 5 4 3 7 2 1 3 2 3 3 1 1 3 1 753 2 2 3
1 1 13 2 0 3 6 4 1 5 3 2 0 0 1 0 9 3 1 3 3 2 1 2 3 2 1 2 1 862 2 3 4
0 0 2 0 4 5 0 0 5 7 2 0 1 13 1 3 10 1 2 3 1 1 3 2 2 3 1 1 2 1 965 4 3 3
13 2 3 1 3 8 4 0 1 6 4 2 2 0 0 0 4 1 3 3 2 1 1 1 837 1 1 2
6 7 5 4 0 0 5 13 1 3 2 1 0 0 0 4 4 3 2 1 3 1 2 1 659 1 1 2
0 3 3 13 0 2 2 3 0 5 1 1 2 0 4 3 1 1 1 3 1 848 1 0 0
3 1 6 2 0 1 13 2 5 1 4 2 0 4 1 0 7 2 2 2 3 1 1 3 1 3 1 758 2 3 2
3 0 0 0 4 2 3 1 13 1 1 2 1 5 3 0 5 1 3 2 2 2 1 3 1 800 1 3 1
9 13 7 2 3 2 4 5 0 0 3 2 0 0 4 1 2 1 1 1 3 1 771 2 0 0
4 3 5 1 0 5 13 4 2 7 4 3 1 2 0 1 10 3 2 3 1 1 2 3 2 1 3 1 2 1 757 3 3 4
11 13 3 1 2 5 3 5 7 2 4 0 0 1 3 0 1 3 3 5 0.428571 6 0.285714 7 0.285714 1004 0 0 1
2 13 5 1 2 3 1 0 5 3 4 2 7 0 1 0 0 1 3 1 834 0 0 0
3 4 1 0 13 8 5 4 3 5 6 3 1 4 3 3 6 2 3 1 2 2 2 1 1 1 724 1 4 1
2 0 1 0 3 6 3 3 0 13 7 2 2 3 1 3 3 2 1 1 1 3 1 770 2 1 0
1 0 0 4 0 5 0 3 4 1 2 6 3 3 13 9 10 1 2 2 1 1 2 2 3 3 3 1 3 1 873 3 4 3
0 4 3 2 3 4 3 5 2 4 2 13 3 5 4 3 5 2 3 1 1 1 1 1 1 642 3 1 1
3 13 4 2 1 4 5 3 4 0 0 1 0 2 0 0 7 3 3 2 3 1 2 3 1 1 1 784 1 2 4
1 0 0 0 3 4 0 0 2 2 13 3 4 4 6 3 4 3 2 1 3 1 1 1 791 1 1 2
7 4 0 3 13 5 2 0 6 3 4 0 1 4 2 0 3 1 2 1 1 3 1 799 2 1 0
1 0 0 1 3 6 4 2 2 5 13 3 5 3 1 3 4 3 3 2 1 1 2 1 704 1 1 2
1 4 2 6 1 4 4 5 0 0 5 13 0 9 4 2 3 2 1 1 1 2 1 755 2 1 0
6 3 13 1 2 2 3 1 1 5 0 5 3 0 0 6 3 2 1 2 1 3 1 891 1 2 0
3 3 0 0 2 2 5 0 6 3 3 1 1 13 5 2 4 2 3 3 1 1 1 1 842 1 1 2
0 0 3 2 1 1 2 13 4 3 1 4 2 6 8 1 0 1 2 1 747 0 0 0
0 2 0 0 4 1 1 5 2 3 7 5 2 6 13 3 10 1 2 2 1 3 3 1 1 2 3 1 3 1 819 4 3 3
3 1 4 1 5 4 2 0 4 13 0 3 1 0 0 0 5 3 2 2 1 2 1 3 1 906 1 3 1
4 3 13 3 0 7 4 5 0 3 0 3 0 1 2 0 9 1 1 3 2 1 3 2 2 3 1 3 1 762 3 3 3
1 5 3 0 13 4 3 0 8 8 4 2 1 3 2 2 2 1 3 1 3 1 797 1 0 1
1 3 13 2 4 5 3 1 3 3 0 0 0 0 0 2 8 3 3 2 2 1 1 3 3 3 5 0.428571 6 0.285714 7 0.285714 785 2 2 4
1 0 2 0 3 4 3 0 6 3 13 2 5 3 3 2 9 3 3 1 3 1 2 2 1 1 1 3 1 766 4 2 3
1 3 4 4 0 1 4 6 0 0 2 13 2 3 4 2 4 1 3 3 2 1 1 1 801 1 1 2
3 0 1 0 4 3 4 1 13 5 3 0 1 3 2 2 7 1 1 3 3 3 2 2 1 2 1 882 2 2 3
4 4 5 0 2 4 3 0 7 13 4 2 2 5 1 1 6 1 1 3 2 2 1 1 3 1 781 3 2 1
1 4 0 0 3 4 5 3 1 13 2 0 3 2 4 3 5 3 3 2 1 1 1 2 1 784 2 1 2
2 5 2 2 0 1 2 13 1 7 6 8 0 3 1 4 10 2 3 1 1 1 3 3 2 2 3 1 1 1 780 3 3 4
3 2 13 3 1 8 4 1 1 6 3 3 1 0 0 2 9 2 1 3 1 3 2 2 3 2 1 3 1 929 2 4 3
5 3 1 0 13 3 0 3 1 4 8 2 1 5 7 2 3 2 2 1 1 3 1 821 1 2 0
7 2 13 2 3 8 4 8 4 5 4 1 2 1 3 3 9 2 2 3 3 2 1 1 1 3 1 1 1 908 3 3 3
2 3 2 3 6 13 1 2 3 6 3 0 1 3 1 0 2 3 2 1 1 1 859 0 1 1
0 0 4 1 3 1 8 3 3 1 13 2 0 4 5 2 9 2 1 2 2 3 3 1 2 3 1 1 1 647 2 4 3
8 3 0 2 1 4 3 0 13 5 2 0 3 5 0 0 5 3 2 1 2 1 1 1 1 798 2 2 1
0 0 1 0 0 4 2 4 3 4 13 4 2 1 1 7 3 2 2 3 1 1 1 861 0 2 1
0 0 2 2 0 3 0 4 2 1 1 6 0 3 6 13 6 3 3 3 3 2 1 1 1 1 770 1 1 4
3 3 4 6 1 1 7 3 1 3 13 2 6 0 3 0 1 2 1 2 1 959 0 1 0
1 4 1 4 0 5 5 3 1 13 7 2 0 3 2 0 2 2 1 1 2 1 829 1 1 0
3 1 9 3 2 13 6 1 7 2 1 2 3 0 1 0 10 1 2 3 1 3 2 3 2 1 3 1 2 1 939 3 3 4
2 5 2 3 5 13 8 5 1 4 5 2 0 0 3 3 1 1 1 1 1 823 1 0 0
13 3 3 3 4 6 5 0 1 5 3 0 5 2 3 0 9 1 3 1 2 2 1 2 1 2 1 3 1 922 4 4 1
0 3 0 5 2 2 8 5 0 7 13 3 1 4 8 2 2 3 1 1 1 1 717 1 0 1
0 3 3 0 4 0 4 2 1 1 2 5 3 1 3 13 1 3 1 2 1 932 0 0 1
0 0 3 4 1 2 5 1 3 3 6 1 1 6 13 3 4 3 2 2 2 1 3 1 868 0 3 1
6 4 1 4 13 6 0 3 7 2 3 0 3 4 3 0 10 1 1 3 2 2 3 1 3 1 2 1 2 1 741 4 3 3
6 5 7 3 0 1 4 13 3 3 5 3 0 0 4 3 9 2 3 2 1 2 1 2 1 3 1 3 1 898 3 4 2
2 5 3 2 3 4 13 9 1 3 1 0 0 0 3 0 11 2 1 1 3 1 3 2 2 1 2 3 1 3 1 793 4 4 3
2 1 7 2 0 4 4 4 4 1 13 1 2 0 0 1 0 1 2 1 813 0 0 0
3 8 4 7 3 13 2 1 1 5 4 3 2 0 0 0 9 1 3 1 3 2 2 2 1 3 1 3 1 1042 3 3 3
0 2 0 0 3 1 4 0 13 3 3 2 3 2 4 1 10 3 2 1 1 2 3 1 3 1 2 1 3 1 933 4 3 3
1 4 3 0 3 6 2 2 5 13 4 1 1 3 3 0 10 3 2 1 1 2 3 2 1 2 3 1 3 1 1002 3 4 3
0 3 13 6 1 6 4 3 2 3 2 1 0 0 2 1 4 2 3 3 3 1 1 1 786 0 1 3
2 5 1 3 4 13 3 2 3 1 2 3 0 2 3 0 6 2 1 1 1 2 3 1 1 1 850 3 2 1
0 1 3 6 0 1 13 4 0 5 4 3 3 4 2 3 0 1 2 1 875 0 0 0
0 0 3 3 0 4 2 6 2 0 1 13 0 4 6 1 11 1 1 3 1 2 2 2 3 2 3 1 1 3 1 901 4 4 3
2 3 5 4 1 8 6 13 0 3 1 8 0 0 2 2 7 3 2 3 1 3 1 1 1 2 1 775 3 1 3
3 4 2 3 3 6 8 0 3 13 1 8 2 3 6 0 2 1 2 1 1 1 913 1 1 0
2 0 8 0 3 3 1 0 1 5 13 0 2 2 1 2 5 1 3 3 2 1 1 3 1 902 2 1 2
3 1 3 8 2 5 13 0 2 6 4 3 3 3 0 0 5 3 3 1 1 2 3 7 0.285714 8 0.285714 9 0.428571 1007 2 1 2
3 1 0 0 13 4 0 1 4 8 4 2 5 3 3 0 1 2 1 3 1 777 0 1 0
2 3 7 3 13 3 4 2 8 3 3 0 2 4 1 1 8 3 1 2 1 2 3 1 3 1 3 1 851 3 2 3
3 2 3 1 13 6 1 0 3 6 0 0 2 3 5 3 1 1 1 2 1 868 1 0 0
1 0 2 3 1 13 3 0 4 6 3 0 4 2 5 1 3 2 1 2 1 3 1 818 1 2 0
2 3 5 3 3 13 6 4 1 3 4 2 0 1 2 3 0 1 1 1 676 0 0 0
2 3 5 1 5 13 3 0 4 6 7 0 1 2 6 7 5 2 2 3 1 3 1 1 1 918 1 2 2
2 13 1 1 2 7 5 2 3 4 3 0 0 3 1 0 8 1 1 3 2 1 3 2 3 1 2 1 954 3 2 3
0 4 4 3 1 2 8 13 0 3 3 3 0 0 0 3 1 3 1 3 1 775 0 0 1
1 7 6 1 1 5 6 3 13 5 2 0 3 4 2 0 11 2 1 3 2 2 3 1 1 2 3 3 3 4 0.545455 5 0.272727 6 0.181818 942 3 4 4
3 2 4 13 0 4 2 1 3 1 4 3 0 0 1 0 9 2 2 2 1 1 1 3 3 2 1 3 1 814 3 4 2
0 1 3 1 4 3 3 8 6 5 13 2 3 2 9 3 1 1 1 2 1 844 1 0 0
0 5 13 1 3 5 4 8 0 4 6 3 1 3 2 2 9 1 2 2 3 3 3 1 1 3 1 2 1 859 3 2 4
2 4 0 0 3 5 1 2 13 4 0 0 1 4 1 0 0 1 2 1 929 0 0 0
3 5 2 2 0 0 4 13 3 1 4 6 0 3 0 1 10 2 1 2 3 3 2 1 1 3 1 1 2 1 818 4 3 3
4 3 4 1 4 4 13 6 2 1 2 4 0 3 0 2 7 2 3 1 3 1 3 1 1 2 1 994 3 1 3
4 0 3 0 1 13 6 0 5 4 0 0 2 0 9 3 4 3 1 1 2 1 2 1 759 2 1 1
3 1 7 3 1 2 4 13 5 4 8 5 1 4 6 2 7 3 3 2 2 1 1 2 1 3 1 992 2 3 2
0 1 0 2 1 3 6 3 1 6 13 5 5 4 6 2 2 3 2 3 6 0.333333 7 0.333333 8 0.333333 775 0 1 1
0 4 1 0 0 5 7 2 3 13 5 0 2 2 6 1 8 2 1 2 1 1 3 3 3 1 3 1 970 3 2 3
3 13 4 3 2 5 3 1 3 3 0 0 0 0 0 1 1 2 1 3 1 714 0 1 0
7 0 3 0 1 3 5 2 1 13 2 1 3 1 9 4 8 2 2 1 3 3 2 2 1 1 3 1 876 2 4 2
1 4 2 3 13 6 4 0 2 8 5 3 1 4 1 0 1 3 1 2 1 812 0 0 1
3 2 3 0 4 4 5 0 4 13 3 0 5 8 3 3 0 1 1 1 768 0 0 0
0 1 5 1 0 3 3 3 2 2 13 1 0 4 9 2 5 1 1 2 2 3 1 3 1 887 2 2 1
3 13 4 4 5 4 6 0 4 0 0 0 0 3 0 0 9 2 2 1 1 3 1 2 3 2 1 1 1 978 3 4 2
1 4 3 4 6 13 5 0 2 6 4 1 4 0 0 3 3 1 3 2 1 2 1 957 1 1 1
1 4 13 1 5 3 6 5 0 2 2 3 3 0 0 2 6 3 2 1 3 3 1 3 4 0.545455 5 0.272727 6 0.181818 776 2 1 3
0 2 6 4 1 3 4 2 6 2 8 1 1 0 8 13 11 1 3 3 2 2 2 3 1 1 1 2 1 3 1 854 4 4 3
0 4 2 0 1 3 1 0 3 4 3 3 4 2 13 9 11 3 2 2 3 2 1 1 1 2 1 3 1 3 1 854 4 4 3
2 5 13 4 1 6 6 3 2 5 3 1 3 0 0 0 7 1 2 2 1 2 3 1 1 3 1 877 3 3 1
2 3 1 4 2 7 13 3 4 4 7 0 3 3 0 0 9 2 1 1 1 3 2 3 1 2 1 3 1 697 4 3 2
0 0 0 2 1 2 5 0 3 3 8 2 8 1 5 13 1 3 1 1 1 998 0 0 1
0 0 2 7 1 4 3 1 2 3 3 4 4 5 13 5 0 1 3 1 767 0 0 0
2 2 5 3 1 6 8 1 3 13 4 0 3 4 1 2 5 1 3 2 2 1 1 3 1 696 2 2 1
5 3 5 13 3 1 3 2 0 0 5 2 0 0 0 1 7 1 2 2 3 1 1 2 1 3 1 789 3 3 1
3 2 8 6 6 13 3 2 3 4 1 3 2 1 1 0 9 2 3 3 1 3 2 1 2 1 1 3 1 830 3 3 3
0 3 2 0 7 3 4 3 1 5 2 0 13 3 2 1 7 1 2 3 3 1 1 2 1 3 1 843 3 2 2
3 1 0 2 4 1 3 3 4 6 13 9 2 4 6 1 7 1 2 2 2 1 2 1 1 3 1 1003 3 4 0
3 13 1 4 6 6 4 2 4 0 3 0 2 0 0 0 0 1 1 1 1086 0 0 0
0 3 0 0 5 2 0 0 4 5 4 3 4 13 1 0 7 1 1 2 1 2 2 3 1 3 1 815 3 3 1
0 1 3 2 2 7 5 6 5 4 4 5 3 5 13 1 11 2 3 3 1 1 3 2 1 2 1 3 1 2 1 934 4 3 4
2 3 7 1 0 4 13 3 0 2 3 3 1 2 1 3 5 1 3 1 2 3 1 2 1 814 2 1 2
4 2 3 2 3 8 13 0 5 3 1 1 4 0 0 1 9 2 3 3 1 2 1 1 2 2 1 3 1 961 3 4 2
2 4 4 0 13 3 0 0 3 4 0 3 4 4 0 0 9 1 2 3 1 3 1 2 1 3 1 2 1 1048 4 2 3
0 0 3 0 3 0 4 3 4 4 2 3 3 13 4 1 8 2 3 2 1 1 3 1 3 1 2 1 907 3 2 3
4 2 0 0 3 1 4 0 2 4 1 2 3 13 5 3 7 3 2 1 1 3 2 1 3 7 0.285714 8 0.285714 9 0.428571 837 3 2 2
0 2 3 4 7 3 5 5 2 13 1 4 3 0 1 0 10 1 2 2 3 1 3 1 3 1 2 1 2 1 924 4 3 3
0 2 0 0 2 4 7 2 1 1 3 2 0 13 5 1 10 1 3 1 3 2 3 1 2 2 3 1 1 1 759 3 3 4
3 7 13 8 2 3 7 1 0 0 3 3 0 0 3 5 8 2 3 3 3 1 2 1 2 1 1 1 1001 2 3 3
2 0 1 0 4 3 5 4 5 13 2 1 1 2 2 4 1 3 1 1 1 952 0 0 1
3 1 3 2 5 6 0 0 13 3 0 0 4 6 0 2 1 3 1 1 1 686 0 0 1
0 1 6 1 0 0 9 5 2 2 8 3 3 13 7 4 11 3 1 1 2 1 2 3 2 3 3 1 1 2 1 781 4 3 4
3 5 2 4 3 6 13 3 3 1 3 3 0 0 3 0 11 1 3 2 1 1 2 3 1 2 2 3 1 3 1 890 4 4 3
1 0 0 0 4 3 3 2 6 7 8 4 4 13 4 1 3 2 3 3 3 4 0.545455 5 0.272727 6 0.181818 992 0 1 2
0 3 3 0 2 2 5 3 0 4 7 6 9 13 3 1 3 1 1 2 1 3 1 958 2 1 0
6 5 4 1 2 13 2 3 3 6 3 1 1 2 7 3 4 3 2 1 2 1 1 1 795 1 2 1
5 13 8 9 2 7 5 1 1 0 5 4 0 0 2 0 8 2 3 1 2 3 3 1 2 1 1 1 778 2 3 3
0 0 1 0 0 3 2 3 3 2 4 13 0 3 4 4 0 1 1 1 944 0 0 0
3 1 3 0 4 3 13 3 6 2 0 1 4 2 3 0 10 3 2 2 1 2 3 3 1 1 2 1 1 1 836 3 4 3
0 1 0 0 0 0 2 8 4 0 6 13 3 3 1 4 0 1 2 1 805 0 0 0
3 0 0 4 0 4 1 2 1 8 3 2 2 13 6 3 6 3 1 2 1 2 1 1 3 1 908 3 2 1
0 0 1 1 3 4 3 3 2 3 1 2 2 4 13 5 7 1 2 2 3 3 1 2 1 1 1 724 2 3 2
3 13 3 6 5 5 7 0 2 1 3 3 1 0 0 0 7 2 2 3 1 2 1 3 3 6 0.333333 7 0.333333 8 0.333333 780 2 3 2
0 0 6 3 1 0 1 2 3 5 7 8 4 2 4 13 8 1 1 3 3 2 2 3 2 1 1 1 880 2 3 3
0 3 0 0 0 2 6 0 0 13 3 0 4 3 5 4 0 1 1 1 961 0 0 0
4 6 4 0 5 1 3 7 13 2 2 0 3 5 0 1 11 1 3 3 3 3 1 1 2 2 2 1 1 2 1 761 4 3 4
3 5 13 1 1 5 4 8 4 9 3 2 0 1 7 2 2 2 1 1 2 1 883 1 1 0
2 0 4 6 1 1 1 3 3 13 2 0 1 3 3 0 3 3 2 2 1 3 1 862 0 2 1
0 5 2 3 3 1 4 3 0 6 13 6 0 3 3 1 1 3 1 2 1 862 0 0 1
2 0 0 0 3 1 4 7 4 0 3 0 4 3 13 0 6 3 2 1 3 2 1 3 5 0.428571 6 0.285714 7 0.285714 931 2 2 2
3 3 2 2 1 2 13 3 6 5 1 1 2 0 0 4 2 1 2 1 1 1 648 1 1 0
2 2 4 3 3 5 13 2 1 4 1 1 0 4 5 0 2 3 3 1 3 1 738 0 0 2
0 0 1 0 3 0 0 7 2 4 3 4 3 6 13 1 4 3 2 1 3 1 2 1 735 1 1 2
0 0 0 1 0 0 2 4 3 5 3 5 1 1 2 13 10 3 2 2 3 1 1 3 2 3 1 1 2 1 809 3 3 4
1 1 0 0 2 3 2 4 0 1 7 13 3 2 6 2 3 1 1 3 1 2 1 825 2 0 1
2 6 2 3 1 13 8 2 0 6 3 3 0 3 0 2 4 3 3 1 1 1 1 1 787 2 0 2
0 2 0 1 1 4 7 2 0 4 7 13 9 7 2 3 3 1 1 2 1 3 1 867 2 1 0
1 0 0 3 3 2 1 4 0 5 2 5 3 4 13 3 11 1 2 2 3 3 3 1 2 1 2 1 1 3 1 804 4 4 3
4 3 13 1 3 7 8 3 1 6 2 4 0 2 1 1 4 2 3 3 2 1 3 1 803 0 2 2
0 0 3 1 0 2 0 1 5 6 6 1 3 2 13 3 9 2 1 1 2 1 3 2 2 3 1 3 1 772 3 4 2
3 5 4 1 13 8 1 2 1 4 2 2 4 0 0 0 7 2 2 1 3 3 3 1 1 3 1 788 2 2 3
2 0 0 0 4 1 7 0 4 5 3 1 3 13 5 8 5 3 1 3 3 2 1 2 1 885 1 1 3
3 4 6 2 7 13 2 2 0 1 9 0 3 0 4 0 6 3 1 1 1 2 1 1 2 1 875 4 1 1
2 2 2 8 3 13 5 2 3 4 1 0 6 0 3 0 8 3 1 1 2 3 3 3 1 1 1 1 837 3 1 4
3 3 2 13 0 1 4 3 1 3 1 2 2 4 3 0 5 1 2 1 3 2 1 3 1 816 2 2 1
3 0 0 0 3 3 1 0 13 2 0 2 1 5 3 0 11 1 2 1 2 3 3 3 1 1 2 3 1 2 1 812 4 3 4
0 1 0 0 1 4 3 8 3 4 7 2 5 13 3 5 10 3 2 2 3 3 1 1 2 1 2 1 3 1 855 3 4 3
0 6 8 13 0 6 3 2 7 4 0 3 0 3 0 1 2 1 3 1 2 1 893 1 0 1
1 3 1 13 0 5 4 2 0 1 4 2 0 0 3 6 10 3 2 1 2 3 3 1 2 3 1 1 2 1 845 3 3 4
0 0 3 0 2 5 1 3 1 2 3 13 5 1 7 3 3 3 3 3 1 2 1 857 0 0 3
7 1 1 3 8 3 4 2 1 2 5 3 1 13 3 4 4 2 2 3 1 1 2 1 816 1 2 1
4 3 2 1 3 13 3 0 3 4 1 0 7 8 3 0 10 2 1 2 3 3 1 2 3 2 3 1 1 1 718 2 4 4
0 3 4 2 0 2 5 13 1 3 5 8 4 3 7 4 5 1 3 1 2 3 3 5 0.428571 6 0.285714 7 0.285714 806 2 1 2
0 2 8 3 0 0 13 1 3 6 1 4 3 2 0 5 5 1 2 2 1 2 1 1 1 1007 2 3 0
0 2 3 0 1 4 2 3 3 13 4 7 3 4 10 3 7 3 1 2 3 1 1 2 1 3 1 866 3 2 2
0 2 4 8 3 5 4 3 0 4 3 13 1 3 1 5 0 1 2 1 879 0 0 0
1 3 5 3 2 7 8 13 0 3 4 3 0 0 1 3 5 3 2 1 2 1 1 2 1 845 2 2 1
0 3 2 3 3 3 5 1 0 1 4 13 0 0 3 1 1 2 1 2 1 878 0 1 0
2 8 4 13 4 3 1 2 0 9 4 3 1 2 2 0 6 1 3 1 2 3 1 1 3 1 989 3 1 2
0 5 1 5 2 6 4 1 0 3 13 4 1 4 5 4 6 2 3 1 3 3 2 1 2 1 1047 1 2 3
6 13 3 1 1 3 6 3 8 4 4 2 2 1 2 0 4 2 3 1 3 1 3 1 885 1 1 2
3 3 6 0 3 13 3 2 1 4 3 1 2 2 6 1 5 3 2 3 1 2 1 1 1 781 1 2 2
3 1 4 1 0 2 13 5 9 3 5 3 0 0 8 3 5 3 3 1 2 2 1 3 1 743 1 2 2
0 4 3 0 1 2 4 4 3 2 13 5 1 6 1 3 9 3 2 3 1 1 3 2 1 2 1 2 1 775 3 3 3
0 4 2 2 1 5 2 2 1 4 13 3 3 2 3 1 6 3 3 3 1 2 1 1 1 1 875 2 1 3
0 3 4 0 0 0 5 2 0 5 8 3 1 1 13 9 9 3 3 1 3 2 2 2 1 1 1 2 1 898 3 3 3
0 2 3 0 1 3 6 7 4 1 3 4 7 13 2 4 9 3 3 1 1 3 3 1 2 2 1 2 1 966 3 2 4
5 3 0 0 13 5 0 0 3 6 5 3 4 2 3 1 0 1 3 1 782 0 0 0
2 3 3 0 3 6 4 0 1 5 1 0 7 13 3 2 11 3 2 1 1 2 3 3 3 2 2 1 1 1 1 857 3 4 4
0 0 3 0 1 13 3 2 4 6 4 3 2 3 7 2 6 1 1 3 1 2 2 1 1 1 937 3 2 1
0 1 5 3 0 4 4 1 2 0 5 13 9 2 5 3 8 2 1 1 2 3 2 1 3 1 3 1 769 3 3 2
2 3 5 9 1 2 13 2 3 7 6 4 1 3 1 3 6 2 3 1 2 1 3 1 3 1 978 2 2 2
3 5 5 13 0 4 6 3 1 2 1 7 0 3 0 0 1 3 1 2 1 852 0 0 1
0 13 4 2 1 9 2 3 2 3 1 1 0 1 4 3 7 3 3 2 1 2 1 3 1 2 1 726 2 2 3
0 1 2 1 0 7 6 5 0 1 6 4 4 6 13 2 4 2 1 3 3 1 2 1 1038 1 1 2
0 1 3 1 2 8 13 7 0 3 9 4 0 1 4 5 3 2 2 1 1 2 1 810 1 2 0
3 13 3 2 2 8 5 7 3 6 1 3 4 2 0 0 7 1 3 1 3 3 3 1 1 2 1 859 3 0 4
0 5 1 1 0 5 6 2 0 3 3 13 3 0 4 3 0 1 2 1 809 0 0 0
3 13 3 4 3 5 2 3 0 1 7 2 0 3 3 0 5 3 3 3 2 1 1 1 1 901 1 1 3
4 5 10 5 3 3 13 3 0 6 3 4 0 1 3 5 3 1 2 2 1 3 1 890 1 2 0
0 4 2 0 4 3 3 2 1 13 5 7 1 1 6 3 6 3 2 1 3 1 2 1 2 1 855 2 2 2
0 0 2 1 0 2 5 0 4 13 1 1 2 4 4 2 8 3 1 1 2 3 3 3 2 1 1 1 846 2 2 4
2 4 0 0 6 5 3 0 3 13 5 3 5 8 1 1 5 3 1 2 2 1 1 2 1 791 2 2 1
2 3 5 3 1 13 1 0 0 3 4 1 2 0 0 0 3 2 1 3 1 2 1 749 1 1 1
1 4 2 5 2 8 13 9 1 3 8 4 0 0 8 1 0 1 2 1 822 0 0 0
3 2 0 0 1 4 5 3 4 4 2 0 2 13 3 4 7 3 1 2 1 3 1 2 1 1 1 699 3 2 2
0 0 0 4 4 1 4 3 3 0 0 13 0 3 5 2 7 1 2 2 1 1 1 2 1 2 1 972 4 3 0
3 0 1 0 2 4 5 4 13 6 5 0 1 5 3 3 7 2 2 1 1 3 2 3 1 3 1 689 2 3 2
2 13 1 1 8 3 3 3 4 0 6 4 2 3 0 0 11 1 2 2 3 3 1 2 3 3 1 2 1 1 1 797 3 4 4
1 3 2 4 9 6 4 1 13 3 1 1 4 0 3 0 5 2 2 2 2 1 3 6 0.333333 7 0.333333 8 0.333333 833 1 4 0
0 2 6 3 3 3 0 5 0 4 13 5 8 1 3 4 7 1 3 2 1 3 2 2 1 1 1 915 2 3 2
0 5 2 1 4 3 2 0 4 13 6 0 5 9 3 1 11 2 3 1 1 1 3 3 2 3 1 2 1 2 1 822 4 3 4
5 5 3 0 13 3 2 0 4 1 0 2 3 3 0 0 7 2 1 1 1 1 3 2 1 2 1 967 4 2 1
2 0 2 0 7 3 1 3 1 13 2 1 1 3 2 3 7 1 3 3 3 1 3 2 1 2 1 991 2 1 4
2 3 3 1 0 0 6 13 3 4 6 3 3 6 3 2 6 2 3 1 1 2 3 1 1 1 788 2 2 2
1 3 7 3 3 5 8 13 2 3 4 6 2 4 1 2 10 2 1 1 1 3 1 3 3 2 3 1 2 1 1030 4 2 4
2 3 0 0 3 4 3 0 13 5 0 2 1 5 4 0 7 2 2 3 1 3 1 3 1 1 1 817 2 2 3
1 4 2 0 3 7 3 1 7 4 3 0 13 4 0 2 6 1 3 2 3 1 2 1 3 1 851 2 2 2
5 3 1 2 13 5 4 0 5 6 3 0 2 4 3 0 6 3 1 1 3 3 3 1 2 1 839 2 0 4
0 0 2 3 3 4 3 4 13 5 1 0 2 7 2 3 8 2 1 3 3 3 2 1 1 1 1 1 918 3 2 3
0 1 2 5 0 0 2 13 0 4 5 4 3 1 0 3 11 2 3 1 3 1 2 1 2 2 3 1 1 3 1 804 4 4 3
1 5 3 2 3 5 7 13 0 1 3 4 0 0 2 1 6 2 1 1 3 3 2 1 2 1 754 2 2 2
4 2 1 4 0 13 3 3 4 1 1 6 2 0 3 0 3 1 3 2 1 2 1 759 1 1 1
4 0 0 3 2 5 2 0 13 4 2 0 3 7 6 3 2 1 1 1 1 1 978 2 0 0
4 2 7 5 0 3 13 1 0 0 0 4 2 0 0 2 7 3 3 1 2 1 1 2 1 1 1 857 3 2 2
0 0 1 0 6 3 0 3 13 4 5 1 1 7 2 2 10 1 3 1 2 2 2 3 1 3 3 1 2 1 731 3 3 4
2 2 3 1 1 3 13 4 0 1 4 3 0 3 1 3 6 1 2 2 1 2 2 1 3 1 981 2 4 0
3 1 4 3 1 1 4 13 0 3 3 8 0 2 2 5 10 1 2 1 3 3 3 1 3 2 2 1 2 1 825 3 3 4
3 13 2 3 4 3 7 3 3 3 6 1 0 2 1 0 11 3 3 1 2 3 2 1 2 2 3 1 1 1 1 833 3 4 4
3 7 2 0 2 6 4 3 13 3 5 0 6 3 0 0 1 1 1 1 1 889 1 0 0
1 0 0 0 3 0 4 0 0 1 3 2 3 4 13 4 7 1 2 3 3 2 1 2 1 3 1 897 2 3 2
3 3 1 0 6 13 6 3 2 8 3 4 6 1 2 0 11 2 1 1 3 2 3 3 2 3 1 2 1 1 1 802 3 4 4
0 5 1 3 0 13 4 3 7 3 8 1 0 0 2 3 0 1 2 1 852 0 0 0
1 9 0 3 3 4 2 6 0 3 13 4 3 4 1 5 0 1 2 1 738 0 0 0
3 5 2 0 4 13 7 0 3 3 0 0 2 3 1 3 4 1 1 3 2 1 3 1 758 2 1 1
3 1 3 5 13 4 4 0 3 2 0 2 4 2 3 0 8 1 2 1 1 2 3 3 3 1 1 1 705 3 2 3
2 3 4 0 13 6 4 0 2 6 1 1 2 0 0 3 5 3 1 3 2 1 3 4 0.545455 5 0.272727 6 0.181818 1043 2 1 2
0 0 0 2 1 4 2 3 3 4 7 3 13 3 4 3 2 1 2 1 1 1 862 1 1 0
1 5 3 1 3 1 2 13 0 2 5 3 0 0 3 9 2 1 2 1 2 1 812 1 1 0
1 0 0 3 0 0 2 4 3 0 13 6 1 3 3 2 1 3 1 3 1 879 0 0 1
4 13 1 1 5 6 4 0 3 3 5 0 9 2 0 0 0 1 2 1 855 0 0 0
2 1 1 3 7 5 13 1 5 8 2 5 0 6 1 2 8 2 3 1 2 3 3 1 2 3 7 0.285714 8 0.285714 9 0.428571 938 2 3 3
0 1 0 4 8 1 0 3 2 5 4 2 0 4 13 3 11 3 3 2 3 1 3 2 1 1 2 2 1 1 1 787 3 4 4
2 3 3 3 3 5 13 0 4 6 7 2 1 1 0 1 10 3 1 2 3 1 3 1 2 3 2 1 2 1 890 3 3 4
2 4 13 9 2 9 1 5 5 3 0 1 4 1 3 0 5 2 1 3 2 2 1 1 1 865 1 3 1
0 0 1 3 1 3 2 2 9 6 13 8 3 4 6 1 9 2 2 3 1 3 1 1 2 3 1 2 1 643 3 3 3
0 0 2 0 0 2 5 1 4 13 6 3 3 2 1 4 5 2 1 1 3 2 1 1 1 838 2 2 1
1 2 0 0 1 3 0 4 0 2 1 6 1 9 13 8 5 3 1 2 2 3 1 2 1 781 1 2 2
3 0 5 1 3 6 1 3 0 4 2 4 0 5 13 5 1 2 1 3 1 826 0 1 0
3 3 13 3 3 5 7 5 0 0 4 4 3 0 0 2 3 2 1 1 1 3 1 854 2 1 0
5 2 3 3 3 13 8 0 4 1 4 3 1 0 2 0 11 1 3 3 2 1 1 3 1 3 2 2 1 2 1 836 4 3 4
3 1 13 1 7 2 4 5 0 5 2 2 0 3 1 8 10 1 2 1 3 1 1 3 2 3 2 1 2 1 887 4 3 3
6 2 4 1 13 0 0 0 4 3 0 1 1 3 0 0 6 1 3 1 2 2 2 1 2 1 959 2 3 1
2 2 8 13 0 5 6 7 2 1 4 4 0 8 0 3 4 1 1 1 2 1 3 1 804 3 1 0
8 4 4 2 3 13 2 0 2 7 7 0 0 1 1 0 4 3 3 3 1 1 3 1 863 1 0 3
3 3 3 4 5 8 13 3 2 3 5 5 1 0 0 3 9 3 1 3 2 1 3 3 2 1 1 2 1 829 3 2 4
2 0 0 0 5 1 8 2 13 7 4 0 1 0 3 1 0 1 2 1 926 0 0 0
0 3 0 2 2 3 3 4 4 5 6 3 2 3 13 1 7 2 2 3 1 1 1 1 1 3 1 835 4 2 1
1 1 0 0 4 0 3 0 2 4 1 2 2 13 4 4 11 3 2 2 3 1 1 2 3 3 1 2 1 1 1 881 3 4 4
3 0 0 3 2 1 4 2 4 13 2 0 2 7 3 0 3 1 3 1 1 1 1 718 2 0 1
4 13 1 0 3 7 4 0 5 0 1 2 3 0 0 0 3 2 3 2 1 1 1 853 0 2 1
1 6 2 6 3 13 3 7 2 2 1 4 2 0 6 2 3 1 1 3 1 1 1 912 2 0 1
4 3 4 1 2 13 5 2 0 1 4 3 0 3 0 3 11 3 3 1 2 2 1 1 1 3 2 2 1 3 1 820 4 4 3
0 3 0 2 3 2 5 1 0 6 13 1 2 4 2 3 5 1 3 2 1 3 1 1 1 964 2 1 2
1 3 4 4 4 6 13 0 0 4 5 3 1 2 0 0 9 1 2 2 3 3 2 1 3 1 1 2 1 892 3 3 3
3 1 0 3 2 5 1 1 3 13 6 0 2 2 3 0 10 1 2 3 3 1 2 1 2 2 3 1 1 1 831 3 4 3
2 4 3 1 13 1 4 0 4 6 2 1 4 3 2 0 9 3 1 3 3 1 2 3 2 1 1 2 1 873 3 2 4
2 2 1 0 4 5 3 1 3 8 5 0 13 7 3 0 9 1 2 2 3 2 3 3 1 3 1 1 1 938 2 3 4
5 13 3 3 3 1 2 2 3 0 5 0 3 0 0 0 7 3 1 3 2 1 3 2 1 1 1 1011 2 2 3
2 5 4 1 13 4 3 3 3 4 4 6 3 0 3 0 11 1 1 3 1 2 1 3 3 3 2 2 1 2 1 729 4 3 4
4 0 1 6 7 1 13 3 1 4 2 4 0 2 0 2 5 2 2 1 3 1 1 3 1 759 2 2 1
5 3 0 0 9 13 3 3 3 2 3 0 1 1 7 3 0 1 2 1 773 0 0 0
0 0 1 2 0 6 3 2 3 3 8 7 4 2 13 3 3 1 3 1 3 8 0.181818 9 0.272727 10 0.545455 791 2 0 1
0 0 0 3 3 4 3 1 2 6 13 4 3 4 1 5 6 3 2 2 2 1 3 1 1 1 941 1 3 2
0 5 0 3 2 3 2 4 1 5 13 2 0 3 1 3 5 1 1 3 2 2 1 1 1 774 2 2 1
2 3 13 1 1 8 6 5 4 7 2 4 0 2 0 2 7 2 1 3 1 3 3 1 1 3 1 670 3 1 3
0 3 3 0 2 4 13 3 1 8 9 6 4 5 2 3 9 3 1 2 1 3 1 2 2 1 1 3 1 852 4 3 2
2 3 0 2 3 4 1 3 6 7 13 4 4 4 3 2 5 1 2 1 3 3 1 1 1 806 2 1 2
1 3 2 2 3 0 5 13 0 4 4 3 0 0 1 3 3 2 1 2 1 1 1 781 1 2 0
4 5 4 3 3 13 1 0 4 5 3 2 2 0 1 0 6 3 2 3 3 1 1 1 2 1 885 2 1 3
3 1 6 4 0 2 4 13 1 4 4 3 0 6 2 7 5 1 2 3 2 1 1 3 1 696 2 2 1
5 13 3 2 4 0 5 3 3 0 0 0 0 1 0 0 2 1 2 1 3 1 937 1 1 0
0 4 0 1 0 1 2 3 4 7 13 3 3 3 2 3 0 1 3 1 816 0 0 0
1 1 3 1 6 7 5 13 3 3 2 4 0 0 2 1 5 2 3 2 1 2 1 3 1 929 1 3 1
2 8 7 1 3 3 5 13 3 3 6 5 0 1 0 0 7 2 2 3 1 1 2 3 3 7 0.285714 8 0.285714 9 0.428571 929 2 3 2
7 5 3 3 3 3 5 13 2 6 7 1 0 3 1 0 10 1 3 2 2 1 2 3 2 1 3 1 3 1 726 3 4 3
1 1 3 5 2 0 13 4 0 4 1 4 0 0 6 7 4 2 2 2 1 1 3 1 921 1 3 0
1 5 3 0 1 4 3 2 13 4 0 1 4 2 4 0 5 1 3 2 2 1 1 2 1 815 2 2 1
2 0 1 0 4 0 5 0 7 3 3 1 5 13 2 3 0 1 3 1 712 0 0 0
3 5 13 7 1 3 3 5 5 3 4 3 1 0 0 1 5 2 2 1 2 2 1 3 1 925 1 4 0
3 4 0 0 2 3 2 2 1 4 5 4 3 1 13 9 0 1 1 1 835 0 0 0
1 3 7 0 2 2 4 1 13 6 5 3 3 1 3 2 3 1 2 3 1 3 1 1011 1 1 1
1 6 2 0 2 4 5 9 0 8 13 5 0 4 1 1 10 3 3 2 2 2 1 3 1 1 3 1 2 1 915 3 3 4
13 8 4 2 3 7 3 1 7 5 4 0 1 0 0 0 5 1 2 3 2 3 1 3 1 757 1 2 2
1 1 5 2 3 1 13 9 4 6 4 3 0 2 1 0 9 2 3 2 3 3 1 1 3 2 1 2 1 788 2 3 4
0 2 3 1 0 6 3 2 1 1 8 2 1 2 3 13 9 1 2 3 1 3 2 2 1 3 1 3 1 699 3 3 3
2 4 13 7 0 2 4 5 1 5 3 1 0 0 1 1 7 2 3 3 2 1 3 2 1 3 1 857 1 3 3
2 3 4 1 5 5 13 4 3 7 2 0 0 5 0 1 8 2 3 2 1 3 1 2 3 1 1 1 851 2 3 3
5 1 0 0 1 3 7 3 4 4 13 6 2 6 1 3 6 3 2 2 3 3 2 1 1 1 979 0 3 3
1 0 2 0 4 2 3 0 1 3 13 1 4 6 1 3 8 1 3 3 2 3 2 3 2 3 4 0.545455 5 0.272727 6 0.181818 772 1 3 4
1 1 4 0 0 4 2 3 0 4 13 5 3 2 6 3 3 1 2 3 1 3 1 724 1 1 1
4 5 1 2 1 3 4 3 13 1 3 2 0 2 0 0 11 1 2 3 3 2 3 3 2 2 1 1 1 1 1 891 3 4 4
0 1 0 4 4 5 1 2 2 9 13 10 4 4 1 2 9 3 2 2 1 1 2 3 3 3 1 1 1 858 2 3 4
6 1 3 5 3 13 4 0 4 2 3 2 3 0 1 0 8 3 2 2 2 1 3 1 1 1 3 1 966 3 3 2
4 13 5 2 3 5 6 1 0 3 3 0 2 0 1 0 9 1 3 3 3 1 3 1 2 2 1 2 1 808 3 2 4
3 5 13 5 0 1 1 0 0 2 4 3 2 0 0 0 2 3 2 1 1 1 761 0 1 1
1 3 2 4 5 3 4 3 9 0 3 13 0 3 3 5 10 1 2 2 1 2 3 3 1 1 3 1 2 1 852 4 3 3
13 2 8 3 8 6 3 0 2 0 7 0 1 0 0 0 6 3 3 2 2 1 1 1 1 1 842 2 2 2
4 0 0 0 4 13 0 0 5 6 3 2 3 5 3 0 3 1 3 2 1 1 1 931 1 1 1
4 13 4 3 0 4 7 5 0 2 5 0 3 0 9 0 4 1 2 3 1 1 3 1 793 2 1 1
0 2 8 3 3 7 5 3 4 13 3 5 1 0 1 0 9 2 1 3 2 1 3 2 1 2 1 3 1 804 3 4 2
4 8 4 2 3 13 5 3 7 1 4 3 1 0 3 0 2 3 3 1 2 1 900 0 0 2
4 5 4 3 1 1 13 2 2 4 3 0 0 2 0 3 4 1 1 2 2 1 1 1 914 2 2 0
7 3 4 3 2 5 7 5 13 4 3 3 2 1 1 0 2 1 2 1 3 1 998 1 1 0
3 4 2 0 4 13 4 1 7 3 3 4 2 0 6 3 2 3 1 1 3 1 721 1 0 1
4 0 5 1 1 3 4 3 0 0 5 13 3 4 2 2 10 2 2 2 1 1 3 3 1 1 2 1 3 1 804 4 4 2
9 1 2 4 4 3 13 0 7 2 4 1 3 0 2 0 10 3 3 3 3 2 1 1 1 1 2 1 2 1 753 4 2 4
0 1 0 0 3 6 4 0 7 8 3 6 4 13 2 2 7 2 1 1 2 3 1 3 3 8 0.181818 9 0.272727 10 0.545455 833 3 2 2
5 7 13 8 1 6 3 9 0 3 1 2 0 2 0 8 11 3 3 3 1 1 1 3 2 2 2 1 1 2 1 967 4 3 4
0 4 6 3 2 6 5 1 0 3 5 13 2 3 8 2 4 1 1 3 1 1 2 1 799 3 0 1
6 13 7 2 5 1 3 3 3 0 4 0 0 2 0 0 2 1 1 1 2 1 930 2 0 0
7 3 1 0 1 10 7 0 2 6 13 0 7 6 4 3 9 1 2 2 3 3 3 2 1 2 1 1 1 811 2 4 3
3 0 0 1 3 13 3 0 6 4 7 4 4 3 2 0 4 2 1 2 1 1 3 1 970 2 2 0
4 2 0 0 3 2 3 0 4 4 7 3 3 13 4 2 6 1 1 2 1 3 1 1 3 1 789 4 1 1
1 0 0 0 0 0 1 3 3 3 13 4 2 4 6 1 4 2 3 2 1 1 2 1 967 1 2 1
0 1 0 0 0 5 7 1 2 5 3 1 3 1 13 4 7 3 3 2 3 2 2 2 1 1 1 787 0 4 3
3 4 3 0 3 6 4 0 3 5 13 0 3 3 4 2 7 3 3 1 2 3 2 1 1 1 1 816 2 2 3
1 2 0 3 2 3 1 3 0 6 8 13 3 1 3 2 11 3 3 3 2 1 3 1 1 2 2 1 1 2 1 1056 4 3 4
1 0 2 2 3 7 4 5 0 5 8 13 1 6 9 1 8 2 3 3 1 3 1 3 2 1 2 1 862 2 2 4
1 3 8 2 0 6 1 3 0 3 3 13 2 2 0 8 10 1 3 1 1 3 2 3 1 2 3 1 2 1 797 4 2 4
5 1 0 0 13 2 1 3 3 7 3 0 3 6 4 0 3 2 3 1 1 2 1 770 1 1 1
0 3 1 4 0 0 1 13 2 3 6 4 2 0 3 3 8 3 2 1 2 1 2 3 1 1 3 1 885 3 3 2
2 1 0 0 4 2 0 0 6 4 1 1 13 8 1 0 9 3 3 3 2 2 2 3 1 2 1 1 1 848 1 4 4
1 0 0 0 4 4 4 0 8 13 4 1 3 1 2 7 9 1 2 3 2 2 2 3 3 3 1 1 1 884 1 4 4
3 4 1 0 1 3 1 1 4 9 13 2 3 1 4 2 7 3 1 3 3 2 2 2 1 2 1 939 1 3 3
0 1 0 0 3 2 7 4 5 5 8 5 3 13 5 4 7 3 1 1 2 2 3 1 1 2 1 888 3 2 2
0 4 2 3 2 3 1 4 13 4 1 0 3 4 4 0 4 1 2 3 2 1 1 1 687 1 2 1
3 0 0 0 1 1 4 1 5 3 4 2 3 13 3 0 2 2 3 1 2 1 697 0 1 1
1 3 0 2 0 3 8 1 0 4 13 3 2 6 4 3 11 2 3 2 1 3 1 2 2 1 3 3 1 1 1 790 3 4 4
8 4 13 4 4 8 2 2 2 6 0 3 3 3 1 0 3 3 1 3 1 1 1 881 1 0 2
0 2 0 0 0 4 1 3 3 13 4 7 6 3 4 1 1 3 1 2 1 941 0 0 1
2 2 8 0 0 1 7 13 0 7 3 4 3 1 1 3 0 1 2 1 812 0 0 0
2 5 2 4 13 5 0 1 3 1 3 0 3 7 0 0 9 3 2 3 3 2 2 1 3 1 1 1 1 926 2 3 4
3 1 13 1 4 3 7 3 3 4 0 2 0 0 1 4 6 1 2 2 1 2 3 1 2 1 961 2 3 1
0 0 3 3 1 2 13 5 3 6 2 3 4 3 4 1 3 1 3 2 1 3 1 786 1 1 1
3 2 0 0 1 3 0 2 4 3 8 3 1 13 8 3 2 1 2 3 5 0.428571 6 0.285714 7 0.285714 792 1 1 0
0 1 0 0 13 4 5 2 6 7 2 3 3 4 2 0 5 3 1 2 1 3 1 1 1 756 2 1 2
1 3 4 5 0 3 6 13 0 4 5 3 2 4 3 2 2 3 1 1 3 1 795 1 0 1
2 1 0 0 1 7 1 0 4 2 3 3 13 5 2 4 1 1 1 2 1 820 1 0 0
6 3 13 4 1 3 9 2 3 2 0 0 0 0 0 9 4 1 2 3 1 1 3 1 819 2 1 1
1 13 1 4 5 6 7 3 5 3 2 0 3 0 2 0 10 2 3 2 3 3 2 1 1 1 1 1 2 1 751 4 3 3
0 1 6 3 2 3 7 8 4 6 4 4 1 13 3 2 9 2 3 3 1 1 3 2 2 3 1 1 1 810 2 3 4
1 2 0 0 0 9 3 0 3 5 13 4 2 6 1 4 8 2 3 3 1 2 1 2 1 1 3 1 1066 3 3 2
0 3 0 0 3 0 0 3 2 3 1 3 3 5 13 4 8 2 2 1 3 1 1 2 1 1 2 1 710 4 3 1
0 0 1 0 3 0 0 2 4 5 3 0 3 7 13 3 3 2 3 1 1 3 1 875 1 1 1
2 5 3 1 3 0 6 13 3 5 2 3 0 3 3 3 8 1 1 3 2 2 1 2 1 1 3 1 753 4 3 1
0 3 4 10 3 6 7 9 0 4 3 13 2 2 3 4 4 2 1 3 1 1 1 1 867 2 1 1
3 6 2 6 4 5 7 2 1 13 3 0 1 3 1 2 8 1 1 3 1 2 2 2 3 1 3 1 809 3 3 2
0 4 13 4 0 3 4 1 2 0 4 3 0 0 0 3 5 2 2 1 1 3 1 3 1 838 2 2 1
0 3 1 0 2 7 6 2 3 3 13 6 0 0 1 4 11 2 1 2 3 3 2 2 3 1 1 1 3 4 0.545455 5 0.272727 6 0.181818 825 4 4 3
2 13 4 3 6 0 3 0 3 0 2 0 5 3 3 0 6 1 1 1 2 2 3 1 1 1 801 3 2 1
1 0 0 0 0 3 3 0 3 4 4 2 6 13 1 3 6 1 3 2 1 3 2 1 2 1 793 2 2 2
3 3 2 3 2 3 4 2 5 13 3 0 9 1 4 2 6 3 1 3 2 1 1 1 1 1 825 3 1 2
7 5 7 2 4 13 1 0 3 4 2 1 3 0 0 0 5 1 3 3 2 2 1 1 1 909 1 2 2
2 13 3 5 4 6 2 2 1 0 4 5 0 1 3 1 10 1 3 1 3 2 2 2 1 3 3 3 5 0.428571 6 0.285714 7 0.285714 732 3 3 4
3 4 3 2 2 5 9 13 2 2 2 1 1 3 3 0 3 3 1 1 1 1 1 873 2 0 1
3 3 0 0 5 6 2 1 5 4 3 0 13 3 3 0 11 1 2 3 3 1 1 1 2 2 2 3 1 3 1 782 4 4 3
3 0 1 2 7 0 1 0 13 4 3 0 3 2 4 0 6 3 3 2 1 3 1 1 2 1 895 2 1 3
0 0 2 0 4 3 1 1 3 7 7 5 2 1 13 2 1 1 1 2 1 757 1 0 0
3 4 13 4 1 0 3 6 0 1 0 3 3 0 0 5 7 2 2 1 2 1 2 3 1 3 1 783 2 4 1
0 3 3 2 5 4 2 5 2 13 3 0 2 1 1 0 8 1 1 1 1 3 2 3 3 1 2 1 987 4 1 3
1 4 4 3 2 3 13 6 0 1 3 1 2 0 0 4 3 2 2 3 1 1 1 952 0 2 1
1 5 3 3 3 10 13 4 2 8 5 3 0 4 0 3 6 1 3 1 1 2 2 1 2 1 1018 3 2 1
7 3 0 0 3 2 3 0 7 5 1 0 3 13 5 1 0 1 2 1 827 0 0 0
3 0 1 0 2 4 0 1 2 2 8 0 3 7 13 3 0 1 1 1 786 0 0 0
8 2 13 1 2 5 3 4 5 3 0 3 0 1 0 0 6 3 2 3 1 2 1 1 3 1 946 2 2 2
3 5 13 1 2 6 3 6 0 3 0 2 0 2 4 0 9 2 3 1 3 1 2 3 1 1 1 3 1 810 4 2 3
1 3 2 3 5 4 2 0 5 13 3 0 1 3 2 2 3 3 1 1 1 3 1 926 2 0 1
1 4 7 3 0 13 8 2 0 9 2 1 2 3 1 4 7 2 2 3 1 3 1 2 1 1 1 884 2 3 2
3 1 0 0 4 2 4 2 1 13 3 3 4 0 1 0 9 2 3 1 2 3 1 2 2 1 1 3 1 798 3 4 2
0 0 4 2 2 6 7 1 3 13 4 3 0 5 3 9 1 1 1 3 1 924 1 0 0
0 0 5 4 2 4 6 4 0 0 13 3 0 3 6 2 7 2 3 1 1 3 1 1 1 2 1 706 4 1 2
2 2 8 1 1 13 4 3 4 1 1 7 0 0 0 2 10 2 2 3 1 3 1 2 3 3 1 1 2 1 803 3 3 4
2 3 0 1 0 8 3 0 3 4 3 1 4 13 3 0 1 2 1 3 1 744 0 1 0
4 0 0 1 6 1 0 0 13 2 0 0 5 9 4 3 4 3 3 3 2 3 7 0.285714 8 0.285714 9 0.428571 1001 0 1 3
0 0 4 2 2 5 3 1 1 0 3 13 3 2 4 1 11 3 2 2 3 1 1 2 2 3 1 3 1 1 1 846 3 4 4
3 2 3 1 2 3 5 1 0 3 13 4 1 4 3 3 10 3 1 1 2 3 3 1 2 2 2 1 3 1 821 3 4 3
1 4 3 0 3 5 6 3 4 13 0 1 3 1 8 2 8 3 3 2 2 1 1 2 3 1 2 1 775 2 3 3
3 3 0 1 2 5 0 3 3 3 1 1 2 9 13 6 2 3 3 1 2 1 821 0 0 2
3 4 2 3 5 13 4 1 4 1 3 0 0 3 0 0 9 2 1 2 1 2 2 1 3 3 1 3 1 961 3 4 2
3 1 4 3 2 7 13 3 3 6 2 2 2 1 0 0 3 3 3 1 1 1 1 782 1 0 2
1 6 0 0 3 1 5 1 13 2 0 4 4 5 3 0 8 3 1 2 1 3 2 2 3 1 2 1 787 2 3 3
3 3 13 3 2 4 8 1 3 2 3 4 0 4 2 1 9 3 1 2 2 1 2 1 1 3 1 3 1 891 4 3 2
1 1 4 0 3 6 0 0 13 3 0 1 1 4 2 2 6 2 2 3 3 1 2 1 3 1 994 1 3 2
2 1 13 2 0 3 6 6 2 2 3 3 0 1 0 4 4 1 3 3 3 1 1 1 857 1 0 3
4 6 13 7 2 5 3 0 2 1 4 2 2 0 0 3 2 1 1 1 1 1 904 2 0 0
2 0 5 13 1 5 1 7 0 5 7 2 0 0 0 1 1 2 1 3 1 954 0 1 0
0 2 4 1 0 4 6 13 0 3 5 3 3 2 4 7 7 1 1 2 3 1 2 3 1 3 1 802 3 2 2
1 6 0 0 13 1 8 0 2 5 2 0 4 3 0 3 11 3 1 1 1 2 1 3 3 3 2 2 1 2 1 769 4 3 4
4 2 1 0 2 4 0 1 13 1 2 0 4 4 0 0 6 1 1 3 2 3 2 1 3 1 849 2 2 2
1 0 0 0 4 7 3 0 6 9 4 3 3 13 1 2 5 1 3 2 2 1 1 2 1 946 2 2 1
2 0 3 3 0 7 1 3 0 0 7 13 0 2 4 4 10 1 2 3 2 3 1 1 3 3 1 1 2 1 844 4 2 4
5 3 4 3 1 1 13 1 2 5 2 8 1 0 0 2 7 3 1 2 2 3 1 2 3 7 0.285714 8 0.285714 9 0.428571 811 2 3 2
2 3 0 0 3 5 13 3 1 2 4 2 1 3 3 0 9 3 1 1 2 1 2 3 1 2 1 3 1 743 4 3 2
1 5 2 4 3 5 7 0 13 3 0 2 1 4 1 0 4 3 3 2 1 1 2 1 825 1 1 2
0 4 5 13 3 1 3 3 0 0 5 2 0 0 1 2 10 3 1 1 2 2 3 2 1 3 1 1 2 1 804 4 3 3
4 1 0 0 5 6 4 2 13 4 0 0 2 4 6 1 5 2 2 3 1 1 1 3 1 834 2 2 1
3 4 4 0 5 5 1 2 2 13 3 0 5 1 0 0 11 2 3 3 2 3 2 1 1 1 3 1 1 2 1 783 4 3 4
0 0 2 0 1 3 2 3 1 5 3 0 4 8 13 0 0 1 3 1 733 0 0 0
0 1 0 4 4 5 7 3 0 3 13 4 2 3 0 4 11 3 2 3 2 3 1 3 2 1 1 2 1 1 1 864 3 4 4
9 13 3 0 3 5 8 5 4 5 0 3 3 0 0 0 2 3 1 1 2 1 1025 1 0 1
0 3 0 2 0 1 6 1 3 8 13 4 2 5 5 3 1 1 1 2 1 732 1 0 0
1 2 13 1 0 0 2 4 0 0 2 4 0 0 2 3 7 1 1 3 3 1 3 2 1 3 1 937 3 1 3
5 3 13 3 3 5 2 1 4 6 3 4 0 1 2 0 8 1 2 1 3 2 3 1 2 1 3 1 800 3 3 2
2 2 3 4 0 3 13 6 0 5 3 7 3 2 0 3 2 1 1 1 1 1 770 2 0 0
2 3 13 1 3 6 6 4 0 5 3 2 2 0 0 4 7 1 3 1 1 3 3 2 3 5 0.428571 6 0.285714 7 0.285714 889 3 1 3
3 5 6 4 0 0 7 13 0 2 3 8 7 1 0 9 9 1 3 2 3 1 2 3 2 3 1 1 1 794 2 3 4
3 4 5 3 5 13 7 5 1 2 1 3 3 2 4 0 11 3 3 2 1 2 2 1 3 1 3 1 1 2 1 941 4 3 4
1 4 1 3 0 4 5 2 0 0 3 13 2 3 3 2 10 2 3 1 1 1 2 3 3 1 3 1 2 1 1000 4 2 4
2 4 3 1 4 8 3 5 13 3 0 1 1 1 0 0 8 3 2 3 2 1 3 2 3 1 2 1 912 1 3 4
4 8 2 3 7 9 13 6 6 1 0 1 2 4 0 2 5 3 1 1 3 3 1 2 1 789 2 0 3
0 13 3 2 2 8 4 3 2 4 1 3 0 0 0 1 8 3 1 2 1 3 1 2 3 1 3 1 705 3 2 3
0 2 1 0 0 0 4 2 0 2 13 6 1 4 1 3 2 1 2 1 3 1 783 1 1 0
0 1 0 3 0 9 3 2 3 5 13 2 3 2 4 1 1 3 1 1 1 748 0 0 1
2 7 0 3 3 6 3 1 7 4 1 0 3 5 13 3 4 2 2 1 3 1 3 1 894 1 2 1
0 0 2 4 3 3 4 3 0 0 8 13 5 7 4 1 11 2 3 3 1 2 2 1 3 1 1 2 1 3 1 911 4 4 3
0 0 1 3 0 2 7 2 3 3 13 3 0 1 3 5 1 1 1 2 1 921 1 0 0
3 2 9 3 1 4 8 5 6 13 4 0 3 1 3 0 6 2 3 2 1 2 1 1 3 1 844 2 3 1
0 3 4 3 0 0 1 13 1 3 6 3 0 3 0 3 7 1 3 2 2 1 2 2 1 3 1 966 2 4 1
1 2 3 6 0 7 13 5 2 2 1 3 0 3 0 1 3 1 1 2 1 2 1 851 2 1 0
3 3 0 3 4 4 5 6 0 1 5 8 3 3 13 2 9 3 2 1 2 3 1 1 2 2 1 1 1 766 3 4 2
4 13 6 3 7 5 1 3 2 0 6 0 4 2 1 0 5 1 3 1 2 2 1 3 1 818 2 2 1
0 1 4 1 0 3 13 1 2 2 3 5 1 0 3 5 9 3 2 3 1 2 2 1 2 3 3 7 0.285714 8 0.285714 9 0.428571 859 2 4 3
1 5 1 3 2 3 4 2 3 6 13 0 0 3 1 2 0 1 3 1 942 0 0 0
3 2 7 3 0 4 2 4 0 0 0 13 0 4 3 4 8 1 3 2 3 1 2 1 3 1 1 1 925 3 2 3
3 2 0 0 0 4 6 3 3 5 13 1 3 2 6 5 9 2 2 2 1 3 3 3 1 1 1 1 1 773 3 3 3
3 5 0 0 13 4 1 0 10 6 1 0 4 0 2 3 0 1 2 1 776 0 0 0
2 0 2 9 0 5 5 1 0 3 13 3 0 1 3 3 11 2 1 2 3 2 1 3 3 1 2 1 1 3 1 702 4 4 3
5 1 3 1 3 4 2 0 3 7 13 0 3 3 4 0 10 2 3 2 1 3 1 3 1 2 3 1 2 1 1016 3 3 4
1 3 3 2 13 4 2 0 3 3 6 3 3 1 4 0 2 1 2 1 3 1 746 1 1 0
4 2 8 3 5 13 6 5 1 3 5 1 0 0 2 2 7 1 2 2 3 1 3 3 1 1 1 1053 2 2 3
7 3 13 4 3 4 8 3 0 2 3 5 0 2 0 0 9 3 1 3 3 1 1 2 2 3 1 1 1 805 3 2 4
3 4 0 0 5 1 3 2 13 2 0 3 1 4 3 0 11 1 2 1 2 1 3 1 3 2 2 3 1 3 1 869 4 4 3
0 0 1 1 0 0 2 13 0 3 3 5 2 3 0 3 5 3 1 2 3 1 1 2 1 860 2 1 2
4 1 7 2 0 4 5 4 2 1 2 13 0 7 0 9 10 1 3 1 3 3 2 3 1 2 2 1 1 1 882 3 3 4
3 6 4 1 6 1 8 13 0 2 5 3 0 0 1 2 7 1 3 2 2 1 3 2 1 3 1 866 2 3 2
0 1 2 0 13 4 1 1 3 2 5 3 2 3 4 0 11 3 1 1 3 2 1 3 1 2 2 3 1 2 1 833 4 3 4
3 1 3 1 2 2 13 3 3 2 9 3 0 7 3 1 9 3 2 2 1 3 1 3 2 1 1 3 1 923 3 3 3
4 2 2 0 5 4 4 0 13 1 1 3 3 1 3 0 9 1 1 3 2 2 2 2 1 3 1 3 1 804 3 4 2
0 3 4 1 3 4 3 7 2 2 6 13 0 1 7 3 4 3 3 1 2 1 3 1 801 1 1 2
0 1 2 1 0 4 0 6 1 2 5 3 2 4 13 4 1 3 1 3 1 902 0 0 1
0 0 1 0 4 0 2 1 1 2 3 6 3 7 13 8 10 1 3 1 3 1 2 2 3 3 2 1 2 1 748 3 3 4
4 0 2 2 3 1 3 6 13 2 1 0 3 2 0 0 4 1 3 3 3 1 1 1 773 1 0 3
0 2 3 6 3 2 3 13 3 4 2 6 0 1 1 3 2 3 3 1 1 1 826 0 0 2
3 1 0 0 5 4 0 0 13 5 2 0 4 3 1 1 7 2 1 3 3 3 3 2 1 2 1 889 1 2 4
0 1 4 2 0 4 6 5 5 4 7 3 1 4 13 1 6 2 3 2 3 1 3 1 2 1 941 1 2 3
3 0 0 0 3 13 4 0 1 3 6 3 3 1 2 2 4 1 2 3 1 1 2 1 859 2 1 1
3 3 4 1 6 5 13 4 0 3 2 5 1 0 0 8 2 1 2 1 2 1 904 1 1 0
0 0 0 3 1 3 0 3 2 3 3 0 4 13 4 3 8 2 1 3 2 2 1 1 2 1 1 1 779 3 4 1
4 5 13 1 3 1 4 0 2 7 3 2 2 4 1 0 0 1 3 1 739 0 0 0
6 0 1 3 5 13 5 0 1 1 4 6 4 2 3 0 3 2 1 2 1 2 1 954 1 2 0
3 1 4 0 7 13 1 2 2 9 4 0 3 1 5 0 7 1 1 2 3 3 2 2 1 3 1 657 2 3 2
3 0 0 0 3 3 0 4 0 4 4 3 13 6 8 5 11 1 2 1 3 3 1 2 3 2 3 1 1 2 1 633 4 3 4
0 0 0 1 0 1 4 9 1 0 5 13 3 2 4 3 5 3 1 2 2 2 1 3 1 886 1 3 1
4 0 4 1 0 3 3 6 0 2 6 13 8 3 5 1 10 2 3 2 3 1 1 1 3 2 3 1 2 1 756 3 3 4
0 0 0 3 0 0 2 4 7 4 8 6 3 4 13 1 7 1 3 1 2 1 2 2 1 3 1 963 3 3 1
5 2 4 0 5 7 13 0 8 7 2 0 3 4 4 3 1 1 1 1 1 1023 1 0 0
0 0 0 3 0 4 3 5 3 2 13 4 0 1 2 3 0 1 1 1 1013 0 0 0
3 3 3 1 0 0 4 5 0 1 2 13 2 8 2 3 8 3 2 1 3 2 1 2 1 1 1 1 859 3 3 2
1 0 1 2 4 2 4 5 0 2 13 6 3 7 1 4 11 2 3 2 1 3 1 3 2 3 1 1 1 2 1 964 4 3 4
2 0 4 2 0 1 3 13 0 0 3 6 0 0 3 3 0 1 1 1 780 0 0 0
4 2 2 3 0 4 13 4 1 2 0 3 0 3 0 1 2 1 3 1 3 1 689 1 0 1
1 0 0 0 3 4 3 0 4 13 5 0 6 6 3 8 5 3 3 2 1 2 1 3 1 856 1 2 2
8 9 3 2 13 4 4 1 4 8 3 0 1 2 0 0 11 3 1 3 3 2 1 2 1 1 3 2 1 2 1 861 4 3 4
0 0 4 13 0 0 6 4 0 3 4 3 3 0 1 3 8 2 2 3 2 1 2 1 3 1 1 1 946 2 4 2
6 1 4 0 2 4 13 6 3 0 4 0 2 0 3 0 5 2 3 1 3 1 1 3 1 752 2 1 2
4 2 3 2 6 8 3 1 13 7 6 3 9 0 1 0 10 2 1 3 1 2 3 1 2 2 1 1 3 1 903 4 4 2
4 1 3 0 5 6 3 7 1 13 4 3 4 6 1 0 5 2 2 1 3 2 1 2 1 818 1 3 1
2 1 2 2 4 5 10 2 3 8 13 9 0 2 1 1 5 3 1 1 3 3 1 3 1 927 2 0 3
0 1 3 3 0 3 4 13 0 3 6 4 2 0 3 0 8 2 1 2 3 3 1 1 2 1 3 1 786 3 3 2
0 3 4 1 0 2 13 6 1 2 0 6 0 0 3 3 0 1 3 1 779 0 0 0
4 2 5 3 1 8 13 2 4 1 1 4 0 3 0 2 7 1 3 2 2 1 3 1 1 2 1 874 3 2 2
0 0 1 0 0 3 2 2 3 3 5 13 0 2 5 1 6 1 2 3 2 1 1 1 3 1 804 3 2 1
4 3 1 0 4 6 13 2 2 4 1 0 3 5 2 7 10 3 2 3 2 3 1 2 1 1 3 1 1 1 864 3 3 4
2 5 13 1 2 3 3 4 0 0 5 4 3 0 0 0 8 2 3 1 1 1 2 1 2 1 3 1 727 4 3 1
3 0 0 0 2 0 2 4 6 3 4 3 4 13 1 1 1 2 1 1 1 828 0 1 0
7 3 0 0 3 2 5 0 13 6 0 0 4 10 3 1 11 2 3 3 2 1 3 2 3 1 2 1 1 1 1 802 3 4 4
0 1 5 3 3 2 4 6 0 5 13 7 0 2 6 1 2 2 3 1 1 1 859 0 1 1
2 1 3 2 2 13 1 0 4 9 3 0 4 3 1 0 2 3 3 3 7 0.285714 8 0.285714 9 0.428571 877 0 0 2
0 3 2 4 3 3 2 13 0 5 5 6 1 1 4 8 8 2 1 2 2 1 1 1 2 1 3 1 940 4 4 0
5 3 1 0 3 5 1 2 13 3 1 0 3 2 2 0 5 1 3 3 3 3 1 2 1 957 1 0 4
1 2 0 3 7 5 3 0 4 13 2 3 1 0 0 0 0 1 3 1 754 0 0 0
1 3 4 3 2 4 13 2 3 6 1 6 0 0 2 4 9 3 2 1 3 2 1 1 1 2 1 3 1 802 4 3 2
3 4 0 0 4 3 0 3 13 3 1 0 4 2 2 0 9 3 3 1 3 2 2 1 1 1 1 2 1 1117 4 2 3
4 3 2 0 2 13 5 2 1 1 6 0 0 3 1 0 6 1 3 3 2 1 2 1 3 1 821 2 2 2
0 3 1 1 0 2 5 3 3 13 6 1 2 2 7 5 8 2 3 2 3 3 2 1 1 1 1 1 824 2 3 3
0 3 0 3 5 6 2 2 3 1 13 0 9 3 4 7 0 1 1 1 900 0 0 0
2 3 0 13 2 4 7 1 0 0 2 4 0 0 1 3 10 1 3 2 1 2 3 1 3 3 2 1 1 1 897 3 3 4
1 0 2 2 0 0 3 4 2 4 5 1 2 13 1 3 8 1 2 3 1 3 2 3 3 1 1 1 683 2 2 4
2 5 13 6 4 3 1 3 0 3 2 4 0 2 0 0 3 1 3 1 1 3 1 899 2 0 1
1 5 3 0 5 3 6 2 13 3 1 3 4 5 2 0 1 3 1 3 1 702 0 0 1
3 0 0 0 0 1 5 3 0 4 3 13 3 2 1 9 6 3 2 1 2 1 3 1 2 1 873 2 2 2
0 1 0 1 2 2 4 1 2 3 3 13 0 0 1 6 0 1 2 1 820 0 0 0
5 3 3 0 5 6 10 3 3 13 0 2 1 3 0 0 8 3 3 2 3 2 1 1 1 1 2 1 934 3 2 3
0 2 1 0 0 3 3 0 3 5 2 3 5 13 4 0 9 3 2 1 1 2 1 3 1 3 1 2 1 894 4 2 3
3 1 0 2 2 5 2 3 1 4 1 2 3 1 13 4 3 3 2 3 1 1 1 752 0 1 2
7 2 0 2 0 0 13 9 3 4 6 9 0 1 4 5 10 2 2 3 3 1 3 1 1 3 2 1 1 1 857 3 3 4
2 1 4 0 1 13 3 3 1 3 5 0 0 2 2 0 2 2 1 1 3 1 827 1 1 0
0 0 0 6 7 0 3 6 0 3 3 5 2 5 3 13 7 3 2 3 3 1 1 2 1 1 1 708 2 2 3
2 3 5 0 3 7 4 0 13 7 9 2 1 1 2 0 10 1 2 1 1 3 3 1 2 3 2 1 3 1 813 4 3 3
1 3 2 6 3 4 5 2 13 1 3 1 3 8 5 4 1 3 1 2 1 888 0 0 1
0 5 2 0 0 2 1 1 1 5 4 3 3 2 13 6 9 3 3 1 2 1 3 2 2 1 1 3 1 849 3 3 3
0 2 2 0 4 6 3 4 7 13 3 3 1 6 2 4 7 2 1 2 1 1 1 3 1 3 1 750 4 2 1
0 3 0 7 3 1 3 1 2 0 13 5 0 4 4 2 4 2 2 1 1 1 3 1 810 2 2 0
1 0 0 3 2 13 2 9 7 6 5 4 3 1 1 2 6 3 2 3 1 2 1 1 3 1 802 2 2 2
4 1 0 0 1 2 2 0 1 3 4 5 1 13 2 3 1 2 3 5 0.428571 6 0.285714 7 0.285714 764 0 1 0
4 0 2 0 9 1 5 0 2 13 7 9 5 4 2 1 7 1 3 2 3 3 2 1 1 1 1 839 2 2 3
0 0 1 2 2 5 0 8 4 7 13 3 1 3 3 8 6 3 2 1 1 2 3 1 3 1 842 2 2 2
0 1 0 0 2 2 6 1 3 6 4 5 2 3 13 2 3 3 3 1 1 1 1 962 1 0 2
0 4 4 2 3 13 5 3 0 3 1 3 0 3 0 0 11 3 1 2 3 2 2 1 3 3 1 1 1 2 1 718 4 3 4
5 8 3 4 0 4 13 3 1 3 5 3 0 0 6 1 9 3 3 2 2 3 1 3 1 2 1 2 1 999 2 3 4
2 0 3 1 7 7 5 4 1 4 13 3 3 3 6 2 11 3 1 3 1 3 1 1 3 2 2 2 1 2 1 923 4 3 4
3 13 2 3 5 4 3 9 3 0 5 0 2 3 3 0 1 1 1 1 1 806 1 0 0
0 2 4 2 0 2 6 13 4 1 3 2 1 3 1 3 5 2 3 1 2 1 1 1 1 806 2 2 1
0 0 2 0 1 3 3 3 0 0 7 13 3 3 2 4 7 2 3 1 1 3 3 2 1 1 1 791 2 2 3
3 5 0 0 3 13 4 0 2 3 3 0 3 5 2 1 7 3 3 1 3 2 1 1 1 2 1 777 3 1 3
7 13 4 4 3 3 8 3 2 0 4 2 0 1 0 0 4 1 1 3 2 1 3 1 931 2 1 1
2 6 1 13 0 3 3 4 0 0 5 3 0 0 0 1 1 3 1 2 1 1005 0 0 1
3 8 4 3 5 13 6 0 4 4 2 0 1 0 3 0 11 1 3 3 3 2 2 1 1 1 2 3 1 2 1 811 4 3 4
0 3 13 6 3 2 2 6 0 4 3 1 0 3 2 3 7 1 2 3 1 1 2 1 1 3 1 1016 4 2 1
1 4 0 0 4 6 7 1 13 3 0 0 3 5 3 2 7 1 2 3 2 2 3 3 1 1 1 722 1 3 3
4 1 4 3 3 13 3 3 0 6 4 0 3 0 2 0 8 2 3 3 3 2 1 1 2 1 1 1 855 2 3 3
2 0 0 0 3 2 6 0 13 3 3 6 3 5 8 4 7 1 1 3 2 1 2 1 1 3 1 866 4 2 1
3 2 13 1 3 6 6 1 0 4 4 4 0 0 0 2 2 2 1 1 3 1 999 1 1 0
2 1 0 0 3 0 2 0 1 13 4 0 4 8 4 1 6 2 1 3 2 2 1 1 3 1 780 2 3 1
2 2 7 1 0 7 5 3 3 3 2 13 0 1 3 4 1 3 1 1 1 752 0 0 1
0 3 7 3 0 7 4 13 0 3 3 4 2 3 4 3 10 1 2 3 3 1 1 3 3 2 1 1 2 1 790 4 2 4
1 0 3 2 3 1 4 0 8 13 7 2 2 3 4 3 7 1 3 1 2 3 2 1 1 3 1 899 3 2 2
0 2 0 1 3 4 5 0 2 5 13 3 4 7 6 3 5 1 1 2 2 1 1 3 1 758 3 2 0
2 7 10 9 5 13 6 4 6 1 3 3 0 2 0 0 6 1 1 1 2 3 3 1 2 1 944 3 1 2
0 3 4 1 0 1 1 2 3 7 8 13 4 5 2 5 11 3 1 2 1 2 3 1 2 3 2 3 3 8 0.181818 9 0.272727 10 0.545455 835 3 4 4
0 2 4 4 0 2 4 5 1 0 8 13 0 0 1 4 11 2 1 1 1 3 3 2 2 2 3 3 1 1 1 800 3 4 4
3 1 4 3 4 5 13 2 2 3 3 4 1 0 0 0 5 1 3 3 2 2 1 1 1 929 1 2 2
2 4 0 5 2 3 8 3 0 4 4 6 1 9 13 4 2 1 3 1 3 1 985 1 0 1
3 1 1 9 3 5 2 5 0 0 2 13 3 1 0 5 3 2 3 1 1 2 1 874 1 1 1
4 4 1 0 5 13 4 2 4 5 1 0 2 3 0 0 6 1 2 3 3 1 3 1 2 1 709 2 1 3
2 4 0 3 0 5 8 1 0 4 8 13 3 1 9 2 5 3 3 2 2 1 1 1 1 1056 1 2 2
2 1 1 7 0 4 4 13 0 3 2 3 0 4 0 3 1 1 1 2 1 795 1 0 0
0 4 0 0 5 4 3 1 4 6 13 0 3 3 6 2 8 3 2 1 2 3 1 3 1 1 2 1 868 3 2 3
0 6 1 3 0 1 5 1 2 2 5 13 4 1 6 3 1 2 1 2 1 849 0 1 0
7 13 1 4 8 0 6 3 3 0 3 2 0 3 2 2 2 1 3 1 1 1 866 1 0 1
3 2 3 1 1 1 5 13 0 3 4 2 0 3 5 2 3 2 3 1 1 3 1 853 1 1 1
1 0 0 3 3 2 2 6 9 3 13 3 3 5 3 1 11 2 3 3 2 2 1 3 2 1 1 1 1 3 1 800 4 4 3
1 3 13 5 0 1 2 6 2 5 0 3 2 2 0 1 2 3 3 1 1 1 850 0 0 2
0 3 5 4 0 6 13 0 3 3 5 0 1 0 0 0 0 1 2 1 826 0 0 0
1 0 0 3 2 2 4 2 0 3 5 13 0 1 4 1 6 1 1 2 3 3 3 1 2 1 753 2 1 3
4 2 4 3 3 7 3 4 1 2 13 1 0 3 0 2 10 1 3 2 2 1 1 3 3 3 1 1 2 1 942 4 2 4
3 4 0 0 2 7 0 0 4 13 4 2 4 1 7 6 8 3 2 2 3 1 1 1 2 1 1 1 909 3 3 2
5 0 0 2 3 5 0 5 4 7 6 4 2 3 13 1 9 3 1 1 2 1 1 3 2 3 1 2 1 773 4 2 3
2 9 0 0 4 13 4 10 3 4 1 1 5 2 0 0 3 2 3 1 1 3 1 967 1 1 1
0 1 0 0 3 2 3 3 4 13 4 0 4 3 1 0 6 2 1 3 2 3 1 1 2 1 793 2 2 2
3 13 3 4 5 5 8 0 3 4 4 2 0 1 0 0 11 3 2 1 1 2 2 1 3 3 1 2 1 3 1 857 4 4 3
3 0 2 0 0 2 4 5 1 3 5 13 0 3 4 3 6 1 3 1 1 2 3 1 2 1 910 3 1 2
0 2 3 2 0 5 5 3 0 1 1 13 2 3 6 4 6 1 2 3 1 2 1 1 3 1 757 3 2 1
1 0 2 0 1 8 4 0 5 13 5 2 2 3 1 3 0 1 3 1 686 0 0 0
0 3 0 3 3 2 0 3 13 5 1 0 2 3 1 0 4 1 2 2 1 1 3 1 790 2 2 0
2 0 2 0 4 4 3 0 13 3 4 3 1 1 3 0 2 2 3 1 1 1 858 0 1 1
5 13 9 3 4 3 5 1 0 3 8 1 3 0 2 0 7 2 1 1 1 3 2 2 1 2 1 889 3 3 1
0 5 3 1 3 4 13 4 0 0 8 6 0 0 2 3 11 2 1 2 1 3 3 3 1 2 1 2 1 3 1 779 4 4 3
1 3 0 0 1 5 0 2 1 7 4 2 13 8 4 2 4 3 1 3 3 1 2 1 808 1 0 3
0 1 3 0 0 3 9 0 2 1 5 13 0 4 7 4 6 3 2 2 1 1 3 1 2 1 741 2 2 2
1 13 2 0 1 4 0 0 5 3 0 3 9 2 0 0 2 1 3 1 2 1 840 1 0 1
1 7 13 3 3 5 3 3 0 3 0 3 0 2 0 3 11 3 2 2 2 1 3 2 1 1 3 3 1 1 1 921 3 4 4
1 3 2 1 4 13 3 2 3 6 4 0 2 0 0 1 7 3 1 3 3 2 2 3 1 1 1 937 1 2 4
0 0 0 3 0 2 13 7 0 6 1 4 3 3 5 3 10 2 3 2 3 3 1 2 1 2 1 1 1 1 790 3 4 3
3 4 1 6 2 7 4 9 0 5 3 13 1 1 5 2 2 2 2 1 1 1 831 0 2 0
2 0 0 0 3 3 0 0 5 5 1 0 13 6 4 2 9 3 2 3 1 1 1 2 2 1 1 3 1 845 4 3 2
0 0 0 3 0 1 2 0 6 3 3 4 3 6 13 2 0 1 1 1 994 0 0 0
0 3 4 0 0 2 5 3 3 4 2 3 3 13 1 0 8 3 1 2 1 3 2 2 1 1 1 1 936 3 3 2
4 1 4 1 4 13 0 0 3 4 3 9 3 6 0 0 5 2 2 3 1 2 1 3 1 1074 1 3 1
0 0 2 0 7 0 2 4 0 6 4 3 0 1 13 4 10 1 1 2 2 3 1 3 3 2 1 1 3 1 704 4 3 3
3 3 1 0 4 8 4 0 1 13 2 0 2 2 0 3 9 2 1 2 1 1 3 1 3 3 1 2 1 813 4 2 3
2 3 5 5 3 9 13 0 5 8 1 5 0 7 0 2 3 1 3 2 1 1 1 709 1 1 1
3 3 3 3 3 4 13 7 0 4 5 0 0 0 1 0 6 2 2 3 3 2 1 1 1 1 799 1 3 2
7 3 4 1 2 0 5 13 0 2 3 1 1 4 2 3 11 3 3 2 2 2 1 1 1 3 3 2 1 1 1 843 3 4 4
0 0 2 5 0 2 3 5 0 0 3 13 1 1 7 4 11 1 3 1 3 2 2 1 1 3 2 2 1 3 1 852 4 4 3
4 3 3 0 13 1 0 1 3 7 2 3 5 0 0 0 10 2 3 2 1 1 3 2 2 1 3 3 8 0.181818 9 0.272727 10 0.545455 841 3 4 3
1 4 1 3 5 13 5 1 4 2 3 7 2 0 3 0 2 2 3 1 3 1 691 0 1 1
0 2 0 0 0 3 13 4 0 2 4 3 1 4 1 3 6 3 3 2 3 1 2 1 1 1 819 1 2 3
0 0 2 3 0 3 5 4 0 1 13 6 2 2 5 5 3 1 3 1 3 7 0.285714 8 0.285714 9 0.428571 744 2 0 1
1 3 2 4 2 2 3 6 0 4 13 4 3 0 3 3 1 1 1 1 1 787 1 0 0
1 3 7 3 3 6 13 9 2 4 0 1 2 0 0 2 8 1 3 3 3 1 2 3 2 1 1 1 745 2 2 4
2 2 3 0 6 9 3 1 3 5 13 0 3 1 5 1 1 3 1 2 1 862 0 0 1
13 4 3 3 2 5 8 4 7 1 1 3 4 3 2 0 9 1 2 1 2 2 3 3 1 1 1 2 1 794 4 3 2
0 2 2 4 0 7 13 4 4 1 6 1 2 3 0 0 9 1 1 3 2 3 3 1 2 2 1 1 1 822 3 3 3
3 2 3 0 13 6 2 1 6 3 4 3 4 2 0 0 2 1 3 1 1 1 831 1 0 1
3 0 2 0 6 13 1 1 2 4 4 2 2 3 2 3 7 1 3 2 3 1 3 1 1 1 1 931 3 1 3
2 2 4 2 4 5 13 3 5 4 4 1 3 1 2 3 2 3 1 1 1 1 887 1 0 1
0 3 0 0 2 3 6 1 13 7 4 0 3 7 3 1 5 3 2 3 2 3 1 1 1 845 0 2 3
0 4 2 3 6 4 8 2 0 1 13 3 1 0 6 1 10 1 2 3 2 3 3 1 2 1 3 1 2 1 884 3 3 4
4 2 4 3 0 1 13 1 3 9 5 4 5 4 0 4 9 2 1 3 2 2 1 3 2 1 1 3 1 786 3 4 2
1 3 0 0 4 5 3 2 13 0 0 2 1 3 2 0 2 1 3 1 3 1 814 1 0 1
1 1 0 3 4 0 2 2 3 13 2 3 1 1 7 6 10 1 3 3 2 2 3 2 1 1 3 1 2 1 875 3 3 4
1 4 3 1 2 6 2 0 6 7 3 0 1 13 0 0 10 3 1 1 2 3 2 1 2 2 3 1 3 1 849 3 4 3
2 13 9 3 4 3 3 1 1 2 5 4 3 1 0 3 3 3 3 2 3 8 0.181818 9 0.272727 10 0.545455 805 0 1 2
2 0 0 0 1 4 0 0 3 5 2 4 1 2 13 1 11 3 3 1 2 1 2 1 2 3 2 1 1 3 1 847 4 4 3
1 0 3 0 3 13 3 2 2 5 4 0 3 1 1 0 5 3 2 2 1 2 1 1 1 767 1 3 1
0 2 0 1 0 4 1 3 1 7 6 7 0 2 13 3 7 1 1 2 3 2 2 3 1 3 1 884 2 3 2
3 3 0 0 8 13 4 3 4 5 4 3 1 1 4 0 7 2 1 2 3 3 2 2 1 1 1 843 1 4 2
7 3 0 0 4 3 0 0 13 4 0 3 9 5 4 1 4 1 2 1 2 1 2 1 929 2 2 0
4 0 0 2 5 6 0 7 4 3 4 0 1 1 13 3 3 2 1 2 1 3 1 952 1 2 0
3 3 4 3 3 13 7 5 0 0 3 1 0 0 2 3 5 2 1 2 1 1 1 2 1 789 3 2 0
4 4 2 0 4 13 5 8 3 4 3 0 0 1 0 0 7 1 2 3 3 2 2 1 1 1 1 757 2 3 2
3 4 4 0 9 4 0 4 13 4 6 0 3 7 2 0 8 2 2 1 2 1 1 3 1 1 3 1 787 4 3 1
3 6 13 5 1 5 2 7 4 3 1 8 0 7 2 3 9 2 1 3 2 3 3 1 1 3 1 2 1 779 3 2 4
3 13 3 3 1 0 4 2 6 0 3 0 2 3 0 0 4 3 1 2 3 1 1 1 888 1 1 2
0 0 2 1 0 1 4 3 2 3 13 7 2 5 1 3 11 1 2 2 3 3 3 1 2 2 1 3 1 1 1 780 3 4 4
3 7 4 0 13 3 0 0 3 1 0 0 2 2 3 1 2 3 2 1 1 1 774 0 1 1
0 0 3 4 0 1 5 2 1 1 13 4 0 1 0 0 6 2 3 1 2 2 3 1 2 1 828 1 3 2
6 1 3 0 13 4 1 1 3 4 5 3 2 7 8 1 8 2 1 3 2 3 3 2 3 1 2 1 736 1 3 4
0 2 6 2 0 4 13 4 1 5 6 7 1 3 3 3 9 3 3 3 2 3 1 1 2 1 1 2 1 853 3 2 4
3 1 7 4 13 3 3 0 0 1 0 2 1 0 0 0 6 2 2 2 3 3 1 1 3 1 794 1 3 2
1 1 1 0 4 5 3 2 13 2 1 4 4 2 3 0 8 3 3 1 2 2 3 1 2 1 3 1 766 2 3 3
2 1 0 0 1 6 0 4 2 8 13 2 0 4 4 3 3 1 2 1 1 3 1 862 2 1 0
4 5 1 4 3 3 13 2 2 0 0 0 0 0 0 1 2 1 3 1 2 1 867 1 0 1
1 6 0 0 2 3 4 3 4 9 5 1 2 13 4 1 1 3 1 2 1 835 0 0 1
3 3 2 0 6 0 4 0 13 4 1 0 4 0 3 2 10 3 1 3 2 1 1 2 2 1 3 1 3 1 908 4 3 3
3 2 3 1 8 4 5 0 13 3 0 3 1 5 3 2 10 2 3 1 3 3 2 1 1 2 2 1 1 1 962 3 4 3
4 7 2 0 13 7 3 3 3 2 4 0 0 2 3 0 6 2 1 3 1 1 1 1 3 1 895 4 1 1
0 4 2 2 2 1 1 13 3 5 3 6 0 0 2 5 9 2 1 1 1 3 3 1 3 2 1 3 1 802 4 2 3
0 3 2 0 4 1 4 2 6 4 2 0 1 13 3 0 10 1 1 1 2 3 3 2 2 3 3 1 1 1 737 3 3 4
3 0 3 0 1 1 3 1 4 13 5 0 3 2 2 4 5 2 1 1 2 2 1 3 1 887 2 3 0
4 6 1 1 3 5 13 2 2 4 7 2 4 7 5 3 1 1 1 3 1 842 1 0 0
0 1 2 1 0 4 2 5 3 8 8 4 4 2 13 1 11 3 2 2 2 1 1 1 2 1 3 3 1 3 1 1035 4 4 3
1 4 3 1 1 5 9 2 13 10 2 0 3 2 0 0 0 1 3 1 944 0 0 0
2 4 4 1 13 6 2 0 1 4 4 0 0 1 0 3 9 1 2 3 2 3 1 3 2 1 1 2 1 710 3 3 3
0 1 2 2 6 4 13 4 1 7 4 3 0 1 3 2 10 2 1 1 2 3 2 1 3 3 2 1 1 1 827 3 4 3
2 3 0 0 3 5 1 0 3 5 1 2 13 0 0 0 6 1 2 2 3 3 1 1 3 1 761 2 2 2
0 0 2 4 1 1 13 4 3 7 5 3 0 0 0 2 11 2 3 1 1 2 3 1 2 2 3 1 1 3 1 863 4 4 3
0 0 2 4 0 0 0 2 3 0 13 8 1 1 6 1 6 1 2 2 3 3 2 1 1 1 786 1 3 2
0 2 0 1 6 4 6 4 0 4 13 1 3 7 3 1 9 2 2 3 3 1 3 1 2 2 3 4 0.545455 5 0.272727 6 0.181818 931 2 4 3
0 1 3 0 0 1 0 1 3 3 5 7 2 2 13 4 9 1 3 1 2 2 3 2 2 3 1 1 1 1009 2 4 3
5 3 0 0 4 7 0 0 3 13 2 3 3 3 1 0 10 2 2 1 3 1 1 2 2 1 3 3 8 0.181818 9 0.272727 10 0.545455 742 4 4 2
1 8 3 0 2 13 4 0 3 6 2 1 1 6 4 0 10 2 1 3 3 3 3 2 2 1 1 1 2 1 918 3 3 4
1 1 0 0 13 2 0 0 4 5 3 2 2 3 1 4 9 3 1 2 3 3 3 2 1 1 1 2 1 918 3 2 4
3 3 13 1 1 5 4 4 3 2 3 5 0 1 0 2 10 2 2 1 3 2 1 3 3 1 3 1 2 1 838 3 3 4
2 4 3 0 3 5 3 0 13 3 0 3 3 3 0 0 6 3 1 1 2 3 2 1 1 1 871 2 2 2
4 3 3 0 5 4 5 1 13 6 2 6 1 7 3 2 0 1 3 1 835 0 0 0
2 13 5 2 3 3 2 3 1 2 1 4 3 1 0 0 0 1 1 1 873 0 0 0
1 0 0 2 4 6 3 7 6 13 3 3 2 2 9 1 5 3 2 3 3 1 1 1 1 775 1 1 3
7 3 3 0 3 13 6 0 3 3 3 0 1 0 2 3 11 2 1 2 3 1 1 1 3 3 2 2 1 3 1 869 4 4 3
0 0 3 2 3 2 5 1 2 4 1 4 3 3 3 13 4 1 1 3 2 3 4 0.545455 5 0.272727 6 0.181818 858 2 1 1
1 6 0 0 4 6 3 0 13 2 0 1 3 1 7 3 3 3 3 2 1 2 1 895 0 1 2
2 0 2 0 3 3 1 0 1 5 4 5 4 13 2 1 9 1 2 2 1 3 2 3 1 3 1 3 1 1087 3 3 3
2 13 1 0 3 4 4 5 5 4 3 3 4 3 0 0 1 1 1 2 1 669 1 0 0
0 0 3 0 3 1 4 2 13 2 1 3 1 4 6 2 0 3 5 0.428571 6 0.285714 7 0.285714 647 0 0 0
0 3 1 0 2 0 3 2 3 7 4 1 3 13 5 3 3 3 2 3 1 1 1 799 0 1 2
6 4 13 3 2 7 6 8 4 2 5 2 1 3 1 2 6 2 1 3 1 1 3 1 3 1 813 3 1 2
2 5 1 1 3 4 3 0 13 6 0 3 2 4 2 2 2 1 3 1 1 1 857 1 0 1
5 0 0 0 4 0 4 2 13 9 7 1 3 2 3 1 11 3 2 2 3 2 1 3 2 1 1 3 1 1 1 909 3 4 4
0 2 0 0 3 2 0 0 4 1 3 0 3 5 13 3 6 3 2 1 3 1 2 1 1 1 666 2 2 2
4 0 1 2 2 6 4 1 13 3 4 0 3 2 0 0 7 1 2 1 1 3 3 3 1 2 1 676 3 1 3
2 3 5 3 4 6 7 1 13 2 6 1 3 2 0 0 6 1 1 3 2 1 2 1 3 1 986 3 2 1
0 2 4 4 0 0 8 3 1 1 13 2 3 2 4 3 1 1 3 8 0.181818 9 0.272727 10 0.545455 722 1 0 0
0 0 0 1 4 0 1 1 2 13 5 0 3 8 3 2 4 3 2 2 1 1 3 1 758 1 2 1
0 0 0 2 4 3 3 0 3 5 2 0 13 3 3 1 10 2 1 3 3 2 3 1 1 1 3 1 2 1 684 4 2 4
2 3 4 3 3 13 1 0 4 8 2 8 9 5 3 2 3 1 1 2 1 1 1 973 2 1 0
3 6 4 1 0 0 0 13 2 0 5 4 0 0 1 4 2 1 2 1 2 1 670 1 1 0
2 1 1 3 4 5 8 0 4 13 3 0 3 3 0 0 0 1 2 1 878 0 0 0
1 13 1 2 1 2 3 0 5 2 4 0 0 0 1 0 10 1 2 2 3 1 3 3 2 1 2 1 3 1 836 3 4 3
4 2 3 1 0 4 7 13 2 0 8 3 0 0 3 3 6 1 2 3 1 1 3 1 2 1 820 3 1 2
0 3 0 0 2 4 3 4 3 3 4 1 7 4 13 5 1 2 1 1 1 787 0 1 0
3 0 0 4 0 1 13 2 1 8 4 4 3 1 2 2 10 1 3 2 2 2 2 1 1 3 3 1 1 1 904 3 4 3
4 1 2 0 7 3 6 3 5 13 4 3 3 9 6 0 1 3 3 4 0.545455 5 0.272727 6 0.181818 938 0 0 1
2 0 0 1 2 0 5 3 1 0 7 5 3 13 4 2 10 1 3 1 2 1 2 2 3 3 3 1 1 1 877 3 3 4
0 3 3 3 4 2 2 1 3 7 13 3 1 2 6 1 9 2 1 3 1 3 3 2 2 1 3 4 0.545455 5 0.272727 6 0.181818 868 3 3 3
5 3 5 1 1 5 7 2 1 4 6 6 0 2 2 13 4 3 2 3 1 1 3 1 797 1 1 2
0 0 3 0 2 4 3 2 0 13 6 4 4 3 1 9 6 1 2 1 1 2 2 1 1 1 778 3 3 0
3 2 5 3 1 5 13 1 4 3 7 1 0 2 0 0 2 3 3 1 2 1 924 0 0 2
2 3 4 0 3 4 1 1 3 13 4 0 3 5 2 0 11 2 3 2 1 3 2 3 1 2 1 1 1 3 1 1060 4 4 3
3 0 0 0 4 5 4 0 13 6 5 2 3 8 4 3 2 3 3 1 1 1 889 0 0 2
0 3 3 3 3 6 6 7 0 3 9 10 0 3 13 1 5 2 2 2 3 1 1 1 1 1004 1 3 1
0 0 3 4 3 0 5 13 2 3 6 2 0 1 3 1 2 3 1 1 2 1 837 1 0 1
3 1 0 0 3 4 4 1 4 0 8 0 3 13 2 0 10 2 2 1 2 3 3 1 1 3 3 1 2 1 858 3 3 4
4 1 3 2 5 8 5 3 4 13 3 1 3 8 3 0 1 3 1 2 1 930 0 0 1
2 1 4 4 2 3 6 5 4 13 3 3 3 0 0 1 8 3 1 1 2 3 2 1 2 1 3 1 892 3 3 2
2 5 3 0 13 7 5 2 1 4 6 1 8 0 3 0 2 2 1 1 3 1 768 1 1 0
6 1 3 6 13 2 0 3 3 4 2 2 1 1 0 0 8 1 2 3 3 3 2 2 1 1 1 1 860 2 3 3
3 2 1 3 0 1 5 7 0 0 13 2 4 8 3 2 9 1 2 1 3 2 3 3 1 1 1 2 1 814 4 2 3
0 3 0 0 0 0 13 3 1 2 6 3 0 5 3 4 10 2 1 3 1 3 2 2 2 1 3 1 1 1 838 3 4 3
0 0 3 2 0 4 3 1 2 7 13 2 0 1 4 4 10 2 2 3 1 1 3 3 3 2 1 1 1 1 796 3 3 4
3 0 1 0 13 3 0 2 5 4 3 1 4 3 4 0 8 1 2 1 2 3 3 2 3 1 3 1 758 2 3 3
4 3 4 3 3 1 13 3 3 3 6 0 0 0 3 0 6 1 2 1 2 3 3 1 2 1 799 2 2 2
0 1 0 2 5 3 3 1 3 4 13 3 0 3 6 2 0 1 3 1 804 0 0 0
13 4 4 2 8 6 7 3 1 5 3 0 0 0 2 0 8 1 3 3 3 3 2 2 1 1 1 1 902 2 2 4
2 4 1 0 4 13 3 0 2 0 4 0 3 1 0 3 0 1 3 1 758 0 0 0
3 3 0 4 1 1 5 2 0 4 4 13 3 5 9 2 4 3 2 1 1 1 2 1 733 2 1 1
0 0 0 1 2 1 4 3 0 5 2 4 0 3 4 13 1 3 1 3 1 824 0 0 1
2 13 3 3 4 5 4 0 3 3 6 2 9 0 1 0 0 1 1 1 692 0 0 0
0 1 4 0 2 5 5 1 3 13 8 6 2 4 1 2 11 3 1 1 1 2 2 1 3 3 3 2 1 2 1 772 4 3 4
1 3 1 0 0 7 3 0 5 13 4 0 5 4 6 3 8 2 1 2 2 3 3 1 2 1 3 1 892 2 4 2
1 4 3 2 0 2 7 5 3 0 3 13 1 4 3 4 8 3 1 3 3 1 2 2 2 1 1 1 806 2 3 3
0 2 0 0 0 0 2 5 3 3 5 3 2 3 7 13 8 3 1 3 3 2 1 1 3 1 1 1 846 3 1 4
1 0 0 0 5 3 1 0 5 6 3 4 4 13 2 2 11 1 1 3 2 3 3 2 2 1 3 1 1 2 1 785 4 3 4
4 4 1 0 6 2 7 5 1 13 1 2 4 3 0 0 5 2 2 1 3 3 1 3 1 789 1 2 2
4 3 0 1 2 6 3 2 5 13 0 0 1 3 4 3 11 2 3 2 3 1 2 1 1 3 3 2 1 1 1 844 3 4 4
2 2 3 1 13 3 2 3 7 5 1 0 9 1 3 4 10 2 3 2 2 2 3 1 1 3 1 1 1 1 799 3 4 3
2 13 3 1 4 4 5 3 2 2 1 2 0 1 0 0 4 3 3 1 3 1 3 1 711 1 0 3
3 4 3 2 5 6 6 0 4 13 3 0 1 3 3 0 5 1 2 1 3 3 1 2 1 777 2 1 2
13 0 3 1 7 3 1 0 6 7 3 0 9 4 4 0 2 2 2 1 3 1 851 0 2 0
1 4 1 3 3 2 5 8 1 4 13 2 0 0 9 0 10 2 1 3 1 2 3 3 2 3 2 1 1 1 703 2 4 4
2 3 6 3 4 8 3 0 3 13 1 2 5 0 1 0 11 1 1 3 2 2 2 1 3 3 3 1 1 2 1 826 4 3 4
4 1 0 0 2 0 3 3 3 3 6 2 1 13 3 4 4 1 1 3 2 1 2 1 929 2 1 1
6 3 3 0 3 2 5 1 5 1 4 3 9 13 7 2 6 3 1 2 2 1 2 1 1 1 845 2 3 1
5 1 0 0 1 2 5 0 3 7 3 0 2 13 2 3 3 1 1 2 1 3 1 942 2 1 0
0 0 6 1 2 9 3 1 1 2 13 5 4 2 5 1 1 3 1 2 1 788 0 0 1
0 3 0 1 2 6 1 3 3 4 13 3 0 2 3 2 0 1 1 1 764 0 0 0
0 3 6 2 0 0 3 2 2 3 1 13 3 1 3 1 11 1 3 2 2 3 2 3 3 2 1 1 1 1 1 842 3 4 4
0 2 2 3 3 13 5 3 1 6 7 1 0 7 3 0 11 2 2 3 1 3 1 2 3 2 3 1 1 1 1 777 3 4 4
0 2 4 0 1 9 2 0 1 13 8 0 3 5 5 1 6 1 2 2 2 1 3 1 3 1 837 2 3 1
1 8 13 2 1 6 2 3 4 7 3 2 3 2 3 0 4 1 1 1 3 1 2 1 970 3 0 1
3 2 5 1 1 13 6 0 6 0 2 0 3 2 0 0 1 1 1 3 1 902 1 0 0
0 0 1 2 3 5 2 4 6 6 13 2 1 3 1 6 0 1 3 1 814 0 0 0
0 0 2 0 7 1 3 3 0 5 4 2 0 9 13 4 3 3 1 1 1 2 1 825 2 0 1
0 0 1 0 0 4 2 3 2 7 9 13 3 5 4 1 8 2 1 1 2 3 1 3 2 1 3 1 928 3 3 2
3 5 2 0 3 7 4 0 1 13 2 0 1 3 9 2 0 1 1 1 826 0 0 0
1 4 3 4 3 6 13 2 1 4 0 3 3 3 2 0 6 1 2 3 3 3 2 1 1 1 860 1 2 3
4 3 2 2 4 7 13 2 1 6 4 5 2 1 0 3 7 1 3 1 3 1 2 1 1 2 1 883 4 1 2
7 0 4 1 1 5 1 3 0 0 4 13 3 4 3 2 7 2 3 2 1 2 3 1 1 2 1 854 2 3 2
1 9 4 2 2 4 13 1 0 4 10 3 0 7 1 7 2 2 3 1 3 1 851 0 1 1
3 0 6 4 0 2 5 13 0 8 7 1 0 3 1 4 0 1 2 1 731 0 0 0
2 1 0 0 0 5 1 1 7 7 3 1 4 2 13 4 3 2 1 2 1 2 1 889 1 2 0
4 13 5 4 2 6 0 0 8 3 0 1 0 3 0 0 1 1 1 2 1 856 1 0 0
2 3 13 3 3 4 4 4 1 5 0 2 0 3 2 0 5 1 3 1 2 3 1 1 1 902 2 1 2
6 8 3 2 3 13 6 1 2 5 4 0 3 2 0 0 3 1 3 3 1 1 1 860 1 0 2
1 3 2 0 13 2 4 3 2 5 2 0 3 0 0 0 3 1 1 1 1 3 1 966 3 0 0
0 4 3 3 1 2 13 2 6 1 3 4 1 1 4 2 6 1 1 2 3 2 2 3 8 0.181818 9 0.272727 10 0.545455 941 2 3 1
0 3 5 0 5 6 2 3 3 13 4 4 2 5 1 1 1 1 1 2 1 838 1 0 0
1 1 0 0 3 3 4 3 13 4 1 1 2 2 2 3 2 3 3 1 2 1 774 0 0 2
4 5 8 4 13 7 1 2 4 2 0 0 5 0 1 0 8 3 3 1 1 2 2 2 1 1 3 1 859 3 3 2
1 4 13 1 3 3 6 3 2 4 2 3 0 3 0 0 0 1 3 1 739 0 0 0
3 6 5 3 3 4 7 13 0 1 4 3 1 0 3 0 5 2 2 2 3 3 1 1 1 833 0 3 2
0 3 0 3 1 0 1 4 2 13 8 1 0 2 2 3 8 2 1 3 2 3 2 3 1 1 1 1 724 2 3 3
4 1 0 2 3 13 7 0 3 10 8 3 2 5 1 1 5 2 2 3 1 3 1 3 1 960 1 2 2
1 1 5 2 2 4 13 3 0 1 1 8 0 3 2 3 3 3 2 3 1 3 1 874 0 1 2
3 6 1 1 3 1 13 0 3 5 2 0 1 3 3 1 5 2 2 2 3 3 1 2 1 830 0 3 2
0 1 0 5 1 3 2 6 2 0 13 3 0 2 0 4 10 3 3 2 1 3 1 1 2 3 1 1 2 1 880 4 2 4
5 3 2 3 0 2 3 1 1 0 13 5 0 0 2 4 0 1 1 1 856 0 0 0
0 2 3 3 2 4 0 3 0 2 13 4 4 3 5 1 8 1 1 1 2 2 3 1 3 1 3 1 738 4 2 2
3 13 1 3 3 7 4 0 2 5 3 0 2 1 0 0 2 3 1 1 2 1 802 1 0 1
1 4 5 2 1 0 13 5 0 0 2 6 0 2 0 0 10 1 3 2 1 2 2 1 3 1 3 1 3 1 828 4 3 3
1 3 3 0 3 13 2 1 3 8 3 5 2 4 5 3 8 2 1 2 1 3 1 3 3 1 2 1 692 3 2 3
1 3 3 2 2 4 13 0 2 3 6 3 2 0 1 0 9 3 3 1 1 1 1 2 2 3 1 3 1 938 4 2 3
5 6 2 3 13 5 1 1 1 4 1 4 0 2 0 0 5 2 1 3 2 3 1 2 1 719 1 2 2
2 0 1 2 0 1 1 0 0 13 8 4 2 6 3 4 5 2 3 1 2 1 1 3 1 807 2 2 1
2 4 1 2 1 13 3 3 1 6 6 1 0 3 9 0 2 2 2 1 3 1 791 0 2 0
13 5 8 0 1 1 3 4 1 2 3 1 3 2 4 0 5 2 2 3 3 2 1 1 1 870 0 3 2
4 4 1 3 13 3 0 0 3 4 5 2 4 1 4 0 8 1 2 3 2 2 3 1 2 1 1 1 724 2 4 2
1 5 13 2 1 2 9 5 4 2 2 3 1 0 0 1 6 3 2 3 2 1 1 1 3 1 859 2 2 2
1 2 4 1 0 3 1 4 0 13 1 4 0 2 3 1 8 3 1 3 2 2 3 2 2 1 3 1 934 1 4 3
2 0 2 0 0 3 4 6 1 1 1 2 4 13 4 2 3 3 1 3 1 3 1 763 1 0 2
1 0 0 0 5 3 0 0 4 4 1 0 4 13 0 3 7 2 2 3 2 1 1 3 1 2 1 831 2 3 2
2 4 2 2 3 13 0 1 5 1 4 1 3 0 0 1 8 2 3 1 1 3 2 3 2 1 3 1 811 2 3 3
4 3 1 1 1 6 5 3 3 13 2 4 0 0 2 9 2 3 2 1 3 1 822 0 1 1
0 5 13 4 0 3 4 2 1 7 8 1 0 0 0 2 9 2 3 3 1 3 2 1 1 2 1 3 1 804 3 3 3
1 3 3 4 3 4 5 3 0 0 2 13 0 2 3 1 9 3 1 1 2 1 3 3 2 2 1 3 1 923 3 3 3
2 3 3 0 2 0 7 3 7 4 1 1 2 13 3 1 7 1 2 1 3 2 3 1 1 2 1 930 3 2 2
0 0 3 3 2 3 8 13 4 3 5 6 2 0 0 0 1 1 1 1 1 872 1 0 0
2 3 13 3 4 8 5 6 1 6 4 4 1 1 2 0 1 3 1 2 1 857 0 0 1
1 3 2 0 1 5 6 0 1 13 4 7 1 2 3 2 0 1 2 1 827 0 0 0
1 4 2 0 3 13 2 0 5 3 2 0 1 0 3 3 8 1 3 2 2 2 1 1 1 1 3 1 722 4 3 1
0 1 7 0 5 2 3 1 2 4 5 1 3 13 3 2 11 1 3 3 1 1 3 2 2 1 2 3 1 2 1 875 4 3 4
13 2 3 1 5 3 4 1 1 7 3 2 5 0 2 0 11 3 2 2 1 3 3 3 1 1 1 2 1 2 1 901 4 3 4
0 2 0 1 3 9 2 0 13 1 5 4 1 3 6 4 10 1 2 1 2 3 3 2 3 3 1 1 2 1 788 3 3 4
3 1 0 0 2 1 1 2 5 6 4 2 1 13 5 4 7 1 1 2 3 3 2 2 1 3 1 884 2 3 2
1 13 1 3 1 3 5 2 0 0 3 3 0 1 0 2 6 3 2 2 3 1 2 1 3 1 871 1 3 2
3 5 3 0 6 13 1 0 2 4 3 2 0 5 5 0 10 3 3 2 2 3 1 1 1 1 2 1 3 1 835 4 3 3
8 4 4 0 13 8 1 3 3 6 2 4 1 5 4 2 9 1 3 2 1 1 2 2 2 1 1 3 1 895 4 4 1
2 13 9 2 5 5 8 3 3 1 4 3 1 3 5 0 2 3 3 3 8 0.181818 9 0.272727 10 0.545455 743 0 0 2
3 3 0 0 4 2 0 0 6 3 0 0 4 13 4 2 2 1 1 1 3 1 1045 2 0 0
0 0 3 1 2 3 5 1 3 2 7 13 0 1 6 0 5 2 3 1 3 2 1 3 1 919 1 2 2
0 0 3 1 6 8 3 2 3 4 6 13 1 4 3 2 11 1 1 2 1 2 3 2 3 3 2 3 1 1 1 886 3 4 4
0 3 3 0 0 0 7 13 2 3 4 3 1 3 3 2 3 2 3 1 1 1 1 837 1 1 1
3 2 5 0 3 13 2 0 3 6 4 2 0 3 0 3 5 1 1 1 2 1 1 3 1 849 4 1 0
0 0 0 7 0 1 2 5 2 4 2 4 1 3 3 13 6 1 3 3 1 2 3 1 3 1 748 2 1 3
0 0 3 3 0 0 3 13 3 2 5 5 0 0 3 4 0 1 1 1 799 0 0 0
0 3 4 13 3 5 3 2 0 1 3 0 0 0 0 3 9 2 1 1 2 1 2 3 1 2 1 3 1 805 4 4 1
3 5 13 2 2 1 3 3 1 5 4 6 0 0 2 1 11 2 3 3 2 2 1 1 1 1 3 3 1 2 1 801 4 3 4
0 0 0 3 0 1 1 4 3 7 13 4 2 2 6 5 11 2 3 2 1 3 1 3 2 3 1 1 1 2 1 878 4 3 4
2 3 1 3 13 4 3 0 3 2 4 3 2 0 1 0 0 1 1 1 769 0 0 0
3 2 13 3 2 5 5 1 4 7 4 0 3 2 1 0 0 1 1 1 816 0 0 0
3 0 6 3 3 5 8 3 4 6 13 1 0 0 0 2 0 1 3 1 901 0 0 0
0 2 3 0 5 0 2 3 6 6 3 4 1 13 8 9 5 1 1 1 2 3 1 2 1 827 3 1 1
0 4 3 0 3 8 1 4 4 4 13 4 1 2 3 3 3 2 3 2 1 1 1 850 0 2 1
0 2 2 2 3 0 0 5 0 0 5 1 0 0 1 13 3 1 1 3 1 2 1 827 2 0 1
5 7 3 1 3 3 13 4 0 2 9 1 0 0 1 2 2 3 2 1 3 1 993 0 1 1
3 3 2 13 2 4 6 1 3 2 7 1 4 5 3 1 10 1 1 2 1 1 3 3 2 2 2 1 3 1 866 4 4 2
1 5 2 0 3 4 1 3 5 13 8 3 3 2 3 2 0 1 1 1 868 0 0 0
0 0 1 3 3 3 3 13 3 6 7 8 2 4 5 1 1 3 1 2 1 938 0 0 1
1 3 6 3 2 9 5 1 0 5 13 4 3 7 2 3 7 1 2 2 3 1 1 2 3 6 0.333333 7 0.333333 8 0.333333 794 3 3 1
3 1 13 5 3 4 7 1 1 6 2 0 0 4 2 0 6 2 3 3 3 3 2 1 1 1 910 0 2 4
5 2 2 13 3 2 3 4 1 3 1 6 0 0 1 3 10 2 1 3 3 2 1 2 2 1 3 1 1 1 776 3 4 3
1 0 2 0 0 3 9 3 2 13 3 3 4 6 6 0 2 3 1 1 3 1 1060 1 0 1
0 0 4 2 3 1 3 0 3 13 6 0 4 5 4 3 0 1 3 1 887 0 0 0
5 13 3 2 1 3 2 3 4 2 1 0 1 0 0 3 3 3 1 2 1 3 1 913 1 1 1
0 0 3 6 0 0 2 3 0 5 4 1 3 1 2 13 0 1 3 1 827 0 0 0
1 4 3 2 4 13 1 2 2 0 4 7 3 0 2 0 9 1 1 3 1 2 3 3 1 3 1 2 1 825 4 1 4
1 5 4 2 4 13 9 3 3 3 0 0 2 0 0 0 4 3 3 1 1 1 2 1 768 2 0 2
2 3 6 1 0 1 3 13 1 1 3 2 0 1 2 0 3 3 3 2 1 2 1 834 0 1 2
0 8 3 3 2 0 5 13 0 2 5 7 4 1 3 1 6 3 2 2 3 1 3 1 1 1 663 1 2 3
0 1 3 0 0 1 13 3 0 5 5 3 2 6 3 4 0 1 2 1 970 0 0 0
0 0 3 3 4 5 0 2 9 7 4 4 1 3 13 3 10 1 2 1 3 2 2 3 1 3 2 1 1 1 848 3 4 3
8 3 0 0 13 2 2 1 6 4 1 0 4 4 0 0 9 1 3 1 3 2 1 3 2 3 1 2 1 872 3 2 4
13 4 3 1 0 2 1 0 3 3 4 0 2 1 0 0 6 2 3 2 3 1 2 1 1 1 798 1 3 2
1 0 1 0 2 2 5 0 2 4 1 0 2 13 1 2 4 3 1 3 3 3 7 0.285714 8 0.285714 9 0.428571 863 1 0 3
2 3 2 3 7 4 7 9 0 5 13 4 1 0 2 1 1 3 1 1 1 823 0 0 1
0 3 10 2 2 0 1 13 0 3 5 4 1 5 4 2 10 2 2 3 2 3 1 3 1 1 3 1 1 1 1003 3 3 4
0 0 7 2 3 4 6 4 2 13 4 3 0 4 5 0 4 1 2 1 1 1 3 1 842 3 1 0
3 2 0 1 1 7 2 2 1 13 3 0 3 4 5 4 2 1 3 1 2 1 877 1 0 1
7 1 4 5 0 1 3 13 0 0 0 4 2 0 0 3 0 1 2 1 867 0 0 0
0 0 0 2 1 13 2 0 3 4 7 7 9 8 3 3 1 3 1 1 1 763 0 0 1
0 1 4 1 0 0 3 13 0 0 2 5 1 2 3 3 0 1 2 1 602 0 0 0
4 2 6 1 2 13 3 1 6 3 1 0 4 2 3 0 11 3 1 1 3 2 2 1 2 2 3 1 1 3 1 916 4 4 3
1 3 4 2 13 2 1 2 4 1 3 0 9 3 2 0 10 1 1 2 2 2 1 3 3 1 3 1 3 1 973 4 3 3
0 3 0 0 4 1 0 0 7 13 3 0 5 4 2 1 3 3 1 2 1 2 1 853 1 1 1
1 13 3 3 3 7 8 7 9 5 4 3 2 3 1 0 8 3 2 3 1 2 1 2 1 1 2 1 789 3 3 2
0 0 0 3 0 0 5 3 0 3 7 6 1 1 13 3 6 2 2 3 3 3 1 1 2 1 863 1 2 3
2 6 3 1 2 13 1 0 5 10 7 3 0 3 3 2 7 1 3 3 1 2 1 3 1 2 1 898 3 1 3
1 5 13 1 5 3 2 8 5 8 2 4 0 3 3 0 10 1 2 1 1 3 2 1 3 2 3 1 2 1 816 4 3 3
13 9 0 2 1 6 3 2 2 0 0 0 0 3 3 0 1 1 1 1 1 845 1 0 0
2 3 1 0 2 4 6 0 3 5 3 0 13 4 0 2 1 1 1 1 1 922 1 0 0
0 1 3 2 2 3 8 1 3 4 13 0 4 6 4 0 7 1 1 3 2 1 3 2 1 2 1 730 3 2 2
6 3 0 0 3 4 2 2 4 13 3 2 3 1 1 0 7 1 3 1 3 2 3 1 1 2 1 880 3 1 3
0 4 3 1 1 2 10 13 0 3 5 5 1 3 6 3 8 1 1 2 3 3 2 2 3 1 2 1 772 2 3 3
3 3 6 1 8 13 7 3 0 4 2 0 1 0 2 0 7 3 2 1 2 1 1 2 1 3 1 769 3 3 1
7 1 0 0 4 8 2 4 3 13 2 0 3 1 4 3 0 1 3 1 908 0 0 0
5 2 2 0 9 13 0 1 3 4 5 0 3 0 1 0 11 2 1 2 1 2 1 3 2 3 3 3 1 1 1 863 3 4 4
0 0 2 9 0 0 5 1 0 0 4 5 3 2 1 13 0 1 3 1 749 0 0 0
1 1 0 0 1 13 2 3 2 7 0 0 4 2 4 0 9 3 1 3 3 2 1 1 2 2 3 8 0.181818 9 0.272727 10 0.545455 926 3 3 3
3 3 4 3 6 7 1 6 3 1 13 4 2 8 1 2 10 2 3 1 2 3 3 3 2 2 1 1 1 1 789 2 4 4
5 3 0 0 1 2 0 1 4 13 7 2 1 7 5 7 9 1 2 2 3 3 2 2 1 1 1 3 1 753 3 4 2
13 6 2 1 2 6 1 3 8 0 3 0 2 0 1 0 5 3 3 3 1 3 1 2 1 817 1 0 4
3 2 5 1 5 13 5 3 1 4 3 0 1 3 2 0 8 2 1 1 2 1 3 3 2 1 2 1 743 3 3 2
1 3 13 7 5 2 4 2 1 3 1 0 0 0 3 0 9 2 2 2 3 1 2 1 1 3 1 3 1 944 3 4 2
5 3 13 2 1 6 4 7 0 3 1 2 0 1 3 3 7 1 2 3 3 3 2 2 1 1 1 922 1 3 3
1 13 3 0 6 7 0 0 5 4 0 4 2 3 3 0 9 1 1 2 3 3 2 2 1 2 1 1 1 672 3 4 2
3 0 1 13 3 1 4 6 3 6 7 4 0 2 2 8 10 2 3 3 1 2 1 2 1 2 3 1 1 1 745 3 4 3
1 1 4 1 4 8 0 0 3 13 2 2 1 3 0 0 6 1 3 2 2 2 3 1 3 1 775 1 3 2
3 6 3 2 3 13 5 1 1 4 3 0 3 2 0 0 9 3 3 1 2 3 3 1 1 2 1 2 1 883 3 2 4
4 13 1 4 3 3 5 1 2 3 3 0 0 7 0 0 0 1 2 1 698 0 0 0
2 3 1 9 3 4 5 7 0 2 2 13 1 2 3 9 5 1 3 1 3 1 1 2 1 924 3 0 2
1 3 8 9 5 7 13 3 3 2 3 5 0 5 1 2 11 1 2 2 3 3 2 1 1 3 2 3 1 1 1 907 3 4 4
1 4 0 2 4 5 3 6 2 6 13 0 2 1 1 3 9 3 2 3 1 1 1 3 2 2 1 3 1 813 3 3 3
3 6 3 1 3 13 5 0 2 5 4 3 2 9 3 0 4 1 3 2 1 1 3 1 905 2 1 1
9 4 3 0 3 5 3 0 6 13 0 2 3 8 2 4 9 3 3 1 1 3 3 1 2 1 1 2 1 1006 4 1 4
1 3 0 3 2 2 6 1 0 5 13 1 0 2 3 1 10 3 3 2 2 2 2 3 3 1 1 1 1 1 872 2 4 4
1 4 2 3 0 0 0 13 1 4 5 3 0 3 4 3 3 2 3 1 1 2 1 657 1 1 1
2 1 4 3 3 5 4 1 4 8 6 3 0 13 3 2 2 3 1 1 2 1 913 1 0 1
2 1 13 6 2 8 6 3 0 1 4 4 0 3 1 2 1 2 1 1 1 967 0 1 0
0 4 5 4 0 1 13 1 3 2 5 3 3 1 2 4 3 1 2 2 1 3 1 739 1 2 0
2 3 1 13 0 1 7 4 1 5 4 2 0 0 3 4 2 1 2 1 2 1 936 1 1 0
2 7 2 3 8 4 9 8 6 13 1 4 4 0 1 3 9 3 1 3 2 1 1 2 1 2 1 2 1 811 4 3 2
4 1 0 0 3 0 3 0 13 3 5 2 3 6 2 2 2 1 1 1 3 1 816 2 0 0
2 4 1 3 13 6 0 2 2 4 1 3 2 4 1 0 3 1 2 3 1 1 1 858 1 1 1
2 13 1 4 5 0 3 1 4 0 5 0 2 1 3 0 1 2 1 3 1 769 0 1 0
2 0 1 3 0 3 13 4 4 3 7 3 1 5 4 2 2 2 3 1 1 1 930 0 1 1
6 3 1 0 2 13 4 5 2 3 6 3 3 0 5 1 8 1 2 3 3 1 2 1 3 1 2 1 895 3 2 3
4 13 3 3 6 2 7 2 3 6 8 0 0 0 0 1 2 1 1 1 2 1 820 2 0 0
1 0 1 2 3 0 5 4 0 13 3 7 3 3 8 2 5 3 3 1 1 2 1 2 1 933 2 1 2
2 2 0 0 2 0 0 1 3 7 4 1 4 13 1 4 5 1 1 2 3 3 1 2 1 962 2 1 2
1 1 6 4 3 9 13 4 3 4 7 2 0 9 6 1 8 1 2 2 3 1 2 2 3 1 3 1 864 2 4 2
3 2 0 1 3 7 2 2 6 13 6 0 3 1 4 3 7 2 2 1 1 3 3 1 1 3 1 912 3 2 2
4 5 3 13 2 6 4 3 3 5 1 2 0 0 0 3 0 1 1 1 713 0 0 0
4 4 2 13 0 1 5 2 0 1 2 2 0 0 0 3 2 1 3 1 1 1 774 1 0 1
0 0 1 3 2 4 3 0 1 4 13 0 4 6 2 0 5 2 1 3 1 3 1 2 1 786 2 1 2
3 4 3 4 3 8 13 4 0 0 0 4 0 0 2 3 2 1 1 1 2 1 994 2 0 0
1 0 3 0 0 1 5 3 1 3 3 0 4 13 2 4 8 2 2 3 2 3 2 3 1 1 1 1 812 1 4 3
3 3 2 3 13 4 3 0 4 2 1 2 2 0 4 0 7 1 1 2 1 3 3 3 1 1 1 894 3 1 3
0 2 0 1 3 3 0 2 4 2 13 4 1 5 6 3 3 3 1 2 1 1 1 820 1 1 1
4 1 0 0 5 3 2 3 13 6 10 0 2 1 3 3 11 3 3 2 1 1 1 2 2 1 3 2 1 3 1 878 4 4 3
2 4 4 6 13 1 0 0 8 3 5 0 3 2 0 0 0 1 1 1 973 0 0 0
0 3 5 1 0 1 3 2 3 0 7 13 0 1 5 2 3 2 1 2 1 3 1 819 1 2 0
0 0 1 0 3 9 4 3 3 13 0 0 4 3 0 2 6 1 1 3 2 2 3 1 3 1 893 2 2 2
6 2 3 2 3 5 3 2 1 13 0 1 3 9 4 0 2 1 2 1 1 1 888 1 1 0
0 1 0 0 3 7 4 2 1 5 1 4 4 13 2 0 6 2 3 1 2 2 3 1 1 1 689 1 3 2
3 3 0 3 1 2 7 2 6 13 5 2 1 3 8 3 9 2 1 1 1 3 2 3 3 1 1 2 1 890 4 2 3
3 13 3 4 6 4 1 4 0 2 5 0 3 0 1 0 2 2 1 1 2 1 996 1 1 0
3 1 3 0 3 6 2 3 4 13 6 2 4 1 1 0 1 2 1 3 1 769 0 1 0
4 0 1 2 5 4 1 2 4 13 5 0 2 4 7 2 9 3 2 1 2 3 3 1 1 1 1 3 1 890 4 2 3
1 1 0 0 4 0 0 0 3 1 2 2 4 13 0 0 8 1 3 2 3 3 1 2 2 1 3 1 919 2 3 3
3 4 6 13 0 2 4 3 3 6 7 1 1 0 4 0 10 3 2 2 1 1 3 1 2 3 3 1 2 1 793 3 3 4
3 0 0 1 2 5 3 0 2 3 3 1 3 13 2 4 0 1 1 1 713 0 0 0
3 13 1 3 4 6 7 0 4 1 2 3 0 0 2 3 11 2 1 1 3 1 3 2 3 3 2 1 1 2 1 890 4 3 4
0 1 3 1 0 3 13 3 0 5 3 5 3 4 2 2 10 3 2 1 2 2 3 1 2 1 3 1 1 1 741 3 4 3
1 8 4 2 5 7 6 3 13 4 2 0 4 3 0 2 8 1 3 3 2 1 1 1 2 1 3 1 908 4 2 2
3 3 3 2 1 13 4 2 1 5 6 0 1 0 3 1 3 2 3 3 1 2 1 830 0 1 2
0 0 1 9 0 0 3 4 2 4 4 3 1 5 13 2 8 1 1 2 1 3 3 2 3 1 2 1 851 3 2 3
3 9 8 4 13 3 3 0 7 4 1 0 4 3 3 2 11 3 1 2 3 1 2 1 2 3 1 3 1 2 1 964 4 3 4
1 4 13 2 0 3 2 7 1 2 0 6 0 2 0 1 10 3 1 3 1 1 3 1 2 2 2 1 3 1 805 4 3 3
0 0 2 0 0 1 0 3 1 4 1 3 3 5 13 2 0 1 2 1 952 0 0 0
2 4 1 0 1 5 13 1 2 5 6 0 0 2 2 0 8 2 3 3 2 1 3 3 1 1 1 1 744 2 2 4
6 4 13 3 4 5 2 3 3 3 1 0 0 1 0 2 11 3 2 2 1 1 1 2 1 3 3 3 1 2 1 815 4 3 4
3 6 13 4 2 5 6 3 1 0 1 2 0 3 0 0 4 2 1 3 1 1 2 1 845 2 1 1
0 1 0 0 3 0 0 0 3 5 13 5 5 5 1 2 2 3 2 1 3 1 706 0 1 1
2 2 6 3 3 13 6 0 3 9 1 1 0 3 7 0 8 2 2 1 1 1 3 2 3 1 3 1 839 3 3 2
0 0 2 1 4 2 3 3 3 7 1 6 3 5 13 1 1 2 1 3 1 804 0 1 0
1 3 1 6 13 9 4 0 3 5 1 2 2 7 6 4 3 3 3 3 1 2 1 893 0 0 3
1 3 5 8 4 5 13 4 1 7 5 3 3 1 3 0 6 2 3 3 2 2 2 1 1 1 947 0 4 2
3 5 3 3 3 13 9 1 2 2 5 1 3 0 0 0 0 1 3 1 791 0 0 0
3 4 6 3 1 13 4 0 6 3 4 3 3 0 2 1 10 1 3 1 3 2 1 2 2 3 2 1 3 1 958 3 4 3
2 3 13 1 4 5 4 2 4 6 3 0 0 1 1 0 4 2 1 3 3 1 2 1 719 1 1 2
13 6 5 2 9 4 4 3 1 2 0 1 3 0 0 0 11 1 2 2 2 1 1 3 3 1 3 2 1 3 1 721 4 4 3
7 1 0 0 13 2 3 2 1 6 3 0 4 3 4 0 7 3 2 1 3 3 1 2 3 4 0.545455 5 0.272727 6 0.181818 853 2 2 3
3 4 13 1 5 3 0 0 2 7 0 2 0 1 0 0 2 3 2 1 1 1 845 0 1 1
7 0 0 0 0 0 3 1 1 7 4 13 0 5 5 4 2 2 3 1 2 1 929 0 1 1
13 1 3 2 1 7 5 1 3 4 6 3 1 3 2 0 3 2 3 2 1 3 1 836 0 2 1
0 3 3 3 5 7 9 1 3 5 13 6 2 2 7 3 7 3 1 2 3 1 2 1 1 3 1 877 3 2 2
1 7 4 2 3 8 13 2 1 3 3 6 0 1 2 1 1 3 1 2 1 721 0 0 1
3 4 13 6 4 8 3 1 0 1 0 2 0 0 3 0 3 2 1 2 3 4 0.545455 5 0.272727 6 0.181818 763 1 2 0
0 3 0 3 3 0 5 13 3 1 5 2 0 1 3 2 7 3 3 2 1 1 1 2 1 2 1 833 3 2 2
1 2 3 3 0 7 13 6 6 3 8 3 0 0 1 0 0 1 2 1 811 0 0 0
0 5 1 3 0 4 5 3 2 4 7 3 3 1 0 13 0 1 2 1 828 0 0 0
3 1 4 0 13 4 0 1 3 2 2 5 5 3 4 1 0 1 2 1 782 0 0 0
0 2 6 4 2 0 3 13 3 1 5 1 0 0 8 2 10 3 1 1 2 3 2 1 1 3 2 1 3 1 768 4 3 3
1 1 5 4 4 3 6 3 13 7 1 1 3 2 2 3 1 2 1 2 1 696 0 1 0
4 7 3 5 9 13 5 4 3 4 3 3 0 3 2 0 3 1 1 3 1 2 1 781 2 0 1
4 0 0 0 1 13 2 3 6 7 4 0 4 9 5 2 5 1 1 2 3 2 1 1 1 800 2 2 1
1 0 0 0 5 3 4 3 0 2 13 1 3 3 2 0 5 2 3 3 2 1 1 1 1 998 1 2 2
0 0 4 0 5 0 1 0 3 5 4 0 13 3 4 2 4 1 1 2 3 1 2 1 778 2 1 1
5 2 9 2 3 13 4 1 8 4 2 5 1 0 1 0 5 2 3 2 1 3 1 1 1 868 1 2 2
0 0 0 4 0 0 3 4 1 13 6 1 0 2 5 1 7 3 2 1 2 1 2 3 1 2 1 841 2 3 2
13 3 4 0 3 5 3 2 2 3 1 0 3 1 0 0 9 3 1 2 3 2 3 2 1 1 1 3 1 882 3 3 3
3 0 0 0 4 1 3 2 4 1 1 1 2 13 1 0 5 2 3 3 2 3 1 2 1 728 0 2 3
0 0 3 2 0 3 0 2 3 13 3 4 3 1 6 3 6 1 2 1 2 3 3 1 1 1 738 2 2 2
3 3 4 0 1 13 3 0 5 1 4 1 4 0 2 0 1 2 1 2 1 857 0 1 0
3 0 2 2 0 0 4 13 3 2 6 3 0 0 1 0 4 1 3 1 1 1 2 1 816 3 0 1
4 13 9 5 2 4 3 0 0 2 5 4 0 0 3 2 8 1 3 3 3 1 1 2 1 1 3 1 952 4 1 3
2 13 9 7 0 4 6 4 3 0 4 3 2 0 1 0 7 2 1 3 1 1 2 2 1 1 1 814 3 3 1
5 4 9 3 3 13 5 7 2 3 1 0 0 2 0 0 8 1 1 3 3 2 1 1 2 1 2 1 812 4 2 2
2 1 3 3 3 4 7 2 1 1 3 13 0 5 2 3 11 3 1 2 1 3 3 2 2 1 2 3 1 1 1 934 3 4 4
5 7 0 0 1 13 3 3 3 4 8 3 1 3 2 3 0 1 2 1 964 0 0 0
2 0 10 4 0 0 4 13 0 1 6 6 0 3 1 1 4 2 1 2 3 1 2 1 848 1 2 1
4 7 3 4 4 13 7 0 10 8 2 3 0 1 3 0 9 1 2 1 3 2 2 1 1 2 1 3 1 1093 4 4 1
13 3 4 2 1 8 6 6 1 3 3 3 2 1 0 0 7 1 3 2 3 1 2 3 1 2 1 827 2 2 3
8 3 13 2 2 6 2 4 0 1 0 3 0 1 1 0 0 1 3 1 911 0 0 0
4 3 9 0 3 5 3 0 13 0 2 2 4 0 0 0 5 1 3 1 1 2 1 3 1 700 3 1 1
0 0 3 3 2 1 8 13 0 5 5 4 0 3 4 2 10 1 1 3 1 2 3 1 2 3 2 1 3 1 777 4 3 3
4 0 0 3 5 1 0 2 2 1 1 0 3 13 4 7 5 2 2 3 1 2 1 1 1 824 1 3 1
4 1 3 2 6 13 5 8 3 5 9 0 0 1 3 0 10 3 3 3 1 1 2 1 3 2 2 1 2 1 948 3 3 4
1 6 0 0 2 4 3 2 1 5 13 0 2 3 4 0 8 1 2 2 3 1 3 1 3 3 8 0.181818 9 0.272727 10 0.545455 743 3 2 3
0 3 2 2 5 5 3 4 0 1 1 2 3 6 13 3 10 3 2 1 3 1 2 2 1 1 3 1 3 1 872 4 3 3
0 1 0 9 3 6 4 3 0 4 7 13 2 5 4 6 9 3 1 1 1 2 2 2 3 3 1 3 1 831 3 3 3
3 0 3 3 2 1 5 6 4 13 4 8 1 9 2 4 10 1 2 2 2 1 2 1 3 3 3 1 1 1 697 3 4 3
3 5 0 0 3 6 3 6 4 2 1 3 2 4 13 3 8 2 1 1 2 1 2 3 3 1 1 1 845 3 3 2
1 3 13 3 5 4 0 1 1 3 0 6 3 0 3 0 5 2 2 3 1 2 1 2 1 819 1 3 1
3 0 0 1 4 2 5 2 1 1 2 1 1 13 6 5 3 2 2 3 1 3 1 760 0 2 1
2 0 2 4 0 0 3 13 0 0 6 4 0 1 1 1 8 2 1 2 2 3 3 1 3 1 3 1 849 2 3 3
2 1 0 0 1 8 6 1 5 3 13 5 2 2 7 3 3 2 1 3 1 3 1 886 1 1 1
3 3 2 0 2 6 1 0 13 3 1 3 2 3 2 3 1 1 1 1 1 875 1 0 0
3 2 9 1 0 2 2 13 1 4 3 3 1 7 4 0 11 1 1 3 2 2 2 2 1 3 3 1 1 3 1 897 4 4 3
3 2 4 4 0 3 13 1 0 3 4 4 0 0 3 0 10 2 3 1 3 2 1 2 3 1 1 1 2 1 829 4 3 3
5 0 6 0 1 4 4 3 5 13 9 5 3 2 1 0 5 2 2 1 3 3 1 3 1 949 1 2 2
3 13 7 5 3 4 5 1 4 2 8 1 0 0 0 1 7 3 2 3 2 3 1 2 1 3 1 865 1 3 3
3 3 5 0 5 6 3 4 13 2 3 1 5 3 1 0 1 3 1 2 1 953 0 0 1
0 1 4 1 0 0 5 4 3 0 3 13 2 4 5 2 11 2 3 2 2 1 1 3 1 1 2 3 1 3 1 690 4 4 3
13 4 1 0 6 4 0 0 4 3 0 2 3 1 0 0 2 3 2 1 3 1 769 0 1 1
4 5 1 3 3 13 3 1 3 1 8 2 2 5 0 0 10 1 2 3 2 3 2 1 3 2 3 1 1 1 821 2 4 4
4 9 9 1 1 13 5 3 0 0 2 2 0 2 0 4 9 2 3 1 2 2 1 1 1 3 1 3 1 1012 4 3 2
3 9 3 1 0 3 13 4 0 6 3 3 2 0 0 0 11 2 1 1 1 2 3 3 2 3 1 3 1 2 1 946 4 3 4
0 1 0 0 0 3 3 1 2 2 5 13 1 4 4 1 1 2 1 2 1 820 0 1 0
0 0 0 13 2 4 4 5 0 0 0 3 0 0 0 3 7 1 2 3 3 3 1 2 1 1 1 987 2 2 3
2 2 3 1 1 3 7 13 0 5 1 1 0 3 3 0 6 3 1 2 3 2 2 1 3 1 754 1 3 2
0 2 2 0 0 0 3 3 3 4 5 3 3 13 1 3 5 1 3 3 1 3 1 2 1 971 2 0 3
1 4 7 6 13 3 2 1 8 3 4 2 1 0 0 0 10 2 1 2 3 1 2 3 1 2 3 1 3 1 752 3 4 3
1 0 0 0 3 5 0 0 13 2 5 3 9 3 3 0 10 3 1 2 3 1 1 2 2 3 2 1 1 1 824 3 4 3
0 0 2 0 0 3 5 1 0 0 13 5 3 4 2 3 8 2 2 1 3 3 1 2 1 1 1 1 810 3 3 2
2 4 0 0 2 3 4 0 8 7 3 3 13 5 0 0 8 1 1 2 3 1 3 1 3 1 2 1 809 4 1 3
2 2 8 3 13 4 3 2 5 4 6 1 4 3 3 0 8 3 1 1 1 2 3 2 3 1 1 1 685 3 2 3
6 13 7 2 8 1 4 4 6 3 0 1 3 0 0 1 8 1 3 1 3 2 2 2 2 1 3 1 831 2 4 2
4 4 4 1 2 6 13 0 4 3 1 3 3 0 0 2 1 1 1 2 1 815 1 0 0
0 3 1 7 1 5 2 3 2 1 2 3 0 1 13 4 3 2 3 3 1 3 1 796 0 1 2
2 3 5 0 0 2 2 3 1 13 2 0 1 4 3 4 2 1 3 1 1 1 746 1 0 1
0 0 3 3 0 3 1 4 1 2 13 5 2 5 4 7 10 3 2 1 3 1 2 2 3 1 2 1 1 1 759 3 4 3
3 3 4 0 2 3 5 3 5 13 2 3 1 6 3 0 0 1 1 1 765 0 0 0
0 1 8 3 4 3 2 3 2 5 1 13 0 3 3 3 2 2 1 1 3 1 878 1 1 0
0 2 0 0 3 0 4 2 2 4 3 0 3 13 6 5 4 1 3 3 1 1 1 1 921 2 0 2
2 0 2 0 1 6 4 9 1 4 1 3 4 13 2 0 8 1 3 2 3 1 3 2 1 1 2 1 817 3 2 3
2 3 1 4 2 6 1 0 2 13 3 0 2 1 1 2 6 3 1 3 1 3 3 1 2 1 765 2 0 4
0 5 3 6 1 7 4 3 0 0 5 13 1 3 1 4 2 2 2 1 2 1 915 0 2 0
2 5 3 3 3 7 13 1 6 2 1 3 2 8 1 0 5 2 3 1 3 3 1 3 1 889 1 1 3
0 0 1 3 0 3 2 2 0 4 6 5 3 5 13 8 2 2 1 1 1 1 705 1 1 0
4 7 4 2 8 13 6 0 1 3 2 2 1 0 3 1 4 1 3 2 2 1 1 1 971 1 2 1
2 3 7 3 7 6 5 2 3 13 5 1 3 3 2 0 6 1 3 1 1 3 2 1 3 1 731 3 1 2
3 1 1 0 8 2 3 0 13 2 0 3 9 6 4 2 6 3 2 2 3 1 1 1 1 1 787 2 2 2
0 0 2 1 3 6 8 0 1 13 3 3 3 3 5 1 1 2 1 2 1 765 0 1 0
3 0 3 0 5 0 6 1 4 13 8 8 2 5 1 0 3 2 2 1 1 3 1 832 1 2 0
3 0 0 2 1 2 2 2 4 4 3 4 1 13 3 1 10 1 1 3 3 2 1 3 3 1 2 1 2 1 770 4 2 4
0 0 3 0 0 0 4 4 0 4 4 13 1 3 2 4 0 1 3 1 818 0 0 0
1 6 0 0 5 4 0 0 13 4 2 3 3 5 4 2 9 1 2 2 1 3 3 1 1 2 1 3 1 834 4 3 2
3 5 13 2 1 2 5 3 2 2 0 1 0 0 4 4 3 1 3 3 1 1 1 878 1 0 2
13 3 3 3 3 1 5 3 0 3 0 2 2 0 0 0 0 1 1 1 743 0 0 0
3 3 0 0 4 0 0 2 3 3 1 0 4 9 13 3 5 2 3 1 2 1 1 3 1 941 2 2 1
0 3 0 1 1 4 2 2 1 3 4 13 0 2 1 3 2 2 1 1 2 1 789 1 1 0
2 4 0 1 2 8 5 7 6 5 6 2 1 3 13 8 6 1 1 2 3 3 1 1 2 1 846 3 1 2
2 2 3 0 3 4 3 5 1 1 5 2 1 1 13 9 1 2 1 3 1 795 0 1 0
4 3 8 3 1 5 7 2 13 8 3 0 4 4 2 1 9 2 2 3 1 3 3 2 1 3 1 1 1 782 2 3 4
0 0 0 1 0 2 4 4 4 13 7 3 1 6 5 3 8 1 1 2 2 3 3 3 3 1 2 1 706 2 2 4
5 8 1 2 2 6 7 5 3 13 4 1 2 0 3 0 4 3 1 1 2 1 3 1 1011 2 1 1
2 3 4 2 1 5 13 3 1 6 1 5 0 0 2 6 6 3 2 3 1 3 1 1 2 1 705 2 1 3
2 1 4 5 0 0 2 13 3 4 1 1 0 0 0 2 5 2 2 3 3 1 1 1 1 714 1 2 2
1 4 1 4 0 2 5 1 3 0 7 13 0 3 5 3 1 2 1 2 1 884 0 1 0
3 6 13 3 4 4 4 1 0 2 4 7 3 0 0 9 9 2 2 2 1 1 3 1 3 2 1 1 1 780 3 4 2
2 5 6 2 5 13 5 3 1 4 1 4 0 2 3 0 7 1 2 1 3 3 2 1 1 3 1 860 3 2 2
1 0 5 13 0 2 4 2 0 0 3 5 0 0 0 1 0 1 3 1 818 0 0 0
0 2 0 0 1 1 8 2 2 3 13 5 2 5 6 2 6 1 3 3 1 1 3 1 3 1 805 3 0 3
3 5 3 1 6 13 7 8 2 7 3 7 1 0 2 0 5 2 1 3 3 3 1 3 1 783 1 1 3
4 13 3 3 2 3 5 3 3 1 3 0 1 0 0 0 9 1 3 2 2 2 1 1 3 2 1 3 1 914 3 4 2
2 1 0 0 7 1 3 0 2 5 13 5 4 4 2 4 0 1 1 1 796 0 0 0
1 8 13 4 6 7 4 5 1 5 2 3 4 2 1 0 6 1 2 1 2 2 3 1 3 1 949 2 3 1
3 2 3 1 13 8 6 1 3 5 0 0 3 4 0 0 0 1 2 1 740 0 0 0
2 2 0 2 5 13 6 3 4 1 4 1 3 2 0 0 9 3 1 1 1 3 2 1 3 2 1 3 1 779 4 2 3
0 5 2 4 1 1 6 3 1 3 2 3 2 1 13 4 1 3 1 2 1 693 0 0 1
2 5 4 3 6 4 13 3 7 7 2 1 1 0 3 0 0 1 3 1 744 0 0 0
5 8 1 3 1 7 1 5 2 1 13 3 0 3 2 7 2 2 3 1 2 1 794 0 1 1
4 3 1 2 4 6 4 2 13 10 0 0 1 3 1 3 6 3 1 1 2 2 3 1 2 1 1027 2 2 2
3 1 3 0 3 3 8 5 13 4 2 2 2 5 7 3 4 1 3 1 2 1 1 1 705 2 1 1
5 2 2 2 1 3 2 3 4 13 2 0 2 8 1 3 6 3 1 1 3 3 1 1 1 1 747 3 0 3
0 0 1 0 2 6 0 0 3 3 4 4 3 4 13 4 8 3 3 2 3 1 1 2 1 1 2 1 687 3 2 3
3 0 2 0 1 3 0 0 4 7 0 0 1 13 5 3 2 2 1 1 2 1 862 1 1 0
1 3 2 0 3 9 0 1 13 5 0 0 2 5 1 3 3 1 2 3 1 2 1 913 1 1 1
7 13 9 3 2 7 3 1 5 4 0 0 3 2 0 0 1 3 1 1 1 1112 0 0 1
0 5 3 13 1 3 4 3 0 0 0 1 0 0 1 0 7 2 3 2 1 2 3 2 1 3 1 827 1 4 2
0 3 0 2 1 1 0 3 0 5 3 6 0 2 13 2 2 1 3 1 3 1 914 1 0 1
0 3 2 3 0 0 4 3 0 3 13 4 1 2 5 1 2 1 2 1 3 1 786 1 1 0
0 0 3 1 2 6 0 3 2 5 1 5 3 9 13 1 2 3 2 1 3 1 866 0 1 1
13 1 1 2 1 3 2 4 1 4 5 2 3 2 0 0 8 1 2 2 3 1 3 2 1 1 3 1 839 3 3 2
1 4 3 2 13 4 3 1 1 1 3 2 1 3 6 3 6 1 2 3 2 2 2 3 7 0.285714 8 0.285714 9 0.428571 805 1 4 1
0 0 3 5 2 2 1 13 0 4 6 4 0 2 3 1 3 1 3 3 1 3 1 917 1 0 2
3 0 3 0 0 7 1 4 2 13 7 7 1 3 6 3 9 3 2 1 2 3 3 1 2 1 1 2 1 774 3 3 3
3 1 7 5 1 5 4 2 4 13 6 0 4 0 2 1 3 2 1 3 1 2 1 949 1 1 1
0 5 0 3 2 6 1 0 4 7 13 0 5 8 3 3 8 2 3 2 1 2 3 3 1 1 1 1 825 2 3 3
1 5 13 2 4 3 2 6 5 4 1 0 2 0 3 0 7 3 3 1 2 3 1 1 1 2 1 841 3 1 3
3 8 5 4 6 7 13 1 2 6 4 3 3 2 2 0 1 1 1 1 1 845 1 0 0
1 1 1 3 3 0 2 13 5 4 7 3 5 2 2 5 4 1 2 3 3 1 3 1 856 1 1 2
3 2 4 3 2 0 2 13 2 6 4 5 0 3 0 3 5 1 3 1 3 1 1 1 1 864 3 0 2
1 5 3 2 5 13 7 0 2 5 1 5 0 6 2 3 4 1 3 2 3 1 1 1 945 1 1 2
1 4 4 2 5 13 3 0 4 8 2 0 4 2 0 0 9 3 2 1 3 1 2 3 1 3 1 1 1 881 3 2 4
1 2 2 0 6 4 3 3 4 13 4 3 3 3 3 4 9 3 2 2 3 2 3 1 1 1 1 1 1 892 3 3 3
1 2 13 2 3 2 8 5 6 1 4 3 0 1 3 2 1 1 1 3 1 820 1 0 0
0 1 3 4 4 3 2 4 0 0 6 13 1 0 2 1 4 2 3 1 2 1 3 1 668 1 2 1
3 5 4 5 0 3 3 13 1 4 3 1 2 0 6 3 1 2 1 3 1 770 0 1 0
3 4 13 3 1 5 4 1 0 3 2 3 0 0 1 3 5 1 2 2 1 2 1 2 1 847 2 3 0
1 5 3 4 0 4 13 2 2 4 5 1 0 0 0 3 11 1 2 1 1 1 3 2 2 2 3 3 1 3 1 846 4 4 3
0 0 2 0 1 3 7 3 7 4 5 5 3 3 13 2 2 3 3 1 1 1 836 0 0 2
4 5 13 1 5 7 4 2 1 5 2 0 0 0 0 3 4 2 2 1 1 1 3 1 805 2 2 0
0 0 3 13 0 2 5 7 1 4 6 2 1 0 3 2 1 3 1 1 1 907 0 0 1
1 9 3 4 1 0 13 4 0 4 2 3 0 0 1 0 5 2 2 3 3 2 1 1 1 990 0 3 2
4 3 8 3 2 2 8 13 4 6 4 5 0 0 0 4 7 1 3 1 3 1 1 2 1 2 1 958 4 1 2
2 5 5 4 3 13 0 0 1 3 4 0 1 0 2 0 11 2 3 1 2 3 2 3 3 1 2 1 1 1 1 753 3 4 4
4 13 5 3 3 2 1 5 0 3 4 1 1 0 2 3 8 3 2 2 1 3 2 1 1 1 2 1 782 3 3 2
4 0 1 0 8 3 0 0 4 13 1 1 2 2 4 3 3 3 3 3 1 2 1 853 0 0 3
0 3 0 3 0 6 13 3 0 3 5 2 1 0 3 4 11 1 3 3 1 2 1 2 2 2 3 1 1 3 1 776 4 4 3
6 0 2 1 3 3 0 0 2 13 6 0 4 1 4 3 0 1 3 1 906 0 0 0
2 0 3 0 8 5 3 2 3 13 6 1 1 1 4 7 3 1 2 2 1 3 1 959 1 2 0
2 7 2 3 13 5 0 2 1 1 0 0 1 1 0 0 1 3 1 2 1 895 0 0 1
8 2 2 4 6 13 8 0 4 3 6 1 0 3 1 0 3 1 3 2 3 7 0.285714 8 0.285714 9 0.428571 827 1 1 1
7 0 0 0 2 1 5 2 1 3 3 2 13 7 4 5 10 3 2 1 3 1 1 1 3 2 2 1 3 1 911 4 3 3
0 4 13 2 2 2 5 4 0 3 5 2 3 0 1 3 3 1 1 1 1 3 1 793 3 0 0
0 4 7 3 7 4 13 2 4 5 4 6 0 1 4 0 3 1 2 2 1 1 1 827 1 2 0
3 4 13 4 1 6 1 7 0 3 0 6 1 0 0 4 3 3 2 2 1 2 1 819 0 2 1
4 3 0 1 2 4 2 3 4 6 13 1 1 5 7 3 6 1 1 3 3 2 2 1 2 1 934 2 2 2
0 0 3 6 0 3 4 5 1 1 6 13 0 2 4 3 7 3 1 2 2 1 3 2 1 3 1 940 2 3 2
9 10 3 3 6 2 13 0 1 6 4 0 0 3 1 0 5 1 2 2 2 1 1 3 1 871 2 3 0
0 0 1 0 4 2 4 0 3 3 3 4 3 6 13 0 3 1 3 2 1 3 1 866 1 1 1
3 8 0 0 13 3 4 0 5 5 3 1 1 2 0 0 7 3 2 1 3 3 2 2 1 1 1 877 1 3 3
0 8 0 6 0 7 4 5 6 2 13 3 3 5 3 1 5 2 2 1 1 3 1 3 1 940 2 2 1
0 0 1 3 0 2 5 4 5 3 13 1 2 1 2 4 9 2 3 2 1 3 3 1 1 3 1 2 1 729 3 2 4
5 13 2 3 4 4 7 3 0 1 3 0 0 0 1 0 10 2 1 3 1 3 2 2 3 3 1 1 2 1 890 3 3 4
0 3 4 2 6 3 8 3 13 1 2 1 4 4 6 3 5 3 2 1 2 1 1 3 1 825 2 2 1
4 4 2 0 3 4 2 3 4 13 1 0 0 1 3 2 6 1 3 3 2 1 2 1 1 1 912 2 2 2
3 0 0 1 4 2 4 3 5 4 13 4 3 2 4 1 7 3 3 1 2 1 2 1 1 2 1 903 3 2 2
5 0 2 0 13 4 3 3 6 5 3 1 5 3 3 0 2 3 2 1 1 1 773 0 1 1
2 4 2 3 13 4 0 0 4 5 0 0 1 3 3 3 0 1 1 1 790 0 0 0
1 3 3 3 0 2 6 5 0 13 1 5 0 4 0 4 8 1 3 2 2 1 2 1 2 1 3 1 790 3 4 1
3 13 7 5 0 3 1 0 2 6 0 3 1 0 0 0 1 2 1 3 1 809 0 1 0
2 3 0 0 3 6 0 1 1 4 1 3 4 2 13 3 7 1 3 3 2 3 2 2 1 1 1 939 1 3 3
2 0 0 3 4 1 4 0 13 1 2 0 2 6 1 4 11 2 3 3 3 1 1 1 2 2 3 1 1 2 1 979 4 3 4
4 3 2 0 4 13 5 0 2 6 1 2 0 0 1 0 0 1 1 1 756 0 0 0
0 2 4 1 1 5 13 2 4 3 6 1 0 3 0 2 0 1 3 1 904 0 0 0
7 1 13 3 0 4 4 7 1 6 2 2 0 6 4 3 6 3 2 1 2 2 1 1 1 1 908 2 3 1
3 0 0 0 3 4 5 0 13 4 2 1 5 3 3 0 3 2 3 3 1 1 1 667 0 1 2
0 0 0 1 2 3 1 3 10 5 4 5 6 13 3 2 3 2 1 3 1 3 1 690 1 1 1
3 2 8 9 3 4 9 5 3 6 13 1 0 2 3 1 1 3 1 3 1 1062 0 0 1
0 3 5 3 4 7 5 6 0 3 5 13 2 4 4 4 0 1 1 1 793 0 0 0
4 3 0 2 1 4 1 0 13 7 6 0 2 5 2 3 10 3 3 2 2 2 3 1 1 1 1 1 3 1 856 4 3 3
2 13 4 3 2 7 1 4 3 1 0 0 1 2 0 0 3 1 2 3 1 3 1 829 1 1 1
4 1 3 2 3 4 7 4 13 3 0 3 7 5 2 0 9 2 2 2 3 1 1 1 3 3 1 1 1 901 3 3 3
1 5 1 3 4 4 3 0 4 13 2 4 0 5 0 0 9 1 2 2 3 3 3 1 1 2 1 2 1 834 3 3 3
2 3 4 1 5 5 0 0 13 2 3 0 9 0 2 6 8 1 2 3 3 1 2 3 1 1 1 1 763 3 2 3
4 1 1 0 2 6 4 0 2 13 0 0 4 0 0 1 1 3 1 2 1 817 0 0 1
2 0 0 0 1 3 3 0 8 5 4 2 13 4 2 3 7 3 2 1 3 1 1 3 3 7 0.285714 8 0.285714 9 0.428571 888 3 1 3
1 6 3 1 4 13 2 3 3 6 3 2 1 0 2 0 4 1 1 2 3 1 2 1 749 2 1 1
0 0 1 3 2 6 3 13 0 5 1 3 0 3 3 4 1 2 1 3 1 787 0 1 0
2 6 13 2 3 1 6 4 4 0 2 1 3 0 3 0 9 2 1 1 3 1 1 3 3 2 1 2 1 867 4 2 3
1 13 3 1 6 3 2 0 2 1 4 2 3 0 5 1 10 1 2 3 1 2 3 3 2 2 3 1 1 1 708 2 4 4
2 1 7 5 1 1 13 2 3 3 5 2 3 1 0 2 0 1 3 1 819 0 0 0
0 3 0 0 3 6 3 2 4 1 13 4 3 3 3 4 8 2 1 2 1 1 2 2 1 1 3 1 791 4 4 0
2 13 5 1 1 5 4 0 2 3 3 2 0 0 1 3 11 3 1 3 3 1 1 2 1 2 2 3 1 2 1 894 4 3 4
4 3 2 3 13 0 1 2 6 3 2 0 1 3 0 0 7 3 2 3 3 1 1 2 1 1 1 724 2 2 3
4 5 2 5 1 13 7 4 1 5 0 2 0 1 0 0 4 2 3 1 2 1 3 1 792 1 2 1
2 4 3 2 5 13 4 0 1 6 0 0 1 3 0 0 8 2 3 1 2 3 1 2 3 1 1 1 889 2 3 3
4 13 5 3 5 0 4 0 4 0 1 0 0 2 0 0 5 1 3 3 2 3 3 5 0.428571 6 0.285714 7 0.285714 826 1 1 3
0 4 3 3 1 3 2 1 4 2 4 13 1 3 2 8 10 3 1 3 2 2 1 2 3 1 2 1 1 1 692 3 4 3
3 1 6 2 13 5 0 2 2 6 4 3 3 1 3 0 10 1 2 1 3 3 3 2 2 1 1 1 3 1 1016 4 3 3
1 13 4 4 1 9 6 5 5 1 2 1 3 1 3 0 6 2 2 2 2 3 3 1 3 1 802 0 4 2
3 4 1 1 5 8 4 6 2 1 13 2 3 0 1 7 1 2 1 2 1 812 0 1 0
3 1 13 3 2 3 5 6 2 4 3 3 0 1 0 3 8 2 1 3 2 1 3 2 1 1 3 1 1026 3 3 2
0 6 4 4 3 4 13 3 0 2 3 1 0 0 0 3 7 1 3 2 2 2 3 1 1 1 1 763 2 3 2
0 2 0 4 3 1 3 2 1 0 3 13 0 0 0 4 9 3 1 2 1 3 2 3 2 1 1 3 1 882 3 3 3
2 0 0 3 3 0 3 0 1 4 7 3 5 13 6 2 9 3 2 3 1 3 1 1 2 1 1 2 1 854 4 2 3
4 13 3 3 9 4 5 1 3 7 6 1 0 0 3 2 6 3 2 2 1 2 1 1 3 1 804 2 3 1
5 1 2 0 7 1 4 1 13 4 0 3 3 6 5 2 7 2 3 3 2 2 1 3 1 1 1 856 1 3 3
3 0 4 3 2 6 1 1 8 3 5 0 4 13 6 3 1 2 3 6 0.333333 7 0.333333 8 0.333333 861 0 1 0
6 0 1 0 3 5 1 2 5 2 13 0 2 2 4 3 1 1 1 1 1 835 1 0 0
3 3 4 3 2 13 8 2 7 6 1 1 4 0 2 0 3 1 2 3 1 1 1 794 1 1 1
0 3 0 4 2 3 5 5 3 5 13 3 1 3 2 2 4 3 1 2 1 1 1 1 770 2 1 1
0 2 5 1 3 4 13 1 1 3 4 3 0 3 0 1 5 3 2 2 2 2 1 1 1 1165 0 4 1
13 3 3 3 7 3 0 0 5 4 1 0 2 0 0 0 4 2 2 1 1 1 3 1 795 2 2 0
1 5 13 2 0 4 1 5 2 2 1 3 0 0 2 0 10 3 1 2 2 1 1 3 1 3 3 1 2 1 939 4 2 4
4 0 1 0 5 3 0 0 6 3 4 0 9 13 2 1 8 2 3 3 3 2 2 1 1 1 3 1 756 2 3 3
4 0 9 0 13 0 3 0 6 7 1 0 2 4 1 2 6 3 1 2 3 2 3 1 1 1 854 1 2 3
4 2 4 8 1 13 3 0 3 7 6 1 3 0 0 0 5 3 2 2 2 1 1 1 1 891 1 3 1
3 4 13 8 2 6 2 1 4 5 3 0 0 6 1 0 11 2 2 3 2 1 1 1 2 3 1 3 1 3 1 854 4 4 3
6 2 1 3 0 3 13 1 2 8 7 3 2 4 0 1 11 3 2 1 1 1 3 2 2 3 1 3 1 2 1 793 4 3 4
1 5 13 4 3 6 3 0 2 3 1 3 4 0 0 2 6 1 2 1 2 2 1 1 3 1 748 3 3 0
9 13 6 4 0 7 1 4 2 2 0 2 0 3 0 0 6 1 3 1 2 3 3 1 1 1 846 2 1 3
3 1 4 0 4 6 2 0 13 3 0 0 6 2 1 1 10 2 1 1 2 3 3 1 3 3 2 1 2 1 868 3 3 4
0 1 3 1 3 4 6 4 0 0 13 5 1 4 5 3 5 2 2 2 1 2 1 3 1 838 1 4 0
0 2 3 0 1 1 2 3 5 4 4 3 0 3 2 13 10 1 2 2 2 3 3 1 3 3 1 1 1 1 780 3 3 4
4 3 5 2 1 1 13 6 0 3 3 3 2 1 0 4 1 3 1 2 1 877 0 0 1
0 3 1 3 1 4 4 13 3 5 7 2 3 6 4 2 5 2 1 1 3 2 1 3 1 987 2 2 1
1 3 2 4 3 13 4 2 1 9 5 0 0 2 4 0 1 3 1 1 1 779 0 0 1
2 7 3 2 13 1 5 4 0 4 1 2 3 2 1 0 7 2 1 3 1 1 3 2 3 8 0.181818 9 0.272727 10 0.545455 896 3 2 2
0 4 4 4 1 0 7 13 0 3 4 5 0 0 3 9 10 2 1 3 2 3 2 1 2 3 1 1 3 1 822 3 4 3
1 3 4 1 1 6 7 3 1 8 3 2 2 6 13 2 1 3 1 2 1 879 0 0 1
0 3 1 0 4 4 0 1 7 3 13 4 9 5 7 4 9 3 2 1 3 3 2 3 2 2 1 1 1 727 1 4 4
1 0 3 2 4 7 2 0 5 6 3 0 2 13 5 3 1 1 1 1 1 702 1 0 0
0 0 1 3 2 3 4 5 1 6 13 3 0 3 1 2 7 3 3 2 2 2 1 3 1 1 1 933 1 3 3
4 5 7 4 0 5 13 2 0 0 5 3 0 2 0 2 7 1 3 2 3 1 3 1 1 1 1 858 3 1 3
3 0 4 3 5 3 3 3 1 13 8 0 1 2 2 7 10 1 3 3 2 1 1 2 3 1 2 1 2 1 901 4 3 3
0 0 3 2 0 3 1 5 1 0 7 13 5 1 6 2 10 1 2 1 3 2 3 2 3 3 2 1 1 1 958 2 4 4
3 0 2 0 3 1 5 2 3 7 6 1 13 5 0 3 11 2 2 2 1 3 1 3 2 1 1 3 1 3 1 849 4 4 3
0 3 7 2 0 4 5 4 1 3 13 4 0 6 2 0 2 1 3 1 3 1 976 1 0 1
3 4 4 1 0 3 13 6 1 8 3 3 5 0 0 2 7 2 2 3 1 2 2 1 1 1 1 873 2 4 1
0 3 2 7 3 1 3 5 1 3 5 13 0 4 6 1 5 1 3 2 2 3 1 2 1 832 1 2 2
0 0 0 2 1 5 3 0 5 8 3 2 2 3 13 3 5 1 1 1 3 3 1 2 1 946 3 0 2
9 4 4 1 7 2 13 5 1 1 3 2 0 0 3 2 1 1 1 2 1 924 1 0 0
9 3 2 0 13 4 8 1 1 5 5 0 1 4 1 3 2 2 2 1 2 1 786 0 2 0
3 0 0 1 0 4 0 3 0 5 3 4 3 1 13 8 7 2 2 1 2 1 2 3 1 3 1 789 2 4 1
11 13 3 9 3 2 5 6 4 1 4 4 0 2 1 1 4 3 2 1 2 1 3 1 825 1 2 1
0 2 5 3 3 0 3 13 0 2 5 4 1 5 8 1 3 2 3 1 1 3 1 836 1 1 1
0 0 3 1 0 1 5 2 3 4 3 6 0 2 13 3 8 2 1 1 3 1 3 2 2 1 3 1 852 3 3 2
1 3 5 3 2 1 5 13 3 8 7 2 1 4 3 2 3 1 3 3 1 2 1 788 1 0 2
4 13 5 4 2 2 3 1 0 4 2 3 0 1 0 2 7 1 3 3 1 2 3 1 3 8 0.181818 9 0.272727 10 0.545455 778 3 1 3
5 2 0 0 7 3 4 0 3 13 1 0 2 1 4 2 10 1 1 3 2 1 1 2 3 3 2 1 3 1 810 4 3 3
1 0 1 0 3 2 2 3 6 6 7 0 4 13 1 0 10 3 2 2 2 2 3 1 3 1 1 1 3 1 865 3 4 3
0 3 1 2 2 3 2 3 0 2 5 13 1 5 6 1 1 1 1 3 1 824 1 0 0
2 13 3 1 3 5 5 1 1 2 4 0 7 0 3 0 9 2 1 3 2 3 1 2 2 3 1 1 1 812 2 4 3
3 1 1 0 4 3 0 0 1 5 1 3 3 4 13 2 4 3 2 3 2 1 2 1 854 0 2 2
1 3 1 4 4 13 2 0 3 1 9 5 2 4 2 2 5 3 3 2 1 1 1 3 1 831 2 1 2
0 4 2 4 0 4 5 13 6 7 1 9 1 0 0 3 7 3 1 3 2 3 2 2 1 1 1 848 1 3 3
0 4 2 3 0 0 4 13 2 5 1 4 2 0 3 1 10 2 2 1 1 3 1 1 3 3 3 1 2 1 692 4 2 4
0 3 0 0 2 4 1 5 0 13 9 5 3 3 7 3 11 1 2 2 1 3 3 2 3 2 1 1 3 4 0.545455 5 0.272727 6 0.181818 997 4 4 3
3 7 2 3 2 8 4 0 2 13 1 0 1 3 6 4 1 1 3 6 0.333333 7 0.333333 8 0.333333 829 1 0 0
2 5 3 4 0 3 6 7 1 0 3 13 0 0 5 8 2 2 1 1 3 1 786 1 1 0
2 4 4 4 0 3 5 13 3 4 9 6 3 2 4 5 5 3 1 2 3 1 1 1 1 926 2 1 2
1 0 0 4 3 3 0 2 3 4 3 5 3 2 13 2 1 1 1 1 1 893 1 0 0
0 3 1 2 0 4 13 3 0 3 6 8 6 1 1 2 3 2 2 1 1 3 1 813 1 2 0
5 4 3 2 0 6 7 13 3 1 8 6 0 0 1 1 8 1 2 2 1 2 3 3 2 1 3 1 801 2 4 2
3 6 0 4 3 5 1 0 4 13 1 0 2 3 3 0 8 1 2 1 2 3 3 3 3 1 2 1 921 2 2 4
0 2 0 0 3 3 1 0 4 4 13 3 4 8 7 2 1 3 1 1 1 867 0 0 1
1 2 0 0 6 13 2 0 7 1 9 3 4 2 0 0 5 3 3 2 3 1 1 1 1 713 1 1 3
4 1 3 0 2 6 3 8 3 13 3 0 1 3 4 3 0 1 2 1 688 0 0 0
9 1 4 2 3 13 4 3 1 5 3 0 1 6 2 2 11 3 1 1 2 1 2 1 3 2 3 2 1 3 1 887 4 4 3
1 5 2 4 5 13 3 0 3 1 5 2 3 3 0 3 1 2 1 1 1 882 0 1 0
13 4 1 0 2 5 7 3 8 4 2 0 4 0 0 3 0 1 1 1 819 0 0 0
3 6 4 13 2 5 7 5 2 1 6 3 0 3 4 0 1 1 1 3 1 738 1 0 0
0 0 0 3 2 7 5 1 0 0 3 13 1 3 5 2 9 3 2 3 3 3 2 1 1 2 1 1 1 927 2 3 4
0 4 9 0 0 1 5 4 0 4 13 4 4 2 1 4 6 2 1 3 2 2 3 1 1 1 867 1 3 2
0 3 1 0 3 4 3 0 2 13 4 2 2 3 3 0 3 1 3 1 1 3 1 867 2 0 1
2 0 0 1 3 4 4 1 3 5 8 1 3 10 13 1 5 3 3 2 2 3 1 2 1 836 0 2 3
2 0 1 0 1 3 1 4 6 13 6 8 2 4 3 2 3 3 2 1 1 3 1 820 1 1 1
0 0 4 3 0 0 3 3 4 6 1 1 4 13 4 5 7 1 2 2 2 2 1 3 3 8 0.181818 9 0.272727 10 0.545455 1041 2 4 1
1 0 0 3 4 7 3 1 6 13 4 0 8 3 3 3 6 2 1 2 1 2 3 1 2 1 804 2 3 1
2 0 0 3 0 3 1 3 0 6 13 4 3 2 5 1 11 1 2 2 1 3 2 1 1 2 3 3 1 3 1 830 4 4 3
0 2 2 3 0 4 2 6 1 2 13 3 3 3 0 1 1 1 1 1 1 776 1 0 0
8 4 13 5 0 3 4 3 3 3 2 1 2 0 0 3 5 1 3 2 1 1 1 2 1 865 3 1 1
0 0 3 8 2 9 3 2 3 3 2 6 0 0 3 13 5 1 3 1 1 2 1 1 1 869 3 1 1
2 1 4 5 3 13 4 3 7 2 8 3 3 0 0 1 3 1 2 2 1 1 1 816 1 2 0
3 1 8 2 3 2 1 5 0 0 3 13 2 8 1 9 11 1 3 2 3 1 2 3 1 2 3 1 1 2 1 909 4 3 4
3 9 4 0 8 0 7 3 7 13 6 3 2 3 3 1 6 2 2 1 2 3 1 1 1 1 802 2 3 1
1 3 1 2 1 13 3 0 1 6 5 3 0 0 4 2 2 3 2 1 2 1 866 0 1 1
0 7 2 3 9 13 5 1 0 4 3 4 0 0 1 2 11 2 2 3 1 2 1 1 1 3 3 2 1 3 1 1018 4 4 3
3 3 7 3 0 3 13 7 5 3 2 2 1 0 0 0 1 3 1 1 1 855 0 0 1
7 3 5 0 13 8 1 0 7 4 0 2 1 2 0 0 6 2 3 3 1 2 3 1 1 1 821 1 2 3
3 3 7 0 13 6 5 0 8 5 0 3 3 5 2 0 7 1 3 2 3 2 1 1 1 3 1 1073 3 2 2
1 1 3 6 0 2 6 3 3 3 13 2 2 7 6 4 2 1 1 1 2 1 964 2 0 0
4 1 3 1 4 13 4 2 2 4 5 3 0 1 6 0 10 2 1 2 3 2 3 1 3 1 3 1 2 1 871 3 3 4
6 0 1 3 8 13 1 0 3 4 2 0 2 4 4 0 3 1 2 2 1 1 1 704 1 2 0
1 5 13 4 3 7 4 1 2 6 6 3 2 3 0 3 5 1 2 3 1 3 1 2 1 813 2 1 2
0 3 5 2 0 4 6 13 3 4 2 7 0 1 3 5 8 2 2 3 3 1 2 1 1 1 1 1 784 3 3 2
0 0 0 1 3 8 3 2 0 4 5 2 1 13 1 4 10 3 3 2 2 1 3 2 3 1 2 1 1 1 982 2 4 4
0 0 0 2 0 2 3 4 1 4 5 5 5 13 2 7 4 1 1 2 3 1 1 1 844 2 1 1
3 3 3 0 13 5 1 2 5 1 0 0 0 2 0 0 4 2 1 1 3 1 2 1 828 2 1 1
1 5 0 0 3 6 0 0 5 13 1 3 2 3 3 0 0 1 2 1 813 0 0 0
0 0 2 0 3 1 0 0 5 13 0 1 4 1 3 1 6 3 3 2 3 2 2 1 3 1 933 0 3 3
0 4 3 13 1 2 5 5 0 4 6 1 0 0 0 2 1 2 1 1 1 702 0 1 0
0 4 2 3 1 9 3 2 0 3 13 4 3 2 0 5 5 3 2 1 1 1 1 3 1 847 3 1 1
2 3 7 1 5 3 4 1 13 5 4 0 8 0 3 0 10 1 1 3 2 2 2 2 3 3 3 1 1 1 755 2 4 4
2 3 1 4 5 8 5 2 5 13 4 0 2 7 1 3 7 3 3 2 2 1 1 1 1 3 1 998 3 2 2
3 1 2 13 0 0 4 5 0 2 1 4 2 0 3 0 10 2 3 1 1 2 1 3 3 3 1 1 2 1 700 4 2 4
13 4 4 0 3 1 3 2 5 4 1 2 3 1 0 0 5 3 2 3 2 1 1 3 1 825 1 2 2
5 5 6 0 2 3 6 2 1 13 0 1 3 3 0 0 1 2 1 1 1 914 0 1 0
3 2 4 1 0 4 13 3 1 0 5 7 0 0 3 4 5 1 1 2 2 3 1 2 1 931 2 2 1
3 0 2 2 4 8 0 0 3 13 5 0 1 4 5 3 7 2 3 3 1 2 1 3 1 1 1 991 2 2 3
1 4 3 13 2 4 3 7 2 6 1 1 0 4 1 2 8 2 2 3 3 3 1 2 3 1 1 1 845 1 3 4
0 2 4 0 3 1 13 0 5 7 1 0 8 2 3 3 10 1 3 2 2 1 3 1 3 2 1 1 2 1 863 4 3 3
3 1 3 1 0 0 1 13 4 3 4 3 3 2 2 2 5 2 3 1 3 1 1 2 1 764 2 1 2
2 13 1 0 4 6 0 0 3 5 1 2 3 0 0 0 8 1 2 2 2 3 1 3 1 1 3 1 935 3 3 2
3 13 10 4 9 8 2 4 2 1 3 0 5 0 1 1 9 2 2 3 1 1 3 1 2 2 3 4 0.545455 5 0.272727 6 0.181818 1019 3 4 2
6 13 3 3 4 7 5 4 3 4 3 1 2 0 0 1 8 2 1 2 3 3 2 3 1 1 3 1 711 2 3 3
3 6 4 3 2 3 13 2 3 5 1 3 0 1 2 0 6 3 3 1 2 2 1 1 1 1 893 2 2 2
6 4 1 3 1 13 1 2 2 0 5 0 3 2 2 0 0 1 1 1 747 0 0 0
0 2 5 1 0 4 13 5 0 0 3 3 3 0 1 1 4 2 2 2 1 1 3 1 911 1 3 0
3 4 13 4 0 7 2 0 0 4 0 3 0 3 1 0 11 3 1 1 2 2 3 3 1 2 2 1 1 3 1 855 4 4 3
1 4 3 5 13 1 4 0 2 3 2 1 3 2 3 0 0 1 3 1 1004 0 0 0
4 0 0 1 4 5 2 0 1 8 3 1 13 2 4 0 0 1 2 1 705 0 0 0
3 5 6 2 3 2 13 0 1 3 1 3 6 4 3 0 10 2 3 3 2 2 1 2 1 1 1 1 3 1 942 4 4 2
1 0 3 5 0 2 6 7 1 5 6 1 0 0 4 13 1 2 1 2 1 819 0 1 0
0 3 7 0 0 3 6 3 0 4 3 13 3 3 2 3 0 1 1 1 811 0 0 0
0 1 3 0 5 2 5 2 3 6 1 4 6 13 3 2 6 1 1 2 1 3 3 1 2 1 719 3 1 2
8 0 0 1 3 4 0 4 1 2 13 2 2 3 4 3 9 3 3 2 1 1 1 3 2 2 1 1 1 772 3 3 3
0 0 2 0 0 3 3 0 5 4 3 1 3 13 3 5 5 2 3 1 3 2 1 1 1 935 1 2 2
4 2 5 3 0 6 13 9 1 4 2 1 2 3 0 3 0 1 1 1 664 0 0 0
4 3 13 1 1 2 0 4 0 0 0 4 0 0 2 0 0 1 3 1 810 0 0 0
4 1 0 0 1 5 2 0 13 7 6 2 2 7 3 0 6 3 1 3 1 1 2 1 2 1 908 3 1 2
0 4 2 7 1 13 5 3 3 7 9 1 0 0 5 2 1 3 1 3 1 932 0 0 1
4 0 2 0 1 5 4 2 5 13 4 6 4 5 8 3 10 3 1 3 2 2 2 1 3 3 1 1 1 1 837 3 3 4
4 6 2 3 3 13 1 2 5 7 4 1 3 2 3 0 6 1 2 1 1 3 2 3 5 0.428571 6 0.285714 7 0.285714 864 3 2 1
1 3 2 3 2 0 2 13 4 8 3 6 0 1 4 3 10 1 2 2 3 3 3 2 1 3 1 1 1 1 977 3 3 4
0 6 0 1 4 8 3 0 3 5 13 2 3 3 2 3 5 3 2 1 1 1 1 2 1 999 3 1 1
0 0 6 3 0 2 5 3 0 13 5 1 3 1 5 2 7 1 1 2 2 3 3 2 1 1 1 787 2 3 2
0 4 1 4 0 3 4 5 0 2 13 3 1 0 6 3 8 3 2 1 2 1 3 2 2 1 1 1 866 2 4 2
1 13 3 3 3 7 4 2 2 4 3 0 0 0 2 1 1 1 1 3 1 750 1 0 0
3 3 13 2 1 1 11 5 0 0 3 3 0 0 0 2 11 1 1 3 2 3 1 2 2 2 3 1 1 3 1 915 4 4 3
1 1 1 0 3 0 6 0 2 1 5 2 3 13 3 3 6 2 2 2 3 3 1 1 3 1 665 1 3 2
4 5 3 2 5 13 2 0 3 5 3 1 1 3 0 0 5 2 3 1 1 2 1 3 1 1011 2 2 1
4 1 1 0 5 13 4 0 4 4 2 2 2 5 3 0 3 2 1 3 1 1 1 766 1 1 1
3 0 2 3 3 6 13 0 2 7 4 1 2 3 1 5 7 2 1 3 1 3 2 3 1 1 1 956 2 2 3
3 1 13 0 7 5 6 4 3 6 2 3 4 5 0 0 11 1 2 1 1 3 3 1 2 2 3 3 1 2 1 955 4 3 4
4 5 4 3 13 4 4 0 3 4 1 0 2 3 0 0 11 2 2 3 1 1 1 1 3 2 3 3 1 2 1 685 4 3 4
1 0 2 0 4 2 3 0 4 7 4 0 1 13 3 1 10 2 2 1 1 3 1 3 2 3 2 1 3 1 898 3 4 3
3 2 3 0 1 1 4 5 2 9 13 0 1 2 0 3 11 2 2 2 3 2 1 1 3 1 3 3 1 1 1 741 3 4 4
1 1 3 3 0 13 9 2 2 2 4 3 0 3 0 0 2 1 2 1 1 1 656 1 1 0
3 13 9 6 5 5 6 3 3 1 5 1 1 2 0 0 4 3 2 2 3 3 6 0.333333 7 0.333333 8 0.333333 745 0 2 2
2 1 2 0 0 4 13 5 0 7 7 3 1 1 4 5 4 2 3 2 1 3 5 0.428571 6 0.285714 7 0.285714 793 1 2 1
3 2 0 0 4 4 3 0 5 1 3 6 3 4 13 2 4 2 1 1 2 1 1 1 877 2 2 0
5 13 7 4 8 10 3 0 3 0 0 3 0 0 0 3 3 2 1 2 1 1 1 1069 1 2 0
2 0 1 0 3 3 5 0 6 13 5 3 9 7 6 5 8 2 3 1 2 1 2 3 1 1 3 1 818 3 3 2
1 0 4 10 4 5 7 8 2 4 4 5 3 13 2 9 7 1 3 3 2 1 2 3 1 1 1 817 2 2 3
4 3 1 9 2 6 13 1 3 3 2 8 0 0 1 4 0 1 2 1 869 0 0 0
5 1 4 0 2 3 1 3 13 5 4 2 5 1 4 3 2 3 3 1 2 1 780 0 0 2
1 4 6 4 6 13 1 0 3 3 1 2 0 5 2 0 1 3 1 2 1 714 0 0 1
1 0 0 0 0 5 3 1 9 2 2 13 4 4 4 4 7 3 3 2 2 1 1 1 1 2 1 901 3 2 2
4 1 1 2 13 8 6 0 4 6 7 5 3 2 4 2 9 2 1 3 2 1 1 3 3 2 1 1 1 860 3 3 3
0 0 2 3 7 0 2 6 0 4 4 1 3 7 13 1 4 1 3 3 3 1 2 1 759 1 0 3
6 13 5 3 3 4 3 1 1 2 4 2 0 0 2 0 8 2 3 1 3 2 3 1 1 1 3 1 884 3 2 3
3 4 3 0 4 7 3 1 13 5 3 0 3 3 0 2 9 2 1 1 3 1 3 3 2 2 1 3 1 742 3 3 3
1 0 4 8 1 7 2 2 0 2 1 13 3 4 7 3 0 1 3 1 933 0 0 0
2 2 3 2 1 3 13 4 0 4 5 1 0 3 6 4 0 1 1 1 827 0 0 0
5 9 2 3 4 13 4 1 2 6 2 0 0 0 1 0 5 3 3 2 3 1 1 1 1 795 1 1 3
3 1 3 2 0 0 3 13 4 2 3 4 0 0 0 1 11 2 1 3 2 3 2 1 1 3 2 1 1 3 1 862 4 4 3
3 8 2 0 3 7 7 0 2 13 3 0 4 3 1 1 11 1 1 2 2 3 3 3 2 1 1 3 1 2 1 839 4 3 4
3 1 0 0 8 4 7 3 7 6 4 5 2 13 3 1 7 2 3 1 3 2 3 1 1 2 1 940 2 2 3
2 0 0 3 3 3 2 6 1 5 13 1 3 4 8 3 5 1 1 1 2 2 1 2 1 818 3 2 0
3 1 1 0 6 1 0 0 4 13 4 3 2 2 4 1 4 1 2 2 3 1 2 1 923 1 2 1
1 3 1 0 9 4 1 3 2 13 5 0 2 5 3 3 5 2 1 3 1 2 1 2 1 962 2 2 1
2 1 0 0 4 2 0 0 6 4 2 3 3 13 7 1 1 1 1 3 1 818 1 0 0
9 6 4 1 2 1 3 13 0 0 3 2 0 0 0 2 10 2 2 1 3 1 2 3 3 1 1 1 3 1 696 4 3 3
4 2 13 1 3 4 4 8 0 2 1 9 0 3 3 1 7 1 2 3 2 1 2 1 1 2 1 911 3 3 1
0 3 0 2 2 3 4 3 3 0 0 7 0 0 3 13 2 1 1 1 3 1 895 2 0 0
3 6 3 4 13 7 3 3 7 4 2 0 1 0 3 0 5 1 1 2 3 3 1 2 1 858 2 1 2
13 1 1 2 5 4 6 0 2 4 5 1 0 0 2 0 4 1 3 2 3 3 7 0.285714 8 0.285714 9 0.428571 782 1 1 2
4 1 3 0 2 13 1 2 4 2 4 0 3 7 3 0 7 3 1 2 1 2 1 1 1 2 1 692 4 2 1
2 5 4 1 4 13 8 3 0 3 3 7 0 2 2 4 9 3 1 1 3 3 1 3 2 2 1 1 1 871 3 2 4
0 5 13 4 4 4 1 1 2 6 2 0 0 0 3 0 4 1 2 3 2 1 1 1 865 1 2 1
0 0 2 0 3 0 3 0 4 0 3 0 2 13 3 3 8 1 1 2 2 3 3 1 1 1 3 1 982 4 2 2
3 4 1 0 1 5 0 0 1 9 13 3 3 2 3 2 10 3 1 3 2 2 2 2 3 1 3 1 1 1 768 2 4 4
5 3 1 0 4 3 0 0 10 13 7 0 3 4 0 3 9 1 1 1 2 3 2 3 2 2 3 8 0.181818 9 0.272727 10 0.545455 852 3 4 2
0 4 7 6 1 5 3 13 3 8 4 3 1 2 0 0 10 3 2 2 3 3 2 1 1 2 1 1 3 1 878 3 4 3
0 3 1 3 1 1 4 8 0 3 3 13 2 8 10 2 1 3 1 2 1 813 0 0 1
3 4 1 0 13 4 0 0 3 5 4 3 4 3 1 3 2 2 3 1 2 1 977 0 1 1
0 1 3 3 0 2 13 7 3 4 6 4 0 3 2 4 6 3 2 1 1 2 1 1 3 1 757 3 2 1
2 2 4 13 6 5 7 1 4 8 1 1 2 4 3 3 3 2 3 1 1 3 1 822 1 1 1
2 1 3 1 4 2 4 1 2 13 1 0 1 3 1 3 6 2 2 2 1 3 3 1 2 1 780 1 3 2
2 0 0 0 9 8 1 1 4 13 6 1 3 1 2 2 7 1 2 3 2 1 3 2 1 3 1 873 2 3 2
5 4 2 0 4 8 1 7 13 0 3 2 3 5 3 4 10 3 1 1 3 1 3 3 2 1 2 1 2 1 795 4 2 4
0 1 3 1 0 0 4 3 1 5 7 4 3 13 4 2 4 3 2 2 2 1 1 1 977 0 3 1
4 8 4 2 13 5 4 0 3 1 6 3 2 2 2 3 3 3 1 1 1 1 1 836 2 0 1
0 0 3 0 0 2 5 1 3 4 9 0 2 6 13 6 3 2 3 1 1 1 1 982 1 1 1
3 3 3 4 3 13 9 5 0 1 1 3 2 0 0 0 4 1 3 3 2 1 2 1 860 1 1 2
1 0 0 5 0 0 3 3 2 4 3 2 4 2 13 5 4 1 2 1 1 1 3 1 746 3 1 0
1 0 0 0 0 0 2 3 0 3 2 5 3 2 4 13 2 1 1 3 5 0.428571 6 0.285714 7 0.285714 847 2 0 0
4 2 4 0 8 1 2 0 1 6 2 1 9 13 3 3 4 2 3 1 2 1 1 1 843 1 2 1
1 2 5 2 0 1 5 3 0 7 2 13 0 3 1 10 6 2 3 1 1 2 3 1 3 1 829 2 2 2
0 2 0 0 1 5 4 0 3 3 13 6 3 3 2 3 1 1 1 3 1 793 1 0 0
1 4 3 1 0 5 13 5 0 2 4 4 6 3 0 2 3 1 1 2 1 2 1 890 2 1 0
3 3 1 3 0 1 5 4 0 4 3 13 2 8 3 6 8 2 1 2 1 3 3 2 2 1 1 1 911 2 4 2
3 2 4 0 1 3 7 0 13 3 1 1 3 5 2 0 7 2 3 3 2 3 2 1 1 1 1 834 1 3 3
2 5 1 3 0 4 2 3 2 3 13 3 1 3 4 9 5 1 2 3 3 1 1 3 1 934 2 1 2
4 6 8 3 0 3 5 13 0 2 4 4 3 0 1 2 7 3 2 3 1 3 1 1 1 2 1 956 3 1 3
0 3 3 13 2 4 8 6 3 5 6 1 3 2 0 0 6 1 3 1 3 2 1 1 2 1 897 3 1 2
2 2 1 0 4 3 1 3 3 5 13 0 2 5 2 0 8 3 1 2 3 2 1 1 1 1 3 1 873 4 2 2
1 3 5 2 0 0 3 13 1 3 4 3 3 0 3 2 11 3 1 2 2 3 1 1 3 2 3 1 1 2 1 781 4 3 4
4 2 5 1 13 4 0 2 4 1 1 0 2 3 2 0 10 1 3 3 3 1 2 1 1 3 2 1 2 1 830 4 2 4
4 4 4 3 8 13 3 0 3 1 4 0 2 0 0 0 11 1 2 2 3 3 2 3 1 2 1 3 1 1 1 850 3 4 4
2 7 1 0 4 13 2 3 3 2 8 3 6 3 4 2 4 3 1 3 1 1 1 1 771 2 0 2
1 3 13 2 2 5 4 5 0 3 0 1 3 0 0 0 5 2 2 1 2 1 1 1 1 932 2 3 0
3 0 3 4 0 4 3 1 0 3 3 13 0 0 5 4 4 2 1 2 2 1 1 1 827 1 3 0
3 5 4 2 13 6 2 0 3 1 1 1 0 0 0 3 0 1 2 1 823 0 0 0
13 2 6 1 3 4 3 1 4 5 3 0 2 0 0 0 4 3 1 2 1 1 2 1 885 2 1 1
0 2 2 5 1 1 6 4 2 1 13 3 0 0 3 2 2 1 3 1 3 1 717 1 0 1
0 2 2 3 0 6 5 2 1 3 13 4 6 3 1 1 11 1 2 2 1 3 2 3 2 3 1 3 1 1 1 800 3 4 4
0 2 1 8 3 1 5 13 4 2 3 3 0 2 4 0 5 3 1 2 3 3 1 1 1 902 1 1 3
1 2 5 4 0 3 3 6 3 6 13 1 0 2 0 1 0 1 2 1 748 0 0 0
0 1 1 3 1 2 4 13 0 0 2 5 0 1 2 0 4 3 2 3 1 1 2 1 854 1 1 2
2 0 6 3 3 4 4 0 3 4 13 0 9 4 3 0 8 1 3 2 2 2 1 1 1 1 3 1 752 4 3 1
0 2 0 0 0 2 1 3 2 3 13 4 1 5 5 2 9 1 2 3 1 3 1 1 2 3 1 3 1 895 4 2 3
1 0 3 6 0 0 4 13 7 6 4 2 1 4 2 2 0 1 1 1 889 0 0 0
3 4 8 1 4 13 5 0 3 4 2 1 0 0 0 2 8 3 1 2 1 1 3 2 3 1 2 1 831 3 2 3
5 3 13 5 1 2 2 0 0 4 0 2 0 0 0 3 6 1 3 1 2 1 3 3 7 0.285714 8 0.285714 9 0.428571 908 3 1 2
0 3 1 4 2 0 3 13 0 1 6 4 0 3 1 4 3 2 2 3 1 3 1 853 0 2 1
4 13 4 1 0 2 5 6 2 0 3 5 0 3 1 0 5 1 2 3 3 1 1 2 1 736 2 1 2
3 0 0 3 2 2 0 1 0 4 6 1 4 2 13 1 10 2 3 2 1 1 2 2 1 3 1 1 3 1 840 4 4 2
0 3 2 3 3 7 1 4 1 3 6 2 4 1 13 4 5 3 1 2 2 2 1 1 1 882 1 3 1
2 3 4 3 3 13 3 3 6 3 1 0 4 0 0 2 0 1 1 1 931 0 0 0
0 3 1 0 6 4 2 2 2 4 13 3 1 4 8 4 7 1 3 2 3 2 1 1 1 3 1 1034 3 2 2
2 0 2 1 3 6 3 5 6 4 1 4 3 13 1 0 9 1 1 3 2 2 2 3 3 3 3 4 0.545455 5 0.272727 6 0.181818 737 2 3 4
3 1 4 2 0 7 13 8 2 3 2 4 0 2 0 5 7 2 1 3 1 1 1 3 1 3 1 791 4 1 2
2 2 1 2 3 6 3 0 13 1 3 0 4 2 5 1 5 2 3 1 1 2 1 1 1 752 2 2 1
0 0 2 0 0 3 6 3 0 4 13 3 1 3 5 4 9 1 1 3 2 3 3 2 2 1 1 3 1 798 3 3 3
4 13 4 4 1 4 7 3 3 0 0 0 0 2 0 0 7 3 2 2 3 1 1 2 1 1 1 744 2 3 2
3 1 13 8 7 4 6 2 2 5 0 3 3 2 1 2 7 1 3 1 3 3 2 1 1 3 1 786 3 1 3
2 2 0 3 1 6 4 0 13 3 0 0 7 8 5 3 5 1 2 2 3 1 1 1 1 826 2 2 1
3 13 2 0 7 6 4 4 4 0 3 0 1 3 0 0 11 2 1 2 3 1 1 3 2 1 3 3 1 2 1 881 4 3 4
2 4 3 13 1 5 4 2 2 3 3 1 1 0 4 0 5 3 2 2 1 3 1 1 1 861 1 2 2
5 2 13 2 1 5 5 5 3 6 3 1 0 1 2 3 11 1 1 2 2 2 1 3 1 3 2 3 1 3 1 927 4 4 3
3 2 0 0 1 3 2 1 3 4 4 3 1 13 5 2 0 1 3 1 796 0 0 0
0 0 3 3 0 1 7 5 2 4 13 2 2 7 1 3 3 1 2 1 1 3 1 780 2 1 0
5 4 2 0 13 2 2 0 4 3 0 0 8 1 0 2 5 1 3 3 3 1 1 1 1 803 2 0 3
2 3 7 13 2 1 2 4 4 3 7 0 9 2 8 0 2 1 1 1 1 1 971 2 0 0
0 2 4 7 3 6 3 13 1 4 2 3 0 3 4 2 2 1 1 1 3 1 787 2 0 0
1 0 0 0 1 4 3 8 5 4 5 10 5 13 2 3 7 2 1 3 2 3 1 2 3 4 0.545455 5 0.272727 6 0.181818 940 2 3 2
0 0 2 3 0 1 4 0 3 7 1 0 4 13 5 0 0 1 2 1 833 0 0 0
4 13 1 0 2 4 3 1 6 4 5 2 1 2 0 0 11 2 1 1 1 3 2 3 2 3 3 2 1 1 1 951 3 4 4
0 3 0 1 0 5 3 5 4 5 2 3 1 3 13 4 9 2 1 3 2 2 1 2 3 1 1 3 1 852 3 4 2
6 3 3 0 13 4 4 0 2 5 2 1 0 4 1 0 11 2 1 2 3 2 3 1 3 1 3 1 1 2 1 809 4 3 4
4 1 0 0 4 6 5 3 13 1 3 1 3 2 3 0 6 1 2 2 2 2 1 1 3 1 751 2 4 0
13 0 1 1 6 4 2 9 2 2 6 0 3 1 3 0 0 1 3 1 831 0 0 0
2 0 13 3 3 5 1 1 0 3 0 4 0 0 3 0 0 1 2 1 802 0 0 0
2 0 1 0 3 13 9 0 5 3 5 3 3 4 1 3 6 1 3 3 3 3 2 1 2 1 774 1 1 4
3 3 1 5 1 13 4 1 0 2 3 0 0 0 2 2 11 1 2 3 2 1 3 1 1 3 3 2 1 2 1 681 4 3 4
4 13 1 3 3 5 0 0 7 0 2 2 0 0 0 3 1 3 1 1 1 910 0 0 1
4 13 1 3 3 2 4 4 2 2 3 8 0 0 3 0 6 3 1 2 1 2 1 1 1 1 797 3 2 1
2 3 3 1 1 6 4 3 0 2 3 13 3 4 8 2 9 3 3 1 1 2 3 2 2 1 1 1 1 1005 3 3 3
0 0 3 2 0 0 5 3 3 3 4 13 1 4 3 7 11 3 3 3 1 2 3 1 1 2 2 1 1 2 1 808 4 3 4
0 0 3 2 3 2 2 3 1 6 13 1 0 5 4 1 11 1 3 3 3 1 1 2 2 2 2 1 1 3 1 807 4 4 3
3 4 2 0 1 1 8 9 5 2 3 0 4 3 13 3 9 2 1 3 2 3 1 2 1 1 1 2 1 780 4 3 2
3 7 13 4 2 5 2 4 1 4 2 1 1 0 0 0 11 2 1 3 3 3 2 1 1 1 2 3 1 2 1 675 4 3 4
0 1 0 0 0 4 7 3 0 1 4 13 2 4 9 3 0 1 2 1 839 0 0 0
1 1 4 1 2 5 3 13 0 0 4 4 2 0 2 0 4 1 3 3 2 1 3 1 912 1 1 2
0 4 5 2 0 4 7 13 2 1 6 0 0 1 5 0 7 2 1 3 3 3 1 3 1 2 1 604 2 1 4
3 0 8 2 3 1 1 0 1 13 0 0 3 2 4 2 4 3 3 1 3 1 2 1 735 1 0 3
2 2 3 0 5 3 1 0 3 1 2 3 1 1 13 6 9 1 2 2 3 2 3 1 1 3 1 2 1 884 3 3 3
0 4 2 3 3 2 13 3 4 1 5 3 0 1 1 8 2 1 2 1 2 1 801 1 1 0
0 1 7 3 0 3 6 4 2 13 4 3 9 3 3 1 4 1 3 3 2 1 2 1 875 1 1 2
2 4 6 1 0 7 4 13 4 3 7 5 0 1 9 2 6 1 3 3 2 1 2 1 3 1 825 2 2 2
4 5 0 3 5 4 3 2 13 5 0 0 3 0 0 0 0 1 1 1 868 0 0 0
3 5 4 2 3 1 3 2 13 2 0 1 4 1 9 2 2 1 2 1 1 1 887 1 1 0
0 1 2 3 3 13 4 0 5 4 4 0 0 0 0 1 4 2 1 2 2 1 1 1 922 1 3 0
1 1 1 0 5 0 4 3 6 3 2 1 2 13 2 1 8 2 2 1 1 2 3 2 3 1 3 1 790 2 4 2
3 4 5 4 1 13 2 3 1 6 4 0 3 0 0 0 5 2 1 2 3 2 1 1 1 792 1 3 1
4 7 4 3 13 6 1 0 2 3 3 0 0 1 2 0 3 3 3 1 1 2 1 743 1 0 2
3 3 3 0 4 13 4 1 6 3 1 2 2 1 1 3 8 3 1 2 1 2 3 3 2 1 2 1 711 2 3 3
0 5 3 4 0 0 3 13 3 6 4 2 1 0 2 1 1 1 1 2 1 941 1 0 0
2 1 2 2 4 5 2 2 0 3 13 4 0 1 1 4 9 1 3 2 1 2 3 3 1 1 1 3 1 809 4 2 3
0 2 9 13 0 3 5 4 0 0 4 2 1 3 0 1 5 2 2 3 1 3 1 1 1 836 1 2 2
0 4 3 2 7 13 1 0 3 4 3 4 0 0 6 2 2 1 2 1 1 1 994 1 1 0
0 3 2 5 2 3 7 3 1 2 5 13 3 1 3 6 0 1 1 1 908 0 0 0
3 7 1 3 2 2 3 0 5 13 1 0 1 5 2 3 3 3 1 3 1 2 1 724 1 0 2
3 1 4 0 2 4 13 0 1 0 3 3 0 3 2 0 11 3 3 1 2 3 1 2 3 1 2 1 1 2 1 911 4 3 4
3 5 4 4 3 6 13 4 3 1 3 2 3 4 0 0 9 1 3 1 2 2 2 1 1 3 1 2 1 829 4 3 2
3 8 1 3 1 5 13 2 3 4 3 7 0 2 6 1 11 1 1 2 2 3 3 3 1 2 3 2 3 5 0.428571 6 0.285714 7 0.285714 757 3 4 4
7 1 4 0 8 2 6 0 3 13 2 4 1 6 2 4 6 1 1 1 3 3 2 1 2 1 843 3 1 2
4 9 13 4 2 2 1 0 4 3 0 0 1 0 1 0 0 1 2 1 882 0 0 0
3 13 1 3 5 3 4 3 2 1 8 0 2 1 0 0 10 1 2 3 2 3 3 1 2 3 2 1 1 1 787 2 4 4
0 1 3 4 0 2 4 1 2 6 8 4 2 13 3 1 1 1 1 2 1 836 1 0 0
6 3 6 1 13 3 3 1 2 5 0 0 2 4 0 0 7 1 3 1 2 3 1 2 1 2 1 831 3 2 2
1 0 5 0 2 2 1 3 3 13 3 0 4 6 1 3 1 2 1 3 1 919 0 1 0
2 3 7 4 13 6 3 3 4 5 0 0 8 2 0 0 8 1 3 2 3 1 1 2 1 1 3 1 818 4 2 2
1 3 4 9 3 4 2 13 1 1 5 0 3 1 2 2 1 3 1 2 1 970 0 0 1
3 2 0 0 1 2 0 0 4 5 4 1 5 13 1 3 1 3 1 2 1 765 0 0 1
1 6 3 0 13 5 6 2 4 8 3 0 4 0 0 0 0 1 3 1 731 0 0 0
5 3 4 0 8 5 7 4 13 5 3 2 3 1 0 0 11 2 2 2 1 3 3 1 1 3 2 3 1 1 1 846 3 4 4
0 0 1 1 3 13 1 1 2 1 4 5 3 3 3 2 3 2 2 3 1 2 1 945 0 2 1
0 1 0 0 3 0 2 5 1 2 4 4 3 13 3 4 1 2 1 1 1 930 0 1 0
0 3 3 1 1 0 13 3 2 4 9 3 8 5 2 3 0 1 3 1 905 0 0 0
4 3 3 1 5 8 2 2 1 13 0 0 7 4 2 4 5 1 3 1 1 2 1 2 1 743 3 1 1
1 3 3 1 3 3 6 3 5 7 1 1 2 13 3 1 4 2 3 2 2 1 2 1 939 0 3 1
8 2 3 2 13 3 1 0 4 2 4 5 3 1 7 3 7 2 3 1 1 1 2 3 1 3 1 866 3 2 2
0 0 3 0 0 2 4 4 2 4 0 5 1 3 13 1 11 2 3 2 2 1 3 1 1 2 3 1 1 3 1 771 4 4 3
0 0 1 3 2 0 2 3 0 2 3 13 1 5 4 2 7 1 3 1 3 1 3 2 1 3 1 880 3 1 3
3 7 8 2 1 13 4 1 3 3 5 0 0 0 3 2 1 3 1 3 1 665 0 0 1
4 0 0 2 1 3 2 0 5 13 0 0 2 3 6 1 7 2 2 1 3 1 3 1 1 3 1 825 3 2 2
2 3 2 13 1 5 3 1 0 0 3 5 0 0 0 2 6 2 1 3 3 1 1 1 2 1 817 3 1 2
0 0 0 3 3 2 5 1 0 0 3 13 0 2 8 2 1 1 1 1 1 872 1 0 0
1 0 0 3 0 5 6 4 2 4 6 3 1 3 13 2 0 1 3 1 715 0 0 0
2 0 1 1 7 4 4 3 1 13 8 2 3 2 9 5 9 1 2 3 3 3 2 1 2 1 1 3 1 788 3 3 3
1 5 2 5 1 5 5 3 13 6 7 0 3 2 3 2 0 1 1 1 961 0 0 0
0 3 5 4 0 4 3 13 1 2 3 6 0 0 2 0 10 2 3 1 1 1 2 2 3 1 3 1 3 1 876 4 3 3
0 0 1 0 2 2 5 4 5 13 8 5 5 3 3 1 11 1 3 3 2 2 3 2 3 2 1 1 1 1 1 1023 3 4 4
1 1 4 3 0 5 13 6 2 0 8 4 0 3 2 0 8 1 2 1 3 3 2 3 2 1 1 1 738 2 3 3
2 0 1 0 1 3 6 0 2 6 7 7 1 13 3 0 4 3 3 1 2 1 2 1 738 1 1 2
4 2 3 0 3 6 13 0 0 3 1 3 0 2 7 0 6 1 2 1 3 1 3 1 2 1 800 3 1 2
0 3 0 0 3 3 0 1 13 8 3 2 3 5 2 0 7 1 1 1 2 3 2 3 1 3 1 804 3 2 2
0 9 6 4 0 4 4 1 0 2 0 13 1 4 0 2 8 1 3 1 2 2 2 1 3 1 3 1 993 3 3 2
0 3 5 3 0 2 9 13 0 3 3 4 1 1 2 0 11 2 2 1 1 1 1 3 3 2 3 2 1 3 1 953 4 4 3
3 0 1 2 4 13 3 3 5 7 5 0 3 2 3 2 9 2 1 1 1 1 3 3 3 3 1 2 1 763 4 1 4
3 8 2 0 1 13 0 3 8 4 6 2 3 1 4 3 11 1 2 1 1 3 3 2 3 2 1 3 1 2 1 941 4 3 4
0 0 3 2 6 7 3 3 0 4 13 2 8 6 4 2 6 1 1 1 1 2 3 3 7 0.285714 8 0.285714 9 0.428571 772 4 1 1
3 4 2 0 1 3 4 0 2 6 5 13 3 4 9 1 10 1 1 2 2 1 2 1 2 3 3 1 3 1 913 4 4 2
8 3 3 0 13 6 0 3 4 3 6 3 3 0 0 0 2 2 1 1 3 1 830 1 1 0
3 0 4 3 1 7 2 2 0 3 13 1 0 6 3 5 9 1 3 2 2 1 2 2 1 1 1 3 1 860 4 4 1
6 4 0 0 4 3 0 0 13 5 3 0 5 1 2 1 0 1 2 1 667 0 0 0
2 4 2 0 3 5 13 0 9 4 3 2 0 9 0 0 3 3 1 1 1 1 1 807 2 0 1
3 3 1 4 0 6 13 6 3 4 2 1 3 2 0 3 1 1 1 2 1 930 1 0 0
0 0 0 3 2 1 2 2 0 5 4 4 1 1 7 13 11 3 2 1 2 1 1 2 3 3 1 2 1 3 1 869 4 4 3
4 6 2 2 7 8 5 0 13 1 4 0 2 0 0 0 4 3 1 1 3 1 3 1 814 2 0 2
0 3 0 1 0 0 2 1 0 4 0 5 3 13 5 1 5 2 2 3 1 3 1 2 1 913 1 2 2
0 0 1 3 0 5 2 7 0 1 1 3 3 2 13 2 5 1 3 1 2 2 1 3 1 889 2 2 1
0 4 13 3 0 3 4 0 1 2 5 0 0 3 3 3 5 2 2 1 3 1 1 3 1 791 2 2 1
3 3 3 2 8 13 4 1 4 4 6 0 3 3 1 0 5 2 2 2 1 1 1 3 1 891 2 3 0
2 3 13 3 4 6 3 4 4 4 0 8 0 1 3 1 9 3 2 2 2 3 1 3 2 1 1 1 1 682 2 4 3
1 1 3 0 1 5 2 1 1 13 7 0 4 3 2 3 6 2 2 2 3 3 3 1 3 1 864 0 3 3
3 0 0 3 0 1 13 7 2 3 8 4 4 3 6 9 10 3 1 2 2 3 3 2 1 1 1 1 2 1 813 4 3 3
2 4 8 2 0 1 5 13 0 0 1 7 0 4 1 3 5 2 3 3 3 1 1 2 1 800 1 1 3
1 2 13 3 2 6 7 7 0 3 4 4 0 2 0 1 10 1 3 1 2 1 3 3 3 2 1 1 2 1 869 4 2 4
1 1 6 3 1 3 6 13 2 6 8 5 0 2 1 2 0 1 2 1 693 0 0 0
2 0 1 0 3 5 2 4 5 8 3 2 4 2 13 3 3 1 1 1 1 3 1 877 3 0 0
3 5 1 4 3 2 13 1 0 1 5 3 0 0 2 0 6 2 2 1 3 3 2 1 1 1 759 1 3 2
1 3 0 2 4 4 0 0 13 5 1 0 3 2 4 0 11 2 1 3 3 2 2 1 2 1 3 1 1 3 1 893 4 4 3
1 0 3 0 3 3 3 3 4 5 13 0 3 1 10 9 5 2 2 1 2 2 1 1 1 895 1 4 0
2 0 0 3 1 3 2 4 0 3 8 1 3 3 13 4 9 1 2 3 1 2 1 3 3 3 1 2 1 873 3 2 4
4 2 7 0 3 1 4 1 9 13 2 2 3 2 3 0 5 1 3 1 1 3 1 2 1 778 3 0 2
0 0 2 1 0 4 2 7 0 1 5 1 3 1 13 3 1 2 1 2 1 968 0 1 0
3 2 6 4 1 2 2 13 2 4 8 1 4 6 7 3 3 1 3 1 1 3 1 859 2 0 1
3 7 1 0 3 13 4 0 3 3 8 2 2 4 3 0 10 1 3 1 1 2 3 1 3 2 2 1 3 1 839 4 3 3
3 1 1 1 6 4 13 2 8 1 6 8 9 3 6 0 7 3 3 1 3 2 2 2 1 2 1 921 1 3 3
4 1 7 2 0 3 13 4 3 5 3 1 0 2 0 1 9 2 1 2 3 2 3 3 2 1 1 1 1 965 2 4 3
2 3 4 0 0 4 13 3 0 5 4 6 0 3 1 4 5 1 2 3 3 2 1 1 1 804 1 2 2
0 1 2 2 2 3 13 0 1 7 3 0 3 3 7 0 10 1 3 3 2 3 2 2 1 3 1 1 1 1 816 3 3 4
3 3 0 0 2 5 3 0 5 7 5 1 2 13 3 1 2 1 3 1 2 1 762 1 0 1
3 3 5 2 2 4 13 5 0 1 6 4 0 3 1 2 3 1 1 2 1 3 1 847 2 1 0
2 13 1 2 2 2 5 6 3 2 7 1 5 3 4 0 6 3 1 3 1 1 1 1 2 1 750 4 0 2
3 13 2 1 1 8 4 4 6 3 4 3 2 0 0 4 0 1 3 1 690 0 0 0
2 1 1 2 2 6 13 7 4 3 4 5 1 1 0 2 3 3 3 2 1 1 1 720 0 1 2
0 1 4 0 2 3 3 3 4 13 5 4 0 3 3 3 6 2 3 1 3 1 2 1 3 1 882 2 2 2
5 1 0 0 2 5 3 4 4 7 5 1 3 1 13 2 7 1 2 1 2 3 3 3 1 2 1 895 2 2 3
3 3 4 1 4 5 2 4 13 2 2 1 0 3 0 3 5 1 2 2 1 3 1 1 1 855 2 2 1
2 3 0 0 2 8 1 1 5 3 3 3 13 7 3 0 8 2 3 2 1 1 2 1 1 1 2 1 860 4 3 1
5 1 0 3 2 0 3 1 2 1 5 4 3 13 3 3 6 3 2 2 2 1 1 1 3 1 784 2 3 1
3 2 3 4 0 1 4 13 0 3 5 7 0 1 0 0 7 1 2 1 3 2 3 2 1 3 1 870 2 3 2
0 0 2 3 2 0 3 0 0 1 4 6 0 5 13 4 6 3 3 1 2 2 1 1 1 1 793 2 2 2
0 0 3 1 1 2 6 13 3 8 7 1 0 3 4 2 6 3 2 2 1 2 3 1 1 1 840 1 3 2
3 2 2 0 4 4 0 1 13 3 0 0 1 7 5 1 1 3 1 2 1 1028 0 0 1
0 1 3 0 3 1 13 3 7 5 6 3 0 0 5 6 4 2 2 1 2 1 3 1 799 1 3 0
1 3 0 1 0 3 5 3 0 4 13 1 2 4 1 3 7 2 2 1 3 3 3 2 1 2 1 862 1 3 3
3 5 1 1 13 4 3 0 3 2 0 0 1 2 0 0 2 3 2 1 3 1 786 0 1 1
1 0 0 0 7 4 0 0 9 1 5 2 13 1 4 1 5 2 3 1 2 2 1 2 1 932 1 3 1
0 1 4 2 1 0 5 13 0 1 3 4 2 4 2 3 7 1 2 2 2 1 3 1 1 3 1 814 3 3 1
0 0 2 3 3 2 4 5 7 2 4 1 3 3 4 13 2 1 3 1 1 1 756 1 0 1
3 5 13 2 5 0 3 2 3 3 1 0 0 1 0 0 5 1 3 2 1 3 1 2 1 1028 2 1 2
3 2 3 1 4 13 2 4 3 6 1 4 0 0 2 0 0 1 1 1 902 0 0 0
0 9 1 3 3 5 13 2 3 5 7 8 5 0 0 2 2 1 1 1 2 1 882 2 0 0
3 1 3 0 3 13 5 3 5 5 3 0 2 3 0 0 10 1 3 2 1 1 3 2 3 2 2 1 1 1 740 3 4 3
0 2 13 9 7 1 8 3 0 1 5 7 3 0 0 2 8 3 2 3 1 2 2 1 3 1 1 1 809 2 3 3
0 0 1 0 3 3 2 3 2 7 4 5 0 4 13 3 0 1 1 1 823 0 0 0
0 6 3 2 2 13 2 0 7 10 8 1 4 1 1 0 8 2 3 1 2 3 1 2 1 1 3 1 796 3 3 2
5 4 2 3 0 6 13 1 3 2 0 4 0 0 1 3 10 1 3 1 3 1 2 2 2 1 2 1 3 1 802 4 4 2
0 2 0 1 0 5 3 0 3 3 13 6 0 2 4 1 3 1 3 2 1 3 1 894 1 1 1
8 4 3 2 5 5 0 1 13 5 0 0 3 4 0 0 1 1 1 2 1 666 1 0 0
2 0 0 0 2 0 3 0 4 6 8 5 1 2 13 3 8 2 3 2 1 3 1 1 1 1 3 1 818 4 2 2
3 4 13 4 3 1 2 4 2 3 1 1 0 4 0 2 5 3 2 2 1 3 1 1 1 853 1 2 2
0 3 3 0 3 0 4 3 5 2 3 1 7 13 1 2 7 1 3 1 2 2 2 1 1 3 1 790 3 3 1
2 13 1 4 4 1 3 5 1 0 6 2 0 2 0 3 3 3 3 2 1 1 1 754 0 1 2
4 3 1 3 1 4 6 2 13 5 0 3 9 3 3 0 2 2 2 1 1 1 813 0 2 0
2 13 4 3 8 4 5 3 2 0 6 0 0 1 3 0 6 1 1 3 3 2 3 1 3 1 872 2 1 3
3 1 0 5 1 4 7 2 0 3 13 4 1 9 3 2 0 1 2 1 831 0 0 0
1 5 2 3 1 4 7 4 0 1 6 13 3 4 3 2 0 1 2 1 895 0 0 0
4 5 3 4 3 13 0 1 8 4 0 0 0 0 0 2 9 3 1 3 2 2 1 2 3 3 1 1 1 935 2 3 4
3 8 13 3 2 1 3 2 0 5 0 2 0 0 3 0 2 1 1 1 3 1 907 2 0 0
3 2 4 0 1 4 1 3 2 3 3 0 3 13 1 0 0 1 2 1 987 0 0 0
3 0 2 0 0 0 2 1 3 5 4 3 4 13 3 1 2 3 2 1 1 1 855 0 1 1
0 0 1 4 2 2 4 6 1 0 0 13 1 1 7 2 5 3 2 2 3 3 1 1 1 900 0 2 3
0 7 2 4 2 5 5 5 6 3 13 1 3 8 9 3 10 3 2 3 1 1 2 1 2 3 3 1 1 1 897 3 3 4
1 3 0 0 6 13 0 0 4 0 3 2 4 0 2 0 8 1 2 1 3 3 3 2 1 1 3 1 862 3 2 3
0 0 2 1 1 7 3 2 0 3 13 8 2 1 4 5 0 1 3 1 871 0 0 0
0 3 3 1 3 0 4 3 0 5 8 6 4 13 3 2 9 2 2 1 2 3 2 3 1 1 1 1 1 848 3 4 2
2 3 3 3 3 6 3 0 13 3 4 0 1 9 5 4 10 2 1 3 3 2 1 2 1 2 1 1 3 1 737 4 4 2
1 5 2 3 0 0 4 13 0 3 2 3 2 2 1 6 2 1 3 1 1 1 924 1 0 1
7 3 1 3 7 13 3 5 3 7 4 2 0 4 2 1 2 2 1 1 3 1 845 1 1 0
9 13 5 3 5 5 9 2 3 0 3 0 0 2 0 0 4 3 3 3 1 1 1 1 944 1 0 3
2 1 5 6 0 3 13 8 0 4 6 7 0 1 4 3 8 2 2 1 3 1 2 3 3 1 3 1 873 2 3 3
1 5 3 2 3 13 0 0 8 4 3 2 2 3 0 3 6 3 1 1 1 2 3 1 3 1 873 3 1 2
2 2 1 1 3 5 4 2 13 7 0 0 3 4 0 0 6 3 3 3 1 2 1 1 3 1 678 2 1 3
3 4 3 3 2 5 6 7 5 13 1 0 4 2 0 0 10 1 1 3 2 1 3 3 3 1 2 1 2 1 786 4 2 4
2 13 9 3 4 1 4 3 5 3 2 3 0 0 1 0 5 3 3 2 2 1 1 1 1 815 1 2 2
1 3 0 3 3 4 3 1 2 2 4 0 3 8 13 2 3 1 1 2 1 3 1 865 2 1 0
2 4 3 6 3 3 13 7 4 1 3 3 0 5 1 2 0 1 3 1 908 0 0 0
0 3 0 0 3 4 4 4 0 3 13 1 5 2 7 4 2 2 3 1 1 1 862 0 1 1
0 0 1 1 1 2 2 5 4 5 4 3 3 3 13 2 11 1 1 3 2 2 2 3 1 1 3 2 1 3 1 933 4 4 3
0 0 2 6 0 1 6 4 1 0 3 13 0 3 8 2 1 3 1 3 1 782 0 0 1
4 7 3 0 5 1 13 2 4 7 4 0 5 3 3 9 11 2 2 1 1 3 2 1 2 3 1 3 1 3 1 702 4 4 3
0 0 3 2 2 0 2 3 1 13 8 1 0 4 3 3 2 2 1 1 1 1 929 1 1 0
0 3 3 0 7 2 4 0 9 0 6 1 3 13 2 3 9 2 3 3 1 3 1 1 1 2 1 2 1 793 4 2 3
3 1 5 1 13 0 2 0 3 3 0 3 6 2 0 0 11 2 1 1 3 1 2 2 3 3 1 3 1 2 1 810 4 3 4
0 3 2 0 5 6 1 0 7 5 3 2 13 4 3 3 9 2 3 2 1 2 1 3 1 1 1 3 1 820 4 3 2
1 3 4 4 0 1 9 13 5 3 5 3 0 2 2 1 5 3 1 2 2 3 1 3 1 919 1 2 2
3 2 1 13 0 3 6 7 0 3 5 5 0 0 0 3 10 2 3 1 2 1 1 2 3 3 2 1 1 1 850 3 4 3
3 3 0 1 4 3 0 0 7 6 3 0 13 0 3 0 9 2 3 1 3 1 2 3 2 2 1 1 1 847 2 4 3
0 0 3 1 2 3 5 2 0 1 5 13 3 0 0 3 2 2 3 1 1 1 756 0 1 1
3 5 5 0 13 8 4 0 3 6 0 0 3 0 0 3 8 3 1 3 2 2 1 2 1 1 3 1 823 3 3 2
3 1 3 0 1 2 1 4 6 4 3 7 1 13 2 2 1 3 1 2 1 859 0 0 1
2 2 13 3 3 5 2 1 1 4 2 3 1 0 3 4 9 1 1 1 3 3 2 2 3 1 1 2 1 760 4 2 3
2 3 13 1 2 2 3 1 3 4 1 1 0 2 1 3 10 3 1 3 1 1 2 2 3 3 2 1 2 1 802 3 3 4
0 0 2 1 4 2 2 0 5 13 3 4 3 3 1 1 11 1 3 2 1 2 2 1 3 3 3 2 1 1 1 850 3 4 4
13 3 6 0 3 5 1 0 2 4 3 2 6 1 3 3 10 1 1 1 3 2 3 2 2 1 3 1 2 1 883 4 3 3
3 1 5 3 13 3 0 0 5 4 3 0 1 2 1 0 2 3 2 1 2 1 765 0 1 1
3 0 0 0 4 1 3 0 6 13 1 1 3 5 2 2 9 1 2 3 2 3 3 2 1 1 1 2 1 926 3 3 3
3 0 0 3 2 13 3 1 5 6 4 0 4 3 3 1 8 1 2 1 2 2 1 3 3 1 2 1 759 3 3 2
13 8 6 3 3 6 2 0 3 0 0 1 3 0 0 0 1 1 1 2 1 929 1 0 0
7 9 4 1 2 13 3 1 4 3 2 0 1 0 0 0 10 1 3 1 2 3 2 1 2 2 3 1 3 1 998 3 4 3
2 3 7 2 2 13 3 0 1 5 1 4 8 1 3 2 10 2 3 3 1 3 3 1 1 2 1 1 2 1 984 4 2 4
0 3 3 1 1 5 13 5 2 2 3 8 3 2 2 4 1 1 1 1 1 741 1 0 0
3 5 2 10 1 1 5 1 3 4 4 13 0 3 8 3 3 2 2 1 1 2 1 911 1 2 0
7 1 3 1 8 4 5 4 0 0 4 13 2 3 0 3 5 3 2 2 1 2 1 1 1 814 1 3 1
1 4 13 3 3 2 4 3 0 0 1 2 3 0 0 0 11 3 3 2 1 2 2 1 2 1 1 3 1 3 1 927 4 4 3
2 3 1 1 0 3 5 5 0 2 13 5 3 4 9 1 9 1 3 2 3 2 1 1 3 2 1 2 1 850 3 3 3
4 1 1 3 5 13 7 5 4 6 4 3 0 1 2 4 6 2 2 2 3 1 2 1 1 1 903 1 4 1
0 2 5 3 2 3 6 3 1 4 13 1 0 0 3 7 5 3 1 1 3 2 1 2 1 982 2 1 2
0 3 0 1 0 3 5 3 3 4 13 2 1 6 2 3 0 1 3 1 967 0 0 0
3 2 3 3 3 5 3 5 0 13 5 1 0 3 6 1 6 2 3 3 2 2 1 1 1 1 857 1 3 2
3 2 3 0 13 4 2 1 1 8 5 0 3 2 0 0 4 1 2 3 1 3 5 0.428571 6 0.285714 7 0.285714 801 2 1 1
3 6 4 1 0 2 13 10 0 2 0 4 0 3 2 1 7 1 2 1 2 3 3 1 1 3 1 860 3 2 2
1 1 4 0 3 13 4 0 3 4 5 1 2 1 0 2 3 3 2 2 1 3 1 978 0 2 1
3 7 4 0 13 8 7 0 3 5 2 3 1 4 1 3 3 2 1 3 1 2 1 850 1 1 1
0 1 13 4 6 1 5 2 2 4 3 4 2 0 3 2 1 1 1 1 1 747 1 0 0
2 5 1 3 3 2 13 6 3 5 5 7 0 3 3 0 5 2 2 1 1 1 1 3 1 861 3 2 0
0 0 0 2 2 7 4 5 0 5 13 9 1 6 3 3 6 3 1 2 3 1 1 1 2 1 759 3 1 2
0 5 3 2 4 13 5 3 1 1 0 2 0 1 0 0 6 2 3 3 2 3 1 1 3 1 733 1 2 3
4 13 6 8 5 1 2 1 3 5 4 0 2 2 0 0 8 2 3 1 3 2 1 3 3 1 1 1 947 2 2 4
4 5 1 3 2 4 13 4 5 6 3 2 4 1 0 1 2 1 2 1 2 1 813 1 1 0
0 3 0 0 0 3 2 1 0 0 13 7 3 1 3 5 7 1 2 1 2 2 1 2 1 3 1 867 3 4 0
2 3 8 4 0 6 13 3 1 4 3 2 0 3 2 2 4 3 1 1 3 1 1 1 691 2 0 2
0 5 2 3 3 1 7 13 1 8 7 1 4 2 4 3 4 1 2 2 1 1 2 1 945 2 2 0
13 4 7 0 3 2 2 0 2 3 4 3 1 0 1 2 2 1 3 1 1 1 739 1 0 1
2 3 0 4 0 3 4 5 0 2 4 13 4 6 7 8 4 3 1 3 1 3 8 0.181818 9 0.272727 10 0.545455 992 2 0 2
3 3 0 0 1 3 4 1 3 4 7 8 0 2 3 13 2 1 2 1 2 1 747 1 1 0
4 2 4 3 4 13 5 3 3 0 0 0 1 5 0 0 11 2 3 1 1 2 3 1 3 3 1 2 1 2 1 860 4 3 4
0 5 8 3 0 3 0 13 0 2 6 7 1 1 0 3 10 1 2 3 3 1 3 2 3 2 1 1 2 1 814 3 3 4
8 2 0 1 4 4 1 0 3 6 4 0 13 1 0 0 6 1 3 2 2 2 3 1 3 1 932 1 3 2
0 4 2 3 3 4 6 1 1 2 13 4 0 0 4 1 5 3 2 2 1 1 1 2 1 835 2 2 1
4 3 1 0 4 3 3 0 10 13 6 0 3 4 3 3 1 2 1 3 1 828 0 1 0
4 5 13 3 3 6 3 3 4 3 0 0 3 0 0 2 1 3 1 1 1 778 0 0 1
2 5 5 0 3 6 5 2 13 3 0 0 3 1 0 3 3 3 1 1 1 2 1 712 2 0 1
1 9 2 3 3 13 0 3 3 2 3 4 1 4 0 0 10 3 1 1 1 3 2 2 2 1 3 1 2 1 782 4 3 3
4 4 3 0 3 5 13 3 3 3 0 0 0 1 0 0 3 1 3 2 1 2 1 789 1 1 1
7 2 4 0 13 7 1 6 5 4 5 1 3 2 4 0 1 2 1 1 1 965 0 1 0
2 0 4 4 0 0 13 1 0 3 4 2 0 1 1 0 6 1 2 3 2 3 2 1 1 1 768 1 3 2
1 3 3 3 0 4 3 2 0 6 7 13 1 3 2 3 2 3 2 1 1 1 894 0 1 1
0 0 3 0 1 1 3 3 0 2 4 3 1 4 13 1 7 3 2 2 3 2 1 3 1 2 1 902 1 3 3
0 4 8 1 1 4 5 8 0 0 3 13 1 0 0 3 8 3 3 2 1 3 2 2 2 1 3 1 732 1 4 3
3 7 3 2 0 5 1 3 1 13 7 2 0 3 0 3 0 1 3 1 714 0 0 0
13 7 0 0 7 3 6 1 2 3 0 0 2 3 4 1 3 2 3 1 1 3 1 836 1 1 1
1 0 0 0 2 1 8 0 4 5 5 2 4 13 3 2 8 3 2 2 3 1 1 3 1 1 3 1 917 3 2 3
3 4 6 4 8 0 13 2 1 7 5 2 2 4 1 3 8 2 1 3 1 2 2 1 3 1 1 1 952 3 3 2
1 9 1 0 4 7 3 1 13 6 0 2 2 4 2 0 4 3 2 3 3 1 1 1 934 0 1 3
0 3 2 3 0 4 5 3 0 6 3 7 3 1 13 3 4 1 3 1 2 1 2 1 812 2 1 1
0 1 5 0 1 3 8 2 7 13 5 2 4 3 1 0 7 2 1 1 3 3 2 3 1 2 1 828 2 2 3
2 7 3 4 3 13 3 0 2 8 6 3 3 3 2 3 5 1 2 1 1 3 1 1 1 770 3 1 1
3 0 1 0 2 8 1 4 3 8 7 3 2 13 5 3 2 3 1 1 2 1 797 1 0 1
6 13 2 7 7 8 4 0 5 5 1 1 3 0 0 3 4 2 1 2 3 3 8 0.181818 9 0.272727 10 0.545455 906 1 2 1
5 13 3 2 3 1 4 3 5 0 5 3 1 0 1 2 1 2 1 3 1 713 0 1 0
6 3 4 1 0 7 4 2 7 0 4 13 0 0 3 2 6 3 2 1 2 1 1 1 3 1 783 3 2 1
2 2 3 0 2 13 8 2 3 4 3 1 1 3 1 0 9 1 1 3 1 2 1 2 3 2 1 3 1 878 4 3 2
7 3 1 1 1 5 1 1 13 8 2 2 2 3 9 0 4 3 2 2 3 1 3 1 870 0 2 2
3 1 0 0 7 1 3 1 6 13 3 3 2 3 2 4 6 2 1 1 2 2 3 1 3 1 897 2 3 1
0 5 2 2 0 0 5 13 1 1 4 2 2 3 4 5 2 1 3 1 1 1 866 1 0 1
0 1 2 0 0 4 3 4 1 3 13 1 3 2 2 5 2 3 1 1 2 1 941 1 0 1
1 6 3 2 9 13 6 3 0 3 5 3 0 1 2 0 4 1 3 2 3 1 3 1 1035 1 1 2
3 1 13 7 5 3 4 3 1 3 2 2 0 0 0 1 7 2 2 3 3 2 3 1 1 1 1 873 1 3 3
3 13 3 0 2 2 6 4 1 6 2 1 0 3 3 0 4 2 1 3 1 1 3 1 642 2 1 1
3 4 13 3 1 1 5 2 0 2 3 5 0 0 2 2 3 1 1 2 1 1 1 773 2 1 0
4 4 13 1 2 1 3 10 0 5 0 5 0 3 2 0 2 1 3 1 2 1 861 1 0 1
6 1 5 1 0 2 3 3 0 13 5 2 0 3 2 1 4 3 2 3 1 1 3 1 907 1 1 2
0 0 3 4 0 7 13 7 1 3 0 5 0 0 2 0 0 1 3 1 968 0 0 0
1 0 2 2 3 13 2 0 9 4 3 4 5 3 0 0 9 1 2 1 3 1 3 3 1 3 1 2 1 874 4 1 4
3 3 5 0 1 4 3 2 3 13 3 1 2 5 7 1 0 1 2 1 979 0 0 0
3 0 0 0 5 5 7 1 13 5 2 0 3 3 0 0 5 1 3 2 1 2 1 3 1 747 2 2 1
13 8 9 0 4 1 4 0 4 5 0 2 3 0 0 0 11 1 3 2 1 3 2 3 2 1 2 3 1 1 1 818 3 4 4
4 1 0 0 5 4 0 0 13 4 1 2 3 2 4 0 9 1 2 2 3 3 1 3 1 3 1 2 1 692 3 2 4
3 4 3 2 0 4 13 3 3 3 1 1 2 4 2 4 6 1 3 3 2 2 1 1 1 1 758 2 2 2
1 1 13 1 5 7 2 2 4 2 0 0 4 3 0 0 8 3 2 1 3 1 3 1 2 1 2 1 751 3 2 3
2 2 4 1 2 2 5 3 3 13 1 0 6 3 0 3 1 1 1 1 1 819 1 0 0
4 3 0 2 1 13 4 0 6 3 4 2 3 3 0 0 3 3 1 1 1 2 1 835 2 0 1
0 0 0 3 1 3 3 0 0 2 13 1 4 1 4 8 6 2 1 2 3 2 3 1 3 1 940 1 3 2
4 3 3 3 1 5 13 0 1 0 6 0 3 0 2 0 0 1 2 1 923 0 0 0
1 1 3 2 0 0 13 2 0 1 6 3 3 8 0 6 9 1 2 2 3 2 1 3 1 2 1 3 1 761 3 4 2
4 8 13 4 6 7 0 0 4 3 2 0 2 4 1 0 4 1 2 1 3 1 3 1 855 2 1 1
0 0 0 2 3 2 3 0 7 0 2 3 7 13 7 7 5 1 1 2 1 3 1 1 1 855 3 1 1
2 3 1 3 4 1 6 2 0 2 7 13 0 2 3 3 6 1 1 3 3 2 1 1 3 1 874 3 1 2
1 5 2 0 3 4 13 0 3 4 3 1 2 0 1 2 8 3 1 2 2 2 3 1 1 1 3 1 844 3 3 2
4 1 13 4 1 4 3 1 3 2 3 0 0 2 2 0 1 3 1 3 1 755 0 0 1
0 0 2 3 0 3 4 13 0 4 5 2 2 0 4 5 3 1 1 1 1 3 1 769 3 0 0
0 1 2 0 1 4 3 3 3 5 13 2 3 2 3 2 8 1 1 3 2 2 3 1 3 1 1 1 799 3 2 3
3 3 4 1 2 13 6 0 1 0 2 0 1 0 3 0 3 3 2 2 1 1 1 875 0 2 1
3 2 7 3 2 13 9 6 2 3 6 1 0 1 3 3 2 3 1 1 3 1 1045 1 0 1
0 2 2 1 2 3 5 3 6 2 4 1 13 10 4 1 2 3 3 1 1 1 921 0 0 2
4 13 9 4 3 0 5 5 0 0 7 3 2 0 0 1 4 2 1 3 2 1 1 1 930 1 2 1
2 3 1 4 6 13 2 2 9 7 4 0 3 3 0 0 6 1 3 1 3 2 3 1 1 1 860 2 1 3
3 1 0 0 5 4 4 1 3 13 7 3 8 2 4 4 5 2 1 1 2 3 1 2 1 834 2 2 1
2 1 1 2 2 13 5 0 8 6 7 1 2 3 4 3 2 3 3 1 1 1 888 0 0 2
0 3 0 0 0 1 3 0 3 4 2 2 1 6 13 2 9 1 2 1 1 1 2 3 2 3 1 3 1 912 4 3 2
0 6 0 0 2 5 1 3 1 0 6 13 0 3 4 4 9 1 2 3 3 1 3 2 1 2 1 2 1 760 3 3 3
8 6 13 4 0 4 5 0 0 4 3 2 0 0 0 3 8 3 2 1 2 1 3 1 2 1 1 1 887 3 3 2
4 4 3 0 13 5 3 0 1 5 2 1 3 3 1 0 8 3 3 1 2 1 2 2 3 1 2 1 802 2 3 3
4 3 5 13 3 2 2 1 4 4 4 1 1 2 0 0 0 1 3 1 938 0 0 0
2 0 0 1 3 3 13 3 0 1 6 5 9 4 5 2 0 1 3 1 928 0 0 0
0 0 3 4 0 2 1 3 3 4 2 4 1 6 13 3 6 1 2 3 2 1 2 1 1 1 906 2 3 1
8 1 3 0 4 13 4 0 3 5 6 3 2 3 0 3 5 2 3 1 3 1 1 2 1 1005 2 1 2
0 9 2 3 3 13 1 0 7 3 4 0 3 2 3 2 7 3 1 1 2 2 3 1 1 1 1 835 3 2 2
2 1 1 1 2 13 8 3 5 7 4 6 4 0 3 3 9 3 3 2 1 1 2 1 2 3 1 2 1 845 3 3 3
3 2 3 1 1 13 1 0 4 7 3 0 3 5 2 0 10 1 3 2 2 3 1 2 1 3 2 1 3 1 908 3 4 3
3 2 13 5 0 3 4 3 0 2 0 1 0 0 2 3 6 3 2 1 2 1 1 1 1 1 695 3 2 1
0 6 7 1 2 1 3 13 2 3 6 5 0 2 3 3 8 1 2 2 1 3 1 3 2 1 1 1 849 3 3 2
2 3 0 3 2 5 3 4 0 3 1 2 1 9 13 5 7 3 1 3 2 3 1 2 1 1 1 708 2 2 3
0 3 6 2 2 9 13 3 0 0 1 3 3 1 3 2 9 1 2 1 2 3 3 3 1 1 1 2 1 924 4 2 3
2 5 4 1 4 13 3 0 0 4 5 0 0 3 3 0 6 1 2 1 2 2 1 1 3 1 971 3 3 0
0 4 2 0 0 2 4 3 5 3 7 4 1 3 13 1 7 3 1 3 2 1 2 1 1 2 1 854 3 2 2
4 9 13 2 1 3 5 4 4 1 2 3 0 0 3 0 10 3 2 1 3 2 1 3 2 1 1 1 2 1 894 4 3 3
3 4 1 5 0 6 3 4 0 7 13 7 5 7 4 1 7 2 1 2 3 1 3 2 1 2 1 812 2 3 2
5 0 1 0 4 13 6 0 3 6 3 0 4 5 0 2 9 1 2 2 3 1 2 3 3 3 1 1 1 691 2 3 4
1 13 3 2 3 4 6 1 7 2 5 0 4 0 4 0 11 3 2 2 2 1 1 3 3 2 1 1 1 3 1 764 4 4 3
3 3 13 3 5 8 1 1 0 1 5 0 0 3 3 0 5 2 1 2 2 3 1 2 1 602 1 3 1
5 0 2 0 4 8 0 0 4 13 2 1 1 3 5 2 8 3 3 2 3 1 1 2 3 1 1 1 845 2 2 4
1 3 5 4 5 4 1 3 2 3 2 13 0 1 2 3 4 2 3 3 1 3 8 0.181818 9 0.272727 10 0.545455 742 1 1 2
1 1 5 3 1 3 13 0 2 1 1 3 4 0 3 0 4 2 2 3 2 1 2 1 803 0 3 1
2 0 0 3 3 5 1 2 3 3 13 4 4 2 3 1 3 1 2 1 1 3 1 823 2 1 0
3 5 2 3 0 0 1 13 0 6 8 3 1 2 4 3 11 2 2 3 2 1 3 1 3 1 3 2 1 1 1 856 3 4 4
5 3 4 2 13 3 3 0 6 3 1 1 0 0 2 0 11 2 2 1 1 2 3 3 3 3 2 1 1 1 1 949 3 4 4
3 4 4 2 2 13 8 2 4 4 4 1 3 3 0 0 7 1 3 3 2 1 1 2 1 1 1 817 3 2 2
0 1 0 2 0 1 4 4 1 0 13 2 3 6 5 3 10 1 3 3 1 3 2 2 2 3 2 1 1 1 689 2 4 4
2 2 4 3 13 1 0 1 1 4 5 4 5 2 3 0 7 1 3 1 1 3 2 2 1 2 1 755 3 2 2
4 13 2 4 3 3 2 1 5 2 3 1 2 1 4 0 1 1 1 3 1 886 1 0 0
0 0 3 3 0 2 0 4 0 0 3 6 7 0 13 1 6 1 2 1 2 3 2 1 1 1 870 2 3 1
2 1 0 0 0 4 0 5 3 3 13 4 0 4 9 7 1 1 1 2 1 786 1 0 0
0 1 1 5 0 2 4 13 2 5 4 1 1 0 2 4 5 3 3 2 1 3 1 2 1 906 1 1 3
7 5 3 13 3 5 6 1 0 0 7 1 0 2 3 0 5 2 1 2 1 3 1 2 1 844 2 2 1
9 13 1 3 4 1 5 6 2 1 5 1 0 0 2 0 2 3 2 1 2 1 845 0 1 1
1 8 3 0 3 5 13 0 1 5 2 3 4 6 2 2 3 1 3 1 1 2 1 723 2 0 1
4 3 3 2 13 4 3 2 1 1 0 0 0 0 0 2 4 1 3 3 3 1 3 1 925 1 0 3
5 6 4 0 13 2 0 3 2 3 4 3 3 6 1 0 4 1 2 2 1 1 1 1 928 2 2 0
13 4 3 3 5 6 4 2 3 7 1 0 0 0 2 0 4 3 3 2 1 1 1 1 1003 1 1 2
3 5 3 7 2 5 13 3 4 3 4 2 0 0 0 3 8 3 1 3 2 1 3 1 1 1 2 1 957 4 1 3
3 2 4 3 0 2 5 3 2 3 7 3 0 1 13 3 8 1 1 3 1 3 1 3 2 1 2 1 817 4 1 3
2 2 3 5 5 13 1 0 4 1 3 2 3 2 1 0 8 2 2 1 3 1 3 1 3 3 4 0.545455 5 0.272727 6 0.181818 928 3 2 3
0 0 3 4 1 2 3 5 3 3 13 9 0 1 5 2 11 3 3 1 2 2 3 1 2 1 2 1 1 3 1 827 4 4 3
3 1 1 1 4 4 3 0 13 7 3 0 2 2 0 2 11 1 3 2 3 2 2 3 1 3 2 1 1 1 1 918 3 4 4
1 5 6 4 2 13 1 9 0 3 8 3 0 2 3 2 5 1 3 3 1 3 1 2 1 882 2 0 3
2 2 0 6 3 3 2 1 0 5 3 3 4 9 13 8 5 2 3 1 1 3 1 1 1 922 2 1 2
3 5 13 3 5 3 4 4 2 0 3 3 0 0 1 1 8 1 2 2 1 3 1 3 2 1 2 1 814 3 3 2
2 3 4 1 3 13 6 5 5 1 7 3 0 2 0 0 4 2 3 1 2 1 1 1 879 1 2 1
3 2 13 4 6 8 4 2 3 5 3 3 0 2 3 1 1 1 1 1 1 869 1 0 0
4 9 4 4 7 13 2 0 3 4 3 0 0 2 1 0 6 3 1 2 2 3 1 1 1 1 971 2 2 2
0 3 2 5 2 6 1 1 4 1 5 0 13 2 3 0 6 3 3 3 1 2 1 1 2 1 725 2 1 3
4 13 2 0 7 5 4 1 1 0 3 0 3 0 2 0 6 1 3 2 2 1 3 3 7 0.285714 8 0.285714 9 0.428571 839 2 2 2
1 0 4 1 0 2 5 4 0 13 5 1 5 2 2 3 11 3 2 1 2 1 3 3 1 2 3 2 1 1 1 657 3 4 4
0 0 1 1 2 0 4 5 0 3 3 13 0 7 5 4 2 3 2 1 3 1 806 0 1 1
2 0 1 2 9 5 3 4 2 7 1 1 3 13 6 3 5 2 3 1 2 1 1 3 1 946 2 2 1
3 2 4 1 13 5 3 2 5 7 2 0 3 1 3 0 10 2 2 1 3 3 1 1 3 1 2 1 3 1 849 4 3 3
3 3 4 13 1 4 8 4 0 6 5 2 0 1 0 2 11 2 1 3 1 3 1 2 3 2 2 3 1 1 1 899 3 4 4
2 0 1 3 3 3 3 1 0 5 2 3 5 13 5 4 1 2 1 1 1 861 0 1 0
3 3 0 1 0 13 5 2 0 4 7 3 1 3 4 3 2 2 3 3 6 0.333333 7 0.333333 8 0.333333 924 0 1 1
0 0 4 4 2 0 6 13 3 5 8 4 0 6 0 3 2 2 1 1 1 1 964 1 1 0
2 0 0 0 2 0 0 1 1 5 5 7 5 13 2 3 2 1 3 1 3 1 829 1 0 1
1 2 2 3 5 5 6 2 3 13 4 3 0 2 1 0 8 1 1 1 2 3 3 3 1 1 2 1 906 4 1 3
1 0 3 0 5 6 1 0 4 13 3 0 4 4 2 3 8 1 1 2 2 2 1 3 2 1 3 1 810 3 4 1
3 1 1 1 1 7 2 2 3 13 2 0 4 0 2 0 7 1 3 3 3 3 2 1 1 2 1 818 2 1 4
0 4 3 0 2 6 0 3 8 5 5 1 0 4 13 4 4 3 1 2 2 1 1 1 828 1 2 1
3 4 13 3 0 3 6 4 3 7 0 5 2 4 0 1 3 3 1 3 1 2 1 927 1 0 2
1 3 2 3 3 6 11 7 5 13 0 0 5 0 1 2 5 2 3 3 1 3 1 3 1 954 1 1 3
13 2 8 3 1 5 3 3 6 3 1 0 3 2 0 0 10 3 2 1 1 2 3 1 2 1 2 1 3 1 1064 4 4 2
1 7 2 0 13 9 4 0 2 3 5 3 2 3 4 3 3 1 1 1 1 2 1 913 3 0 0
0 4 3 13 1 6 1 4 2 1 7 4 3 2 2 2 5 2 1 1 3 3 1 3 1 728 2 1 2
8 6 3 1 2 13 4 0 4 5 1 1 0 2 3 0 7 1 3 2 1 3 2 2 1 3 1 916 2 3 2
2 3 1 4 5 13 9 3 3 0 3 5 1 0 0 0 0 1 2 1 869 0 0 0
1 3 0 0 5 4 2 1 3 3 4 0 13 1 3 0 5 2 2 3 1 3 1 2 1 862 1 2 2
3 13 1 1 8 3 3 2 4 6 4 0 3 0 3 1 3 2 2 3 1 3 1 852 0 2 1
7 1 6 0 2 2 5 3 13 1 4 0 5 3 1 3 9 3 3 2 1 3 2 1 2 2 1 1 1 866 2 4 3
1 3 0 0 1 8 13 2 4 7 4 1 3 2 3 2 11 1 2 3 1 3 1 3 3 2 2 2 1 1 1 781 3 4 4
2 13 4 1 4 3 6 4 1 3 4 0 4 2 0 0 11 1 1 2 1 3 2 2 3 2 3 3 1 1 1 901 3 4 4
6 1 4 2 4 13 3 1 5 4 2 5 9 1 0 0 8 2 1 3 1 2 3 3 2 1 3 1 928 2 3 3
0 6 0 1 2 0 3 13 0 0 5 6 0 3 4 2 3 2 3 1 1 1 1 673 1 1 1
3 9 6 6 4 13 4 2 3 0 2 3 0 1 0 0 2 1 1 1 2 1 828 2 0 0
1 1 3 3 3 13 2 6 1 5 2 0 3 0 0 1 1 2 1 2 1 888 0 1 0
1 6 5 2 0 0 4 13 0 2 4 2 1 0 1 1 5 3 2 3 1 3 1 2 1 836 1 1 3
3 6 13 4 5 3 4 1 0 3 5 2 0 0 1 0 10 1 3 3 3 1 2 2 1 2 2 1 3 1 902 3 4 3
6 13 4 4 3 3 1 0 2 0 0 1 2 0 0 3 10 3 2 1 1 3 1 3 2 1 2 1 2 1 890 4 3 3
4 3 7 3 1 3 6 4 8 1 4 2 1 13 2 2 11 2 1 3 1 3 2 3 2 1 2 3 1 1 1 710 3 4 4
0 1 2 3 0 4 1 4 0 1 2 6 3 3 13 3 4 3 1 2 3 1 2 1 962 1 1 2
3 2 4 3 3 2 3 13 3 1 3 5 0 0 1 3 10 1 1 2 3 2 3 3 1 2 1 1 2 1 786 4 3 3
0 2 0 1 3 4 6 1 3 4 13 8 1 3 2 3 1 3 1 2 1 960 0 0 1
5 4 2 13 0 7 5 3 1 2 1 3 0 1 0 0 2 2 2 1 1 1 819 0 2 0
2 1 0 2 10 5 1 0 13 1 0 0 3 2 2 4 10 1 1 2 3 3 2 2 1 1 3 1 3 1 967 4 3 3
0 2 3 0 3 5 5 3 1 1 3 5 3 3 13 4 7 2 3 2 1 2 2 1 1 1 1 883 2 4 1
3 0 4 5 0 0 0 13 0 3 5 1 0 3 2 3 7 3 3 1 2 1 1 2 1 2 1 789 3 2 2
4 3 0 3 5 4 5 0 2 13 4 6 0 0 0 1 0 1 3 1 878 0 0 0
5 0 0 0 4 2 3 0 13 3 3 3 3 6 9 0 0 1 1 1 751 0 0 0
3 0 0 0 2 4 1 0 7 5 3 0 13 7 3 2 10 3 3 3 1 3 1 1 2 2 1 1 2 1 760 4 2 4
3 3 3 1 4 9 4 5 13 3 0 0 5 2 0 0 5 3 2 2 1 1 3 6 0.333333 7 0.333333 8 0.333333 973 2 2 1
3 4 3 2 0 6 13 1 1 4 8 3 0 3 1 0 5 2 2 2 3 3 1 1 1 678 0 3 2
4 2 5 0 7 4 3 0 13 6 3 0 8 1 2 3 2 1 1 1 2 1 811 2 0 0
0 0 1 2 1 3 4 8 2 4 13 2 0 3 0 3 2 1 3 1 3 1 907 1 0 1
0 4 9 2 0 7 1 3 1 4 3 13 6 1 3 4 1 2 1 2 1 730 0 1 0
0 4 3 6 3 7 3 2 4 5 13 8 2 1 3 3 8 3 1 2 1 3 1 2 2 1 1 1 788 3 3 2
7 3 2 7 0 1 5 13 1 5 3 2 0 3 3 3 1 1 1 2 1 992 1 0 0
13 2 2 2 6 7 3 0 1 5 6 2 2 1 0 0 7 1 3 1 1 2 1 3 1 3 1 818 4 1 2
2 0 0 3 0 0 5 2 2 5 5 8 3 1 13 1 10 1 3 1 2 1 3 3 3 2 2 1 1 1 783 3 3 4
3 13 7 4 1 2 6 4 5 4 1 3 1 2 0 0 1 2 1 3 1 833 0 1 0
0 0 1 2 0 0 3 4 0 4 5 1 2 1 13 3 10 2 2 3 3 1 3 2 2 1 1 1 3 1 867 3 4 3
1 2 0 3 0 9 13 1 0 3 6 5 0 3 2 3 11 3 3 2 3 1 2 1 2 3 1 1 1 2 1 892 4 3 4
2 0 3 1 0 2 3 1 0 3 13 4 0 2 4 3 10 3 1 1 3 1 2 3 2 2 1 1 3 1 866 4 3 3
0 1 3 0 3 2 9 1 3 7 13 1 3 4 2 0 10 1 2 2 3 2 3 1 3 1 3 1 2 1 804 3 3 4
2 2 3 2 9 5 3 3 3 1 13 4 4 1 1 1 9 3 1 3 2 3 1 2 1 2 1 2 1 730 3 3 3
0 3 13 2 0 1 2 6 3 6 4 3 0 1 1 2 11 2 3 1 2 1 2 3 2 1 3 3 1 1 1 883 3 4 4
7 2 0 0 13 6 4 0 2 4 1 3 4 0 3 1 2 3 2 1 1 1 743 0 1 1
4 3 13 2 7 6 4 4 1 0 3 1 0 2 0 4 11 3 2 1 2 3 2 2 1 3 1 1 1 3 1 749 4 4 3
5 4 6 8 0 1 13 2 1 3 8 3 2 0 0 0 3 2 1 2 1 1 1 963 1 2 0
1 2 0 2 0 2 13 2 3 4 6 1 3 4 5 4 4 1 3 1 2 1 1 1 1014 2 1 1
3 2 2 3 1 5 8 6 0 4 13 7 2 3 5 6 1 1 1 1 1 944 1 0 0
13 3 6 1 3 5 3 3 4 1 2 2 0 2 0 0 7 1 2 1 2 3 1 3 1 3 1 833 3 2 2
4 7 4 0 13 3 0 3 7 4 1 3 3 0 3 0 3 1 2 3 1 2 1 828 1 1 1
2 8 3 1 2 6 13 2 5 8 5 1 1 3 6 3 5 1 1 2 3 2 1 3 1 768 2 2 1
2 8 5 1 3 13 0 2 2 6 4 1 3 5 3 0 6 1 3 1 2 2 3 1 1 1 850 2 2 2
4 3 0 0 2 0 3 0 5 2 5 5 3 13 3 1 3 3 1 1 1 2 1 844 2 0 1
0 7 4 0 3 13 2 0 3 5 4 0 5 4 1 2 3 1 2 3 1 1 1 748 1 1 1
3 0 0 4 5 6 3 0 8 13 8 0 4 3 2 4 9 2 1 2 2 3 1 1 3 3 1 1 1 820 3 3 3
3 3 1 5 4 8 2 8 6 3 13 0 4 1 9 3 6 2 3 3 1 1 2 1 2 1 813 2 2 2
0 2 0 0 0 2 3 0 5 1 6 5 1 13 4 3 11 1 3 3 3 2 1 1 2 2 3 1 1 2 1 836 4 3 4
4 3 0 1 4 4 2 0 6 13 0 0 1 1 0 0 6 2 3 3 2 1 3 1 2 1 1030 1 2 3
3 5 0 1 1 3 6 2 4 13 8 0 4 4 2 0 11 1 2 3 1 3 2 1 3 2 2 1 1 3 1 846 4 4 3
8 3 6 1 0 9 13 4 0 3 4 3 2 0 0 2 10 1 1 3 2 3 1 2 3 2 3 1 1 1 908 3 3 4
1 3 0 1 4 4 0 4 2 2 1 3 2 3 13 1 10 1 2 3 1 3 2 1 3 2 3 1 2 1 908 3 3 4
7 3 8 0 7 3 2 1 4 13 5 0 1 3 2 3 11 3 1 1 3 3 2 2 2 1 2 1 1 3 1 765 4 4 3
7 13 9 1 3 5 7 4 0 3 4 2 3 0 0 0 3 2 1 2 1 1 1 831 1 2 0
3 6 4 2 4 1 13 8 3 1 2 0 0 4 0 1 10 2 1 3 1 2 1 2 2 3 3 1 3 1 840 3 4 3
0 1 3 2 0 1 13 3 2 5 6 3 0 0 0 2 0 1 1 1 861 0 0 0
5 13 4 3 1 1 6 5 5 3 3 1 7 2 2 0 5 2 3 1 2 3 1 3 1 774 1 2 2
3 5 3 1 3 6 13 9 3 5 1 2 2 0 0 0 11 1 1 3 2 2 1 1 3 3 2 2 1 3 1 1049 4 4 3
0 2 7 3 3 3 13 4 0 3 9 4 0 6 5 1 4 2 3 1 1 1 2 1 914 2 1 1
3 3 4 3 5 13 2 0 10 5 5 2 1 0 3 2 8 3 3 1 1 2 2 1 1 1 3 1 967 4 2 2
3 1 1 13 0 1 4 4 0 4 7 3 0 0 2 3 4 2 2 3 1 1 2 1 819 1 2 1
3 13 7 3 2 3 6 1 5 3 0 3 4 0 2 0 5 2 1 1 3 2 1 1 1 825 2 2 1
0 0 1 2 3 4 2 3 7 10 13 1 5 1 3 5 9 2 1 3 1 2 2 2 1 3 1 3 1 968 3 4 2
7 2 2 0 4 9 4 0 3 13 2 0 1 4 4 2 8 3 3 1 1 2 3 1 1 1 3 1 815 4 1 3
3 0 3 2 0 0 13 3 5 9 6 1 0 2 3 5 6 2 1 1 2 3 3 1 1 1 697 2 2 2
0 7 3 0 0 1 13 1 2 3 8 4 4 5 3 2 9 2 1 3 1 3 2 3 2 1 1 3 1 946 3 3 3
1 2 6 3 1 1 4 0 5 13 5 0 3 5 3 2 0 1 2 1 763 0 0 0
4 6 13 2 3 5 1 4 1 6 3 1 0 1 2 3 2 2 3 1 2 1 901 0 1 1
3 3 0 0 5 0 2 1 1 2 7 6 3 13 6 2 4 1 1 3 2 3 7 0.285714 8 0.285714 9 0.428571 718 2 1 1
0 3 1 13 0 4 5 8 0 0 2 4 2 0 3 1 8 2 1 3 2 1 1 3 2 1 3 1 920 3 3 2
4 8 1 1 2 3 5 0 13 3 0 0 8 0 3 2 7 2 1 1 1 3 2 2 1 3 1 933 3 3 1
3 7 4 0 3 4 5 0 13 0 1 0 1 3 0 1 7 1 3 3 2 2 2 2 1 3 1 910 1 4 2
1 1 1 3 6 13 9 3 2 3 2 2 4 3 4 0 10 2 2 2 1 1 3 2 3 1 3 1 1 1 845 3 4 3
13 3 4 0 4 1 5 2 6 3 1 0 3 3 2 2 11 3 2 1 3 1 3 2 2 1 1 3 3 5 0.428571 6 0.285714 7 0.285714 679 4 3 4
3 0 0 3 8 3 3 0 4 7 4 1 6 13 1 3 3 2 1 2 1 2 1 816 1 2 0
0 2 0 1 4 0 4 3 2 5 13 5 4 8 1 4 4 1 2 1 3 1 2 1 898 2 1 1
3 1 0 0 13 6 1 2 4 6 7 3 3 2 3 0 11 2 2 2 3 3 1 1 1 3 1 2 1 3 1 785 4 4 3
0 0 1 3 0 0 0 13 1 5 5 1 2 2 3 4 1 3 1 2 1 776 0 0 1
3 0 0 0 4 2 0 1 13 2 0 0 4 6 4 1 0 1 3 1 748 0 0 0
3 2 0 0 0 3 1 0 3 2 3 4 3 4 13 1 1 2 1 1 1 783 0 1 0
0 4 13 1 2 2 4 1 0 4 4 3 3 3 2 1 11 3 2 1 3 2 3 1 1 2 3 1 1 2 1 768 4 3 4
1 2 2 3 0 3 13 5 4 1 10 1 0 2 0 5 3 3 2 1 1 3 1 903 1 1 1
0 2 3 0 0 3 2 0 4 6 13 7 4 5 1 3 5 1 1 2 3 2 1 1 1 638 2 2 1
3 13 5 1 1 2 0 3 5 0 2 0 4 0 1 0 10 2 1 1 3 2 2 1 2 3 3 1 3 1 816 3 4 3
4 4 8 0 3 13 2 1 6 8 1 3 3 2 4 2 0 1 1 1 832 0 0 0
0 3 0 0 2 0 3 0 5 4 2 4 13 5 3 3 6 2 1 3 1 3 3 1 1 1 866 2 1 3
0 0 4 3 0 4 13 1 3 3 3 2 0 4 1 3 8 2 2 2 1 2 1 3 1 1 3 1 684 3 4 1
0 1 9 4 2 3 13 1 2 3 4 5 0 3 3 4 8 1 3 2 3 3 2 1 1 1 2 1 907 3 2 3
8 3 13 2 1 7 5 4 3 3 3 1 5 2 2 0 10 3 3 2 1 2 2 3 1 1 3 1 1 1 805 3 3 4
0 0 4 5 0 1 4 8 2 3 0 13 0 4 5 4 6 2 2 1 3 2 1 1 1 1 852 2 3 1
1 2 4 2 4 0 6 4 2 1 5 1 3 13 1 1 3 3 2 2 1 3 1 930 0 2 1
1 13 2 0 5 4 3 0 3 3 4 3 0 0 1 0 3 2 3 2 1 1 1 849 0 2 1
3 6 3 4 2 4 2 3 3 4 13 3 1 6 0 0 1 3 1 1 1 942 0 0 1
0 0 1 4 0 3 0 7 5 8 13 3 3 4 3 2 6 1 3 3 2 3 2 1 1 1 722 1 2 3
2 4 13 3 2 5 1 2 4 3 0 3 0 3 0 0 5 3 3 1 2 1 1 1 1 672 2 1 2
8 4 2 2 13 4 1 0 2 5 3 1 1 4 0 1 4 2 3 2 3 1 1 1 771 0 2 2
2 1 3 1 0 1 13 4 2 5 4 5 0 6 4 3 1 2 1 3 1 775 0 1 0
1 3 0 0 8 6 6 0 4 2 13 1 2 2 5 3 1 1 1 3 1 774 1 0 0
0 3 5 2 0 2 5 13 1 1 1 3 2 0 4 2 2 3 1 1 3 1 747 1 0 1
1 4 2 0 2 3 3 13 1 5 8 2 0 1 3 3 1 2 1 1 1 914 0 1 0
0 1 3 2 0 0 5 4 2 6 7 9 1 13 3 2 2 1 3 3 4 0.545455 5 0.272727 6 0.181818 740 1 0 1
4 0 6 0 3 3 2 5 6 4 3 1 2 13 4 3 5 2 1 3 3 1 1 3 1 795 2 1 2
3 5 1 0 7 6 2 4 13 6 7 1 1 4 4 0 9 3 3 3 2 1 2 2 1 3 1 2 1 1025 2 3 4
3 2 3 2 0 0 13 1 1 6 8 3 3 5 3 2 3 2 3 1 1 1 1 783 1 1 1
3 1 5 0 0 4 4 1 0 4 4 13 0 9 2 2 7 3 1 2 1 2 2 1 1 3 1 872 3 3 1
5 4 13 7 1 3 3 2 4 0 3 3 0 0 2 1 2 2 1 1 3 1 818 1 1 0
7 13 4 0 8 5 2 0 1 4 6 3 2 1 1 2 1 3 1 3 1 803 0 0 1
3 0 3 0 3 1 6 0 3 8 13 2 8 7 4 1 0 1 2 1 862 0 0 0
0 0 4 1 0 4 13 9 1 6 4 8 2 1 0 2 3 3 3 2 1 3 1 778 0 1 2
3 6 2 0 1 1 7 4 3 13 1 1 1 3 2 4 4 3 2 2 3 1 2 1 969 0 2 2
0 0 4 0 0 0 4 0 3 2 13 1 0 5 3 4 1 2 1 1 1 803 0 1 0
0 3 5 1 0 3 13 3 1 5 2 2 0 3 2 3 2 3 1 1 3 1 870 1 0 1
0 5 3 0 1 3 3 0 13 3 5 1 3 2 3 0 3 1 2 2 1 3 1 750 1 2 0
0 3 3 0 2 8 0 2 3 5 13 6 1 1 3 3 1 1 1 2 1 985 1 0 0
13 2 2 0 7 0 3 0 5 4 1 0 0 2 0 2 3 1 1 1 1 3 1 990 3 0 0
0 0 3 3 0 2 5 3 2 0 1 13 2 4 2 4 3 1 1 3 1 1 1 949 2 0 1
0 5 1 13 1 6 4 5 2 8 7 3 0 0 6 2 3 3 3 1 1 2 1 757 1 0 2
2 1 6 4 3 4 5 1 5 13 6 3 2 9 8 1 10 2 2 3 1 3 1 3 3 1 2 1 2 1 703 3 3 4
2 3 8 13 3 1 3 2 0 3 4 7 0 1 5 5 1 3 1 3 1 832 0 0 1
4 0 2 0 1 3 4 4 5 4 13 8 3 6 7 2 6 2 3 1 1 1 2 1 3 1 1030 3 2 1
2 2 3 2 3 13 6 8 7 6 4 4 0 0 3 1 1 1 1 1 1 943 1 0 0
0 0 2 1 3 0 3 5 0 6 7 2 1 13 3 5 0 1 3 1 933 0 0 0
1 3 1 3 9 4 2 3 3 5 13 0 1 2 2 0 10 2 2 3 3 2 1 1 3 2 1 1 1 1 884 3 4 3
1 0 0 0 0 0 3 3 2 6 6 4 4 13 1 3 1 2 1 3 1 871 0 1 0
0 7 2 3 0 1 3 2 3 1 1 2 7 1 13 6 1 2 1 3 1 845 0 1 0
1 5 3 1 3 3 4 13 3 5 8 6 0 4 5 2 0 1 2 1 908 0 0 0
3 2 4 1 5 7 13 5 0 0 3 6 3 0 0 4 2 3 2 1 1 1 939 0 1 1
7 3 8 1 0 4 5 3 0 3 1 13 1 5 2 3 9 1 1 2 3 2 3 2 3 2 3 8 0.181818 9 0.272727 10 0.545455 698 2 4 3
0 1 0 2 1 5 2 3 3 13 2 1 2 5 7 3 5 1 1 2 2 3 1 1 1 731 2 2 1
3 3 5 13 0 3 4 2 0 3 3 1 0 3 5 0 1 3 3 8 0.181818 9 0.272727 10 0.545455 862 0 0 1
0 0 1 2 4 1 5 1 3 13 8 0 2 2 5 9 5 1 2 3 2 3 1 1 1 726 1 2 2
3 0 3 3 0 3 2 3 0 0 4 13 0 1 3 4 8 1 1 1 3 1 2 2 2 1 2 1 872 4 3 1
4 0 2 1 3 9 1 4 4 13 7 0 3 2 5 4 8 2 2 3 1 1 2 3 1 1 3 1 741 3 3 2
3 2 0 0 3 2 3 3 8 4 1 0 1 13 8 0 8 1 2 1 1 3 2 3 3 1 2 1 740 3 2 3
0 0 3 3 0 0 3 13 1 0 4 4 0 3 6 3 9 2 3 1 1 2 3 2 3 2 1 1 1 843 2 4 3
2 1 0 3 0 5 4 3 0 13 5 2 0 2 8 3 4 2 3 1 1 1 1 1 864 2 1 1
3 2 4 1 5 2 4 0 8 13 3 0 2 1 0 0 7 3 3 1 2 2 1 3 1 1 1 836 2 2 3
3 2 4 3 0 0 13 5 2 1 5 3 0 0 1 2 8 1 3 1 3 3 1 2 2 1 3 1 740 3 2 3
5 2 4 1 3 1 2 13 0 0 3 5 0 0 6 1 1 3 1 2 1 736 0 0 1
3 3 2 4 0 1 2 3 0 5 4 13 0 2 5 3 3 1 1 1 1 2 1 812 3 0 0
1 13 1 3 0 5 7 0 2 0 2 1 2 0 0 0 7 3 3 1 1 3 2 3 1 2 1 866 2 1 4
1 0 3 0 3 1 3 0 2 5 7 1 3 2 13 8 8 3 2 1 1 3 2 2 1 1 2 1 928 3 3 2
3 2 2 3 4 13 3 1 3 8 0 0 4 0 0 0 9 1 2 1 3 2 2 3 3 1 1 1 1 749 3 3 3
3 9 3 1 2 6 13 7 4 9 2 0 3 1 2 0 8 3 2 1 3 3 1 1 3 1 2 1 935 3 1 4
5 4 1 2 3 6 3 0 5 13 6 1 2 1 4 0 10 3 1 3 3 1 2 1 2 2 2 1 3 1 844 3 4 3
9 3 1 2 1 4 13 9 4 6 0 0 0 3 2 0 11 3 2 1 2 3 3 1 1 1 3 2 1 2 1 973 4 3 4
4 6 13 1 0 3 6 8 0 0 3 2 0 0 2 3 4 2 1 3 3 1 1 1 848 1 1 2
0 3 0 3 3 0 3 4 0 13 4 1 7 2 6 3 11 3 2 2 2 1 3 1 3 1 1 2 1 3 1 867 4 4 3
3 1 13 3 7 4 2 0 2 1 3 0 0 0 3 0 11 3 2 1 3 2 3 1 2 1 3 2 1 1 1 859 3 4 4
2 4 4 0 8 5 6 3 9 13 2 0 5 3 0 1 3 1 2 1 1 3 1 730 2 1 0
3 5 3 1 2 2 13 3 0 4 3 9 0 0 0 4 6 3 1 2 1 1 2 1 3 1 843 3 2 1
3 3 13 2 0 1 7 7 0 5 3 3 2 2 0 4 2 1 1 1 3 1 843 2 0 0
0 0 2 1 5 1 3 2 2 5 13 0 5 7 6 3 4 3 3 1 1 1 2 1 766 2 0 2
5 13 3 3 2 6 6 0 1 0 2 0 0 1 0 0 1 3 1 3 1 956 0 0 1
0 0 5 3 3 1 5 2 0 5 1 13 0 3 2 2 6 3 1 2 3 1 2 1 1 1 973 2 2 2
3 4 3 0 4 3 3 2 1 3 1 0 1 13 6 0 1 2 1 2 1 755 0 1 0
2 3 4 13 0 0 5 4 0 4 2 4 0 0 0 1 10 3 2 3 1 1 2 1 1 2 3 1 3 1 719 4 3 3
6 5 6 3 2 3 3 13 0 3 3 3 0 1 4 2 3 2 1 3 1 1 1 665 1 1 1
0 1 8 3 3 1 13 6 0 6 2 2 0 2 1 0 3 3 3 2 1 1 1 931 0 1 2
0 3 2 0 1 2 13 5 0 4 4 1 0 0 1 3 10 3 3 2 2 2 2 3 1 3 1 1 1 1 735 2 4 4
0 3 0 0 4 1 0 0 13 4 4 3 1 7 2 3 8 1 2 2 3 2 1 3 1 1 2 1 894 3 3 2
0 3 4 2 0 3 5 4 0 4 13 8 2 7 1 7 0 1 1 1 854 0 0 0
1 0 0 0 0 5 4 3 2 8 7 13 3 1 5 3 10 3 3 1 2 3 3 2 2 2 1 1 1 1 788 2 4 4
0 1 0 2 0 0 0 3 3 4 13 2 4 1 4 5 5 1 1 3 3 2 1 2 1 858 2 1 2
3 4 4 5 0 6 5 1 0 4 13 2 0 1 3 3 8 1 1 3 2 2 3 1 2 1 2 1 756 3 3 2
0 0 2 0 0 3 0 1 0 5 3 3 3 6 13 1 0 1 2 1 838 0 0 0
2 3 1 0 3 5 3 0 1 7 3 3 3 3 13 6 7 1 2 3 1 3 2 2 1 3 1 755 2 3 2
3 2 2 3 3 1 13 6 7 6 7 1 3 5 4 3 10 2 3 1 2 2 1 1 1 2 3 1 3 1 848 4 4 2
1 0 1 0 0 4 6 1 0 13 5 5 4 3 6 3 6 2 3 2 1 2 3 1 2 1 968 1 3 2
2 1 2 1 4 8 13 3 7 3 4 0 3 0 3 0 8 2 3 3 3 1 1 1 2 1 2 1 928 3 2 3
3 4 8 7 2 7 9 4 1 4 13 2 0 1 4 0 6 3 2 3 1 1 2 1 3 1 868 2 2 2
4 3 5 3 0 4 13 4 3 2 3 1 0 0 2 1 8 2 1 1 3 1 2 3 2 1 3 1 844 3 3 2
2 9 7 0 4 13 9 9 2 5 3 0 3 1 3 0 7 3 1 2 1 2 3 3 1 1 1 908 2 2 3
4 13 9 4 0 2 4 7 0 0 6 1 0 1 3 1 9 3 2 1 1 3 3 2 2 3 1 2 1 844 2 3 4
2 3 3 5 0 8 13 3 1 4 1 3 0 2 0 0 11 2 1 2 2 2 3 1 3 3 3 1 1 1 1 828 3 4 4
0 2 7 3 2 2 4 1 1 6 13 4 3 7 6 3 2 3 1 1 3 1 827 1 0 1
3 0 0 0 4 1 0 0 13 6 3 2 3 5 3 3 5 1 2 2 3 1 1 3 1 790 2 2 1
0 5 1 1 1 2 3 1 2 6 3 1 0 13 2 3 9 2 3 1 2 3 3 3 2 1 1 2 1 903 2 3 4
0 0 0 1 4 7 5 2 7 13 4 2 4 8 1 3 9 3 3 3 1 2 2 1 3 1 1 2 1 860 3 2 4
1 5 13 1 2 3 8 4 0 4 6 5 0 0 2 3 11 2 1 2 3 1 1 1 3 2 2 3 1 3 1 905 4 4 3
2 6 5 6 3 3 4 7 0 2 13 1 0 4 3 3 4 1 2 1 1 1 2 1 843 3 1 0
1 1 3 0 3 13 9 5 4 7 9 8 3 4 4 0 8 3 1 3 2 3 1 2 2 1 2 1 912 2 3 3
1 6 2 1 4 13 2 3 2 2 8 0 3 0 3 1 3 1 3 3 1 3 1 783 1 0 2
0 5 2 1 3 2 3 4 1 4 3 3 1 3 13 2 11 3 2 1 3 1 2 3 1 2 1 2 1 3 1 840 4 4 3
3 6 3 1 1 3 5 13 0 0 5 1 0 2 0 3 3 2 2 2 1 1 1 842 0 3 0
0 6 5 1 0 3 0 7 1 13 9 1 2 5 6 2 8 2 3 1 3 3 2 3 2 1 1 1 775 1 3 4
0 0 1 3 0 0 1 0 2 5 6 3 3 13 4 0 4 1 2 3 2 1 3 1 868 1 2 1
4 4 13 1 3 6 7 9 2 3 4 3 0 0 1 2 4 3 2 1 2 1 1 1 816 1 2 1
0 0 0 1 0 2 6 3 2 4 7 2 1 3 3 13 3 3 1 2 1 1 1 862 1 1 1
2 3 5 0 1 13 9 3 1 4 2 0 2 1 0 0 0 1 3 1 748 0 0 0
0 1 3 0 6 3 5 1 0 2 13 1 3 3 2 3 6 2 1 2 1 3 3 1 2 1 745 2 2 2
0 2 5 13 2 0 3 7 1 3 5 1 0 2 0 3 6 2 3 1 2 3 1 1 1 1 846 2 2 2
0 1 0 4 3 1 8 5 0 7 7 6 2 8 13 2 0 1 3 1 825 0 0 0
3 1 0 3 7 5 1 2 1 13 5 4 3 3 3 1 8 3 3 3 2 2 3 2 1 1 2 1 877 1 3 4
3 0 0 0 0 0 2 1 1 2 4 3 0 6 13 4 2 3 2 1 1 1 906 0 1 1
3 4 4 0 3 1 7 2 3 13 2 1 1 2 0 0 5 3 1 1 2 3 1 2 1 778 2 1 2
1 1 3 2 8 3 5 4 3 13 5 0 3 2 8 2 4 1 3 3 1 1 2 1 823 2 0 2
6 0 0 0 4 5 4 2 1 5 1 3 2 3 13 3 9 1 2 3 3 3 2 2 1 3 1 1 1 783 2 3 4
4 2 13 4 0 7 5 3 0 4 1 0 0 0 2 0 3 1 3 3 1 3 1 815 1 0 2
2 2 2 3 0 3 13 1 0 1 7 4 1 4 0 1 6 2 2 3 1 1 3 1 2 1 839 2 2 2
1 0 3 4 0 3 13 6 0 3 5 3 0 0 0 3 7 3 1 2 2 3 2 1 3 6 0.333333 7 0.333333 8 0.333333 727 2 3 2
1 5 4 0 1 4 4 0 3 13 5 1 6 2 3 2 10 3 2 2 2 3 1 1 1 3 3 1 2 1 795 3 3 4
7 3 1 0 13 4 2 0 6 3 4 0 1 0 2 1 8 3 2 3 1 3 2 2 1 3 7 0.285714 8 0.285714 9 0.428571 933 2 3 3
13 5 1 3 0 8 4 4 0 6 2 3 2 0 0 1 1 3 1 3 1 883 0 0 1
1 4 0 0 1 3 5 3 0 2 6 8 3 2 2 13 3 1 2 1 1 3 1 744 2 1 0
1 0 7 3 2 4 4 1 3 13 5 3 3 4 3 4 10 1 2 1 2 3 1 2 3 2 3 1 3 1 827 3 4 3
3 0 0 4 0 0 1 1 3 4 2 4 2 0 13 3 7 1 2 1 3 2 2 1 1 3 1 829 3 3 1
3 13 1 3 2 2 1 2 3 3 4 0 1 1 0 0 5 1 3 2 3 3 1 2 1 848 1 1 3
3 3 1 2 4 5 3 4 0 2 13 1 0 0 0 2 6 3 1 1 2 3 2 1 1 1 824 2 2 2
3 2 3 4 0 2 3 5 2 0 4 13 0 0 1 1 6 1 1 2 1 3 2 1 3 1 873 3 2 1
0 0 3 3 2 4 7 2 2 1 13 3 1 1 5 4 1 3 1 3 1 854 0 0 1
1 3 7 3 0 3 4 13 0 5 4 1 2 0 0 3 0 1 2 1 1011 0 0 0
0 0 5 2 3 2 3 1 1 3 6 5 2 0 13 1 11 1 3 2 2 1 3 2 3 2 3 1 1 1 1 803 3 4 4
1 4 13 2 6 7 8 0 2 1 0 3 1 0 0 0 5 3 2 2 3 1 1 3 1 939 1 2 2
0 0 0 3 1 1 4 3 0 1 5 13 3 2 5 3 8 1 2 3 3 2 2 2 3 1 1 1 871 1 4 3
0 0 4 3 3 1 5 13 0 3 4 9 0 3 2 3 5 2 1 3 1 3 1 2 1 798 2 1 2
3 1 3 2 1 8 4 0 6 13 6 0 2 4 0 3 10 1 2 2 1 2 3 2 3 1 1 1 3 1 941 4 4 2
1 5 3 2 3 4 13 2 0 6 3 7 2 1 0 3 8 2 3 2 1 3 2 1 1 1 1 1 850 3 3 2
3 13 3 3 2 4 5 6 3 2 1 4 0 1 3 0 6 3 1 3 1 2 2 1 3 1 837 2 2 2
3 13 4 8 2 1 4 2 7 4 1 1 2 0 0 1 11 2 1 3 1 2 1 3 2 2 3 3 3 4 0.545455 5 0.272727 6 0.181818 732 3 4 4
1 4 13 1 2 3 4 4 2 0 0 6 1 0 0 3 10 2 2 3 3 1 1 1 3 2 2 1 3 1 784 3 4 3
6 2 3 0 1 4 3 2 5 7 13 3 3 3 3 3 2 1 3 3 6 0.333333 7 0.333333 8 0.333333 882 1 0 1
1 7 8 13 0 5 9 4 1 5 6 1 0 4 2 3 3 2 3 3 1 2 1 820 0 1 2
0 0 3 8 2 2 3 13 5 4 5 8 0 1 3 4 7 1 2 3 1 3 3 2 1 1 1 980 2 2 3
2 0 0 0 1 0 1 2 1 4 3 0 13 4 6 4 2 3 3 1 2 1 847 0 0 2
8 1 6 4 0 4 5 2 0 8 13 2 1 3 7 4 4 1 2 1 3 1 2 1 833 2 1 1
0 0 2 3 0 2 2 1 3 4 5 8 1 1 3 13 11 2 3 3 1 1 2 3 2 3 1 1 1 2 1 1022 4 3 4
0 0 0 2 0 3 0 0 2 5 4 1 3 4 13 10 9 2 2 3 1 3 1 1 3 2 1 1 1 849 3 3 3
2 3 13 3 5 7 5 4 1 3 3 3 0 2 0 0 10 3 3 1 2 2 1 3 1 3 2 1 1 1 763 3 3 4
1 2 3 1 0 3 2 4 0 13 10 3 0 3 4 5 11 1 2 1 2 3 1 2 3 1 3 2 1 3 1 831 4 4 3
6 7 3 1 3 2 13 6 0 4 1 4 0 3 2 3 11 1 1 2 2 1 2 1 3 2 3 3 1 3 1 807 4 4 3
2 4 6 3 4 13 4 3 1 4 3 0 1 0 1 3 3 2 2 1 1 2 1 871 1 2 0
13 1 3 3 4 5 4 1 3 2 1 0 1 2 0 0 3 2 1 2 1 2 1 957 1 2 0
4 4 7 0 3 1 5 0 13 3 0 3 4 3 7 2 10 3 2 1 2 2 1 3 1 3 2 1 1 1 869 3 4 3
3 8 13 5 1 5 7 3 4 5 2 3 0 0 0 1 2 2 2 1 1 1 829 0 2 0
8 1 5 2 0 3 5 13 1 2 5 6 0 0 8 3 11 1 3 2 3 2 1 2 1 3 2 3 1 1 1 799 3 4 4
6 4 2 4 3 13 2 0 2 4 3 1 3 3 0 0 4 1 3 3 3 1 1 1 817 1 0 3
1 5 0 0 13 4 0 1 3 4 2 2 3 5 0 0 5 3 1 2 1 2 1 3 1 773 2 2 1
1 1 3 3 3 5 1 0 3 4 2 5 13 6 1 0 5 1 2 2 3 2 1 2 1 854 1 3 1
6 1 3 4 1 13 5 0 4 4 0 2 1 0 0 3 5 3 1 3 2 2 1 2 1 800 1 2 2
1 0 2 2 13 0 0 0 3 5 3 0 4 3 6 9 10 1 1 2 3 1 1 3 3 2 2 1 3 1 920 4 3 3
3 0 0 1 1 0 0 2 6 5 1 2 2 13 4 4 1 3 1 3 1 865 0 0 1
2 3 2 0 7 3 4 3 13 5 1 0 6 4 0 0 4 3 3 1 2 1 1 1 823 1 1 2
3 0 1 0 2 6 5 1 13 6 0 1 2 4 3 0 10 2 1 3 2 1 3 2 3 3 1 1 2 1 944 3 3 4
0 0 3 3 1 5 2 1 0 2 4 3 2 4 1 13 9 2 2 1 3 1 1 3 3 2 3 4 0.545455 5 0.272727 6 0.181818 894 3 3 3
1 3 9 2 2 3 13 3 1 6 3 5 0 0 2 0 10 2 1 3 3 1 3 2 1 2 3 1 1 1 826 3 3 4
1 0 5 0 0 4 1 2 4 9 5 3 13 5 3 6 0 1 2 1 963 0 0 0
5 3 2 0 13 3 0 1 5 4 2 3 1 2 0 0 8 1 3 2 3 2 3 1 1 1 3 1 763 3 2 3
3 1 3 2 0 13 4 2 0 3 1 5 2 2 2 0 7 2 3 3 1 3 1 1 1 1 1 730 3 1 3
3 1 3 2 6 2 8 1 4 5 13 0 1 3 0 0 3 2 3 1 1 2 1 868 1 1 1
13 5 1 4 6 1 4 2 3 3 8 1 0 4 0 1 7 2 2 3 3 2 3 2 1 1 1 983 0 4 3
1 3 0 0 2 13 0 0 4 6 3 0 3 3 1 3 8 3 2 3 1 1 2 1 2 1 2 1 848 3 3 2
1 3 3 3 1 13 5 3 6 3 4 2 0 0 6 1 1 2 1 2 1 907 0 1 0
2 1 0 0 6 8 3 5 6 10 13 5 3 4 2 3 10 3 3 1 3 1 2 3 1 2 2 1 1 1 843 3 3 4
3 2 2 0 2 3 3 0 4 4 1 0 13 2 4 2 5 1 3 1 1 3 1 1 1 717 3 0 2
0 1 0 6 0 4 2 7 2 3 5 13 4 3 6 3 10 1 3 1 3 1 2 2 3 3 2 1 1 1 833 3 3 4
5 2 6 3 0 1 5 13 1 4 3 7 5 1 4 2 10 1 3 2 2 3 3 1 3 2 1 1 2 1 745 3 3 4
3 13 2 0 3 2 4 3 0 7 4 0 6 1 0 3 3 3 1 1 1 2 1 905 2 0 1
3 6 3 0 13 3 3 1 4 6 3 0 5 2 0 0 8 2 3 2 1 1 1 2 3 1 3 1 932 3 3 2
0 2 1 0 4 2 0 0 13 5 1 1 2 4 4 2 2 3 3 1 1 1 723 0 0 2
1 5 2 0 4 3 0 0 3 8 8 2 1 3 13 3 4 1 3 3 3 1 2 1 945 1 0 3
0 2 0 3 1 4 5 0 0 3 13 1 0 1 5 3 1 2 1 2 1 1051 0 1 0
5 4 13 2 3 6 1 2 1 0 0 0 3 0 1 0 10 1 2 1 1 3 2 3 3 2 3 1 2 1 724 3 3 4
6 4 0 0 8 2 3 0 13 0 3 2 5 1 1 4 11 3 2 2 2 1 1 3 3 3 2 1 1 1 1 769 3 4 4
1 0 6 0 0 0 4 3 0 3 5 3 5 13 7 4 0 1 2 1 853 0 0 0
3 1 3 4 0 2 7 6 0 1 13 3 1 0 0 1 3 2 2 2 1 3 1 791 0 3 0
2 0 2 0 3 3 4 4 13 3 3 0 4 3 5 1 10 1 3 1 2 3 2 1 2 3 3 1 1 1 822 3 3 4
2 0 2 0 13 9 0 0 3 3 1 0 6 1 2 1 0 1 3 1 730 0 0 0
3 0 0 0 5 2 0 0 1 6 7 0 13 3 1 2 5 2 1 1 3 3 1 2 1 865 2 1 2
2 0 3 4 0 0 5 3 0 4 6 7 0 1 13 5 9 2 3 2 3 3 1 1 1 2 1 3 1 848 3 3 3
0 1 3 4 0 4 13 5 2 3 7 2 1 3 9 3 11 2 3 1 2 3 3 1 3 2 1 1 1 2 1 730 4 3 4
0 3 2 3 3 2 13 7 0 10 4 3 1 3 4 1 11 1 3 2 1 3 2 1 2 1 2 3 3 8 0.181818 9 0.272727 10 0.545455 793 4 4 3
0 1 2 5 3 3 3 13 0 9 7 1 0 3 0 3 8 2 3 1 2 3 1 1 2 1 2 1 790 3 3 2
0 0 2 0 0 4 8 3 3 13 3 5 3 2 6 4 4 1 2 1 1 1 3 1 985 3 1 0
3 3 4 3 5 6 13 4 3 4 2 1 0 3 3 0 10 3 1 2 3 2 1 1 2 3 1 1 2 1 843 4 3 3
2 7 1 4 1 13 2 0 4 4 7 3 7 1 3 0 7 2 1 3 2 1 3 3 1 2 1 682 2 2 3
4 3 1 4 9 13 1 2 2 4 3 7 3 2 5 0 8 3 1 2 3 3 1 2 3 1 1 1 816 2 2 4
3 6 5 1 0 4 3 13 0 4 6 1 2 0 3 3 4 1 2 2 2 1 1 1 848 1 3 0
2 13 1 1 4 4 4 1 3 3 4 0 0 0 3 0 7 2 2 3 3 2 2 1 1 1 1 836 1 4 2
3 4 2 2 1 2 2 13 3 5 1 3 1 3 5 1 5 3 3 2 2 1 1 1 1 815 1 2 2
1 4 2 3 3 13 2 3 1 4 4 1 0 2 1 0 3 2 3 3 1 3 1 803 0 1 2
0 4 0 3 0 2 6 4 1 6 13 8 3 5 3 2 2 1 2 1 1 1 921 1 1 0
0 2 0 0 3 4 0 2 13 0 3 6 4 4 1 1 11 1 1 3 1 2 3 2 2 1 3 3 1 2 1 791 4 3 4
6 13 3 6 3 4 3 2 0 0 3 3 1 0 0 0 8 2 1 2 1 1 3 3 3 1 2 1 753 3 2 3
1 1 5 4 0 3 13 7 2 1 3 8 0 0 0 2 1 3 1 2 1 824 0 0 1
3 1 0 1 4 2 0 0 7 13 2 0 1 5 4 0 8 3 2 2 3 3 2 1 1 1 3 1 844 2 3 3
3 7 0 0 4 13 3 3 2 8 5 4 3 1 4 3 5 2 1 3 1 3 1 2 1 853 2 1 2
0 8 0 0 0 3 2 9 0 6 13 3 3 2 4 3 4 3 1 2 1 1 1 1 849 2 1 1
1 3 1 2 0 2 13 3 5 9 3 1 2 8 3 5 6 1 1 3 3 3 2 1 2 1 856 2 1 3
3 1 0 5 0 4 8 3 0 3 13 1 5 2 4 3 0 1 2 1 843 0 0 0
0 0 0 1 0 2 3 2 3 1 9 4 5 13 4 4 11 2 1 1 2 2 3 3 3 1 1 2 1 3 1 773 4 4 3
4 5 3 2 6 8 6 3 3 13 5 3 1 8 0 0 7 2 3 1 2 2 1 1 1 3 1 845 3 3 1
0 0 0 2 3 6 4 0 4 13 3 1 2 4 4 5 6 1 2 3 1 3 2 1 1 1 848 2 2 2
2 3 7 3 5 4 3 2 13 5 4 1 7 2 1 0 1 1 3 8 0.181818 9 0.272727 10 0.545455 766 1 0 0
0 0 1 3 0 2 6 0 2 3 5 3 13 3 4 3 2 1 2 1 1 1 774 1 1 0
3 13 1 3 4 8 4 7 2 4 9 1 2 1 0 0 8 3 2 2 1 1 3 2 1 1 2 1 908 3 3 2
1 3 13 3 1 2 7 7 0 4 1 4 0 4 0 3 1 2 1 2 1 810 0 1 0
0 2 5 3 1 3 8 2 4 1 13 4 3 3 0 3 10 2 1 3 1 2 3 2 1 3 1 1 2 1 904 4 3 3
0 0 2 4 0 0 5 13 1 3 7 6 3 2 0 4 9 3 2 1 3 1 1 2 2 3 1 1 1 995 3 3 3
4 13 3 4 3 0 6 3 2 0 1 0 0 1 0 0 10 3 3 2 3 2 1 3 1 2 2 1 1 1 710 2 4 4
2 5 4 8 1 4 13 9 1 2 1 4 0 0 0 2 9 3 2 2 1 2 3 3 1 3 1 1 1 891 2 3 4
3 1 2 0 13 3 6 3 2 5 1 1 0 0 2 0 2 1 3 1 2 1 780 1 0 1
0 3 2 1 3 2 1 5 4 3 4 7 3 1 13 2 4 1 2 3 1 1 2 1 780 2 1 1
0 0 2 1 1 0 0 3 3 1 4 5 6 7 13 3 4 2 3 2 1 1 2 1 933 1 2 1
0 3 4 0 1 0 5 1 3 1 2 0 3 13 2 2 2 2 3 1 1 1 909 0 1 1
13 4 4 0 5 6 2 1 4 3 0 0 0 0 3 0 7 3 1 1 3 2 3 2 3 4 0.545455 5 0.272727 6 0.181818 831 2 2 3
0 3 1 3 0 1 3 1 3 13 6 7 2 2 3 4 0 1 2 1 762 0 0 0
2 4 1 2 13 3 5 3 3 3 0 0 0 0 1 0 11 2 1 1 2 3 3 3 3 2 1 1 1 2 1 846 4 3 4
1 1 0 0 0 5 3 0 7 3 3 3 13 9 4 3 3 2 2 2 1 1 1 872 0 3 0
5 2 3 0 13 4 0 0 3 7 1 1 1 6 4 3 1 2 1 2 1 743 0 1 0
3 0 0 4 0 1 4 6 3 3 13 3 5 2 3 1 2 2 1 1 2 1 716 1 1 0
0 0 3 3 3 5 4 2 2 13 3 0 3 1 6 1 1 2 1 1 1 780 0 1 0
3 1 8 4 4 13 7 4 0 5 6 5 0 0 2 3 4 2 1 1 2 1 3 1 918 2 2 0
1 2 0 3 0 0 3 13 0 0 3 6 0 0 3 4 6 1 3 2 3 3 2 1 1 1 851 1 2 3
4 13 5 5 3 3 7 0 3 8 1 2 0 1 0 0 4 3 3 2 1 1 2 1 813 1 1 2
0 2 8 2 4 3 6 1 0 1 13 3 2 4 2 4 7 2 1 3 2 1 1 1 1 3 1 730 4 2 1
0 0 4 3 0 1 5 3 0 4 13 3 2 4 4 2 8 2 3 1 2 1 3 2 1 1 1 1 853 3 3 2
0 3 5 3 4 3 10 2 2 4 13 3 2 7 1 9 7 2 1 3 3 3 1 1 1 3 1 944 3 1 3
2 1 4 13 8 6 7 3 0 0 3 3 0 0 0 3 1 2 1 1 1 860 0 1 0
3 2 3 1 3 0 5 13 3 1 4 2 0 0 0 2 1 3 1 1 1 854 0 0 1
0 1 0 0 2 13 4 1 3 5 1 2 3 4 3 4 2 3 2 1 3 1 763 0 1 1
3 4 2 4 1 4 13 8 2 0 0 1 0 1 0 3 10 3 2 1 3 2 1 3 2 3 1 1 2 1 911 3 3 4
0 2 0 1 2 3 0 0 13 1 3 3 3 6 5 0 8 1 2 1 3 3 1 2 3 1 2 1 978 3 2 3
4 5 4 1 0 2 13 1 1 2 3 0 0 3 3 0 9 2 1 2 1 3 2 2 1 3 1 3 1 753 3 4 2
0 3 2 3 1 4 2 4 3 1 13 3 0 5 4 2 7 3 1 2 1 2 1 3 1 3 1 671 3 2 2
3 5 7 1 1 3 4 1 13 2 5 0 3 2 0 2 7 1 3 3 2 2 3 3 1 1 1 943 1 2 4
0 0 0 2 2 3 8 4 0 4 13 3 1 3 5 2 4 1 2 1 1 1 3 1 876 3 1 0
2 1 0 0 1 7 3 0 1 2 2 0 13 7 3 2 8 2 2 3 1 1 3 3 1 1 3 1 854 3 2 3
1 2 8 3 2 3 13 5 0 3 4 2 0 0 1 3 1 1 1 3 1 904 1 0 0
3 3 0 4 8 5 1 2 1 7 13 7 3 3 4 2 8 1 2 3 3 1 2 1 2 1 3 1 680 3 3 2
0 3 5 0 3 2 1 4 2 8 4 2 2 13 6 3 6 3 1 2 1 1 3 1 1 1 702 3 1 2
3 2 2 1 0 0 13 3 1 4 2 2 0 1 1 4 11 2 3 3 1 2 1 2 3 3 1 2 1 1 1 832 3 4 4
3 3 8 4 4 4 13 2 1 3 4 2 0 1 0 0 7 1 1 2 1 3 2 2 1 3 1 870 3 3 1
0 0 0 2 6 1 3 2 3 13 8 5 2 2 1 3 5 1 3 2 3 1 1 1 1 898 2 1 2
1 13 5 5 4 1 4 2 3 0 0 0 2 0 0 0 6 1 3 2 2 3 1 1 3 1 875 2 2 2
1 5 2 3 3 4 4 0 13 1 3 0 2 0 0 0 9 3 3 2 1 3 2 3 1 1 1 2 1 935 3 2 4
2 0 1 4 0 4 4 2 0 9 6 13 0 3 1 5 3 2 1 3 1 3 1 850 1 1 1
3 4 7 13 0 3 6 1 3 0 4 2 3 0 0 0 1 1 1 2 1 782 1 0 0
0 0 0 3 7 6 3 2 0 4 13 5 2 2 4 3 5 1 2 1 1 1 1 3 1 868 4 1 0
2 4 1 0 4 5 3 1 13 1 4 0 3 2 0 2 3 2 3 3 1 1 1 881 0 1 2
3 3 0 0 0 3 3 3 3 2 5 1 0 3 4 13 9 1 2 3 2 1 2 1 3 1 1 2 1 956 4 3 2
0 0 3 5 3 2 4 13 1 5 2 3 0 0 1 0 4 1 2 3 1 1 2 1 804 2 1 1
1 3 13 2 4 5 2 0 4 2 1 1 1 3 0 0 0 1 2 1 893 0 0 0
1 5 2 4 1 5 3 13 0 7 3 9 0 3 6 2 1 2 1 1 1 811 0 1 0
5 3 3 4 1 1 5 13 0 3 2 0 0 2 0 1 0 1 2 1 864 0 0 0
0 0 0 2 0 0 0 4 3 13 4 6 1 2 6 4 5 1 2 2 1 3 1 1 1 778 2 2 1
1 5 2 4 0 3 3 5 1 0 1 13 2 0 3 0 0 1 2 1 831 0 0 0
0 6 3 6 3 4 5 13 0 2 8 4 0 1 3 2 1 1 1 3 1 695 1 0 0
0 0 0 2 3 3 1 3 0 13 6 3 3 1 2 4 0 1 3 1 883 0 0 0
0 0 0 1 4 3 3 2 6 2 1 5 3 13 3 0 11 2 2 3 1 3 1 1 1 3 2 2 1 3 1 822 4 4 3
2 3 3 0 3 5 3 6 3 13 4 0 0 1 0 2 10 3 1 2 2 2 3 3 1 1 3 1 1 1 783 3 3 4
3 5 0 0 3 4 1 0 13 0 0 2 4 3 4 1 7 3 2 1 2 3 2 1 1 3 1 743 2 3 2
1 6 8 0 13 5 6 3 4 5 7 4 4 8 2 0 11 3 3 2 2 2 1 3 1 2 3 1 1 1 1 850 3 4 4
2 13 5 1 4 3 1 0 2 1 5 1 2 1 8 0 9 2 3 3 2 2 3 1 1 2 1 3 1 750 2 4 3
0 0 3 3 3 1 7 4 3 2 0 13 0 4 1 3 2 1 2 1 2 1 813 1 1 0
3 0 2 1 0 3 8 3 0 4 5 13 0 3 4 3 11 1 2 1 2 3 3 1 3 2 3 1 1 2 1 836 4 3 4
1 0 2 0 1 3 2 2 3 13 3 3 1 3 3 6 3 2 3 1 1 3 1 733 1 1 1
3 5 13 2 0 1 2 3 0 3 2 1 0 7 1 5 2 2 3 1 1 1 830 0 1 1
0 1 3 4 3 4 8 1 0 0 7 13 0 2 4 2 6 2 2 1 1 1 3 1 2 1 827 3 2 1
2 0 1 0 1 0 5 2 2 6 4 3 4 13 5 1 11 2 3 1 3 2 1 2 1 3 2 1 1 3 1 747 4 4 3
1 1 0 0 4 4 2 2 1 13 4 5 3 6 3 1 9 2 1 3 3 2 1 3 3 2 1 2 1 854 2 3 4
1 0 2 0 3 5 2 3 4 4 4 2 3 13 1 4 2 1 3 1 3 1 1019 1 0 1
2 3 4 2 1 3 4 3 0 3 13 5 0 2 6 4 2 1 3 1 1 1 750 1 0 1
0 1 3 0 3 2 4 0 4 13 2 0 4 4 8 3 2 1 1 1 2 1 887 2 0 0
0 1 0 0 3 3 5 0 4 6 5 3 0 3 13 2 3 1 3 2 1 3 1 778 1 1 1
2 1 0 0 7 0 0 0 13 6 5 2 3 1 4 3 7 3 1 2 3 1 3 2 1 3 1 1057 2 2 3
3 0 4 4 1 7 1 9 0 2 3 13 2 4 2 4 1 3 1 1 1 858 0 0 1
0 2 0 1 0 3 3 9 5 13 2 3 9 4 5 2 9 1 3 3 1 3 2 1 1 2 1 3 1 823 4 2 3
3 4 4 0 6 1 13 8 3 5 2 4 0 2 1 0 1 3 1 3 1 927 0 0 1
7 3 13 3 2 5 3 0 4 1 3 0 0 0 2 0 6 1 3 3 1 2 2 1 1 1 822 2 2 2
1 0 0 0 4 7 4 2 2 13 1 4 3 3 3 2 5 1 3 3 1 3 1 2 1 870 2 0 3
4 0 6 5 2 13 1 4 2 5 4 0 4 3 1 0 10 2 3 2 1 1 2 2 1 3 3 1 1 1 796 3 4 3
3 5 1 0 2 7 4 1 1 13 6 0 4 5 2 0 9 1 3 1 2 2 2 3 3 2 1 1 1 892 2 4 3
5 3 4 3 2 3 1 13 0 1 5 6 0 0 4 2 7 2 3 2 3 1 2 1 1 1 1 858 2 3 2
0 1 2 0 4 0 3 0 1 2 5 3 3 13 4 3 8 3 1 1 3 1 2 2 2 1 3 1 872 3 3 2
9 3 5 13 1 8 3 4 0 2 0 3 0 0 1 0 10 3 2 3 1 2 3 1 3 1 2 1 2 1 1001 3 3 4
0 1 0 0 3 2 3 1 13 5 4 2 3 6 3 0 11 1 1 3 2 3 3 1 2 1 2 3 1 2 1 769 4 3 4
1 1 1 0 2 2 5 3 8 7 3 1 13 6 0 0 9 2 3 2 3 1 2 3 2 1 1 3 1 748 2 4 3
0 2 0 0 1 4 2 3 3 8 2 4 1 3 13 3 10 1 1 3 3 1 2 2 3 2 3 1 1 1 955 3 3 4
4 4 2 3 3 13 6 3 2 5 1 0 2 0 0 4 7 3 1 3 1 2 1 1 1 2 1 798 4 1 2
0 5 13 3 0 3 7 2 4 3 2 9 1 0 1 3 4 2 1 3 3 1 3 1 820 1 1 2
0 2 2 3 2 5 13 5 0 1 3 1 0 1 2 0 8 1 2 3 3 3 2 3 1 1 1 1 742 2 2 4
3 0 2 0 3 3 2 0 6 4 3 3 3 13 1 1 11 3 2 1 2 2 1 3 3 1 1 2 1 3 1 891 4 4 3
3 2 6 1 3 13 1 3 0 3 0 5 0 0 2 2 6 3 3 3 3 1 1 1 2 1 928 2 0 4
1 2 7 5 5 13 4 2 3 6 5 5 0 1 0 2 2 3 3 1 1 1 860 0 0 2
0 1 0 0 3 2 5 3 2 6 8 1 3 13 1 4 1 2 3 6 0.333333 7 0.333333 8 0.333333 809 0 1 0
0 2 1 0 0 3 5 0 4 3 3 1 3 2 13 0 11 1 3 3 1 1 3 2 1 2 3 2 1 2 1 924 4 3 4
2 2 1 1 3 13 3 0 7 2 4 4 4 9 5 0 1 3 1 1 1 795 0 0 1
1 6 4 2 13 3 2 0 3 4 3 0 2 1 0 1 11 1 2 1 1 2 2 3 3 2 3 3 1 1 1 823 3 4 4
5 5 3 0 3 13 6 0 0 1 3 2 0 0 1 0 10 3 3 2 1 1 2 1 3 2 3 1 2 1 819 3 3 4
0 3 0 0 0 6 1 3 0 13 5 3 4 5 4 3 2 2 2 1 1 1 902 0 2 0
3 1 5 3 2 13 1 0 3 9 0 1 2 5 3 0 10 2 3 2 1 1 2 3 3 3 1 1 2 1 789 3 3 4
3 0 0 0 2 4 2 3 7 6 4 5 1 1 13 4 11 3 3 3 2 2 2 3 1 1 2 1 1 1 1 858 3 4 4
3 5 13 3 8 4 5 6 1 3 0 3 2 0 0 0 6 1 1 2 2 3 3 1 3 1 1053 2 2 2
0 0 0 2 0 5 2 3 1 1 3 13 2 3 4 3 10 1 2 3 2 3 1 2 1 1 3 1 3 1 899 4 3 3
4 3 0 0 3 13 0 0 2 5 2 0 2 4 3 3 3 1 3 1 1 1 1 787 2 0 1
0 3 0 2 1 1 0 2 4 5 6 3 1 3 13 2 11 2 1 1 2 3 3 1 2 1 3 3 1 2 1 892 4 3 4
1 0 13 2 2 3 1 2 1 3 1 3 0 2 0 4 9 2 1 3 1 2 3 1 3 3 1 2 1 940 3 2 4
13 3 3 1 5 2 2 0 3 3 6 0 3 1 0 0 3 2 1 3 1 3 1 702 1 1 1
7 1 3 0 5 4 2 2 13 4 5 3 5 7 1 0 8 1 3 2 1 3 1 3 2 1 2 1 822 3 2 3
4 2 5 3 4 13 1 2 3 8 3 0 3 1 0 0 8 1 2 1 3 1 3 2 3 1 2 1 907 3 2 3
2 1 1 2 3 13 6 3 1 4 5 2 8 1 3 4 10 2 1 3 3 2 3 1 1 2 3 1 2 1 910 3 3 4
4 6 0 1 4 3 7 4 3 13 3 0 4 3 2 2 0 1 1 1 975 0 0 0
0 0 3 3 0 3 13 6 2 4 2 4 2 0 1 1 9 1 1 1 3 3 2 2 3 1 1 2 1 868 4 2 3
0 0 1 0 2 6 3 3 1 5 4 1 3 13 2 8 0 1 2 1 726 0 0 0
2 3 2 1 5 8 13 7 4 0 3 0 0 0 0 3 7 3 1 1 1 2 2 3 1 3 1 821 3 2 2
5 0 0 0 1 4 3 6 2 3 7 6 3 13 4 2 1 3 1 1 1 797 0 0 1
0 0 2 0 3 6 5 5 1 4 13 1 3 0 4 4 2 3 3 1 2 1 864 0 0 2
8 13 3 1 5 2 2 0 1 7 4 0 3 1 2 0 0 1 3 1 884 0 0 0
4 4 0 0 5 8 2 3 4 9 13 0 1 5 1 2 4 3 1 2 1 1 2 1 854 2 1 1
0 4 7 1 0 3 13 4 2 0 4 1 1 0 0 4 1 2 1 2 1 829 0 1 0
2 0 3 0 5 0 2 0 8 2 1 0 4 13 3 1 1 1 1 3 1 860 1 0 0
0 4 5 5 0 6 13 2 2 3 1 1 0 0 0 3 4 3 1 3 2 1 3 1 975 1 1 2
9 1 13 0 5 6 3 3 2 1 0 0 0 1 3 0 1 2 1 2 1 799 0 1 0
3 2 0 1 3 6 3 2 1 13 3 0 4 4 1 0 11 1 1 3 2 2 2 3 3 3 2 1 3 8 0.181818 9 0.272727 10 0.545455 924 3 4 4
3 13 1 4 1 3 1 2 4 3 4 2 2 2 0 0 7 2 3 1 3 2 3 1 1 1 1 917 2 2 3
1 0 4 0 4 1 3 2 2 13 8 5 3 2 6 1 9 3 2 3 2 1 1 3 1 3 1 2 1 843 3 2 4
2 7 8 3 3 1 13 2 1 4 3 0 3 0 2 0 10 3 2 1 1 2 1 2 3 3 1 1 3 1 742 4 3 3
1 0 0 0 1 4 1 0 4 3 4 3 4 13 8 2 5 2 1 2 3 2 1 3 1 726 1 3 1
4 3 4 1 3 3 13 5 0 4 6 8 0 3 1 3 6 2 1 2 1 3 2 1 2 1 972 2 3 1
1 8 3 2 13 7 6 0 3 1 4 5 3 5 2 3 11 2 2 1 3 2 1 3 3 1 2 1 1 3 1 746 4 4 3
5 0 0 0 6 2 3 0 13 1 0 2 3 2 0 0 5 1 3 1 3 1 1 2 1 1037 3 0 2
3 5 2 0 7 6 3 2 3 13 4 0 5 1 4 2 3 1 3 1 1 3 1 809 2 0 1
3 2 2 1 1 6 13 2 3 3 3 0 0 4 0 2 7 2 3 1 1 3 1 3 3 8 0.181818 9 0.272727 10 0.545455 915 3 1 3
1 0 0 0 2 3 0 0 2 6 1 0 6 3 13 7 0 3 7 0.285714 8 0.285714 9 0.428571 820 0 0 0
4 4 3 0 3 13 4 0 3 4 2 3 1 0 0 0 7 2 1 2 3 3 1 2 1 1 1 824 2 3 2
0 2 2 0 4 6 2 1 4 2 1 8 1 3 13 3 9 2 1 3 1 3 3 1 2 1 1 2 1 737 4 2 3
0 7 13 1 3 7 2 7 0 4 6 4 1 3 2 1 10 2 2 1 3 3 1 1 2 3 2 1 3 1 835 3 4 3
4 3 9 2 4 5 10 3 6 7 6 5 3 7 13 1 3 3 2 1 3 7 0.285714 8 0.285714 9 0.428571 930 1 1 1
0 2 5 0 1 1 4 4 0 4 2 13 0 2 3 1 1 3 1 3 1 928 0 0 1
5 1 3 5 13 7 2 0 7 3 0 1 2 3 0 0 0 1 3 1 899 0 0 0
1 0 3 3 1 0 2 4 0 13 5 2 4 4 1 5 5 2 2 1 1 3 1 2 1 849 2 2 1
2 13 5 1 7 3 7 1 6 0 4 3 0 2 2 2 6 3 2 3 1 1 1 1 3 1 754 3 1 2
3 13 1 3 1 5 3 3 3 3 3 0 2 3 0 0 3 1 2 2 1 3 1 783 1 2 0
10 7 4 3 3 4 13 8 0 0 4 3 2 0 0 1 7 3 1 2 3 1 3 2 1 3 1 867 2 2 3
0 0 0 3 0 0 0 2 3 3 2 4 6 3 13 6 4 1 3 1 1 1 2 1 876 3 0 1
0 0 3 2 1 6 10 1 3 5 4 1 4 4 2 13 4 1 2 3 3 1 2 1 796 1 1 2
3 4 2 4 3 3 13 6 0 2 8 3 0 2 0 3 5 3 1 2 1 1 1 1 1 823 3 1 1
3 2 0 0 1 3 4 3 3 3 3 1 2 13 5 4 11 3 1 3 2 3 2 2 1 1 1 2 1 3 1 984 4 4 3
0 1 4 3 2 5 2 1 1 1 5 13 9 0 0 0 2 2 2 1 3 1 711 0 2 0
0 2 3 0 1 3 4 6 13 7 5 3 3 3 2 0 8 2 2 1 3 2 3 1 1 1 1 1 858 3 3 2
3 13 4 6 3 0 3 2 1 0 5 3 3 0 2 1 10 2 2 3 1 1 3 1 2 3 1 1 2 1 877 4 3 3
2 3 0 0 13 4 3 3 4 1 0 0 1 4 2 2 0 1 1 1 753 0 0 0
0 0 3 6 0 0 13 6 1 3 4 2 1 0 3 0 1 2 1 3 1 868 0 1 0
0 0 1 0 3 3 0 0 7 6 0 2 13 3 5 3 0 1 3 1 784 0 0 0
0 2 6 3 5 7 4 1 2 3 3 13 1 1 5 3 1 3 1 2 1 819 0 0 1
1 2 3 6 3 2 5 4 0 6 13 3 0 1 1 1 2 3 2 1 2 1 1059 0 1 1
0 0 0 3 1 2 5 5 0 1 6 5 2 4 8 13 10 1 2 3 2 1 1 3 2 3 1 1 2 1 886 4 3 3
0 3 3 13 0 4 7 3 1 2 7 1 0 3 6 2 5 2 1 3 2 3 1 1 1 828 1 2 2
3 3 0 0 1 2 0 0 6 4 6 3 3 13 5 3 9 1 1 2 3 2 2 1 1 2 1 3 1 777 4 4 1
0 0 2 0 0 1 3 4 9 4 6 13 3 3 7 3 0 1 3 1 825 0 0 0
3 13 6 0 6 5 3 1 3 5 3 0 1 6 1 0 3 2 3 2 1 2 1 820 0 2 1
0 6 4 0 0 0 1 2 1 0 5 4 3 13 2 4 0 1 3 1 747 0 0 0
0 0 2 0 3 7 1 3 9 13 1 7 1 3 3 3 3 3 2 3 1 2 1 862 0 1 2
1 3 5 0 7 3 2 2 3 13 4 1 1 3 3 6 6 2 3 2 1 3 1 1 2 1 838 2 2 2
3 0 0 0 0 3 0 4 6 3 2 1 1 8 13 7 4 2 2 3 1 1 3 1 795 1 2 1
2 0 2 2 2 13 5 4 4 4 8 1 4 2 3 1 4 3 1 1 1 1 3 1 742 3 0 1
9 3 3 0 2 5 3 1 13 3 2 3 0 0 1 0 6 3 3 2 1 3 2 1 1 1 790 1 2 3
2 5 13 3 5 7 3 6 3 3 3 3 4 0 3 0 6 3 1 2 1 1 3 1 2 1 799 3 1 2
2 0 0 0 0 3 7 3 1 4 13 2 1 4 1 2 9 3 3 2 3 2 1 3 1 1 1 2 1 882 3 2 4
1 0 0 5 2 1 0 3 8 5 4 2 0 4 13 4 0 1 3 1 775 0 0 0
2 0 0 0 1 1 3 3 0 5 13 2 5 7 6 3 9 2 3 1 3 2 3 1 2 3 1 1 1 793 2 3 4
10 13 1 3 4 5 5 1 3 2 4 0 3 0 0 0 7 3 3 2 2 2 1 3 1 1 1 985 1 3 3
1 3 2 6 1 0 13 5 0 0 2 7 0 3 4 2 1 1 1 3 1 745 1 0 0
4 4 1 0 5 13 0 0 3 4 2 0 0 3 0 2 4 1 1 1 2 1 2 1 918 3 1 0
0 4 1 0 2 1 6 2 2 5 13 5 3 1 4 4 2 1 2 1 3 1 795 1 1 0
4 13 3 2 1 4 3 4 0 0 0 5 0 0 2 3 11 3 1 3 1 1 3 2 3 1 2 2 3 4 0.545455 5 0.272727 6 0.181818 723 4 3 4
0 3 2 2 0 1 4 5 2 3 2 13 0 1 1 4 2 3 3 1 1 1 788 0 0 2
2 0 0 0 3 3 9 0 4 5 3 3 13 6 4 2 1 1 1 1 1 822 1 0 0
1 3 1 2 1 6 13 4 0 5 2 2 0 0 1 0 2 3 2 3 4 0.545455 5 0.272727 6 0.181818 794 0 1 1
2 8 4 1 13 1 0 0 2 5 1 0 1 0 0 0 9 1 3 3 3 3 1 2 2 2 1 2 1 675 2 3 4
1 4 13 1 8 6 1 2 3 5 3 0 2 2 0 1 0 1 2 1 801 0 0 0
0 0 0 2 3 5 3 3 2 13 6 7 0 1 5 4 2 1 1 1 2 1 869 2 0 0
1 0 1 13 0 2 6 8 0 3 2 5 0 0 0 3 11 3 2 3 1 2 1 2 3 1 3 1 1 2 1 725 4 3 4
5 1 3 2 1 0 3 13 0 2 6 3 0 1 9 2 7 3 2 3 2 1 1 3 1 3 1 748 2 2 3
3 0 9 13 0 4 3 4 1 3 4 3 0 0 0 2 4 3 2 1 2 1 1 1 764 1 2 1
1 3 4 5 5 7 13 4 0 0 4 3 3 0 0 0 9 2 1 3 2 2 1 1 3 2 1 3 1 906 3 4 2
5 4 5 0 2 9 8 13 1 6 7 5 2 4 3 3 9 1 2 1 1 3 2 3 1 2 1 3 1 905 4 3 2
4 0 3 0 2 5 1 0 3 13 3 2 3 1 0 0 11 1 3 1 3 2 1 2 3 1 2 2 1 3 1 944 4 4 3
5 4 5 0 4 13 2 1 3 7 3 2 3 1 0 0 6 3 3 3 2 1 2 1 1 1 949 1 2 3
0 2 3 6 0 1 5 9 2 3 13 1 5 4 7 4 11 2 3 3 1 3 1 2 1 3 2 1 1 2 1 901 4 3 4
2 0 0 0 3 3 4 10 6 6 3 3 9 13 8 2 4 1 1 3 1 1 2 1 860 3 0 1
3 3 1 1 13 4 3 0 1 7 5 0 2 6 4 0 1 2 1 2 1 875 0 1 0
5 7 13 2 2 3 3 4 3 4 0 1 0 9 3 1 8 2 3 3 1 1 3 1 2 1 2 1 828 3 2 3
0 3 2 0 1 13 4 3 3 1 2 2 2 1 3 0 3 2 1 3 1 1 1 877 1 1 1
4 9 3 6 8 13 4 4 3 5 2 2 0 3 3 0 1 1 1 1 1 870 1 0 0
0 0 5 2 0 2 3 13 1 1 3 4 2 2 0 0 9 3 2 3 1 2 3 1 3 1 1 1 1 903 3 2 4
0 0 3 2 0 1 1 4 0 1 5 6 1 8 5 13 5 2 2 3 2 3 1 3 1 831 0 3 2
4 0 2 0 3 6 3 0 5 4 5 0 2 13 2 3 6 1 1 3 3 3 1 1 3 1 730 3 0 3
0 3 0 1 4 3 5 5 2 4 6 6 0 1 13 4 6 3 2 3 2 2 1 1 1 1 960 1 3 2
1 2 2 0 5 5 9 2 6 13 3 2 4 1 1 0 10 1 3 3 1 2 3 1 3 2 1 1 2 1 768 4 2 4
1 1 13 2 4 7 2 2 5 5 1 5 3 0 3 1 9 3 2 2 2 3 3 1 1 2 1 1 1 829 2 4 3
0 3 6 3 1 0 4 13 0 2 6 4 0 1 2 1 1 3 1 2 1 757 0 0 1
3 2 0 0 5 7 4 1 2 4 3 3 13 3 5 4 6 1 1 2 3 3 1 1 2 1 943 3 1 2
3 5 2 4 1 0 4 13 0 5 6 4 0 3 2 1 8 2 3 3 2 3 2 1 1 1 1 1 891 2 3 3
3 5 0 3 3 4 3 4 1 13 1 0 7 3 2 5 9 1 2 1 2 2 3 2 1 3 3 4 0.545455 5 0.272727 6 0.181818 847 3 4 2
3 1 4 1 0 6 13 1 3 2 2 3 0 2 1 0 7 2 2 1 2 1 3 3 1 3 1 884 2 3 2
2 3 5 2 0 6 13 4 0 1 2 8 1 3 1 0 0 1 3 1 956 0 0 0
1 0 3 2 2 2 6 8 5 13 4 6 1 1 1 3 0 1 2 1 814 0 0 0
5 3 2 2 4 5 4 2 2 13 3 3 1 9 0 0 5 3 1 3 1 1 1 3 1 680 3 0 2
0 4 6 1 0 3 13 4 1 2 3 0 0 2 0 1 1 3 1 2 1 706 0 0 1
2 5 3 1 6 13 3 1 3 5 1 3 0 9 0 0 4 2 3 2 3 1 3 1 865 0 2 2
5 13 9 2 8 7 3 0 2 4 1 3 3 3 0 0 6 1 2 3 2 1 1 1 3 1 763 3 2 1
0 0 3 1 2 2 1 8 0 0 3 13 3 2 5 2 4 3 1 1 3 1 3 1 852 2 0 2
0 0 3 3 3 6 0 13 3 7 9 5 0 0 9 5 5 2 3 3 1 2 1 1 1 898 1 2 2
3 1 4 0 5 2 3 2 3 13 8 0 2 4 3 2 4 1 1 3 1 1 3 1 778 3 0 1
0 1 3 2 0 1 3 3 2 3 13 3 2 4 1 3 3 3 2 1 1 3 1 837 1 1 1
0 0 0 3 3 5 6 1 4 13 0 0 2 2 3 1 10 2 1 2 3 1 1 1 3 3 2 1 2 1 966 4 3 3
4 3 1 0 13 6 7 0 3 6 3 0 1 3 0 3 3 3 2 2 3 6 0.333333 7 0.333333 8 0.333333 870 0 2 1
0 0 0 2 0 0 1 1 0 4 7 6 4 13 3 5 2 2 2 1 1 1 893 0 2 0
3 3 9 7 6 4 13 2 1 1 0 6 0 0 2 4 8 1 3 2 2 3 3 1 1 1 2 1 869 3 2 3
1 5 2 3 4 5 3 0 1 4 13 1 0 3 2 0 0 1 2 1 856 0 0 0
2 3 4 9 0 3 5 4 0 3 4 13 1 3 2 4 6 2 1 3 2 1 3 1 1 1 924 2 2 2
2 0 3 3 1 7 5 2 0 13 2 4 1 1 3 3 9 1 1 2 2 2 3 3 3 3 1 1 1 964 2 3 4
0 2 0 0 2 3 1 1 3 5 4 0 5 13 5 0 11 1 1 1 3 2 2 2 3 1 3 2 1 3 1 709 4 4 3
0 1 0 3 0 3 4 7 2 7 2 4 3 3 13 3 4 1 3 1 2 1 3 1 753 2 1 1
0 3 4 4 3 3 13 1 2 2 3 5 0 1 0 0 1 3 1 3 1 688 0 0 1
0 0 2 3 0 0 4 1 4 2 3 3 1 3 13 4 8 3 2 2 2 1 1 3 1 1 3 1 834 3 3 2
0 3 2 0 0 7 1 3 0 2 4 4 1 2 13 5 10 3 1 1 2 1 3 2 2 1 3 1 3 1 772 4 3 3
0 0 3 4 0 1 0 2 2 1 5 5 5 4 13 4 7 2 2 1 2 1 1 3 1 3 1 827 3 3 1
2 4 6 3 0 3 13 8 1 3 3 7 0 4 5 1 0 1 2 1 847 0 0 0
0 3 0 0 13 1 0 0 2 4 3 1 3 5 5 3 0 1 2 1 784 0 0 0
1 6 1 1 0 0 8 13 0 1 4 6 0 0 3 3 5 2 3 3 2 2 1 2 1 879 0 3 2
2 2 4 0 3 6 1 0 5 13 3 0 6 0 2 1 2 1 1 1 2 1 781 2 0 0
3 2 6 1 1 4 5 3 2 13 3 0 3 3 0 3 6 1 2 2 3 1 2 1 1 1 795 2 3 1
1 1 1 3 2 7 5 0 1 5 13 2 3 0 0 0 4 3 2 2 1 1 2 1 1012 1 2 1
4 2 0 0 3 3 0 0 3 5 3 1 13 6 1 3 5 1 3 2 1 2 1 2 1 824 2 2 1
2 1 0 0 4 6 2 0 3 7 3 3 4 13 4 1 1 2 1 1 1 881 0 1 0
3 8 13 1 4 1 3 3 5 4 3 0 3 2 5 0 8 2 2 3 2 3 1 1 2 1 1 1 787 2 4 2
2 1 0 6 0 1 2 13 4 6 2 4 0 0 4 3 0 1 1 1 809 0 0 0
0 3 13 4 1 4 2 3 0 5 3 1 3 0 4 2 11 1 1 2 2 1 2 3 3 1 3 2 1 3 1 810 4 4 3
2 3 4 10 0 1 2 13 3 6 10 1 0 0 2 0 10 1 1 2 1 2 3 3 3 1 2 1 3 1 997 4 3 3
0 0 0 2 2 0 3 1 5 13 4 2 0 2 1 5 7 1 3 1 3 3 1 2 1 3 1 740 3 1 3
3 2 1 0 4 2 6 0 13 4 0 0 3 7 4 3 7 2 1 1 3 3 3 1 1 2 1 811 3 1 3
3 3 1 2 4 13 1 3 0 3 3 3 0 1 2 0 4 1 2 2 3 1 3 1 807 1 2 1
2 0 0 3 2 6 0 0 4 4 1 6 8 1 13 3 0 3 8 0.181818 9 0.272727 10 0.545455 932 0 0 0
0 2 3 3 2 6 8 1 3 6 7 13 0 5 4 5 8 1 2 1 2 3 1 1 3 1 2 1 862 4 2 2
0 3 4 2 1 4 6 4 0 5 13 2 0 3 0 3 2 1 2 1 1 1 778 1 1 0
4 6 13 3 2 1 3 8 3 1 4 5 1 0 2 3 4 3 2 1 2 1 3 1 859 1 2 1
4 3 3 0 2 13 1 3 3 6 3 1 2 5 9 4 10 1 1 3 3 1 2 2 2 1 3 1 2 1 905 4 3 3
0 1 0 3 3 4 0 0 3 3 3 3 2 2 13 3 1 3 1 1 1 820 0 0 1
0 0 3 4 0 2 0 3 3 6 5 13 5 3 4 8 8 1 2 1 1 2 3 3 1 1 2 1 730 4 2 2
1 5 13 5 3 2 5 1 2 8 0 0 3 0 0 1 5 2 2 2 3 1 1 1 1 838 1 3 1
2 0 0 0 0 3 2 3 4 4 4 6 7 9 13 3 3 1 1 1 1 2 1 875 3 0 0
8 4 3 1 3 5 2 6 2 3 13 2 0 3 5 9 5 3 3 1 2 1 1 1 1 834 2 1 2
3 2 2 3 5 13 2 0 3 7 3 1 1 5 1 0 9 3 3 2 1 1 3 2 2 1 1 3 1 820 3 3 3
1 0 2 3 5 7 5 4 3 13 2 1 2 3 3 8 1 3 1 1 1 784 0 0 1
4 3 3 3 13 9 3 0 6 4 1 0 3 5 2 0 11 2 2 3 3 3 1 1 2 2 3 1 1 1 1 901 3 4 4
1 1 13 3 5 4 4 9 0 2 3 4 1 4 0 0 8 3 2 3 2 1 2 3 2 1 1 1 818 1 4 3
2 3 0 0 3 9 2 2 13 4 3 1 3 4 6 1 8 2 3 1 3 1 2 1 3 3 6 0.333333 7 0.333333 8 0.333333 774 3 2 3
3 0 0 0 3 7 4 2 13 3 4 1 1 3 4 2 2 3 2 1 1 1 908 0 1 1
3 4 13 1 3 7 6 4 0 2 3 3 2 0 0 4 0 1 1 1 855 0 0 0
13 5 4 1 7 8 4 0 2 3 3 0 2 0 0 0 2 3 1 1 3 1 904 1 0 1
2 1 0 3 0 4 6 0 2 4 1 1 0 2 5 13 9 1 2 2 3 2 3 1 3 1 3 4 0.545455 5 0.272727 6 0.181818 931 3 3 3
13 5 1 2 4 3 5 0 2 5 0 1 0 3 1 0 10 1 3 2 2 2 3 3 1 1 2 1 3 1 865 3 4 3
2 3 5 1 0 6 1 3 3 5 1 4 0 6 2 13 3 1 2 3 1 2 1 810 1 1 1
0 3 7 3 1 3 4 3 0 13 5 4 4 2 3 2 10 3 3 2 3 1 1 1 1 2 2 1 3 1 938 4 3 3
0 3 1 0 0 1 4 2 2 5 6 7 3 1 13 2 1 1 1 2 1 890 1 0 0
4 3 4 0 3 2 3 1 13 6 3 0 6 4 1 2 11 1 2 3 2 3 1 1 2 3 1 3 1 2 1 753 4 3 4
1 8 1 3 4 3 13 7 3 6 4 2 0 3 3 0 4 3 2 2 3 1 1 1 915 0 2 2
2 4 3 1 3 3 13 3 0 1 2 6 2 0 0 0 4 1 1 3 2 1 3 1 843 2 1 1
13 5 4 0 2 7 5 0 0 8 3 0 0 0 1 1 6 2 3 3 3 2 3 1 1 1 938 0 2 4
1 5 4 2 8 6 1 0 13 6 0 1 8 2 2 0 3 3 1 3 1 2 1 696 1 0 2
1 3 0 0 3 5 4 0 13 6 2 2 5 8 3 4 1 1 1 3 1 1042 1 0 0
0 0 2 0 1 5 2 4 4 1 4 3 0 0 13 4 0 1 3 1 836 0 0 0
0 1 4 5 0 3 7 3 1 5 4 13 2 3 2 3 7 3 3 3 1 2 3 1 1 2 1 800 2 1 4
6 1 3 2 4 8 7 3 1 13 4 3 0 4 0 2 4 2 1 1 2 1 3 1 942 2 2 0
1 2 1 1 4 2 2 0 7 6 4 0 3 13 4 0 3 3 2 1 3 5 0.428571 6 0.285714 7 0.285714 955 1 1 1
3 0 6 0 4 7 4 0 2 13 6 3 3 3 1 3 9 2 3 1 1 2 2 2 3 1 1 1 1 898 3 4 2
13 6 1 0 4 8 3 4 2 0 2 2 0 0 2 0 8 1 3 3 3 2 1 1 1 1 3 1 810 4 1 3
3 1 3 0 3 6 4 0 13 2 1 3 1 3 2 4 9 3 3 2 1 2 1 1 3 2 1 2 1 772 3 3 3
0 1 1 5 3 0 13 7 0 0 4 3 0 0 0 3 9 2 2 1 3 2 2 1 3 3 3 4 0.545455 5 0.272727 6 0.181818 755 2 4 3
3 0 0 3 0 0 2 4 1 6 3 2 1 1 13 4 6 2 3 1 3 2 2 1 1 1 903 1 3 2
0 0 3 3 2 3 13 4 3 5 6 5 0 3 4 3 4 3 1 3 1 1 2 1 969 2 0 2
4 3 2 4 3 3 13 3 0 3 7 9 0 3 4 3 0 1 1 1 799 0 0 0
3 13 4 1 2 3 1 8 3 0 5 4 6 3 0 0 6 3 2 2 1 2 3 1 1 1 845 1 3 2
4 13 4 3 2 2 6 3 5 3 1 0 4 1 0 0 4 1 2 1 2 1 3 1 910 2 2 0
2 9 0 4 0 4 7 7 4 8 13 4 1 1 3 1 4 1 2 2 2 1 3 1 818 1 3 0
2 3 13 1 4 7 8 4 5 6 6 3 1 0 9 0 9 3 3 2 1 1 3 1 2 2 1 2 1 976 3 3 3
2 13 3 2 0 3 4 5 3 0 2 8 0 2 0 1 3 3 1 1 1 1 1 742 2 0 1
3 1 3 3 3 4 13 7 7 3 4 3 1 2 0 0 6 2 1 3 2 3 3 3 5 0.428571 6 0.285714 7 0.285714 908 1 2 3
0 1 2 0 0 3 4 2 3 3 13 4 3 5 1 4 11 3 3 3 2 2 1 2 3 1 1 1 1 2 1 769 4 3 4
2 7 3 1 0 3 13 5 0 2 1 8 3 5 0 7 0 1 3 1 895 0 0 0
0 0 3 0 2 4 4 2 4 8 4 0 1 13 1 0 2 2 1 3 4 0.545455 5 0.272727 6 0.181818 875 1 1 0
1 3 0 0 1 13 0 0 6 8 7 0 4 6 4 2 1 3 1 2 1 962 0 0 1
2 6 0 2 3 13 3 0 2 5 3 0 4 5 1 3 8 1 3 1 3 1 1 2 2 1 3 1 770 4 2 2
0 2 3 0 0 3 5 0 3 2 7 13 1 4 6 3 9 3 1 1 3 3 1 2 2 2 1 1 1 872 3 3 3
3 2 3 1 1 6 13 3 3 3 3 2 0 0 1 0 8 1 3 1 2 2 2 3 1 1 2 1 803 3 3 2
0 1 3 2 2 4 3 4 3 3 13 3 0 0 4 5 8 1 1 3 1 2 1 2 2 1 3 1 825 4 3 1
0 2 9 1 3 0 4 13 2 2 5 6 1 0 2 0 5 1 1 3 1 3 1 2 1 745 3 0 2
7 3 13 4 4 2 3 1 0 0 3 7 0 0 2 0 10 3 1 1 1 2 3 3 2 2 1 1 3 1 817 4 3 3
4 4 4 2 13 3 3 2 1 5 0 0 2 3 0 0 7 3 2 1 1 2 1 3 1 1 1 775 3 2 2
4 13 1 3 3 5 5 2 2 7 4 1 0 0 0 3 10 2 1 1 1 1 3 2 2 3 2 1 3 1 941 4 4 2
1 5 3 3 3 13 9 4 3 5 4 1 0 0 2 0 4 2 2 1 2 1 1 1 903 1 3 0
1 1 0 0 5 2 3 2 8 4 4 0 3 13 3 0 1 2 1 1 1 903 0 1 0
4 3 3 1 6 3 4 0 13 5 1 8 5 0 0 0 5 1 2 2 3 2 1 3 1 892 1 3 1
0 3 13 4 1 6 4 3 2 3 5 2 0 1 1 3 10 2 3 2 2 1 2 1 3 1 3 1 3 1 968 3 4 3
4 13 4 1 9 6 3 5 2 3 1 0 2 0 0 0 8 2 1 3 1 1 2 3 3 1 2 1 858 3 2 3
3 0 0 2 0 3 4 3 2 4 6 1 3 1 13 3 4 3 2 1 2 1 1 1 871 1 2 1
1 1 13 5 9 7 3 1 4 6 2 1 0 2 3 3 5 2 2 3 3 2 1 1 1 826 0 3 2
3 0 2 0 2 2 3 3 1 13 1 0 4 3 4 3 0 1 1 1 771 0 0 0
3 7 0 6 13 5 2 0 7 5 2 3 1 1 4 2 10 3 2 1 2 1 1 3 3 2 1 1 3 1 744 4 3 3
1 3 13 5 5 4 2 3 4 2 0 1 1 0 2 0 10 3 1 1 1 2 3 3 2 2 3 3 8 0.181818 9 0.272727 10 0.545455 963 3 3 4
1 3 4 8 2 3 13 3 0 4 4 5 0 1 1 6 4 2 2 3 2 1 1 1 783 0 3 1
5 13 5 9 4 1 3 0 2 4 1 2 0 3 0 0 8 2 2 1 1 3 1 2 3 1 3 1 898 3 3 2
0 0 1 5 1 4 0 8 0 2 3 7 3 4 13 3 1 3 1 2 1 900 0 0 1
4 1 2 0 10 5 3 1 13 0 2 0 5 4 3 1 2 2 1 1 2 1 880 1 1 0
2 0 0 0 1 5 1 0 13 6 4 0 6 3 2 3 3 1 1 2 1 2 1 785 2 1 0
0 1 8 3 0 2 4 9 3 4 13 4 0 3 3 3 11 3 1 2 2 2 3 3 2 1 3 1 1 1 1 868 3 4 4
0 3 1 2 0 5 1 5 3 3 6 13 0 0 2 1 7 1 2 1 3 2 3 2 3 8 0.181818 9 0.272727 10 0.545455 892 2 3 2
3 3 6 1 3 13 5 4 1 1 0 0 4 0 0 0 7 1 2 2 2 3 3 3 1 2 1 876 1 3 3
3 4 3 0 13 4 0 3 2 4 1 0 1 5 2 0 3 2 3 1 1 3 1 772 1 1 1
3 0 5 0 1 4 3 2 13 4 6 3 1 1 7 2 0 1 2 1 774 0 0 0
1 9 4 0 3 13 7 3 4 6 4 3 2 4 3 1 6 2 2 1 2 3 1 1 3 1 962 2 3 1
1 0 6 0 3 6 3 2 4 13 4 2 2 3 0 1 8 1 2 3 3 3 1 3 2 1 1 1 832 2 2 4
0 3 1 3 2 13 7 3 4 8 6 3 0 2 2 1 6 3 3 1 2 3 1 1 3 1 894 2 1 3
3 8 13 4 2 3 3 8 0 2 1 5 0 0 1 3 11 2 1 2 2 1 1 3 1 3 2 3 1 3 1 853 4 4 3
3 7 4 3 1 2 2 13 4 3 2 5 0 1 4 1 7 3 3 2 1 1 2 3 1 3 1 746 2 2 3
0 2 8 3 2 4 13 5 3 2 4 1 3 3 0 1 8 1 1 3 3 2 2 2 1 1 1 1 918 3 3 2
2 3 3 0 5 9 2 0 2 8 13 1 6 9 1 1 11 1 3 1 2 3 1 3 2 1 2 2 3 4 0.545455 5 0.272727 6 0.181818 810 4 4 3
0 0 4 3 0 0 8 3 1 5 8 13 0 3 9 4 3 3 1 2 1 2 1 1012 1 1 1
3 0 3 3 2 3 7 1 13 1 3 0 3 5 3 5 8 3 2 2 3 1 1 1 2 1 2 1 758 3 3 2
5 3 13 8 7 4 6 3 3 1 3 3 0 0 0 2 11 2 3 1 2 1 3 2 3 1 3 1 1 2 1 814 4 3 4
1 0 2 0 3 4 3 4 9 4 5 3 4 13 7 2 7 2 2 1 3 3 1 1 1 3 1 987 3 2 2
0 0 2 2 0 3 1 5 1 2 5 13 4 3 2 4 6 2 1 3 3 1 1 1 3 1 826 3 1 2
0 2 5 0 3 7 4 4 8 13 8 6 9 6 3 3 9 3 1 3 1 3 2 1 1 2 1 2 1 991 4 2 3
9 13 1 0 1 1 7 2 3 2 5 4 0 2 2 0 7 3 1 2 2 1 1 3 1 3 1 873 3 2 2
1 3 0 1 1 2 1 3 2 6 4 2 4 3 13 4 10 1 2 2 3 1 3 2 1 3 2 1 3 1 848 3 4 3
0 3 2 3 0 5 4 4 2 4 13 3 3 1 0 0 9 1 1 1 3 3 2 1 2 2 1 3 1 963 4 3 2
1 1 6 0 13 4 2 3 3 4 3 0 3 6 2 2 1 3 1 1 1 963 0 0 1
2 3 4 3 3 2 5 1 0 5 13 3 1 3 5 0 1 2 1 1 1 1044 0 1 0
0 0 2 4 1 4 6 8 2 0 3 13 0 3 3 4 10 3 2 1 2 1 3 3 3 1 1 1 2 1 816 4 2 4
4 4 1 0 2 2 7 0 13 5 5 2 1 3 1 3 6 2 3 1 3 1 3 1 2 1 868 2 1 3
4 3 2 1 3 13 3 4 1 3 4 2 1 0 2 0 10 3 2 3 1 3 1 2 1 3 2 3 8 0.181818 9 0.272727 10 0.545455 928 3 3 4
2 3 2 3 2 5 13 4 1 3 4 1 0 1 5 2 6 2 1 1 3 3 3 1 3 1 834 2 1 3
6 4 3 1 2 13 3 0 8 3 3 0 5 2 3 3 6 2 1 2 3 1 3 1 1 1 1001 2 2 2
2 2 3 4 13 5 3 0 5 4 1 4 3 6 1 3 11 3 1 1 1 2 3 3 2 3 1 2 1 2 1 909 4 3 4
3 3 0 0 2 1 0 0 9 3 4 0 13 4 3 3 11 3 3 2 2 1 1 1 1 3 2 3 1 2 1 885 4 3 4
