11010001 1 1 2 0 2 0 4 1 3 2 4 3 5 0 1 3 4 1 3 1 0 0 0 0 4 4 3 95134.017473450222 95271.634612990878 94989.759717608627 94984.842472520817
11010001 1 0 0 1 0 1 0 2 0 5 4 5 3 6 8 7 4 1 2 1 0 0 0 0 1 1 2 90737.427452233707 90869.064263324195 84792.048032355437 90837.628575529001
11010001 1 3 0 3 0 8 0 0 0 9 7 3 3 10 5 4 1 1 2 1 0 0 0 0 0 0 1 90826.526780206739 79252.656449685732 89498.983460516436 90952.402606424061
11010001 1 9 7 6 1 11 5 2 0 7 3 1 1 4 3 0 3 1 2 1 0 0 0 0 0 1 2 85628.236261499958 70946.861958444657 84753.519279004307 82237.5636614752
11010002 1 0 3 2 2 3 1 1 1 0 2 5 3 1 1 0 3 1 1 1 0 0 0 0 1 4 1 96038.040213870408 95663.708009910581 95651.813649360338 95881.185338873329
11010002 1 3 3 2 3 1 4 1 0 2 6 4 2 5 8 5 1 1 3 1 0 0 0 0 4 4 3 86810.379443156635 87914.888889630674 87909.991250681473 90267.91948100827
11010002 1 0 0 1 0 3 3 1 0 10 10 5 2 3 3 3 6 1 2 1 0 0 0 0 0 0 1 86861.870468827692 85723.601540900578 85216.923469249741 -1.0000000000000001e+300
11010002 1 9 1 3 0 9 2 3 3 11 3 2 0 5 3 2 0 1 1 1 0 0 0 0 2 1 1 89876.676428841034 80644.426001519983 90376.123632791103 86358.133903766022
11010003 1 0 0 0 2 6 3 0 0 5 4 1 1 5 3 0 2 1 1 1 0 0 0 0 0 1 1 94389.909662534803 93582.472974141434 94377.38620787859 94287.855866681959
11010003 1 1 0 2 0 5 4 1 0 8 3 3 1 6 6 2 1 1 3 1 0 0 0 0 1 3 2 90646.23191333031 87887.51885801772 90059.656113572608 89812.453552611507
11010003 1 2 0 3 2 3 1 3 2 5 2 1 0 10 7 4 3 1 1 1 0 0 0 0 2 1 1 88967.589601467887 87702.344799977654 85741.130431985948 89157.025590182355
11010003 1 4 11 9 3 0 3 6 1 0 0 2 0 3 1 0 0 1 2 1 0 0 0 0 0 0 1 79723.921976560436 79436.13254760069 79551.427848997831 78661.035343292882
11010004 1 4 4 2 1 3 6 3 1 6 1 3 0 2 1 1 0 1 2 1 0 0 0 0 0 2 4 90411.804693857819 90562.403676410104 91448.752576700848 90063.250566113769
11010004 1 4 6 2 0 3 7 4 1 5 3 4 1 0 2 0 1 1 3 1 0 0 0 0 0 1 0 86005.230845548649 87337.108857788931 88719.691940171208 88961.441393739107
11010004 1 4 1 0 0 7 2 3 0 8 4 0 2 9 6 3 2 1 1 1 0 0 0 0 1 0 3 90919.533885915342 81384.571602944619 90788.864031924153 90817.217334522822
11010004 1 0 1 3 2 2 6 4 1 0 7 2 4 11 7 1 4 1 2 1 0 0 0 0 4 3 4 76421.902342046247 -1.0000000000000001e+300 78590.10282362008 78303.52543667602
11010005 1 1 0 0 0 4 5 4 0 5 4 6 3 4 3 1 2 1 2 1 0 0 0 0 1 1 3 92514.415609900156 92474.757584790816 91848.469888831954 -1.0000000000000001e+300
11010005 1 5 6 8 3 3 3 1 0 4 1 1 0 2 0 2 0 1 1 1 0 0 0 0 1 3 4 89235.433356799505 87987.682670993207 89451.100314557756 84992.384691904255
11010005 1 4 6 7 9 3 4 7 3 0 0 0 3 1 1 0 2 1 3 1 0 0 0 0 0 1 0 91331.78688910295 91390.911277800289 91221.671083547015 84407.307167953608
11010005 1 10 11 5 3 9 8 9 2 6 5 8 1 3 3 3 2 1 3 1 0 0 0 0 2 1 2 70805.655941844278 76271.895696833817 75257.056777264472 75257.056777264472
11010006 1 1 3 5 0 2 4 2 0 4 1 1 3 0 2 0 0 1 1 1 0 0 0 0 0 1 2 95668.718180338532 95459.802948783952 95434.13330175975 95689.627790398052
11010006 1 0 0 3 1 0 0 2 1 0 5 4 4 4 4 7 6 1 2 1 0 0 0 0 2 2 1 91358.146359908831 91564.313742140715 90271.425910752558 -1.0000000000000001e+300
11010006 1 0 3 0 2 2 0 3 5 1 3 6 5 5 6 8 9 1 2 1 0 0 0 0 4 2 4 89968.610636180718 90511.226254530862 83281.221027127409 90713.248742932323
11010006 1 3 7 9 10 1 0 7 11 0 2 3 4 0 3 0 2 1 2 1 0 0 0 0 3 1 3 86807.18843539599 93934.307006386676 94673.385890139645 87328.542102971915
11010007 1 3 3 0 3 2 6 2 4 1 4 1 1 0 3 5 2 1 3 1 0 0 0 0 0 0 0 93649.942782946295 92624.406030468657 93241.755736293737 93213.038355814482
11010007 1 6 1 0 0 7 3 0 0 7 3 2 0 4 4 3 1 1 2 1 0 0 0 0 3 3 4 91067.313218293362 87605.636982319484 90586.065675399295 91007.624161824788
11010007 1 5 3 3 0 8 4 3 0 9 6 0 2 10 6 3 0 1 1 1 0 0 0 0 3 3 4 89759.578217608418 76789.424017336481 89052.196467407441 89460.048294161461
11010007 1 5 10 7 4 11 5 4 3 6 4 2 1 7 3 3 3 1 1 1 0 0 0 0 0 1 0 66042.437442589027 66247.745035387852 -1.0000000000000001e+300 -1.0000000000000001e+300
11010008 1 5 5 4 1 1 6 4 3 2 3 4 2 3 0 0 0 1 2 1 0 0 0 0 3 2 2 92142.193000705476 92156.009152990111 91215.264815639559 92048.24069575459
11010008 1 4 7 8 7 4 4 6 3 2 3 3 0 3 0 0 0 2 4 0.5 5 0.5 0 0 4 3 2 87786.891089949146 90241.324847564625 89759.580270705454 84888.840983396774
11010008 1 4 5 8 10 5 4 4 0 2 2 3 2 0 0 1 0 1 3 1 0 0 0 0 2 0 1 89078.104242664325 89068.513739283735 88395.683367390753 83123.273666759822
11010008 1 0 0 0 2 1 4 4 4 3 6 11 0 3 4 4 4 1 3 1 0 0 0 0 0 0 0 78073.340151455966 81361.032694023088 76106.250776180052 77936.38990019678
11010009 1 0 0 2 2 3 1 4 4 0 5 3 4 3 4 6 3 1 2 1 0 0 0 0 4 2 3 91662.419829091916 91559.654576884379 92883.963766916349 92864.0806347529
11010009 1 3 0 0 5 3 0 3 6 0 0 5 8 0 3 6 7 1 2 1 0 0 0 0 2 1 0 86995.112445760766 91803.762217716285 91260.22095277172 91328.297819371262
11010009 1 1 1 4 1 2 3 4 5 3 5 7 8 7 5 6 10 3 4 0.5 5 0.25 6 0.25 1 3 2 -1.0000000000000001e+300 -1.0000000000000001e+300 85722.96483791167 86708.934625024442
11010009 1 1 0 2 4 3 4 5 11 8 2 6 3 10 9 7 4 1 1 1 0 0 0 0 0 0 0 60536.102948859771 36883.708803120659 0 -1.0000000000000001e+300
11010010 1 2 0 5 5 0 3 4 6 0 1 4 3 0 0 0 2 1 1 1 0 0 0 0 0 0 0 93488.631184721628 93348.363845926331 93721.009112309926 93414.624837607742
11010010 1 1 0 2 0 0 1 7 3 2 6 4 3 0 3 3 4 1 3 1 0 0 0 0 2 2 3 90119.117989502163 91936.55247821167 89543.719970867111 91661.192072377598
11010010 1 4 4 6 9 3 3 7 8 0 1 3 7 0 1 2 5 1 3 1 0 0 0 0 3 4 3 83643.715917301844 91162.262455875563 -1.0000000000000001e+300 88795.286005083079
11010010 1 10 11 8 5 4 5 4 2 4 1 3 0 2 0 1 0 1 2 1 0 0 0 0 1 0 2 84468.441262439766 82997.355317918511 84912.343821686824 73926.560666421588
11010011 1 0 1 1 3 2 2 3 2 0 3 5 3 0 5 3 4 1 1 1 0 0 0 0 2 2 4 94626.062256442397 -1.0000000000000001e+300 94091.950926841237 94268.693495515792
11010011 1 3 0 0 2 5 3 1 0 6 4 3 3 7 8 6 4 1 3 1 0 0 0 0 2 2 2 91225.279235570721 90740.296657415165 84295.380311358036 91314.736234047043
11010011 1 5 4 4 0 6 6 1 2 7 0 4 0 9 0 1 1 1 2 1 0 0 0 0 1 2 0 90673.392271158373 81525.447184556047 91795.531684110421 90795.795648709784
11010011 1 2 5 1 0 7 4 5 0 11 3 2 0 0 0 3 3 1 1 1 0 0 0 0 3 3 2 82041.669283789655 79085.938927266194 81722.005496402213 82135.291300474026
11010012 1 2 1 1 2 3 4 2 2 0 2 1 3 0 0 2 5 1 1 1 0 0 0 0 2 0 2 96453.418113449472 96249.229859669984 96274.302342732743 95988.171716489902
11010012 1 1 7 2 0 6 3 0 0 5 3 3 3 3 3 1 0 1 2 1 0 0 0 0 2 2 2 91067.983114717572 90439.938564528391 91258.159710452121 91892.203090083669
11010012 1 1 3 0 1 5 2 2 2 7 5 0 0 9 6 5 2 1 3 1 0 0 0 0 3 1 1 89471.211002763113 88674.981777652545 89481.302216992859 89747.212548668962
11010012 1 2 6 11 10 3 5 7 4 1 4 6 3 2 4 1 3 1 1 1 0 0 0 0 1 2 1 -1.0000000000000001e+300 -1.0000000000000001e+300 81268.017248608943 74807.597152247297
11010013 1 3 2 4 0 1 0 5 4 1 5 4 5 3 0 3 3 1 2 1 0 0 0 0 0 0 0 92448.53421993769 93628.840723749498 92601.158877718321 92480.595767319799
11010013 1 1 3 0 0 5 0 2 2 6 5 3 1 7 8 6 4 1 1 1 0 0 0 0 3 4 4 91254.520907238257 91452.712037867401 85843.878183149951 91499.521452604124
11010013 1 0 0 2 3 3 4 3 0 3 4 5 4 10 9 8 6 3 5 0.25 6 0.25 7 0.5 2 1 0 85691.460226109804 87816.074453862253 76890.446947701057 86959.141672703059
11010013 1 2 10 8 4 11 9 6 3 3 3 4 0 0 1 5 3 1 3 1 0 0 0 0 4 4 2 59112.896660760562 54988.192731413335 59257.163419776152 55266.456244663161
11010014 1 1 3 3 3 0 0 2 1 3 1 3 3 1 0 0 2 1 3 1 0 0 0 0 2 4 3 96854.505138363544 96591.503200882551 96099.756524249358 96556.518893781511
11010014 1 7 8 7 6 4 6 4 1 3 3 2 0 0 3 0 0 2 4 0.5 5 0.5 0 0 4 4 2 89305.271549001613 90467.614457505872 89433.969242673717 81789.88060077971
11010014 1 9 7 7 4 1 4 3 1 0 2 2 0 0 3 3 0 1 2 1 0 0 0 0 4 3 3 91384.633717886463 88612.768916419634 -1.0000000000000001e+300 81973.707165304659
11010014 1 0 2 3 5 2 1 5 11 0 4 6 8 1 4 5 6 1 3 1 0 0 0 0 2 2 2 67947.603471334194 81950.703673341457 82069.077796135301 82923.93958491151
11010015 1 3 0 2 3 2 5 1 4 3 5 3 2 0 0 3 4 1 2 1 0 0 0 0 4 1 2 93030.568946495245 93511.68068672865 93321.106100264034 93097.845532474908
11010015 1 5 4 4 0 6 7 0 0 2 0 2 1 0 0 0 2 1 1 1 0 0 0 0 2 1 4 93013.520875624847 91713.316378775824 92846.856547267511 91550.185136170534
11010015 1 3 4 7 10 2 4 7 8 1 3 4 3 3 0 0 0 1 2 1 0 0 0 0 4 3 3 -1.0000000000000001e+300 90711.039424445378 90725.713712278288 86467.837768493846
11010015 1 8 11 8 3 4 0 5 0 1 1 2 3 0 0 2 0 1 1 1 0 0 0 0 2 3 3 79726.0951928469 79406.531769394918 77765.821971748956 76851.612461463243
11010016 1 2 2 4 0 4 4 1 2 3 2 5 3 3 3 1 0 1 2 1 0 0 0 0 4 1 4 94473.576446703926 92894.719760291351 94213.797125158482 93063.749618230038
11010016 1 1 0 2 0 4 0 0 4 7 4 3 0 2 7 3 3 1 2 1 0 0 0 0 4 2 4 89780.148661733911 88951.300999824918 89293.116266678509 89820.120133030679
11010016 1 2 4 3 3 0 1 3 7 0 4 3 8 0 4 0 9 1 3 1 0 0 0 0 3 3 1 84227.921900973044 90966.363716824446 90266.875977334523 90546.963388361328
11010016 1 6 4 0 2 7 5 1 1 11 4 2 0 4 0 0 0 1 3 1 0 0 0 0 4 4 3 83784.40376044836 80913.497754926022 84162.517816480075 83526.006729738307
11010017 1 0 2 4 3 1 3 6 0 0 3 2 0 0 3 1 3 1 2 1 0 0 0 0 3 2 4 94441.508925368238 95375.314038547469 94396.682021860412 94700.23072291119
11010017 1 2 3 3 3 1 5 4 3 6 5 4 3 3 7 5 4 1 2 1 0 0 0 0 1 0 2 88913.068556185113 89136.551661201825 88317.815756744501 89798.837015827754
11010017 1 6 3 2 3 1 3 5 0 2 3 6 10 0 3 0 0 1 3 1 0 0 0 0 4 3 1 79675.627120741861 85231.10097593606 82901.583084834085 85843.974057777639
11010017 1 0 4 6 9 1 2 7 11 0 2 1 7 3 0 0 3 1 2 1 0 0 0 0 3 2 3 76401.775086268462 85580.831315969685 83422.079934477675 81928.054931274251
11010018 1 3 4 1 0 5 0 5 0 6 0 1 2 4 0 2 0 1 3 1 0 0 0 0 0 0 0 93001.226766889871 93168.224453439616 93807.316251785465 93465.125484411954
11010018 1 4 0 2 0 6 1 0 3 8 5 1 1 6 6 3 0 1 2 1 0 0 0 0 1 2 2 91611.295174470288 84006.649917638337 90331.900178365453 91092.633959998828
11010018 1 10 8 4 0 5 8 1 0 5 3 2 0 3 2 1 3 1 3 1 0 0 0 0 0 0 0 88762.88485207659 84763.540817957604 88373.530785504889 79716.823385638767
11010018 1 3 4 11 8 0 1 5 6 0 6 3 3 0 0 3 2 1 2 1 0 0 0 0 4 3 3 78527.57487555129 81140.382391135849 79237.797556166799 75275.060892526599
11010019 1 3 1 3 1 2 1 0 5 3 1 0 4 2 0 0 2 1 3 1 0 0 0 0 1 2 1 95678.270308347404 95722.478699325016 -1.0000000000000001e+300 96250.393184678425
11010019 1 1 8 7 3 2 3 5 4 1 3 3 3 3 0 0 1 1 2 1 0 0 0 0 1 2 2 87239.364472276357 88077.715197366735 87559.852270720119 83555.312917453368
11010019 1 10 7 4 2 6 0 5 0 3 0 0 1 3 0 0 0 1 2 1 0 0 0 0 1 0 0 89090.65419100599 87814.263486649506 89368.393925048804 85641.363550151174
11010019 1 4 11 8 7 2 3 3 5 0 0 3 1 0 0 0 2 1 3 1 0 0 0 0 1 0 2 84841.198887984428 84795.632148138495 85310.972269211808 81452.617730306592
11010020 1 0 3 0 0 0 0 3 2 0 0 1 4 4 1 3 2 1 2 1 0 0 0 0 4 3 3 96473.198513974072 97127.373619969687 97082.67779709684 96952.712179311115
11010020 1 2 0 0 7 0 0 1 8 2 3 4 7 0 3 5 5 2 4 0.5 5 0.5 0 0 2 1 1 84604.161394507697 90407.017660548096 91194.657470434322 90661.633728744462
11010020 1 5 0 0 10 0 3 0 8 4 5 7 7 2 4 4 6 1 1 1 0 0 0 0 0 0 0 80181.797321590318 89976.136497328407 87744.52261538968 88523.494336596312
11010020 1 1 2 2 1 1 3 3 5 3 5 5 11 3 0 7 10 1 2 1 0 0 0 0 2 2 3 81183.376434259524 89732.027197087009 88896.960599082042 88560.144335373334
11010021 1 0 4 2 0 3 2 1 5 5 3 1 0 5 1 5 3 1 2 1 0 0 0 0 0 0 0 91256.38456163503 91920.457218026742 93355.190855687717 91743.695125977989
11010021 1 1 3 2 0 7 8 0 0 5 5 6 2 2 1 5 1 1 2 1 0 0 0 0 1 0 1 87221.086571234249 87002.664710728859 83092.34562497896 86421.513730485225
11010021 1 0 3 0 10 0 0 3 9 1 3 5 8 0 2 5 7 1 3 1 0 0 0 0 4 4 3 78548.363037752686 91364.951495507921 90550.813258683789 91340.290159280019
11010021 1 10 11 6 5 7 6 1 0 5 3 2 0 0 1 2 2 1 1 1 0 0 0 0 2 2 4 88869.374923240277 84865.881469746644 88475.733347572328 79953.358571870645
11010022 1 3 0 0 0 1 0 2 3 0 3 0 4 0 3 1 2 1 1 1 0 0 0 0 3 4 4 96991.694005607351 96604.373583738008 97143.786074973919 97136.665716214935
11010022 1 1 0 0 5 0 2 0 6 3 3 3 8 0 5 7 7 1 3 1 0 0 0 0 4 4 3 85832.421060136359 91849.686157478718 89058.94991431474 91855.586048565092
11010022 1 0 1 2 0 0 3 3 3 3 6 7 6 6 7 8 9 1 3 1 0 0 0 0 0 0 0 90769.494385314116 90781.084658536362 87027.734086346842 -1.0000000000000001e+300
11010022 1 8 3 1 3 0 5 4 3 8 7 5 4 9 11 7 5 3 5 0.37499999999999994 6 0.24999999999999994 7 0.37499999999999994 2 3 0 121.49999999999997 -1.0000000000000001e+300 79817.052140210639 88131.172706726371
11010023 1 0 1 3 5 0 5 3 5 0 1 2 4 3 0 1 3 1 2 1 0 0 0 0 2 3 1 93634.620435474528 94044.643559715492 94692.606505853168 94309.672862450287
11010023 1 1 0 0 3 3 1 4 7 0 0 3 4 3 1 4 2 1 2 1 0 0 0 0 1 2 2 90229.952762673085 91242.940793207294 91511.677066432705 91248.13734504467
11010023 1 3 0 8 10 3 7 6 8 1 5 5 6 2 3 2 4 1 1 1 0 0 0 0 1 1 0 75629.102051638532 88387.080443638421 89470.409049365495 88897.942394207115
11010023 1 0 3 3 5 2 3 5 11 1 3 7 9 0 5 6 7 1 3 1 0 0 0 0 1 1 1 81105.463206355082 81162.027245645819 78815.444403042129 81777.195805580675
11010024 1 0 0 1 1 3 2 4 3 3 4 1 3 0 2 4 4 1 3 1 0 0 0 0 0 1 0 95185.941717359761 94865.145948410034 95157.49260161542 95203.106958883771
11010024 1 3 3 0 3 0 3 3 4 0 1 4 6 2 4 6 8 1 2 1 0 0 0 0 4 3 4 88508.907110154265 90361.772318376898 88562.440023733259 88070.086172358991
11010024 1 0 0 3 4 0 0 2 6 2 4 6 8 1 3 7 10 1 2 1 0 0 0 0 4 2 3 89811.056311957247 -1.0000000000000001e+300 89111.591231447266 89248.612916782236
11010024 1 3 5 8 10 1 5 6 11 0 4 5 3 2 2 0 3 1 1 1 0 0 0 0 0 0 1 82731.187037732903 87860.800091448706 88677.905951284381 78754.454687355217
11010025 1 0 0 2 0 0 2 5 3 0 0 6 2 1 1 6 3 1 3 1 0 0 0 0 4 3 3 92289.37700545699 93364.106107127125 92121.006781872828 92382.116518534662
11010025 1 3 0 0 4 0 2 5 2 0 5 5 0 1 7 5 1 1 3 1 0 0 0 0 2 2 0 89970.297441967195 90900.745122073306 90526.884364449055 90972.032042826919
11010025 1 3 0 1 0 5 0 0 3 6 5 4 3 10 9 8 6 1 2 1 0 0 0 0 3 3 3 89869.602347616878 89875.574102813844 75497.141074288695 90048.431066065721
11010025 1 3 0 1 3 5 4 1 0 11 6 4 0 10 9 6 5 1 1 1 0 0 0 0 0 3 1 89085.876335288645 82812.914534591167 73878.883167581909 90231.955947611088
11010026 1 0 1 0 2 1 0 3 3 0 0 4 1 0 3 2 2 1 2 1 0 0 0 0 4 3 4 96989.984500868624 97425.766174177697 96652.285088685603 96589.827118027883
11010026 1 3 5 8 6 0 0 5 3 0 0 4 1 1 4 0 2 1 2 1 0 0 0 0 2 2 0 90656.432916941063 90580.686089219424 90880.23039269018 88480.689369551372
11010026 1 5 7 8 10 0 1 5 8 0 2 2 5 3 1 0 3 1 1 1 0 0 0 0 3 4 4 89746.737234674554 90286.678250380981 90600.103478171979 85385.028924434329
11010026 1 2 2 5 2 0 4 3 11 1 4 5 9 3 0 4 8 1 1 1 0 0 0 0 2 1 0 67548.992558901009 76382.358221307019 75328.562849292954 80118.04654352041
11010027 1 4 2 0 0 1 0 0 3 4 2 3 1 3 3 3 2 1 3 1 0 0 0 0 3 2 1 96749.942067707903 95821.67723984395 96086.556014863207 96149.210160975985
11010027 1 6 7 8 8 3 3 3 5 2 0 4 3 1 0 0 0 1 1 1 0 0 0 0 2 3 4 87887.528420215545 91673.325511648407 91671.322745805359 84772.458141904848
11010027 1 1 6 7 9 2 3 5 6 0 0 0 4 0 0 0 1 1 3 1 0 0 0 0 0 1 0 91234.817732756084 -1.0000000000000001e+300 90942.813035722356 86641.695949699904
11010027 1 2 2 0 1 4 4 2 0 11 5 2 1 9 6 3 0 1 3 1 0 0 0 0 2 0 2 85883.367531536496 81648.573854728878 85602.480252943671 85001.323216239049
11010028 1 0 1 1 6 2 2 4 6 1 0 4 0 0 2 0 0 1 2 1 0 0 0 0 1 0 0 94847.126631410021 94274.169330102421 93619.087948205764 95118.122734924153
11010028 1 0 4 3 0 2 7 4 3 6 6 2 1 0 3 3 1 1 2 1 0 0 0 0 3 2 3 88739.843566211246 89003.834951303972 88959.112517330592 87706.014955773309
11010028 1 4 4 8 10 0 3 4 8 0 2 3 5 2 3 0 3 3 4 0.5 5 0.25 6 0.25 4 2 2 85272.817652399157 89495.087336447454 88122.283725227782 87078.126291542023
11010028 1 1 0 11 10 2 4 5 9 0 0 4 5 2 0 3 3 1 2 1 0 0 0 0 3 1 4 83440.007225535213 90803.622063931078 91080.736180412059 91135.879700240912
11010029 1 3 1 3 3 2 6 2 0 3 0 6 3 0 0 3 1 1 3 1 0 0 0 0 4 4 3 92735.375699790355 92664.922292220595 92732.897646632351 92224.901646873055
11010029 1 1 0 4 5 2 3 5 6 3 1 4 7 0 0 0 3 1 1 1 0 0 0 0 2 4 4 90801.858402604179 89456.288613067751 90937.468537437046 89517.418716349915
11010029 1 0 3 4 10 0 1 6 9 0 2 4 8 3 4 4 4 3 5 0.25 6 0.25 7 0.5 4 4 3 77616.626815466414 87537.02330557433 87339.056604165467 86913.49072805485
11010029 1 2 0 9 10 0 5 7 11 0 5 6 8 4 3 3 5 1 1 1 0 0 0 0 3 3 4 78453.674977751609 95909.42404133029 91909.21811939936 96560.57990612695
11010030 1 3 3 4 2 0 0 3 1 0 0 0 2 1 1 3 2 1 2 1 0 0 0 0 4 3 3 97200.660338352332 97192.810687425401 96445.176105586055 96505.337644231244
11010030 1 4 5 7 4 2 0 5 3 0 0 4 3 0 3 1 0 1 3 1 0 0 0 0 4 4 3 90944.422237605089 90599.938557282207 91441.915782215743 90257.170790433185
11010030 1 10 8 6 4 7 6 4 0 3 2 2 0 3 1 1 2 1 2 1 0 0 0 0 4 2 4 88974.443470501035 87696.293893172944 89741.266346710181 85787.620878744696
11010030 1 4 2 0 0 11 4 0 0 8 5 1 0 7 6 5 2 3 5 0.37499999999999994 6 0.24999999999999994 7 0.37499999999999994 3 2 2 -1.0000000000000001e+300 79788.872370372846 87462.18927812831 -1.0000000000000001e+300
11010031 1 4 4 4 2 2 3 3 5 0 0 1 3 0 3 0 0 1 1 1 0 0 0 0 0 0 0 95594.079187736657 95296.548820183612 94974.418353446803 95205.285024132987
11010031 1 3 1 1 2 3 2 0 0 4 6 4 0 7 8 6 4 1 3 1 0 0 0 0 0 0 1 91234.380263275729 91383.030056565287 88597.222997602075 91413.360864150251
11010031 1 2 2 2 5 1 1 3 7 0 0 4 9 3 0 7 10 1 3 1 0 0 0 0 2 1 1 70658.844929786719 88558.313926885181 88868.621069546527 88718.084380134882
11010031 1 0 0 3 3 3 2 2 9 0 0 5 11 0 0 4 4 1 1 1 0 0 0 0 2 1 0 76215.709765143052 80500.204319902521 80044.217004846403 80576.404295627057
11010032 1 6 5 5 1 3 4 4 2 0 3 4 0 1 0 0 0 1 3 1 0 0 0 0 2 3 3 92205.543061162811 92338.876816067175 92952.515680502329 92439.62725125796
11010032 1 6 3 2 0 7 6 3 1 6 2 0 0 5 0 1 0 1 2 1 0 0 0 0 4 3 4 90859.171912493141 88179.370130719166 90810.691304603373 90933.890878798251
11010032 1 5 2 0 0 6 5 1 1 7 4 4 3 9 3 2 0 1 3 1 0 0 0 0 4 4 3 91155.052928782505 82369.104459399867 90243.791764674621 90567.24238002958
11010032 1 0 0 0 1 3 0 3 3 0 0 1 2 3 11 8 6 1 2 1 0 0 0 0 3 3 3 83602.945713390553 83328.060476506493 76272.023758113952 83454.825940943934
11010033 1 2 3 3 0 3 1 5 2 0 3 3 4 1 6 2 4 1 1 1 0 0 0 0 0 0 0 92854.628758550898 91134.074146161176 90977.172555735597 90719.792847797129
11010033 1 1 0 0 0 4 2 0 0 6 5 3 1 7 8 7 6 1 3 1 0 0 0 0 3 4 3 -1.0000000000000001e+300 91494.396970047412 78755.514711626791 -1.0000000000000001e+300
11010033 1 0 0 3 2 2 1 4 3 7 5 2 3 10 7 4 3 1 1 1 0 0 0 0 3 2 1 89441.680431266199 88941.594152494828 84495.069461359453 88700.419029806842
11010033 1 0 1 0 2 5 4 1 0 9 8 6 4 10 11 6 4 1 1 1 0 0 0 0 0 2 1 91042.753822214509 90569.648594429804 76763.790901222281 91168.976249581465
11010034 1 0 2 0 3 0 3 0 1 0 1 2 0 2 3 3 3 1 1 1 0 0 0 0 0 0 0 97096.49711010803 97000.154185465202 96831.431049357358 96881.623497852182
11010034 1 1 4 3 0 3 3 5 0 8 4 3 1 5 3 4 2 1 2 1 0 0 0 0 3 3 4 86378.720503887555 86652.10267324411 85823.096753464735 84948.854186434939
11010034 1 0 0 0 2 5 4 0 0 6 4 3 3 9 6 5 3 1 1 1 0 0 0 0 0 0 0 91195.122589268547 90507.997238008596 88410.396034171747 91417.117528838629
11010034 1 4 5 11 8 2 3 5 7 0 0 3 4 2 1 2 3 1 3 1 0 0 0 0 2 0 3 85051.546969309362 84937.036357658246 84869.932656756631 84645.200504331922
11010035 1 0 1 4 5 1 3 3 4 2 4 5 3 3 5 2 0 1 1 1 0 0 0 0 3 4 4 92498.005872479829 91956.271922791362 92386.400143386389 91233.803517496213
11010035 1 0 3 2 3 0 2 4 8 0 0 5 7 2 1 6 4 1 3 1 0 0 0 0 3 1 1 83786.464050814844 87319.872307610873 87368.091138460455 87575.024781271975
11010035 1 2 0 3 10 1 3 5 8 0 3 6 7 2 0 0 5 1 3 1 0 0 0 0 4 3 3 77714.372846417013 88378.247247417574 90435.208844633875 89053.394170811822
11010035 1 0 3 3 4 0 3 4 11 1 5 7 9 1 0 4 5 1 1 1 0 0 0 0 0 3 2 70663.167564835501 74865.28920489701 75642.723922294856 74512.702721151072
11010036 1 4 4 2 0 6 5 2 3 5 1 0 0 2 0 1 0 1 1 1 0 0 0 0 0 0 0 93523.090923290059 93415.118154174139 94224.78447049715 94592.877867111049
11010036 1 3 1 0 0 7 3 3 0 5 5 3 2 0 3 3 0 1 1 1 0 0 0 0 0 1 0 91505.050595718043 90788.625488448117 91734.102738413814 90982.531840645315
11010036 1 0 0 1 5 2 4 2 2 3 1 7 7 5 6 8 10 1 1 1 0 0 0 0 0 0 0 88730.408427196555 89786.658305783829 69618.189199695786 83652.512543181903
11010036 1 2 0 0 0 1 0 2 1 4 4 3 4 5 8 11 2 1 1 1 0 0 0 0 1 1 1 83894.235079458012 82503.130859336117 81409.216653267373 83314.608172477529
11010037 1 0 3 3 1 3 4 0 0 3 3 2 0 4 3 5 0 1 3 1 0 0 0 0 0 0 0 94997.06613739091 95123.821055060689 95697.007436620581 95227.297795028164
11010037 1 1 3 0 3 4 7 3 0 7 2 4 0 0 1 0 0 1 2 1 0 0 0 0 1 1 0 89832.069623973075 89997.393951015329 89576.506005089555 89891.849950558753
11010037 1 5 3 3 1 6 4 3 0 7 6 5 2 9 8 5 0 1 3 1 0 0 0 0 1 1 2 90940.051492529296 85973.492158720037 91263.983067381865 91538.906496683019
11010037 1 10 9 6 4 11 8 5 4 2 3 3 3 0 1 2 0 1 2 1 0 0 0 0 4 2 4 93001.999628420614 94273.161000578257 93340.071177309248 79783.985947565583
11010038 1 2 1 3 0 3 4 6 5 3 0 5 3 3 0 3 0 1 3 1 0 0 0 0 4 4 2 92671.667593388513 92600.842238091049 92698.254581272457 93839.846544810862
11010038 1 4 3 1 3 8 4 2 2 5 0 0 0 3 1 0 0 1 3 1 0 0 0 0 2 2 0 -1.0000000000000001e+300 89890.406276886613 90672.614471071458 90500.427790819944
11010038 1 10 9 8 5 3 5 4 0 3 1 3 2 0 0 1 0 1 1 1 0 0 0 0 1 3 3 89388.510042262234 89679.267893112788 88705.852956843199 76046.568806392796
11010038 1 1 4 11 10 3 4 8 9 2 1 4 6 3 3 3 3 1 2 1 0 0 0 0 2 2 3 91642.324594426231 92418.385568666548 87990.741716128512 91738.324029413066
11010039 1 2 1 4 2 3 4 2 0 2 1 0 0 3 0 0 3 1 3 1 0 0 0 0 4 2 2 96120.118619053115 96250.166926327205 96297.423894696753 96336.692687072442
11010039 1 0 3 3 4 1 4 6 6 0 2 1 8 0 3 0 7 2 4 0.5 5 0.5 0 0 2 3 3 86820.897733277918 91308.958224357746 91702.207957479957 90359.728806923755
11010039 1 0 0 4 6 2 1 4 7 0 1 5 8 0 3 6 9 1 2 1 0 0 0 0 0 0 1 84497.351151152121 91572.018894417561 91849.371524964226 91577.293533491858
11010039 1 0 2 4 5 0 2 6 7 1 1 5 11 3 0 3 4 1 3 1 0 0 0 0 4 4 3 78579.875684386861 82167.236254178628 82188.922184261464 82170.471730653604
11010040 1 0 2 0 1 5 3 2 3 2 1 4 1 0 3 3 0 1 2 1 0 0 0 0 1 0 2 95985.247640915855 95959.263128262988 95407.527721510996 95672.951866361836
11010040 1 3 4 6 7 1 3 4 8 0 1 4 7 0 0 2 4 1 2 1 0 0 0 0 0 0 0 86916.938437894569 -1.0000000000000001e+300 91865.708190022939 90495.568612658462
11010040 1 7 6 8 10 1 4 5 8 1 0 4 7 0 1 0 6 1 2 1 0 0 0 0 1 3 4 90223.859838568198 89043.846405237506 87916.854651793066 80407.381334676815
11010040 1 1 4 1 4 2 4 5 6 4 6 7 11 6 7 9 10 1 2 1 0 0 0 0 0 0 0 -1.0000000000000001e+300 -1.0000000000000001e+300 90437.118180062374 95703.679773818367
11010041 1 4 2 3 2 1 3 3 6 3 6 6 1 0 2 0 0 1 2 1 0 0 0 0 4 2 4 90255.943645416482 90276.406382903864 89469.017060901373 87975.455980115672
11010041 1 3 2 0 0 6 3 4 0 8 6 3 0 7 5 2 3 1 1 1 0 0 0 0 1 0 0 -1.0000000000000001e+300 82709.224823142606 91296.01156717469 -1.0000000000000001e+300
11010041 1 5 3 3 0 7 4 1 2 8 5 4 0 9 6 4 1 3 4 0.33333333333333331 5 0.33333333333333331 6 0.33333333333333331 0 1 0 89703.880647385173 81467.300404455804 91360.144891434174 90678.889961421795
11010041 1 9 8 5 4 11 7 4 2 4 2 2 0 0 3 1 1 1 1 1 0 0 0 0 1 1 3 87033.692332325605 85347.6073549469 86596.668800432497 79588.153551208801
11010042 1 2 3 0 3 4 1 4 0 4 3 3 2 0 0 0 3 1 1 1 0 0 0 0 2 2 1 96998.782380097007 96604.841653802665 95489.497147277536 95864.635915260849
11010042 1 3 2 2 0 4 4 1 0 7 6 1 2 1 7 4 0 1 1 1 0 0 0 0 1 2 4 86412.794198576725 86106.152889426885 86097.517098165263 86687.830741344442
11010042 1 10 6 4 3 5 3 2 0 4 0 0 0 4 2 2 2 1 3 1 0 0 0 0 4 0 1 -1.0000000000000001e+300 87640.144691169466 87419.412903671575 85978.298368424817
11010042 1 3 6 11 10 5 6 8 9 1 0 6 1 0 2 2 3 1 3 1 0 0 0 0 3 3 2 92344.145341968921 83112.203117943063 86268.515760928334 85300.37750612614
11010043 1 1 1 3 4 0 3 5 3 0 4 1 3 0 0 0 2 1 2 1 0 0 0 0 0 1 1 95204.260940339824 -1.0000000000000001e+300 95801.271601676941 95437.286171727712
11010043 1 3 0 0 0 1 3 1 0 6 6 4 4 7 8 7 6 2 4 0.5 5 0.5 0 0 2 4 2 91175.035583358753 89392.709012129359 82600.363217145132 -1.0000000000000001e+300
11010043 1 6 6 10 10 0 7 6 4 0 3 1 2 2 1 0 3 1 1 1 0 0 0 0 3 4 4 89606.033158211503 87937.55844446714 88750.007622965917 80561.64684498639
11010043 1 7 8 11 2 5 6 5 3 5 1 2 5 3 0 0 0 1 1 1 0 0 0 0 2 2 4 84803.746916246208 80147.037452212069 84028.245821300545 81712.564421746269
11010044 1 2 3 1 0 1 5 2 0 1 4 2 1 4 2 4 3 1 3 1 0 0 0 0 4 4 3 94507.875188538528 94518.575802123916 94273.017238349144 94663.213795305521
11010044 1 1 5 5 7 2 0 6 8 0 1 4 7 2 0 0 5 1 2 1 0 0 0 0 4 3 4 87000.690676508006 92423.175283640914 92291.018437107283 90843.608411144247
11010044 1 3 3 1 10 2 0 5 6 0 2 1 5 0 3 0 4 1 1 1 0 0 0 0 3 4 3 83737.365302497667 88882.095051132434 88020.584111991964 87797.614667515518
11010044 1 10 11 4 2 6 5 2 0 8 4 1 1 4 3 0 3 1 2 1 0 0 0 0 4 3 4 83002.169382781183 77026.416280593112 83166.351836063637 82508.294015100604
11010045 1 3 3 2 3 1 2 4 1 1 0 0 2 0 0 0 1 1 3 1 0 0 0 0 3 4 3 96557.235993535753 96594.184880954257 97195.5938145611 96789.515279716492
11010045 1 0 3 6 7 2 4 5 8 2 2 4 6 1 1 3 4 1 1 1 0 0 0 0 1 1 2 83498.865393630433 -1.0000000000000001e+300 91312.62895014754 91832.935594166091
11010045 1 2 2 0 9 3 1 5 8 0 0 5 6 0 0 2 5 1 1 1 0 0 0 0 3 2 4 82003.636585873421 91355.237994170995 91168.0424629958 91308.540535952416
11010045 1 1 6 11 9 1 5 6 8 2 5 3 0 2 3 0 3 1 1 1 0 0 0 0 2 3 2 86554.786529869627 86228.019777757028 86959.78079883015 76813.732065190983
11010046 1 5 6 3 1 6 5 3 2 1 4 3 0 2 3 3 2 1 3 1 0 0 0 0 4 3 2 90782.513935667492 91700.965247985383 91993.65593615087 91924.026191086916
11010046 1 8 5 4 1 5 2 0 0 4 1 0 0 1 0 0 2 1 2 1 0 0 0 0 1 1 0 91559.120136978949 90271.546780103818 91689.180490663159 90242.380307932792
11010046 1 2 7 8 10 1 3 7 7 0 3 1 6 0 3 2 3 1 3 1 0 0 0 0 3 3 2 90570.872643137394 89092.570853325829 91425.936052801131 83820.551582597414
11010046 1 4 6 11 10 3 5 7 9 3 4 3 2 0 6 0 1 1 2 1 0 0 0 0 2 1 2 88996.423850144347 88821.03872528128 89758.109925471101 71808.34845927119
11010047 1 0 0 1 2 0 2 4 3 0 1 5 6 3 2 5 3 1 1 1 0 0 0 0 0 0 0 92949.52994113497 93083.520161216904 93034.016259719152 93566.926731425105
11010047 1 0 5 0 7 0 5 6 8 0 2 4 7 1 3 1 5 1 2 1 0 0 0 0 3 3 4 83747.147026205304 91769.291248077861 92596.773825517696 89870.359774127457
11010047 1 0 2 0 10 0 3 7 8 3 4 6 7 2 4 5 5 1 3 1 0 0 0 0 4 2 1 79957.135492666959 86912.691567416638 90327.566214021921 87941.92774850296
11010047 1 0 2 4 0 1 3 5 5 2 2 4 6 3 6 11 10 1 2 1 0 0 0 0 3 0 2 83696.76966802447 88130.298669165553 75653.350091964632 87863.43771787922
11010048 1 4 0 3 0 0 1 3 1 3 4 2 3 1 0 1 0 1 3 1 0 0 0 0 1 4 2 96138.874302616809 95997.520471546362 95911.194781905113 95963.979299451923
11010048 1 0 2 0 2 1 2 0 1 5 4 1 3 7 8 7 5 1 1 1 0 0 0 0 3 4 4 90379.497209719673 91392.869735145519 83891.629467602397 91290.898523438023
11010048 1 1 0 0 1 0 2 2 3 0 4 5 3 9 8 7 4 1 3 1 0 0 0 0 4 4 3 91035.453762958714 91241.620746762463 84021.960395017741 91079.034352195536
11010048 1 0 1 0 1 0 2 0 4 0 2 6 8 3 6 11 9 1 1 1 0 0 0 0 3 4 3 82628.575035437301 87419.398627455725 81193.726777131378 86899.836309834136
11010049 1 3 4 2 4 3 3 0 0 4 3 0 0 3 0 3 2 1 1 1 0 0 0 0 2 1 1 96088.901571422815 95468.969412591716 95738.464424136269 95938.490395800996
11010049 1 2 3 2 0 3 3 0 1 5 0 0 0 5 8 6 3 1 3 1 0 0 0 0 1 0 1 91298.800592997519 90936.264269261606 89336.608856470266 91391.817489816225
11010049 1 6 5 3 0 8 3 3 0 9 3 2 0 10 2 1 1 1 3 1 0 0 0 0 4 4 3 90424.439780435059 79491.768353612657 90428.889356079817 89827.124873033492
11010049 1 2 6 0 0 8 5 1 0 4 7 7 1 4 7 11 9 1 3 1 0 0 0 0 2 3 3 60782.967581980156 62823.325422106303 64246.03977637121 64880.580279982416
11010050 1 0 3 3 2 6 3 4 2 6 4 1 1 2 3 2 0 1 2 1 0 0 0 0 3 0 3 90916.310706432283 91696.812047221916 92486.130287181004 91587.672013694653
11010050 1 3 6 2 2 0 7 5 4 1 5 4 0 1 0 2 0 1 1 1 0 0 0 0 0 0 0 90282.869107543433 87612.763574766897 84785.622905014025 86830.086483094943
11010050 1 2 9 4 1 6 5 3 1 1 2 0 0 2 3 0 0 1 3 1 0 0 0 0 2 2 2 82116.883317320986 82157.782865565998 81859.038101426951 80544.858953256757
11010050 1 5 5 0 0 8 6 3 2 11 3 1 1 6 2 0 3 1 2 1 0 0 0 0 4 3 3 82981.918595293173 79416.089785652541 81398.171857399575 82616.738669507467
11010051 1 2 5 5 6 0 1 6 3 3 0 3 0 0 0 1 2 1 2 1 0 0 0 0 1 0 2 92002.640075461153 92015.067700400352 92314.592483026005 91704.24629423015
11010051 1 4 6 7 4 4 4 4 1 1 1 2 0 2 0 2 0 1 2 1 0 0 0 0 1 0 2 91294.255634744724 90986.125230048725 91558.642313716191 90946.274103955642
11010051 1 9 7 7 5 3 3 3 2 0 2 1 0 0 0 0 1 1 3 1 0 0 0 0 0 0 0 91524.84177840178 89594.796266866106 91532.366925579117 86112.776051962763
11010051 1 6 7 11 3 4 6 4 0 0 1 3 3 0 1 2 0 1 3 1 0 0 0 0 0 1 0 82052.674387539912 82348.353321423536 82850.963225163781 82934.759374839865
11010052 1 2 1 2 0 0 3 1 4 4 2 3 4 0 3 0 4 1 3 1 0 0 0 0 2 1 0 95602.553458534647 95814.88261692613 95301.855538372649 95807.972522217548
11010052 1 0 1 1 3 1 4 4 3 3 4 5 6 4 7 8 7 1 2 1 0 0 0 0 0 2 0 90397.300219611498 92175.192687628558 82641.391975933118 92381.661421995668
11010052 1 2 3 1 2 1 3 4 6 4 6 5 7 0 5 8 9 3 4 0.33333333333333331 5 0.33333333333333331 6 0.33333333333333331 0 0 0 82960.536822745955 81824.284213135848 91140.504067489528 90474.162447013878
11010052 1 2 6 11 10 4 5 8 7 3 3 1 6 1 2 0 0 1 1 1 0 0 0 0 3 4 4 78858.610065727902 81263.586581831914 -1.0000000000000001e+300 52587.522355824105
11010053 1 1 2 1 1 0 3 4 3 3 4 6 3 0 1 6 4 1 2 1 0 0 0 0 0 2 2 90144.229146674814 91134.416269155394 91597.330861909824 91276.640151498941
11010053 1 0 0 1 1 0 2 4 3 1 0 5 5 3 3 7 5 1 2 1 0 0 0 0 2 3 4 90680.20096898741 90292.132272434057 90546.025820438474 90884.951764660975
11010053 1 0 1 0 3 4 3 3 0 4 7 6 1 9 8 7 4 1 3 1 0 0 0 0 1 3 1 88090.130014070324 88271.724279325848 83243.748429612417 89243.124235380456
11010053 1 2 3 4 1 7 11 10 7 0 4 10 4 0 3 0 3 1 1 1 0 0 0 0 3 4 4 80297.094696976157 86112.095741879006 83885.094282416423 81866.925894837332
11010054 1 3 5 6 2 3 4 0 0 4 1 2 1 1 0 0 0 1 3 1 0 0 0 0 0 1 2 93647.155316246877 93782.64611078192 93825.251601101438 93596.979781925693
11010054 1 3 0 2 0 2 3 3 0 1 5 6 3 5 6 8 7 2 4 0.5 5 0.5 0 0 4 3 3 89111.818336042983 87800.634259357437 87469.169941815795 89591.402808123414
11010054 1 1 0 0 3 2 5 4 4 3 3 5 8 0 1 8 10 1 3 1 0 0 0 0 2 3 2 83370.549174128508 89667.293541635401 87198.434927303184 89159.025736879106
11010054 1 0 0 2 0 1 0 3 1 2 4 5 5 3 5 11 10 1 2 1 0 0 0 0 4 3 4 87288.695825659073 88409.363141960348 81899.455522367803 88776.71078875821
11010055 1 2 3 2 0 1 4 3 1 1 4 0 1 0 2 3 0 1 2 1 0 0 0 0 2 2 3 96735.928772677173 96639.685282097489 96585.497228580163 96573.126807280947
11010055 1 1 5 2 0 2 3 1 7 2 3 4 0 1 0 2 3 1 1 1 0 0 0 0 2 2 1 91235.608687320331 91029.890613982847 92362.788408849636 91329.662359914306
11010055 1 5 3 0 0 7 0 1 2 8 7 1 2 10 7 3 0 1 2 1 0 0 0 0 4 3 4 90909.090478329657 83154.089628153975 90910.014687166607 90989.028633477021
11010055 1 6 3 3 0 8 2 0 0 11 5 4 0 8 6 4 3 1 1 1 0 0 0 0 0 0 0 78621.927046584067 67805.320199094611 76726.627175815665 79428.987946190769
11010056 1 2 1 6 6 0 3 6 3 0 0 3 2 0 0 1 0 1 2 1 0 0 0 0 2 1 1 91859.148510396539 91827.246107779749 91814.185915868627 91622.750713190399
11010056 1 2 5 8 3 3 4 4 2 3 2 0 1 0 0 2 0 1 3 1 0 0 0 0 3 0 2 89573.820318702361 89501.818881297775 89954.453067520037 88559.022303700782
11010056 1 0 3 8 10 2 3 6 8 2 4 3 7 2 0 1 5 1 3 1 0 0 0 0 4 2 3 75720.052077976157 90209.918493192847 88052.546431426832 87557.897865719424
11010056 1 0 7 8 2 1 5 4 0 9 8 4 1 10 11 5 2 1 2 1 0 0 0 0 4 3 4 72174.286865972492 77251.416487422175 74190.479867101822 91728.871465452568
11010057 1 5 6 6 4 3 5 0 3 1 4 0 2 0 2 0 1 1 1 1 0 0 0 0 3 4 4 91411.230519185134 91912.716827831027 92231.138634721065 91738.800921304195
11010057 1 5 4 4 3 8 4 0 0 5 0 3 0 4 0 5 0 1 1 1 0 0 0 0 3 4 4 90290.319429628493 87825.818135512192 91176.635304400465 90202.966458269613
11010057 1 10 9 6 3 9 5 3 0 4 4 3 2 3 0 3 0 1 1 1 0 0 0 0 3 3 3 91725.849972999946 90255.684954254088 90798.170746854506 89449.006444596846
11010057 1 3 0 2 0 7 6 3 3 11 6 5 3 10 8 6 5 1 1 1 0 0 0 0 2 2 3 90265.985101392871 84076.056306046376 83670.476753663475 92718.371146391306
11010058 1 0 3 2 0 0 5 1 3 3 4 1 0 3 4 6 0 1 3 1 0 0 0 0 0 1 1 93559.840997263789 93193.640238338048 94299.307926138237 93169.441390196473
11010058 1 0 4 6 7 0 3 5 8 2 2 1 6 0 0 1 4 1 3 1 0 0 0 0 0 0 0 86578.788752771899 92039.981796244552 91204.248713468754 90167.365523177694
11010058 1 4 4 6 10 1 2 6 7 0 1 3 2 0 0 3 0 1 3 1 0 0 0 0 3 3 2 85072.105132972996 89791.421007516212 89368.595471053704 85972.545533305049
11010058 1 3 1 0 3 6 3 0 3 11 5 3 0 9 8 5 4 1 2 1 0 0 0 0 3 3 1 87051.159853094345 79241.296855173292 86189.391911754079 87342.439487603522
11010059 1 5 1 0 0 4 4 3 2 3 6 0 3 2 1 3 2 1 3 1 0 0 0 0 1 0 0 93959.484909552135 93191.973347522595 93562.802423583125 93648.243976734288
11010059 1 4 3 5 2 8 3 0 0 5 3 0 0 3 3 3 1 1 3 1 0 0 0 0 0 0 0 90633.758214925721 88817.299988142622 91084.815246374637 90727.155399003415
11010059 1 10 7 1 0 9 6 2 3 6 5 0 0 2 1 0 1 1 2 1 0 0 0 0 0 0 0 88932.936024164126 80678.479356457057 89300.666493594093 89088.586695438455
11010059 1 0 1 11 10 0 4 7 8 2 0 4 5 0 1 1 3 1 2 1 0 0 0 0 1 2 3 81706.250186312827 89374.077704415773 89742.688064233167 89858.583748569785
11010060 0 2 0 0 1 4 0 0 0 3 4 4 3 5 3 3 1 1 2 1 0 0 0 0 0 0 0 95327.83440449262 94677.543956699184 95490.942322268616 95160.086282470002
11010060 0 5 3 3 7 0 0 4 8 3 2 5 6 0 0 1 5 1 2 1 0 0 0 0 2 1 0 85213.502372773088 91251.213965227143 91090.080214900256 89819.544860496942
11010060 0 0 3 0 9 1 3 4 8 1 3 5 7 3 0 0 5 1 3 1 0 0 0 0 1 3 2 83002.072590693366 90715.019907421825 90821.371409792817 90594.269416611089
11010060 0 4 6 11 10 3 4 7 8 1 4 3 3 1 0 0 0 1 2 1 0 0 0 0 2 3 3 89183.580364866808 90005.579355500857 90477.075235942364 72711.498093583417
11010060 0 1 3 11 10 3 6 7 9 3 4 3 8 3 1 4 6 1 1 1 0 0 0 0 1 4 3 -1.0000000000000001e+300 -1.0000000000000001e+300 3 3
11010061 1 0 0 4 3 0 2 3 5 1 3 1 5 3 3 2 0 1 2 1 0 0 0 0 4 3 3 95523.376383505922 95747.353131180775 94753.781408699462 95356.318510374884
11010061 1 4 2 0 0 7 3 0 0 8 1 3 1 8 5 3 2 1 3 1 0 0 0 0 0 0 0 -1.0000000000000001e+300 87642.146375227632 87976.389876747518 90677.362365002045
11010061 1 5 2 0 0 7 3 3 1 8 6 4 3 9 5 4 1 1 3 1 0 0 0 0 2 3 0 90194.630486909897 88649.751250115456 89195.675070718658 90603.199510926264
11010061 1 10 9 4 3 11 7 3 4 5 6 0 0 1 1 3 0 1 2 1 0 0 0 0 1 2 2 -1.0000000000000001e+300 86077.425572548658 87282.578929581068 85701.300096318213
11010062 1 0 3 3 0 0 3 6 5 0 0 2 5 1 3 3 6 1 2 1 0 0 0 0 2 1 0 92520.865621605393 91197.052977279382 91374.58611659061 91827.436499207091
11010062 1 3 2 0 0 2 0 0 0 6 4 3 1 6 8 6 1 1 3 1 0 0 0 0 3 3 2 -1.0000000000000001e+300 90538.209160842409 86324.276217146573 89540.037081074086
11010062 1 0 2 0 0 6 1 3 0 8 5 1 0 9 6 3 2 1 3 1 0 0 0 0 4 4 3 90350.12559577603 84147.469689465754 88623.630349314219 90637.531779267723
11010062 1 0 1 3 3 0 5 3 4 2 3 5 8 2 4 11 9 1 3 1 0 0 0 0 4 3 2 84209.918982355637 84358.139745494016 77319.300459403137 86739.079664294768
11010063 1 2 4 0 0 0 3 3 0 1 4 5 4 0 2 1 2 1 1 1 0 0 0 0 1 1 0 95636.525120841136 95414.207931306635 96002.37023106328 95615.537858963013
11010063 1 2 1 0 0 3 3 3 0 4 5 4 3 5 6 8 7 1 3 1 0 0 0 0 0 0 0 91409.972736718308 91271.683405930075 82616.092991347687 -1.0000000000000001e+300
11010063 1 5 0 1 3 0 0 4 4 0 1 3 7 0 5 3 9 1 1 1 0 0 0 0 0 3 0 84836.042334333382 88762.463091248181 88968.718634295816 88993.189053348993
11010063 1 2 1 0 4 0 3 6 3 5 11 10 3 0 0 0 6 1 1 1 0 0 0 0 3 4 4 72434.762922233771 78284.324572072219 70886.711458868449 78009.075994681567
11010064 1 3 0 0 1 0 2 5 1 3 6 5 2 0 3 6 1 1 2 1 0 0 0 0 1 1 1 91099.705485903178 90104.337202707931 90933.55074995535 90627.595723428414
11010064 1 2 2 0 0 0 1 3 2 6 5 4 3 7 8 7 5 1 3 1 0 0 0 0 4 2 2 91762.071136589104 91706.915737220974 84164.758180096149 92016.401516346232
11010064 1 1 3 3 3 0 4 3 8 0 2 7 9 0 0 7 10 1 1 1 0 0 0 0 2 3 4 87004.69140260313 92064.688145142063 96319.788108970548 92657.788091995826
11010064 1 1 0 8 0 2 6 11 0 2 6 7 3 1 3 3 0 1 3 1 0 0 0 0 0 0 0 85358.997575793386 81450.957254623427 81027.519871102879 82566.783529885652
11010065 1 3 1 3 1 2 0 2 0 3 0 4 3 2 0 0 0 1 3 1 0 0 0 0 4 3 3 96501.97676300825 96682.199964369662 96901.678554958766 96820.397098403497
11010065 1 3 2 0 1 4 3 6 6 0 2 4 8 1 3 4 4 1 1 1 0 0 0 0 0 1 0 88218.665339967163 89853.119199890076 87097.28681187419 86099.244181170012
11010065 1 3 5 8 10 0 4 6 9 3 0 0 7 1 0 0 2 1 3 1 0 0 0 0 0 0 0 79223.120800459059 89038.986318699695 88945.034563397974 87630.907231837395
11010065 1 0 0 1 6 0 4 3 5 1 5 5 11 0 1 8 9 3 4 0.54545454545454541 5 0.27272727272727271 6 0.1818181818181818 0 3 2 74639.296479110504 79917.439899021003 78609.661212226434 82113.01746299307
11010066 1 2 3 3 0 3 4 2 1 1 4 2 0 4 5 4 1 1 2 1 0 0 0 0 3 2 3 93514.195326184461 95347.258505611171 94027.451104064792 93437.89501273632
11010066 1 1 2 3 2 6 3 3 2 8 5 3 3 4 4 4 0 2 4 0.5 5 0.5 0 0 3 1 1 90454.363796534715 89642.32677280299 90366.110647212685 89645.675618053094
11010066 1 1 3 0 2 5 4 3 3 7 6 4 3 10 8 6 4 1 3 1 0 0 0 0 3 3 3 89991.938775828894 89377.033755579061 89945.681197038939 89357.435525882873
11010066 1 2 2 0 2 0 4 6 4 3 4 5 7 3 6 11 9 1 1 1 0 0 0 0 3 1 2 84673.519960558042 86245.935440611604 74817.643859961638 86582.170030366789
11010067 1 1 5 5 0 5 4 0 0 1 4 1 0 0 2 3 2 1 3 1 0 0 0 0 2 3 1 94575.223021288286 94418.139457266414 95207.705222265809 94451.337055585114
11010067 1 2 5 0 2 3 5 8 0 3 5 6 7 3 5 6 2 1 1 1 0 0 0 0 3 1 1 88315.477370507593 89562.176050535127 90195.577305882704 90271.513917558928
11010067 1 9 8 7 5 1 7 5 4 2 2 0 5 0 0 1 6 1 3 1 0 0 0 0 4 4 3 91845.023428566288 80004.829619128956 91773.790264351992 80775.745777106946
11010067 1 9 6 3 0 11 7 3 0 4 3 4 2 3 1 1 1 1 3 1 0 0 0 0 1 3 1 -1.0000000000000001e+300 63935.251779411796 84244.695113501803 83015.986459636508
11010068 1 3 2 3 5 1 4 3 0 4 0 4 1 2 0 0 0 1 2 1 0 0 0 0 1 0 0 96494.004781087235 95277.119725498153 95705.757635823 95720.07960039303
11010068 1 2 3 5 7 0 0 1 5 3 0 0 4 3 0 0 3 1 1 1 0 0 0 0 0 1 0 92218.067187700668 93088.821610045386 92121.049421060045 92480.017031592724
11010068 1 0 0 0 4 3 3 5 4 2 3 6 7 4 7 8 10 3 4 0.5 5 0.25 6 0.25 1 0 0 89805.035059724236 89552.10294358524 80540.5707692086 90506.821646631346
11010068 1 0 5 0 0 1 6 2 0 8 6 4 4 10 11 6 4 1 2 1 0 0 0 0 1 0 0 87167.501356813358 84469.200332842476 77129.619846795307 88361.106559579974
11010069 1 4 3 2 0 3 3 5 0 3 6 1 1 2 1 0 0 1 3 1 0 0 0 0 1 2 1 93800.503367851168 93090.647225803797 92883.631131880058 92921.218243952142
11010069 1 0 1 0 2 6 4 0 0 3 3 1 0 1 5 8 3 1 2 1 0 0 0 0 0 1 2 88513.533488363842 88094.864982075742 85685.818194062231 87479.231796284381
11010069 1 0 2 0 4 3 4 4 5 0 4 5 7 3 6 7 10 3 5 0.25 6 0.25 7 0.5 4 3 2 90037.130085740922 83913.522740488814 89976.248076686446 85715.837105688581
11010069 1 1 0 0 2 5 4 3 0 7 5 4 3 10 11 6 2 1 1 1 0 0 0 0 3 3 3 88570.304257973257 88524.731306204732 81669.556798758436 89123.773309340322
11010070 1 0 2 0 1 3 3 0 0 0 1 4 2 2 3 2 5 1 1 1 0 0 0 0 2 1 2 96126.785750542753 96087.968550790742 96092.30082260062 96025.547003568703
11010070 1 7 8 6 5 0 2 6 4 0 3 2 2 1 0 1 1 1 3 1 0 0 0 0 4 4 3 90227.378049852137 90399.75122058492 91687.313528386832 86595.443086585394
11010070 1 9 8 7 5 4 5 4 5 1 2 3 0 6 0 0 0 1 3 1 0 0 0 0 2 2 1 90761.37207100162 89460.836910160346 90384.007527102192 76254.897694360639
11010070 1 5 7 11 4 4 6 4 3 3 4 2 3 3 1 0 0 1 2 1 0 0 0 0 1 0 0 -1.0000000000000001e+300 81923.11805484051 83101.115659074538 79687.794299327696
11010071 1 0 3 1 3 4 5 5 2 3 3 3 0 1 0 0 0 1 2 1 0 0 0 0 3 3 4 94000.392651010436 94254.954853171483 95014.494988812337 94802.815131924464
11010071 1 5 0 1 2 8 6 3 0 6 1 3 0 3 2 0 0 2 4 0.5 5 0.5 0 0 3 3 4 89711.627161365643 89453.405813857185 88729.964390160516 90470.163546017386
11010071 1 3 0 1 0 5 3 1 3 8 5 5 0 10 8 7 4 3 4 0.5 5 0.25 6 0.25 2 4 3 87234.342410332756 88939.485432622067 85873.011923932369 86006.532135126981
11010071 1 4 0 0 3 6 3 7 2 11 5 8 1 10 8 4 2 1 1 1 0 0 0 0 0 0 0 70922.865619501245 65492.263165767698 66655.655667430532 60459.614811160682
11010072 1 3 3 4 0 1 5 3 1 5 1 2 0 2 3 1 0 1 1 1 0 0 0 0 1 4 4 93351.196006100843 94128.369078538046 93807.01086422248 93569.126188525435
11010072 1 6 8 7 4 0 6 5 4 0 2 3 3 1 2 2 0 1 3 1 0 0 0 0 3 1 1 90835.480063344949 90904.149495027857 91109.539688339544 87549.725984773919
11010072 1 9 8 6 4 8 5 3 0 5 0 1 0 3 2 2 1 1 2 1 0 0 0 0 2 1 4 91636.102905609237 90858.314886908993 90632.267891060852 90544.075393862382
11010072 1 4 0 1 0 7 5 4 0 11 6 4 2 9 5 0 1 1 2 1 0 0 0 0 1 1 1 83782.911821436952 76053.810498501509 83040.415010376848 85530.128802220133
11010073 1 0 2 0 1 3 5 4 3 3 1 2 1 1 5 2 3 1 3 1 0 0 0 0 3 4 2 93693.914753984514 94288.026064941543 93471.449740197917 93665.064422889991
11010073 1 5 1 0 0 7 1 2 0 8 4 3 0 6 4 0 2 1 3 1 0 0 0 0 3 3 3 90845.177371315003 84099.682309545358 90405.769552301776 90544.63348474988
11010073 1 2 3 5 4 3 9 9 4 0 0 10 1 0 0 0 2 1 1 1 0 0 0 0 1 1 3 92822.107617828544 92750.217634798653 94495.733883227833 92919.535922980649
11010073 1 4 3 0 1 5 4 1 0 11 6 4 2 8 5 3 3 1 2 1 0 0 0 0 2 2 3 84750.867243534274 79241.47607760354 83064.767699992779 84766.862565497286
11010074 1 3 0 0 0 3 0 3 5 4 2 5 2 4 5 1 3 1 1 1 0 0 0 0 2 2 0 94202.44138081868 93608.05899690256 92383.009881496429 93740.525208632142
11010074 1 7 6 4 1 8 4 4 0 6 0 1 2 3 0 2 0 1 2 1 0 0 0 0 1 0 0 91285.731514516738 84296.732112913291 91726.292535749584 90799.487455563634
11010074 1 0 0 6 10 1 3 2 8 0 3 3 4 0 0 2 3 1 1 1 0 0 0 0 1 1 1 83137.434479140429 89357.946923073832 88875.612249408441 89514.271050426498
11010074 1 10 11 5 3 9 8 4 3 3 2 1 5 0 0 1 0 1 1 1 0 0 0 0 0 2 0 92433.277870443824 93533.212064621708 92399.921780322635 79774.665111130904
11010075 1 3 3 3 1 2 3 5 6 0 1 3 0 1 4 2 0 1 3 1 0 0 0 0 0 1 1 92742.500468492508 92560.012788077191 92963.221441268921 93153.955535403031
11010075 1 3 3 0 0 4 7 1 2 5 4 3 2 2 1 1 0 1 1 1 0 0 0 0 0 1 1 92156.026495647544 91339.815502138226 90985.39585709534 91607.065804012236
11010075 1 2 4 7 10 3 3 4 9 1 3 4 8 0 0 2 4 1 3 1 0 0 0 0 4 3 3 75304.741228253275 89638.25800524588 89077.897917074879 87646.41751377075
11010075 1 0 0 2 4 2 1 5 6 0 4 7 11 3 4 8 10 1 3 1 0 0 0 0 4 3 3 77281.350226526905 89960.638866872061 91303.976669757583 90086.744499573178
11010076 1 0 0 0 1 3 0 0 3 0 2 1 4 2 6 5 4 1 3 1 0 0 0 0 1 1 2 95208.317411181357 95334.512720584869 93907.969612177869 94224.093576014042
11010076 1 2 0 0 0 2 2 1 0 4 4 3 3 7 8 6 4 1 1 1 0 0 0 0 2 1 2 91404.407362420345 91430.364929291289 84672.664129834433 -1.0000000000000001e+300
11010076 1 4 1 2 0 6 4 2 0 7 5 3 0 10 6 4 3 1 1 1 0 0 0 0 2 2 2 89563.377374619347 85752.018781509993 89731.852933299466 -1.0000000000000001e+300
11010076 1 10 11 0 3 8 7 3 3 6 5 5 0 2 1 2 1 1 3 1 0 0 0 0 4 4 2 91049.853205083491 83625.786084909603 89374.03684022442 90577.599498015959
11010077 1 0 1 1 5 2 5 4 4 0 3 6 3 3 0 2 0 1 1 1 0 0 0 0 3 4 3 91677.77188467182 91997.602112302062 92404.292968273163 90754.702015342235
11010077 1 1 3 2 6 2 4 6 7 1 1 5 6 2 2 5 1 1 3 1 0 0 0 0 1 1 3 -1.0000000000000001e+300 -1.0000000000000001e+300 88935.894645596723 87044.224279381728
11010077 1 3 2 4 0 0 3 1 1 0 4 6 0 3 4 6 10 1 2 1 0 0 0 0 3 3 4 89049.030405389887 88897.069842436147 85118.758639076565 89181.841486314399
11010077 1 1 4 5 9 3 4 4 11 2 0 3 5 1 0 0 3 1 3 1 0 0 0 0 3 4 3 82102.104360498503 86260.323384768199 86482.924963829981 84891.215713251207
11010078 1 0 0 2 0 1 4 4 0 2 6 3 0 5 5 1 3 1 2 1 0 0 0 0 4 3 4 93024.463243539722 93021.294835682071 93055.148944286397 93092.724430292292
11010078 1 0 2 3 6 0 0 4 8 0 0 6 6 1 2 0 4 1 1 1 0 0 0 0 1 1 4 86231.258763589605 91249.656438473845 91312.625013013996 91426.996330023685
11010078 1 3 3 6 9 0 2 4 7 0 1 0 6 0 2 0 1 1 2 1 0 0 0 0 4 3 4 87040.279873849562 90971.501715019185 90829.506368723814 89887.717349077517
11010078 1 4 8 11 0 4 5 4 2 3 1 0 2 3 0 0 0 1 1 1 0 0 0 0 1 1 1 82473.978423806664 81032.364235471745 81762.649337091367 80520.406981862761
11010079 1 0 0 2 4 0 3 5 4 1 3 6 4 0 6 3 3 1 2 1 0 0 0 0 1 0 0 89660.486573207527 92130.452090793187 91158.337462800308 90071.694823759564
11010079 1 0 1 0 2 3 3 3 3 4 4 6 6 4 7 8 7 1 3 1 0 0 0 0 3 3 3 90346.235543812669 92115.284787452125 83687.584177514218 92047.179551841589
11010079 1 0 1 0 5 0 4 4 8 2 4 8 9 3 1 4 10 1 1 1 0 0 0 0 0 2 0 92356.356732866712 91301.135981816682 92511.223203084941 89547.097996961122
11010079 1 2 4 6 10 1 3 4 11 0 0 2 5 2 2 1 3 1 3 1 0 0 0 0 4 2 3 86333.182715336385 87001.685018825257 87993.239097433849 86678.318982125318
11010080 1 2 5 3 0 1 3 4 0 1 2 1 0 0 3 1 2 1 1 1 0 0 0 0 0 2 2 96043.752815988322 95869.613840394552 96100.235406743159 95901.220238155773
11010080 1 5 3 3 0 7 4 5 0 8 5 4 2 7 4 5 0 1 1 1 0 0 0 0 1 1 2 89899.173992986427 79964.421733642012 89079.320658533106 88967.397210003648
11010080 1 3 1 1 4 4 3 0 0 7 4 4 0 10 8 6 4 1 2 1 0 0 0 0 0 1 0 89031.127032051518 87586.589887136943 84762.620008483995 90067.817493488299
11010080 1 3 0 1 2 2 3 5 8 1 4 7 11 3 5 8 9 1 1 1 0 0 0 0 1 2 3 82960.938688167618 83346.539397842658 81866.375829926197 82875.154261740507
11010081 1 2 1 1 4 2 3 0 3 3 0 0 3 0 0 0 2 1 2 1 0 0 0 0 4 2 4 96859.92236659849 96905.088599681854 97850.723078902563 97493.387830559543
11010081 1 5 2 0 1 7 3 0 3 8 4 0 0 7 6 5 3 1 3 1 0 0 0 0 3 3 2 91952.753715272236 83007.743502771351 91925.750522274553 91119.149817449084
11010081 1 1 2 0 2 4 3 0 0 7 6 1 0 10 8 6 2 1 2 1 0 0 0 0 2 0 1 90342.686833257962 89728.347421269515 90351.669120928447 90493.900267845631
11010081 1 0 1 0 0 3 0 3 3 2 3 5 5 3 6 11 8 1 3 1 0 0 0 0 4 4 3 83542.778252856588 84123.893818157012 80538.54157547839 83420.448373312014
11010082 1 1 5 5 1 2 4 4 0 3 5 4 0 0 3 0 2 1 2 1 0 0 0 0 2 1 0 93291.448055991394 93125.559963553038 94754.202222847656 93572.242027706583
11010082 1 0 0 2 0 1 3 2 0 6 1 2 3 7 8 6 4 1 3 1 0 0 0 0 4 3 3 91369.052971352474 91155.776349225765 84243.222594418083 -1.0000000000000001e+300
11010082 1 0 1 0 3 3 1 2 0 3 8 2 1 10 9 8 6 1 1 1 0 0 0 0 2 4 1 91581.392493271254 93413.882851534639 91552.591350487855 92192.916923899829
11010082 1 2 0 2 4 0 1 4 5 2 3 3 6 3 5 11 9 1 2 1 0 0 0 0 3 0 3 81848.922187994845 85399.185071022788 83113.07209544722 85034.835928998509
11010083 0 2 0 1 0 0 2 3 0 4 4 1 0 4 2 6 3 1 2 1 0 0 0 0 4 2 2 94662.004205635589 93578.199628885472 94887.004438697346 94038.721313033777
11010083 0 3 3 3 8 3 0 4 5 0 0 5 1 0 2 2 0 1 1 1 0 0 0 0 0 0 0 87812.984500511287 89084.066119963114 89620.682623063301 88724.992028225606
11010083 0 3 5 7 10 3 4 4 7 0 2 0 4 0 1 0 1 1 2 1 0 0 0 0 1 1 1 89827.276892544411 89684.37463689124 90237.651424285374 88903.563942832276
11010083 0 3 2 4 4 0 3 5 8 0 0 3 11 0 0 3 4 1 3 1 0 0 0 0 4 3 1 80431.381428535067 82123.382766309704 83102.629798163558 82404.619208408316
11010083 0 4 10 2 2 4 9 11 5 3 4 5 8 1 5 3 1 1 3 1 0 0 0 0 4 4 3 -1.0000000000000001e+300 -1.0000000000000001e+300 12 12
11010084 1 3 1 3 4 2 6 4 2 3 1 2 1 2 0 0 3 1 3 1 0 0 0 0 3 2 1 93097.021017392486 92831.427114380727 93989.773678334561 93866.055983089536
11010084 1 1 2 0 0 0 4 0 1 4 5 4 3 5 6 7 6 1 3 1 0 0 0 0 3 4 3 91255.426857951883 91020.240518299048 88592.591593247096 90445.756786533835
11010084 1 1 0 0 2 5 3 0 0 9 0 0 0 10 6 3 7 1 3 1 0 0 0 0 2 2 2 83055.789601177719 78467.402346969131 83259.510968941599 81509.282400783166
11010084 1 4 1 3 0 6 6 3 3 9 8 0 0 10 11 4 2 1 2 1 0 0 0 0 4 3 4 93221.234237603378 79714.456081968092 92507.69525457127 93921.069114305021
11010085 1 2 3 0 0 4 3 0 3 1 1 2 0 0 3 0 0 1 3 1 0 0 0 0 4 4 3 96332.739591750083 96870.522167296847 96918.736313176385 97643.145777962432
11010085 1 0 1 3 5 4 2 5 6 0 4 4 8 2 1 3 7 1 2 1 0 0 0 0 3 2 1 83351.619748796322 91375.356219026318 91003.881021888374 91075.704592470356
11010085 1 2 1 1 2 2 3 4 5 0 1 3 8 0 2 6 9 1 1 1 0 0 0 0 2 2 4 83235.923136323123 91252.301929916561 91156.940846714773 91038.911189342529
11010085 1 2 5 11 7 1 3 6 5 0 1 0 3 3 2 0 0 1 1 1 0 0 0 0 0 1 2 82349.118008428253 82642.904954160753 82664.297642651625 79745.055050844574
11010086 1 0 0 1 0 2 4 2 4 1 4 4 0 5 2 1 2 1 1 1 0 0 0 0 0 0 0 95299.424638467739 95186.549508802287 95531.17284710519 94826.238817298043
11010086 1 0 4 1 1 0 2 2 3 0 1 5 6 3 2 4 7 1 4 1 0 0 0 0 2 2 1 89092.829247839036 -1.0000000000000001e+300 90960.006349305841 90954.372211253329
11010086 1 10 6 4 2 5 4 3 2 4 2 0 0 2 1 0 0 1 1 1 0 0 0 0 2 0 1 88755.981386217172 88867.110592374491 88993.862610675598 88145.953914819998
11010086 1 9 7 6 4 11 8 6 2 3 6 0 1 1 3 0 3 1 2 1 0 0 0 0 1 1 0 88228.685258471436 87446.546837877628 88662.281885629433 78256.94125235462
11010087 1 1 2 2 1 1 1 0 3 2 0 0 3 0 2 0 0 1 3 1 0 0 0 0 0 0 1 97240.040745192091 96847.144097063341 97237.998838663101 97357.139636056294
11010087 1 3 0 3 0 0 0 3 6 2 2 4 8 0 0 1 6 1 1 1 0 0 0 0 3 3 2 88249.538657103447 91316.993860020244 90860.830645214053 90980.997067162461
11010087 1 0 3 2 2 2 4 5 0 3 5 6 8 5 7 8 10 1 1 1 0 0 0 0 3 1 2 87784.141436609978 90030.160716156635 76698.02570095878 87451.675210753863
11010087 1 0 0 1 2 3 2 1 0 5 4 1 3 6 8 11 4 1 1 1 0 0 0 0 1 3 3 83789.594533888128 83820.367776177009 76837.335350972993 83605.502936290693
11010088 1 5 3 4 0 5 3 5 4 1 4 0 0 0 2 1 2 1 3 1 0 0 0 0 1 1 0 94251.930394808442 93338.797053160495 95055.933762656321 93789.48289582631
11010088 1 0 0 0 2 3 3 5 1 0 3 5 7 5 6 8 7 1 1 1 0 0 0 0 2 3 3 89633.534378487282 91769.273012770645 85853.090562790749 91984.101695392485
11010088 1 1 0 0 0 4 2 2 1 10 5 4 3 3 10 5 0 1 1 1 0 0 0 0 1 2 2 88313.005293767055 85273.290881566136 87761.044266241326 88465.719311175053
11010088 1 6 1 0 0 3 3 1 2 3 4 7 8 6 7 11 10 1 3 1 0 0 0 0 1 2 1 86746.467365055592 86646.321929933561 68680.394066525652 85389.979073362876
11010089 1 3 0 0 0 2 0 0 1 3 4 2 4 5 5 4 1 1 3 1 0 0 0 0 3 3 2 94973.453409461741 94702.052642776864 93945.899438233595 -1.0000000000000001e+300
11010089 1 6 8 6 3 5 4 3 3 3 3 4 1 0 0 2 1 1 3 1 0 0 0 0 3 4 3 91436.689876544231 90462.874058392263 90968.881744825907 85952.916235599405
11010089 1 9 8 7 6 3 5 6 4 0 2 3 2 0 3 1 1 1 2 1 0 0 0 0 2 1 3 89725.475622275611 -1.0000000000000001e+300 90195.826458847077 84238.082577774767
11010089 1 0 0 3 1 1 3 3 3 11 6 4 3 9 7 5 3 1 3 1 0 0 0 0 0 2 1 86310.182385895809 86454.181815774282 82406.356702341582 86410.232262606849
11010090 1 0 0 0 1 2 4 0 3 2 4 2 4 1 3 4 0 1 2 1 0 0 0 0 3 1 1 96033.113083293705 95626.266870436055 95879.414672621308 96340.778076011382
11010090 1 0 0 4 3 0 3 4 4 0 2 7 5 1 3 1 3 1 2 1 0 0 0 0 0 0 2 90403.242478518441 89170.89865945885 90321.418172099729 88676.995268734478
11010090 1 0 3 0 4 3 2 6 7 0 1 4 8 3 0 3 9 1 1 1 0 0 0 0 3 4 3 79731.641882568452 90808.024814858218 90046.702954345732 90928.643514595489
11010090 1 1 0 1 2 2 0 4 6 0 4 6 8 6 7 11 10 1 2 1 0 0 0 0 4 3 4 83941.724079291453 88084.571127302799 83921.84730904855 89779.628098064233
11010091 1 3 1 6 1 2 6 3 2 0 3 3 3 3 2 0 1 1 2 1 0 0 0 0 4 3 3 92185.891807043983 92232.203732554117 92346.19358008157 91478.452297774915
11010091 1 5 0 2 0 6 0 3 0 8 5 1 0 6 4 4 2 1 3 1 0 0 0 0 1 0 2 90859.042805273537 87749.410933105421 90950.931655280205 -1.0000000000000001e+300
11010091 1 0 0 0 2 2 1 3 1 5 5 4 4 10 9 8 6 1 1 1 0 0 0 0 0 1 0 89551.353629316713 90203.577417226566 80187.190976371188 89976.600611312126
11010091 1 5 6 8 10 3 4 7 11 3 3 4 5 0 1 0 2 1 2 1 0 0 0 0 4 3 4 88455.549286580412 89630.152767773077 90426.204450669262 72622.874701649824
11010092 1 4 6 3 1 4 3 0 0 3 5 0 1 3 3 0 0 1 1 1 0 0 0 0 0 3 0 92926.910543123871 93696.120049088087 93981.673355609179 94277.384368190062
11010092 1 2 0 0 0 6 7 6 4 1 6 5 4 2 4 3 1 1 3 1 0 0 0 0 2 2 2 -1.0000000000000001e+300 87781.293827555695 88652.741225957929 88928.527221526529
11010092 1 6 7 8 9 4 4 6 4 2 3 4 0 0 0 0 1 1 1 1 0 0 0 0 3 4 4 90328.619059661694 90491.626135354221 89782.61233054199 78919.100699455914
11010092 1 0 2 0 0 2 3 1 2 11 8 6 7 10 9 7 4 1 2 1 0 0 0 0 3 0 3 90926.368506820872 90906.888018046229 83402.777363812755 -1.0000000000000001e+300
11010093 0 0 0 1 1 2 4 2 4 1 2 1 0 4 4 2 0 1 3 1 0 0 0 0 1 1 2 96351.962967647429 96475.407430887222 95755.591291143573 95988.867697277179
11010093 0 3 1 3 1 6 2 4 2 8 5 4 2 2 5 3 0 1 1 1 0 0 0 0 1 0 1 -1.0000000000000001e+300 88056.872532404101 88259.393671667422 86666.187213229481
11010093 0 5 5 0 0 8 6 3 2 9 6 4 0 10 3 2 0 1 1 1 0 0 0 0 1 0 0 89516.123273627833 75975.232692028963 88842.825646701836 88371.854343836021
11010093 0 7 5 3 5 8 6 4 2 9 5 3 0 10 4 2 2 3 5 0.25 6 0.25 7 0.5 4 1 4 -1.0000000000000001e+300 148.5 148.5 17167.43390196644
11010094 1 1 0 0 0 0 5 1 4 2 2 1 2 0 3 4 3 1 2 1 0 0 0 0 1 0 2 95143.693456013993 95722.047630804562 96076.253654338681 95819.587129592896
11010094 1 2 1 4 3 7 5 4 3 4 4 1 0 3 0 2 0 1 2 1 0 0 0 0 3 2 4 91300.030379823816 90000.395056181311 90230.447432657471 90280.364646500631
11010094 1 7 6 3 0 8 5 3 0 9 4 2 0 10 3 1 1 1 3 1 0 0 0 0 2 3 2 -1.0000000000000001e+300 73611.148102738269 91815.51532637277 91914.101200288962
11010094 1 4 3 0 3 6 5 3 3 11 7 4 2 9 8 5 3 1 1 1 0 0 0 0 0 0 0 88064.153006019769 84711.091956796561 86298.814048017346 86153.443227629628
11010095 1 3 4 1 3 3 1 1 0 2 0 0 0 2 0 0 0 1 2 1 0 0 0 0 0 0 0 -1.0000000000000001e+300 97177.514239293581 97929.371240196808 97392.570269776217
11010095 1 0 3 1 4 2 0 3 5 0 4 3 1 1 8 6 2 1 3 1 0 0 0 0 2 3 1 87028.647639898423 88495.778433335887 88137.486380936694 89389.741234198154
11010095 1 1 0 0 0 3 2 3 0 6 4 0 3 9 7 5 3 1 2 1 0 0 0 0 4 3 3 91008.695158087881 90836.173829346255 87815.252961084479 90821.766999863932
11010095 1 0 0 3 2 2 3 3 3 8 7 3 4 10 11 7 5 1 1 1 0 0 0 0 2 1 0 89947.408944744093 91524.190245406338 74683.44132238446 89374.793174441991
11010096 1 4 4 3 1 5 6 2 1 6 2 3 3 1 2 1 2 1 3 1 0 0 0 0 0 0 0 91460.053028403301 90287.225559181621 -1.0000000000000001e+300 -1.0000000000000001e+300
11010096 1 5 4 0 0 7 3 3 2 6 5 4 3 5 4 1 0 1 2 1 0 0 0 0 2 1 0 90427.511722358526 90087.975253271448 90991.901525522888 90538.676820439272
11010096 1 3 2 1 0 5 0 0 2 7 5 5 0 10 8 6 4 1 3 1 0 0 0 0 3 2 2 89640.876630010433 88701.513445451405 83698.306413662518 89823.87348562805
11010096 1 4 5 11 9 3 5 7 8 0 0 3 3 0 3 0 0 1 1 1 0 0 0 0 3 4 2 87113.90255187641 87028.093312479541 86824.463672270605 79522.795454833933
11010097 1 3 6 4 0 6 0 2 2 4 3 4 1 3 0 0 0 1 1 1 0 0 0 0 2 2 3 91047.823147193456 90594.76323749841 92158.79302850223 92285.923708892151
11010097 1 3 2 0 0 4 1 4 0 6 4 4 2 8 6 5 4 1 1 1 0 0 0 0 2 2 1 88626.281710937532 87546.979095706556 87589.807768583807 89875.886099955562
11010097 1 3 2 0 0 6 1 3 0 8 4 1 3 10 6 4 3 1 2 1 0 0 0 0 0 0 0 -1.0000000000000001e+300 85332.318241952686 88507.732611608575 89902.836768171983
11010097 1 10 9 6 2 11 7 5 2 3 5 3 0 4 3 1 2 1 3 1 0 0 0 0 2 0 1 89758.011887788976 92023.290792240557 3 88217.585664748665
11010098 1 2 4 3 0 5 5 0 3 2 6 0 0 3 0 3 0 1 1 1 0 0 0 0 1 0 0 92803.145538475772 93642.104557006445 93050.185264057596 92779.016722891058
11010098 1 2 4 5 7 0 3 5 8 0 0 3 7 3 2 0 5 1 2 1 0 0 0 0 4 1 3 80919.798138197817 91033.479585844529 91303.154547787984 89896.746638346362
11010098 1 4 6 7 10 0 3 6 8 0 3 3 6 2 0 3 3 1 1 1 0 0 0 0 0 0 0 87604.726570122657 90054.528243538953 90261.432569255805 88671.175955609782
11010098 1 4 3 2 3 4 3 1 3 11 6 4 3 9 8 6 4 3 4 0.54545454545454541 5 0.27272727272727271 6 0.1818181818181818 1 1 1 -1.0000000000000001e+300 -1.0000000000000001e+300 79466.441607911576 87430.701124843108
11010099 1 0 0 3 4 5 5 5 3 4 6 3 2 0 2 1 0 1 3 1 0 0 0 0 2 1 1 90918.324009879143 91067.295550734896 91393.038982073456 91649.953787472507
11010099 1 3 2 0 0 3 5 3 0 7 5 1 1 4 4 0 0 1 3 1 0 0 0 0 3 4 3 90824.4468609662 89794.704128407699 90797.060411221828 89186.866807247192
11010099 1 10 7 4 0 6 4 1 1 5 4 3 2 3 0 0 0 1 3 1 0 0 0 0 2 3 3 -1.0000000000000001e+300 82731.818381954596 89672.984909216379 88727.775940820051
11010099 1 10 11 5 4 8 8 6 4 0 5 4 2 0 3 3 2 1 1 1 0 0 0 0 3 2 4 92201.781434257398 82783.045994881919 93025.862575641411 79548.577076229005
11010100 1 3 3 2 4 0 1 3 3 2 4 0 1 3 2 0 0 1 3 1 0 0 0 0 2 1 2 95977.810828865899 95789.350312783994 95923.433412782353 95704.177394921033
11010100 1 0 2 5 7 3 1 3 4 0 0 0 3 2 0 1 0 1 3 1 0 0 0 0 3 3 1 91890.099992569842 92805.549723897959 92199.868403695131 92159.104186597368
11010100 1 10 9 7 3 5 5 2 0 4 0 0 1 2 0 0 0 1 3 1 0 0 0 0 2 1 3 89746.251915633853 89668.439660447257 89856.014115726022 82330.628019555734
11010100 1 0 0 2 0 3 4 1 3 11 7 5 2 10 9 5 6 1 2 1 0 0 0 0 4 2 3 93389.282248276402 93389.282248276402 81596.630418819244 92540.573022149678
11010101 0 0 0 3 0 2 4 0 2 3 1 0 3 3 1 2 1 1 1 1 0 0 0 0 3 4 3 96411.432282284455 97131.004394668998 96297.405086424667 97113.448936833272
11010101 0 0 2 3 0 1 7 1 0 4 2 7 2 3 1 0 0 1 3 1 0 0 0 0 0 0 0 90846.597397401041 90094.62799350312 90717.082251449392 90384.82046761435
11010101 0 0 0 1 3 0 2 3 1 3 3 0 5 4 6 8 9 1 1 1 0 0 0 0 1 3 2 90445.508126863031 90768.143751929136 83865.178636100551 90765.988534209871
11010101 0 1 4 4 5 3 4 5 6 3 7 7 8 0 3 11 10 1 1 1 0 0 0 0 2 4 3 76048.985870845674 90253.213408279757 80598.601948515221 89194.977077915406
11010101 0 0 3 6 5 2 4 1 7 2 7 5 9 2 5 11 10 1 3 1 0 0 0 0 4 2 3 3 -1.0000000000000001e+300 3 -1.0000000000000001e+300
11010102 1 4 3 3 2 2 2 0 0 3 1 1 0 2 3 0 0 1 3 1 0 0 0 0 4 2 3 96326.150602455484 96569.759541593419 96856.395945587283 96770.172878171681
11010102 1 3 6 8 5 2 3 5 0 0 3 2 0 0 0 3 3 1 3 1 0 0 0 0 3 1 1 90535.23962879504 90288.705126571993 90737.86017306213 88418.614169693916
11010102 1 10 7 5 3 3 7 4 4 0 3 2 2 0 1 0 1 1 3 1 0 0 0 0 1 1 1 89662.727800090215 89777.526567212713 90156.597335894578 86858.183085749595
11010102 1 0 7 11 9 0 3 7 8 2 4 6 7 0 3 6 3 1 1 1 0 0 0 0 2 2 2 74529.077717653985 -1.0000000000000001e+300 89981.408785696316 78317.46246837388
11010103 1 3 0 1 0 1 1 2 0 2 0 0 0 2 0 3 3 1 3 1 0 0 0 0 1 1 0 97349.21611225605 97512.807181951153 97304.642918785408 97039.637736717865
11010103 1 0 0 1 5 0 3 2 7 2 0 5 8 4 5 6 7 1 1 1 0 0 0 0 2 2 3 81569.008375064281 92135.675261848111 90834.492728085374 91800.680521054921
11010103 1 1 4 2 1 4 9 9 10 3 0 0 3 7 0 3 0 1 2 1 0 0 0 0 1 1 0 88819.482647467667 90538.489700013743 90018.959641902591 89535.370291204323
11010103 1 0 0 1 4 1 2 4 6 1 5 5 11 0 6 8 10 1 2 1 0 0 0 0 1 2 4 78548.532647515065 90003.372611178449 87208.42786121543 90157.957074200662
11010104 1 0 3 6 3 0 4 3 6 0 6 3 2 3 1 1 2 1 3 1 0 0 0 0 4 4 2 89965.259376525282 89760.999985984527 89699.253635452857 89276.576313950602
11010104 1 5 8 5 4 4 3 4 3 3 2 1 1 0 0 1 2 1 2 1 0 0 0 0 2 2 4 90789.948648937279 90547.416745555092 90840.030270812174 85887.938413299024
11010104 1 10 7 3 0 6 5 5 3 5 3 1 0 3 1 0 2 1 3 1 0 0 0 0 2 3 1 90069.289834976167 88087.390628380235 89607.777702935637 89509.894093344774
11010104 1 3 5 11 10 2 4 6 9 3 3 4 6 0 0 2 1 1 3 1 0 0 0 0 1 0 0 91793.741076986509 91394.792201541932 -1.0000000000000001e+300 91253.295961636337
11010105 1 3 0 2 2 0 0 3 1 0 1 6 3 0 2 2 6 1 1 1 0 0 0 0 1 0 1 93575.837892436321 93761.565732743999 93494.327418724686 93964.026722448834
11010105 1 6 7 8 7 0 0 4 6 3 3 4 3 0 2 0 1 1 1 1 0 0 0 0 1 2 0 90069.661359123609 91476.689355037655 91487.763697464179 77914.030868384885
11010105 1 3 5 7 10 0 1 5 5 0 0 1 3 2 0 0 3 1 3 1 0 0 0 0 1 2 1 88707.675605099517 88872.20073248737 89082.137048375531 86179.882148814795
11010105 1 8 5 3 2 11 6 1 1 8 5 2 0 7 0 0 3 1 3 1 0 0 0 0 4 4 3 80173.745864052413 73258.581020651705 80167.458648022468 80144.702550594186
11010106 1 0 1 6 4 0 0 3 3 2 0 1 3 0 2 3 0 1 3 1 0 0 0 0 4 4 3 94865.232917588175 94687.811453925955 95495.611881524543 95301.216007489551
11010106 1 0 1 1 3 2 7 3 0 5 4 4 0 1 2 5 2 1 2 1 0 0 0 0 4 3 3 88420.65217096945 89570.190458425481 88754.808775064885 89603.298463939616
11010106 1 0 3 4 10 1 3 5 9 0 1 6 8 5 2 4 7 1 2 1 0 0 0 0 0 0 0 61188.24762098123 -1.0000000000000001e+300 85761.06494829274 91173.730430611322
11010106 1 1 0 0 2 3 4 3 3 9 9 5 5 10 11 7 3 1 3 1 0 0 0 0 1 1 1 99572.055176233189 94633.62673554178 72535.020645789511 -1.0000000000000001e+300
11010107 1 3 4 2 1 3 1 2 4 1 0 2 1 3 0 4 0 1 2 1 0 0 0 0 1 1 2 95672.260884578573 95800.566554184305 95499.293081959084 95125.051276346043
11010107 1 7 8 7 4 5 4 4 4 1 3 0 2 0 2 0 2 1 3 1 0 0 0 0 3 1 2 91666.254254989864 90163.490342158198 90316.638151274528 84338.390789100493
11010107 1 10 7 5 4 7 5 3 4 5 0 0 1 3 0 0 2 1 3 1 0 0 0 0 3 3 3 89950.486346373305 89521.285824003862 90593.234015328053 89479.836952476486
11010107 1 6 5 11 10 4 4 9 9 0 1 4 3 0 0 0 3 1 3 1 0 0 0 0 0 1 0 98836.24972911684 101103.66236660894 101681.17503732457 100090.03193413801
11010108 1 3 2 0 0 1 4 0 0 3 4 2 1 2 1 3 3 1 3 1 0 0 0 0 2 2 2 96284.700864834245 96145.257706715434 96126.357992611986 96325.427018139104
11010108 1 3 4 0 0 0 3 5 1 0 1 5 8 0 3 6 7 1 2 1 0 0 0 0 1 2 0 89975.02312911734 93685.82091706559 88681.096124060859 92670.564084825281
11010108 1 1 0 0 1 2 4 2 0 3 4 5 6 4 6 9 10 1 3 1 0 0 0 0 3 3 3 89785.69918162383 89548.683066420737 80481.738884488092 89882.145154718586
11010108 1 3 2 2 3 8 3 1 0 10 5 3 0 10 11 3 0 1 2 1 0 0 0 0 3 1 3 -1.0000000000000001e+300 91881.14155510666 93092.018339675327 97408.296626073425
11010109 1 0 0 1 4 0 0 3 3 4 6 4 4 3 3 4 5 1 2 1 0 0 0 0 3 3 2 92714.34161133827 93795.659952048096 92407.359816419063 93807.457882472445
11010109 1 0 3 0 0 2 3 4 3 1 4 5 6 4 7 8 7 1 3 1 0 0 0 0 4 4 3 92647.047925647901 92737.743097708008 86237.854851195298 92380.367774906073
11010109 1 0 0 0 2 1 2 1 0 6 4 3 3 7 8 9 10 1 1 1 0 0 0 0 2 3 3 91281.359498674559 90203.439383496094 80233.476646303025 91238.056718510677
11010109 1 9 6 5 3 11 5 4 2 6 5 3 0 1 2 0 1 1 1 1 0 0 0 0 1 2 0 86119.852201058689 82270.919488426007 85428.728429378971 82170.277383146225
11010110 1 3 2 4 2 3 3 3 3 4 2 0 0 1 1 0 0 1 1 1 0 0 0 0 2 2 2 96147.710306888155 96203.973666778693 96146.896492740838 96360.117730008235
11010110 1 7 8 6 4 4 5 4 1 3 3 2 0 0 0 0 1 1 3 1 0 0 0 0 1 2 2 91366.205200400262 91543.871527353898 91290.006517405956 87551.641240816782
11010110 1 10 9 8 6 4 6 7 5 3 3 2 0 0 1 0 0 1 3 1 0 0 0 0 0 0 0 89598.270399547007 89096.541835148615 -1.0000000000000001e+300 72557.318033607327
11010110 1 6 4 1 2 7 5 8 3 11 8 4 0 10 9 4 3 1 3 1 0 0 0 0 3 3 3 101462.64664262824 82639.94049580209 87921.506412805742 98836.752292280813
11010111 1 0 0 1 4 0 3 5 4 2 5 6 4 1 3 3 3 1 3 1 0 0 0 0 2 3 1 91359.529564871031 92024.074863433823 92253.568198086301 91410.020990228659
11010111 1 1 5 2 1 1 3 5 6 2 5 7 0 1 4 4 0 1 2 1 0 0 0 0 2 3 3 89329.385810144609 89901.533158860359 89986.155310463029 88649.315690714648
11010111 1 1 0 0 3 2 0 5 6 2 1 4 8 3 3 3 9 1 3 1 0 0 0 0 1 1 0 85067.010995419478 91363.792491938744 90916.864196989205 91063.179170255986
11010111 1 3 1 3 1 2 7 6 6 3 5 6 8 4 7 11 1 1 2 1 0 0 0 0 0 1 0 68787.04928872906 69785.515550665994 51823.154717178986 56976.424193540333
11010112 1 3 0 0 0 0 0 3 0 2 0 0 0 3 1 3 4 1 1 1 0 0 0 0 0 1 0 97735.503467400849 97168.364106363719 97510.776591636502 97496.084541108867
11010112 1 5 8 7 3 4 3 2 0 4 1 1 1 0 2 0 0 1 3 1 0 0 0 0 3 4 3 90202.109916003799 89759.740328940214 90624.710230271899 87475.383618557244
11010112 1 10 9 8 4 4 5 5 2 4 3 3 0 0 0 0 2 1 2 1 0 0 0 0 4 1 4 87575.857991545461 87771.903714135551 88467.297489069024 77219.569534642462
11010112 1 4 6 11 10 4 6 7 9 2 1 3 3 0 0 0 2 1 1 1 0 0 0 0 0 0 0 92819.818682584184 92679.378202514461 92529.01060978754 83495.61778140151
11010113 1 2 3 4 2 0 1 4 1 0 2 4 3 0 0 1 4 1 1 1 0 0 0 0 1 2 1 96010.235838888228 -1.0000000000000001e+300 96254.400859697373 96198.671704243723
11010113 1 2 0 0 0 4 3 3 1 5 3 0 0 7 8 7 3 1 3 1 0 0 0 0 0 0 0 91578.415713176728 90886.01277005153 87192.704717193628 91422.219660208633
11010113 1 1 0 0 1 3 0 0 1 7 3 4 2 10 7 5 3 1 3 1 0 0 0 0 2 4 3 88845.57595264219 89294.230883305441 89261.651570251895 89355.384068511834
11010113 1 5 4 3 0 8 6 3 0 11 4 0 3 5 0 2 0 1 1 1 0 0 0 0 3 3 1 82747.000997048075 80083.042802110722 84605.976270050611 81538.795948200786
11010114 1 0 0 1 2 0 5 4 3 0 2 4 5 1 0 1 2 1 2 1 0 0 0 0 4 3 4 95245.459792554204 95084.292603861832 95441.104131609973 94602.752097088989
11010114 1 6 2 0 1 8 3 0 0 6 1 0 0 5 5 2 0 1 3 1 0 0 0 0 3 3 3 91020.141347451354 86654.474851610634 90885.511256352213 90634.277997043537
11010114 1 3 0 2 0 5 6 2 0 8 5 4 1 9 7 4 2 1 1 1 0 0 0 0 3 2 4 91394.753134698578 90680.283196390752 88153.036265133429 89729.178516909888
11010114 1 10 9 5 4 11 7 5 1 7 1 2 0 0 1 0 3 1 1 1 0 0 0 0 0 3 3 92923.871880037448 92657.143890857071 92596.646383837811 80864.511343826467
11010115 0 3 3 0 0 4 3 3 2 5 4 1 3 3 0 2 0 1 1 1 0 0 0 0 0 0 0 95237.457302725685 95057.064659675234 94892.793858908117 95009.543484698515
11010115 0 1 0 3 0 1 0 0 0 2 3 4 4 4 8 6 1 1 2 1 0 0 0 0 0 1 1 90191.296205166873 89624.30003786202 89034.873778489055 89955.470805843288
11010115 0 5 3 1 0 7 5 2 3 8 6 3 0 9 6 3 3 1 1 1 0 0 0 0 3 4 4 90847.322258901535 79246.932118402678 90400.202151725651 90863.415400983606
11010115 0 0 4 11 10 0 3 7 9 2 5 8 2 3 1 2 2 1 1 1 0 0 0 0 2 0 2 69068.671968769224 80538.533722134816 82778.036118540884 -1.0000000000000001e+300
11010115 0 3 8 11 10 1 6 7 9 1 5 8 4 3 3 2 2 1 3 1 0 0 0 0 2 2 0 6 6 -1.0000000000000001e+300 -1.0000000000000001e+300
11010116 1 3 1 5 1 2 6 4 0 6 1 3 1 3 0 2 0 1 3 1 0 0 0 0 1 3 1 91384.659268442789 91001.837492036822 91722.516748619077 91090.45227009512
11010116 1 6 8 6 4 4 4 5 3 3 3 3 0 4 2 0 0 1 3 1 0 0 0 0 1 0 0 91385.319345753916 91102.636579783444 -1.0000000000000001e+300 89379.296957581173
11010116 1 4 6 8 10 5 5 6 0 4 0 2 6 0 0 0 3 1 1 1 0 0 0 0 0 0 0 88035.180959095611 89863.337031509873 89600.197460150055 82816.325366421399
11010116 1 5 8 11 10 3 5 7 9 2 3 6 7 1 3 6 2 1 3 1 0 0 0 0 1 0 0 -1.0000000000000001e+300 -1.0000000000000001e+300 95234.134464663046 81527.620219743636
11010117 1 1 0 2 0 3 0 3 3 4 3 4 3 3 4 5 4 1 1 1 0 0 0 0 1 2 3 94257.88702661726 93929.676982046061 93882.620673192869 94074.108063888547
11010117 1 0 2 0 0 2 0 4 1 0 1 6 3 5 6 7 6 1 2 1 0 0 0 0 1 0 0 91149.052585377343 90720.118715151213 86973.663827338416 90604.404786514293
11010117 1 1 4 3 3 0 3 4 8 3 0 5 9 2 0 6 10 1 1 1 0 0 0 0 2 3 2 78421.79045242758 89511.358557390631 89814.972632728517 89032.500682008744
11010117 1 8 8 11 5 3 5 5 3 0 3 3 3 0 0 2 1 1 2 1 0 0 0 0 4 3 4 84487.426145703183 82071.519935582954 84755.610070731855 77215.170740259287
11010118 1 0 1 2 0 3 6 1 2 3 5 6 3 0 5 4 4 1 2 1 0 0 0 0 4 3 3 91053.421700830804 90130.035372845407 88764.068030332157 90207.235825827272
11010118 1 4 4 1 0 6 4 2 1 7 4 0 0 7 1 0 0 1 3 1 0 0 0 0 0 2 0 89915.614021552465 88866.742790662713 89825.230357339999 89641.36247412728
11010118 1 7 4 0 0 8 5 2 3 9 4 1 0 10 2 0 2 1 1 1 0 0 0 0 2 1 1 90406.119816439663 74337.32244152615 90757.2419616353 90301.314967323386
11010118 1 1 0 2 7 0 0 4 5 1 5 7 8 3 6 11 10 1 3 1 0 0 0 0 1 2 1 89827.26942939432 88803.519852565296 84049.226277627837 81886.010194588307
11010119 1 0 2 5 6 1 5 1 3 0 0 2 0 3 0 0 0 1 2 1 0 0 0 0 2 1 2 94474.405469177829 94858.826534843451 94039.065259985131 94371.14915244712
11010119 1 6 6 4 2 8 2 3 0 6 1 0 0 5 3 0 0 1 2 1 0 0 0 0 3 1 2 91444.170478019034 87526.008759247212 90849.427896838402 90543.150891610654
11010119 1 3 3 2 3 0 0 5 7 2 4 6 8 4 5 8 10 1 1 1 0 0 0 0 1 0 1 83861.740101713149 90301.799878743768 88366.129406809792 90038.251837096119
11010119 1 3 5 6 9 0 3 5 11 1 2 4 5 0 2 0 4 1 1 1 0 0 0 0 0 0 0 80846.208801065237 86345.969381217787 86252.981947022883 81519.460243335954
11010120 1 4 1 3 0 2 2 6 5 0 1 5 0 3 5 1 1 1 1 1 0 0 0 0 0 3 3 92579.521698379525 91303.9866800944 91539.024656285183 90661.65707845334
11010120 1 0 3 5 6 2 3 7 8 1 1 5 6 2 0 4 4 1 2 1 0 0 0 0 4 3 4 85678.260088531126 88776.993821123615 88800.41180548165 87831.950665454249
11010120 1 3 4 5 10 3 4 4 6 0 3 3 4 0 1 3 0 1 2 1 0 0 0 0 1 1 1 87671.914987508484 89063.915113384472 89012.856451213185 85789.831667604129
11010120 1 10 9 7 5 11 6 5 4 0 2 1 5 2 0 3 2 1 1 1 0 0 0 0 3 2 4 92446.827966153141 92367.909497436602 92511.79690348648 54370.06384584849
11010121 1 0 1 0 5 4 3 2 1 3 5 4 3 3 2 1 2 1 2 1 0 0 0 0 3 2 2 93590.162532479226 93660.330477026597 93969.408316960413 94476.837094745919
11010121 1 0 0 1 3 3 3 0 3 0 4 7 2 7 8 7 6 1 1 1 0 0 0 0 0 1 0 88041.303130378321 87261.158536504212 81596.037898016599 86440.899812274671
11010121 1 4 0 0 0 4 3 1 6 4 5 7 0 10 9 8 2 1 2 1 0 0 0 0 3 2 3 -1.0000000000000001e+300 82762.444828498061 66903.14247380232 87974.249553549889
11010121 1 3 1 0 0 0 3 3 3 3 5 6 8 4 7 11 9 1 2 1 0 0 0 0 3 3 3 87572.037802554056 87685.231780733826 74312.593916711528 87570.576300337911
11010122 1 0 1 2 1 2 2 4 1 0 1 3 3 3 5 4 2 1 3 1 0 0 0 0 0 0 0 94855.975881565682 94647.090117387095 94964.820007728806 95160.320367768159
11010122 1 2 1 7 7 2 3 4 8 0 1 3 7 0 2 0 5 1 1 1 0 0 0 0 3 3 4 84975.093406584827 92123.093095397053 92050.989454025432 90765.241156809338
11010122 1 0 5 5 9 5 5 6 7 0 0 5 6 0 1 3 4 1 3 1 0 0 0 0 2 3 1 85005.364132816147 91071.650557062763 90512.597290526726 90817.824339209445
11010122 1 0 4 2 1 7 5 5 4 0 7 6 4 9 11 3 1 1 2 1 0 0 0 0 1 1 2 86365.612508261038 79756.533980251203 76013.775424531952 86153.844591507455
11010123 1 2 0 0 3 2 0 0 2 3 3 4 2 3 1 1 3 1 2 1 0 0 0 0 3 0 4 96324.662812425973 95870.65591762682 96380.062075781447 96456.808895656039
11010123 1 3 4 5 7 2 1 4 6 0 2 0 5 0 3 0 0 1 1 1 0 0 0 0 0 0 0 90701.614744237449 91179.451233258238 92172.620240856646 92010.308707267774
11010123 1 5 3 0 2 4 4 2 0 5 6 5 1 6 7 8 9 1 2 1 0 0 0 0 4 2 4 89572.68614235826 88861.079494114383 78236.806060970441 88900.025643461515
11010123 1 0 3 5 0 4 1 5 11 2 3 2 7 0 0 3 3 1 1 1 0 0 0 0 3 3 3 81373.786961651524 80721.464855900151 81149.29315232001 81629.137103749221
11010124 1 0 0 3 1 3 3 0 2 2 0 1 1 1 0 0 0 1 2 1 0 0 0 0 0 1 1 97301.617971402637 97081.465084405892 96898.135809052314 97168.88161852397
11010124 1 0 0 0 3 0 1 2 1 2 5 7 0 4 4 4 4 1 2 1 0 0 0 0 1 0 0 91558.076466199826 92189.252620309519 90284.725768583128 91199.042597751337
11010124 1 2 2 6 10 1 5 5 8 0 1 5 6 3 0 0 4 1 3 1 0 0 0 0 1 1 1 82602.640158769093 89449.079156822248 88563.214910580529 88612.022376678113
11010124 1 5 6 11 10 3 5 7 6 3 3 4 5 0 0 0 3 1 2 1 0 0 0 0 2 1 0 86532.011521466731 89292.387997401733 87346.858609496005 76188.99613369185
11010125 1 0 5 4 3 6 5 1 3 1 3 2 2 2 2 1 3 1 3 1 0 0 0 0 3 2 3 93859.013231867822 92703.589313389995 92905.783797771786 92601.583477617474
11010125 1 7 4 0 0 6 2 4 3 6 3 0 0 1 0 0 0 1 2 1 0 0 0 0 1 0 0 -1.0000000000000001e+300 89849.344437910826 91349.962567428302 90917.990393715183
11010125 1 3 8 9 10 4 7 6 4 0 3 3 3 2 0 3 3 1 2 1 0 0 0 0 2 0 0 87470.127989244851 89805.032530113152 89092.901374492954 74066.821795731579
11010125 1 2 11 7 4 3 4 6 3 0 3 5 2 0 0 0 1 1 3 1 0 0 0 0 1 0 0 81795.920393951135 -1.0000000000000001e+300 81140.942265009551 80470.655608038534
11010126 1 4 1 2 0 4 3 0 0 1 5 3 3 3 2 3 4 1 2 1 0 0 0 0 4 3 3 94410.143927602418 94758.053812907659 93924.614432582151 94322.886600021069
11010126 1 6 7 8 7 5 4 5 6 2 4 4 2 0 0 1 2 1 1 1 0 0 0 0 3 2 1 91592.004442465433 91476.402844215627 90007.406397129336 83016.142888988688
11010126 1 4 5 7 10 2 4 5 6 0 1 4 5 0 1 0 6 1 2 1 0 0 0 0 0 0 0 89297.988529751441 90187.174296489611 -1.0000000000000001e+300 86579.541227089547
11010126 1 8 1 2 3 11 4 0 0 7 5 1 0 5 5 1 0 1 3 1 0 0 0 0 0 2 1 81339.117318360921 76541.274905415994 81489.328765317157 81319.391940169793
11010127 1 0 3 0 0 1 3 1 3 3 4 4 6 3 4 6 3 1 3 1 0 0 0 0 0 2 1 91338.585211590689 90882.337293836812 91114.25571360327 91336.631965637207
11010127 1 3 1 2 3 0 3 1 3 5 3 4 3 6 8 6 4 1 1 1 0 0 0 0 1 3 2 89519.025656100363 90542.298092312267 86259.478007957834 91051.948040499148
11010127 1 1 0 0 1 4 2 2 1 3 4 5 2 9 7 6 5 1 3 1 0 0 0 0 0 0 1 89225.751432686287 90537.643162734807 86120.189560932558 90985.981215192238
11010127 1 10 11 5 4 7 6 4 3 5 5 4 1 4 0 0 3 1 1 1 0 0 0 0 2 4 2 88364.222057045146 88403.344163006506 88122.809564823154 73483.179637600872
11010128 1 1 2 3 0 0 5 3 0 0 2 4 1 3 4 1 4 1 2 1 0 0 0 0 0 0 0 94854.783841258337 93804.751943639625 94907.707099026418 94892.901576835284
11010128 1 0 6 6 5 4 7 5 2 0 4 4 4 4 3 2 0 1 1 1 0 0 0 0 2 1 0 89658.275514806592 88809.109146042916 88762.605967872834 87185.041325554688
11010128 1 9 8 7 5 3 5 4 5 4 2 3 0 0 0 1 3 1 1 1 0 0 0 0 2 3 3 90502.332012232917 90365.843115791271 91074.631347435236 79718.944629885838
11010128 1 1 9 11 4 0 6 6 4 0 3 5 3 1 2 5 1 1 2 1 0 0 0 0 0 1 3 75210.277960701744 74848.338631497842 75993.547974111279 71228.87594200758
11010129 1 3 3 4 0 6 4 3 1 5 5 1 0 6 3 0 1 1 2 1 0 0 0 0 1 3 4 91373.72707399237 88905.704416729161 92718.968212672655 91223.66713933149
11010129 1 5 3 0 1 6 5 2 2 8 4 0 0 6 5 4 0 1 1 1 0 0 0 0 1 1 2 91021.07419539601 84228.921183677608 90822.505089805098 90996.379978572164
11010129 1 2 2 0 3 5 3 0 0 7 7 3 0 10 8 6 5 3 4 0.5 5 0.25 6 0.25 4 2 1 90408.378078856724 89067.08314704134 89530.293521053201 88605.28329116336
11010129 1 3 0 1 0 2 0 4 2 5 5 7 9 1 6 11 10 1 1 1 0 0 0 0 1 2 3 83624.993591267921 92879.175350765247 72425.964070025526 -1.0000000000000001e+300
11010130 1 2 3 1 1 4 2 0 0 3 0 0 0 3 0 0 0 1 3 1 0 0 0 0 0 0 0 -1.0000000000000001e+300 96985.627238408124 97021.166859337478 97336.016363667237
11010130 1 6 8 6 5 5 5 3 4 4 3 2 0 2 3 0 0 1 3 1 0 0 0 0 4 2 2 91271.207873572392 90187.981035112287 90479.584420054307 84392.678451283762
11010130 1 10 7 5 3 8 5 4 3 5 0 3 0 3 0 1 0 1 2 1 0 0 0 0 1 1 2 89751.992986972822 89409.161173849105 89812.592180497479 87609.801566355396
11010130 1 0 0 3 0 2 4 3 0 11 7 3 0 10 9 5 3 1 1 1 0 0 0 0 3 3 2 91076.157601821673 82687.923093105128 78873.185995835898 90959.265636491516
11010131 1 0 4 3 2 0 3 4 1 0 0 3 1 3 2 1 4 1 2 1 0 0 0 0 2 2 1 96368.900949043717 96182.268151855475 96304.919722663049 95599.339626226836
11010131 1 4 1 2 0 6 4 3 0 8 6 1 2 7 4 4 0 1 3 1 0 0 0 0 2 2 0 91175.160781606639 87684.682666301815 91071.996548990719 91100.1291603094
11010131 1 4 4 1 2 6 6 0 0 8 4 3 0 9 0 3 0 1 2 1 0 0 0 0 4 3 3 91192.398696602555 84260.125895566831 91173.931829577909 91039.684074870602
11010131 1 0 5 1 0 4 6 0 3 11 8 6 3 10 9 7 4 1 2 1 0 0 0 0 3 3 4 94572.667691604147 98617.326961492246 84247.735479146926 97014.16979757091
11010132 1 0 0 4 1 3 5 3 3 1 2 5 0 3 1 3 0 1 2 1 0 0 0 0 2 3 4 94197.241080880645 94243.466171621287 95049.397062442906 94384.973478812492
11010132 1 3 4 7 2 3 1 5 7 1 0 0 5 2 0 0 3 1 3 1 0 0 0 0 0 0 0 87748.359458236999 88660.170845073502 89269.1119042848 88631.136353808499
11010132 1 3 3 0 10 0 0 3 9 0 0 3 8 2 4 3 5 1 1 1 0 0 0 0 0 0 0 73662.522074667271 90266.629131599766 89750.440389383337 90015.88885193663
11010132 1 2 1 2 1 3 7 4 1 8 5 5 3 10 11 1 3 1 3 1 0 0 0 0 0 2 0 81052.320739000847 72749.235829519297 81569.738654295565 76149.566811971017
11010133 1 2 2 3 0 1 1 3 1 1 5 2 0 2 4 4 2 1 1 1 0 0 0 0 1 1 0 95553.737466474369 95311.67320120777 96203.770617935385 95488.892032452757
11010133 1 0 0 2 5 0 5 0 6 0 3 5 8 2 1 6 6 2 4 0.5 5 0.5 0 0 4 3 4 86795.727989070583 90586.351042365757 89622.279051535414 88292.938936254242
11010133 1 0 1 0 3 1 1 3 5 3 2 4 9 0 1 3 10 1 2 1 0 0 0 0 1 3 3 81467.074720862525 87978.284222530012 88532.026051233071 88990.295305527863
11010133 1 1 3 0 4 0 0 4 6 7 3 6 7 0 7 11 8 1 1 1 0 0 0 0 2 4 4 78623.89046136984 80594.022505868576 77361.523395893688 81243.235982250888
11010134 1 3 3 3 3 1 2 5 3 3 4 3 0 1 0 0 0 1 2 1 0 0 0 0 1 1 0 95312.64135319987 95822.948887452483 95644.133097330719 95394.428291965436
11010134 1 2 5 2 1 6 4 0 0 8 4 2 3 2 0 1 0 1 3 1 0 0 0 0 2 0 0 90177.0040463935 88229.165741249555 89745.813197852942 89444.066828016468
11010134 1 10 9 5 2 0 4 4 3 0 3 3 0 1 4 0 0 3 5 0.25 6 0.25 7 0.5 1 1 3 87448.947456358423 88008.262332940241 85330.873533271966 83027.223732055296
11010134 1 1 0 3 1 4 3 2 0 11 6 5 0 10 7 5 2 1 2 1 0 0 0 0 3 2 3 89354.977899623773 81296.434098587211 84615.576750663211 89471.656510807123
11010135 1 0 3 3 1 4 3 5 2 6 5 2 3 0 0 0 1 1 3 1 0 0 0 0 4 4 3 92903.104214905252 93787.270532226568 93083.806749727271 93379.802304491313
11010135 1 0 2 0 0 1 3 0 3 0 4 5 4 4 6 8 6 1 2 1 0 0 0 0 2 1 1 91155.387203809849 91543.201091538445 87028.98092924479 91348.461396809143
11010135 1 3 3 3 4 0 0 3 6 0 3 6 8 0 4 3 9 1 2 1 0 0 0 0 2 1 0 83045.69765550553 91367.26428498172 91143.838341880415 90482.098588385052
11010135 1 3 0 0 3 2 4 9 9 0 1 5 11 2 3 6 3 1 1 1 0 0 0 0 0 0 0 74317.375387182998 80935.928609709765 78017.521720328703 79693.848736255968
11010136 1 0 3 0 0 0 1 2 3 3 5 6 2 5 1 2 3 1 3 1 0 0 0 0 1 0 0 93500.999876034111 93052.943668542081 92179.080775731869 -1.0000000000000001e+300
11010136 1 3 0 0 4 3 3 0 5 1 2 0 8 1 3 5 5 1 2 1 0 0 0 0 3 3 1 87664.996327916655 91014.334638629021 90210.197941741615 90152.994462182207
11010136 1 0 1 0 0 0 3 3 3 3 4 3 5 6 7 9 10 1 2 1 0 0 0 0 0 0 0 89562.144524886826 89316.242215360224 77223.33010388691 89851.977670762906
11010136 1 0 2 1 2 5 4 3 3 3 6 6 6 11 4 8 10 1 3 1 0 0 0 0 3 2 0 73520.322965593208 76472.192447522946 65089.071412843012 -1.0000000000000001e+300
11010137 1 3 2 3 4 1 5 3 5 0 0 3 3 0 0 2 3 1 2 1 0 0 0 0 4 2 3 94614.91311744407 95186.59423397205 94138.297474148101 94369.079930239241
11010137 1 0 0 0 2 2 1 0 1 0 5 2 3 6 8 5 3 1 2 1 0 0 0 0 3 1 3 90462.18072966866 90791.720273819141 88695.851708530623 91062.755985495751
11010137 1 2 1 3 3 0 5 4 1 4 5 4 2 9 8 7 5 1 3 1 0 0 0 0 4 4 3 90880.059821331262 90715.03345427895 82797.193919855432 91278.985838433233
11010137 1 10 8 1 0 11 7 3 2 3 3 6 2 1 2 0 0 1 3 1 0 0 0 0 3 2 3 87246.830920419859 79528.27912856164 88284.93901652722 85500.719654075816
11010138 1 3 2 3 2 3 1 4 0 0 5 3 1 4 3 5 1 1 1 1 0 0 0 0 1 3 2 92949.639218902579 91883.493028513607 94243.888520950743 93756.69980823611
11010138 1 1 0 5 6 0 3 4 6 0 0 3 8 3 2 3 6 1 2 1 0 0 0 0 2 1 1 84490.285379906418 90872.675564570658 90627.921714654338 90558.528784531052
11010138 1 2 3 5 10 0 2 4 6 1 0 0 4 1 0 0 3 1 3 1 0 0 0 0 0 0 1 87369.734837104101 88540.601499731478 88706.792610541495 88836.392637683894
11010138 1 8 11 7 3 6 4 3 1 2 4 3 2 0 3 0 0 1 3 1 0 0 0 0 1 0 1 83200.63970215751 82957.551011119198 83355.078288690536 77928.259648977662
11010139 1 4 6 1 0 3 6 6 0 3 0 1 1 0 2 0 0 1 2 1 0 0 0 0 0 1 1 90884.648928070848 90658.157055655465 91419.472561445771 90569.479242486603
11010139 1 5 8 4 2 0 7 3 1 0 3 1 0 0 0 3 2 1 3 1 0 0 0 0 0 0 0 85494.066461093622 86920.925770702815 86161.796741416125 86402.444470817209
11010139 1 10 8 6 5 6 7 5 0 5 3 1 0 1 2 0 3 1 3 1 0 0 0 0 3 4 2 90327.712972462134 87888.441011524425 89674.463478780221 90060.757378019742
11010139 1 0 4 11 10 0 3 6 8 2 3 4 7 0 0 1 4 1 3 1 0 0 0 0 0 0 0 74750.544906864161 -1.0000000000000001e+300 89175.972535937253 88835.342802508967
11010140 1 0 1 3 2 3 2 0 3 0 1 4 1 0 0 2 3 1 1 1 0 0 0 0 3 4 3 96869.605453640877 96630.218395148375 96348.767338939942 96829.620266302139
11010140 1 2 4 5 3 4 2 4 0 1 7 3 3 0 3 0 1 1 3 1 0 0 0 0 4 4 3 89602.020740787615 88075.675785937012 89357.527516782007 87034.841013096579
11010140 1 0 0 3 3 3 0 1 4 0 2 4 7 0 3 4 10 1 2 1 0 0 0 0 4 3 3 86403.561791864297 89209.003263123086 88585.668572953509 89165.218632428907
11010140 1 0 3 4 5 0 4 5 7 1 2 1 11 0 3 3 4 1 2 1 0 0 0 0 2 2 1 78140.123370937101 82291.095893974329 81544.257352977627 81511.807640898682
11010141 1 1 2 5 2 0 3 1 0 4 3 2 3 0 3 2 1 1 1 1 0 0 0 0 1 1 1 96446.428080076046 95865.831334605624 95301.414356806723 95877.343214868975
11010141 1 6 0 2 0 6 7 1 0 5 5 3 0 4 4 2 1 1 3 1 0 0 0 0 0 0 0 91677.106692744186 89872.729273560777 89504.169750602101 89787.696432385739
11010141 1 2 0 0 2 3 3 3 0 8 7 3 0 10 6 5 6 1 1 1 0 0 0 0 3 2 2 89048.279818423558 82193.555259828383 81164.03961509552 90114.915933857439
11010141 1 0 3 0 10 2 3 3 11 5 3 4 5 1 8 3 4 1 1 1 0 0 0 0 3 4 4 61141.062243155189 75745.166809253831 72231.091332761789 75737.943025732151
11010142 1 1 5 3 3 3 4 4 4 0 3 6 5 0 3 1 2 1 1 1 0 0 0 0 0 2 2 91713.045100212097 91973.414219419166 92586.356456756592 92390.114289601639
11010142 1 5 4 3 2 8 1 2 0 6 3 1 0 3 1 3 0 1 2 1 0 0 0 0 1 1 0 91045.180190924686 84107.370710102856 90926.865412367159 89851.456650809618
11010142 1 10 2 5 4 0 7 6 5 3 0 4 4 2 0 1 0 1 1 1 0 0 0 0 3 3 4 86836.381506433361 82236.033857760965 76709.162300165801 76365.034656474789
11010142 1 3 3 2 0 5 4 1 3 11 6 4 3 10 9 6 5 1 1 1 0 0 0 0 0 1 2 91935.435842644627 92049.665124757405 90718.614820697738 91762.140699609881
11010143 1 2 2 4 4 4 1 3 0 3 3 0 0 1 0 2 0 1 3 1 0 0 0 0 4 3 0 96535.534146218051 96631.059797559457 95949.449578972082 95900.318474981512
11010143 1 2 3 6 7 1 4 6 8 1 3 0 7 2 4 0 5 1 3 1 0 0 0 0 1 1 2 87440.022504183376 91443.609641880263 92105.245228934946 90679.555857121566
11010143 1 3 0 3 1 3 5 1 0 1 5 7 4 3 6 9 10 1 2 1 0 0 0 0 1 3 2 88321.116421274783 86759.604502197515 79225.484016486516 88860.550852439963
11010143 1 1 5 9 10 3 4 6 11 0 3 4 7 1 1 2 3 1 1 1 0 0 0 0 1 4 4 89423.659639752674 91174.785378768705 90795.724072817407 91344.286228199446
11010144 1 3 2 0 6 0 2 5 1 1 3 4 2 0 0 0 3 1 3 1 0 0 0 0 3 2 1 94220.067162457213 94081.579907735184 94339.923386397189 94202.619968227547
11010144 1 0 3 3 5 2 2 5 7 0 1 5 6 3 1 2 5 1 1 1 0 0 0 0 1 1 1 89119.161202479794 90811.262707658112 90470.370300119321 90912.642987050232
11010144 1 2 1 0 0 3 1 0 2 3 4 6 5 4 8 9 10 1 1 1 0 0 0 0 0 1 1 89950.240525109504 90053.523828728328 72494.784564615882 90132.415018602027
11010144 1 0 3 0 3 3 5 2 0 6 4 2 0 11 3 3 1 1 2 1 0 0 0 0 2 0 0 83274.942674989259 81936.151720066933 81721.802604922341 81561.094489283641
11010145 1 1 1 3 3 3 5 0 0 5 4 1 0 0 2 0 0 1 2 1 0 0 0 0 0 1 0 94735.764599976712 95127.773539970309 95025.836361143316 95441.147683898613
11010145 1 0 1 2 0 0 0 2 1 2 3 2 8 3 3 4 3 1 1 1 0 0 0 0 1 0 0 89941.662381976683 89840.006564541822 89587.857895732217 89089.530382369368
11010145 1 0 1 3 1 3 3 3 5 0 3 5 7 4 6 7 10 1 2 1 0 0 0 0 1 2 2 88929.435302061218 89518.668528583439 88419.745004787343 89741.877958595331
11010145 1 2 3 1 2 0 0 3 5 2 3 7 11 1 3 8 10 1 1 1 0 0 0 0 3 3 4 88869.901349154214 89939.007724752417 89785.492620557809 90095.695175726141
11010146 0 4 3 4 1 4 0 0 0 5 3 1 0 3 0 2 1 1 2 1 0 0 0 0 0 1 0 95537.080534617096 95317.72922713666 95545.402245309611 95565.770079524416
11010146 0 7 8 7 5 7 4 3 3 1 3 0 0 2 0 0 0 1 2 1 0 0 0 0 2 1 2 92134.779603430463 91119.433264336491 92072.855708450224 87251.237637547893
11010146 0 9 8 5 2 4 6 4 3 3 1 3 2 0 0 3 1 1 3 1 0 0 0 0 4 4 3 89441.40404852778 -1.0000000000000001e+300 90288.324634533812 83078.547853825294
11010146 0 0 3 11 3 0 9 8 9 8 5 8 3 3 5 1 3 1 3 1 0 0 0 0 1 2 0 67966.543509126408 -1.0000000000000001e+300 60818.902231786778 59111.642031150106
11010146 0 10 9 11 3 4 5 8 6 6 4 3 2 1 0 1 4 3 5 0.37499999999999994 6 0.24999999999999994 7 0.37499999999999994 1 2 1 121.49999999999997 11015.231025477451 -1.0000000000000001e+300 121.49999999999997
11010147 1 1 0 1 3 4 2 3 0 3 1 4 1 4 2 4 0 1 3 1 0 0 0 0 0 2 0 95537.741928736374 94881.04225672617 95608.539013332804 96025.971396340246
11010147 1 3 8 6 3 3 4 6 3 0 0 5 0 0 0 2 0 2 4 0.5 5 0.5 0 0 2 1 2 90179.849170248635 89487.172451916005 89521.625769659222 89157.872424184097
11010147 1 10 6 2 0 5 3 0 0 4 0 0 0 3 2 1 2 1 1 1 0 0 0 0 1 0 1 89194.072968826076 86686.882993196443 88943.295347645108 88454.584917287619
11010147 1 1 1 4 3 8 7 4 0 11 6 3 2 2 4 3 0 1 1 1 0 0 0 0 2 3 2 -1.0000000000000001e+300 64497.164375808454 77193.463710364624 75828.843503603435
11010148 1 4 0 0 0 3 6 1 0 6 2 2 2 1 0 0 0 1 3 1 0 0 0 0 1 0 1 -1.0000000000000001e+300 93787.980353593826 93675.769735892609 93698.537674013278
11010148 1 7 6 5 1 8 5 0 3 6 3 0 0 5 2 0 0 1 1 1 0 0 0 0 0 1 2 91339.401144454896 85541.253213298754 -1.0000000000000001e+300 90743.942048929166
11010148 1 9 4 3 0 6 5 1 0 5 4 2 0 3 0 2 1 1 3 1 0 0 0 0 0 0 1 90871.70526006943 88432.464739338233 90895.969552863535 90619.116842541727
11010148 1 9 0 7 3 11 7 5 1 6 4 2 3 4 1 3 0 1 2 1 0 0 0 0 3 3 2 86083.308876725714 75531.532147139515 85432.635703177992 82393.275332874648
11010149 1 0 1 0 2 3 4 0 0 5 6 4 1 6 3 2 1 1 3 1 0 0 0 0 0 1 2 92103.255165497452 91565.770325060235 92008.115304605453 91524.318138122559
11010149 1 4 3 2 2 5 4 1 0 7 5 3 4 5 0 0 0 1 1 1 0 0 0 0 1 1 3 -1.0000000000000001e+300 88765.733175453584 90181.837827740426 90974.641276654846
11010149 1 0 1 0 0 1 2 2 0 3 4 5 3 10 10 0 1 1 3 1 0 0 0 0 2 3 2 90107.419087910544 89231.003590514578 89103.853215602066 89311.704120550727
11010149 1 9 6 2 2 11 4 1 0 5 0 0 0 2 1 0 0 1 1 1 0 0 0 0 3 3 4 86929.743042964401 81767.849068596377 86412.277925006405 85427.712526476884
11010150 1 2 3 4 1 4 0 2 1 1 0 0 3 0 3 0 0 1 3 1 0 0 0 0 3 4 2 96344.400443094739 96080.289884193931 96460.890890395196 96515.949910818454
11010150 1 0 2 0 0 0 0 2 3 3 1 3 4 3 5 8 5 2 4 0.5 5 0.5 0 0 1 0 0 91020.356581063228 91544.557294389524 90120.696007350125 90739.234725309463
11010150 1 0 0 1 3 1 0 2 5 0 1 5 7 4 5 6 9 1 2 1 0 0 0 0 1 2 3 89934.876349012033 91168.229187596837 89617.180012650599 90762.622655258951
11010150 1 5 9 11 3 4 7 7 3 1 3 4 1 0 2 1 3 1 2 1 0 0 0 0 1 2 2 76440.067415359168 74570.918618301061 73906.154760272315 73698.98198564176
11010151 1 4 2 2 2 0 1 5 1 0 2 0 0 1 4 1 3 1 3 1 0 0 0 0 1 1 1 94749.797258615494 96088.060577710465 95513.585530691678 94695.292161492282
11010151 1 0 2 7 0 0 0 3 3 3 6 4 3 2 4 1 2 1 3 1 0 0 0 0 4 2 2 89778.834101905537 91602.673801698489 89031.726062228379 88728.469061423122
11010151 1 9 4 0 0 9 3 1 1 5 2 2 0 0 0 0 1 1 2 1 0 0 0 0 0 0 2 90633.820616304904 87308.111357348767 90792.152279144517 89786.670109177503
11010151 1 2 0 0 1 1 4 5 11 0 0 6 5 0 0 2 1 1 2 1 0 0 0 0 0 0 1 81141.10107620318 81536.756546907971 80377.51180762882 80634.545115270943
11010152 1 2 0 1 0 0 0 4 1 0 3 2 3 1 3 4 1 1 3 1 0 0 0 0 1 3 3 96316.620328378413 96780.485400699428 96202.863257829464 96529.202246893954
11010152 1 3 0 6 0 2 1 2 6 0 1 3 8 0 0 2 3 1 2 1 0 0 0 0 4 2 3 87639.773346814181 89401.179125290044 88954.217324875819 89829.984568072337
11010152 1 0 2 7 10 0 6 5 8 1 2 5 7 0 3 3 5 1 1 1 0 0 0 0 0 0 0 81308.660151297619 91415.696274778151 90724.607765242748 90914.932956389137
11010152 1 9 5 7 1 11 8 0 4 2 7 0 3 0 3 1 2 1 2 1 0 0 0 0 2 1 2 67492.808756504863 59387.657293764642 77574.285101256464 81533.431766678274
11010153 1 3 1 2 0 0 1 2 0 2 3 3 2 0 0 1 1 1 3 1 0 0 0 0 0 0 0 97369.694350321675 97575.619405454534 96972.252703974198 97276.864231585641
11010153 1 6 2 1 0 8 3 0 0 6 3 0 0 4 2 0 2 1 1 1 0 0 0 0 2 1 2 91283.612555798725 87250.818708508479 91369.038693909912 91333.039301014913
11010153 1 9 8 4 1 7 6 3 2 5 4 3 0 3 0 3 0 1 1 1 0 0 0 0 0 1 0 90691.450209106726 90127.089974770788 90593.891892411746 85289.356506608121
11010153 1 3 11 4 5 2 7 5 3 4 0 4 3 1 0 1 0 1 1 1 0 0 0 0 0 2 0 75507.221013760325 76943.216449016967 76335.134936083501 71421.436442353239
11010154 1 0 0 0 2 1 3 3 2 6 5 3 0 4 4 5 0 1 3 1 0 0 0 0 4 3 3 92747.6891745061 93142.894479152004 92442.483418019605 93613.091773873777
11010154 1 1 2 0 2 0 1 2 3 0 4 3 6 4 6 8 7 1 2 1 0 0 0 0 2 0 0 91156.318386707571 91826.109831304784 82922.381400208353 90400.362353105374
11010154 1 0 3 3 4 0 5 10 10 0 3 3 0 1 5 2 0 1 3 1 0 0 0 0 3 3 3 87031.82721943887 89089.815675258666 88107.332847926984 84995.885400108076
11010154 1 2 5 7 10 3 0 5 11 3 0 4 5 1 0 3 3 1 1 1 0 0 0 0 1 2 1 82348.064857985839 88930.338439912492 88370.366468417807 89688.882790414966
11010155 1 1 1 3 0 4 6 3 0 3 2 6 0 5 0 1 3 1 2 1 0 0 0 0 1 2 2 90718.381528790793 91068.824218683774 90417.683787865855 91358.10729501248
11010155 1 3 1 7 2 0 5 5 7 0 2 3 5 0 1 2 3 1 1 1 0 0 0 0 0 0 0 86550.074385740794 87600.228641480993 88854.273154157083 85750.7589399555
11010155 1 7 8 9 10 3 7 6 3 2 4 2 1 2 0 0 0 1 1 1 0 0 0 0 2 1 2 86803.83287578274 88909.481928701658 -1.0000000000000001e+300 59005.916372921369
11010155 1 0 3 0 0 0 3 3 3 1 3 7 11 4 7 8 10 1 1 1 0 0 0 0 1 3 2 89938.531119460997 90547.647098913527 84775.212715053887 90017.428224638585
11010156 1 2 3 0 0 1 1 0 0 2 4 2 3 0 3 1 3 1 2 1 0 0 0 0 4 3 3 96373.330733645402 96713.790785895457 96924.275488803993 96927.081273225194
11010156 1 0 0 0 2 1 0 3 4 0 2 5 6 5 6 8 7 1 1 1 0 0 0 0 1 1 2 90611.99417983224 91076.504878699343 83809.886450202262 91223.776713327301
11010156 1 0 2 0 5 1 4 1 0 2 4 5 6 4 6 7 9 1 2 1 0 0 0 0 1 0 3 90343.527571203347 88800.715553002228 86129.834327884746 91441.637999653118
11010156 1 9 6 4 2 11 1 4 1 3 2 3 0 2 0 3 2 1 1 1 0 0 0 0 3 2 3 86313.514160514096 85909.60450255801 86334.117836664707 83326.737295252387
11010157 1 1 3 0 3 2 6 3 3 1 6 3 4 1 0 0 0 1 3 1 0 0 0 0 2 4 3 91953.670444850562 91803.173284539211 92252.721732625854 92457.64915570736
11010157 1 4 0 3 3 2 1 7 4 2 1 4 5 3 2 3 1 1 3 1 0 0 0 0 0 0 0 88795.663717839445 91102.381621515713 88647.056781327803 88942.503133222286
11010157 1 0 0 1 0 0 2 5 3 1 3 5 6 3 5 7 10 1 1 1 0 0 0 0 0 2 2 88935.580517297858 89582.64485801477 86920.194587487291 90190.252272536207
11010157 1 4 3 2 0 5 4 1 0 9 8 4 3 10 11 1 0 1 2 1 0 0 0 0 2 2 2 -1.0000000000000001e+300 81313.398337451494 94413.580355417565 93022.307388043613
11010158 1 0 2 0 0 0 0 1 2 3 4 3 4 0 1 3 2 1 1 1 0 0 0 0 3 3 3 96423.096453769322 96557.099260277217 96418.112643577435 96524.336604952812
11010158 1 1 2 5 6 0 4 4 8 4 1 2 6 1 0 3 4 1 2 1 0 0 0 0 1 1 1 87136.086461912899 91508.385726872075 91381.665756623464 88250.96700289537
11010158 1 3 5 8 10 0 3 3 4 2 0 1 0 0 0 1 1 1 2 1 0 0 0 0 1 2 3 89765.624191164388 89896.529335896892 89808.470980461745 82521.774649710089
11010158 1 9 11 5 3 8 7 3 2 0 2 3 1 3 0 0 1 1 2 1 0 0 0 0 3 2 3 86689.866616796135 87096.898755680886 87735.45000554221 76285.693113435409
11010159 1 0 3 0 0 5 1 2 4 0 5 4 0 1 0 3 2 1 2 1 0 0 0 0 4 3 4 94517.634875742122 94880.489240687544 95431.672297105892 94497.183740041059
11010159 1 0 3 3 4 0 2 4 6 3 0 2 8 0 1 0 5 1 2 1 0 0 0 0 2 0 0 87311.127082053747 90938.310844550841 90435.996383153964 91090.176925623135
11010159 1 3 0 0 3 0 0 3 5 2 4 5 6 0 4 1 10 1 1 1 0 0 0 0 3 4 4 84071.11831433473 88003.493464905609 87968.850144850046 87264.117061903788
11010159 1 3 2 2 1 5 4 1 0 8 7 0 0 9 11 7 5 1 3 1 0 0 0 0 0 0 0 88783.93505200326 83950.847333974714 89588.954970480961 89263.53821158153
11010160 1 5 4 4 3 3 3 4 0 1 5 0 0 3 2 1 0 1 2 1 0 0 0 0 3 3 1 94214.854146100231 94631.848241840082 94280.433589356282 94492.030090615968
11010160 1 2 4 5 7 1 4 4 8 0 2 3 7 0 1 0 4 1 2 1 0 0 0 0 1 0 0 85562.235918039194 91973.714046974681 92222.981640835671 91092.293545159162
11010160 1 0 0 4 10 0 0 5 8 0 1 0 6 2 3 0 4 3 4 0.5 5 0.25 6 0.25 3 3 3 84751.314771548423 88825.908874234519 89325.190602280811 89708.027694812423
11010160 1 0 5 6 1 1 6 4 4 3 2 10 11 0 2 4 9 1 2 1 0 0 0 0 2 1 1 62165.308731430974 59397.997024603312 58035.246599196762 59356.259436768363
11010161 1 0 0 3 1 3 3 2 0 4 1 4 2 2 3 3 0 1 3 1 0 0 0 0 2 1 2 96006.143136888088 95753.783729351897 95913.743155324017 96020.247925249743
11010161 1 5 3 0 0 6 3 3 2 8 5 2 0 7 1 0 0 1 3 1 0 0 0 0 1 0 0 91152.698350386621 85914.790331874159 91400.497484130276 91269.900259718081
11010161 1 1 3 2 0 0 5 4 1 4 4 8 3 10 8 7 3 1 2 1 0 0 0 0 1 1 2 90481.806923584867 83253.80725781506 79685.412895823101 88005.584382481597
11010161 1 0 0 1 3 0 0 4 7 3 4 4 11 4 6 8 9 1 3 1 0 0 0 0 3 4 3 75755.896412419839 85326.842254760864 78997.631616354513 85798.555311012562
11010162 0 1 2 2 0 0 2 3 2 3 3 4 1 0 5 0 3 1 1 1 0 0 0 0 1 0 2 95612.173051839345 96068.596582074228 95207.612810134888 95976.820248703894
11010162 0 4 6 7 6 4 6 1 0 3 3 2 2 3 1 0 0 1 2 1 0 0 0 0 1 0 0 91092.409093574228 90029.334970598386 91278.080042225687 87365.680047640155
11010162 0 3 5 9 10 2 3 3 3 1 3 0 3 0 3 0 0 1 2 1 0 0 0 0 4 3 4 89817.088467772701 88623.877432146066 89212.708460936483 83043.474610686011
11010162 0 4 0 1 0 8 3 3 2 11 8 3 0 3 1 4 3 1 3 1 0 0 0 0 0 1 0 79218.374497278739 78024.030973507135 81682.370397076709 80906.005032987712
11010162 0 2 5 7 1 3 5 3 1 1 11 9 5 4 10 4 3 1 2 1 0 0 0 0 0 1 0 -1.0000000000000001e+300 -1.0000000000000001e+300 27 27
11010163 1 2 3 1 1 4 2 2 0 4 0 0 3 1 1 2 0 1 1 1 0 0 0 0 2 3 3 96316.508343485286 96528.662871284134 96510.313099275765 97006.27909808101
11010163 1 3 0 0 0 2 1 0 0 4 4 4 3 8 8 7 5 1 2 1 0 0 0 0 1 0 0 91589.429201691368 89862.59522953628 83676.568420062438 -1.0000000000000001e+300
11010163 1 7 4 3 0 8 6 3 0 9 4 2 1 10 3 0 0 1 1 1 0 0 0 0 3 4 4 90926.536200643066 76550.822995147711 90921.321500842896 90035.275427795612
11010163 1 3 5 6 10 1 5 5 11 0 0 4 5 0 1 1 4 1 3 1 0 0 0 0 1 4 2 79636.070618896381 87968.509004099993 88043.736655491128 87149.270828740788
11010164 1 2 0 0 1 4 1 3 4 3 0 2 1 1 0 3 0 1 3 1 0 0 0 0 2 4 2 96301.955438038669 96391.022066713471 96375.641488256908 96090.789102463488
11010164 1 0 0 0 2 0 0 2 1 2 4 7 3 4 6 8 5 1 2 1 0 0 0 0 4 1 4 86966.065531096538 86969.617013166033 83054.142200700298 86984.756614517624
11010164 1 1 3 0 0 2 2 3 0 3 3 1 2 7 8 9 10 3 4 0.5 5 0.25 6 0.25 1 0 1 90097.664554895353 90567.26531559485 78242.675245589155 90295.84165911036
11010164 1 4 3 0 2 6 6 3 1 9 8 4 3 10 11 6 4 1 3 1 0 0 0 0 3 3 2 91246.384914072245 87040.457513932022 93037.43814175087 91917.770265310886
11010165 1 0 0 0 2 0 3 4 3 3 5 3 4 4 4 4 5 1 1 1 0 0 0 0 1 1 0 93715.480855253001 93891.284539540604 93534.549255357837 -1.0000000000000001e+300
11010165 1 1 0 0 0 0 3 3 3 5 5 4 0 6 7 6 4 1 2 1 0 0 0 0 0 0 0 90390.525591215963 91357.978175144293 89579.281555057634 90613.170717395493
11010165 1 3 0 0 3 0 1 2 3 4 5 6 7 5 7 9 10 1 3 1 0 0 0 0 1 1 0 90984.742533915633 90798.234582507415 80313.992302011728 90858.008414237265
11010165 1 0 3 0 0 3 1 2 1 5 2 0 0 6 8 11 4 1 3 1 0 0 0 0 3 3 2 84111.198055065601 83885.044513546512 81126.974875371248 84303.826122759157
11010166 1 0 1 2 3 1 0 4 1 0 0 2 4 0 3 0 3 1 2 1 0 0 0 0 3 3 3 96845.84110552512 96945.370751241848 96421.554819078359 96650.866605672563
11010166 1 0 6 4 1 7 5 4 2 0 5 3 2 3 3 3 1 1 4 1 0 0 0 0 3 3 3 90401.198107889562 90773.503487937531 91069.758082089887 90911.979697327115
11010166 1 9 8 7 5 0 3 3 5 3 2 2 1 0 0 0 1 1 2 1 0 0 0 0 3 2 2 91116.862311435587 90896.440328204917 90666.461911147315 82712.611305648054
11010166 1 4 5 11 9 0 4 5 7 2 4 5 6 0 1 0 0 1 3 1 0 0 0 0 3 3 3 81430.337542139852 87301.123098043943 88340.012187900444 80958.814068531268
11010167 1 0 4 3 2 0 6 0 3 1 3 6 1 0 2 3 3 1 3 1 0 0 0 0 4 4 2 91815.06716820439 91936.128755206388 91641.599667006914 91687.041491670127
11010167 1 0 4 4 8 0 2 6 6 3 2 4 5 0 1 2 4 1 1 1 0 0 0 0 2 1 1 83544.571284190853 85814.68736199828 87048.855563995588 87605.960183984076
11010167 1 4 3 5 10 2 1 7 9 2 3 6 8 1 5 5 6 3 5 0.25 6 0.25 7 0.5 2 2 2 76050.812059998585 86160.071651816979 90461.952325206687 81596.123989938264
11010167 1 0 3 0 3 2 1 7 3 2 4 7 11 3 4 8 10 1 2 1 0 0 0 0 4 2 3 91737.480334884924 92318.29982676587 82166.405112656968 91910.444065522519
11010168 1 1 2 0 2 2 3 0 0 1 0 1 3 3 0 0 0 1 3 1 0 0 0 0 1 1 0 97009.136682818338 96943.62180354922 97594.056204001114 97480.657050283422
11010168 1 0 2 2 1 1 3 2 3 7 6 5 4 5 8 4 3 1 3 1 0 0 0 0 2 1 2 84235.281572404361 82961.207008494443 74720.31482961656 -1.0000000000000001e+300
11010168 1 2 0 3 0 0 3 2 6 3 5 6 2 10 9 7 6 1 1 1 0 0 0 0 2 0 2 89775.654727198707 89704.145604050136 69443.001886223603 88243.765887561021
11010168 1 0 3 3 4 3 4 4 6 3 4 6 9 3 5 11 10 1 1 1 0 0 0 0 1 2 1 91078.165543268711 92147.834094518723 90987.617211923643 91858.763813094396
11010169 1 0 3 1 0 1 2 3 2 1 5 4 3 0 4 4 3 1 3 1 0 0 0 0 3 4 3 94680.224515053051 94664.072339540056 94437.133514792091 93797.203318295651
11010169 1 0 0 0 1 1 2 3 0 3 4 4 3 4 5 8 6 2 4 0.5 5 0.5 0 0 2 3 3 91252.058946395511 90581.657724070406 89151.658355567124 89479.93563624892
11010169 1 3 2 1 2 0 4 1 5 0 4 5 6 4 7 8 10 1 3 1 0 0 0 0 3 3 1 88462.164341304437 89966.396442135447 84792.135927627227 89654.312798512954
11010169 1 0 1 0 5 0 2 6 6 3 3 7 11 0 3 8 10 1 2 1 0 0 0 0 3 2 3 81469.767620604616 90394.135638722728 84127.698536181371 90694.665138530603
11010170 1 2 2 0 0 3 3 1 0 3 2 1 0 2 4 1 2 1 1 1 0 0 0 0 3 2 4 96714.032559096566 96939.660404166803 96660.250089249617 96765.115089813859
11010170 1 3 3 1 2 6 4 4 0 8 5 1 0 7 6 3 0 1 1 1 0 0 0 0 1 3 1 91872.889429716844 86178.038021997098 -1.0000000000000001e+300 91690.449214817068
11010170 1 4 4 3 1 6 2 2 0 9 0 4 0 10 1 2 0 1 1 1 0 0 0 0 0 0 0 89361.308509060123 82292.378385846241 89849.063233165958 89176.120315549691
11010170 1 5 11 7 5 2 5 3 0 2 4 3 0 0 1 0 1 1 2 1 0 0 0 0 4 3 4 82005.984397525564 80187.321334098655 82384.444021087256 78904.192277304828
11010171 1 6 3 3 0 5 3 3 1 5 4 4 0 4 5 2 0 1 3 1 0 0 0 0 0 0 0 91407.072976021751 90625.329407531797 91782.779538844698 92270.327650846259
11010171 1 4 0 0 3 5 0 0 2 8 5 3 0 3 3 2 1 1 1 1 0 0 0 0 0 0 0 89811.692386240131 88332.478617497822 89959.689977716364 89871.461847072307
11010171 1 3 0 0 3 6 4 3 3 7 6 5 3 9 3 4 4 1 2 1 0 0 0 0 4 3 4 89492.127307763658 84338.930050672454 85709.903753432256 89250.385758629302
11010171 1 1 3 7 8 2 0 4 11 3 1 3 5 0 0 2 4 1 3 1 0 0 0 0 1 1 1 79971.023899918539 84617.389939469504 84233.310963194715 84915.821018291375
11010172 1 4 1 1 0 2 2 6 0 0 1 6 0 3 3 3 2 1 2 1 0 0 0 0 4 3 4 92753.363531031762 92727.504991142385 92501.275162803373 92716.442211638379
11010172 1 0 3 0 0 3 2 0 0 2 4 3 0 4 8 5 3 1 1 1 0 0 0 0 3 2 0 90245.294250987819 91194.605295221147 89218.191389061627 -1.0000000000000001e+300
11010172 1 0 3 4 4 1 3 4 9 0 2 3 9 1 3 3 10 1 2 1 0 0 0 0 2 2 1 90805.009962609925 92515.87478580192 90957.846695473752 91456.779728514754
11010172 1 0 1 7 9 3 2 6 11 3 3 1 6 0 0 1 3 1 2 1 0 0 0 0 1 2 0 82053.403755064544 86429.036165058802 86865.061006621661 86616.056864690865
11010173 1 2 0 1 3 3 3 4 0 2 4 3 2 0 1 1 0 1 2 1 0 0 0 0 2 1 3 96077.828853347615 96150.058379175622 96267.951489752304 96217.73084549373
11010173 1 4 1 2 3 8 4 3 1 5 2 2 0 4 0 1 0 1 3 1 0 0 0 0 0 0 0 90697.851307513629 89099.647722617679 89981.335665610226 89555.903464950054
11010173 1 4 3 0 3 5 4 4 0 8 6 4 1 9 7 6 4 1 2 1 0 0 0 0 2 2 1 91481.41850727491 89449.237304880269 89785.015038022946 90340.289481339612
11010173 1 0 0 0 1 3 2 3 5 3 1 3 6 0 2 11 4 1 3 1 0 0 0 0 4 4 3 79514.007084188459 -1.0000000000000001e+300 77817.397423677321 82997.653201125984
11010174 1 0 5 5 1 2 1 6 5 2 0 0 0 0 2 0 0 1 1 1 0 0 0 0 0 0 1 92715.264417426079 92835.65432415437 93327.300718524391 92557.294751438822
11010174 1 3 1 0 0 0 5 4 3 0 5 5 5 3 5 8 6 1 2 1 0 0 0 0 1 1 1 89854.340195803583 90483.664217037353 85121.424079293851 90986.344532240226
11010174 1 1 0 0 0 0 2 0 0 3 7 7 3 4 5 8 10 1 1 1 0 0 0 0 2 3 4 87138.790616898477 90193.305064907021 84581.162329601299 90485.298796714182
11010174 1 0 2 1 0 3 3 3 0 5 4 3 1 9 11 5 4 1 3 1 0 0 0 0 1 2 2 85730.361690215155 85683.608397871692 80406.722007614851 84952.610153997943
11010175 1 4 1 0 0 4 2 3 2 1 4 2 1 2 0 3 0 1 1 1 0 0 0 0 2 2 2 96203.60858825047 96428.571164735171 96265.857665620904 96181.782891066861
11010175 1 0 4 3 8 0 1 3 8 3 4 2 7 0 1 0 5 1 3 1 0 0 0 0 3 4 1 83363.657919841935 90824.577078849659 91749.390107805724 89199.067117775732
11010175 1 1 3 4 10 1 0 3 6 0 0 2 4 0 0 0 2 1 3 1 0 0 0 0 4 4 3 87609.738306549902 88175.430852664373 -1.0000000000000001e+300 88255.363460809502
11010175 1 4 5 2 2 3 5 6 11 2 0 1 0 0 1 4 0 1 2 1 0 0 0 0 3 1 2 78182.644246457086 77044.974305139884 78730.325029859901 78528.08017075721
11010176 1 2 3 0 0 3 6 1 0 5 5 5 2 1 4 4 0 1 3 1 0 0 0 0 2 2 1 91651.727099204058 91101.248954045528 91124.715078862515 91422.896066335175
11010176 1 1 2 0 3 0 4 0 3 0 7 1 2 3 7 4 3 1 2 1 0 0 0 0 1 0 1 90189.417020519904 90286.065891073653 89635.341751291897 91685.977104136065
11010176 1 4 2 0 0 5 4 0 0 7 5 1 0 9 7 4 2 1 2 1 0 0 0 0 4 2 3 -1.0000000000000001e+300 89454.843111163631 90707.081047643514 -1.0000000000000001e+300
11010176 1 0 0 0 3 2 4 4 5 0 3 6 8 4 6 11 10 1 2 1 0 0 0 0 3 1 3 84868.896887895389 89847.635831184016 80394.612546816745 89958.644961347265
11010177 1 3 1 0 0 1 4 0 0 4 2 3 2 0 3 0 0 1 3 1 0 0 0 0 4 4 2 96948.066674258385 96846.966886369686 96723.122161921754 97062.444705614631
11010177 1 4 6 8 7 0 3 4 6 0 0 1 4 3 3 0 0 1 2 1 0 0 0 0 0 0 0 90431.573704672002 91420.055586681163 91425.381089560717 85404.459961572895
11010177 1 3 5 6 9 0 0 5 6 0 1 3 4 0 3 0 3 1 1 1 0 0 0 0 2 4 2 90267.003996516287 90752.503698323562 91093.777599710098 90214.974488256732
11010177 1 4 6 7 10 4 6 8 11 1 5 4 2 3 0 1 0 1 2 1 0 0 0 0 0 0 1 91328.035419899723 92873.275865659671 91250.490482189867 79471.710393353715
11010178 1 1 2 4 0 4 4 0 2 5 5 0 1 0 3 3 0 1 2 1 0 0 0 0 3 2 3 94281.947955504773 94455.122027923062 94177.783844143618 94740.977159892282
11010178 1 2 3 6 7 0 3 4 8 0 0 1 6 0 0 2 4 1 3 1 0 0 0 0 2 1 2 86100.665464163641 -1.0000000000000001e+300 91692.581209051554 91249.16298409774
11010178 1 0 5 3 9 0 0 5 7 0 3 3 6 1 3 6 5 1 3 1 0 0 0 0 3 4 3 75314.372422777917 89469.47853272529 88694.732530147361 86420.534000855652
11010178 1 2 0 0 2 4 1 3 0 7 4 4 3 9 11 5 4 1 2 1 0 0 0 0 4 2 3 86352.854353643255 83293.536579499589 79013.716543544098 85878.913799736183
11010179 1 2 6 5 5 3 6 4 2 0 3 4 3 0 0 0 1 1 3 1 0 0 0 0 4 3 3 90806.564599733028 90112.765034129625 90542.106287695031 89267.345710788693
11010179 1 2 7 6 2 1 4 5 3 0 3 3 3 2 1 1 2 1 2 1 0 0 0 0 2 0 1 90988.360861163368 90648.535117451247 90453.172147245117 90248.683677842404
11010179 1 0 3 6 9 0 1 6 8 2 1 5 5 0 1 0 2 1 3 1 0 0 0 0 1 2 2 86469.583776886153 90787.244770530437 90663.354201370559 90282.236071824751
11010179 1 10 7 6 4 11 6 3 1 1 2 2 0 3 0 3 2 1 3 1 0 0 0 0 1 0 1 87054.852276299091 88974.939382618017 87873.583375537899 79612.326349599782
11010180 0 3 0 3 0 5 2 4 0 3 1 1 2 3 4 2 0 1 1 1 0 0 0 0 0 0 1 95998.203225559642 95329.632512119075 95094.038345063163 95736.605173322867
11010180 0 2 0 0 1 7 4 3 0 8 5 4 1 3 3 3 3 1 2 1 0 0 0 0 3 3 4 89700.336039840477 86373.885865089542 85819.385496897783 88189.678341205785
11010180 0 5 4 3 0 7 7 5 0 8 5 5 3 9 0 3 0 1 3 1 0 0 0 0 0 0 0 91288.792200562268 83673.968117473269 90631.658194348362 89939.186252395608
11010180 0 3 6 0 0 4 7 2 3 11 6 6 4 9 7 8 5 1 3 1 0 0 0 0 1 0 0 86605.435451482015 68122.059885356735 70179.233985155588 -1.0000000000000001e+300
11010180 0 5 3 3 3 6 7 6 1 11 6 2 5 10 8 7 8 3 4 0.54545454545454541 5 0.27272727272727271 6 0.1818181818181818 0 0 0 29.999999999999996 33637.341968149631 -1.0000000000000001e+300 -1.0000000000000001e+300
11010181 1 3 2 0 1 3 3 2 0 4 6 5 0 5 5 0 0 1 2 1 0 0 0 0 3 1 3 92023.484255136631 93486.720262875635 92734.278111157546 93561.62353941561
11010181 1 0 3 0 0 0 3 3 4 3 0 4 1 3 4 7 7 1 1 1 0 0 0 0 1 3 2 90201.162232162606 89941.322108347667 88932.362232322863 89781.15958947262
11010181 1 3 0 0 0 3 0 0 0 5 3 3 1 5 7 9 10 1 2 1 0 0 0 0 0 0 1 89615.329090947707 89095.243190380468 78994.743349801283 89431.802516798023
11010181 1 0 2 0 5 1 4 5 7 1 4 6 9 3 5 11 10 1 3 1 0 0 0 0 3 4 3 93342.509947508966 93016.891838262338 84424.661478485723 92700.687878088647
11010182 1 4 3 0 0 2 0 0 0 3 1 3 0 4 3 3 3 1 1 1 0 0 0 0 3 4 1 96140.449923318534 96064.315369783639 95959.499815327392 96528.192320886097
11010182 1 7 8 7 5 7 4 0 0 4 4 0 0 4 0 2 2 1 3 1 0 0 0 0 3 1 2 91683.264971751574 89772.958534650665 91967.107464066445 84945.922372587578
11010182 1 10 6 5 3 7 5 3 1 5 3 3 2 1 4 3 0 1 1 1 0 0 0 0 1 3 1 89203.164239143254 88054.767613669057 89823.651818868602 89680.990592196293
11010182 1 4 0 0 3 11 6 4 0 9 4 3 0 5 4 3 0 1 1 1 0 0 0 0 2 3 2 81450.704657199807 77934.543618460186 79116.534578664447 80954.445410281391
11010183 1 1 3 1 3 5 2 0 0 1 4 1 0 2 0 1 2 1 3 1 0 0 0 0 0 2 2 96287.019846598298 95884.614809271414 95853.287559398901 95754.197947672175
11010183 1 0 3 5 3 3 3 5 5 0 2 3 7 0 1 0 0 1 3 1 0 0 0 0 4 4 3 90473.422730909311 90938.404508068546 90005.427774279422 91576.71295401032
11010183 1 3 2 0 1 1 3 0 4 2 1 2 6 3 4 6 10 3 4 0.5 5 0.25 6 0.25 2 2 2 88915.669158127159 88382.11580800412 89032.591475164649 88665.171190692272
11010183 1 2 1 0 3 0 3 3 3 2 4 7 6 1 5 11 10 1 3 1 0 0 0 0 0 0 1 87200.108619079983 87647.708020363571 77632.447969729154 86669.230121712404
11010184 1 0 1 0 0 3 2 4 0 4 1 1 0 5 6 2 2 1 2 1 0 0 0 0 2 1 2 94553.0256005923 94621.691899363228 94542.727560512241 94155.919858193403
11010184 1 0 2 3 7 2 3 3 8 0 0 3 6 1 3 6 5 1 1 1 0 0 0 0 3 3 4 78338.183467677547 91454.91166648388 91149.662392805156 91469.866785449893
11010184 1 3 5 7 10 0 0 0 5 0 2 3 5 1 0 0 3 1 3 1 0 0 0 0 3 3 2 88886.846342178571 89190.241031239566 89343.337642296829 86904.025682992215
11010184 1 2 0 6 6 1 1 6 11 2 3 7 9 0 3 8 3 1 3 1 0 0 0 0 0 0 0 75104.689730803599 79199.154078722859 82122.171826387887 82041.137233287955
11010185 1 3 2 0 0 0 0 1 1 2 2 0 2 0 0 1 3 1 3 1 0 0 0 0 1 0 1 97493.594636409354 97507.880705316857 97529.257663700322 97175.010231946901
11010185 1 0 0 3 0 0 1 4 6 2 2 4 8 1 3 5 7 1 2 1 0 0 0 0 4 3 4 88810.581089855201 91020.915507053724 91230.281957628555 90846.665997027056
11010185 1 0 1 3 4 2 0 4 6 4 0 5 7 2 4 6 10 1 1 1 0 0 0 0 0 0 1 82843.665165072351 89727.443627256784 89975.201036948274 89591.82243834174
11010185 1 3 7 9 10 3 6 8 11 0 3 4 4 2 0 1 2 1 3 1 0 0 0 0 4 3 3 94040.117098820047 94195.545230827469 93542.04196685637 88340.39022674883
11010186 1 0 0 1 3 0 4 2 4 3 3 4 5 3 2 5 6 1 1 1 0 0 0 0 2 2 2 92198.6178707832 92652.71585179081 93126.579464277209 92345.848417662695
11010186 1 3 5 5 1 2 1 2 8 2 4 0 3 3 0 1 0 1 1 1 0 0 0 0 3 4 4 85179.852529228228 85641.895345451238 85840.311702406252 86456.595978139274
11010186 1 4 3 8 9 3 4 0 3 1 2 1 3 0 0 0 2 1 3 1 0 0 0 0 3 3 2 90569.66198859131 89986.088508742541 88698.051801217778 89194.687303819912
11010186 1 3 11 0 0 11 5 3 1 7 2 1 0 4 3 0 2 3 5 0.37499999999999994 6 0.24999999999999994 7 0.37499999999999994 4 4 3 85720.705475548355 77627.399130610778 87662.611625782214 86787.567263320772
11010187 1 0 3 0 3 0 4 5 1 6 3 3 4 3 1 2 3 1 2 1 0 0 0 0 0 0 0 93661.088466025161 92786.106619226208 92525.973502457739 -1.0000000000000001e+300
11010187 1 6 5 4 0 8 4 4 3 6 3 0 2 4 1 0 2 1 2 1 0 0 0 0 3 1 4 91175.321593791057 86368.410591383683 91350.632105757133 90283.59648741968
11010187 1 10 8 7 3 6 5 4 3 4 0 0 0 4 0 1 0 3 5 0.25 6 0.25 7 0.5 3 4 2 87816.199575923732 90430.232359070083 88334.358342638428 86310.992107770362
11010187 1 2 1 0 1 2 3 0 4 11 8 7 4 10 9 8 5 1 1 1 0 0 0 0 2 3 4 89677.002639713741 93828.963630029815 97446.037071983475 95823.381007252698
11010188 1 2 3 0 0 0 1 1 3 4 5 2 3 1 5 6 2 1 3 1 0 0 0 0 4 4 3 92586.10570002468 93305.51977001247 92198.521234879983 92143.241113449549
11010188 1 0 1 1 2 0 3 4 5 0 0 3 8 2 0 3 4 1 3 1 0 0 0 0 1 1 1 89066.919242520453 90302.588362294337 90427.594246980181 90290.603563492637
11010188 1 4 5 7 10 0 4 7 8 0 3 4 3 3 3 0 1 1 2 1 0 0 0 0 3 3 2 85448.052607704376 90702.008401739629 90440.36750107976 86285.075837887969
11010188 1 0 1 0 0 3 0 0 0 11 5 4 3 10 5 4 2 1 3 1 0 0 0 0 2 2 2 88277.590385224175 88228.355633014435 85088.032153004009 87424.071241606871
11010189 1 2 1 4 1 2 6 4 6 3 5 4 0 0 1 0 2 1 3 1 0 0 0 0 0 0 1 89807.04003312852 91527.430008535026 89043.387196434865 88919.207148516623
11010189 1 0 3 5 6 0 2 3 8 0 1 3 6 3 3 3 5 1 3 1 0 0 0 0 2 2 0 87008.673058265747 91266.510639136963 91280.158586402758 90732.514423277593
11010189 1 4 7 9 10 4 3 2 0 5 1 2 3 1 3 0 0 1 1 1 0 0 0 0 1 2 1 89792.861282686383 87707.956058990487 89767.56182742992 78585.157823037982
11010189 1 3 3 0 1 6 4 3 0 11 7 4 2 10 8 7 8 1 1 1 0 0 0 0 3 4 4 86411.035315304616 81570.6576758507 89369.335205112904 89093.416389949256
11010190 1 4 5 4 4 0 4 6 2 1 1 2 0 2 3 0 0 1 1 1 0 0 0 0 0 0 0 93424.280053840208 93133.100631498455 93644.275219307208 92864.928914590841
11010190 1 2 0 1 3 0 3 2 3 1 3 5 4 5 7 8 7 1 1 1 0 0 0 0 1 2 2 90351.05335600629 91503.463782761406 83838.856634664757 91783.797353913105
11010190 1 2 4 5 6 0 3 4 8 0 2 3 9 0 0 1 10 1 3 1 0 0 0 0 2 1 0 71746.207295289656 -1.0000000000000001e+300 -1.0000000000000001e+300 90534.700394567946
11010190 1 3 2 3 0 5 6 1 3 3 6 8 11 1 7 9 10 1 1 1 0 0 0 0 0 2 1 -1.0000000000000001e+300 101740.13839456707 100500.26576234616 99846.427147210648
11010191 1 1 2 3 0 6 4 5 4 2 4 4 0 0 1 3 2 1 1 1 0 0 0 0 3 3 4 93087.527855190085 92475.299143268436 92762.312663382065 92219.73373842593
11010191 1 0 0 4 4 1 1 4 6 0 3 7 6 0 0 3 4 1 4 1 0 0 0 0 2 4 2 89315.473588918438 89975.080332746933 89361.508535649526 90642.088952554885
11010191 1 5 7 8 10 3 5 7 6 3 3 5 5 2 0 1 2 1 3 1 0 0 0 0 2 1 3 88087.03714043455 90884.752774107124 90208.267342576335 88524.187302705264
11010191 1 6 9 11 4 9 5 5 3 8 4 2 3 0 0 2 3 1 3 1 0 0 0 0 2 0 0 70061.983446995524 68224.19052422377 71690.784913491196 63992.563558371934
11010192 1 1 0 4 2 1 2 3 5 4 2 2 1 0 0 3 1 1 3 1 0 0 0 0 0 0 1 95060.961605436256 95090.357415658465 95241.820895724813 94948.577780829524
11010192 1 5 3 0 0 7 6 3 0 8 6 2 0 6 6 3 3 1 1 1 0 0 0 0 1 1 0 88627.257543559506 85542.827788207636 88327.797826018839 87411.26531860455
11010192 1 10 7 4 3 6 5 3 1 5 1 0 0 3 2 0 0 1 2 1 0 0 0 0 1 1 4 -1.0000000000000001e+300 89504.643273627735 90038.583637490708 88963.883336652376
11010192 1 2 0 1 1 4 4 6 0 11 8 5 4 10 9 6 4 1 3 1 0 0 0 0 2 3 1 91641.259602869221 94918.889202013786 72343.926576921571 90880.417470986577
11010193 1 3 2 3 5 0 4 5 4 0 3 4 3 0 0 0 3 1 1 1 0 0 0 0 3 3 1 93181.77637105847 -1.0000000000000001e+300 93954.191449977094 94386.870421524261
11010193 1 2 3 7 0 1 6 2 0 3 6 1 0 6 4 1 2 1 3 1 0 0 0 0 3 3 1 89324.894149043757 88005.332376059217 88134.664333915993 88521.199009514938
11010193 1 0 4 1 3 2 2 5 5 0 1 2 9 0 2 3 9 1 1 1 0 0 0 0 1 0 2 86733.470564199408 90769.638168784135 85513.440912467384 85260.627548644916
11010193 1 0 2 9 10 0 1 7 11 2 5 5 6 3 4 4 5 1 2 1 0 0 0 0 4 2 4 82620.199043712229 91390.733113727445 89321.98808130878 90557.257135433028
11010194 1 0 6 3 2 0 2 6 2 0 3 1 3 1 1 3 3 1 1 1 0 0 0 0 3 4 4 91680.265533074969 91766.278385139245 92151.550984846544 93311.80416634299
11010194 1 3 2 1 3 8 5 4 0 5 4 3 0 0 0 1 0 1 3 1 0 0 0 0 3 4 3 89336.195494064377 88589.469629928644 -1.0000000000000001e+300 89149.111576938609
11010194 1 10 8 7 5 0 3 4 5 3 1 0 2 0 1 0 0 1 2 1 0 0 0 0 2 2 2 89497.225163711977 89529.120536146045 89088.120859325689 80307.787650922182
11010194 1 10 11 5 7 7 5 3 4 5 4 3 0 2 3 1 0 1 2 1 0 0 0 0 3 2 3 -1.0000000000000001e+300 82662.895225492859 86443.893420027511 83747.006928127317
11010195 1 0 2 0 0 1 0 3 0 1 2 5 2 5 3 4 4 1 1 1 0 0 0 0 3 3 4 95146.578757497991 94627.231753039348 94708.894209741658 95084.829207611081
11010195 1 0 0 1 0 0 1 4 2 2 3 4 5 5 7 8 7 1 3 1 0 0 0 0 0 0 0 91640.28183118609 91547.713080061003 85553.634906090098 91583.22698520933
11010195 1 3 1 2 3 3 3 5 10 1 5 8 0 0 5 1 0 1 3 1 0 0 0 0 2 4 2 77355.1962179533 78369.760620183719 78402.833130983694 76754.814644771541
11010195 1 0 3 0 1 0 4 4 4 2 7 10 11 3 4 6 10 1 3 1 0 0 0 0 4 4 2 85678.266242503771 87085.44116037988 65200.083490169935 -1.0000000000000001e+300
11010196 1 0 4 4 2 3 6 1 0 3 3 6 0 0 1 0 0 1 2 1 0 0 0 0 3 3 4 92733.602167509802 92176.342839135061 92815.932293319696 91931.906794958355
11010196 1 3 0 0 2 0 3 1 3 4 5 4 3 6 8 6 4 1 3 1 0 0 0 0 0 0 0 91164.610937988109 90527.58977419186 87970.151850232651 91223.690455804186
11010196 1 5 1 0 0 7 3 1 0 8 5 4 1 9 6 6 2 3 4 0.33333333333333331 5 0.33333333333333331 6 0.33333333333333331 1 3 3 83963.378548191526 80393.9711700724 87842.511438220303 86077.231089909576
11010196 1 6 1 1 0 7 5 0 0 11 7 5 2 9 8 6 0 1 1 1 0 0 0 0 0 2 1 -1.0000000000000001e+300 81392.593333191777 88325.411762559437 88232.755852285161
11010197 1 0 0 3 2 0 3 0 1 2 0 2 4 3 1 5 4 1 2 1 0 0 0 0 2 0 1 95716.81560191403 95742.392086082022 96044.89476027312 96042.39442263708
11010197 1 2 5 7 5 3 4 6 3 1 2 4 1 0 0 0 1 1 1 1 0 0 0 0 2 4 4 88624.072858377738 87382.442997295584 -1.0000000000000001e+300 88669.232858838863
11010197 1 0 3 3 10 0 1 4 9 1 0 6 8 3 2 7 6 1 3 1 0 0 0 0 2 3 2 64092.609588674801 89408.272733041085 90001.55065601645 90076.395203561318
11010197 1 1 5 8 10 3 3 7 9 0 3 6 11 0 3 3 3 1 2 1 0 0 0 0 2 2 1 65137.829528057388 87103.80367876844 86740.189877036246 86830.048645139919
11010198 1 1 6 0 0 4 4 5 3 2 3 2 0 0 1 3 1 1 3 1 0 0 0 0 1 2 0 94663.419276988076 94450.795966919555 94956.483690049907 93114.228857729147
11010198 1 4 6 8 7 0 2 4 4 0 0 1 1 3 0 0 2 1 3 1 0 0 0 0 2 2 0 91370.731987345949 91812.478255289141 91288.561895261984 86897.127896197286
11010198 1 3 5 10 3 0 0 5 10 2 3 2 2 0 0 1 3 1 3 1 0 0 0 0 2 0 2 88467.041374888024 -1.0000000000000001e+300 88820.306796498175 88331.020436447987
11010198 1 4 7 11 5 0 5 5 3 0 1 3 3 0 0 0 2 1 1 1 0 0 0 0 3 4 4 81520.428675393472 81121.583880659658 83412.453375070138 79925.709791870497
11010199 1 4 3 3 3 4 4 5 0 6 2 2 1 0 0 0 1 1 3 1 0 0 0 0 0 0 0 94003.926340780774 93288.974800810392 92735.105525762294 94146.578446283034
11010199 1 2 0 0 0 3 3 0 0 5 5 1 2 7 0 1 0 1 3 1 0 0 0 0 2 2 1 91945.717656908164 92396.131977366487 92660.272279984769 93397.198056962749
11010199 1 10 5 3 4 8 5 3 0 5 0 0 0 1 4 1 2 1 1 1 0 0 0 0 0 2 1 89698.856440530741 84055.831743632909 89751.01203165717 89298.743740638762
11010199 1 10 9 1 3 11 7 8 2 8 5 5 3 5 1 0 0 1 2 1 0 0 0 0 3 3 3 80845.272041240547 73353.84900754955 -1.0000000000000001e+300 81680.329192323581
11010200 1 1 3 3 4 5 4 5 2 4 0 0 3 3 0 0 3 1 1 1 0 0 0 0 1 2 2 94365.941145259814 93060.60669950732 93804.60407484902 93742.293250312199
11010200 1 3 3 1 3 1 0 0 0 2 3 5 7 5 7 8 7 1 2 1 0 0 0 0 0 0 0 91785.078887759941 91562.845767327322 85387.76363643576 92069.086685060902
11010200 1 1 0 0 0 0 6 3 3 1 4 4 7 4 5 6 10 1 3 1 0 0 0 0 2 4 3 87721.989344910893 86094.828525852616 83021.43511805484 85979.500664037128
11010200 1 0 3 3 10 3 1 9 11 7 6 6 7 2 3 1 4 1 2 1 0 0 0 0 1 1 1 56926.801984387668 66045.227715831483 63741.635141096456 -1.0000000000000001e+300
11010201 1 4 3 3 0 2 1 0 3 2 3 4 2 1 0 3 0 1 1 1 0 0 0 0 3 3 1 96512.563101064588 96068.112570818121 95763.025006158627 95886.950417816421
11010201 1 0 1 2 0 0 4 3 0 3 3 4 0 7 2 1 3 1 2 1 0 0 0 0 3 2 3 92765.697114960087 92550.295658894989 92164.620615192252 -1.0000000000000001e+300
11010201 1 4 0 6 9 3 5 7 8 0 4 4 5 1 2 3 4 1 3 1 0 0 0 0 3 3 3 84004.27317449644 91598.749859266565 91766.63024181436 91391.643661255526
11010201 1 1 2 0 5 0 0 3 11 0 1 6 7 0 3 2 7 1 1 1 0 0 0 0 1 2 4 79267.308250539005 81895.586114596357 82658.786661491074 81882.698965369796
11010202 1 1 0 0 2 3 0 0 2 1 0 2 3 6 6 4 3 1 1 1 0 0 0 0 0 0 0 93656.022792457719 93185.449763091267 92220.355187473877 93057.935663416138
11010202 1 0 0 2 1 0 6 4 2 7 6 4 1 3 3 4 4 1 2 1 0 0 0 0 4 3 2 90751.713853655499 90584.717800512473 89200.591458160125 89322.422522786655
11010202 1 3 0 0 3 3 4 0 0 4 5 2 0 9 7 5 3 1 2 1 0 0 0 0 2 0 2 90297.774485254675 90192.652046469695 86302.816805853305 90528.92077184064
11010202 1 10 9 6 4 11 8 5 4 0 7 5 3 3 2 1 2 1 1 1 0 0 0 0 2 2 2 92310.875433198089 88763.263825388727 99060.223156713371 95713.759186062147
11010203 1 3 0 0 4 1 4 3 5 0 3 5 4 0 2 3 3 1 3 1 0 0 0 0 3 3 0 93678.708110785505 94175.319830690496 93247.149283123028 94003.994711854728
11010203 1 2 0 6 7 0 3 6 1 0 0 3 2 0 0 0 1 1 3 1 0 0 0 0 2 2 3 91920.818565061796 90776.015945405481 91250.320454265995 91308.991673616663
11010203 1 7 8 9 10 6 5 3 1 1 5 3 0 0 2 1 2 1 3 1 0 0 0 0 0 1 2 91768.683898725925 90704.568383327918 92811.047782262889 86110.233072643852
11010203 1 9 11 5 4 5 4 3 1 3 2 2 0 3 1 1 0 1 2 1 0 0 0 0 3 3 3 -1.0000000000000001e+300 85832.452341590804 85639.636050030429 78739.807178186777
11010204 1 0 3 1 3 3 4 3 6 3 3 5 5 1 0 1 2 1 2 1 0 0 0 0 2 3 3 91964.31394527333 92458.63234212852 92637.867846352718 92190.602254748344
11010204 1 0 2 3 6 0 0 3 7 3 1 3 7 0 0 4 5 1 1 1 0 0 0 0 3 4 3 85661.458578410631 -1.0000000000000001e+300 90594.252498708243 91197.41477249116
11010204 1 4 5 7 10 0 4 5 6 0 1 2 5 3 0 0 4 1 2 1 0 0 0 0 2 1 2 88548.40557841846 89413.661370305781 89515.287563369522 87848.669933203375
11010204 1 4 2 0 1 5 4 1 0 6 6 3 2 10 11 7 3 3 4 0.54545454545454541 5 0.27272727272727271 6 0.1818181818181818 0 0 0 87069.654903360759 86331.527176389369 89309.298998277474 87598.245119580853
11010205 1 1 0 0 0 2 4 3 3 6 3 4 3 3 6 4 5 1 2 1 0 0 0 0 4 3 4 91153.804802911938 91470.847755185532 90868.856501342307 91211.882692600993
11010205 1 2 0 0 4 0 3 7 7 2 5 6 8 2 2 5 7 1 3 1 0 0 0 0 4 0 0 79531.481368902838 81903.510531021835 86153.52738238532 86325.664907900195
11010205 1 0 2 0 3 3 7 3 4 4 5 4 4 5 6 9 10 3 5 0.25 6 0.25 7 0.5 1 0 0 87265.417074085577 81507.891610474122 70530.657455017848 82804.506339130836
11010205 1 6 5 3 3 7 5 3 1 9 7 4 0 10 11 8 3 1 2 1 0 0 0 0 2 2 3 92658.227362684134 52200.092277639691 86299.086123415458 92828.776817482474
11010206 0 0 1 0 3 1 3 0 3 0 2 4 2 5 5 1 4 1 1 1 0 0 0 0 2 4 3 94020.096304853942 94098.280666259467 94083.094260783822 94024.626824112493
11010206 0 2 0 0 2 3 1 4 2 5 4 3 1 7 8 7 4 1 1 1 0 0 0 0 2 2 3 91641.603192445255 91633.077344910242 83487.093284810529 91093.642679066586
11010206 0 2 0 1 0 2 2 1 4 1 6 5 5 10 9 8 6 1 1 1 0 0 0 0 1 2 3 88182.739890047276 90080.689507431627 74045.091066287321 90079.529216114213
11010206 0 1 2 0 0 6 3 0 1 8 7 4 3 10 5 11 8 1 2 1 0 0 0 0 0 0 0 74278.846868801542 71678.707007335091 59671.017365749787 -1.0000000000000001e+300
11010206 0 4 2 4 3 6 7 4 1 8 5 8 4 10 7 11 8 1 2 1 0 0 0 0 4 3 2 -1.0000000000000001e+300 -1.0000000000000001e+300 9 9
11010207 1 1 3 4 1 0 0 2 0 3 2 3 0 0 1 3 2 1 2 1 0 0 0 0 3 2 4 96158.977783959592 96101.878134884944 96618.621611900715 96987.919170890324
11010207 1 7 8 6 4 3 5 4 0 3 0 0 0 3 0 2 1 1 3 1 0 0 0 0 1 1 2 91743.063313879917 91706.844535099706 91740.186150881942 87675.382113123633
11010207 1 3 10 2 0 3 5 3 0 2 1 3 0 0 1 3 3 1 1 1 0 0 0 0 3 4 2 85037.084355276049 85827.039209873386 86047.601784126178 85336.071951240039
11010207 1 3 0 1 4 0 3 4 5 0 3 5 11 0 4 7 9 1 3 1 0 0 0 0 3 4 2 78639.248158852744 86642.766104143186 86209.520570981505 86698.72845464939
11010208 0 3 1 0 0 1 2 1 1 2 3 2 4 5 1 0 0 1 2 1 0 0 0 0 1 2 2 96240.148063458342 95862.970605613998 96569.016314497931 96343.305407380729
11010208 0 3 1 5 7 2 2 3 8 0 3 4 7 0 0 1 5 1 2 1 0 0 0 0 1 0 0 85611.035988707561 -1.0000000000000001e+300 91703.157362701837 91266.003203209635
11010208 0 1 3 6 9 1 2 5 8 3 0 4 4 3 0 0 0 1 2 1 0 0 0 0 3 3 2 84108.929191610892 91015.70753205748 90952.613043076752 89050.288375286007
11010208 0 3 2 0 0 4 0 4 0 8 6 1 1 10 11 5 4 1 3 1 0 0 0 0 0 1 0 88505.851291470055 87706.269252947241 78603.754835711239 86313.34155607858
11010208 0 3 2 3 1 8 5 4 1 9 6 5 2 10 11 6 4 1 1 1 0 0 0 0 1 2 0 -1.0000000000000001e+300 -1.0000000000000001e+300 3 3
11010209 1 0 3 3 5 3 5 3 2 1 3 5 1 0 2 0 0 1 3 1 0 0 0 0 2 2 2 93711.428878233157 94825.170036231153 94271.552164363864 93698.918923963734
11010209 1 0 0 0 3 1 2 0 1 0 3 7 7 2 3 4 5 1 4 1 0 0 0 0 2 2 3 89008.98753054587 89063.861914576541 88728.036609141054 88959.948193746124
11010209 1 0 2 1 4 3 3 4 6 0 0 6 8 2 3 5 9 1 1 1 0 0 0 0 3 3 2 82165.670067989893 90999.794256242327 90658.026473650854 90713.591307939307
11010209 1 7 7 5 2 4 0 8 9 1 1 6 11 3 2 5 10 1 3 1 0 0 0 0 3 3 3 62152.486845047111 74934.452083553915 69860.856513015344 65276.883236572976
11010210 1 0 4 3 5 1 0 5 4 0 3 1 6 0 2 3 0 1 3 1 0 0 0 0 3 4 3 91451.801070276895 91913.655695734633 92199.038970382127 91883.832303096031
11010210 1 4 2 1 1 5 3 3 2 8 4 2 0 6 2 1 0 1 1 1 0 0 0 0 0 0 2 91302.987481579941 88422.827289223875 91176.31009309036 89650.067756177072
11010210 1 5 3 1 2 7 3 0 0 8 3 2 0 9 3 0 0 1 1 1 0 0 0 0 0 0 0 91045.71167819509 84145.615160980567 91169.816044267733 90892.729383589889
11010210 1 2 0 0 0 4 0 0 0 6 4 0 2 10 11 5 3 1 3 1 0 0 0 0 3 1 1 88467.471713307139 87321.093197035429 84755.278081238037 -1.0000000000000001e+300
11010211 0 1 4 3 1 2 3 3 3 0 0 2 0 0 0 3 0 1 3 1 0 0 0 0 4 4 2 96619.214468593753 96556.778635120776 96186.740265973407 96924.501173339668
11010211 0 4 8 0 0 3 4 5 0 1 5 3 4 2 3 0 0 1 2 1 0 0 0 0 2 1 0 -1.0000000000000001e+300 89769.71030954727 89687.286402506288 88038.397829341353
11010211 0 1 5 5 10 2 2 4 9 1 3 3 8 1 1 2 3 1 1 1 0 0 0 0 0 2 2 78346.479059799356 89570.284886013484 89475.004965634042 89352.144139681201
11010211 0 2 0 2 3 0 3 4 7 3 4 6 11 3 4 8 9 1 3 1 0 0 0 0 4 2 3 84460.828738215394 86150.017614865632 86612.002866501221 86883.461359397304
11010211 0 1 1 5 1 4 1 5 3 2 6 8 11 4 7 9 10 1 3 1 0 0 0 0 0 3 0 -1.0000000000000001e+300 -1.0000000000000001e+300 30 30
11010212 1 0 2 1 1 0 3 5 3 5 4 3 2 3 4 1 0 1 3 1 0 0 0 0 2 3 2 93710.169356111481 94236.2298889425 93587.447420653829 93379.499234699062
11010212 1 3 3 3 0 4 5 5 4 3 1 7 0 4 0 0 0 1 2 1 0 0 0 0 0 0 1 90128.352862538333 89780.50300930356 90180.867516508733 89341.510663983936
11010212 1 1 0 0 0 2 1 0 0 6 4 3 1 10 9 7 6 1 2 1 0 0 0 0 0 1 0 89939.439891777685 89866.388781494345 74571.16993711867 89040.834309670739
11010212 1 1 0 0 0 2 0 3 3 3 5 4 0 3 11 7 3 1 1 1 0 0 0 0 0 1 1 82460.851315737847 82917.490071781504 81717.043851137249 83272.867606868385
11010213 1 2 6 1 3 5 2 3 2 1 0 0 3 3 0 0 0 1 1 1 0 0 0 0 3 3 2 94035.68689804984 93582.647410314705 -1.0000000000000001e+300 94058.480886904639
11010213 1 0 0 0 5 2 7 3 2 2 0 2 4 0 3 1 1 1 3 1 0 0 0 0 3 1 2 91533.942480925834 90821.780439290786 90940.938652101599 90784.058821101047
11010213 1 10 4 0 0 8 4 3 0 6 4 0 1 3 3 0 0 1 2 1 0 0 0 0 1 1 1 89746.530276611447 83717.625403419486 89926.393120434601 89477.075340338575
11010213 1 10 9 3 0 11 7 3 0 6 6 2 1 4 4 3 0 1 3 1 0 0 0 0 0 0 1 92612.571879866256 86471.997559592986 92395.430952005016 92215.723790940378
11010214 1 3 6 5 2 2 5 4 4 4 4 0 2 0 1 0 1 1 3 1 0 0 0 0 3 2 1 93006.428983673046 91113.280559737585 92802.5751141972 91388.841326113397
11010214 1 3 0 5 6 0 2 6 8 1 1 3 6 0 0 2 4 1 1 1 0 0 0 0 3 4 4 84939.607720146611 89981.855322931064 90067.045172513943 90063.859313937603
11010214 1 3 5 7 9 0 3 4 7 3 1 0 5 0 0 3 2 1 3 1 0 0 0 0 4 4 2 91353.550490129812 91155.896260934169 91558.956838028636 90739.332361822846
11010214 1 3 0 3 3 3 4 4 0 3 5 6 11 4 6 9 10 1 3 1 0 0 0 0 4 4 2 91499.148859964567 92373.804612453489 82144.990806091082 91558.965193940385
11010215 1 0 0 2 6 3 4 6 1 1 1 3 5 0 0 2 3 1 3 1 0 0 0 0 1 2 2 91105.838077729088 -1.0000000000000001e+300 89344.56029510498 91162.091499328613
11010215 1 3 1 2 0 5 3 2 1 8 4 0 0 6 3 1 0 1 3 1 0 0 0 0 2 3 1 90978.372839774529 88550.976429413451 90792.21847233313 90720.815390440199
11010215 1 10 3 0 3 9 5 3 2 7 4 0 0 4 3 3 0 1 1 1 0 0 0 0 1 1 1 89625.710444635755 79228.487461686236 89899.782056850992 89387.33800842044
11010215 1 4 0 3 0 11 3 1 2 7 3 0 0 4 4 2 0 1 3 1 0 0 0 0 1 0 0 83333.514871640451 81998.442235064693 83111.858713754133 83102.665029679672
11010216 0 0 1 0 2 5 5 0 0 3 4 3 3 4 3 5 3 1 3 1 0 0 0 0 1 1 0 94520.6569313738 94197.068663817874 93562.102905803258 94405.512705485016
11010216 0 4 0 3 3 4 3 1 0 5 4 2 0 7 8 7 4 2 4 0.5 5 0.5 0 0 0 0 0 91519.156538681273 91037.886521368695 87088.835122237273 92418.931118169683
11010216 0 0 0 2 3 0 4 3 1 3 5 5 2 10 8 6 3 1 1 1 0 0 0 0 0 0 2 89247.06702218276 88705.554190912473 79083.652729636582 90025.444397641229
11010216 0 1 1 4 9 1 3 5 11 0 3 1 5 2 0 0 3 1 2 1 0 0 0 0 0 2 1 81419.176181234536 84939.902613216138 84796.325519265287 84778.048547403188
11010216 0 3 4 3 1 1 3 8 10 5 2 11 9 2 3 4 4 1 2 1 0 0 0 0 4 3 4 9 9 -1.0000000000000001e+300 -1.0000000000000001e+300
11010217 1 0 4 0 0 2 3 2 3 1 1 1 3 1 3 2 3 1 2 1 0 0 0 0 2 2 3 95619.748380025223 96035.68957584117 96096.521645308807 96105.692346013617
11010217 1 0 0 0 3 0 3 7 3 0 0 0 4 3 3 4 4 1 2 1 0 0 0 0 2 1 3 91941.303629603673 92356.837884652792 92399.009665407357 91846.903814065576
11010217 1 9 7 6 5 5 5 5 3 3 1 2 0 1 0 0 2 1 1 1 0 0 0 0 2 3 3 90887.415647700065 90646.922399592164 91021.41984263451 84170.580712776646
11010217 1 0 1 2 0 3 2 4 4 0 4 6 11 1 5 8 10 1 3 1 0 0 0 0 4 4 2 80721.127270985991 89277.79675358595 82830.228508326007 89433.910185075743
11010218 1 1 0 0 0 1 4 4 0 3 0 1 0 2 0 3 2 1 3 1 0 0 0 0 3 4 3 96521.68861411135 96467.266296691247 96613.902309023033 96347.227650639077
11010218 1 6 8 4 0 4 5 1 0 2 1 2 2 0 1 0 3 1 1 1 0 0 0 0 0 1 1 90034.312285663313 89844.259384376273 89888.716049753697 87600.107627647332
11010218 1 3 6 7 10 3 4 6 6 4 0 3 3 0 1 0 0 1 2 1 0 0 0 0 0 0 1 89702.410099991728 89809.348848232054 89837.515193390747 84102.003489321825
11010218 1 5 7 11 10 3 4 8 9 2 4 4 6 0 1 0 4 1 2 1 0 0 0 0 2 1 0 88726.158543336991 89533.727214187384 91528.431063271666 73796.166989479927
11010219 0 3 1 1 3 0 0 3 2 2 2 3 0 0 1 0 0 1 3 1 0 0 0 0 0 0 0 96859.457032115373 96979.03270518659 97394.627133403148 97153.884364701284
11010219 0 1 0 0 0 3 4 4 5 2 1 7 4 3 6 3 3 1 4 1 0 0 0 0 1 2 1 89500.184806345089 90817.433447705553 87143.86726532942 -1.0000000000000001e+300
11010219 0 0 1 3 0 0 1 2 0 0 1 5 4 3 5 6 10 1 3 1 0 0 0 0 0 2 0 88880.354695520145 89371.524300419958 84874.174064131817 -1.0000000000000001e+300
11010219 0 1 3 4 1 2 2 4 2 5 4 3 4 6 9 11 6 3 4 0.54545454545454541 5 0.27272727272727271 6 0.1818181818181818 2 1 2 -1.0000000000000001e+300 -1.0000000000000001e+300 69793.743385323382 71816.499733422199
11010219 0 3 7 1 2 5 4 5 4 8 6 8 6 10 11 1 3 1 2 1 0 0 0 0 0 0 2 3 3 -1.0000000000000001e+300 -1.0000000000000001e+300
11010220 1 0 3 2 0 3 6 1 0 3 0 0 0 6 1 0 2 1 2 1 0 0 0 0 2 1 1 94431.021465874364 94013.342230881739 94051.201330034557 93647.00163308809
11010220 1 0 0 1 4 0 2 3 7 0 3 2 8 2 1 5 5 1 1 1 0 0 0 0 0 0 1 85143.572975052171 90975.596952162974 90798.428063305502 -1.0000000000000001e+300
11010220 1 5 8 9 10 5 3 8 3 0 2 1 0 3 0 1 0 1 1 1 0 0 0 0 0 2 0 91195.292229811661 91674.475738729685 93487.455535861256 92128.97187233156
11010220 1 4 8 11 10 0 5 7 9 0 4 4 5 2 0 1 3 1 1 1 0 0 0 0 3 4 4 81119.774417659573 89827.680590624688 90728.721775538099 82670.270641672454
11010221 1 2 1 4 2 0 3 1 3 0 1 0 3 0 0 0 2 1 3 1 0 0 0 0 4 4 3 97248.226747208886 96893.527026963944 97174.156429724258 97005.628691888574
11010221 1 7 8 6 4 6 5 3 2 3 4 3 0 3 2 0 3 1 1 1 0 0 0 0 2 1 0 91861.613496826045 90932.343694133102 91733.965986144656 84819.023677949022
11010221 1 10 4 4 0 8 6 2 1 7 5 3 2 6 2 1 3 1 3 1 0 0 0 0 1 0 0 89181.328446117055 74460.935825411405 88658.904290071427 88180.001176626683
11010221 1 9 7 1 0 11 7 4 2 9 0 4 1 4 0 2 0 3 6 0.1818181818181818 7 0.27272727272727271 8 0.54545454545454541 0 0 0 70487.779022202172 76741.236011563451 71054.577919873467 78747.976566583427
11010222 1 3 1 0 0 3 6 2 0 3 4 4 0 5 3 3 4 1 3 1 0 0 0 0 4 4 3 93095.137253742505 94314.975554892517 93093.334803263351 94565.071605942459
11010222 1 0 2 1 0 0 0 3 4 2 5 4 5 3 5 8 7 1 1 1 0 0 0 0 1 1 1 91019.063100054074 91300.614590509067 86043.305377070807 91243.42434412791
11010222 1 0 0 0 2 0 0 3 5 0 1 2 6 2 4 6 9 3 4 0.33333333333333331 5 0.33333333333333331 6 0.33333333333333331 4 2 4 90846.194169077193 90672.902536457143 91188.96989928167 -1.0000000000000001e+300
11010222 1 4 3 4 0 6 5 5 3 8 7 2 0 10 11 0 1 1 3 1 0 0 0 0 0 0 0 90428.662277189404 88609.375051198076 90060.421731541195 89433.75724967054
11010223 1 3 3 3 0 1 5 3 3 4 1 3 0 3 0 0 0 1 2 1 0 0 0 0 1 2 0 95154.379402937717 95530.960989016065 95814.451661215891 95174.115064644531
11010223 1 7 4 3 3 8 5 4 4 7 4 1 2 6 7 1 0 1 3 1 0 0 0 0 2 3 1 87155.550736267614 75600.081973118766 -1.0000000000000001e+300 85716.830502409779
11010223 1 10 0 3 0 7 6 6 1 5 5 3 0 4 3 1 0 1 2 1 0 0 0 0 1 2 0 89863.18476109764 83766.154508056774 88395.74242202373 89482.025110603106
11010223 1 0 2 0 0 4 1 0 0 11 5 0 1 9 6 5 0 1 2 1 0 0 0 0 0 0 0 86393.164818821155 80269.745276504254 83344.320776807479 86298.494319055084
11010224 1 3 6 2 3 0 0 6 1 3 4 6 3 0 2 0 0 1 1 1 0 0 0 0 0 0 0 89815.222555410975 90533.333400841919 90270.948733265439 90008.540298927488
11010224 1 2 1 0 2 6 4 0 0 6 3 1 1 4 3 7 2 1 3 1 0 0 0 0 0 0 0 89994.151400935574 90125.430479501694 89155.70376923203 90507.199754669578
11010224 1 3 3 1 3 7 4 3 0 8 6 3 2 10 5 4 3 1 1 1 0 0 0 0 1 2 1 89448.119600415856 83186.190595906577 87817.484830741916 89623.167045571143
11010224 1 6 6 3 2 9 4 1 0 11 1 3 0 4 0 2 2 1 1 1 0 0 0 0 2 2 3 82160.195051661402 78107.622112913959 81597.368765323568 80651.005535936769
11010225 1 3 0 0 0 1 4 4 2 5 4 6 1 2 3 3 1 1 2 1 0 0 0 0 0 0 0 93165.921369989315 92255.486243149513 93596.525394688011 92167.099183676619
11010225 1 3 6 7 4 3 5 2 1 3 2 0 0 1 0 0 0 1 3 1 0 0 0 0 2 2 2 91371.528412144267 91203.094221271749 90921.628879874203 90555.827215408688
11010225 1 0 0 3 2 1 4 6 4 5 2 5 4 1 5 7 10 1 2 1 0 0 0 0 1 0 2 82809.692701850508 -1.0000000000000001e+300 79746.627769458675 84911.166158637585
11010225 1 0 2 1 3 3 4 5 6 4 5 6 9 5 7 11 10 1 1 1 0 0 0 0 0 1 0 93422.011729756749 92706.946583173733 96385.722903812974 -1.0000000000000001e+300
11010226 1 0 1 4 2 0 5 0 3 3 2 4 0 0 3 0 0 1 1 1 0 0 0 0 2 2 1 95962.481258670159 95357.576172342713 96012.685107919911 95683.302577520313
11010226 1 5 8 7 3 5 4 3 2 4 1 1 0 2 0 0 0 1 2 1 0 0 0 0 4 3 4 -1.0000000000000001e+300 90283.705957072423 90981.533805669431 87377.530266897433
11010226 1 9 3 0 0 8 6 1 0 7 5 1 3 5 5 5 2 1 2 1 0 0 0 0 0 0 0 91094.219554577852 78976.436216548071 89936.918278208163 91509.572291463614
11010226 1 10 11 9 5 8 6 5 3 1 3 3 3 0 0 1 0 1 2 1 0 0 0 0 0 1 0 82682.188554111999 83680.373390589288 84955.588608671576 67522.247126086688
11010227 1 3 0 0 0 1 4 3 6 3 4 6 2 2 1 0 3 1 3 1 0 0 0 0 4 4 1 92576.493122206783 92344.939135384775 92022.788244783136 91072.27478647526
11010227 1 1 3 0 0 1 3 0 1 4 5 4 2 7 8 6 4 1 1 1 0 0 0 0 0 3 0 91209.623904342792 91027.095715239455 84034.309742229016 91101.446235468582
11010227 1 0 0 0 1 1 0 3 0 2 3 3 3 9 7 6 3 1 2 1 0 0 0 0 2 2 3 91103.99821242434 90514.141077248089 85847.551307233793 90987.739427996814
11010227 1 0 2 3 4 3 4 0 6 0 5 6 7 2 8 11 9 1 1 1 0 0 0 0 2 1 1 76247.384908160035 82897.696970439618 70924.651247387766 81866.334306116216
11010228 1 0 0 0 1 3 3 3 5 0 4 5 6 0 0 3 2 1 3 1 0 0 0 0 0 0 0 92830.153069496155 93403.544100212326 93395.45918160658 93262.936521321433
11010228 1 0 5 1 0 0 4 7 2 3 4 2 3 1 1 0 0 1 3 1 0 0 0 0 1 2 1 90355.073408812721 91073.959310958497 90661.62311649714 90707.299503438218
11010228 1 4 7 8 10 3 4 7 6 1 3 5 5 0 0 0 3 1 2 1 0 0 0 0 0 0 0 88051.492596040334 90929.461646982905 -1.0000000000000001e+300 78446.523169197681
11010228 1 9 11 7 4 8 8 0 2 6 5 1 3 1 5 1 0 1 2 1 0 0 0 0 1 2 3 89124.848674265013 77908.134660539916 90942.131230314641 76221.327449354998
11010229 1 0 0 1 0 2 1 2 0 3 3 2 0 3 1 3 3 1 3 1 0 0 0 0 4 4 3 97307.001015647606 97107.145795691365 96888.027901400768 97021.990090784879
11010229 1 0 3 3 0 8 4 1 0 3 2 5 2 0 1 0 0 1 3 1 0 0 0 0 3 3 3 89140.000473107328 88931.4879547538 90033.822294628088 89251.125807345408
11010229 1 10 8 5 0 6 6 1 0 7 4 4 3 3 3 0 1 1 2 1 0 0 0 0 2 3 3 85696.325710338322 79733.903262946304 89553.579352627406 89233.711786471657
11010229 1 3 3 0 3 6 3 5 4 11 7 6 1 9 8 5 3 1 1 1 0 0 0 0 0 2 1 76764.259211941011 81760.130182048146 56412.029585120552 27549.648671657673
11010230 1 2 3 1 3 1 3 0 2 0 2 4 3 0 0 1 3 1 2 1 0 0 0 0 3 2 3 96335.578806473277 96598.716446649458 96796.943181569601 96830.1077165561
11010230 1 1 2 1 2 4 0 0 0 5 4 3 2 6 8 0 0 1 2 1 0 0 0 0 3 1 4 89887.445705709149 89192.866278733403 88394.738879960074 89421.074483211036
11010230 1 3 0 3 0 0 3 4 3 0 4 6 0 5 7 8 9 1 1 1 0 0 0 0 2 3 3 90401.113536770936 90882.79703726212 82805.492873634052 90580.855153689015
11010230 1 2 0 3 4 0 3 4 3 0 3 8 4 0 5 11 9 1 3 1 0 0 0 0 2 1 3 76984.89088373151 75566.462552932251 74833.933051745626 75678.676707115344
11010231 1 0 0 0 3 0 4 0 2 0 2 1 3 1 3 1 3 1 2 1 0 0 0 0 3 3 4 96676.188748929533 96999.911678671837 97279.028319636098 97203.650960816274
11010231 1 7 8 7 5 4 5 2 1 2 1 2 0 0 2 0 0 1 1 1 0 0 0 0 1 0 2 91832.960610185677 91794.562566020002 91943.534320920677 85391.979855356069
11010231 1 10 6 3 0 7 5 3 1 5 4 2 1 5 0 0 0 1 2 1 0 0 0 0 1 1 3 89442.435698119836 84239.717238854442 89275.630988751349 86279.383082173124
11010231 1 0 1 2 4 0 0 5 11 0 2 6 7 1 3 3 8 1 3 1 0 0 0 0 4 4 3 79282.127955765929 85115.504707702785 84859.26593053696 84301.056486735572
11010232 1 0 0 1 0 3 3 2 5 3 3 5 2 1 2 3 0 1 1 1 0 0 0 0 0 0 0 95208.720635194288 95372.976550350286 94958.424553432473 94735.725666601254
11010232 1 2 0 0 2 2 3 0 0 4 3 4 0 4 5 8 1 1 3 1 0 0 0 0 3 1 1 88326.723171318823 88363.728205087609 88308.731405160448 89592.332137275429
11010232 1 2 0 2 1 0 1 2 5 2 5 5 8 1 6 7 10 1 3 1 0 0 0 0 1 0 1 88939.374087458127 90015.062640623146 89339.929029685285 90170.339118022326
11010232 1 0 3 3 4 1 3 5 11 0 0 6 8 0 0 1 3 1 3 1 0 0 0 0 2 4 3 78838.200634362118 81305.19215549872 79835.540843912007 80435.100854562188
11010233 1 0 0 1 0 0 1 6 2 0 0 2 6 2 4 1 3 1 2 1 0 0 0 0 1 0 1 93524.946225025036 93637.776413758591 93402.763666649655 93257.670693953827
11010233 1 7 5 4 0 8 6 4 2 7 5 4 4 5 0 1 0 1 3 1 0 0 0 0 3 3 1 90310.058629292034 84756.288478208953 91159.101913802995 87912.18333180125
11010233 1 4 0 2 0 5 5 1 2 8 5 1 0 10 8 6 4 1 1 1 0 0 0 0 3 4 4 89861.479577168735 89011.044647993796 85904.904690885625 90370.680120164878
11010233 1 9 8 7 6 11 7 5 3 1 2 1 1 0 0 0 2 1 3 1 0 0 0 0 1 2 2 87005.436468961037 86653.157259341227 88309.066769088997 80335.949470538893
11010234 1 3 5 1 2 3 0 1 3 3 2 4 0 2 0 3 0 1 1 1 0 0 0 0 1 1 1 95487.022124528885 95655.732366858807 96096.478547785009 95103.697546541691
11010234 1 3 4 5 1 2 5 4 0 1 3 4 7 2 3 7 0 1 3 1 0 0 0 0 0 0 0 -1.0000000000000001e+300 86003.327221721527 86875.991526982805 86965.699591761484
11010234 1 0 2 2 0 3 1 3 3 5 3 2 1 10 7 5 3 3 4 0.5 5 0.25 6 0.25 3 2 4 89112.592295925846 89143.890652539514 83585.058630916159 89093.536500504677
11010234 1 2 3 1 3 7 1 5 0 9 6 3 4 11 5 0 3 1 3 1 0 0 0 0 3 4 2 73147.910650230711 46347.787543422055 74573.758441444079 76783.338332143816
11010235 1 0 0 2 0 4 1 1 0 2 1 0 0 2 3 3 3 1 2 1 0 0 0 0 4 3 4 97387.00185811783 97029.245771124857 96974.276686615398 97258.483768588849
11010235 1 2 2 1 0 5 4 3 0 7 5 3 0 3 3 0 1 1 2 1 0 0 0 0 4 3 4 90845.996352397633 90093.283846254897 90736.707816442766 90608.816952924579
11010235 1 5 2 1 0 7 3 1 0 8 5 3 0 9 7 3 1 1 2 1 0 0 0 0 0 1 4 90809.169395258214 75472.276662574863 90485.552506404289 89325.190749603033
11010235 1 1 1 3 3 0 2 3 8 2 4 6 7 4 5 11 9 1 3 1 0 0 0 0 0 0 0 77797.910344286356 85338.084591456791 77458.521830727856 86517.238015343682
11010236 1 2 3 3 0 0 1 4 1 0 4 3 0 2 1 2 0 1 1 1 0 0 0 0 1 2 4 96509.527309997356 96394.320301970889 96306.969555504096 96285.329890755733
11010236 1 5 0 3 0 6 4 2 3 8 5 1 0 8 3 0 0 1 2 1 0 0 0 0 4 3 2 91024.028374253015 83905.688741216945 89189.420410282532 91204.354935938434
11010236 1 1 3 0 0 6 4 2 0 8 6 2 2 10 5 3 3 1 1 1 0 0 0 0 1 0 0 88567.937752538055 79938.6446707789 87465.918058727068 -1.0000000000000001e+300
11010236 1 3 10 6 0 3 2 1 4 2 3 11 9 5 1 10 4 1 3 1 0 0 0 0 0 0 0 57294.120658904154 42347.391377894106 35058.962491791157 39828.34013820994
11010237 1 0 1 2 5 0 3 3 3 0 1 5 4 3 3 3 3 1 2 1 0 0 0 0 2 2 3 94016.332877715788 94913.647803142565 94620.519678751618 -1.0000000000000001e+300
11010237 1 5 8 7 4 3 5 4 3 4 0 1 0 2 0 0 2 1 1 1 0 0 0 0 1 1 1 89613.066528285708 89455.834202371072 89604.656931876394 81101.924818575746
11010237 1 9 8 6 5 4 6 2 1 4 3 3 0 3 1 1 0 1 2 1 0 0 0 0 1 2 1 90691.666850075475 90497.199832496291 90957.823253462208 81953.551366073152
11010237 1 8 11 2 3 6 3 1 0 5 2 3 3 3 1 3 4 1 1 1 0 0 0 0 2 3 1 83773.906929548699 75491.742277694255 84872.221203184061 79837.590618121758
11010238 1 4 0 0 1 1 4 1 0 3 2 3 2 5 4 0 0 1 2 1 0 0 0 0 0 0 1 95892.357302630378 95477.556465784714 95403.52473908884 95812.230066723292
11010238 1 0 4 0 4 0 3 1 6 0 3 1 8 2 3 0 2 2 4 0.5 5 0.5 0 0 3 3 0 87003.248645792133 87101.510801087745 86363.548214071314 87490.668794853234
11010238 1 0 2 4 4 0 2 5 6 1 3 8 8 3 0 0 9 1 1 1 0 0 0 0 2 2 2 87312.783485594162 91490.796482450838 91315.733493299049 91055.500648709582
11010238 1 1 1 0 0 1 3 2 0 5 4 3 0 9 11 0 2 3 6 0.1818181818181818 7 0.27272727272727271 8 0.54545454545454541 2 3 3 77949.62964567366 83596.981344282045 82900.086223628314 76233.923344523209
11010239 1 3 4 4 0 3 3 3 0 1 3 4 3 2 3 1 0 1 2 1 0 0 0 0 0 0 1 94877.600591306327 95491.88412157695 95548.944197525198 94962.912662135204
11010239 1 3 1 0 0 1 4 2 3 2 4 6 0 4 5 8 7 1 2 1 0 0 0 0 4 3 4 -1.0000000000000001e+300 89890.159520462155 90049.576855433043 90979.591651342533
11010239 1 2 0 5 5 0 1 7 8 0 3 6 9 0 3 4 10 1 2 1 0 0 0 0 2 1 1 74831.159224373318 90481.069957822212 88948.779008083759 90233.167540133712
11010239 1 0 5 8 10 0 4 5 11 0 2 4 7 2 1 4 4 1 1 1 0 0 0 0 0 0 0 73204.511349926761 89847.074024841844 88633.636809040196 80491.652633788879
11010240 1 2 4 1 1 0 1 2 0 2 3 2 2 1 3 0 0 1 3 1 0 0 0 0 4 3 3 96744.704831735289 96829.701888060576 96991.831276066427 97002.490133918647
11010240 1 0 0 3 0 3 0 0 2 4 4 3 2 6 8 5 1 1 2 1 0 0 0 0 2 0 2 90443.160077157678 90251.775443530409 88538.883751596935 90656.909362347214
11010240 1 1 3 1 0 4 2 3 0 6 5 0 3 9 7 5 2 1 2 1 0 0 0 0 3 2 2 90328.297044681574 89969.095659958199 89860.892527598597 90920.811157954071
11010240 1 5 3 1 0 7 5 1 0 10 2 0 2 11 1 3 2 1 3 1 0 0 0 0 0 0 0 74315.844081627161 70717.664426531628 76034.311715427859 74814.742897058051
11010241 1 3 1 1 3 2 2 2 0 1 3 0 0 2 3 0 1 1 1 1 0 0 0 0 3 4 4 97015.075147854193 96697.063133501637 96402.756861146656 96732.197771736741
11010241 1 5 8 5 1 4 4 2 1 4 0 3 0 2 0 0 0 1 3 1 0 0 0 0 0 0 0 90339.747096807871 90139.102626363805 90245.852526007351 88705.604551405937
11010241 1 10 1 0 0 9 4 0 0 7 4 2 0 6 4 4 2 1 1 1 0 0 0 0 3 3 3 90908.804185132845 82870.812588309011 89632.021806401535 89949.57315083775
11010241 1 11 8 3 2 7 5 3 0 4 1 2 1 4 3 2 0 1 3 1 0 0 0 0 1 0 3 80768.322411648638 78377.189037087475 80669.232057522197 79699.865788702053
11010242 1 0 0 2 3 0 4 4 4 3 5 5 1 0 3 3 3 1 2 1 0 0 0 0 3 2 1 93782.200943718344 92360.299457417001 92834.851529436652 92820.90463697644
11010242 1 1 0 2 1 0 4 3 6 0 1 3 8 1 3 4 6 1 2 1 0 0 0 0 1 3 4 86670.729803954819 91212.254251843755 90063.107715563034 90746.282993522676
11010242 1 0 0 2 4 1 0 4 5 0 3 5 6 3 0 7 10 1 1 1 0 0 0 0 1 2 3 87008.452201026608 89373.67116534659 89312.914522276347 89259.739987189154
11010242 1 0 0 2 5 0 0 1 7 1 4 6 11 2 3 5 3 1 1 1 0 0 0 0 3 4 4 74397.285470688512 -1.0000000000000001e+300 81923.177613324646 81773.441638940771
11010243 1 0 0 1 3 0 1 4 2 0 3 4 5 3 0 0 2 1 2 1 0 0 0 0 1 0 2 95267.936108253605 95625.352798532549 95718.181754218196 95567.200293434988
11010243 1 3 6 8 6 0 2 4 5 1 0 3 3 1 0 1 0 1 1 1 0 0 0 0 1 4 4 90660.230012494416 90984.781168653208 90750.214910554379 86969.19661441521
11010243 1 4 6 8 9 1 2 6 5 2 4 3 3 0 1 2 0 1 2 1 0 0 0 0 2 0 2 90846.63520541614 91129.655319076715 90872.08853622961 81880.809894741789
11010243 1 3 8 6 11 2 2 6 7 0 1 3 5 0 3 3 1 1 1 1 0 0 0 0 2 3 3 77759.890515035921 81727.851316304004 81976.665620714935 79366.493727089008
11010244 1 0 0 3 0 0 1 2 3 2 0 0 1 2 3 3 2 1 1 1 0 0 0 0 1 0 0 97289.306850406865 97375.30317769447 97302.015469302467 96987.798490147528
11010244 1 7 6 4 1 8 5 3 3 6 4 0 1 4 2 3 0 1 1 1 0 0 0 0 1 3 3 90816.048860869661 79216.351523012447 91633.609321043885 89970.541876798146
11010244 1 5 0 3 0 0 6 2 1 7 6 1 3 10 8 5 2 1 2 1 0 0 0 0 4 3 4 89364.459597172929 85601.002522801849 81834.637265062265 90957.727367356783
11010244 1 0 1 3 0 2 4 2 0 5 4 3 0 9 11 5 3 1 1 1 0 0 0 0 0 0 1 86106.127688261622 85166.54261806565 75262.840107522687 86133.51233665357
11010245 1 0 0 0 1 1 0 2 0 4 4 4 4 1 6 6 4 1 3 1 0 0 0 0 1 3 1 91741.26127843729 91255.339922906613 91255.288348156828 92471.582985760659
11010245 1 3 0 0 3 0 1 0 4 0 2 5 4 0 1 7 5 1 2 1 0 0 0 0 0 0 0 91489.268350194645 92380.283628457226 90665.909447250117 90920.678137531853
11010245 1 6 1 0 2 4 4 3 0 5 6 1 0 10 5 3 2 1 2 1 0 0 0 0 1 0 3 89105.964598447201 85022.143498966267 87195.062984414719 88584.19896169928
11010245 1 10 9 4 3 11 8 4 2 4 7 5 3 1 6 3 0 1 1 1 0 0 0 0 1 2 2 -1.0000000000000001e+300 88424.057747904648 79566.624563255304 77842.757352063636
11010246 1 4 2 1 0 3 4 5 0 6 5 3 0 5 4 3 1 1 2 1 0 0 0 0 0 0 1 90503.20863850911 90034.493363086076 91651.330092112228 91191.990370379557
11010246 1 0 0 1 4 2 2 4 7 0 4 5 8 1 2 6 7 1 1 1 0 0 0 0 1 1 2 85142.760197727883 92487.442726516325 92519.75237863505 92547.679114551735
11010246 1 0 0 5 5 0 3 6 8 0 3 7 9 1 2 3 10 1 3 1 0 0 0 0 2 2 3 86858.412093394683 90897.115510776988 90058.853466319473 90486.697058596241
11010246 1 4 7 9 10 3 7 8 11 0 3 4 3 3 0 1 3 3 5 0.37499999999999994 6 0.24999999999999994 7 0.37499999999999994 2 3 0 97954.904943463145 99206.190272284235 98668.866939941348 91486.924418465278
11010247 0 3 1 1 4 2 4 2 4 1 2 1 1 0 4 0 2 1 2 1 0 0 0 0 2 2 0 95780.647909111445 95727.093244804273 95711.157557687649 96378.120895385742
11010247 0 0 0 0 3 3 0 0 1 5 5 3 4 6 7 5 4 1 4 1 0 0 0 0 3 4 3 90447.336265698134 90861.29031525497 88931.174960994627 90472.497634023312
11010247 0 3 3 0 2 6 4 1 2 7 5 4 1 9 3 0 0 1 3 1 0 0 0 0 0 0 0 90381.481987144973 85255.168535020988 91144.737494305344 90406.959736429446
11010247 0 0 4 1 0 3 0 4 7 0 3 4 7 5 7 11 10 1 2 1 0 0 0 0 0 0 1 83120.232592337183 88853.306902862998 73107.725207497075 89506.848363020457
11010247 0 2 6 2 1 5 4 5 4 3 7 8 9 9 11 10 3 1 2 1 0 0 0 0 2 0 3 3 3 -1.0000000000000001e+300 -1.0000000000000001e+300
11010248 1 0 0 0 3 2 0 0 5 0 3 5 1 3 2 6 3 1 1 1 0 0 0 0 1 1 1 92837.303624191394 93577.023403167725 93812.953366547459 93731.792632173601
11010248 1 1 0 1 1 0 0 4 2 2 4 5 3 4 6 8 6 1 2 1 0 0 0 0 2 2 4 90655.083645196253 90380.588212812756 87166.214766779929 91283.462162945681
11010248 1 0 3 0 3 0 3 2 4 1 0 3 5 4 6 7 10 1 3 1 0 0 0 0 4 4 2 87531.880148548065 88216.669369916999 82796.703519114453 88307.413879016211
11010248 1 0 2 2 3 0 0 4 5 1 0 4 7 1 4 11 9 1 3 1 0 0 0 0 0 0 0 81873.483344406122 86144.393424757422 81760.664716329775 86336.268840859761
11010249 1 2 3 2 0 0 4 3 1 1 1 2 5 3 3 3 3 1 2 1 0 0 0 0 1 0 0 95140.595240328039 95439.749283331403 95309.695298795341 95315.090385437012
11010249 1 4 5 7 3 1 3 4 6 2 2 3 0 0 1 3 2 1 3 1 0 0 0 0 1 0 0 90635.532516929277 88349.311962078646 90960.51700962786 89825.877055691832
11010249 1 9 7 5 1 6 5 3 4 5 4 1 3 3 3 0 2 1 2 1 0 0 0 0 0 0 0 90573.135542646021 90265.165587602765 -1.0000000000000001e+300 90781.183326249884
11010249 1 3 0 0 4 0 1 5 7 2 3 5 8 7 6 11 9 1 1 1 0 0 0 0 2 3 2 80639.456754110623 85591.226871465653 72242.314311490743 85557.369032775707
11010250 1 3 1 4 2 1 2 3 0 2 5 2 0 5 1 1 1 1 1 1 0 0 0 0 2 4 4 94633.519705190774 93874.358697877091 94325.173770951893 94660.37953805158
11010250 1 7 8 6 5 6 5 2 1 3 4 0 0 0 3 0 0 1 2 1 0 0 0 0 2 1 3 91478.229540908724 90670.225936841176 -1.0000000000000001e+300 84870.976107346636
11010250 1 10 8 6 7 8 6 3 3 7 4 3 0 5 1 3 0 1 3 1 0 0 0 0 0 1 0 91956.130667494668 88029.489843352872 91956.130667494668 88722.76842591507
11010250 1 1 2 3 1 6 5 5 3 11 7 8 4 10 9 6 5 1 2 1 0 0 0 0 0 0 0 100338.85515735808 99312.586233879585 -1.0000000000000001e+300 -1.0000000000000001e+300
11010251 1 1 5 1 4 4 2 2 2 3 1 1 4 0 3 0 0 1 2 1 0 0 0 0 0 0 0 95822.051854605612 95664.675691084427 95243.82071873956 95046.348758748878
11010251 1 6 5 4 4 8 4 3 0 6 3 0 2 4 2 0 1 1 1 1 0 0 0 0 0 0 0 91312.68583389408 86780.488592207563 91630.558817187499 90476.903337844473
11010251 1 10 7 3 0 9 3 2 0 9 3 1 0 1 3 0 3 1 1 1 0 0 0 0 1 3 3 92339.741632917678 91909.243041633963 92283.5536630071 90155.229837440202
11010251 1 3 4 11 9 2 3 3 8 0 0 5 6 6 0 6 3 1 3 1 0 0 0 0 4 3 3 77523.604523724105 82412.404504492064 77408.319638485002 77312.988727423566
11010252 1 3 4 0 0 0 3 2 0 0 2 5 3 0 1 3 4 1 2 1 0 0 0 0 3 1 0 95723.42805998413 95680.404158426652 95828.445575873062 95752.255266567066
11010252 1 0 3 0 0 1 0 3 0 1 3 5 2 2 6 8 3 1 3 1 0 0 0 0 4 4 3 88423.151399275317 88636.876932854197 88025.549284883178 88465.943680279772
11010252 1 0 3 8 10 1 4 6 9 0 3 4 7 3 2 1 4 1 2 1 0 0 0 0 1 1 2 76701.887213258 89182.710804687376 88994.336063069859 89373.509117104564
11010252 1 1 3 4 6 3 0 5 6 0 1 5 11 0 2 6 10 1 2 1 0 0 0 0 3 3 3 72564.414940683622 87910.712174027853 81716.820756222005 88099.77758313372
11010253 1 6 0 2 0 3 5 1 0 1 6 5 0 3 3 3 4 1 2 1 0 0 0 0 0 0 0 89226.044250738734 91206.109693872204 90372.415023765177 90344.816336545075
11010253 1 7 8 7 5 5 4 4 0 4 4 2 2 0 2 3 0 1 3 1 0 0 0 0 3 0 1 90840.821534887946 90684.082853914821 90948.02696593228 81049.419747018823
11010253 1 9 8 7 6 0 2 7 3 0 4 4 4 1 0 0 2 1 3 1 0 0 0 0 1 0 0 90625.451004719129 90936.16802127313 90856.462551603006 84214.930315695106
11010253 1 3 2 0 0 5 1 0 2 11 5 2 0 9 2 3 1 1 3 1 0 0 0 0 2 0 1 83501.6487252691 80662.074303053247 84044.414119352659 84329.103686646878
11010254 0 0 1 0 0 2 3 1 1 3 0 3 0 0 3 2 1 1 2 1 0 0 0 0 0 1 0 97225.471418585294 96960.152465779451 96964.745500350211 96994.422085567741
11010254 0 4 8 5 3 3 0 0 1 0 0 4 1 0 3 1 2 1 2 1 0 0 0 0 2 3 2 90343.196236155331 89018.505560709687 90023.733324488261 88034.296041836817
11010254 0 1 4 6 10 2 3 5 7 0 4 5 1 3 2 3 2 1 2 1 0 0 0 0 3 1 2 89165.556561993231 -1.0000000000000001e+300 89712.809377549114 86801.750043766151
11010254 0 0 2 0 2 3 6 0 2 11 8 5 4 10 9 6 4 3 6 0.1818181818181818 7 0.27272727272727271 8 0.54545454545454541 3 0 2 80954.533101295747 85160.504746019666 86293.657572566197 81157.424316871737
11010254 0 1 3 6 4 7 8 2 4 11 9 6 3 10 2 7 1 1 1 1 0 0 0 0 1 2 2 -1.0000000000000001e+300 -1.0000000000000001e+300 9 9
11010255 1 1 3 6 0 0 6 3 3 0 5 1 3 0 2 2 3 1 1 1 0 0 0 0 2 3 2 91319.413127192718 91278.123905348388 92002.767892676042 92100.416245579909
11010255 1 4 5 8 5 0 4 4 4 0 0 3 4 1 0 0 3 1 1 1 0 0 0 0 2 4 4 90058.210724166755 90327.912707078824 90631.46768704828 88246.591811997845
11010255 1 5 8 9 10 4 7 6 5 0 0 3 4 1 3 3 0 1 2 1 0 0 0 0 0 0 0 88601.693637667442 91891.97368433977 92217.03882091846 75048.335911905509
11010255 1 3 2 11 9 3 6 5 8 4 4 3 4 5 2 1 2 1 1 1 0 0 0 0 3 2 2 79154.030831820477 79593.598883299099 80477.8850583897 81161.271056070414
11010256 1 4 3 2 3 4 5 3 1 4 6 0 0 0 2 0 1 1 2 1 0 0 0 0 1 0 0 93126.53136899737 92560.771479500661 92743.950841409183 92492.408646459924
11010256 1 7 5 5 3 3 4 3 0 1 3 3 0 2 0 0 0 1 1 1 0 0 0 0 3 4 4 91315.422119353316 92350.610624775596 91362.621413758447 91390.179691349593
11010256 1 10 6 5 2 4 6 4 1 0 3 4 6 3 2 2 0 1 1 1 0 0 0 0 2 1 2 87935.178125019651 87306.983281095439 88537.49852402664 81326.546630550089
11010256 1 8 11 7 4 5 4 0 3 3 2 3 0 0 1 0 0 1 2 1 0 0 0 0 4 3 4 82591.035346267978 81760.570401845078 82532.192139512248 78967.924338317855
11010257 1 0 4 3 2 0 2 6 1 1 3 6 4 3 3 0 0 1 2 1 0 0 0 0 4 3 2 92217.561268844715 91799.255431987607 92193.679364638432 92189.466146817009
11010257 1 2 3 2 3 0 0 3 4 4 3 5 6 3 6 6 8 1 1 1 0 0 0 0 1 0 1 87887.411272452795 89375.632197845305 87462.542222394957 90647.880361216987
11010257 1 0 1 5 5 2 1 2 7 0 1 3 9 1 0 2 10 3 4 0.5 5 0.25 6 0.25 1 2 4 77301.324049065573 88276.553334578333 88636.420082864439 90145.253287752013
11010257 1 0 2 4 2 0 1 8 11 0 4 1 8 1 0 3 4 1 2 1 0 0 0 0 0 0 0 73750.908305674398 77268.317792019181 79187.47247194915 76474.433169165015
11010258 1 0 1 2 3 1 3 2 1 4 1 2 0 0 3 2 0 1 2 1 0 0 0 0 4 3 3 97074.341907156835 96661.980347470002 96415.697434831556 96763.107871186279
11010258 1 2 1 0 0 4 4 2 0 4 6 4 4 6 8 7 5 1 1 1 0 0 0 0 1 1 1 89570.024257674391 89427.442825257152 88052.830405456727 90304.03089271464
11010258 1 7 5 4 3 8 6 3 0 9 4 3 0 10 0 3 0 1 3 1 0 0 0 0 4 4 3 91724.685290757421 70442.97384093341 91779.064699140668 90966.917282818395
11010258 1 6 0 3 0 11 4 0 1 8 5 2 0 7 6 4 0 1 3 1 0 0 0 0 1 1 0 85610.006344541034 79143.63760893498 83569.443972185327 85511.057407391869
11010259 1 0 3 0 1 1 2 3 0 0 2 3 1 0 0 2 1 1 3 1 0 0 0 0 0 1 0 97234.533007414255 97107.191708838494 97105.284905257038 97125.048019084657
11010259 1 4 3 3 4 2 4 4 6 1 2 3 8 1 2 1 7 1 3 1 0 0 0 0 0 0 1 84677.504746717721 91413.514918698551 91624.764734612254 91099.590249415749
11010259 1 0 2 3 9 0 1 4 8 3 4 5 7 1 2 3 5 1 1 1 0 0 0 0 2 3 2 79106.501116703628 90916.768571097258 90991.513818019084 89893.409105673316
11010259 1 0 4 3 4 1 3 4 11 3 1 7 9 1 2 8 6 3 6 0.1818181818181818 7 0.27272727272727271 8 0.54545454545454541 0 2 2 74334.621873986995 58079.674878553858 72647.574159745971 66792.343517233501
11010260 1 3 2 3 3 0 4 1 5 0 5 2 3 0 1 0 0 1 3 1 0 0 0 0 4 4 3 94637.984922732721 95022.217174726538 94659.919463648941 94823.744176570341
11010260 1 2 0 0 1 3 3 3 2 1 2 4 0 7 6 3 1 1 3 1 0 0 0 0 3 3 3 90783.667847786099 91269.133077585881 90722.323052140637 91053.679030420157
11010260 1 4 0 3 0 6 5 0 2 9 4 3 1 10 5 4 0 1 1 1 0 0 0 0 2 3 2 89116.780610195143 78976.222137633013 88414.108637070327 88937.417771928391
11010260 1 1 11 9 3 2 6 5 5 0 3 3 0 0 0 1 3 1 2 1 0 0 0 0 1 1 1 79547.670650797765 78880.553327552392 79209.563761057972 74625.109073805274
11010261 1 3 3 2 0 4 4 0 2 5 4 1 0 0 0 0 1 1 3 1 0 0 0 0 1 1 0 95045.569751209681 95249.229912961528 95941.77610874176 95759.517652028153
11010261 1 7 4 4 2 8 5 1 0 6 4 1 0 5 3 0 3 2 4 0.5 5 0.5 0 0 3 4 3 90407.82200212944 87777.248452925705 89236.374459723826 90067.224398563951
11010261 1 9 3 1 1 8 4 2 2 6 5 3 0 2 0 1 0 1 1 1 0 0 0 0 2 3 4 91428.044696602083 89868.166636265698 91106.469758321531 90751.320448651983
11010261 1 0 3 11 10 1 3 7 6 3 5 4 5 2 3 1 4 1 3 1 0 0 0 0 0 1 1 3 -1.0000000000000001e+300 85191.253265043852 39619.369208094911
11010262 1 2 0 1 2 3 1 6 2 4 6 1 2 6 3 3 3 1 1 1 0 0 0 0 3 3 3 90294.465526534463 89141.556464791298 89195.174897834717 -1.0000000000000001e+300
11010262 1 3 3 0 0 8 4 2 2 6 5 3 1 3 0 0 0 1 1 1 0 0 0 0 2 2 4 90519.017814424864 89463.196501019542 89220.560159239831 89938.391970486031
11010262 1 10 9 8 3 4 4 4 0 1 1 3 0 2 0 2 0 1 1 1 0 0 0 0 3 4 4 90294.694268967141 89583.271717636628 90150.632829081616 78774.522272394141
11010262 1 4 11 7 4 0 4 6 0 2 1 3 3 0 3 0 2 1 3 1 0 0 0 0 3 2 0 81869.870715450204 81325.926543139169 81449.532151132065 79265.821642595765
11010263 1 3 3 0 2 2 5 4 3 5 3 4 2 3 0 0 2 1 3 1 0 0 0 0 4 0 2 92730.511700460644 93780.091108233828 93384.234536421733 92844.916584217543
11010263 1 1 1 3 3 0 5 2 5 0 2 1 8 0 0 3 0 1 3 1 0 0 0 0 2 3 1 87673.981981393023 90198.520135910716 89041.393754808072 88960.014367642376
11010263 1 0 3 0 0 0 0 2 3 3 1 5 5 0 6 8 10 1 1 1 0 0 0 0 3 4 4 86602.918315046045 89674.384094461086 83639.643131506949 89876.825591511733
11010263 1 0 0 3 1 2 2 1 4 0 4 6 7 4 7 11 10 1 3 1 0 0 0 0 0 0 0 84151.384682985066 87934.692562289711 82051.419031531521 87814.469775604739
11010264 1 0 5 4 4 2 3 5 1 1 3 4 4 0 3 0 0 1 1 1 0 0 0 0 1 3 1 94291.624645597403 94131.070378112796 93600.252282834059 93378.646637640399
11010264 1 7 5 1 2 8 3 3 0 7 2 1 0 5 1 0 0 1 2 1 0 0 0 0 3 3 4 91884.159013845099 85483.043665369391 91948.189756138236 91580.066044869091
11010264 1 9 0 3 0 8 3 3 0 6 4 0 0 2 4 3 2 3 4 0.33333333333333331 5 0.33333333333333331 6 0.33333333333333331 2 0 0 90225.759614174007 86924.523789353974 90964.838330985382 90918.52698197063
11010264 1 5 2 1 3 11 2 3 0 8 4 1 0 0 2 0 0 3 6 0.1818181818181818 7 0.27272727272727271 8 0.54545454545454541 4 3 4 75648.448148254349 82140.788567256459 -1.0000000000000001e+300 78935.756989042726
11010265 1 3 3 3 4 0 2 4 1 1 1 3 2 0 0 2 3 1 3 1 0 0 0 0 2 2 1 95522.370493610259 96367.463585652265 95747.357807904715 96100.768153527926
11010265 1 0 0 0 2 0 0 0 3 3 3 4 3 4 7 8 6 1 3 1 0 0 0 0 2 1 1 90952.638874845274 91035.059750689572 87942.645150351978 90875.202154195722
11010265 1 0 0 1 1 3 3 3 4 2 3 5 4 0 5 7 9 1 1 1 0 0 0 0 2 4 1 86323.980873313209 90956.396532469662 86933.122454638433 90635.844873328417
11010265 1 0 2 0 0 0 3 0 0 1 2 4 5 0 5 11 6 1 3 1 0 0 0 0 4 3 3 82923.822901016058 82351.579147796219 79883.296670209384 82471.908687258547
11010266 1 0 1 0 0 2 4 0 0 4 1 3 2 4 4 1 3 1 2 1 0 0 0 0 1 1 2 95116.810644767902 96347.569540377008 95987.696148407296 96349.42417911248
11010266 1 0 0 0 5 2 3 5 7 0 1 3 8 1 3 3 6 1 2 1 0 0 0 0 3 3 3 85303.419535657944 91011.770379472437 90487.28667692373 91232.853800821889
11010266 1 0 1 2 0 1 1 0 6 4 7 6 0 6 8 9 10 1 3 1 0 0 0 0 1 3 1 91208.976924562128 90045.306608994506 81052.980718026156 91165.186330068856
11010266 1 4 4 1 3 8 7 3 1 11 6 6 4 10 3 4 1 1 2 1 0 0 0 0 1 3 1 80124.832180511177 67061.266322388372 -1.0000000000000001e+300 -1.0000000000000001e+300
11010267 1 2 6 4 1 6 3 3 3 3 4 3 0 2 1 0 0 1 1 1 0 0 0 0 1 2 3 92162.051259841523 92017.697798158042 92331.937807464594 91366.668054895927
11010267 1 5 8 7 3 0 3 4 3 3 2 2 0 0 0 1 1 1 1 1 0 0 0 0 1 2 2 90328.462408872612 89018.725064900282 90101.745885438984 86580.503388905621
11010267 1 9 8 6 4 4 4 3 0 0 1 2 3 0 1 2 0 1 3 1 0 0 0 0 1 1 0 91134.790703709368 91209.815403981309 90941.48686085688 85454.514339185829
11010267 1 4 0 3 1 11 3 3 0 8 4 2 3 6 5 4 3 1 1 1 0 0 0 0 0 1 1 84943.911114360017 75902.122565024998 81637.370620650545 84534.384600316189
11010268 1 0 1 6 4 0 0 6 4 3 2 4 1 3 0 2 0 1 1 1 0 0 0 0 3 4 2 91740.032927606211 92542.074434900176 92166.633390338029 92025.402101465152
11010268 1 2 6 8 6 1 5 3 2 5 0 2 1 1 1 0 0 1 1 1 0 0 0 0 2 4 4 90747.876437152721 89664.028726374265 90957.314968274964 86462.104142564262
11010268 1 6 7 8 9 6 5 1 0 3 2 2 2 3 0 0 0 1 1 1 0 0 0 0 2 1 2 -1.0000000000000001e+300 90438.263174334759 91848.689561688472 81964.759260297724
11010268 1 5 11 7 3 5 5 3 1 6 3 0 0 0 0 0 1 1 3 1 0 0 0 0 1 3 1 80002.331676314818 80587.259577850142 80646.007511256612 78643.764126600377
11010269 1 1 0 1 0 0 2 2 5 0 1 5 1 2 3 5 1 1 3 1 0 0 0 0 2 4 3 93697.670560714134 93767.752798248403 93783.85758702732 94133.693551331875
11010269 1 7 8 6 4 4 5 1 0 3 0 2 1 0 0 0 3 1 2 1 0 0 0 0 3 3 3 91725.64322224824 90957.753263268605 91417.17175149222 84435.680823715884
11010269 1 10 7 4 0 9 6 0 0 8 1 3 0 6 2 0 1 1 3 1 0 0 0 0 3 4 3 89009.258859895461 79597.369644050021 89973.462448949649 89455.531268867227
11010269 1 5 5 1 2 8 6 2 3 11 7 3 0 10 9 2 0 1 3 1 0 0 0 0 4 2 2 90674.069917508124 77061.045522082815 90124.335923688195 91764.251974685045
11010270 1 0 1 3 2 2 3 6 4 0 0 5 4 0 0 3 3 1 1 1 0 0 0 0 1 1 1 93557.259920538214 93979.807043671593 92876.493705952598 93656.914539195874
11010270 1 0 0 3 5 1 3 4 6 3 1 4 8 0 2 0 5 1 2 1 0 0 0 0 0 0 1 88732.273627182585 89806.642461687457 90241.621012714822 91246.04902193266
11010270 1 0 0 3 4 1 0 3 5 0 3 5 7 2 4 7 9 1 1 1 0 0 0 0 2 3 3 88586.875699825745 90784.83116134278 91169.06703489495 91019.942082124646
11010270 1 3 3 0 0 3 6 2 0 7 4 3 0 11 0 2 1 1 1 1 0 0 0 0 0 0 0 79699.737179904769 79757.178012130258 82059.643636424269 80966.287991063291
11010271 1 0 1 0 2 3 0 6 1 0 4 3 6 0 0 0 3 1 2 1 0 0 0 0 0 0 1 93673.950457652405 93534.252020200089 93199.235406233202 93100.561070071315
11010271 1 3 0 0 4 0 0 3 8 0 4 0 5 3 1 2 3 1 2 1 0 0 0 0 2 1 1 88567.523275341809 90500.959201322461 90295.153477185275 90077.100121723139
11010271 1 5 8 9 10 1 3 5 6 1 3 4 0 2 2 3 1 1 2 1 0 0 0 0 0 0 0 -1.0000000000000001e+300 89299.986706016673 85709.512538253228 75705.842354064182
11010271 1 9 11 6 5 4 5 8 4 4 6 1 2 6 0 0 3 1 3 1 0 0 0 0 4 4 3 73839.241506094113 70397.931040671479 73749.639806908701 68057.175081836016
11010272 1 1 3 5 4 0 0 2 4 2 0 3 5 0 2 2 3 1 1 1 0 0 0 0 3 1 4 93336.289096629785 94171.187793394871 94206.658324346339 94064.650164025588
11010272 1 3 0 0 3 7 6 5 5 8 4 0 2 3 1 1 0 1 1 1 0 0 0 0 1 3 1 88666.539114152547 86552.769218160814 85224.129345034598 86143.868334887229
11010272 1 0 2 0 2 0 2 1 2 3 5 1 4 9 8 6 4 1 3 1 0 0 0 0 3 1 1 90659.416450219898 90718.715832266258 82769.62570847648 90808.108671114489
11010272 1 0 3 0 0 3 4 4 1 3 5 4 8 5 11 9 6 1 3 1 0 0 0 0 3 4 2 72400.290116641932 72462.824614684971 66783.1796486565 76093.803607007168
11010273 1 6 3 4 2 2 5 3 1 1 5 3 0 0 2 1 3 1 1 1 0 0 0 0 3 4 3 93141.163700193167 92370.791681798291 92990.547686161823 92845.408752226576
11010273 1 6 4 1 0 8 5 3 2 7 4 3 0 5 3 0 1 1 1 1 0 0 0 0 2 4 4 89878.019697188822 83511.65671763409 89957.966086166853 89711.216999311029
11010273 1 3 3 0 0 5 3 0 0 6 5 4 0 10 7 5 1 1 2 1 0 0 0 0 0 0 2 89449.769837556421 88694.587336241428 88448.077671468141 89568.026111567888
11010273 1 10 9 2 3 11 8 6 1 0 6 4 4 2 0 1 3 1 3 1 0 0 0 0 4 4 3 87658.477742511226 88570.347914569487 87496.778820874228 58684.423082419504
11010274 1 2 1 3 6 2 4 5 6 0 0 3 5 3 0 0 0 1 3 1 0 0 0 0 1 0 0 92495.191624959305 93887.480670779943 92076.769106069012 94042.008486125196
11010274 1 1 0 0 0 2 5 2 2 0 0 4 4 4 5 8 6 1 3 1 0 0 0 0 2 0 2 91072.58139658584 91145.647472948505 87148.142479761445 91118.595509918348
11010274 1 3 0 0 1 2 2 4 4 1 4 6 5 3 6 8 10 1 3 1 0 0 0 0 1 1 0 89029.635345467977 89501.60511606712 81514.97394026308 89795.580469069333
11010274 1 9 7 5 4 11 8 4 0 4 7 4 2 3 1 0 0 1 3 1 0 0 0 0 4 4 3 -1.0000000000000001e+300 61648.356715510643 75654.396808824327 72277.68986492249
11010275 1 0 2 0 0 1 1 0 0 3 2 2 3 0 0 1 5 1 1 1 0 0 0 0 2 3 4 96939.406575500965 96927.305233828636 96979.799695493246 96971.40374071624
11010275 1 1 0 0 0 1 3 3 0 4 5 4 3 5 6 8 6 1 2 1 0 0 0 0 2 3 3 90594.003561365724 91100.3569987644 81487.907329277092 -1.0000000000000001e+300
11010275 1 3 0 0 0 4 2 0 1 4 5 5 0 5 6 9 10 1 2 1 0 0 0 0 1 0 1 90018.722982774023 89670.493241522272 81921.859996160332 90016.074323484529
11010275 1 4 3 3 5 5 5 2 0 9 8 2 0 10 11 1 1 1 2 1 0 0 0 0 2 1 0 92939.292858442932 82574.701342784683 92963.060447464726 90342.92970539839
11010276 1 0 0 3 1 0 2 4 2 0 2 3 6 1 4 4 5 1 1 1 0 0 0 0 0 0 1 93740.350505327733 94471.971978081579 92919.660423985217 93874.557004928589
11010276 1 5 4 0 0 7 5 3 2 8 5 0 0 7 5 4 1 1 3 1 0 0 0 0 1 1 0 -1.0000000000000001e+300 80797.384334707836 91323.43038049282 92268.226405513517
11010276 1 3 0 0 1 5 4 2 1 6 4 2 3 10 7 3 1 1 2 1 0 0 0 0 1 1 1 88609.448460303785 86491.391176390389 88251.569629569043 88799.371886928522
11010276 1 1 0 0 4 0 3 3 8 0 3 6 7 4 5 11 10 1 3 1 0 0 0 0 2 3 1 77681.205405632223 89099.72861331336 78547.902538472554 88761.699137631571
11010277 1 0 3 4 1 2 1 0 1 0 3 0 2 1 0 0 0 1 2 1 0 0 0 0 0 1 0 97080.751794395619 96970.673055898398 97273.233803020586 97151.055815244981
11010277 1 0 0 0 1 0 2 2 0 0 3 4 5 4 6 8 5 1 3 1 0 0 0 0 1 0 0 91378.395456127982 91096.871954377988 88723.12101134815 91411.791006628875
11010277 1 3 1 0 0 5 1 3 0 7 2 0 0 10 4 3 3 1 1 1 0 0 0 0 2 4 1 88834.004323139307 86153.188775780203 88668.269054507269 88519.026631982895
11010277 1 2 3 0 1 6 5 3 0 11 7 1 2 9 8 6 5 1 3 1 0 0 0 0 4 4 3 84926.211084471171 72038.869378476942 78296.88078755702 86132.486011120665
11010278 1 1 3 2 3 1 1 5 5 0 0 2 6 0 2 0 4 1 3 1 0 0 0 0 0 0 0 92587.819189426242 92564.002482121723 92886.999165682675 93192.879806146069
11010278 1 0 3 3 3 1 0 1 8 0 3 2 6 0 1 0 3 1 2 1 0 0 0 0 0 1 0 88667.610825693788 90463.984068725069 90383.679315824702 90001.516011148589
11010278 1 4 6 7 9 4 5 7 0 3 3 4 0 1 1 3 3 1 3 1 0 0 0 0 0 2 1 91063.151217928025 91384.032249197204 90887.483703907696 83712.698899355295
11010278 1 9 11 5 3 7 6 4 3 5 4 3 0 4 2 1 0 1 2 1 0 0 0 0 2 1 2 86737.650616117098 86617.420447200042 87209.28544233329 87204.837131143227
11010279 1 2 0 1 3 1 2 1 0 2 4 3 6 3 0 6 0 1 1 1 0 0 0 0 3 4 4 93493.227696850969 94549.26259754553 93593.770298713134 94101.263407535735
11010279 1 3 1 0 0 1 4 3 1 2 3 2 0 5 6 7 3 1 3 1 0 0 0 0 1 2 1 -1.0000000000000001e+300 90331.075037612376 90348.132801962915 91508.465276239309
11010279 1 0 1 0 0 3 2 3 3 0 1 6 4 9 8 7 5 3 4 0.33333333333333331 5 0.33333333333333331 6 0.33333333333333331 3 4 2 90572.979027407258 89073.487689315574 82866.884578775484 90885.504113151925
11010279 1 0 0 3 2 1 3 0 0 2 10 9 3 4 11 8 3 1 1 1 0 0 0 0 2 2 2 66900.098345033926 66694.970492961467 63744.820494530111 66420.221435670377
11010280 1 2 0 0 3 0 4 3 5 1 2 5 3 1 2 3 5 1 1 1 0 0 0 0 2 2 1 93127.334790439723 93666.633427392997 93383.818557827573 93577.533778593279
11010280 1 3 6 8 6 1 3 4 6 2 2 1 3 4 0 0 0 1 3 1 0 0 0 0 0 0 0 91411.633160862577 90863.681593353496 91385.310519271821 88424.899331033419
11010280 1 0 2 7 9 0 4 6 8 0 3 3 6 3 0 1 0 1 2 1 0 0 0 0 2 1 2 92725.276478437692 90883.879141902784 90614.317072758044 83065.819773391908
11010280 1 0 4 4 5 0 0 6 11 0 3 5 7 1 3 0 5 1 3 1 0 0 0 0 3 4 3 81177.66593686727 81476.169878778208 82858.802093139733 82716.713072539365
11010281 1 0 5 2 0 2 4 3 1 3 3 4 0 0 6 4 3 1 1 1 0 0 0 0 0 0 0 93089.775761973578 93360.989647571478 92908.695900918916 93040.23291535383
11010281 1 3 1 0 2 2 3 0 0 4 6 3 0 5 8 6 5 1 1 1 0 0 0 0 3 3 4 89786.997406191498 90065.164399810266 85142.807971650196 89488.711982935114
11010281 1 1 2 1 0 3 3 3 1 6 3 2 3 10 3 3 3 1 1 1 0 0 0 0 1 3 1 88482.076996628326 85487.411185053337 87097.914482515262 88381.366317742097
11010281 1 0 3 0 5 1 2 3 6 0 0 6 7 3 7 11 9 1 3 1 0 0 0 0 0 0 1 82649.411110292087 86463.262399619678 79247.716910594187 86360.207399348787
11010282 1 1 4 0 0 2 3 5 0 3 5 2 2 4 3 1 3 1 1 1 0 0 0 0 2 2 3 -1.0000000000000001e+300 94216.529419353086 94243.598339975622 93898.246933255868
11010282 1 0 0 4 0 0 0 3 6 0 1 6 8 2 3 4 4 2 4 0.5 5 0.5 0 0 1 1 2 88641.668682121744 90384.702524891705 88996.591260431 -1.0000000000000001e+300
11010282 1 2 0 1 0 3 0 1 4 3 0 4 7 6 5 6 9 1 3 1 0 0 0 0 1 2 0 88487.739369550778 91553.857982378409 82520.769574890102 90590.253131088044
11010282 1 7 0 9 10 1 5 6 11 3 3 4 7 2 3 3 3 1 3 1 0 0 0 0 1 1 0 84508.131213530025 93741.906787656932 90656.197141820448 82704.342251797862
11010283 1 0 1 2 0 0 3 3 0 0 2 1 0 4 1 4 1 1 2 1 0 0 0 0 2 3 4 97264.728087144613 96952.192203715982 97127.609978751643 96517.755375308756
11010283 1 1 0 0 0 4 2 0 0 4 4 3 1 5 8 7 5 1 1 1 0 0 0 0 2 4 4 90566.028981758311 89620.935134353305 85377.956754428276 90860.40503634575
11010283 1 0 0 2 1 2 3 0 3 0 3 1 2 3 4 6 10 3 5 0.25 6 0.25 7 0.5 4 3 4 88838.960982397766 86344.973775203325 87599.227398959469 85544.210918426907
11010283 1 0 0 0 1 1 3 4 1 4 5 0 0 6 8 11 2 1 2 1 0 0 0 0 2 3 4 82939.953440598751 83122.232305963727 79492.825510142895 83297.269073355157
11010284 1 1 1 4 6 2 3 5 5 0 1 4 0 0 0 2 0 1 2 1 0 0 0 0 0 0 0 94126.018332497435 93809.111030523898 93048.994189792196 93992.469749016105
11010284 1 4 0 3 0 6 3 0 0 8 4 3 2 5 2 2 0 1 1 1 0 0 0 0 3 1 3 89425.891579507239 87030.645240561033 90112.795272648465 89591.4406880647
11010284 1 5 0 2 0 6 5 0 0 9 4 3 0 10 3 3 1 1 2 1 0 0 0 0 1 0 1 89874.522793741067 81609.867325092389 90019.28416021778 90015.767104814076
11010284 1 3 11 10 3 3 7 8 3 0 4 7 3 1 2 3 4 1 3 1 0 0 0 0 0 0 0 74278.818550730182 73863.566558672072 69441.687203166337 77094.02446424347
11010285 1 0 0 1 6 0 0 4 4 1 2 6 3 0 4 4 2 1 3 1 0 0 0 0 2 2 2 91150.369285589957 91380.01483667898 91630.253844118793 91663.667537053421
11010285 1 7 8 7 5 6 5 3 2 2 4 0 0 3 0 0 3 1 1 1 0 0 0 0 2 1 2 91634.166120343187 91993.977086790022 90982.83432319104 80003.613739366861
11010285 1 10 7 5 1 8 5 3 0 6 5 1 1 4 0 0 3 1 2 1 0 0 0 0 0 2 1 89535.258175866737 80480.669176606883 89853.929687687065 87664.836044364012
11010285 1 0 3 1 4 1 3 3 6 0 3 6 11 3 4 8 9 1 2 1 0 0 0 0 1 2 0 77412.114878708948 86887.215051393359 85879.677017387352 87434.476377545201
11010286 1 2 0 3 0 1 5 4 4 5 3 3 0 0 0 2 3 1 1 1 0 0 0 0 2 2 4 94124.37896109384 94083.548464454667 94833.559455697497 94328.642594921519
11010286 1 2 1 4 5 0 2 5 7 0 0 0 5 0 0 4 3 1 2 1 0 0 0 0 4 2 4 90098.995678372448 90745.762290410581 90853.62754235875 90582.535712346726
11010286 1 2 1 3 1 3 2 3 4 0 3 6 5 3 4 7 10 1 2 1 0 0 0 0 3 2 2 87275.773875592626 88376.357680116795 83948.925661368106 89622.811679597638
11010286 1 4 0 0 2 6 4 3 1 8 6 5 0 9 11 5 3 1 3 1 0 0 0 0 3 3 3 86464.562787381612 78534.833085997467 81950.309602570589 87236.57093779635
11010287 1 0 1 2 0 0 3 0 2 0 2 4 1 2 4 1 2 1 1 1 0 0 0 0 3 2 4 96536.542284717798 96534.102142861579 97024.557260789981 97168.690683479654
11010287 1 1 3 6 5 7 4 5 7 3 2 3 2 0 0 3 3 1 1 1 0 0 0 0 1 1 0 81782.22269564835 79881.542130649759 84130.531812695233 77934.495649670076
11010287 1 4 0 2 3 6 3 1 1 8 6 3 0 10 8 6 2 1 3 1 0 0 0 0 0 0 0 88985.893380660505 88085.998865851783 90482.92843172334 90834.016605307814
11010287 1 10 6 7 0 11 5 1 0 5 4 3 1 3 3 0 3 1 2 1 0 0 0 0 1 2 1 87715.103178472666 71525.999671091151 87129.787385400617 83788.283835181792
11010288 1 2 0 1 0 1 3 4 0 4 6 3 0 1 4 6 3 1 1 1 0 0 0 0 0 3 3 91582.941583167179 91588.825326506965 91195.646983491039 91592.156390041768
11010288 1 3 4 1 4 4 5 3 1 3 3 7 6 4 8 6 3 1 2 1 0 0 0 0 0 1 1 85007.775397430582 3 -1.0000000000000001e+300 -1.0000000000000001e+300
11010288 1 7 5 0 0 8 4 0 0 9 4 2 2 10 3 3 2 1 1 1 0 0 0 0 3 1 2 90917.176967285137 75116.758847492907 90427.347587056589 89144.812997204761
11010288 1 0 5 11 9 0 3 5 8 3 2 4 5 2 1 3 4 1 3 1 0 0 0 0 4 3 3 76973.823826715772 87000.899550512244 86863.118002665535 86840.393938555688
11010289 1 2 3 2 0 3 4 3 3 1 2 3 0 4 0 3 0 1 1 1 0 0 0 0 3 2 1 95931.543534636192 96108.321647354402 96436.266692878562 96437.441900253296
11010289 1 2 0 0 2 4 6 7 6 3 5 5 0 3 2 1 0 1 1 1 0 0 0 0 1 0 1 89194.551995458474 89389.498298881444 89264.612863860777 90078.800389328055
11010289 1 1 0 7 10 3 5 5 8 0 3 3 6 1 1 2 3 1 2 1 0 0 0 0 1 2 4 86254.081969729363 90049.817390364042 89769.0542120912 90248.559460368691
11010289 1 8 11 8 1 4 7 8 0 4 3 6 2 1 1 2 0 1 2 1 0 0 0 0 0 0 0 74617.744083537022 69018.802178569385 75334.534973974092 71637.105361435591
11010290 1 3 2 1 5 2 5 5 5 0 0 3 1 0 0 0 3 1 2 1 0 0 0 0 2 1 1 93928.316532105207 93782.929685470124 93681.269505977631 93449.084320805719
11010290 1 2 1 1 6 1 1 4 7 0 5 5 8 0 3 6 7 1 2 1 0 0 0 0 0 2 1 79407.764746365676 91923.884310189402 90611.191199606619 91305.563862830473
11010290 1 0 1 3 0 0 0 4 0 0 3 5 6 2 2 1 10 1 2 1 0 0 0 0 4 3 4 84868.119977156326 88098.066070628978 86950.785611223691 88188.747318828304
11010290 1 1 2 1 2 0 3 5 7 1 6 6 11 0 2 8 9 1 1 1 0 0 0 0 3 4 4 82025.320292840188 87674.692063224706 87590.710821312314 87590.710821312314
11010291 1 1 2 3 0 2 4 4 3 0 2 1 3 0 4 3 1 1 3 1 0 0 0 0 1 1 1 95761.751329870138 95607.825111001541 95017.286900493826 95684.494187072472
11010291 1 4 7 8 7 0 3 3 4 1 0 2 3 3 0 0 0 1 1 1 0 0 0 0 3 4 3 90816.112180141368 91436.123446311089 91449.392223374496 85844.632971472776
11010291 1 0 4 6 10 0 4 5 3 0 2 3 1 3 2 1 0 1 1 1 0 0 0 0 3 4 3 85349.298478152938 87464.577620535274 87202.984463972622 84954.404668654679
11010291 1 9 11 6 4 8 7 5 3 5 2 2 0 3 0 0 1 1 1 1 0 0 0 0 1 1 1 87260.684595964573 85872.587579174986 87545.755610022141 71507.946862248064
11010292 1 2 3 0 0 4 4 3 4 4 6 2 3 0 3 0 0 1 2 1 0 0 0 0 3 0 1 93553.81620746851 92138.685717441418 93564.8804126139 93059.421297638502
11010292 1 0 1 3 0 1 3 2 4 0 5 5 6 5 7 8 7 1 2 1 0 0 0 0 1 1 3 88161.731756804467 92252.337938602315 84855.426264267153 92434.4481636618
11010292 1 3 3 4 0 2 4 6 1 1 3 6 8 3 5 7 10 1 2 1 0 0 0 0 0 0 0 90373.644487127734 87702.586405711787 83034.202616840586 90223.354331942843
11010292 1 1 0 1 3 2 3 5 5 1 4 6 11 4 5 8 9 1 3 1 0 0 0 0 0 2 0 87368.038659387981 87412.317720854568 85877.55768262429 86825.444042244373
11010293 1 0 0 1 2 0 3 3 2 0 5 1 2 3 3 4 5 1 3 1 0 0 0 0 4 3 3 95113.275537742506 94733.298574766523 94952.329129448626 -1.0000000000000001e+300
11010293 1 7 5 3 2 8 1 1 0 7 2 3 0 5 3 0 0 1 3 1 0 0 0 0 0 0 0 -1.0000000000000001e+300 85909.557066592664 91915.693758275302 91621.955137502911
11010293 1 0 0 1 2 1 3 10 2 0 2 4 1 0 6 3 2 3 4 0.5 5 0.25 6 0.25 1 0 2 81229.169567713339 82980.0239228071 79772.001246737695 80804.315176104108
11010293 1 2 3 4 0 2 8 1 0 7 7 8 3 3 11 10 3 1 3 1 0 0 0 0 1 0 1 70033.12507789307 69234.603275507543 71562.020717239895 70567.286869859061
11010294 1 3 0 0 3 2 6 3 4 3 3 6 3 0 4 3 6 1 2 1 0 0 0 0 4 2 1 88350.773855734107 89849.890556940954 92080.157589019276 89758.34409980262
11010294 1 1 3 4 6 2 2 5 8 0 0 3 7 0 0 3 6 1 3 1 0 0 0 0 1 0 0 84126.933197235456 -1.0000000000000001e+300 91135.532383136626 90834.145292027621
11010294 1 3 5 6 10 0 3 6 7 0 0 4 5 0 0 2 3 1 1 1 0 0 0 0 3 3 3 86469.54078001414 -1.0000000000000001e+300 90128.171022792012 88974.28628273397
11010294 1 3 0 1 3 0 2 3 11 0 4 2 8 1 3 3 4 1 2 1 0 0 0 0 1 0 0 78715.686150144436 82831.2516556685 80993.590834652001 81771.791568031244
11010295 0 1 5 6 5 3 2 5 4 0 3 3 3 2 1 0 1 1 3 1 0 0 0 0 1 2 1 91757.225782182475 92292.162647423916 90580.794244050965 91818.985779267212
11010295 0 5 7 6 5 2 4 5 3 1 4 0 0 1 1 0 1 1 2 1 0 0 0 0 1 3 4 90438.618490937442 90129.805639532351 90562.490517074926 87043.462371349902
11010295 0 0 5 6 9 0 2 3 6 2 0 0 4 0 0 0 4 1 1 1 0 0 0 0 3 2 3 87614.202090911422 90997.658274182249 91034.21036936545 88648.646673576091
11010295 0 1 1 2 3 0 4 4 11 2 3 5 7 0 4 6 8 1 1 1 0 0 0 0 0 1 3 76338.453983909058 87473.894148702093 86346.204995857828 86215.121932944428
11010295 0 1 4 1 3 2 5 4 5 2 6 5 11 4 8 7 9 1 2 1 0 0 0 0 2 1 3 -1.0000000000000001e+300 -1.0000000000000001e+300 3 3
11010296 1 0 0 0 3 1 3 3 4 2 5 4 1 0 0 5 5 1 2 1 0 0 0 0 2 2 1 94604.440481562095 93795.001383013179 93986.856394901988 94524.123740535317
11010296 1 0 3 2 0 2 3 2 3 1 4 5 3 6 8 6 4 1 3 1 0 0 0 0 3 1 1 90866.564560728002 90811.98428026402 85401.932366034787 90872.646627107679
11010296 1 3 1 0 0 6 3 1 1 9 6 1 0 10 7 2 0 1 2 1 0 0 0 0 0 2 0 -1.0000000000000001e+300 75202.669436994474 88821.786283856782 89289.465957975422
11010296 1 0 3 0 1 2 0 3 5 1 4 4 8 5 6 11 9 3 5 0.37499999999999994 6 0.24999999999999994 7 0.37499999999999994 0 1 0 83939.266071259641 82139.914704780575 81086.233322903019 81122.208144976466
11010297 1 0 4 4 3 0 2 5 4 1 3 3 3 0 5 2 3 1 1 1 0 0 0 0 1 1 2 93152.461218690441 93703.818390952219 93406.566028524321 92888.044986376044
11010297 1 2 0 0 0 3 1 0 0 3 6 0 2 4 6 8 3 1 3 1 0 0 0 0 1 0 0 89822.305322129032 89317.030921810307 89045.7398544077 89708.379335605277
11010297 1 4 2 1 0 5 4 0 3 7 2 1 2 9 3 0 1 1 3 1 0 0 0 0 0 0 0 90855.233453888795 85506.819218749341 90831.03039684135 90583.705317961474
11010297 1 4 2 0 0 7 2 3 3 11 7 4 1 10 9 0 4 1 1 1 0 0 0 0 3 3 3 92466.865513739089 80746.471445985473 86965.779089570802 92733.165337622224
11010298 0 0 4 3 3 2 5 5 5 2 4 6 0 0 0 3 3 1 3 1 0 0 0 0 3 1 0 91156.161937157318 92522.065019754664 90537.817077080399 90780.574255007275
11010298 0 7 5 5 2 8 5 1 0 7 3 1 0 5 0 3 0 1 1 1 0 0 0 0 1 3 2 91877.005928892526 87362.668054931244 90245.63095804675 89854.260542426229
11010298 0 9 7 5 5 7 5 0 0 3 2 0 3 1 0 1 0 3 4 0.33333333333333331 5 0.33333333333333331 6 0.33333333333333331 2 3 2 90950.899165698109 89221.893668631892 90172.341532645049 90691.284090099027
11010298 0 5 4 2 1 7 3 3 4 11 7 2 2 9 8 0 1 1 1 1 0 0 0 0 0 0 1 88583.526644174868 81218.419000716749 87525.040381157698 86379.187522607739
11010298 0 1 4 2 3 2 2 4 1 11 6 5 3 10 8 1 4 1 1 1 0 0 0 0 0 1 0 -1.0000000000000001e+300 -1.0000000000000001e+300 3 3
11010299 1 0 0 2 0 1 0 3 1 5 2 4 0 3 1 2 0 1 1 1 0 0 0 0 1 2 3 96448.198515948607 96189.319398832115 96527.29790208675 96779.339324922039
11010299 1 4 1 0 0 7 4 3 2 8 6 2 1 7 6 3 0 1 3 1 0 0 0 0 4 4 3 91765.410755577905 86069.839840925197 90586.507076956623 92016.147457190877
11010299 1 3 0 0 2 1 3 1 0 6 4 4 4 10 9 7 5 1 2 1 0 0 0 0 0 0 0 89396.126560974473 89726.882668527716 75852.218252233506 89493.400912317506
11010299 1 3 0 4 1 2 3 5 0 1 3 5 8 4 6 11 10 1 3 1 0 0 0 0 3 4 3 89410.014910199825 89069.457086664188 80071.315756220036 89731.907170290244
11010300 1 3 0 1 0 2 0 3 2 4 1 2 3 0 1 0 0 1 2 1 0 0 0 0 4 3 4 96965.764434682729 96960.754218338829 97082.591951762297 96884.485088247966
11010300 1 3 1 0 2 6 4 0 0 8 5 2 3 6 4 0 0 1 1 1 0 0 0 0 1 1 1 91095.333768143944 85884.628387989695 91026.577318394062 90545.084569079889
11010300 1 10 9 6 4 6 2 3 0 5 0 1 0 3 0 3 1 1 3 1 0 0 0 0 3 4 3 88729.249327879428 87288.23335971027 88632.651353633482 80441.307291311809
11010300 1 3 0 1 0 5 0 2 3 11 3 3 1 9 7 6 3 1 2 1 0 0 0 0 3 3 2 86534.735273320184 79079.926907193629 80962.98437680972 86180.521862272275
11010301 1 3 0 0 0 3 0 3 2 3 5 1 0 1 6 5 3 1 2 1 0 0 0 0 0 0 1 93415.349480046149 93567.417475523776 93571.289470707939 93727.209313242522
11010301 1 0 2 0 0 0 1 3 3 3 0 3 6 0 3 7 6 1 3 1 0 0 0 0 0 0 1 91428.319822760866 91645.931383340328 91468.226668187752 91360.714326120578
11010301 1 0 1 0 1 3 3 1 0 6 5 4 4 10 9 8 5 1 2 1 0 0 0 0 1 3 2 89017.739263734591 88356.273944199071 73985.882481523542 89154.205132406772
11010301 1 0 1 0 0 0 2 3 5 2 1 4 8 4 6 11 9 1 3 1 0 0 0 0 3 3 3 82797.196064968419 86450.733279144129 78278.912900711366 86932.717637417692
11010302 1 0 0 0 1 6 3 0 0 6 4 3 1 4 3 3 3 1 1 1 0 0 0 0 1 4 3 93160.455123735315 93564.830366525624 93022.801564264664 91540.168110572733
11010302 1 8 5 4 3 1 6 4 0 4 3 0 0 3 1 1 2 2 4 0.5 5 0.5 0 0 0 2 0 88368.138481606555 85031.855911708451 88768.214024413028 88818.874854785652
11010302 1 10 7 0 3 7 5 5 3 5 3 3 0 3 1 2 2 1 3 1 0 0 0 0 3 2 2 89400.480033255692 85598.30015284571 88362.542060849257 89417.340147347903
11010302 1 4 11 8 1 2 1 3 5 0 3 2 2 0 0 1 0 1 3 1 0 0 0 0 3 3 3 82081.138027799854 82161.375437050898 82695.645155095917 79836.397135532286
11010303 1 0 2 4 3 3 4 1 3 0 0 2 0 0 3 0 0 1 2 1 0 0 0 0 4 2 3 96681.096330278437 96785.514864711848 96346.443673333633 96601.385608795972
11010303 1 2 0 0 2 3 1 3 0 5 4 2 0 8 8 6 4 1 3 1 0 0 0 0 4 2 2 91473.750610903473 89657.866757670141 84713.035712707657 90782.805664649684
11010303 1 3 2 1 1 5 3 3 0 6 5 3 0 10 5 4 2 3 5 0.25 6 0.25 7 0.5 0 0 0 85164.586852779175 88321.246559702777 89316.680290168486 85722.78988587718
11010303 1 3 5 11 9 0 1 5 4 3 2 3 4 0 1 2 0 1 2 1 0 0 0 0 4 3 3 83813.97004124528 86190.951576746942 86758.60051531122 79139.718418991732
11010304 1 2 0 2 2 4 4 1 0 1 5 6 2 3 2 5 1 1 3 1 0 0 0 0 4 2 3 91657.551691568922 91485.148199081421 91711.676483249947 92063.090875292997
11010304 1 0 0 2 5 0 0 1 8 0 4 6 6 1 2 1 5 1 3 1 0 0 0 0 0 1 0 86933.473236118138 90270.841430505578 90118.86032965513 90890.770329766383
11010304 1 4 3 3 10 0 0 4 9 1 3 5 8 0 3 7 6 1 2 1 0 0 0 0 3 3 4 73882.574246437769 89488.399549900088 89696.931456145467 89455.518245579442
11010304 1 3 2 1 0 5 4 0 3 8 7 3 0 10 11 5 3 1 3 1 0 0 0 0 0 0 0 89897.992705401557 81111.885701238207 88918.929552835805 88752.359185894427
11010305 1 0 3 0 0 6 3 3 3 2 3 3 4 1 4 6 3 1 1 1 0 0 0 0 1 2 2 91358.379713365764 92865.391933255727 92931.327758477142 91456.66990825512
11010305 1 5 3 2 2 7 1 3 0 8 5 0 0 7 3 3 0 1 2 1 0 0 0 0 4 2 3 91393.055429206928 79820.792844229305 90507.428146353632 91175.171810494794
11010305 1 3 1 0 0 6 4 2 0 8 5 3 3 9 5 4 3 1 2 1 0 0 0 0 2 1 3 89992.123489038247 85702.098808159484 90458.705579902322 90858.580105358138
11010305 1 3 11 6 5 1 4 5 0 3 3 2 3 1 0 0 0 1 2 1 0 0 0 0 1 1 1 81870.4877831372 83558.894339735401 81593.071498582838 78351.323684610645
11010306 1 3 3 0 0 0 2 0 1 1 4 3 5 4 1 5 2 1 2 1 0 0 0 0 3 3 3 93778.339892731776 93467.512864801625 94734.373590545511 93556.022214253724
11010306 1 0 1 0 0 2 3 3 2 6 5 4 2 7 8 7 5 1 1 1 0 0 0 0 2 1 4 92232.443995712383 91920.541143507129 81747.405287872927 -1.0000000000000001e+300
11010306 1 0 1 0 1 3 4 0 2 7 5 4 3 10 9 8 5 1 3 1 0 0 0 0 1 2 0 89513.10043648156 89769.791644051249 76648.31236418309 89443.618959998901
11010306 1 0 0 0 2 0 0 1 1 2 6 5 4 3 11 6 4 1 3 1 0 0 0 0 1 1 1 82639.669357484163 -1.0000000000000001e+300 81875.023513573804 81707.618508605563
11010307 1 5 3 5 3 0 3 4 3 2 3 5 3 0 2 1 2 1 3 1 0 0 0 0 2 0 0 94491.432961603001 94957.777140299484 94627.453550974533 92980.324864890848
11010307 1 0 3 7 4 0 5 5 4 1 3 4 0 0 0 2 1 1 3 1 0 0 0 0 2 3 3 90717.295019103447 91285.866033345999 90171.519788429156 90939.3265777942
11010307 1 10 5 6 0 9 4 3 1 8 3 2 2 3 2 1 3 1 1 1 0 0 0 0 2 2 3 88393.965734762445 77566.688246516685 88558.140806825279 86827.069764936852
11010307 1 3 0 0 1 5 4 3 3 11 5 5 1 9 8 6 5 1 2 1 0 0 0 0 2 3 1 87315.893904201177 80796.452187941934 69024.291356874746 -1.0000000000000001e+300
11010308 1 0 3 6 1 2 0 4 6 2 4 2 4 1 0 0 1 1 1 1 0 0 0 0 1 2 4 91132.313828141589 91722.049786790973 91952.344019294396 92187.66534790193
11010308 1 0 2 5 6 0 4 4 8 2 1 3 6 3 1 2 3 1 2 1 0 0 0 0 4 2 3 88277.666744908565 91159.636849646879 90858.28267905119 -1.0000000000000001e+300
11010308 1 4 5 8 10 3 4 7 8 0 4 5 4 2 2 0 4 1 2 1 0 0 0 0 4 1 3 81880.040679357131 85257.398949468246 85413.757576492775 79395.929550442743
11010308 1 10 11 5 3 9 6 4 3 6 4 4 0 3 3 2 3 1 1 1 0 0 0 0 1 1 1 90816.045613724942 88929.31523270758 91674.523237541114 90289.658817006188
11010309 1 2 4 4 2 3 1 1 4 1 3 2 3 0 0 0 2 1 3 1 0 0 0 0 2 1 1 95704.996839099447 95805.586921073773 95435.83614744962 95362.709499747652
11010309 1 3 7 8 2 6 5 4 0 4 2 1 3 3 2 1 2 1 2 1 0 0 0 0 4 1 3 86584.584906629199 86986.215075393528 86195.73975030586 86153.815831039174
11010309 1 5 9 9 10 6 3 5 3 1 3 0 0 0 2 0 0 1 2 1 0 0 0 0 4 3 4 89469.571948461322 90013.64478958289 89330.15661290694 88666.271253433893
11010309 1 10 11 0 7 9 8 8 1 6 3 3 0 3 1 2 3 1 2 1 0 0 0 0 0 0 0 99892.111275719406 92506.738639105301 91438.547821026092 98400.147770339827
11010310 1 0 2 0 3 0 4 1 0 3 5 5 0 4 3 6 3 1 2 1 0 0 0 0 4 3 3 93316.802620886578 92983.579474943646 92517.152545575751 93510.609020657008
11010310 1 4 7 8 7 3 2 4 5 0 1 4 5 3 3 1 2 1 2 1 0 0 0 0 2 1 1 88482.559701598308 92271.50884872234 92339.336613801352 86643.62056183703
11010310 1 3 4 5 10 3 5 6 5 3 2 3 4 3 2 3 2 1 1 1 0 0 0 0 2 0 1 -1.0000000000000001e+300 -1.0000000000000001e+300 87208.226999357401 81458.99458956765
11010310 1 2 2 2 1 5 4 3 4 6 11 9 1 0 10 3 0 1 1 1 0 0 0 0 0 0 1 56176.481587175149 61176.476993850163 -1.0000000000000001e+300 54909.928561339912
11010311 1 3 1 2 1 3 6 2 0 2 3 4 6 1 4 5 2 1 3 1 0 0 0 0 1 0 0 91714.229461669922 90958.420289357498 91311.306989881719 91221.555030716787
11010311 1 1 0 2 2 0 0 1 4 0 3 3 3 5 7 8 7 1 3 1 0 0 0 0 2 2 2 91421.809858415334 91457.525211546963 87315.709906536795 91205.830472027767
11010311 1 0 3 0 0 1 3 0 5 0 5 5 7 4 6 8 10 1 1 1 0 0 0 0 1 3 1 88748.371990650325 89829.882467486532 84237.88568772201 89933.743270277177
11010311 1 1 4 3 0 4 1 3 0 7 7 3 3 9 11 3 1 1 2 1 0 0 0 0 0 2 0 87197.499451648633 81516.721295690571 84509.132865519408 86283.233814593172
11010312 1 0 3 0 2 1 4 1 2 1 2 1 3 4 2 1 3 1 3 1 0 0 0 0 1 2 2 95397.801522156937 95722.551488224664 95231.437726377553 95542.10524934133
11010312 1 1 0 3 4 0 0 4 6 1 2 6 7 0 5 5 6 1 2 1 0 0 0 0 2 2 1 88017.201992175193 91160.160862162171 89065.355497129043 90354.29631185878
11010312 1 0 2 3 5 0 1 4 6 1 4 6 8 3 3 1 9 1 3 1 0 0 0 0 0 2 1 81372.121149026469 89890.459553841807 90190.554296545568 90212.294788884756
11010312 1 0 3 0 3 4 4 4 1 7 5 4 3 10 11 5 4 1 2 1 0 0 0 0 3 3 3 89198.102064088918 86469.850553301425 75544.619657766045 88641.540569962832
11010313 1 3 4 3 2 6 5 3 1 3 4 0 0 0 3 0 3 1 1 1 0 0 0 0 0 1 0 94039.772202279826 93246.354253808648 93255.642818755572 93329.816606027089
11010313 1 0 0 3 5 1 3 4 6 0 2 4 8 2 1 5 8 2 4 0.5 5 0.5 0 0 3 3 3 87008.669022049449 91319.46794942503 90491.733015779013 92138.263207448879
11010313 1 1 3 4 5 2 3 5 7 0 0 5 8 0 0 1 9 1 2 1 0 0 0 0 2 2 4 76051.189411847794 -1.0000000000000001e+300 91118.885868777827 90350.262966815251
11010313 1 0 0 1 4 2 0 3 7 0 0 5 11 0 2 4 7 1 1 1 0 0 0 0 0 0 1 77358.399471912271 81089.21238347661 80866.365550116941 80321.606799683024
11010314 1 0 0 1 4 2 3 3 3 3 1 3 3 0 0 0 3 1 2 1 0 0 0 0 3 3 2 96264.932923153741 96707.583414268869 96439.797341607031 96359.521255374653
11010314 1 1 2 5 6 0 1 6 7 2 3 5 8 0 3 2 7 1 2 1 0 0 0 0 3 1 3 79571.812462507965 88563.740390569423 88430.963479582977 88630.657932663249
11010314 1 3 4 5 9 0 4 6 8 3 0 4 7 0 2 1 5 1 2 1 0 0 0 0 1 0 0 80303.393939681278 91329.257942577417 91041.541706436881 90188.332314316765
11010314 1 0 2 3 0 3 6 5 1 11 6 5 3 8 7 6 4 1 2 1 0 0 0 0 1 0 3 88763.403156694098 88539.235300914777 79464.344985409931 86987.746834293881
11010315 1 0 0 1 0 2 3 3 3 0 5 4 4 0 3 3 5 1 3 1 0 0 0 0 2 2 3 94362.220829459868 94676.353173175812 94260.534500673311 93842.255664142329
11010315 1 0 3 4 7 0 1 4 8 0 2 3 6 2 0 0 4 1 3 1 0 0 0 0 4 3 2 87300.410629265272 91275.760055150051 91425.612269949124 91461.741060723522
11010315 1 0 1 2 0 0 3 4 3 3 5 3 0 3 5 7 10 1 2 1 0 0 0 0 3 2 3 88365.261545855436 88755.798668486939 84599.601524668178 88851.406819036172
11010315 1 2 0 3 4 3 1 4 7 3 4 7 9 1 6 11 10 1 2 1 0 0 0 0 1 1 2 91761.332602125665 91976.220383407694 91775.930923130159 92496.0815294809
11010316 1 3 2 4 2 3 0 3 0 4 3 4 2 0 0 4 1 1 3 1 0 0 0 0 2 0 0 95899.06320773231 95494.744791984558 95766.749024192497 95460.709382454559
11010316 1 2 1 5 5 4 5 7 6 0 3 4 5 0 3 2 1 1 2 1 0 0 0 0 1 0 1 88701.841786789926 88116.35621713227 89054.505122720788 89531.712071680406
11010316 1 0 1 2 4 0 1 3 6 3 4 6 7 4 6 7 10 1 2 1 0 0 0 0 0 0 0 88587.556126932905 89585.040664977176 88693.379327476068 -1.0000000000000001e+300
11010316 1 0 6 9 10 1 4 4 11 0 1 2 5 1 1 3 4 1 2 1 0 0 0 0 1 3 4 72322.403996564812 90278.257656169852 90081.481565012407 89985.615149963167
11010317 1 1 3 0 1 3 4 6 2 3 5 3 4 4 6 3 0 1 1 1 0 0 0 0 2 4 4 90943.297803261841 89150.019616642705 90663.694517648953 90849.496843918852
11010317 1 3 3 0 1 1 4 3 2 0 2 4 6 4 6 8 7 1 2 1 0 0 0 0 1 0 0 88934.448331949709 90706.263281268402 82942.808675117107 91624.96679277072
11010317 1 3 3 5 6 0 0 3 8 0 3 4 9 0 1 2 10 1 3 1 0 0 0 0 0 0 0 77243.209258727453 90320.138541411972 90957.941459615133 90346.561419159771
11010317 1 5 1 4 1 6 4 3 0 8 7 3 1 9 11 4 2 1 2 1 0 0 0 0 0 1 1 -1.0000000000000001e+300 77885.875634460826 85866.929623423785 87355.169266895682
11010318 1 4 3 5 3 3 5 3 3 2 4 2 3 0 1 0 1 1 3 1 0 0 0 0 1 1 2 93580.715648478916 93314.604714753441 94338.503775848279 93943.444086127798
11010318 1 2 0 2 0 5 3 4 3 5 3 3 0 7 5 2 0 1 1 1 0 0 0 0 3 1 2 90968.544230311352 90872.458673456858 91231.294379042301 91847.253458794978
11010318 1 4 5 1 0 7 4 0 0 8 7 3 0 9 4 4 5 3 4 0.33333333333333331 5 0.33333333333333331 6 0.33333333333333331 3 4 3 89622.392875856531 85995.938141696795 85486.246067402346 86154.589527736578
11010318 1 5 11 7 2 4 6 2 0 4 1 0 0 3 0 2 1 1 1 1 0 0 0 0 2 2 2 82854.934007802542 81007.237774040361 82853.036829630189 83021.644265695708
11010319 0 0 1 0 0 3 3 2 1 0 3 2 2 3 1 5 1 1 2 1 0 0 0 0 1 1 3 96628.157294004501 96962.172621059421 96783.902354714606 96204.163808663681
11010319 0 5 0 0 3 6 0 0 3 8 3 3 2 7 7 5 1 1 1 1 0 0 0 0 3 4 3 91872.429941268027 86683.265233595768 89056.906975913385 91879.310609111548
11010319 0 3 2 4 0 5 2 2 0 7 1 1 1 10 0 6 0 1 2 1 0 0 0 0 4 3 4 88866.570042508174 82278.671230948166 88374.449406441607 86304.734253255752
11010319 0 9 5 2 0 11 7 1 0 6 4 0 0 2 4 2 1 1 3 1 0 0 0 0 2 1 3 81579.226168214504 73965.595003787021 81508.814691474327 79508.191222490481
11010319 0 10 6 8 8 11 7 5 4 8 4 3 1 5 1 1 3 1 3 1 0 0 0 0 1 4 1 732 732 -1.0000000000000001e+300 -1.0000000000000001e+300
11010320 1 0 0 1 0 2 1 3 0 4 5 4 0 4 4 5 3 1 2 1 0 0 0 0 2 2 2 94192.909082907208 93978.223690196319 93806.366287305907 94010.786437281859
11010320 1 3 8 7 5 2 4 6 4 1 1 4 4 0 0 0 3 1 3 1 0 0 0 0 2 3 1 87521.165108203131 82236.337848455718 88352.404692142591 88740.656804586426
11010320 1 10 5 4 3 7 4 1 3 5 2 0 2 1 0 0 1 1 2 1 0 0 0 0 3 3 4 89327.892042099411 88490.196259781616 89421.234421506626 88122.680890973468
11010320 1 4 0 1 0 11 4 3 4 8 5 1 0 7 0 2 0 1 1 1 0 0 0 0 1 3 1 83291.417858689529 77996.435518889106 83854.303367206783 85564.782953754169
11010321 1 4 0 3 0 2 3 6 2 4 4 3 2 3 3 0 0 1 1 1 0 0 0 0 3 1 1 93752.839457144568 93527.817936967476 93006.670659275842 92755.455055746104
11010321 1 2 0 0 4 3 3 3 6 0 2 3 8 0 3 6 6 1 3 1 0 0 0 0 3 1 1 87392.017968909175 91283.906511154142 90342.355257772346 91162.709906647971
11010321 1 0 0 3 5 0 0 3 6 0 2 4 7 1 3 5 10 1 2 1 0 0 0 0 3 2 3 84117.446481723164 -1.0000000000000001e+300 88714.990732031365 88762.180151978668
11010321 1 3 3 0 1 3 4 2 0 10 8 4 5 3 11 9 1 1 2 1 0 0 0 0 0 0 0 66193.875800700858 66281.541238456179 62135.755067257909 66398.41212182735
11010322 1 0 2 2 4 1 1 4 1 0 0 2 3 0 0 0 1 1 3 1 0 0 0 0 3 4 3 96842.885513538771 -1.0000000000000001e+300 97531.274247572146 97168.888201668218
11010322 1 1 3 6 7 1 0 4 8 0 0 3 6 0 0 3 4 1 2 1 0 0 0 0 1 2 2 84338.612942839216 91565.835282543791 91304.612481038654 91260.015499570683
11010322 1 0 4 4 10 1 4 6 9 3 3 5 7 0 3 0 5 1 2 1 0 0 0 0 0 0 0 78457.205844066542 90025.329619898504 89213.965727856121 89551.738403714859
11010322 1 2 0 4 4 1 1 5 6 3 4 7 11 1 5 8 9 3 6 0.1818181818181818 7 0.27272727272727271 8 0.54545454545454541 0 2 0 86781.261718627531 77351.993960068939 87021.226998553393 78738.977943600272
11010323 1 0 3 2 4 2 5 1 2 0 1 2 6 0 3 6 3 1 3 1 0 0 0 0 2 0 2 90490.489728711269 90130.654570685481 90871.59482639312 90091.390697518989
11010323 1 6 7 8 6 2 5 4 5 3 1 2 3 0 0 3 3 1 2 1 0 0 0 0 2 0 1 89756.741098041151 90665.110160769807 90231.90040399757 80064.555710267043
11010323 1 6 7 8 9 5 7 1 2 4 3 1 0 0 0 1 0 1 1 1 0 0 0 0 0 3 3 90795.119242707297 90131.91006628891 90209.242906405663 81452.347911485936
11010323 1 9 11 3 0 8 7 6 6 6 5 8 2 3 3 4 2 1 3 1 0 0 0 0 4 2 2 84438.693450495601 80080.597557342277 73451.305312449287 -1.0000000000000001e+300
11010324 1 3 2 0 0 1 2 1 0 1 4 5 2 3 4 3 3 1 3 1 0 0 0 0 0 0 0 94826.617860360566 94988.832667185809 95127.990392962165 95036.608423425685
11010324 1 2 0 3 4 0 3 4 6 1 2 5 7 0 3 4 6 1 1 1 0 0 0 0 3 3 4 88834.775788243496 91032.785773003954 90572.657460535149 90781.789079560156
11010324 1 0 1 2 1 0 3 4 6 2 3 6 8 4 6 7 10 1 1 1 0 0 0 0 2 3 1 88505.236204666508 90142.404389908668 90275.168436499342 89800.081507262687
11010324 1 1 1 0 3 0 0 0 5 2 8 6 5 7 8 9 11 1 2 1 0 0 0 0 0 0 1 78821.101240668329 78967.619240445187 71938.510409290175 81641.057961406259
11010325 1 5 4 4 5 1 5 6 0 0 3 4 3 0 2 0 1 1 3 1 0 0 0 0 1 2 0 93133.655593683667 92374.777404031644 91448.645739096173 91078.036499023438
11010325 1 3 4 6 7 2 1 5 8 0 3 4 7 0 2 3 5 1 1 1 0 0 0 0 0 0 1 81340.270504617205 92681.420200595865 -1.0000000000000001e+300 88091.468277992477
11010325 1 1 3 5 10 0 0 3 7 0 0 3 4 2 0 0 0 1 2 1 0 0 0 0 4 3 4 86181.835978175746 89046.841206916797 89277.330926915485 87447.017316649595
11010325 1 0 1 0 0 3 0 3 5 2 1 6 11 4 6 9 10 1 2 1 0 0 0 0 3 3 3 84258.914880069264 91394.143479630293 77880.352103614903 90929.122284152138
11010326 1 2 2 1 0 3 3 4 2 0 5 2 3 6 6 3 1 1 3 1 0 0 0 0 3 1 0 92238.086635629297 91342.230434068289 92572.779159009457 90420.689023593106
11010326 1 1 1 6 2 0 0 6 6 3 7 6 4 0 1 0 0 1 4 1 0 0 0 0 2 4 4 86028.741436256416 84421.863492166187 85023.012574728826 84113.215175226418
11010326 1 2 0 3 0 0 2 1 4 6 4 2 3 6 7 8 9 1 1 1 0 0 0 0 2 1 2 90930.810824658896 89482.932071903255 82452.2544673706 91664.961555645685
11010326 1 6 5 3 2 8 3 4 0 5 4 11 2 4 0 0 3 1 1 1 0 0 0 0 1 0 1 73658.098063302255 67935.14655725917 72646.113039104894 73640.809648999319
11010327 1 3 1 1 3 2 2 4 0 3 0 3 0 1 0 0 0 1 3 1 0 0 0 0 3 4 3 96844.85398832956 96879.486285511361 96828.883907581258 96704.648597270469
11010327 1 3 5 7 5 3 4 7 1 1 2 3 2 0 0 3 3 1 2 1 0 0 0 0 3 2 4 90271.804290791042 90588.24014092896 91133.308513253287 88651.919970358213
11010327 1 0 3 7 10 1 4 3 5 0 3 2 1 0 2 0 3 1 1 1 0 0 0 0 3 4 4 85271.186872780047 88968.132238113307 88913.127643826956 84240.472294549443
11010327 1 5 8 11 5 4 4 5 4 0 4 4 3 1 0 3 0 3 6 0.1818181818181818 7 0.27272727272727271 8 0.54545454545454541 3 4 4 77511.944978241532 80552.338981330904 73638.997314178967 82383.922189393386
11010328 1 0 0 1 2 2 0 1 5 0 4 2 4 0 3 1 3 1 2 1 0 0 0 0 2 1 1 95829.915083945889 95882.867728137309 95850.503507173344 95780.812731398473
11010328 1 1 5 7 4 2 1 5 3 0 0 2 3 0 0 1 0 1 2 1 0 0 0 0 1 1 0 91400.074939337559 92048.434579079389 92223.213809706402 91871.01529237238
11010328 1 6 8 9 10 4 4 6 1 0 1 4 0 0 2 0 0 1 3 1 0 0 0 0 2 3 3 88779.619051452333 89038.066554381163 89972.037009144449 78009.013266591675
11010328 1 3 0 0 3 0 0 2 3 0 1 4 11 0 4 4 8 1 3 1 0 0 0 0 3 3 0 82212.974557191425 84330.069255327049 83566.797044690509 84839.530799826491
11010329 0 0 0 1 2 0 2 1 0 4 6 3 0 5 3 6 0 1 2 1 0 0 0 0 2 1 4 92817.867184616262 92005.24267579132 91885.104281047024 91902.25239226174
11010329 0 6 8 6 3 5 4 5 1 2 1 0 0 3 1 0 2 1 2 1 0 0 0 0 1 1 4 91473.304899735565 90042.527197106887 90908.061719971287 87435.60276835096
11010329 0 4 1 0 2 6 3 0 3 8 8 0 0 10 4 4 3 1 1 1 0 0 0 0 3 4 4 90233.173802743986 80767.706758580054 89968.676436654263 89508.68567974426
11010329 0 4 3 0 0 8 4 3 0 7 5 3 3 9 11 6 4 1 3 1 0 0 0 0 4 4 3 85781.801256435734 77848.703709930895 85760.09626788045 85862.020151587669
11010329 0 0 2 4 1 5 3 8 6 8 6 1 1 10 11 1 5 3 5 0.37499999999999994 6 0.24999999999999994 7 0.37499999999999994 1 4 2 3316.4961176310267 -1.0000000000000001e+300 121.49999999999997 -1.0000000000000001e+300
11010330 1 0 0 2 3 0 6 1 3 0 0 6 4 3 3 3 6 1 1 1 0 0 0 0 3 4 4 90533.334857775946 91578.315035609397 91046.143629134167 90448.669944494395
11010330 1 2 0 0 4 0 0 3 8 1 4 5 6 0 0 4 5 1 1 1 0 0 0 0 1 2 0 86864.498559254644 89966.708285955072 89183.969587546089 89898.453563629941
11010330 1 0 0 2 1 0 3 2 3 5 4 4 4 5 6 7 9 1 2 1 0 0 0 0 2 0 1 90744.364532830878 90174.024732031568 89582.950431771809 90878.440308597841
11010330 1 1 0 2 2 0 1 3 3 0 3 4 5 4 5 11 9 1 2 1 0 0 0 0 2 1 3 84647.240189601274 85930.565037169988 84016.540329985597 85833.81285152401
11010331 1 2 3 5 3 3 1 0 0 1 3 0 3 4 2 3 0 1 2 1 0 0 0 0 2 1 0 95272.979809513796 95455.1489034111 94943.697253757055 95504.08817503188
11010331 1 4 5 8 5 3 3 4 4 3 1 3 2 1 0 0 0 1 2 1 0 0 0 0 3 3 3 89524.03466172624 90904.080975466582 90741.805867062969 87011.161126653285
11010331 1 10 6 4 3 7 6 4 1 3 3 0 1 1 0 0 0 1 3 1 0 0 0 0 1 4 2 89175.141631160848 89436.429215294673 89703.358471371917 89232.371976687005
11010331 1 3 1 0 0 11 4 2 0 6 3 3 1 7 3 0 0 1 3 1 0 0 0 0 1 2 2 82999.291076368056 80643.231850235272 83235.531261501616 83103.756116972218
11010332 1 0 1 4 4 4 3 1 3 0 2 3 0 0 2 3 0 1 1 1 0 0 0 0 2 3 1 95596.143551217785 96009.751597234266 95951.328582650633 95399.423360903238
11010332 1 1 1 3 3 3 1 2 5 0 0 6 6 0 1 7 0 1 2 1 0 0 0 0 0 2 1 89784.952268280409 90575.86839119441 90709.342412980783 90249.993344691131
11010332 1 6 0 0 0 3 4 10 0 2 3 10 0 2 2 0 1 1 1 1 0 0 0 0 1 0 3 88630.138984047866 90094.334166279863 88067.67985578785 87407.639683978792
11010332 1 4 3 0 3 5 6 1 3 7 5 4 3 8 9 11 3 1 2 1 0 0 0 0 0 0 0 86395.050952668622 81804.816837711536 72324.706666284881 88566.744135695015
11010333 1 3 4 1 3 0 3 2 0 0 1 4 0 0 2 3 1 1 1 1 0 0 0 0 1 3 3 96379.159396338087 96368.819104368711 95962.070654027048 95916.601244839418
11010333 1 0 0 2 0 1 4 2 2 5 4 3 1 6 8 7 4 1 3 1 0 0 0 0 1 0 1 91678.911177827642 91299.513972836721 84802.200127850301 91788.713472477451
11010333 1 2 0 3 0 4 3 1 0 3 4 8 2 10 9 8 6 1 1 1 0 0 0 0 3 3 4 91365.875272601566 92649.97148826858 89472.303665076499 91499.350908920751
11010333 1 0 0 1 2 1 3 3 4 2 3 5 6 1 3 11 7 1 3 1 0 0 0 0 3 4 3 83150.682920740801 83068.11098152092 83313.788415119066 83385.389749114387
11010334 1 3 3 3 0 1 4 5 2 2 3 5 0 3 1 2 2 1 3 1 0 0 0 0 4 2 2 93881.322398480916 93689.621141691678 94174.331262437117 93791.754941548395
11010334 1 1 2 1 4 0 4 4 6 0 3 5 8 0 3 0 7 1 3 1 0 0 0 0 2 3 1 87622.670874793388 91267.53445110975 90993.882827575493 91402.72974483436
11010334 1 3 0 1 2 0 2 3 4 0 3 4 3 4 5 6 10 1 1 1 0 0 0 0 0 0 0 87337.790023578971 87798.188527651553 85704.826612786259 88203.445464864635
11010334 1 3 1 2 2 0 1 5 5 4 5 6 8 4 6 11 9 1 2 1 0 0 0 0 4 3 3 86002.186313623999 86969.81682123158 88109.21521252417 87031.998508232951
11010335 1 0 0 0 3 3 0 0 3 2 2 0 1 3 0 1 1 1 2 1 0 0 0 0 1 1 0 97381.021573262085 97331.738970417529 97559.632768621057 97422.768783479929
11010335 1 5 6 7 5 3 4 3 1 1 0 3 2 0 0 0 3 1 2 1 0 0 0 0 1 1 1 90621.107953528845 90943.338538204698 91406.985261946582 89847.362942746971
11010335 1 3 1 2 0 4 3 3 1 6 4 3 2 10 5 3 0 1 3 1 0 0 0 0 0 0 0 88821.312699524817 86060.275703585823 88816.903656493771 88643.588514888339
11010335 1 4 11 7 6 3 3 4 5 0 1 3 2 0 0 2 3 1 2 1 0 0 0 0 2 0 1 82198.596853729236 83268.951325691829 -1.0000000000000001e+300 78140.552900242968
11010336 0 0 3 5 1 3 5 4 3 0 2 0 2 0 3 1 0 1 2 1 0 0 0 0 4 3 4 94714.231452367749 94831.39945613977 94504.74141377343 94588.667251409672
11010336 0 0 0 0 3 0 2 4 3 0 2 5 7 1 4 4 4 1 1 1 0 0 0 0 0 0 0 90662.835882959145 92167.780922657912 91315.85615515738 91481.378821698017
11010336 0 3 4 4 10 0 0 5 7 0 0 4 6 0 0 3 4 1 3 1 0 0 0 0 4 4 3 86701.626670562546 88787.697483769502 -1.0000000000000001e+300 88822.839350278591
11010336 0 9 11 5 3 7 6 4 0 6 3 3 0 2 0 3 0 1 1 1 0 0 0 0 3 3 2 86785.302409593205 84299.822865227703 87661.573506778295 81889.278284380547
11010336 0 3 10 11 4 4 9 7 5 6 3 8 8 1 1 5 2 1 3 1 0 0 0 0 0 1 1 732 732 -1.0000000000000001e+300 -1.0000000000000001e+300
11010337 1 4 6 4 0 3 5 3 0 3 0 1 3 0 0 3 2 1 1 1 0 0 0 0 0 1 1 94538.245876577173 93903.55468161458 94743.726837423121 93838.504322422872
11010337 1 5 5 1 3 8 2 3 0 6 2 2 0 3 0 1 0 1 3 1 0 0 0 0 3 2 1 91020.472559148038 87911.066960758588 90469.647053610432 90334.911866629074
11010337 1 10 4 4 0 9 3 3 0 8 4 1 3 6 2 0 0 1 1 1 0 0 0 0 2 3 1 89774.274525197325 78673.928339304621 90020.585744057258 89347.779375889688
11010337 1 1 2 0 0 4 4 1 2 11 6 4 3 9 7 5 4 1 3 1 0 0 0 0 3 3 3 86873.481799737725 86413.191639297729 85688.668263225118 -1.0000000000000001e+300
11010338 1 4 5 6 3 3 4 3 4 0 3 1 0 0 2 0 3 1 2 1 0 0 0 0 4 3 4 93580.127305247559 92929.009405774414 93535.158073026498 93727.395151890654
11010338 1 0 0 1 2 3 1 1 2 0 3 6 2 0 7 6 3 1 2 1 0 0 0 0 1 0 1 90990.095147465574 91604.898624261274 90532.552221510618 91316.499339552756
11010338 1 5 2 3 1 6 3 6 0 7 5 0 0 9 7 3 0 1 1 1 0 0 0 0 2 3 3 -1.0000000000000001e+300 75774.159903547508 79657.943179167094 88931.350510891119
11010338 1 1 3 0 0 2 1 0 0 4 4 3 2 4 11 6 3 1 2 1 0 0 0 0 3 2 4 81255.059349390183 82478.896512061401 81525.17965922931 82744.334132172778
11010339 1 1 3 1 0 2 4 0 2 3 0 0 0 3 0 0 0 1 3 1 0 0 0 0 0 0 0 97088.53815691077 97220.851523958874 96626.894430991379 97041.96488001883
11010339 1 1 2 3 3 0 3 5 5 0 4 7 7 1 2 0 8 1 1 1 0 0 0 0 2 3 4 87510.115600736361 91260.820490451966 91221.763452421786 89912.005193988763
11010339 1 0 1 0 0 2 1 4 3 4 3 5 2 7 9 9 10 1 2 1 0 0 0 0 4 3 4 89794.799819251799 89957.539286080762 79483.105380027919 -1.0000000000000001e+300
11010339 1 2 6 1 4 2 4 8 11 1 4 9 10 0 3 3 3 1 3 1 0 0 0 0 0 0 0 64409.541878769291 60423.821247178523 64438.204125824515 61189.417027630683
11010340 1 5 3 5 2 3 1 2 3 4 3 0 0 1 0 0 3 1 2 1 0 0 0 0 4 3 3 94709.486271879403 95090.489612072008 95011.794157409662 94671.920270017814
11010340 1 3 1 0 0 4 0 4 0 7 2 2 0 5 5 2 1 1 4 1 0 0 0 0 1 0 0 91402.954880055797 91034.387515269846 91308.269477487644 91303.578514473949
11010340 1 2 3 3 4 0 5 5 7 7 5 1 3 10 9 2 3 1 1 1 0 0 0 0 1 1 1 81200.219137066844 76567.734617178125 70226.373409946056 80533.037998306711
11010340 1 0 0 0 4 3 3 0 5 0 2 4 6 3 4 11 10 1 1 1 0 0 0 0 3 3 1 85567.025787094928 88465.898636678714 82710.965915186549 88217.749329821556
11010341 1 1 0 0 0 1 4 2 0 3 3 1 3 3 2 0 3 1 2 1 0 0 0 0 3 3 3 96420.841075548407 97031.236999401342 96170.14946433017 96367.053137863113
11010341 1 0 0 0 1 2 4 2 0 0 5 4 2 6 8 7 4 1 3 1 0 0 0 0 3 1 1 90276.339261823392 89700.983200262563 89351.436741759971 89282.269674423849
11010341 1 5 3 1 0 7 7 7 1 8 8 0 0 10 3 3 0 1 2 1 0 0 0 0 1 2 2 90022.979079382421 71636.549473751176 91002.125179173774 91436.040339038474
11010341 1 3 4 5 3 7 1 2 1 11 2 0 0 2 1 0 0 1 3 1 0 0 0 0 0 0 0 81070.501225912798 81588.132778543528 80686.350889584137 81993.422181322647
11010342 1 0 3 3 2 3 1 4 6 3 2 3 6 0 0 3 0 1 1 1 0 0 0 0 3 3 3 92716.155143559241 92577.339191994863 92013.915570327896 93115.310282076389
11010342 1 2 0 4 0 3 4 3 0 6 3 3 1 7 8 7 4 1 1 1 0 0 0 0 2 3 2 89448.706401019415 89481.694288757353 82933.865789143849 90762.993288052705
11010342 1 3 0 1 0 5 2 3 1 6 5 3 2 9 7 5 3 1 2 1 0 0 0 0 4 3 4 91220.624806447988 90986.59278616347 89389.761511532313 91452.029926412899
11010342 1 10 8 8 3 11 5 5 3 3 3 4 3 0 2 0 0 1 2 1 0 0 0 0 2 0 1 91583.219959262104 81092.88959824483 91704.945687217987 79727.520608848077
11010343 1 0 2 3 2 0 0 2 3 1 0 1 3 0 1 1 2 1 3 1 0 0 0 0 0 0 0 96862.742937687057 96748.482666691416 96926.784945573861 97096.017458541144
11010343 1 0 3 0 0 1 1 2 0 3 2 5 4 4 7 8 5 1 2 1 0 0 0 0 4 3 4 89541.036293463258 90049.733501777431 86614.06540664428 89651.036773798012
11010343 1 1 1 2 2 3 1 2 5 4 4 5 7 1 6 7 10 1 2 1 0 0 0 0 3 3 4 88181.837141184122 90369.932124895277 -1.0000000000000001e+300 -1.0000000000000001e+300
11010343 1 3 6 6 9 0 8 1 11 0 2 4 10 2 0 0 1 1 3 1 0 0 0 0 2 2 2 58180.316745580581 61370.421085847891 60828.23108812717 59139.294669530245
11010344 1 0 0 2 5 1 4 1 1 2 2 2 4 3 3 0 1 1 2 1 0 0 0 0 2 1 0 95748.510916603933 95469.175186863664 95755.726148440503 95876.060467084244
11010344 1 7 6 1 0 8 5 5 3 6 4 2 1 4 3 3 1 1 2 1 0 0 0 0 1 2 3 91372.075454849866 86918.039908417588 91018.829504530615 -1.0000000000000001e+300
11010344 1 9 3 0 0 8 4 3 2 7 4 0 0 5 4 0 0 1 1 1 0 0 0 0 1 1 0 -1.0000000000000001e+300 81481.336053939172 90990.552993634774 91207.868776678573
11010344 1 1 4 4 5 3 2 6 7 0 2 8 9 0 3 11 10 1 1 1 0 0 0 0 0 0 0 79356.761725299555 97335.294508131497 -1.0000000000000001e+300 96601.050598795729
11010345 1 1 3 0 0 6 5 4 0 3 4 3 2 0 1 0 0 1 3 1 0 0 0 0 0 1 2 93065.810293939372 93250.841749279585 93169.282133349654 93292.689007002627
11010345 1 6 7 5 4 0 3 4 3 0 3 2 0 2 1 1 1 1 2 1 0 0 0 0 0 0 0 90943.858468722479 90518.488734454557 91468.683229997856 90582.714976626157
11010345 1 10 7 5 4 5 6 4 3 2 1 1 2 2 0 0 0 1 3 1 0 0 0 0 3 2 3 89314.452749486329 89465.550826490216 -1.0000000000000001e+300 83891.344847141474
11010345 1 9 7 4 2 11 6 4 1 6 2 1 0 4 3 2 1 1 2 1 0 0 0 0 1 0 3 86871.636333935166 87706.377920976651 86292.705319528584 84644.154491498019
11010346 1 0 0 2 0 1 3 1 0 2 1 3 3 0 2 0 0 1 3 1 0 0 0 0 1 1 0 97045.695810384219 97097.967444875176 96735.337526967138 97145.579701668699
11010346 1 0 1 0 6 0 0 3 7 1 2 4 8 3 4 6 7 1 2 1 0 0 0 0 3 3 3 81737.761543906658 91708.452997578133 90610.200034603869 91509.980279711803
11010346 1 3 5 3 10 1 1 7 9 1 7 7 8 0 0 3 2 1 2 1 0 0 0 0 0 1 0 83255.858242212998 87341.705711522096 70924.424278609062 83768.091320835942
11010346 1 4 6 8 9 0 4 6 11 0 4 5 7 1 2 1 3 1 3 1 0 0 0 0 2 3 2 77443.358234503816 87116.923821034652 85979.597529118517 86477.727880919381
11010347 1 3 0 3 2 1 0 0 0 1 1 0 3 0 2 0 2 1 2 1 0 0 0 0 1 0 1 97791.643494132484 97671.74140924713 97249.374193598836 97106.168182083842
11010347 1 0 1 0 0 3 4 0 0 4 7 0 0 7 2 1 4 1 3 1 0 0 0 0 3 4 3 89155.559316848492 89693.87950678858 90186.717341785436 -1.0000000000000001e+300
11010347 1 9 5 4 2 6 3 1 0 4 2 1 3 3 0 3 0 1 2 1 0 0 0 0 1 0 1 91022.674346108804 89094.389601320509 90741.550107498901 87990.290874473081
11010347 1 8 7 5 3 11 6 3 0 6 4 3 0 3 0 0 2 1 3 1 0 0 0 0 4 3 3 85519.021406357409 80876.965724424168 85760.915043204834 83323.755116654051
11010348 1 5 5 6 4 3 4 4 0 0 3 0 0 1 0 0 0 1 1 1 0 0 0 0 2 4 4 92729.873313598961 93344.275671627795 93415.17489980768 93283.743386382092
11010348 1 0 0 0 3 1 2 1 0 5 5 3 3 6 8 7 5 1 2 1 0 0 0 0 3 3 2 91570.543745574265 90584.720068843832 87861.870358056985 91630.802453360026
11010348 1 3 3 1 2 6 5 2 0 9 5 1 0 10 8 3 0 1 2 1 0 0 0 0 3 2 4 88456.108081836283 82320.198811626688 86336.667352326462 88618.570326493194
11010348 1 10 7 6 0 11 4 4 0 4 4 0 2 3 1 0 0 1 3 1 0 0 0 0 3 3 2 88977.866270030383 81262.431592286201 88458.035850906686 83187.847029555167
11010349 1 0 3 0 3 0 1 5 4 2 0 2 5 0 1 1 1 1 2 1 0 0 0 0 0 1 0 95136.934859408255 95888.092187563569 95446.159886772264 94917.484758341743
11010349 1 7 8 7 4 6 6 5 4 1 1 1 0 0 0 0 3 1 3 1 0 0 0 0 0 3 1 91088.763407783612 89359.900252219202 91377.877095912292 88398.007547714718
11010349 1 2 0 0 0 10 9 8 8 0 0 4 3 3 1 1 2 1 1 1 0 0 0 0 0 1 1 94819.715207366753 94989.300936162006 91806.409082264203 96223.001608394232
11010349 1 4 6 11 10 3 5 5 7 0 3 7 4 0 1 3 3 1 1 1 0 0 0 0 2 4 2 81441.466706484222 83395.959339030756 -1.0000000000000001e+300 83724.298920053494
11010350 1 2 1 3 5 3 4 1 2 5 6 2 0 4 4 0 2 1 3 1 0 0 0 0 3 1 2 92393.469785182577 91624.578901597284 93398.000624593114 93148.922583993291
11010350 1 6 8 6 4 6 4 3 0 1 4 3 1 2 0 0 0 1 3 1 0 0 0 0 3 4 2 -1.0000000000000001e+300 90033.495901557966 91309.844566998421 87551.750032707147
11010350 1 10 7 6 1 2 5 4 0 4 3 2 0 1 0 1 3 1 3 1 0 0 0 0 0 1 0 85065.351093699152 84192.194128622214 86972.889504478677 83131.938061532404
11010350 1 5 2 0 0 11 1 0 0 9 3 4 2 7 6 8 0 1 3 1 0 0 0 0 3 2 2 -1.0000000000000001e+300 70651.518007384322 73115.316575967081 77958.860905737092
11010351 1 3 3 1 2 1 2 4 1 1 0 2 1 0 0 3 3 1 1 1 0 0 0 0 1 4 3 96197.050983639929 96216.432148096806 95857.336016212183 96233.635257777714
11010351 1 0 2 4 0 0 4 4 2 3 6 1 0 5 7 6 3 1 1 1 0 0 0 0 2 2 2 88771.844240857041 90174.963841837962 88580.487075695579 89399.204339300763
11010351 1 0 3 2 0 0 2 4 3 1 5 5 6 10 8 6 7 1 1 1 0 0 0 0 3 3 3 87933.62980788284 87319.490519217419 78872.908946133539 -1.0000000000000001e+300
11010351 1 2 3 3 1 0 3 4 0 1 3 4 5 3 5 11 9 1 3 1 0 0 0 0 3 4 3 85145.263045572661 85427.278593744268 79545.242633534566 86265.54436516772
11010352 1 5 4 6 3 3 4 0 3 0 1 0 2 0 2 0 0 1 3 1 0 0 0 0 2 1 1 93787.201368443741 94233.244106095503 94560.273342890869 93776.134326955784
11010352 1 7 5 2 3 5 2 0 3 4 1 0 0 3 0 0 3 1 1 1 0 0 0 0 0 0 0 92238.930110343092 91028.580368696174 92548.814752983744 92610.621476589062
11010352 1 1 0 0 0 3 0 2 3 0 0 1 5 0 5 5 10 1 3 1 0 0 0 0 3 4 2 87258.636432834828 89422.283935462649 86371.253628536826 88387.200454664286
11010352 1 9 11 7 5 7 6 3 0 3 1 0 3 3 0 3 0 1 3 1 0 0 0 0 0 1 1 85775.500834707753 82642.376872230161 86143.250951028371 75040.686991380455
11010353 1 5 0 3 1 4 3 2 2 2 6 1 0 1 6 0 0 1 3 1 0 0 0 0 2 2 2 92876.490981892173 92521.6722786397 92714.146601032553 92377.048593372878
11010353 1 2 3 3 2 3 1 1 3 0 2 4 3 1 6 7 4 1 3 1 0 0 0 0 3 3 0 90474.958600303537 89600.946754119403 89312.475423370735 90495.413121171296
11010353 1 0 1 3 5 0 3 6 6 0 3 1 9 2 2 0 10 1 3 1 0 0 0 0 2 2 2 80372.641441086715 89494.133479282551 89876.731734402361 89956.391625614473
11010353 1 2 0 3 3 3 1 1 8 0 3 6 11 2 6 9 10 1 1 1 0 0 0 0 3 4 4 72599.347605826508 87985.291401033406 90215.850021242804 87683.764444651388
11010354 1 6 2 0 0 5 4 0 0 4 3 0 0 4 3 3 1 1 3 1 0 0 0 0 1 1 0 95153.839256710475 93443.853438695267 94795.837602774292 94229.616131305695
11010354 1 0 0 0 2 3 1 3 3 7 5 4 1 0 2 4 4 1 1 1 0 0 0 0 0 1 0 91317.526286256485 91230.00000032621 90365.953769055559 88583.956751881327
11010354 1 3 0 0 3 4 3 2 3 8 4 1 1 10 6 1 0 1 2 1 0 0 0 0 0 1 1 89033.334756866141 81471.896529752208 88967.760711397292 89118.841827776079
11010354 1 1 5 11 10 3 4 6 9 1 3 3 1 0 1 2 0 1 2 1 0 0 0 0 1 3 4 91304.046479702287 90884.343468142426 -1.0000000000000001e+300 76258.196019181691
11010355 1 0 0 2 0 2 3 5 0 3 5 3 4 2 5 4 2 1 3 1 0 0 0 0 4 0 0 93424.293421427399 93554.528745863179 93359.805553012426 94126.020555284282
11010355 1 5 4 4 1 6 5 3 2 7 6 2 1 3 1 2 0 1 3 1 0 0 0 0 0 0 0 89305.673392205805 87358.599236756345 91104.841493775573 90137.282333260649
11010355 1 0 0 0 3 0 2 2 1 1 0 3 3 10 9 8 4 1 2 1 0 0 0 0 1 0 0 90737.365139920323 90573.842602848497 75046.501462459419 90845.715524482061
11010355 1 0 3 4 5 2 3 5 6 0 0 8 9 0 3 11 10 1 1 1 0 0 0 0 3 3 1 74952.00447102169 -1.0000000000000001e+300 94825.256782427139 94427.778115411056
11010356 1 0 1 2 0 3 1 4 3 0 4 1 0 0 3 3 2 1 1 1 0 0 0 0 2 4 2 96232.378607371487 96321.172986098056 96043.79975799151 96053.143442023371
11010356 1 3 2 4 4 0 3 5 7 0 2 4 6 0 0 4 1 1 1 1 0 0 0 0 1 1 1 89070.763193757433 89891.548274864123 91514.615298242235 91461.342813379888
11010356 1 10 9 8 1 6 6 5 5 0 0 2 3 0 0 0 3 1 1 1 0 0 0 0 2 3 2 89317.47897791602 90048.065285657663 90022.625239420959 76995.702422484319
11010356 1 4 0 1 0 5 0 3 3 11 3 2 0 10 6 3 0 1 2 1 0 0 0 0 3 2 2 87868.472251051659 78263.25404113697 84629.359458094303 87932.526633496745
11010357 1 0 2 0 0 0 3 5 3 2 5 4 5 3 2 1 4 1 1 1 0 0 0 0 2 1 1 93519.642862661392 93931.257046496423 93062.945534160957 -1.0000000000000001e+300
11010357 1 2 0 0 0 4 3 0 0 7 3 0 1 8 7 5 1 1 3 1 0 0 0 0 1 2 0 89656.563555833025 89439.299159601607 89102.848069334796 90103.545078302093
11010357 1 2 0 0 3 6 0 0 2 8 3 0 0 9 5 1 2 1 2 1 0 0 0 0 4 1 3 90973.552364169314 84544.092898779083 90814.928496745299 90663.884260647566
11010357 1 3 4 11 10 0 3 5 9 0 2 4 5 1 0 3 4 1 3 1 0 0 0 0 0 0 1 83459.977160107097 91445.796547557547 91366.188249775907 91462.130364190874
11010358 1 0 1 3 0 2 3 2 1 2 1 4 0 0 3 0 2 1 1 1 0 0 0 0 3 3 4 96618.797169833269 96761.338171707233 97127.849304808507 96997.020520018355
11010358 1 0 0 0 1 1 2 3 5 0 5 5 4 7 8 6 4 1 2 1 0 0 0 0 2 2 3 90561.130700333728 91186.655583774831 90267.769446649414 91066.354646644832
11010358 1 0 1 2 3 4 1 3 0 3 2 3 0 10 9 7 5 1 2 1 0 0 0 0 3 2 1 89421.166158682434 90117.780492991675 83167.053069290821 89625.453275950233
11010358 1 0 3 1 3 0 3 2 2 3 0 3 6 5 11 6 7 1 2 1 0 0 0 0 4 2 0 83608.409121725359 82561.358255215659 79344.75491153069 83294.690358358988
11010359 1 0 4 2 3 3 2 4 0 0 1 4 1 0 5 4 0 1 3 1 0 0 0 0 4 4 3 94993.79790572077 93829.313151237817 94932.996833622106 94952.458054151924
11010359 1 3 3 0 0 8 0 0 0 7 2 0 0 5 1 2 3 1 1 1 0 0 0 0 0 0 1 89485.986969243066 86506.926466652672 89362.306194127232 88612.776924136255
11010359 1 0 3 0 0 3 3 0 0 6 5 3 1 10 8 5 3 1 2 1 0 0 0 0 3 3 1 89512.550418994259 89887.685720414956 85259.305013274978 89310.951642902073
11010359 1 0 3 4 8 0 3 7 11 0 1 0 6 2 0 3 3 1 3 1 0 0 0 0 3 3 3 76870.840910942701 80927.409095221461 81366.657387125902 81081.722064079979
11010360 1 0 4 4 2 0 1 4 2 0 3 4 3 2 2 0 3 1 1 1 0 0 0 0 2 0 1 95659.843500057861 94558.221152410319 95959.148200141048 95619.090412484264
11010360 1 1 5 6 7 1 3 6 8 0 2 1 6 5 0 0 5 1 2 1 0 0 0 0 0 1 2 84809.123187613062 91300.875993419235 89846.997995310463 86466.254230728387
11010360 1 2 7 6 10 3 5 7 5 0 3 3 5 1 3 2 4 1 3 1 0 0 0 0 3 2 1 76204.278325371881 81773.265337089164 81430.779559161034 72197.241957082006
11010360 1 5 7 11 4 0 4 4 0 3 2 1 0 0 0 3 2 1 1 1 0 0 0 0 3 3 1 83187.580195517396 82616.507468644762 82991.046649659111 80406.677556593364
11010361 1 0 2 4 4 0 0 6 5 0 3 5 1 1 2 2 3 1 1 1 0 0 0 0 3 3 4 92643.266622531199 93454.837879328406 93312.524759780033 93328.801246134433
11010361 1 0 2 5 6 3 4 4 8 0 1 5 6 0 3 3 4 1 3 1 0 0 0 0 4 4 3 86746.263556190999 90895.041922065953 91282.354639233425 90840.635923055466
11010361 1 1 7 8 9 5 6 3 3 4 3 2 0 0 2 0 1 1 2 1 0 0 0 0 3 2 4 90133.669924180635 90469.841399501762 90286.600924890052 79563.304168943199
11010361 1 9 11 8 4 8 7 5 4 6 5 0 0 5 3 2 3 1 2 1 0 0 0 0 4 2 2 -1.0000000000000001e+300 77735.928240629946 81311.793220879874 81178.94901123493
11010362 1 3 0 0 0 5 2 1 2 3 3 4 3 3 3 3 0 1 1 1 0 0 0 0 0 0 1 95455.479452250918 95481.820963824226 94935.000673011498 95641.607113072896
11010362 1 3 3 4 3 8 3 4 0 6 3 0 0 0 1 0 0 1 1 1 0 0 0 0 1 3 2 90810.316956977331 88015.597871159087 88482.738003076985 89956.564354330389
11010362 1 10 7 3 0 8 4 2 1 5 5 0 0 4 3 1 0 1 2 1 0 0 0 0 1 1 1 89978.09195021147 82687.79100358102 89887.133354545484 89869.712518646615
11010362 1 4 3 0 1 8 5 3 2 11 7 5 3 10 9 7 5 1 1 1 0 0 0 0 3 4 4 89961.481117042102 91406.504432056317 91078.102527079172 91117.908779877835
11010363 1 1 1 4 1 2 0 2 0 2 3 4 0 0 0 2 0 1 1 1 0 0 0 0 3 3 4 96800.064409391081 97080.927911730178 97410.8775488924 97366.14822387461
11010363 1 0 0 3 0 0 2 2 2 1 4 0 4 1 5 8 5 1 3 1 0 0 0 0 1 0 1 89902.327425649113 90290.735194946363 85661.002028694187 88010.667945037159
11010363 1 1 0 3 4 0 2 5 8 1 4 6 9 0 2 7 10 1 1 1 0 0 0 0 2 3 4 75532.961461045023 89476.393479793362 90023.874720671738 89624.695842985719
11010363 1 6 8 9 10 3 5 7 11 0 0 4 3 0 0 0 1 1 3 1 0 0 0 0 3 4 3 93128.899339206982 -1.0000000000000001e+300 -1.0000000000000001e+300 73100.437126311532
11010364 1 2 3 6 3 3 6 0 0 4 3 2 1 1 3 1 0 1 2 1 0 0 0 0 2 2 4 92042.684740899102 92223.767742953612 92052.19735126647 91422.232773895608
11010364 1 5 7 8 7 3 4 6 4 3 2 0 4 0 0 0 1 1 3 1 0 0 0 0 4 4 2 91268.121106617822 91348.944453449061 91300.866463682964 85376.049639577701
11010364 1 3 5 8 9 3 4 7 5 0 3 1 2 1 2 1 3 1 1 1 0 0 0 0 2 4 4 89752.868594701329 90416.59842762645 90516.595498677445 90706.151625086015
11010364 1 3 2 3 5 0 0 5 7 3 4 1 11 3 5 8 9 1 3 1 0 0 0 0 0 0 0 65323.027307799908 -1.0000000000000001e+300 73779.407386823877 77004.607834643321
11010365 1 2 1 1 2 0 4 1 2 1 3 0 3 3 4 0 0 1 2 1 0 0 0 0 3 3 2 96010.325520511018 96574.427217962715 96040.988896625378 96211.271962728759
11010365 1 0 0 1 2 0 2 3 5 0 4 6 7 2 6 8 3 1 2 1 0 0 0 0 3 0 2 85539.629671564544 84362.077109676829 84812.242363500962 -1.0000000000000001e+300
11010365 1 4 4 2 4 6 1 0 2 9 2 2 0 10 1 0 0 1 1 1 0 0 0 0 2 1 1 89716.740138323803 81587.671056952968 88828.878895395756 89415.576551109945
11010365 1 0 0 3 2 0 3 3 3 6 4 3 0 2 8 11 5 1 1 1 0 0 0 0 3 2 3 80565.222186493425 80431.67922360159 79855.89170527595 80358.537473822973
11010366 1 0 1 3 0 1 4 5 0 2 4 4 3 1 5 1 3 1 2 1 0 0 0 0 1 3 2 93413.973215950857 93909.102966276812 94037.250183463388 93719.956656729148
11010366 1 8 5 0 0 6 4 0 1 2 3 0 0 1 0 3 0 1 3 1 0 0 0 0 3 4 2 90088.512404678011 88660.869728880352 89125.713138932246 88875.752015732738
11010366 1 10 0 0 2 9 5 0 1 7 6 3 1 6 4 3 3 1 3 1 0 0 0 0 0 1 0 89757.908324910459 77186.220312285819 89805.605541779674 89504.645225265005
11010366 1 6 3 1 1 11 6 2 0 8 7 2 3 9 5 5 0 1 3 1 0 0 0 0 4 4 3 83525.56352816688 64506.71203901017 82559.409167937731 84635.394669824207
11010367 0 2 0 0 1 2 4 3 6 0 0 4 5 2 1 3 1 1 1 1 0 0 0 0 0 1 2 93205.878187994895 94601.671654780701 93094.967608498933 93656.382826836023
11010367 0 2 7 0 0 5 5 4 0 5 5 2 0 3 1 4 1 1 3 1 0 0 0 0 2 2 2 90725.203287491197 89843.02360522974 90666.019852112353 89506.958028731766
11010367 0 10 9 8 3 4 3 2 3 2 3 0 0 0 3 0 1 1 1 1 0 0 0 0 2 2 1 90072.796861398194 90528.83018884169 90377.525191322493 78395.734523725609
11010367 0 0 3 5 8 2 5 5 11 0 3 6 7 0 0 3 1 1 3 1 0 0 0 0 3 3 2 77983.597187303763 80707.277437369325 81892.438937720057 81429.17786172386
11010367 0 4 9 10 1 1 5 8 11 3 7 2 0 7 6 3 5 1 1 1 0 0 0 0 2 4 3 -1.0000000000000001e+300 0 0 0
11010368 1 3 1 3 3 0 2 2 2 0 4 4 1 0 2 1 0 1 1 1 0 0 0 0 2 2 3 96732.438448413013 96749.171084596353 95963.683540143655 96539.470493900706
11010368 1 0 0 3 1 0 0 3 4 3 0 5 5 5 6 8 7 1 2 1 0 0 0 0 3 3 1 91334.566731007289 91611.987693297517 86043.963897313515 91365.544490307191
11010368 1 2 0 1 2 1 3 4 5 4 3 6 8 4 5 7 10 1 2 1 0 0 0 0 1 0 1 90597.603289344304 90714.171761295409 90373.100907598302 90978.680483606207
11010368 1 5 8 11 1 3 6 4 2 0 3 7 0 1 3 0 2 1 3 1 0 0 0 0 0 0 2 74659.723999003603 77556.62215732105 73539.39105060586 69470.509765717434
11010369 1 0 0 0 1 2 5 2 3 0 3 3 0 0 3 3 1 1 2 1 0 0 0 0 2 1 3 96999.043581012156 96349.829084890865 96177.187528632916 96841.048475542775
11010369 1 1 1 2 2 0 3 3 4 0 4 5 4 0 3 7 3 1 2 1 0 0 0 0 4 3 4 89886.807449812273 90327.366026565112 89100.976675371829 90394.335666629922
11010369 1 1 2 7 4 0 0 5 6 0 4 6 9 0 3 1 10 1 3 1 0 0 0 0 0 1 0 76402.409731987675 86530.945953243703 87498.600916210096 86179.818196398061
11010369 1 4 4 0 0 6 8 1 3 11 1 3 0 8 0 0 0 3 6 0.1818181818181818 7 0.27272727272727271 8 0.54545454545454541 2 4 2 72170.630706813419 74910.466441379715 73110.103624335621 70966.244092264213
11010370 1 0 2 3 0 0 3 4 3 3 4 5 5 2 5 6 3 1 3 1 0 0 0 0 2 0 0 91511.478712263561 91286.685007731125 90750.532297770187 -1.0000000000000001e+300
11010370 1 1 1 0 6 3 2 5 8 3 2 5 7 0 1 2 4 1 3 1 0 0 0 0 0 0 0 87473.118822315868 87831.749363087496 90605.580528050152 88467.676078261386
11010370 1 0 2 0 3 3 4 10 10 0 4 4 8 2 5 3 2 3 4 0.5 5 0.25 6 0.25 4 1 1 79155.202649011757 84067.272769462608 79725.224689006311 81438.766356722801
11010370 1 3 1 11 10 2 0 8 9 5 8 6 8 3 3 7 4 1 2 1 0 0 0 0 4 3 4 71510.51443789035 88202.680798366666 84856.041605156483 82714.581239077423
11010371 1 3 6 6 4 1 3 4 3 4 0 3 1 0 2 1 0 1 3 1 0 0 0 0 1 3 1 91743.283570447951 91272.461157581769 91513.145589303967 91826.425423596855
11010371 1 4 6 8 7 2 1 4 3 0 0 1 1 0 0 2 0 1 3 1 0 0 0 0 0 1 1 91632.97919051355 91713.836412975026 91435.659855157486 87740.422606629087
11010371 1 2 3 6 10 3 5 5 3 4 3 2 1 6 3 0 0 1 3 1 0 0 0 0 1 0 0 87331.815079374675 88441.01322204819 87291.417342031666 81828.394554897692
11010371 1 0 1 3 4 1 0 4 7 0 2 6 11 0 5 6 8 3 4 0.54545454545454541 5 0.27272727272727271 6 0.1818181818181818 3 4 4 79751.751936971486 82008.163776241214 82154.70866154239 81932.633912069577
11010372 1 3 4 1 0 0 4 3 2 3 2 3 5 3 1 0 0 1 3 1 0 0 0 0 0 0 0 95045.124489808324 95668.741864249358 95570.95758444893 95269.11916257687
11010372 1 4 7 8 7 1 3 3 5 0 0 1 3 0 0 0 2 1 3 1 0 0 0 0 3 4 3 91541.597875160442 90781.634346861043 -1.0000000000000001e+300 86854.501418593107
11010372 1 7 8 9 10 3 6 5 6 4 3 3 1 2 2 0 0 1 1 1 0 0 0 0 2 2 3 86482.517982983773 89215.464433866873 -1.0000000000000001e+300 52378.277008599398
11010372 1 10 11 4 3 4 4 3 1 0 3 2 0 1 2 0 0 1 2 1 0 0 0 0 3 2 2 88317.100734862383 87312.626514771298 87838.364684894404 83204.430010024051
11010373 1 3 0 2 0 6 4 5 0 3 4 3 0 5 6 3 3 1 1 1 0 0 0 0 3 3 3 88831.413401303464 89190.052754582197 89047.324097583318 89454.269300716885
11010373 1 0 3 0 0 2 1 2 1 4 6 4 3 6 8 7 4 1 2 1 0 0 0 0 4 3 4 90025.419593767496 89651.78872066614 86689.958474518251 -1.0000000000000001e+300
11010373 1 1 0 0 0 1 2 0 2 3 6 5 5 10 9 7 5 1 3 1 0 0 0 0 0 0 0 90871.64856825459 90788.775871575053 78881.944206523433 88626.673406958071
11010373 1 6 8 9 10 5 4 9 11 4 2 3 3 4 1 0 0 1 2 1 0 0 0 0 4 3 3 98805.339942188599 98059.316789936303 99779.103435352328 90375.278928360232
11010374 1 2 1 2 2 0 5 1 3 0 0 2 5 0 0 1 5 1 1 1 0 0 0 0 3 3 4 95038.039566488165 95524.409433809909 94872.352524050948 94746.096693713334
11010374 1 1 3 4 7 0 0 5 7 0 3 5 4 1 1 4 3 1 2 1 0 0 0 0 1 3 3 83217.905956981092 -1.0000000000000001e+300 87995.37225573539 86085.135593138402
11010374 1 1 1 0 4 0 3 2 5 0 3 5 7 2 5 6 9 1 3 1 0 0 0 0 4 4 3 87923.331968616054 90327.158551114218 90435.2285367484 91051.085464472199
11010374 1 3 5 6 9 3 2 5 11 0 0 3 4 0 0 2 3 1 3 1 0 0 0 0 2 0 1 86252.48918095768 -1.0000000000000001e+300 86305.199398162687 85996.556549446366
11010375 1 3 2 5 1 0 4 3 3 0 5 2 3 1 3 0 1 1 3 1 0 0 0 0 2 3 3 94100.724796408686 93979.590076446519 93393.373482000257 94046.690314058273
11010375 1 3 6 8 7 2 3 5 6 0 2 4 0 0 1 3 1 1 2 1 0 0 0 0 1 0 0 91311.884917049931 90747.561196636423 91001.090620000527 86557.888443228672
11010375 1 10 6 5 4 8 5 2 0 5 0 1 3 3 0 1 0 1 2 1 0 0 0 0 0 0 0 88582.144994627073 84571.176639086145 89856.873967277614 87658.970272435297
11010375 1 10 9 7 5 11 7 0 4 3 3 0 2 1 2 2 0 1 1 1 0 0 0 0 2 1 4 92696.874059532085 84519.344257395889 93431.705730471615 91633.480357389926
11010376 1 0 1 1 2 2 2 3 0 0 2 4 2 0 1 3 3 1 3 1 0 0 0 0 4 2 3 96324.48343842609 96402.762517571682 96411.105865096339 96271.907141028132
11010376 1 0 2 0 1 3 3 3 0 6 5 4 4 7 8 6 5 1 2 1 0 0 0 0 2 1 2 91557.352092676141 90686.180569514094 83912.883280442795 91443.612162169011
11010376 1 4 3 0 0 4 5 1 0 8 4 3 2 10 3 0 2 1 3 1 0 0 0 0 4 3 3 88847.625554909406 83111.474108338778 86509.198984372502 89534.020210103045
11010376 1 1 0 2 0 3 1 3 0 8 4 4 3 9 11 6 4 1 2 1 0 0 0 0 1 1 2 87100.741547856247 83651.474017619461 76510.012528190113 -1.0000000000000001e+300
11010377 1 1 3 0 0 4 3 1 1 3 3 2 2 1 4 0 0 1 3 1 0 0 0 0 1 3 2 96143.780029318063 96230.769305220936 96220.501056332068 96123.036365947031
11010377 1 0 1 0 0 2 4 2 4 0 4 4 5 4 6 8 6 1 3 1 0 0 0 0 1 0 1 91066.688795122274 91142.34255197733 87223.717968047902 91548.444638401998
11010377 1 3 1 2 3 0 0 4 4 3 1 4 7 0 3 5 10 1 3 1 0 0 0 0 2 3 1 84989.150602133304 89017.647534685224 88806.546737068973 89343.448690943769
11010377 1 0 0 0 1 2 3 3 0 5 4 3 1 8 8 11 6 1 2 1 0 0 0 0 1 1 2 86779.598196663501 82497.158388294978 77697.170036622832 85514.960797408276
11010378 1 1 0 1 2 4 2 3 2 5 1 1 2 1 4 4 2 1 3 1 0 0 0 0 4 4 3 94362.68843484488 94448.873374832372 94184.406943951224 94207.172807155963
11010378 1 3 2 3 0 5 5 1 1 8 2 0 0 3 2 1 0 1 1 1 0 0 0 0 0 1 1 90723.681197995713 89061.230723383138 90141.423180533748 90346.490670560073
11010378 1 3 1 5 6 3 4 8 8 0 1 2 9 0 2 0 10 1 3 1 0 0 0 0 3 3 2 90337.683567342741 91227.393271102643 90250.954457711487 88797.976231704044
11010378 1 3 3 8 10 0 5 6 11 2 3 4 7 1 0 0 9 1 2 1 0 0 0 0 4 3 4 59997.682729387154 81874.874164405395 82856.383478730146 78100.604755889377
11010379 1 3 2 4 3 0 4 1 3 0 2 3 3 0 0 0 1 1 2 1 0 0 0 0 2 1 3 96271.325239419355 96429.924058842662 96621.164235178629 95970.886649350767
11010379 1 2 1 3 7 2 1 4 4 3 3 5 4 0 5 1 2 1 3 1 0 0 0 0 3 3 2 90310.796612711536 90265.769176812493 89474.950494955483 90341.442183857755
11010379 1 0 2 4 9 2 0 7 8 0 1 5 7 2 3 4 5 1 1 1 0 0 0 0 3 2 4 78383.468951062692 90582.080529997926 90645.79310364135 90746.529698649159
11010379 1 0 1 2 5 1 0 6 6 0 3 8 9 1 3 11 10 1 3 1 0 0 0 0 2 4 2 77697.027219691998 91496.76959777312 93232.661515671498 92521.182256578497
11010380 1 2 2 5 4 0 1 6 4 0 3 2 6 1 3 2 3 1 1 1 0 0 0 0 1 0 1 89202.780204772949 -1.0000000000000001e+300 91441.762476244927 91036.258556447647
11010380 1 0 3 4 6 0 3 5 8 2 0 3 6 3 0 5 5 1 2 1 0 0 0 0 2 0 2 85372.017735679285 90927.627659654216 90911.632792465738 90948.295186681687
11010380 1 0 3 3 4 0 2 5 6 0 3 4 8 2 0 3 9 1 2 1 0 0 0 0 4 1 2 82550.298542819466 90931.465429071424 90720.8443161615 90838.700816694181
11010380 1 0 0 1 0 0 0 0 3 0 5 0 6 2 1 6 11 1 3 1 0 0 0 0 0 1 0 83309.850360059063 82957.360700734542 82239.172468629578 81709.109471106596
11010381 1 0 2 1 1 3 2 3 0 1 5 3 0 3 2 1 0 1 2 1 0 0 0 0 2 2 2 96025.707208093008 96262.493785028986 95889.06323969629 96162.276109947983
11010381 1 4 5 8 6 4 0 0 5 2 0 0 3 1 0 0 1 1 3 1 0 0 0 0 0 1 0 91130.698777034719 90853.511945843507 91163.553056770965 87833.359319932293
11010381 1 4 6 7 9 1 2 5 7 0 2 4 4 0 0 0 1 1 3 1 0 0 0 0 4 4 3 91572.399931495893 91770.217787564441 -1.0000000000000001e+300 88646.952373753884
11010381 1 0 0 0 3 2 1 3 5 0 4 3 9 4 7 11 10 1 1 1 0 0 0 0 1 2 0 83073.38620183192 90369.272761512999 79351.466335861522 90793.893366714459
11010382 1 2 4 4 1 6 4 2 0 5 5 3 0 1 3 2 0 1 1 1 0 0 0 0 2 2 3 92152.966767398117 92012.513626923625 92142.453798929841 91782.24825668335
11010382 1 5 8 6 4 3 4 2 3 0 2 3 3 0 3 0 0 1 3 1 0 0 0 0 4 2 0 89299.758759812335 88835.117294805532 89505.921953560261 84617.343097267891
11010382 1 10 7 6 5 5 5 4 2 3 0 4 0 2 0 3 0 1 1 1 0 0 0 0 1 0 0 88877.149188355237 88331.994443935822 88957.845520601812 84302.907608719717
11010382 1 10 3 1 3 9 5 5 0 11 6 7 2 3 1 2 0 1 1 1 0 0 0 0 2 3 2 82992.50831631606 66049.778092211141 82763.836527941719 80599.079197328538
11010383 1 4 0 0 2 0 0 5 0 1 3 4 2 3 1 0 0 1 2 1 0 0 0 0 3 2 1 95620.148236595269 96225.835258032239 95547.044993920688 95242.000319378451
11010383 1 7 3 2 0 8 4 1 0 6 5 4 0 5 3 1 1 1 2 1 0 0 0 0 1 2 4 -1.0000000000000001e+300 77529.80153159349 91291.139902078416 89904.070547575291
11010383 1 10 8 6 0 7 4 4 0 3 0 2 2 0 0 1 0 1 1 1 0 0 0 0 1 1 4 89996.867254097349 86160.761115400615 90068.955908762087 81468.519098116129
11010383 1 5 9 11 10 4 4 7 8 1 3 3 3 1 2 0 0 1 3 1 0 0 0 0 2 3 0 78368.607110511119 83597.721555764831 -1.0000000000000001e+300 59504.044444538027
11010384 1 0 1 1 0 2 0 6 1 0 5 5 6 0 3 3 4 1 2 1 0 0 0 0 0 1 1 92306.674891763279 90701.951459785312 90427.601589838669 92053.467197418213
11010384 1 0 1 2 5 0 1 3 7 2 4 4 8 0 4 5 6 1 1 1 0 0 0 0 0 1 2 87657.704078609138 91586.98182387327 90617.214165285579 91646.916231091949
11010384 1 1 3 3 5 2 5 4 5 0 5 6 8 1 7 9 10 1 3 1 0 0 0 0 0 1 1 87610.113689174366 90637.826746006511 81321.501048862294 90821.104345728178
11010384 1 1 0 0 3 0 1 2 5 3 3 4 6 5 5 7 11 1 2 1 0 0 0 0 3 3 2 80911.746834823629 81798.274372086395 79081.910068673707 81830.464154853762
11010385 1 4 3 2 0 6 4 4 1 5 4 1 0 4 2 0 0 1 1 1 0 0 0 0 2 3 4 92902.587828848089 93056.776300487691 92949.886485429452 93433.573045814584
11010385 1 5 3 3 0 8 4 0 0 7 3 0 0 2 1 0 1 1 2 1 0 0 0 0 1 1 0 90587.45518426018 87845.608967700697 90869.914536398515 90135.713843538077
11010385 1 4 4 2 1 2 10 6 3 4 10 0 0 3 1 3 0 3 4 0.5 5 0.25 6 0.25 3 3 4 81444.977928659384 81573.389262037497 83490.317405135589 82670.823614480891
11010385 1 2 4 11 10 0 4 8 9 0 5 3 7 0 3 4 5 3 5 0.37499999999999994 6 0.24999999999999994 7 0.37499999999999994 3 2 3 76341.105167838759 -1.0000000000000001e+300 90901.27189705288 92968.485093624244
11010386 1 3 2 3 2 1 0 1 4 0 2 5 3 0 0 0 5 1 1 1 0 0 0 0 0 0 0 95887.611507818219 95125.219915088164 95344.901221047345 95878.918269984788
11010386 1 2 5 7 8 0 1 4 5 3 3 2 4 2 0 0 1 1 1 1 0 0 0 0 2 2 1 87977.129614964477 87697.417930123702 87290.883313289291 87064.46722509239
11010386 1 3 2 5 10 0 0 5 7 1 1 3 4 0 0 0 2 1 3 1 0 0 0 0 4 4 3 84975.373126894759 -1.0000000000000001e+300 89400.653472639839 88612.625339285238
11010386 1 3 5 3 4 2 8 1 2 3 8 11 0 2 9 10 0 1 1 1 0 0 0 0 1 0 0 99233.74873918682 102781.27203433299 103344.97927118454 101427.12551907619
11010387 1 0 2 0 1 0 0 3 4 2 3 2 3 1 3 3 6 1 2 1 0 0 0 0 3 1 4 94123.414293860624 93979.13660747002 94705.406775494499 94839.01376274653
11010387 1 0 2 4 2 3 3 4 5 3 4 5 6 4 6 8 7 1 3 1 0 0 0 0 3 1 1 90189.289209084585 91589.271885749578 84865.112001249479 91445.176951716014
11010387 1 2 0 0 0 2 3 1 0 6 4 3 2 6 7 9 10 1 1 1 0 0 0 0 2 1 4 -1.0000000000000001e+300 90479.868287347766 77963.76220068839 90165.002021821521
11010387 1 8 0 0 0 0 0 4 5 2 3 11 11 0 0 3 2 1 1 1 0 0 0 0 2 1 1 87916.473545248737 87659.109584209131 87649.894316692167 88251.525369487004
11010388 1 0 3 3 2 3 1 3 2 2 0 0 0 1 3 5 0 1 2 1 0 0 0 0 4 2 1 95846.979407779741 96336.933496273356 96452.171566933554 95954.428214276268
11010388 1 6 7 5 2 4 5 3 4 4 4 3 0 1 0 0 0 1 2 1 0 0 0 0 1 0 0 89415.059175959861 90460.986762020795 92159.326454072012 90752.536705106701
11010388 1 9 4 3 0 8 5 3 2 7 4 3 0 1 1 2 0 1 2 1 0 0 0 0 1 0 0 90444.096266892826 84219.362026724208 90739.195683534315 90482.564538553939
11010388 1 4 6 11 10 4 6 7 9 1 7 8 1 0 2 0 4 1 1 1 0 0 0 0 1 3 2 98445.302189522263 98869.912578546966 99606.418977795285 79066.043857894765
11010389 1 5 2 0 0 3 4 0 0 4 6 1 2 3 3 5 0 1 1 1 0 0 0 0 3 3 4 92565.469322397083 92019.257511564094 91941.698975376959 92840.469793785946
11010389 1 5 3 1 0 8 4 0 0 5 4 5 0 3 0 1 2 1 2 1 0 0 0 0 0 0 2 90383.624488467249 87385.837917495708 90608.202576190219 90185.791549499438
11010389 1 9 8 6 3 8 5 5 0 1 0 2 1 3 2 0 0 1 1 1 0 0 0 0 2 3 3 91192.774211399388 89990.739271882878 91795.035220222562 89185.340668655772
11010389 1 10 11 1 0 9 6 4 1 7 4 0 3 5 2 0 0 1 1 1 0 0 0 0 2 4 4 89514.597952799144 78899.831988101971 91349.753475751117 89325.915116312099
11010390 1 5 5 6 1 2 3 3 6 0 3 0 3 0 1 0 0 1 1 1 0 0 0 0 0 2 1 92239.134292264469 92573.247440893174 92521.667933075514 91820.412880204327
11010390 1 7 3 0 0 2 3 6 0 3 4 3 1 1 4 2 0 1 3 1 0 0 0 0 3 3 2 -1.0000000000000001e+300 89364.15427394252 90439.560167725387 90271.372682092595
11010390 1 0 0 3 10 0 0 3 9 2 3 3 8 1 3 6 5 1 3 1 0 0 0 0 4 4 3 71328.251719292792 89299.747174653327 89798.224517094073 89403.979180908063
11010390 1 1 3 0 0 0 2 3 3 0 3 8 11 6 8 9 10 1 3 1 0 0 0 0 0 0 0 100600.1597757113 99345.013856529491 82688.082316466302 98271.312268965645
11010391 1 2 3 1 4 4 5 3 1 4 5 4 0 3 3 3 0 1 2 1 0 0 0 0 0 0 1 92197.93142554081 90829.656011819839 91978.251438140869 92172.044036182342
11010391 1 3 1 3 4 0 2 4 6 0 3 5 8 0 5 6 7 1 3 1 0 0 0 0 4 4 3 80512.940231632601 -1.0000000000000001e+300 91742.507036043302 91891.651847626752
11010391 1 0 0 0 3 1 2 4 5 0 4 7 6 5 8 9 10 1 1 1 0 0 0 0 0 1 1 88955.853611573417 89533.057106473861 74378.898925494126 89588.003472649099
11010391 1 1 5 9 10 1 4 6 11 0 3 4 7 2 3 4 4 1 1 1 0 0 0 0 0 2 1 87234.147214093697 92101.582668006464 92563.956682662261 84669.915817784626
11010392 1 4 2 1 3 3 4 5 0 0 6 4 1 0 0 6 3 1 2 1 0 0 0 0 0 0 1 92483.473262689731 91176.232791406132 91066.917572021484 90414.679030618528
11010392 1 2 0 5 3 2 5 3 6 8 1 2 3 0 0 2 0 1 3 1 0 0 0 0 3 0 2 83485.509475469342 84276.820453156586 86259.203406315894 84196.557464161029
11010392 1 5 7 9 10 4 5 6 7 1 5 4 0 0 2 0 5 1 3 1 0 0 0 0 0 0 0 89188.657387804822 89614.206617316289 88584.097319803404 78728.080895809355
11010392 1 2 1 1 4 0 4 2 5 5 4 7 11 6 7 9 10 1 3 1 0 0 0 0 4 4 3 88371.175404461101 92370.925813231661 79897.36284439695 92458.38026093255
11010393 1 4 3 4 1 3 4 4 6 4 6 0 1 0 3 2 0 1 1 1 0 0 0 0 0 2 0 90559.589384714767 91478.686702163133 91190.351486206055 90804.941285557215
11010393 1 3 2 1 2 7 1 3 0 7 4 3 4 4 1 0 0 1 3 1 0 0 0 0 2 3 3 89372.140543272253 90695.054407057745 88774.743147505244 89127.013172020204
11010393 1 10 7 5 2 6 5 4 1 5 4 0 0 3 3 2 3 1 3 1 0 0 0 0 1 0 0 89659.846789317438 89414.37579402492 89770.66603539401 89547.110896117112
11010393 1 2 1 0 2 5 3 1 0 11 7 6 2 10 9 8 6 1 1 1 0 0 0 0 2 2 4 97870.6430986786 93725.576783294557 88774.843904843903 94182.9982531399
11010394 1 1 3 3 5 0 0 2 3 2 3 1 4 0 1 3 1 1 2 1 0 0 0 0 0 1 1 95783.876692171441 95712.407529618999 96353.654935624872 95780.533444245651
11010394 1 3 8 7 2 2 1 4 7 0 0 1 5 0 0 0 3 1 2 1 0 0 0 0 2 1 2 87311.821723715359 87151.750642581377 -1.0000000000000001e+300 86494.364039046268
11010394 1 3 0 7 9 6 5 5 7 2 3 3 5 0 2 1 3 1 3 1 0 0 0 0 4 3 2 86668.132931984874 91392.263013843331 86346.254354566467 91709.956895845709
11010394 1 0 0 1 6 3 5 2 0 8 5 6 11 3 7 9 10 3 5 0.37499999999999994 6 0.24999999999999994 7 0.37499999999999994 0 0 1 87345.766207218869 80828.745569493913 70490.903323592764 88528.608586985894
11010395 1 2 2 4 4 5 5 1 1 2 4 4 1 0 0 1 3 1 3 1 0 0 0 0 1 2 1 93078.572106559863 93200.566535808422 -1.0000000000000001e+300 91586.277981230494
11010395 1 3 1 1 0 8 3 0 0 6 5 2 0 2 5 1 2 1 3 1 0 0 0 0 3 3 3 88995.010737966222 87643.392877707694 89634.823274258568 88934.86384358599
11010395 1 2 0 2 0 2 3 2 3 3 7 3 3 10 9 7 4 3 5 0.25 6 0.25 7 0.5 4 0 1 82125.67266507083 85692.147635448622 72418.201692774484 84192.877230683123
11010395 1 0 0 3 6 2 0 3 7 2 3 7 9 4 3 11 10 1 1 1 0 0 0 0 1 0 0 89436.24805511169 92753.729897602534 84293.509848977803 91796.410592694447
11010396 1 4 3 1 0 6 3 3 2 1 6 1 3 3 2 6 3 1 2 1 0 0 0 0 2 2 3 88901.978194948213 89346.501764753993 89566.816867932037 89848.989985077467
11010396 1 2 3 3 4 0 3 4 7 0 3 5 8 0 3 6 7 1 2 1 0 0 0 0 3 1 2 87086.421130366347 92112.075573593203 92369.500830573539 92540.748132998327
11010396 1 1 0 1 4 3 2 2 6 0 3 4 8 0 5 8 10 3 4 0.5 5 0.25 6 0.25 2 2 2 83478.544168487264 90636.745307123696 90847.807323673114 90696.77472000054
11010396 1 4 3 3 0 5 4 0 2 9 8 5 0 10 11 6 5 1 3 1 0 0 0 0 1 0 0 92317.878488777584 80211.549499893197 90673.019904796893 92073.026356423958
11010397 1 1 6 3 4 0 0 4 4 3 0 6 1 0 1 2 0 1 1 1 0 0 0 0 1 4 3 91256.97725389777 92000.773532532505 91083.19676295032 91140.262466130967
11010397 1 0 1 2 3 0 3 3 4 3 0 5 6 4 5 6 8 1 1 1 0 0 0 0 0 1 0 88329.153473487546 90069.845723208899 89670.666626965045 89715.984067919475
11010397 1 3 3 3 5 2 1 4 7 0 4 6 9 2 2 7 10 1 1 1 0 0 0 0 1 0 4 70749.783352012426 89598.513777595072 89294.182853831255 83386.790553467028
11010397 1 1 5 8 10 3 2 7 11 0 0 5 6 1 0 3 3 1 1 1 0 0 0 0 2 4 2 84232.846607227839 89506.35978572059 90481.782953152317 91038.011249837131
11010398 1 3 0 1 0 2 3 0 0 2 2 2 3 1 0 1 0 1 3 1 0 0 0 0 1 0 0 97543.061074309866 97072.542770721295 97271.696415344864 96988.712248818731
11010398 1 0 0 0 3 1 0 3 3 3 4 5 3 4 6 8 6 1 1 1 0 0 0 0 2 4 3 90505.454278099001 89546.029738072728 87455.07180191495 91172.481058952544
11010398 1 3 2 0 0 3 4 4 4 3 5 6 0 1 5 7 9 1 1 1 0 0 0 0 1 2 2 88844.553149989166 90879.806192413424 84933.676510551275 90400.160938356348
11010398 1 0 3 3 3 0 0 4 6 1 2 5 11 0 5 8 10 1 2 1 0 0 0 0 2 1 2 81673.15250908208 90201.256158224962 90108.022164626935 89499.865781470638
11010399 1 5 4 2 1 1 3 4 3 2 2 6 3 0 0 0 1 1 3 1 0 0 0 0 1 1 0 94240.070468266815 93917.403686523438 93538.398152111302 93124.421448243986
11010399 1 0 0 0 1 6 7 5 2 4 6 5 2 3 4 1 0 1 2 1 0 0 0 0 2 1 1 88802.158635146116 89539.551662087513 90341.564338966942 89627.489654416902
11010399 1 3 5 6 10 1 4 7 8 0 2 5 7 0 1 4 5 1 1 1 0 0 0 0 2 4 4 83377.23731091767 -1.0000000000000001e+300 87620.330016456923 87170.911745496749
11010399 1 0 0 1 1 3 2 0 8 3 4 9 11 0 5 9 10 1 2 1 0 0 0 0 1 1 1 91803.22348760422 98614.448762962245 92630.386215982493 99948.07192090663
11010400 1 2 4 0 0 5 3 2 1 4 4 0 0 3 2 0 0 1 1 1 0 0 0 0 1 0 1 95689.238151947662 95874.30129977563 95597.582374413803 95651.137400727719
11010400 1 4 5 0 3 0 1 4 7 0 3 5 8 1 4 5 7 1 2 1 0 0 0 0 0 1 0 79300.11680166614 89612.625097159136 85348.95505844889 88361.411213735671
11010400 1 3 3 4 4 3 9 9 0 1 5 10 3 0 1 2 0 1 2 1 0 0 0 0 2 2 2 90934.612376608406 90633.620854038454 90437.278980690957 89475.885980759776
11010400 1 2 0 2 3 0 4 5 3 0 5 9 11 3 2 9 10 1 3 1 0 0 0 0 4 1 2 97356.016090369085 100512.79100172188 100314.7567130414 100665.22002969024
11010401 1 2 0 3 0 1 2 1 0 0 5 4 4 3 4 5 4 1 1 1 0 0 0 0 1 2 2 93123.107039195529 93704.024336511109 94292.315360708613 94849.194104621158
11010401 1 3 2 3 0 0 3 3 2 4 5 4 3 6 8 6 4 1 3 1 0 0 0 0 2 0 0 90712.414406982571 90338.134713635693 87229.444986062779 91152.038836363106
11010401 1 3 0 0 0 3 1 3 0 4 4 4 0 9 6 5 2 1 2 1 0 0 0 0 4 3 4 90580.397480927233 89643.918272269308 87212.402344722912 90857.72928012113
11010401 1 4 3 3 0 8 5 0 1 11 5 0 0 5 3 5 0 1 2 1 0 0 0 0 0 0 0 81054.883689243812 76805.491417965095 79824.860153212416 80230.139344185751
11010402 1 0 2 1 0 3 4 6 2 3 4 6 1 1 4 3 2 1 1 1 0 0 0 0 1 2 2 91395.2216796875 90880.884079410913 90469.428727558115 91502.563594841718
11010402 1 1 0 0 0 3 0 3 0 1 3 5 4 1 5 7 5 1 4 1 0 0 0 0 1 4 3 90622.764587020065 90520.494242095476 89698.740367841558 -1.0000000000000001e+300
11010402 1 2 5 8 9 3 2 4 7 1 1 4 2 0 1 3 1 1 2 1 0 0 0 0 1 1 1 89967.101684879468 -1.0000000000000001e+300 90361.851229606036 83654.610379315098
11010402 1 10 11 6 5 7 4 2 3 3 5 3 0 0 3 0 0 1 2 1 0 0 0 0 4 2 2 82970.75096218774 81775.086819328892 -1.0000000000000001e+300 72967.96062647803
11010403 1 1 3 2 0 3 3 0 0 1 2 0 0 3 2 0 1 1 2 1 0 0 0 0 1 0 0 96961.61421165643 97264.318161326431 97513.3334669537 97479.999872247368
11010403 1 0 2 3 5 3 1 4 6 0 1 5 8 1 5 6 7 1 2 1 0 0 0 0 0 1 1 78549.135368663992 -1.0000000000000001e+300 91893.849729642214 91165.350390618056
11010403 1 3 4 4 6 2 3 7 7 0 0 3 8 0 0 2 9 1 3 1 0 0 0 0 3 1 1 85448.776698199959 90153.370274509798 -1.0000000000000001e+300 90807.86114899868
11010403 1 0 3 0 0 2 1 2 1 0 2 3 3 3 7 11 3 1 1 1 0 0 0 0 2 2 2 82748.130365150704 83911.305430806518 82405.057710608191 83553.301948354128
11010404 1 0 0 2 3 2 1 1 4 3 4 3 5 0 3 3 3 1 3 1 0 0 0 0 4 4 3 94843.435850765789 94543.221349727741 95041.831554006014 94992.369422157368
11010404 1 0 0 3 3 3 1 3 7 0 2 4 6 2 2 4 4 1 1 1 0 0 0 0 1 0 3 88897.304652220526 91046.183589428285 90991.688341485118 90455.903875133255
11010404 1 3 0 2 3 3 8 9 1 4 8 10 0 5 3 0 0 1 2 1 0 0 0 0 4 3 3 97075.831472262638 92669.783237049924 93593.564611248265 94350.570596249949
11010404 1 2 1 2 5 0 1 6 7 0 4 8 11 3 5 9 10 1 2 1 0 0 0 0 2 1 3 65896.963375911859 92191.049620723745 91858.813054983722 91827.855137672625
11010405 1 3 3 4 4 4 3 4 3 0 5 2 3 0 1 0 4 1 2 1 0 0 0 0 3 2 1 94310.308812738338 93971.668162361777 93253.487232194122 93599.928219190013
11010405 1 4 6 8 4 3 4 5 3 1 2 3 3 0 0 3 0 1 1 1 0 0 0 0 3 4 4 89382.664981456954 89170.450331588479 90942.148644498579 88114.976706515561
11010405 1 2 5 7 9 0 3 5 6 3 2 4 5 1 0 3 3 1 1 1 0 0 0 0 1 1 1 88362.516178399892 91170.582096044644 90937.255407503646 91239.971406600729
11010405 1 1 0 2 1 0 3 2 5 2 4 5 9 5 7 11 10 1 3 1 0 0 0 0 2 1 2 91234.447705534199 90999.995541144352 84234.38538780986 91412.347830968414
11010406 1 1 2 4 3 3 3 4 0 1 3 4 3 0 3 1 0 1 3 1 0 0 0 0 0 2 0 95314.281980161322 95321.395625432328 95484.512962341309 95538.784134361485
11010406 1 6 1 0 0 8 2 0 0 5 5 4 0 3 3 2 1 1 3 1 0 0 0 0 1 1 2 91425.118080828033 88620.483507647907 90879.359233973824 91369.610036739919
11010406 1 0 3 0 0 0 10 9 9 2 3 3 5 0 0 0 1 1 2 1 0 0 0 0 1 0 1 95461.753026898776 93805.068848141163 94037.760890057616 93148.116960108819
11010406 1 10 5 5 0 11 5 7 0 6 5 0 0 4 2 3 1 1 1 1 0 0 0 0 3 4 4 85878.861582142446 73723.417114010444 82161.650335750935 80997.109898752518
11010407 1 0 0 3 5 1 4 3 4 2 2 0 4 0 2 0 0 1 1 1 0 0 0 0 1 0 1 95515.819857491399 95452.068930731883 95947.559290587902 95873.531571600164
11010407 1 0 4 6 7 0 1 4 8 3 2 4 6 0 3 0 4 1 3 1 0 0 0 0 4 4 2 84196.266615243352 91895.57872180453 91751.226007926554 91721.509751502585
11010407 1 1 2 0 10 0 0 1 7 2 4 6 5 3 4 5 6 1 1 1 0 0 0 0 0 1 0 78460.630390070524 87702.873840810033 87997.962057547295 88416.628038204042
11010407 1 1 2 0 4 0 3 3 7 3 4 6 11 4 5 9 10 1 3 1 0 0 0 0 4 4 3 89393.245080575754 92356.525004342024 80543.957467647502 90280.667701506391
11010408 1 0 0 3 5 2 1 5 1 4 5 6 2 0 4 1 3 1 3 1 0 0 0 0 1 2 1 91171.86311654764 91386.753901375661 91324.810261951003 91468.72311877321
11010408 1 2 3 0 1 0 0 2 3 0 0 5 3 5 6 8 7 1 1 1 0 0 0 0 2 2 1 91083.369748754267 91667.917549561942 87495.457643070258 91809.85161200045
11010408 1 6 8 9 10 7 7 0 3 1 3 4 0 1 3 1 3 1 2 1 0 0 0 0 1 3 2 90421.906360187379 90779.347801294265 91904.220706510416 74990.679127727344
11010408 1 1 5 7 10 0 5 6 11 1 6 4 6 2 2 0 4 1 3 1 0 0 0 0 1 1 0 74684.044930053409 88961.212946317843 89720.152750925947 85697.193787402619
11010409 1 2 5 5 3 3 1 3 1 1 3 1 0 0 2 2 0 1 2 1 0 0 0 0 0 0 0 95518.336644994677 94642.671406742957 95496.118929660675 95103.051753765016
11010409 1 3 3 7 7 0 1 4 8 3 2 4 7 0 0 1 5 1 3 1 0 0 0 0 2 3 2 85249.79337448733 91891.201417534525 91966.639650578654 90112.510043402013
11010409 1 0 2 3 10 0 1 6 9 1 3 4 6 2 0 0 2 1 3 1 0 0 0 0 3 2 2 78197.083679282965 89010.928461015705 89451.31588102883 89238.432112991621
11010409 1 3 4 11 10 2 5 8 9 0 1 0 5 0 3 0 1 1 3 1 0 0 0 0 2 3 1 91883.748588131159 90672.197048814967 -1.0000000000000001e+300 77446.29887872457
11010410 1 6 5 1 2 5 6 1 0 4 1 0 0 3 2 0 0 1 2 1 0 0 0 0 1 1 1 92999.020942052201 91824.220213603083 92340.327392578125 92975.808201878157
11010410 1 7 3 2 1 8 3 1 3 6 4 2 0 5 6 2 0 1 1 1 0 0 0 0 0 0 0 91562.633660870531 82568.259285515407 91182.39138718482 90945.022015151684
11010410 1 9 5 4 0 7 4 2 0 6 2 1 1 2 0 1 0 3 4 0.33333333333333331 5 0.33333333333333331 6 0.33333333333333331 1 1 2 90480.621886552821 87184.650984970212 89744.952830923794 90750.697947267632
11010410 1 0 3 3 4 2 5 7 9 1 5 6 11 0 1 8 3 3 6 0.1818181818181818 7 0.27272727272727271 8 0.54545454545454541 0 1 1 76304.096019548175 78444.925674058133 72682.175314668857 79101.671653001962
11010411 1 1 3 1 0 2 4 2 3 1 4 1 2 3 3 0 0 1 2 1 0 0 0 0 1 1 3 95894.492189486817 96219.443718205555 96012.306708813703 96337.980067073644
11010411 1 3 0 3 5 0 4 4 6 1 3 5 7 0 3 4 3 1 3 1 0 0 0 0 3 4 2 88808.742332007634 90247.735929344664 89515.231296674639 89886.466037077742
11010411 1 3 0 0 4 0 3 3 3 2 1 4 5 0 3 5 10 1 2 1 0 0 0 0 4 3 2 86522.406789400324 88537.857913342086 87910.977684090802 88260.221629317326
11010411 1 0 0 2 8 1 1 8 11 0 0 2 7 3 3 4 5 1 1 1 0 0 0 0 0 1 1 76373.636866716086 77958.169868261 74430.35509242132 75279.223594973009
11010412 1 0 4 5 2 4 2 3 6 0 2 3 1 1 0 1 2 1 3 1 0 0 0 0 1 0 1 91763.541836915188 92644.305867407063 93683.72345710684 93142.630969577367
11010412 1 5 8 7 5 4 5 0 2 0 4 1 0 2 0 0 0 1 1 1 0 0 0 0 2 2 2 90288.753260607351 89325.702113431165 89498.435707258992 86723.429425490322
11010412 1 9 8 7 3 7 4 1 0 5 3 3 0 3 0 1 2 1 2 1 0 0 0 0 0 0 0 90651.380628909581 88810.019059600192 90686.703909475778 83339.788372945302
11010412 1 2 1 0 1 3 6 5 2 11 4 4 3 10 3 8 3 1 3 1 0 0 0 0 4 4 3 73014.037188394315 69252.468028319345 73496.465352153551 71970.597290528007
11010413 1 2 0 3 2 0 0 3 1 0 0 2 1 3 2 4 1 1 2 1 0 0 0 0 4 2 4 97205.474040994537 96625.555150989239 96856.514477458404 96954.691617953125
11010413 1 1 0 3 0 0 3 4 0 3 3 6 5 2 6 7 5 1 1 1 0 0 0 0 2 3 2 89231.785596820861 90016.882809014292 89822.377971798225 89879.331643025449
11010413 1 1 0 2 1 3 0 4 3 0 4 5 6 10 9 8 7 1 3 1 0 0 0 0 3 4 2 91020.276626591876 91897.856038884638 72853.215886406484 91314.675241403034
11010413 1 10 9 2 0 11 7 7 2 6 5 4 3 1 3 2 3 1 1 1 0 0 0 0 2 1 1 91272.225626356681 57037.8406062227 91125.01717718174 91545.780795149083
11010414 1 0 2 1 3 1 0 3 2 1 2 0 0 0 0 0 1 1 3 1 0 0 0 0 0 1 1 97083.432786004414 97044.402237468283 97263.782697620205 97120.879924590161
11010414 1 5 3 0 0 6 0 0 1 8 4 0 0 1 2 3 2 1 1 1 0 0 0 0 2 3 3 89730.464937751967 88462.640808671524 89549.090271200825 89440.43294348233
11010414 1 10 7 5 3 3 3 5 2 0 1 4 1 0 0 0 2 1 1 1 0 0 0 0 3 4 3 88766.278734180771 87896.766124297807 88917.14385719494 84403.961466654669
11010414 1 3 6 11 10 3 5 7 8 3 4 4 3 0 1 0 0 1 1 1 0 0 0 0 1 3 1 91535.814337254691 90107.365916094772 90733.484373894957 70573.971710225422
11010415 1 0 3 2 0 2 3 4 2 1 3 5 2 0 5 1 1 1 1 1 0 0 0 0 3 3 4 94054.943320760009 94083.772376166438 93837.6143918897 94801.73649470805
11010415 1 4 4 3 0 7 5 1 2 5 4 4 4 3 2 0 1 1 1 1 0 0 0 0 1 2 2 91205.011479585533 89868.407538521045 90308.775453751543 86631.947916320656
11010415 1 10 8 5 4 8 5 1 3 2 1 3 0 2 1 0 0 1 3 1 0 0 0 0 3 4 1 90098.835497506603 90111.00967177414 -1.0000000000000001e+300 87723.723210811033
11010415 1 5 3 3 3 7 3 0 0 11 4 2 0 5 3 0 0 1 2 1 0 0 0 0 2 0 1 82567.896850125238 81645.300411435106 82976.042531399115 82516.714685971543
11010416 1 3 0 0 2 5 1 0 3 2 5 2 0 3 1 5 3 1 3 1 0 0 0 0 3 2 2 93887.648297264459 93759.146975172451 93662.793853013602 93856.858780431983
11010416 1 0 5 3 0 4 4 7 2 2 1 5 4 3 1 4 3 1 3 1 0 0 0 0 3 3 1 87876.876582230441 87119.527929531832 86692.425169515016 -1.0000000000000001e+300
11010416 1 1 0 1 0 5 0 0 2 7 5 0 3 10 6 5 4 1 3 1 0 0 0 0 3 4 3 89388.985600053609 89062.185352629909 88612.942275286434 89306.875044769957
11010416 1 0 6 8 9 0 5 7 11 4 3 4 5 2 3 1 3 1 1 1 0 0 0 0 1 2 0 65372.096532069882 -1.0000000000000001e+300 87163.954875495794 54282.011604735089
11010417 1 0 0 3 0 3 0 3 2 4 3 3 4 0 3 4 6 1 2 1 0 0 0 0 3 1 1 93929.436760650613 94124.112567107091 93847.124401817768 94369.71550340917
11010417 1 2 0 1 3 0 2 0 7 1 6 3 4 0 0 3 3 1 4 1 0 0 0 0 0 0 0 90594.174024362597 89271.791121031551 90653.080873121842 90414.189960456351
11010417 1 0 0 2 3 1 0 0 4 0 0 3 5 1 2 5 10 1 1 1 0 0 0 0 1 2 2 87924.37424603643 88848.184049764401 89123.913319948842 88909.215337617556
11010417 1 0 0 3 0 1 2 4 2 3 5 7 11 5 6 9 10 1 3 1 0 0 0 0 3 2 1 92316.143045817589 92503.996585818051 80068.907445492208 -1.0000000000000001e+300
11010418 1 2 0 3 3 0 3 3 2 1 2 1 0 0 0 0 3 1 1 1 0 0 0 0 0 0 0 97321.567188239453 96732.762727116628 97089.727987477323 97228.245283693977
11010418 1 0 0 3 7 3 2 4 8 3 0 3 6 4 0 0 3 1 1 1 0 0 0 0 1 1 1 85505.585365096209 91109.471394829772 90386.715228217159 90795.195367191292
11010418 1 6 8 9 10 5 4 0 0 1 4 1 0 2 0 2 1 1 2 1 0 0 0 0 0 0 1 91103.209460570724 89780.618153614705 90416.211673354643 76628.800682851579
11010418 1 10 11 7 0 2 9 3 1 1 5 5 2 0 1 3 0 1 1 1 0 0 0 0 2 4 4 68722.020152195357 67219.60821466679 70038.89074485976 64055.601874686225
11010419 1 3 6 3 3 1 5 6 3 5 3 3 0 2 3 0 0 1 3 1 0 0 0 0 4 4 3 90310.161909961229 90264.318055389202 91141.481780173548 89820.643646337849
11010419 1 5 5 8 6 3 4 0 2 0 3 2 0 0 0 2 0 1 1 1 0 0 0 0 3 1 2 90956.358580258762 90295.276295313684 90585.902989045891 85041.22051407356
11010419 1 9 8 7 6 4 6 2 1 2 1 3 0 2 3 0 0 1 1 1 0 0 0 0 0 0 1 90549.497408187366 90828.822146521343 -1.0000000000000001e+300 83970.272156713501
11010419 1 4 0 0 3 3 3 3 0 11 6 4 3 10 9 5 4 1 3 1 0 0 0 0 2 2 0 91708.317909688485 91721.926632240749 82453.281523530677 91816.938511986358
11010420 1 0 3 1 4 1 5 5 5 0 2 6 5 0 0 4 1 1 2 1 0 0 0 0 0 1 0 89455.955624920971 89180.499718983963 89864.453439924444 90232.149383521362
11010420 1 0 5 5 6 0 2 5 8 0 2 3 6 1 0 2 4 1 1 1 0 0 0 0 1 0 0 86281.711169027665 91927.295851299597 91686.449615086225 87892.805725454644
11010420 1 10 3 3 0 9 5 2 0 7 6 1 0 5 5 0 1 1 2 1 0 0 0 0 1 1 1 90830.313163721468 79277.765689486318 90394.378893208108 90169.357746510635
11010420 1 4 3 3 2 11 6 1 3 7 0 0 0 6 0 0 2 1 2 1 0 0 0 0 4 2 4 83563.265286009671 80836.138659676872 83745.540924895526 83591.965089668942
11010421 1 0 3 1 0 3 1 3 2 3 3 1 2 0 1 4 0 1 2 1 0 0 0 0 2 3 3 95971.94850825255 96250.477917810276 96139.33005667929 95879.55703714065
11010421 1 0 0 0 1 2 4 0 0 4 5 4 3 8 8 7 5 1 2 1 0 0 0 0 1 0 1 91700.145114922081 87571.788319291678 83734.352332203707 91429.023940204075
11010421 1 0 0 0 5 2 4 0 3 6 5 4 3 9 7 6 4 1 1 1 0 0 0 0 1 1 0 90483.497190857015 91790.463425942391 85403.570167562066 90967.508351382276
11010421 1 5 11 7 3 2 1 2 4 0 3 1 3 3 0 0 6 1 1 1 0 0 0 0 0 1 1 78846.151787649607 78922.681220504484 80225.729720004485 75740.406118396539
11010422 1 0 0 1 1 2 3 2 0 2 3 2 0 1 1 0 0 1 3 1 0 0 0 0 0 0 1 97438.602943243808 97397.45867444262 97087.917235162517 97419.462611019597
11010422 1 0 0 1 3 2 3 7 7 3 0 3 6 3 0 0 0 1 3 1 0 0 0 0 4 4 1 89549.861634178596 90200.500189460625 89211.633303246403 89778.429261549318
11010422 1 3 5 5 10 3 4 6 8 0 2 4 6 0 3 3 4 1 1 1 0 0 0 0 0 0 1 83094.810925072743 89942.426931948823 90069.066550459887 88739.203991322647
11010422 1 3 4 3 0 3 11 11 0 1 5 2 0 5 0 4 1 1 3 1 0 0 0 0 3 4 3 91727.084747927642 90137.328228832455 90651.639180764236 90942.598193016689
11010423 1 0 2 0 0 1 5 3 0 1 2 5 3 2 3 3 1 1 3 1 0 0 0 0 0 0 0 94522.067468983762 94571.529726049674 94943.634747309305 94795.206588006578
11010423 1 0 3 7 2 2 2 4 3 1 1 1 3 0 1 3 0 1 3 1 0 0 0 0 2 3 3 91174.49303644328 91716.813002707408 91836.38546478335 92856.748763695083
11010423 1 10 9 8 5 0 4 6 5 0 1 4 4 2 0 3 0 1 3 1 0 0 0 0 3 3 2 89488.279968790201 89695.139652524289 89413.033794214047 78174.816625549676
11010423 1 1 2 0 3 3 3 0 0 11 4 2 2 9 8 5 3 1 3 1 0 0 0 0 2 0 0 86432.20893736188 86517.044622717571 85635.875906861853 86608.903379132957
11010424 1 0 0 3 0 4 5 2 1 6 3 2 0 6 3 1 0 1 3 1 0 0 0 0 2 2 2 92927.295298915677 92115.886319535202 92250.003335411006 93689.619193649109
11010424 1 0 3 8 5 0 0 3 5 2 1 0 3 0 0 2 1 1 3 1 0 0 0 0 1 1 1 90444.78874691471 89604.524413285442 90400.371292510652 89375.888833136618
11010424 1 10 9 6 2 3 5 4 1 2 2 4 3 0 0 3 0 1 1 1 0 0 0 0 3 2 2 89561.118352238205 89699.839696444033 89783.852605587541 82069.027207003004
11010424 1 7 10 11 4 2 3 6 1 2 2 4 3 0 1 0 0 3 5 0.37499999999999994 6 0.24999999999999994 7 0.37499999999999994 1 0 3 66644.046852489511 64928.130658629147 67580.63028707332 68723.928529265759
11010425 1 3 1 0 2 3 2 3 4 4 3 0 0 2 5 1 0 1 1 1 0 0 0 0 0 0 1 95416.72399247135 95084.226157565179 94908.861884249563 95179.861153327758
11010425 1 1 0 3 0 3 3 2 0 7 4 4 2 1 5 5 0 1 1 1 0 0 0 0 3 4 3 90440.416940165116 88931.681381482602 89214.055671551556 90471.117239625048
11010425 1 3 0 0 1 5 3 0 0 8 6 4 2 10 8 6 3 1 3 1 0 0 0 0 4 4 3 88801.069929607693 88411.953690825365 87627.887795910283 89438.661384945619
11010425 1 5 0 0 3 5 4 3 0 6 5 4 0 9 11 8 5 1 3 1 0 0 0 0 3 3 2 81877.641605573284 78795.947476751273 74643.942157777259 81937.429738513223
11010426 1 0 2 3 0 3 3 2 1 1 3 3 0 0 2 2 1 1 1 1 0 0 0 0 3 3 4 96912.109886814913 96670.726458720368 96730.816231533463 96879.224249983425
11010426 1 5 5 3 2 8 2 0 0 1 1 3 6 2 3 4 0 1 3 1 0 0 0 0 4 3 0 87731.100765970798 82660.281581186166 88604.273467841995 88480.319544260215
11010426 1 10 6 4 2 9 7 4 1 8 7 3 2 3 2 0 0 1 1 1 0 0 0 0 3 2 3 -1.0000000000000001e+300 91548.490469764904 91781.790128119581 90920.783860274401
11010426 1 0 3 11 9 1 2 7 8 1 1 5 6 0 2 4 4 1 2 1 0 0 0 0 3 3 3 78964.663444154139 87334.876089223486 87187.871804549883 87142.275196916889
11010427 1 0 1 6 0 2 0 4 2 3 4 5 6 3 4 3 3 1 1 1 0 0 0 0 0 0 0 91081.449101879422 90000.278629294669 90391.664412938393 90026.914078028902
11010427 1 2 4 0 6 0 0 4 8 0 3 4 7 0 5 3 5 1 1 1 0 0 0 0 3 3 4 84700.488716076274 90346.809032264282 89969.729190400627 89788.314401653319
11010427 1 6 8 9 10 4 6 5 6 3 3 4 2 2 0 0 0 1 2 1 0 0 0 0 4 1 4 84792.235914634453 88180.692873981519 -1.0000000000000001e+300 61533.392491271719
11010427 1 7 11 5 3 3 4 0 0 1 3 1 3 2 0 0 3 1 2 1 0 0 0 0 0 0 1 81488.944250193803 82017.655387870938 81432.14855077026 79039.904425698391
11010428 1 3 1 0 0 4 5 3 2 3 3 5 3 5 4 2 1 1 1 1 0 0 0 0 0 1 0 93772.905951605877 93264.06217956543 93395.859630160849 -1.0000000000000001e+300
11010428 1 5 1 3 1 6 5 1 0 8 5 2 0 8 4 0 0 1 2 1 0 0 0 0 0 1 0 -1.0000000000000001e+300 82514.387176125208 87698.81361345858 92012.42369755634
11010428 1 2 0 0 2 5 0 1 3 8 5 3 0 10 8 7 5 1 2 1 0 0 0 0 4 2 3 90372.333325911546 89984.175403668502 85877.498512566293 90296.182511754465
11010428 1 1 0 1 2 1 3 4 3 2 3 7 8 5 7 11 10 1 3 1 0 0 0 0 0 1 1 90508.841561880501 90701.60706316297 91740.976888045843 90853.870323251802
11010429 1 1 6 3 1 0 5 5 3 3 1 2 1 0 0 2 0 1 2 1 0 0 0 0 0 1 1 93575.353362260037 93751.884536266327 93284.5294587877 93776.506271397622
11010429 1 7 8 7 5 6 5 4 3 1 5 4 3 2 0 1 3 1 2 1 0 0 0 0 1 1 2 91598.600476608786 92146.657183651943 92122.014487855035 82038.715294440059
11010429 1 9 7 6 1 3 6 5 4 3 1 3 3 2 0 0 0 3 4 0.33333333333333331 5 0.33333333333333331 6 0.33333333333333331 0 1 0 88724.739008799399 89925.014516109979 89049.896348376555 84929.905389389562
11010429 1 11 8 5 0 4 5 4 3 0 4 2 0 1 3 0 0 1 1 1 0 0 0 0 0 1 2 81794.084034792511 81276.044181077013 80815.904866056051 80556.466156213704
11010430 1 0 0 2 0 0 3 3 1 1 2 0 4 0 4 3 3 1 3 1 0 0 0 0 3 3 2 96365.536312644923 96678.471782481851 96293.639823000121 96409.057416312731
11010430 1 8 8 7 6 4 2 1 3 1 3 0 0 0 1 2 0 2 4 0.5 5 0.5 0 0 1 2 2 91536.94756909243 90091.146294222344 90298.613997846172 84850.99295348303
11010430 1 10 7 6 3 6 5 0 0 4 2 0 2 3 3 1 0 1 1 1 0 0 0 0 3 3 4 89436.702940892486 87261.546085440918 89493.742446153759 87869.069793330098
11010430 1 5 7 11 9 0 4 7 8 3 4 2 3 0 7 0 0 1 3 1 0 0 0 0 2 1 1 74948.034397330266 78454.042298291053 80078.040428387118 74577.215083017858
11010431 1 6 3 5 2 3 6 0 1 1 5 0 0 2 1 0 0 1 3 1 0 0 0 0 0 1 2 89902.448886588769 91337.248618985395 91727.109270095825 91524.850907192857
11010431 1 7 7 5 0 3 4 3 3 2 3 0 0 0 1 3 0 1 1 1 0 0 0 0 2 3 1 90699.324813576226 90899.661394330411 91339.093141986785 90424.506172180991
11010431 1 5 6 8 10 2 1 5 6 2 3 0 2 0 0 3 0 1 3 1 0 0 0 0 2 0 0 89138.92105693453 89383.586474142227 89448.038545143761 82085.540260110123
11010431 1 8 7 11 4 4 6 4 2 5 1 3 0 0 0 1 2 1 1 1 0 0 0 0 2 3 4 81520.758855438558 79674.029424526423 79747.272271708396 71266.573254382936
11010432 1 2 2 3 2 1 3 5 5 0 2 1 4 3 0 4 0 1 1 1 0 0 0 0 3 2 3 93877.112198370785 94210.430143846388 94233.170182795744 94303.732421801193
11010432 1 3 0 0 3 3 3 4 8 1 2 5 4 1 2 1 5 2 4 0.5 5 0.5 0 0 3 4 2 86578.535601465817 86248.375568015617 84283.907490269034 85710.439314408373
11010432 1 0 3 7 10 0 5 4 6 1 3 3 4 0 0 1 3 1 2 1 0 0 0 0 2 3 0 84509.748725070865 89823.194174987686 89113.1904185397 87344.42930438956
11010432 1 0 3 2 0 3 1 0 2 11 4 5 0 9 6 5 0 1 1 1 0 0 0 0 1 1 1 87370.137494648661 79477.148641039137 82700.551951987509 86665.092358864029
11010433 1 6 4 1 3 4 4 2 3 5 0 1 0 1 3 0 0 1 2 1 0 0 0 0 0 1 0 93889.486899991956 93873.510953638295 93735.074408637141 93350.803613353652
11010433 1 0 1 3 1 8 4 3 2 8 3 2 3 2 3 3 3 1 1 1 0 0 0 0 0 0 0 83290.844291838526 87527.756807913931 86689.964439606701 84790.049700495845
11010433 1 9 4 6 4 4 0 0 3 3 0 0 1 2 0 0 2 1 1 1 0 0 0 0 1 1 1 87296.261010087779 85420.216470158557 87365.935151536964 87007.472910451717
11010433 1 0 3 0 1 1 3 5 5 4 4 7 11 1 5 8 10 1 2 1 0 0 0 0 0 2 3 79094.373028806687 89321.55864085698 81228.381774673209 89422.310551893795
11010434 1 3 5 4 0 0 3 3 0 1 4 2 3 2 1 0 3 1 2 1 0 0 0 0 1 0 0 94287.230558395386 95384.299800625537 95712.608429414249 95338.801617940262
11010434 1 2 1 0 4 3 3 4 0 1 5 3 4 5 6 8 7 1 2 1 0 0 0 0 3 3 4 88636.107186976471 91208.578226465266 80761.241036971624 89818.020486626192
11010434 1 0 0 2 0 0 0 1 0 5 6 4 3 7 8 9 10 1 3 1 0 0 0 0 4 4 3 91191.444709107396 91258.152957737315 77281.095157993812 91084.49409580708
11010434 1 3 0 8 10 3 4 5 11 3 3 6 4 1 3 2 1 1 2 1 0 0 0 0 3 3 2 79194.913248257246 89297.029234311136 88388.167848787023 85574.598783554917
11010435 1 3 6 5 1 2 3 5 3 0 1 0 0 0 3 2 0 1 2 1 0 0 0 0 1 0 1 94255.657870054245 93828.390230337769 94298.685927073151 93988.439713478088
11010435 1 5 7 8 7 4 4 5 6 0 0 4 4 1 0 3 1 1 2 1 0 0 0 0 2 3 3 90783.513390258784 92019.004037223407 91816.425752193725 85007.475337094103
11010435 1 4 6 7 9 3 5 6 8 4 5 4 1 3 0 0 0 1 1 1 0 0 0 0 1 3 3 -1.0000000000000001e+300 89956.70266146792 89501.978607056197 82264.77468092498
11010435 1 7 9 11 4 5 4 3 0 5 3 0 0 3 2 0 3 1 3 1 0 0 0 0 4 3 1 82975.873709931751 82257.403248214992 83118.436023719449 77278.666638049457
11010436 1 3 2 0 0 0 3 4 5 0 4 5 5 2 3 6 1 1 3 1 0 0 0 0 2 1 1 91204.654211803718 91657.53232420815 91062.986232863506 92134.629360611783
11010436 1 2 1 0 0 1 3 3 3 3 5 6 0 5 7 4 0 1 2 1 0 0 0 0 0 0 0 88688.450456409177 89686.119576128272 89183.752210529521 90644.634024801227
11010436 1 3 0 0 0 4 3 3 2 4 7 7 0 10 9 7 3 1 2 1 0 0 0 0 4 2 4 82830.934454007918 87765.998287317008 77748.217015140865 89603.027044618633
11010436 1 3 2 5 1 1 3 5 8 3 4 7 6 3 7 11 8 1 3 1 0 0 0 0 3 4 2 -1.0000000000000001e+300 -1.0000000000000001e+300 57551.416208870491 71548.660155555757
11010437 1 0 1 0 2 0 3 5 3 2 3 5 3 0 3 4 2 1 2 1 0 0 0 0 4 1 4 93602.489709938483 94065.78035643365 94312.443599182967 93993.877432955444
11010437 1 2 0 0 1 4 3 3 0 2 3 7 3 2 5 2 3 1 3 1 0 0 0 0 3 0 0 88974.479236478772 89885.375913843425 88877.028828671595 90870.359393215185
11010437 1 0 2 2 3 0 0 3 6 0 4 5 8 1 2 7 10 1 3 1 0 0 0 0 2 0 2 81167.023799627175 89989.868256868402 89857.885458142177 88881.884279633901
11010437 1 1 1 0 2 0 3 3 4 3 4 7 4 6 8 11 7 1 3 1 0 0 0 0 1 2 1 80083.038837823202 79637.841707716972 69045.965706407791 78068.55201594923
11010438 1 1 3 4 0 0 4 1 1 5 4 2 2 0 3 3 4 1 3 1 0 0 0 0 3 4 2 93629.342736968276 94495.281707078771 94568.917343861511 94556.562722161325
11010438 1 0 0 0 1 0 3 0 3 1 3 3 4 2 5 4 7 1 3 1 0 0 0 0 0 1 1 91895.685582925958 92467.63260922709 92493.675843279736 93459.349916385137
11010438 1 0 0 1 2 4 2 1 0 6 5 5 0 9 7 6 4 1 3 1 0 0 0 0 0 0 1 91490.998726961436 91436.744713150503 84896.236299573633 90723.061771434644
11010438 1 10 9 3 1 11 6 4 0 7 6 0 2 8 5 3 0 1 1 1 0 0 0 0 1 2 1 98961.452750295924 70879.968593907586 102942.52913966258 88022.045638064345
11010439 1 0 3 1 0 4 4 3 3 5 2 1 0 5 3 0 0 1 3 1 0 0 0 0 3 4 2 94266.213197507968 94052.491627348427 94068.678137857234 94706.903509552081
11010439 1 3 2 1 0 6 4 0 0 8 3 0 0 7 4 3 3 1 3 1 0 0 0 0 0 0 0 91627.931826545057 86176.953357574355 91418.718194042318 90921.065650665216
11010439 1 2 2 0 3 0 3 3 0 0 8 5 3 10 8 6 4 1 3 1 0 0 0 0 3 1 2 90152.642929603622 90083.981225718104 82518.098695683017 90194.355594539593
11010439 1 1 3 0 3 0 1 0 5 0 2 5 8 2 6 11 9 1 1 1 0 0 0 0 3 4 4 82672.138056251584 86904.900633435682 81778.415325088179 87388.70139048803
11010440 1 0 3 3 4 2 2 5 6 1 0 2 5 0 1 0 0 1 1 1 0 0 0 0 0 0 1 93643.493940318076 94614.922535054458 93602.683159086446 94172.746195722517
11010440 1 7 4 3 0 8 7 2 3 6 1 2 1 2 1 0 0 1 2 1 0 0 0 0 2 1 1 88415.068841268716 88369.772739447071 88716.485983038699 87913.023393835756
11010440 1 10 8 5 5 7 6 4 0 3 5 5 2 0 0 1 2 1 3 1 0 0 0 0 2 1 1 91019.020328675557 87226.696287378363 90756.423214053124 78155.354161794457
11010440 1 3 3 3 3 0 0 5 3 11 7 5 3 9 8 7 5 1 2 1 0 0 0 0 4 3 4 87099.557749058295 87451.179203416163 77284.020902773816 87708.483346777793
11010441 1 0 4 5 1 0 0 0 5 2 0 5 2 0 0 0 1 1 3 1 0 0 0 0 4 4 3 95229.503635793517 95233.255228984708 94485.341906527567 95204.472446703177
11010441 1 6 0 3 0 7 0 3 0 8 4 0 2 7 5 3 2 1 3 1 0 0 0 0 2 0 0 90971.417641630978 82943.222027974698 91011.06891706567 91237.860453419067
11010441 1 5 1 2 3 6 4 4 0 8 7 3 4 9 6 6 6 1 2 1 0 0 0 0 1 0 0 91785.007373052256 75364.807559286332 87081.46151736984 91938.238654137094
11010441 1 4 2 1 3 2 2 1 4 3 4 6 8 3 6 11 9 1 1 1 0 0 0 0 0 0 0 84860.134015179457 87613.087362682709 85831.939430106097 86346.729854989535
11010442 1 3 3 5 0 0 4 4 0 5 1 2 0 1 1 2 2 1 2 1 0 0 0 0 4 3 3 95066.821832950751 95168.764065831405 94213.616922672911 94202.934515587476
11010442 1 6 8 6 4 4 5 3 0 4 0 1 2 3 0 0 0 1 1 1 0 0 0 0 1 2 1 91378.274940467658 90990.331306545762 91506.421282660391 88596.291058218616
11010442 1 9 8 6 3 7 5 4 3 5 3 1 2 1 0 0 3 3 4 0.33333333333333331 5 0.33333333333333331 6 0.33333333333333331 2 3 2 91540.052251802146 91118.481242860435 82060.515842889508 84449.707159781377
11010442 1 4 7 11 9 3 5 6 7 0 2 0 7 1 0 3 5 1 1 1 0 0 0 0 2 3 2 80425.296526394319 87265.958402240401 87981.989714733048 78078.547831873206
11010443 1 2 6 2 1 4 0 6 1 3 2 4 0 0 1 0 0 1 1 1 0 0 0 0 3 4 4 92622.292365025613 92954.74122726018 91973.414869828674 92486.647562995087
11010443 1 0 3 3 8 0 4 6 8 0 3 4 5 1 0 3 3 1 2 1 0 0 0 0 0 0 0 84486.02155851369 89474.076990203204 88008.710278393468 85157.497185979271
11010443 1 0 3 7 10 0 3 5 9 2 0 4 8 0 0 3 4 1 3 1 0 0 0 0 1 0 1 78294.275822654294 89905.059345784917 90105.133254284854 90083.237824366515
11010443 1 3 0 6 7 1 5 5 11 3 3 3 7 0 2 1 6 1 2 1 0 0 0 0 0 0 0 75403.297634834322 81698.215667087396 81627.539071149993 81112.632701856841
11010444 0 0 0 0 2 0 3 2 1 1 3 3 0 3 2 1 0 1 3 1 0 0 0 0 0 0 0 97067.818143784403 96991.236903704892 97076.83684004267 97118.902280505325
11010444 0 4 0 0 0 5 4 3 0 7 6 1 0 5 2 2 2 1 1 1 0 0 0 0 1 0 0 -1.0000000000000001e+300 90284.4008200838 90826.383487119281 90374.258563106283
11010444 0 0 0 3 2 2 0 4 3 3 5 4 3 9 8 6 3 1 3 1 0 0 0 0 4 2 2 90622.911588411342 90934.968447614403 85646.506019029417 90821.864200699783
11010444 0 5 7 3 1 4 6 4 1 9 8 7 10 4 4 2 2 1 3 1 0 0 0 0 2 2 2 12 12 -1.0000000000000001e+300 -1.0000000000000001e+300
11010445 1 1 6 5 2 2 4 4 3 1 3 3 3 0 3 2 0 1 1 1 0 0 0 0 0 0 0 93616.30814991791 93096.936753072849 93367.058299228389 92878.109917490045
11010445 1 5 6 8 7 5 4 4 3 0 1 3 3 0 0 5 0 1 2 1 0 0 0 0 3 3 3 88436.083846104564 89833.068282071545 87956.093332247998 83471.619216431121
11010445 1 10 5 3 2 9 6 3 0 8 4 2 1 4 3 0 1 1 1 1 0 0 0 0 0 1 2 89910.798053653052 73157.972115277473 90157.785490878785 89911.289106989439
11010445 1 10 9 3 2 11 7 5 3 3 6 3 2 6 1 1 0 1 3 1 0 0 0 0 0 0 1 -1.0000000000000001e+300 90231.078344882175 -1.0000000000000001e+300 83536.768859074306
11010446 1 0 1 4 3 3 2 5 1 0 3 4 2 0 1 2 5 1 3 1 0 0 0 0 3 3 2 93784.270972049169 94797.128528401954 94311.978362754526 94596.037471927339
11010446 1 1 2 0 0 0 2 0 2 7 5 5 1 0 7 1 0 1 1 1 0 0 0 0 0 1 0 89502.639681351633 90089.643886110673 89916.495467205474 90539.881378850521
11010446 1 2 1 0 0 0 1 2 0 3 4 4 3 9 8 6 4 1 3 1 0 0 0 0 1 1 0 91271.909909860537 91349.030850198978 85021.703582373928 91120.107087195618
11010446 1 5 6 8 11 2 5 6 7 0 0 3 3 0 1 2 1 3 4 0.54545454545454541 5 0.27272727272727271 6 0.1818181818181818 0 0 0 81321.608257906846 80228.478428160844 79362.261335474803 81266.249990339813
11010447 1 3 6 3 0 3 4 6 0 3 5 1 0 1 2 0 3 1 3 1 0 0 0 0 1 2 1 92383.27685917748 92348.804183447515 91712.20691246014 92151.297063349164
11010447 1 3 5 6 7 1 5 5 8 0 4 4 7 0 2 3 5 1 1 1 0 0 0 0 2 3 2 79098.934167518062 92106.065531835528 91983.228013804561 90440.154877737281
11010447 1 3 4 7 9 0 3 4 7 3 2 1 6 0 1 0 2 1 3 1 0 0 0 0 1 1 1 91139.18300377058 91535.787566112573 91600.661626403657 91385.106821090158
11010447 1 1 0 3 2 0 3 4 11 0 3 5 6 0 0 0 5 1 1 1 0 0 0 0 1 2 2 82353.923949339252 82577.556945140124 82388.46960994869 83454.55104632763
11010448 0 1 2 0 0 0 1 4 0 3 2 4 2 3 4 1 1 1 3 1 0 0 0 0 1 2 2 96099.61464987995 96111.763860897219 96337.691524479131 95982.918963765769
11010448 0 2 0 1 6 1 3 6 8 3 4 4 6 0 0 0 4 1 3 1 0 0 0 0 1 2 2 86847.838490794747 90346.460765447759 89633.72995601852 90528.766488884939
11010448 0 4 7 9 10 4 5 2 0 4 0 1 2 0 3 0 0 1 2 1 0 0 0 0 3 1 3 89583.425490146416 88803.931194829944 89331.756210179708 79890.424468628611
11010448 0 0 0 3 6 0 3 3 4 11 10 7 2 2 4 3 3 1 1 1 0 0 0 0 1 0 1 65356.226911684644 63661.211884998935 65673.945584850342 65050.698485314264
11010448 0 3 5 1 4 2 7 6 2 11 9 4 4 10 6 1 1 1 3 1 0 0 0 0 3 4 2 12 12 -1.0000000000000001e+300 -1.0000000000000001e+300
11010449 1 1 5 1 2 1 3 5 2 0 3 3 5 0 1 0 3 1 2 1 0 0 0 0 2 3 2 92658.633530763022 93449.602690631116 93346.237161636338 93600.373054004856
11010449 1 7 8 6 5 0 3 4 5 1 0 2 0 0 0 0 3 1 1 1 0 0 0 0 1 2 1 91812.511882542094 91558.948079758644 91031.912692796846 85695.44055438826
11010449 1 0 4 4 9 0 2 5 9 1 4 5 6 0 0 0 2 1 1 1 0 0 0 0 1 1 1 85491.235634672674 90467.550950966877 90479.631082440319 87624.645026831669
11010449 1 1 3 3 3 1 4 4 7 5 5 8 11 1 7 9 10 1 3 1 0 0 0 0 0 3 1 73555.011435252105 90812.141115814331 -1.0000000000000001e+300 -1.0000000000000001e+300
11010450 1 0 2 2 3 1 5 4 0 3 2 4 6 1 0 0 0 1 1 1 0 0 0 0 1 1 2 93735.376885395905 93929.696051580206 94177.957273138876 94886.88634300507
11010450 1 1 0 0 5 2 3 1 0 1 3 6 0 4 6 8 7 1 2 1 0 0 0 0 0 1 3 90914.312458545784 89512.802564297526 85521.838609383543 91514.856729388717
11010450 1 2 0 0 1 0 0 1 1 3 4 5 4 4 7 9 10 1 2 1 0 0 0 0 0 1 0 89820.874909632097 89684.430166311751 75989.7624007712 89604.317745200431
11010450 1 1 4 7 10 2 3 7 11 4 1 8 3 0 2 5 0 1 2 1 0 0 0 0 1 0 1 91130.743335610925 90993.720598406115 91713.078398493279 83496.242621886238
11010451 1 0 0 3 3 0 1 5 5 0 2 5 4 3 1 4 2 1 3 1 0 0 0 0 1 1 1 93793.068051664915 93656.652479065771 93743.928024315523 93711.800369625838
11010451 1 6 2 1 0 6 7 3 2 4 2 0 1 2 0 1 0 1 1 1 0 0 0 0 0 0 1 91055.931687164702 90613.13983247841 90898.2587243616 90332.8198254585
11010451 1 10 8 5 2 8 5 0 3 5 4 0 2 3 0 1 0 1 1 1 0 0 0 0 0 0 0 90208.985923019398 90105.642296749691 90255.220039594686 90184.798106253453
11010451 1 5 3 0 1 7 4 3 2 11 6 3 3 9 8 6 3 1 3 1 0 0 0 0 1 1 0 86908.531034623855 74180.150696287819 87472.147029533633 87777.621106465129
11010452 1 3 5 0 3 2 6 6 2 4 4 5 5 0 0 0 2 1 1 1 0 0 0 0 3 1 2 88714.77434260826 87639.193487177676 90676.575014241535 87991.590820559708
11010452 1 5 1 0 0 7 4 0 0 8 3 3 3 6 4 1 0 1 3 1 0 0 0 0 2 4 2 90739.027983424035 85181.06115850716 90372.290655859193 90350.092727694879
11010452 1 0 0 1 0 0 4 4 3 7 5 5 3 10 6 5 4 1 3 1 0 0 0 0 0 1 0 89718.024427987941 87466.966003841138 84296.540808559948 89260.284291023796
11010452 1 0 0 2 3 3 1 3 0 1 5 4 0 3 8 11 4 1 3 1 0 0 0 0 2 3 1 81002.222372937817 81493.757767394913 78947.623031535783 80870.360038243496
11010453 1 3 5 3 3 3 3 6 4 3 0 4 4 1 0 3 0 1 1 1 0 0 0 0 2 4 3 92225.275685495784 92800.455877661705 92178.619772871054 92065.826830703954
11010453 1 6 3 0 2 6 7 3 0 5 5 0 0 4 4 1 0 1 3 1 0 0 0 0 2 2 0 89980.245788521759 88514.22119530593 88941.522659480426 89612.069172965188
11010453 1 9 7 5 2 6 6 5 4 0 3 3 0 0 3 1 0 1 3 1 0 0 0 0 1 1 0 91529.241899300032 91316.273176271119 90775.075612955989 87580.981190468883
11010453 1 11 5 6 4 3 4 1 1 3 4 1 0 0 3 3 0 3 6 0.1818181818181818 7 0.27272727272727271 8 0.54545454545454541 1 4 0 74721.359462727414 73142.74330615814 74622.889219450066 80929.703209268773
11010454 1 3 0 2 0 0 5 1 3 0 0 4 2 0 1 2 3 1 3 1 0 0 0 0 3 2 1 96002.05756849944 96208.852830282849 96064.917449319793 95907.277563931319
11010454 1 5 4 5 7 0 1 4 8 0 3 3 7 0 0 3 5 1 2 1 0 0 0 0 0 0 0 82146.788941989886 90997.340863735692 90353.086925344323 88001.375461063464
11010454 1 2 0 0 0 2 1 4 9 0 3 4 8 3 3 4 8 3 4 0.33333333333333331 5 0.33333333333333331 6 0.33333333333333331 4 3 4 87273.095405608488 91044.629040485961 91622.493788976397 91417.00876920989
11010454 1 2 10 11 0 1 6 5 3 5 3 5 3 3 3 0 3 3 4 0.54545454545454541 5 0.27272727272727271 6 0.1818181818181818 4 4 3 75703.24854615629 74155.097196267554 74322.900646314651 70633.709140440144
11010455 1 0 4 3 2 1 2 4 3 0 0 5 1 0 1 0 6 1 2 1 0 0 0 0 1 1 2 93816.410816726857 93364.261572990159 94204.914794056502 93649.104164487042
11010455 1 2 8 6 1 4 7 5 1 3 1 3 3 1 0 4 0 1 3 1 0 0 0 0 0 3 0 81427.479749716309 83639.400990866634 -1.0000000000000001e+300 75540.695626909728
11010455 1 10 9 7 3 6 5 4 2 4 1 0 0 1 0 0 0 1 2 1 0 0 0 0 1 1 0 -1.0000000000000001e+300 91084.294621900975 -1.0000000000000001e+300 77862.87455994061
11010455 1 5 4 3 3 7 6 3 2 11 7 1 2 10 9 3 0 1 3 1 0 0 0 0 2 1 0 91237.080119394755 76322.197289662014 91683.596918982701 91156.456189359946
11010456 1 2 3 3 1 0 3 6 2 0 0 3 6 4 3 4 2 1 3 1 0 0 0 0 4 2 1 90974.372141252737 90471.293377376729 91429.423741027364 91810.036970025743
11010456 1 6 3 3 1 7 4 2 1 8 5 4 2 7 6 5 1 1 3 1 0 0 0 0 0 1 0 91733.983296802806 84356.785594981862 90689.932730930639 91102.509918751093
11010456 1 3 0 2 0 4 3 3 0 7 4 4 3 10 7 6 4 3 4 0.5 5 0.25 6 0.25 4 3 4 88750.944272192646 89797.182326730792 89160.96475861792 -1.0000000000000001e+300
11010456 1 2 1 0 4 1 3 4 6 0 4 5 7 4 5 11 9 1 3 1 0 0 0 0 1 2 1 80479.92723379258 86679.255799958148 77605.755612276713 86616.08503193561
11010457 1 2 5 4 4 2 6 4 0 6 3 1 3 3 0 2 0 1 1 1 0 0 0 0 1 0 0 90909.025359259715 91786.446245264102 89934.770460234751 91279.149834209005
11010457 1 0 1 0 0 1 3 3 2 0 2 5 6 6 7 8 7 1 3 1 0 0 0 0 1 1 2 89198.824917301885 91773.959616012071 79840.017039971935 91577.54841931659
11010457 1 2 2 0 0 0 0 1 6 0 0 4 8 1 4 6 9 1 1 1 0 0 0 0 3 4 4 81886.521811689061 90843.249455877129 88449.055582738103 90896.719479420601
11010457 1 1 2 0 0 5 4 0 0 9 5 4 3 10 11 5 3 1 3 1 0 0 0 0 0 0 0 91371.252352953787 91476.037084489246 91744.025409729307 91629.906155585631
11010458 1 3 1 5 3 3 4 0 4 3 1 0 2 1 5 0 2 1 2 1 0 0 0 0 3 3 2 93345.176221933143 94015.712060731559 94403.406209264489 93936.124356797751
11010458 1 0 1 0 0 4 3 0 0 6 4 4 3 7 8 7 5 1 3 1 0 0 0 0 1 2 1 91920.690355451545 91231.632122733165 84787.827721616937 -1.0000000000000001e+300
11010458 1 3 3 2 3 8 4 1 0 9 6 4 0 10 0 0 3 1 1 1 0 0 0 0 3 4 3 89326.08892355756 77574.337637219214 89848.761625372572 89678.461530289031
11010458 1 3 0 0 0 3 4 3 3 5 7 3 0 6 8 11 4 1 2 1 0 0 0 0 1 0 2 82595.165749894717 80570.650491135093 80287.843758937917 83825.812082243487
11010459 1 3 1 2 3 3 0 0 0 1 0 0 0 3 2 2 0 1 1 1 0 0 0 0 0 0 1 97658.463816324875 97336.453211669708 96950.509116269925 97316.252752191489
11010459 1 2 1 3 0 4 2 3 2 1 4 5 3 3 4 5 8 1 3 1 0 0 0 0 3 2 2 87804.306587640473 87375.343684535139 84968.007318915348 87732.700188425719
11010459 1 3 0 3 0 5 2 0 0 7 5 0 0 9 7 4 1 1 1 1 0 0 0 0 2 3 2 91484.346601959274 89739.088379249515 91199.106787751894 91430.985075856748
11010459 1 0 0 0 1 5 3 0 2 8 5 4 2 9 11 5 1 1 3 1 0 0 0 0 0 0 0 87455.797404667057 87367.717821696962 81578.277933343517 87642.668407185396
11010460 1 0 1 0 2 3 4 0 0 3 6 2 2 5 6 1 1 1 1 1 0 0 0 0 1 2 3 92958.403156979883 92385.489624980386 92498.263038410849 92568.85370965577
11010460 1 0 1 2 0 0 3 3 2 5 4 4 3 6 7 3 2 1 3 1 0 0 0 0 2 0 0 92027.258995324373 92159.040100357946 90283.912793136667 -1.0000000000000001e+300
11010460 1 3 0 0 0 3 3 0 3 3 4 5 0 10 9 9 0 1 3 1 0 0 0 0 4 4 2 92446.983227519988 92338.459227476706 91960.604222200767 92271.248377357086
11010460 1 10 9 7 4 11 8 6 4 3 3 4 3 0 0 0 3 1 2 1 0 0 0 0 4 3 4 94341.042722927494 93847.982089267709 95023.091168779487 81892.751807800436
11010461 1 2 6 3 3 1 5 4 4 0 0 5 1 1 0 2 0 1 3 1 0 0 0 0 3 4 3 92324.210618336103 92097.350034157207 92797.490331824622 92821.197675830932
11010461 1 5 7 8 7 3 3 5 4 0 1 0 1 2 0 0 3 1 3 1 0 0 0 0 1 2 1 91297.468369526716 91086.712045756445 91195.127060661514 84762.384019913399
11010461 1 0 3 5 6 0 2 4 7 1 1 3 9 3 3 3 10 1 2 1 0 0 0 0 1 1 0 78257.430041202038 90954.451416170938 90310.839080206046 89603.517307284419
11010461 1 2 0 0 3 2 1 3 4 3 3 6 8 3 5 11 9 1 1 1 0 0 0 0 0 0 1 81677.692623274357 87217.146286891744 78614.602701241587 86821.326221266325
11010462 1 0 2 1 3 2 3 3 4 0 0 4 3 1 3 1 1 1 2 1 0 0 0 0 0 1 3 96027.315995110388 95451.823159853622 95484.474177678421 95699.273562113434
11010462 1 4 7 7 6 3 4 2 4 0 0 0 1 0 0 0 2 1 1 1 0 0 0 0 3 3 4 90707.066625751278 90320.862043785353 91197.348542955166 86462.3766795228
11010462 1 4 5 7 9 0 0 5 6 0 0 3 4 3 1 0 2 1 2 1 0 0 0 0 2 1 3 91524.11164514719 91375.443123162331 90917.196822170343 86960.713811111127
11010462 1 10 11 5 4 5 1 2 0 4 0 0 2 3 0 0 0 1 3 1 0 0 0 0 4 3 3 88215.700390479949 88015.485850323283 87841.814439691982 82563.658147371723
11010463 1 0 1 6 0 2 2 3 6 1 2 3 5 0 3 3 3 1 2 1 0 0 0 0 2 0 3 92406.778107996332 92951.862358957107 92372.224624061579 92488.498020723127
11010463 1 2 3 6 7 3 0 4 8 3 2 3 6 1 0 0 4 1 1 1 0 0 0 0 0 0 0 83133.403241240172 91301.250085137115 90091.894033538323 90817.01131632649
11010463 1 1 5 6 10 0 3 6 7 0 0 1 5 3 0 2 2 1 2 1 0 0 0 0 3 2 3 84411.685058950039 89642.7932144121 89765.916518032464 88868.890528686738
11010463 1 2 4 11 10 3 3 8 9 0 2 6 6 0 2 1 3 1 3 1 0 0 0 0 3 1 2 79459.623176463821 92293.94007312879 -1.0000000000000001e+300 92050.645121920083
11010464 1 1 2 5 0 0 5 3 3 0 4 2 1 1 2 3 1 1 2 1 0 0 0 0 3 3 4 95068.14505858421 95084.658140352025 94386.697147934523 94824.827494324578
11010464 1 0 1 2 4 0 0 3 6 2 1 5 8 2 1 3 6 2 4 0.5 5 0.5 0 0 1 1 0 88196.847527543054 90895.122468414178 90515.306868229833 89033.731649887792
11010464 1 3 1 3 4 0 1 3 8 1 4 5 9 3 6 7 10 1 3 1 0 0 0 0 0 3 0 3 -1.0000000000000001e+300 84341.343433917107 84592.658129988078
11010464 1 4 5 11 0 4 3 11 3 0 3 1 0 2 0 0 0 1 2 1 0 0 0 0 4 3 4 94899.34977391905 93478.900450092609 94856.183463442983 93617.668236127181
11010465 1 2 0 0 0 5 4 2 3 3 4 5 0 3 4 6 0 1 3 1 0 0 0 0 4 2 2 -1.0000000000000001e+300 92117.462128255735 92666.592717935157 92251.119413990178
11010465 1 1 1 0 0 4 4 0 1 6 3 2 0 7 8 6 4 1 2 1 0 0 0 0 1 2 1 90995.475284956527 90563.896911059623 86908.195866166439 91485.069391099547
11010465 1 0 2 0 3 1 2 3 3 5 7 4 3 9 8 6 3 1 3 1 0 0 0 0 1 0 0 90451.546993040101 90536.916844984575 84080.634668118364 90347.102977136325
11010465 1 10 9 6 4 11 7 5 3 4 0 1 2 1 0 2 0 1 1 1 0 0 0 0 0 1 4 92366.817893300497 91765.608955992415 91776.786020869666 79149.929639118433
11010466 1 0 0 0 2 0 0 2 1 4 0 4 0 1 4 2 1 1 3 1 0 0 0 0 3 3 3 96563.206200597459 96731.68672148975 96728.264771931135 97245.961693094825
11010466 1 4 7 8 7 2 4 6 6 0 0 5 5 0 0 3 3 1 1 1 0 0 0 0 0 0 1 87213.717091136758 92910.482174211298 -1.0000000000000001e+300 88493.880914140434
11010466 1 0 5 7 9 2 4 5 6 0 0 4 5 1 0 1 2 1 3 1 0 0 0 0 4 4 3 88337.777267022684 90858.00716997539 91675.326261103241 91942.902857607725
11010466 1 10 3 0 3 9 8 1 2 11 4 2 3 4 3 3 1 1 1 1 0 0 0 0 2 3 2 80160.085153671171 68478.659961077341 80190.446874321351 80740.654157158366
11010467 1 1 3 2 2 0 0 1 0 4 0 4 1 0 1 4 0 1 3 1 0 0 0 0 2 4 2 96012.932233591549 96383.858097083983 96241.626290739048 96803.313741353661
11010467 1 3 0 4 1 0 1 6 3 0 2 3 6 1 3 6 7 1 2 1 0 0 0 0 0 1 1 89056.388420773103 88264.465977549815 88138.167245116623 87761.609532932926
11010467 1 1 3 2 3 2 0 4 1 1 8 7 7 3 0 9 10 1 3 1 0 0 0 0 0 1 1 94949.747685105234 93626.204951124164 92790.860136789852 94943.040402074766
11010467 1 3 0 9 10 1 8 7 11 3 6 6 8 4 1 3 7 1 2 1 0 0 0 0 2 3 3 55745.776011864778 96970.146372091636 96981.463793401868 -1.0000000000000001e+300
11010468 1 5 6 3 1 5 4 3 2 1 3 2 0 0 0 0 1 1 2 1 0 0 0 0 0 0 0 93841.918790220006 94372.467336269343 93363.569068328579 93737.087106295308
11010468 1 6 8 6 4 4 3 4 2 3 2 0 0 1 1 0 1 1 2 1 0 0 0 0 3 3 4 91107.005711061516 91473.161271089106 91423.614695253927 87490.96723677947
11010468 1 10 8 7 3 6 6 3 1 5 0 1 2 4 0 0 3 1 3 1 0 0 0 0 0 1 0 89784.856064732783 88248.107850085638 89372.871988178114 82047.187870395821
11010468 1 6 3 3 3 11 5 3 0 9 6 2 2 10 8 1 0 1 1 1 0 0 0 0 1 1 3 87225.840600350828 64976.198778602527 85643.222682618289 86140.701546424141
11010469 1 1 5 2 0 2 5 1 1 1 3 6 2 2 0 4 3 1 3 1 0 0 0 0 4 4 3 92715.289246403088 91952.207910029087 92832.835056528915 93412.645506182584
11010469 1 4 3 3 3 6 4 0 0 8 5 4 3 7 6 2 0 2 4 0.5 5 0.5 0 0 4 3 2 90408.482497683552 87031.264853112792 91677.404740013633 90889.726504097576
11010469 1 1 4 1 0 5 4 2 2 7 3 0 3 9 3 0 0 1 1 1 0 0 0 0 1 2 1 91048.740711912222 84085.787819874939 90878.396364681263 90919.591960837832
11010469 1 3 5 9 10 3 4 8 11 0 0 3 4 0 3 0 3 1 3 1 0 0 0 0 4 4 2 93711.710767551733 93691.018053465858 93693.136119942443 84386.858314784593
11010470 1 0 0 0 3 1 0 3 0 3 3 6 6 0 4 3 4 1 3 1 0 0 0 0 3 4 2 91470.290254023217 91960.567267389095 92206.856828972639 92018.885787781575
11010470 1 2 0 5 7 0 1 4 8 0 1 5 7 0 0 3 6 1 2 1 0 0 0 0 0 0 1 81669.402449280213 90867.505671992752 91610.950828399422 90612.708487272786
11010470 1 3 7 8 10 0 0 6 7 0 3 4 4 1 0 0 3 1 2 1 0 0 0 0 0 0 0 87920.049819608408 89908.284406749182 89745.592798695085 80818.554166702394
11010470 1 0 2 6 10 0 1 5 11 2 3 4 6 0 1 3 4 1 3 1 0 0 0 0 4 4 3 75635.797822891429 -1.0000000000000001e+300 88578.796688762028 88797.122285549616
11010471 1 0 2 0 0 0 2 0 1 1 3 0 4 3 3 1 2 1 1 1 0 0 0 0 3 4 4 97090.453348964395 96798.917363646047 97588.46027478305 97853.245755825614
11010471 1 0 0 3 0 0 0 1 2 3 4 5 5 3 6 8 6 1 3 1 0 0 0 0 4 4 1 91150.694300134157 91414.363080155264 88192.485382127808 91469.980946621654
11010471 1 0 2 3 3 6 2 4 1 4 3 4 2 4 6 7 9 1 3 1 0 0 0 0 2 0 1 88604.335833785852 87793.99438035021 75770.994526815281 89109.592746864524
11010471 1 2 3 3 1 6 4 3 0 8 7 5 1 9 11 6 3 1 2 1 0 0 0 0 2 2 2 87959.937339565178 85924.200546419423 52522.985524176373 87828.711627369747
11010472 1 3 0 2 1 1 3 0 2 1 0 0 0 2 1 0 0 1 2 1 0 0 0 0 0 0 2 97324.06428845723 97211.44927093717 97551.807460149124 96749.447272406673
11010472 1 5 5 4 4 7 6 0 1 6 3 0 0 2 0 2 0 1 3 1 0 0 0 0 4 3 3 89281.516793544884 89837.765883831133 90898.283402377318 89564.909202182142
11010472 1 10 7 6 4 8 6 2 2 3 6 3 0 2 1 0 0 1 1 1 0 0 0 0 1 0 1 90571.070660529484 87184.931055835681 90969.300405934453 86607.492043514634
11010472 1 0 3 5 4 1 5 3 6 2 3 3 8 0 11 3 9 1 2 1 0 0 0 0 2 1 2 65621.109686658368 69456.560926999868 81105.272298083408 77751.587442933582
11010473 1 0 2 4 1 3 0 1 4 0 2 3 2 5 1 3 2 1 3 1 0 0 0 0 1 0 0 94350.399350484207 95313.741565280478 95153.175981592227 95657.181308192972
11010473 1 3 1 6 7 2 0 5 8 0 2 4 7 0 0 3 5 1 3 1 0 0 0 0 4 3 2 80856.759083414727 91678.183388045625 92573.001883460223 92547.029464474326
11010473 1 0 0 0 2 3 0 3 3 0 4 3 4 3 5 6 10 1 2 1 0 0 0 0 4 2 3 88400.080181836733 88702.119410981497 86311.758402750231 88765.699148901665
11010473 1 1 0 0 4 2 0 0 7 1 1 2 11 3 3 5 10 1 1 1 0 0 0 0 2 4 4 78567.967764574787 86818.145142977592 84925.955603335009 86357.497885799254
11010474 1 0 4 5 2 0 3 5 4 3 2 4 3 3 2 2 0 1 1 1 0 0 0 0 3 0 2 92571.628154945371 92926.360177123555 93746.115859944301 92746.831807125942
11010474 1 1 1 0 0 0 4 0 3 5 2 0 4 0 4 4 8 1 3 1 0 0 0 0 3 4 3 89018.815615727377 89417.800874564768 88875.350644130536 89311.635203123064
11010474 1 0 4 0 9 5 5 6 7 3 4 4 6 0 3 3 3 1 2 1 0 0 0 0 4 3 4 83463.450937048998 91283.78037445902 86827.914364778218 90050.575727909076
11010474 1 1 4 4 7 3 2 6 11 0 3 3 7 3 0 0 5 1 2 1 0 0 0 0 4 3 3 76079.190608387813 81094.77895644505 81049.359525092383 80332.853355315732
11010475 1 0 4 5 2 0 4 6 1 5 2 3 1 1 3 0 0 1 1 1 0 0 0 0 2 4 4 92843.944777309749 92995.97690544129 91831.723598630924 91842.237756558592
11010475 1 5 4 0 3 7 6 1 0 8 6 3 0 7 6 0 0 1 2 1 0 0 0 0 0 0 1 92057.777978496248 84062.079049670487 86100.034254076716 91893.601961415363
11010475 1 7 6 4 0 8 5 1 0 9 3 3 2 10 1 2 0 1 2 1 0 0 0 0 4 3 4 91802.109675597341 75710.163751929067 91408.382492695033 91436.793593903698
11010475 1 3 1 2 3 6 5 0 0 11 7 3 1 10 9 8 3 1 3 1 0 0 0 0 2 3 1 93083.482193551798 89670.365737573447 87622.185123395349 90129.341519505484
11010476 1 3 5 4 3 0 2 0 3 1 2 2 4 0 0 1 4 1 1 1 0 0 0 0 0 0 0 94716.683329811785 95118.566484595794 95478.785423640045 95341.611130425212
11010476 1 4 6 8 7 0 4 4 6 0 0 2 5 1 1 0 2 1 2 1 0 0 0 0 4 3 4 90532.184506347228 91444.316624028259 91174.275960148487 84768.482291129068
11010476 1 5 6 8 9 4 5 7 3 4 1 3 3 0 3 0 3 1 1 1 0 0 0 0 2 4 1 88622.956485716655 87068.262710116047 91003.240585034262 76897.315856676782
11010476 1 5 8 11 0 6 5 6 0 3 2 2 4 2 1 3 3 1 1 1 0 0 0 0 1 0 0 79025.231014925404 78324.067107389928 79798.798886929028 59588.119763164126
11010477 1 2 1 0 3 0 3 2 2 0 3 1 3 0 5 2 0 1 3 1 0 0 0 0 3 1 2 96997.743954254533 96431.41267689201 95893.561934603582 95838.471406217417
11010477 1 0 2 5 5 2 5 7 8 1 0 4 4 0 0 1 2 1 3 1 0 0 0 0 1 0 2 87947.559210201303 85283.258141462793 87293.282063098537 87592.242116251262
11010477 1 5 1 1 0 7 4 0 0 8 5 0 1 10 6 5 1 1 2 1 0 0 0 0 0 3 4 89397.384334729519 78159.919730802401 88997.000098807039 89415.370158695005
11010477 1 0 0 3 2 0 0 0 3 3 2 4 6 3 5 11 9 3 6 0.1818181818181818 7 0.27272727272727271 8 0.54545454545454541 3 1 1 83106.816886095257 -1.0000000000000001e+300 78861.912426449111 79105.95967944937
11010478 1 4 6 4 3 1 3 3 4 2 5 0 0 0 0 0 1 1 2 1 0 0 0 0 0 0 1 93475.733140793105 93341.707822980694 93939.367969512939 93383.392271343211
11010478 1 5 3 0 0 6 3 0 0 8 2 1 2 7 7 4 3 1 2 1 0 0 0 0 4 2 2 91499.121819549691 84454.438727547938 88672.707983550106 91079.592615737682
11010478 1 5 5 1 2 10 10 5 0 0 0 3 0 0 0 1 0 1 2 1 0 0 0 0 0 0 1 90259.905073622504 89198.791810578899 -1.0000000000000001e+300 89530.120570196639
11010478 1 6 1 2 3 11 5 0 2 0 3 0 0 3 1 0 0 1 1 1 0 0 0 0 3 4 3 82938.671427134759 81547.573795876029 82027.905075151095 82057.684629340685
11010479 1 3 6 5 5 0 4 3 2 1 2 0 3 3 0 0 0 1 1 1 0 0 0 0 0 0 0 93982.342149912714 92908.356355843207 92985.605073408646 92736.07448203997
11010479 1 7 8 7 3 5 4 4 3 4 0 2 0 2 0 0 2 1 1 1 0 0 0 0 2 0 1 91399.189222320405 89973.250679251636 91598.652021681512 84225.059933256343
11010479 1 9 7 5 3 2 5 3 0 4 0 0 0 1 1 0 2 1 2 1 0 0 0 0 3 2 3 90434.476245585422 90832.390790158257 90858.57137342944 86449.605709292926
11010479 1 4 4 11 10 2 5 7 9 2 6 4 4 1 3 3 1 1 3 1 0 0 0 0 1 1 0 80236.479518548542 92407.672140125069 88638.445600964784 83339.289658960464
11010480 1 3 5 1 0 3 5 6 2 0 4 6 2 0 1 3 0 1 3 1 0 0 0 0 0 0 0 90442.745014845714 90344.978281387172 89863.325756127611 89809.404996946512
11010480 1 6 7 8 7 0 6 7 6 1 3 4 3 3 3 3 3 1 3 1 0 0 0 0 1 2 1 83976.344109518497 82245.776383272561 87194.319843173231 83737.953872038081
11010480 1 4 7 8 9 2 3 5 3 1 1 3 0 3 0 2 1 1 3 1 0 0 0 0 3 4 3 90686.714555250699 89426.428174743894 90661.21205614334 83109.52651154832
11010480 1 0 2 1 3 0 3 5 6 0 0 7 11 3 3 7 10 1 2 1 0 0 0 0 4 3 3 80383.171645730545 89406.148268531193 84697.25734503736 89348.642698196665
11010481 1 0 0 1 2 3 2 3 4 1 0 4 3 0 1 3 5 1 1 1 0 0 0 0 0 2 0 95276.116291602448 94959.708038330078 95126.417668978378 96141.875556945801
11010481 1 2 3 4 5 0 0 6 6 1 1 4 8 2 2 4 7 1 1 1 0 0 0 0 0 0 0 78235.38237194746 91910.113196946957 91482.016335988519 91517.204084420853
11010481 1 1 1 2 3 0 3 1 4 2 3 4 7 3 5 8 9 3 4 0.33333333333333331 5 0.33333333333333331 6 0.33333333333333331 1 2 2 88337.727467672026 87678.649586964588 87212.230181296589 89412.291310193192
11010481 1 0 0 3 0 6 0 3 3 3 4 3 0 3 7 11 4 1 1 1 0 0 0 0 3 4 2 81939.558693262574 79244.962724038807 79808.342091342187 81812.117575233919
11010482 0 1 4 3 3 6 4 5 3 0 4 4 2 0 3 0 1 1 2 1 0 0 0 0 2 2 4 92773.741677786296 91955.850861193656 92003.672254948382 92602.798799217213
11010482 0 7 8 7 4 6 5 3 1 0 5 3 0 3 3 0 3 1 3 1 0 0 0 0 2 3 1 92322.805785255288 92190.303263323774 92026.120491441718 87718.185466235183
11010482 0 10 0 0 2 9 4 0 2 8 6 0 0 6 5 5 2 1 1 1 0 0 0 0 3 1 4 89612.429691631522 76693.170035432428 88965.87527351889 89967.43933056666
11010482 0 4 3 0 0 11 4 2 0 6 5 3 0 5 5 0 1 1 3 1 0 0 0 0 0 0 0 82463.672040464313 80727.933701275993 83293.435838521313 82917.777679220351
11010482 0 10 9 8 1 11 7 5 3 7 6 2 4 5 4 2 1 1 2 1 0 0 0 0 1 0 2 3 3 -1.0000000000000001e+300 -1.0000000000000001e+300
11010483 1 1 2 1 0 4 2 4 3 3 3 1 3 2 2 4 0 1 1 1 0 0 0 0 0 0 2 95514.06462097168 95370.161096210824 95209.064239501953 95144.284443219512
11010483 1 1 7 0 0 5 2 0 3 2 3 3 0 0 1 3 0 1 3 1 0 0 0 0 4 4 1 91900.28230947761 92444.478784257983 92902.875663128973 92310.148831773506
11010483 1 10 9 8 6 0 4 7 5 0 3 4 2 3 2 0 0 1 1 1 0 0 0 0 1 0 0 88695.99810708579 87683.973795023921 89214.369968629704 73764.237790087369
11010483 1 5 6 11 10 3 4 6 7 1 2 4 4 0 1 0 2 1 2 1 0 0 0 0 1 0 2 88565.872919203946 89435.671759275967 88674.807551214311 76083.587386430168
11010484 1 1 2 5 4 3 5 0 0 4 4 1 0 0 1 2 0 1 2 1 0 0 0 0 2 2 4 93718.706738512978 94190.855169399438 94257.083928135631 94249.052732298456
11010484 1 0 3 5 7 2 3 6 8 0 4 4 6 1 1 3 4 1 3 1 0 0 0 0 2 3 2 85198.787253712144 90120.510887604338 91810.154608147466 90697.396418164164
11010484 1 2 1 6 9 0 4 4 8 0 3 4 7 0 3 3 6 1 3 1 0 0 0 0 1 1 0 81510.5497507697 91376.509613936068 91578.909020745195 90991.863710570688
11010484 1 0 2 4 3 0 9 4 3 11 9 1 3 2 10 0 2 1 3 1 0 0 0 0 4 2 3 98024.193720005816 87823.748039652564 103589.62371170738 102333.30330264935
11010485 1 1 0 0 0 0 4 3 0 4 3 5 2 2 1 1 5 1 3 1 0 0 0 0 3 4 3 94127.572379085745 94248.020090724807 94245.356804794719 93695.509049295491
11010485 1 0 3 3 7 0 0 3 6 0 1 2 3 1 3 0 0 1 2 1 0 0 0 0 0 0 1 91008.423421158615 91932.783527153209 91597.264246213905 90828.930788167214
11010485 1 4 5 7 9 0 0 5 3 3 3 3 0 0 2 1 0 1 1 1 0 0 0 0 3 4 3 90775.704393161053 90883.08417404411 90980.618204606057 85835.862587846132
11010485 1 2 5 11 9 1 3 5 7 0 1 1 5 2 3 3 4 1 2 1 0 0 0 0 0 0 0 85307.930922230968 86713.692797985379 86647.236873948626 85932.583135225708
11010486 1 4 2 0 3 3 3 3 5 3 4 0 0 0 1 0 2 1 3 1 0 0 0 0 1 0 0 95150.09403056273 95294.873096020121 95605.804927012068 95446.541606526313
11010486 1 4 0 0 0 8 0 0 0 6 4 2 0 1 5 3 3 1 1 1 0 0 0 0 3 4 3 89645.56880471397 87628.000030020019 89466.192900217997 -1.0000000000000001e+300
11010486 1 2 1 3 3 0 1 4 6 0 4 6 8 1 5 7 10 1 2 1 0 0 0 0 0 1 3 81915.365381467855 90019.758762792655 90340.487817217043 90058.778927264546
11010486 1 3 3 5 1 7 7 7 0 9 8 1 3 10 11 0 1 3 5 0.37499999999999994 6 0.24999999999999994 7 0.37499999999999994 1 4 3 85746.398555714157 82114.538684850399 89990.401110204621 92426.698114065235
11010487 1 0 3 0 3 0 2 1 1 0 0 3 0 0 2 3 2 1 1 1 0 0 0 0 1 1 0 97023.712655930372 97556.643575425784 97203.381075806101 97193.622995067548
11010487 1 4 2 0 2 6 1 1 0 8 5 3 0 7 4 3 0 1 2 1 0 0 0 0 4 3 4 91545.28788643716 87198.324092047318 91301.967118631845 91517.839204494798
11010487 1 1 1 2 2 0 6 4 1 3 6 3 4 9 7 5 4 1 2 1 0 0 0 0 2 2 3 90680.208900481142 91183.562380261676 81111.959049699639 91212.615042149846
11010487 1 2 1 1 2 3 3 5 6 5 5 7 9 2 8 11 10 1 3 1 0 0 0 0 4 3 3 79932.138575007746 91035.471966387937 -1.0000000000000001e+300 -1.0000000000000001e+300
11010488 1 0 3 2 1 0 3 3 3 1 1 2 0 0 0 1 0 1 2 1 0 0 0 0 0 1 0 97122.531555691254 96823.641703769012 97269.555388861219 97175.431336583919
11010488 1 6 6 5 2 1 7 0 1 0 4 3 0 0 3 0 3 1 3 1 0 0 0 0 0 1 0 88700.053233225393 90427.413854053317 90446.940320802823 89245.845038805928
11010488 1 2 1 9 4 0 3 9 3 5 3 3 1 0 0 2 0 1 2 1 0 0 0 0 4 3 4 86574.248733858098 85914.739177905518 87312.088514558345 86442.358949829431
11010488 1 7 11 3 3 2 6 2 1 0 1 3 4 0 0 2 3 1 2 1 0 0 0 0 4 2 2 80610.34618890725 80283.632678148395 -1.0000000000000001e+300 77836.778497452571
11010489 1 3 2 0 1 1 2 3 4 4 3 1 4 2 1 0 2 1 1 1 0 0 0 0 0 1 2 95580.921282108917 95663.975258491657 95514.539418008586 95466.721738709341
11010489 1 0 0 3 2 0 1 3 4 2 1 7 4 0 4 7 2 1 2 1 0 0 0 0 3 1 3 88167.92617119354 88762.655881877348 87461.27362745718 89323.499812906884
11010489 1 2 1 3 3 1 4 6 8 3 3 5 9 2 7 8 10 1 3 1 0 0 0 0 1 1 2 71196.208642149548 86787.190643803566 82639.815210036832 84473.759818111299
11010489 1 3 1 0 2 0 3 4 1 8 7 5 1 9 11 6 4 1 2 1 0 0 0 0 1 2 2 87695.437705750781 86890.975479914297 76368.297209843644 87550.155074405338
11010490 1 0 2 0 1 0 0 3 3 0 1 6 2 3 3 4 5 1 1 1 0 0 0 0 1 2 2 94584.589340749721 94000.91630838094 93819.990026816624 93985.765439573937
11010490 1 3 3 3 6 1 2 6 7 2 1 4 8 3 0 2 4 1 3 1 0 0 0 0 1 0 0 86197.793564834952 88614.98280263081 87338.389550830878 88289.400486993414
11010490 1 0 3 0 1 3 2 0 0 4 6 2 0 6 7 9 10 1 1 1 0 0 0 0 2 2 2 89757.042105993591 88646.745053695442 79150.129682437531 89837.453371092954
11010490 1 2 0 1 0 4 0 3 0 6 4 2 1 10 11 9 5 1 1 1 0 0 0 0 0 1 4 81670.334310380218 80895.393978371503 69445.014296164823 -1.0000000000000001e+300
11010491 1 2 2 1 3 6 3 0 0 5 5 0 0 1 4 0 3 1 3 1 0 0 0 0 0 0 0 92979.096518546008 92906.1888938544 93047.889586371602 92892.579922637553
11010491 1 1 3 2 1 5 3 0 0 6 4 2 0 7 8 6 4 2 4 0.5 5 0.5 0 0 3 3 3 88488.261507478412 89935.857789337999 85825.069751664225 90670.350511328536
11010491 1 0 2 0 0 0 1 3 3 3 4 4 6 10 9 8 7 1 1 1 0 0 0 0 0 1 1 90780.667087229551 91410.841435595066 78777.214511615282 91222.688505666432
11010491 1 9 6 4 2 11 4 0 0 6 0 1 3 4 2 0 0 1 1 1 0 0 0 0 1 1 2 85793.473638063471 78202.119356638956 85248.672274731754 84636.236478851511
11010492 1 1 1 3 0 2 3 0 0 2 1 0 0 4 0 0 2 1 3 1 0 0 0 0 0 0 0 97165.64903339895 97176.433608201463 97132.115004615742 97186.519386163054
11010492 1 0 1 3 4 0 1 3 8 2 3 5 6 2 0 3 3 1 2 1 0 0 0 0 3 2 4 85763.11401206383 89417.183139115223 89886.915521445233 90006.866059980879
11010492 1 5 6 8 10 0 3 6 7 0 1 4 5 2 1 0 4 1 3 1 0 0 0 0 0 1 2 88461.562752092446 90452.07476783458 89907.926837570223 84489.012852909626
11010492 1 1 3 4 9 0 4 3 11 3 0 3 5 0 0 1 2 1 2 1 0 0 0 0 0 0 0 81212.490634846079 85790.665758375006 85859.271906814058 84858.377671949565
11010493 1 0 0 1 4 0 1 3 1 1 3 2 4 0 4 3 3 1 2 1 0 0 0 0 0 2 2 95312.95480519165 95798.638085047394 94714.928120242213 95917.628505070999
11010493 1 3 3 3 4 3 0 4 7 0 0 4 4 0 1 0 3 1 2 1 0 0 0 0 1 1 1 90859.552320087096 92128.040466949809 91920.523904775371 91469.888708095605
11010493 1 10 8 5 4 8 5 1 0 4 4 2 3 3 0 0 0 1 2 1 0 0 0 0 4 3 3 90227.211666293661 89648.122190234295 90478.420900185476 87656.465097173539
11010493 1 9 8 2 0 11 8 5 0 3 3 4 0 3 3 2 2 1 3 1 0 0 0 0 4 1 3 86716.171841774805 81740.508939655614 88453.629646064946 81650.831837270787
11010494 1 0 0 1 0 3 1 3 3 6 3 4 3 1 6 4 4 1 2 1 0 0 0 0 1 3 1 91958.807655419238 91879.956826942056 91513.55412947337 92794.229750145809
11010494 1 4 3 1 0 7 5 2 4 8 3 0 1 6 0 0 3 1 1 1 0 0 0 0 0 2 2 90681.137190402864 83587.023135796539 90151.197566568473 90071.97383898322
11010494 1 4 3 2 1 6 4 0 0 8 2 0 0 9 1 3 4 1 1 1 0 0 0 0 2 3 3 91163.618537795701 84943.948662522875 90636.535217425495 90985.717332392654
11010494 1 3 0 3 0 3 3 4 3 2 3 4 6 1 11 8 4 1 2 1 0 0 0 0 3 2 2 80505.182787736252 79948.240534608194 76283.953503863406 80280.3640822897
11010495 1 0 0 0 3 0 2 0 2 0 3 3 3 1 2 1 3 1 1 1 0 0 0 0 0 0 0 97425.290203313038 97170.870479986028 97088.353795790448 97471.303104785955
11010495 1 0 5 6 7 0 4 5 8 1 3 3 7 0 0 3 5 1 3 1 0 0 0 0 1 2 0 84553.280198839697 92301.662497903206 92137.608213273896 90446.744519815082
11010495 1 1 2 6 10 1 3 5 7 0 0 3 4 0 0 3 3 1 3 1 0 0 0 0 0 1 1 86266.635532277636 89472.445707229228 89508.01463258994 88589.803293273624
11010495 1 0 5 6 10 2 4 6 11 1 2 3 9 0 2 0 6 1 1 1 0 0 0 0 1 0 0 70523.758563127325 81010.265329133603 80451.899736052976 76578.611386384611
11010496 1 2 0 1 2 4 4 3 3 5 1 2 4 0 0 4 2 1 1 1 0 0 0 0 3 2 4 94943.663350266434 94290.182223734781 93900.707189224384 94557.459088007599
11010496 1 3 3 3 3 1 5 6 6 0 3 3 7 3 0 0 6 1 3 1 0 0 0 0 2 3 1 87879.206226637616 90845.713267235958 90341.508632650774 89801.154134325057
11010496 1 2 3 2 3 3 1 0 5 0 3 5 6 0 2 5 9 1 1 1 0 0 0 0 2 1 2 85726.789708190438 90592.174158818743 91084.697598578903 90827.858450514992
11010496 1 8 6 3 4 11 5 2 0 3 4 0 2 0 0 1 0 3 4 0.54545454545454541 5 0.27272727272727271 6 0.1818181818181818 3 2 2 81229.250249479373 78006.346104435055 84607.783499914833 82813.287622460324
11010497 1 0 2 5 0 0 0 3 3 2 3 5 3 2 4 3 5 1 1 1 0 0 0 0 3 1 1 92806.459086799616 94742.32091107899 93115.305929557479 93185.267606957757
11010497 1 0 2 0 0 3 1 1 1 4 5 2 2 2 6 7 3 1 1 1 0 0 0 0 2 2 2 90925.700885460319 91035.852438505943 90240.330604050061 91369.221173167767
11010497 1 1 0 1 0 3 2 3 0 3 6 7 3 4 6 7 10 1 2 1 0 0 0 0 0 0 0 89558.664520064936 89751.442595895089 81948.604812137986 89698.983013930207
11010497 1 1 0 1 0 2 2 1 2 3 6 7 8 5 8 11 10 1 2 1 0 0 0 0 1 0 1 88493.035166346046 87897.45049171742 74009.972957071761 89070.025928327115
11010498 1 0 3 0 2 6 4 3 1 3 6 4 0 0 3 4 0 1 1 1 0 0 0 0 2 3 2 91632.765243575675 91892.930925533248 93153.264766249064 92102.236144543989
11010498 1 0 0 7 6 3 1 3 4 1 0 2 1 3 0 0 0 1 2 1 0 0 0 0 0 1 0 91440.800935065068 91461.078450737608 90977.930951933216 90501.394177794762
11010498 1 5 7 8 10 3 5 6 8 3 0 4 7 0 2 1 5 1 3 1 0 0 0 0 0 0 0 87608.097186654646 90689.193664887862 87734.135576057801 85933.967197490594
11010498 1 0 1 2 5 1 3 4 11 2 1 5 7 2 0 0 4 1 3 1 0 0 0 0 0 0 1 79222.829976476307 81806.467296690913 81700.893098332628 82142.305521563088
11010499 1 3 1 3 1 2 2 4 2 1 5 3 0 5 3 3 2 1 2 1 0 0 0 0 4 2 2 94070.991433885356 93542.898540084308 94175.459522273741 94207.793528642374
11010499 1 1 0 0 3 2 0 4 1 0 8 4 3 4 3 5 1 1 2 1 0 0 0 0 0 1 2 88160.861796752361 86480.388750340469 88660.9524224833 87140.375387459702
11010499 1 0 4 4 10 2 2 3 8 1 3 2 4 0 1 0 1 1 3 1 0 0 0 0 0 0 0 82757.743306089629 89396.73039310053 89195.169477074145 89445.137797042291
11010499 1 9 11 1 0 8 4 3 0 5 3 3 1 3 2 3 5 1 3 1 0 0 0 0 1 2 3 83930.970442275502 75229.302044449767 85035.923935129744 83451.953142457045
11010500 1 0 2 0 2 1 0 3 3 3 1 3 1 0 0 0 3 1 2 1 0 0 0 0 0 0 0 97097.944692845689 96987.960949891334 97211.155572325282 97039.796921033252
11010500 1 3 0 0 1 0 4 1 6 2 2 4 7 0 1 4 4 1 2 1 0 0 0 0 2 2 2 90262.55828894001 90197.223703162847 88873.237387096509 89803.101241011929
11010500 1 0 3 0 0 0 2 6 0 1 3 7 7 3 6 6 10 1 1 1 0 0 0 0 2 3 1 81922.478147554182 90173.553245951683 81251.713518470991 -1.0000000000000001e+300
11010500 1 5 7 11 10 2 3 5 9 3 0 4 7 0 1 2 3 3 6 0.1818181818181818 7 0.27272727272727271 8 0.54545454545454541 1 0 1 88476.176994038164 81136.974116364538 78644.864160682642 87548.951755961403
11010501 1 1 0 1 0 0 4 2 5 3 1 5 4 0 3 5 4 1 2 1 0 0 0 0 1 2 0 93520.227919401208 94558.520250956222 93819.837003588676 94211.373703709338
11010501 1 3 0 0 1 6 0 0 2 8 4 4 2 6 5 3 2 2 4 0.5 5 0.5 0 0 3 1 2 90099.133946712755 87293.286985391562 90718.067602342577 90549.57864444505
11010501 1 4 2 1 2 6 5 4 0 7 4 1 0 9 4 2 0 1 1 1 0 0 0 0 3 3 4 91153.649367334598 86238.471063518809 91009.926010703202 91076.905831312542
11010501 1 0 2 1 0 5 3 3 2 6 5 3 0 8 11 4 0 1 3 1 0 0 0 0 1 0 0 85117.422433140659 82297.707756943331 81323.042496678478 84945.794380725143
11010502 1 0 0 1 1 3 4 4 0 4 5 3 2 0 3 4 3 1 3 1 0 0 0 0 3 4 2 93702.536833649312 94108.692176347904 94144.143667101351 94376.840280214936
11010502 1 1 6 7 3 1 4 4 0 0 2 3 0 0 2 1 3 1 2 1 0 0 0 0 3 3 3 90603.998224922805 90624.099129850758 91240.599125125824 91324.989024625596
11010502 1 0 4 5 6 1 3 5 8 0 2 0 9 2 0 1 10 1 3 1 0 0 0 0 3 3 3 77832.571088268975 90054.581972954053 90725.288877033439 89259.206306701104
11010502 1 3 5 6 0 1 3 6 8 3 4 7 0 0 3 11 7 1 3 1 0 0 0 0 2 3 2 76185.461211415284 87366.704998704372 77398.745040498674 79072.04016383244
11010503 1 6 2 1 3 4 6 3 3 2 1 6 2 0 0 0 1 1 3 1 0 0 0 0 4 4 3 90190.12748947239 90186.038558478467 91145.581852999603 90409.300121517022
11010503 1 3 0 3 0 5 3 3 3 7 3 3 0 7 8 7 5 1 1 1 0 0 0 0 2 3 2 92024.654423635904 88214.877989145389 85884.269598900311 91948.947743139026
11010503 1 3 4 0 2 2 7 6 3 3 4 7 0 2 4 8 10 1 1 1 0 0 0 0 2 0 2 85988.038326725771 80035.175143002183 71782.184713610317 87606.001122159942
11010503 1 3 0 4 5 1 3 6 8 0 1 10 11 0 2 2 4 1 2 1 0 0 0 0 1 0 3 62969.087816876046 68886.662986790296 68760.678874499761 67124.1403197693
11010504 1 3 1 1 2 0 1 3 0 2 2 0 0 3 3 0 0 1 1 1 0 0 0 0 0 1 0 97297.621583444081 97178.442002170617 97331.142662551661 97187.788652986274
11010504 1 3 0 0 0 6 3 1 0 7 6 2 0 4 0 3 1 1 2 1 0 0 0 0 0 0 1 90993.441461979732 90258.677600637297 91053.367317404322 90581.549719908508
11010504 1 10 4 1 2 8 7 3 0 6 6 4 4 7 2 1 0 1 2 1 0 0 0 0 1 0 0 85962.456627845924 80154.212732691376 86954.122477403842 86642.187774172038
11010504 1 10 7 5 0 7 5 4 0 11 4 3 0 6 1 2 3 1 1 1 0 0 0 0 3 4 3 80440.622741467392 71565.636644454906 79291.373140750089 -1.0000000000000001e+300
11010505 1 2 4 3 5 4 5 3 1 1 1 0 0 3 0 2 0 1 3 1 0 0 0 0 2 3 3 94196.182450824315 94072.33418696266 93466.724442091916 93784.126467176204
11010505 1 4 6 8 6 0 4 3 4 0 2 1 2 0 0 0 1 1 3 1 0 0 0 0 2 2 2 91265.574081828468 91502.12118956467 91508.549783711933 88469.534384512444
11010505 1 3 0 0 0 3 0 8 9 4 6 6 7 4 3 1 2 1 2 1 0 0 0 0 4 3 4 91781.169979484272 92116.292210732034 92065.965641115588 92348.141050807986
11010505 1 0 5 3 11 1 3 6 9 2 2 4 7 1 3 4 5 1 3 1 0 0 0 0 2 2 2 68770.481043965512 -1.0000000000000001e+300 79041.630029462875 79081.214388862893
11010506 1 1 0 0 0 0 0 1 2 3 1 2 0 0 3 1 2 1 3 1 0 0 0 0 0 1 1 97091.949039415063 96725.94783932963 96864.790683052604 96928.205683721448
11010506 1 3 2 0 0 2 3 0 0 5 5 3 3 2 8 3 2 1 1 1 0 0 0 0 3 0 1 88234.582621141322 88222.79085151352 87836.285434937105 88135.458102547913
11010506 1 0 2 2 0 0 3 4 4 0 5 4 5 1 0 3 9 1 3 1 0 0 0 0 2 1 2 83743.252056523779 87373.427870893182 87649.152016881781 89146.921485945408
11010506 1 3 3 2 2 4 3 0 0 6 5 0 0 9 11 5 0 1 3 1 0 0 0 0 4 2 2 86066.369291980096 83102.736840941157 78916.051278268773 86173.620935419996
11010507 1 4 0 0 0 3 3 1 2 4 3 6 3 1 6 3 0 1 2 1 0 0 0 0 1 1 4 91816.941046142572 91832.923989805233 91659.618059451503 91168.203563442934
11010507 1 0 0 0 1 3 0 2 4 4 5 4 2 6 8 6 4 1 3 1 0 0 0 0 1 0 0 90609.088748242983 91489.8199437726 81918.842187668182 -1.0000000000000001e+300
11010507 1 0 0 0 1 3 3 2 4 0 3 6 4 10 9 8 5 1 1 1 0 0 0 0 3 4 2 89161.798163575804 89582.245274443034 79396.449823247647 90626.022767211907
11010507 1 2 0 1 0 0 1 6 3 3 4 5 4 3 11 7 5 1 2 1 0 0 0 0 1 1 0 81096.29306378396 81210.258761589983 78890.936241262636 80907.335061044621
11010508 0 2 2 0 0 1 3 0 0 4 1 0 3 2 3 1 0 1 1 1 0 0 0 0 3 4 4 96716.863200360996 96607.594580728357 96825.599105085756 97027.230970437231
11010508 0 7 7 5 4 1 4 4 1 0 1 0 3 0 0 2 0 1 2 1 0 0 0 0 1 2 1 90394.603841688644 89728.870557549439 89917.441790169105 88531.537447271578
11010508 0 10 6 5 4 6 5 4 3 7 5 4 0 3 0 2 3 1 1 1 0 0 0 0 1 1 1 88333.059500775518 56944.838899051654 89175.243573681204 85882.054810794623
11010508 0 9 11 6 6 8 6 4 0 2 1 4 0 0 0 2 0 1 1 1 0 0 0 0 2 2 2 86580.342027532766 81985.57191350605 87373.652927667368 77071.300490476919
11010508 0 9 11 7 3 7 8 6 5 6 5 4 0 4 3 2 2 1 2 1 0 0 0 0 4 1 4 -1.0000000000000001e+300 0 0 0
11010509 1 2 3 5 1 1 1 5 3 0 3 2 4 0 3 0 0 1 3 1 0 0 0 0 3 4 3 94791.21101528802 94272.803616968784 94399.985911362237 94195.737913258199
11010509 1 4 6 7 1 3 2 1 5 0 0 4 4 0 0 1 2 1 4 1 0 0 0 0 0 1 0 92069.231192600666 91441.12176413642 -1.0000000000000001e+300 89868.837786357239
11010509 1 4 5 7 9 2 1 5 3 0 0 3 4 0 0 2 1 1 3 1 0 0 0 0 2 2 3 90973.760713631127 90792.401100223564 -1.0000000000000001e+300 89718.356087352324
11010509 1 3 4 11 9 0 3 4 7 0 2 2 4 0 3 0 2 3 4 0.54545454545454541 5 0.27272727272727271 6 0.1818181818181818 3 0 2 83150.834389302705 82591.689017622499 -1.0000000000000001e+300 77450.283807179265
11010510 1 3 1 0 2 2 6 1 3 5 5 0 0 6 2 4 0 1 1 1 0 0 0 0 0 0 1 90034.835869861417 90402.221762951507 92029.29321532778 91183.568103154495
11010510 1 1 7 6 2 2 6 4 3 0 0 0 3 1 0 0 4 1 3 1 0 0 0 0 4 4 3 89847.980639107816 89812.990314016439 89942.253625380428 89599.334663692629
11010510 1 9 8 7 3 8 5 4 2 5 3 2 0 3 3 0 1 1 2 1 0 0 0 0 3 1 2 90351.653040741017 89522.455748767126 90661.972433344403 88019.051440110707
11010510 1 11 9 2 0 5 7 8 3 4 5 5 3 2 4 3 0 1 1 1 0 0 0 0 2 1 0 66032.678331441057 67498.638473055631 67746.613249165734 69480.718985690764
11010511 1 0 3 0 1 3 3 2 2 0 0 0 1 0 1 1 2 1 3 1 0 0 0 0 0 1 0 97386.852755630462 97279.2191803264 97485.549183107272 97234.421673682416
11010511 1 8 4 3 0 8 3 0 1 6 3 0 0 4 2 0 0 1 1 1 0 0 0 0 2 3 3 91561.040058476166 87200.777245212259 91556.168597227952 89231.43725076213
11010511 1 9 8 7 6 3 5 4 3 0 0 2 3 6 0 3 0 1 3 1 0 0 0 0 1 0 0 88224.050599509559 89270.326910996213 88321.170264468878 75066.531395386293
11010511 1 2 4 2 1 11 5 0 0 6 3 4 0 4 3 0 0 1 1 1 0 0 0 0 1 1 1 81870.267908169684 81768.200344141776 81660.299295071411 82351.680279299777
11010512 1 4 2 1 3 1 2 4 2 3 0 0 2 0 0 0 1 1 1 1 0 0 0 0 2 2 4 96818.365723863477 96313.60236812268 96614.512140637351 96826.689424274446
11010512 1 4 6 8 7 0 4 5 3 0 1 2 3 2 3 0 0 2 4 0.5 5 0.5 0 0 4 3 2 91189.726429098344 91374.819473047159 90718.932492947846 85940.645327726772
11010512 1 6 7 8 9 3 5 7 6 0 3 4 5 3 0 2 1 1 3 1 0 0 0 0 4 4 3 90517.898944328073 92412.218230336497 92451.287661706185 86608.968146154599
11010512 1 2 1 3 3 0 3 4 11 0 3 3 7 0 3 0 0 1 3 1 0 0 0 0 3 3 1 82140.013227806179 83749.101407594906 83299.715820844154 82769.831352300025
11010513 1 6 5 5 3 3 3 4 3 0 3 3 3 0 3 0 0 1 2 1 0 0 0 0 4 3 2 92627.038197207614 92646.600504228991 93675.716927272297 92719.577440288122
11010513 1 4 3 1 0 6 2 3 0 4 5 6 0 4 6 7 1 1 2 1 0 0 0 0 3 3 3 -1.0000000000000001e+300 85098.871694470596 88633.7814259398 86029.320782227063
11010513 1 9 6 5 4 7 5 4 4 6 5 3 3 1 0 1 0 1 2 1 0 0 0 0 0 1 0 91769.651275297991 89055.247743384694 91226.942415771788 88459.728173817799
11010513 1 10 9 7 3 11 8 5 3 6 5 2 3 7 3 0 1 1 3 1 0 0 0 0 0 0 0 92585.791476794606 87852.936092816206 95282.616762856735 91519.525099005114
11010514 1 0 2 1 0 3 0 0 0 2 3 2 3 1 3 0 0 1 1 1 0 0 0 0 1 1 0 97316.385184446961 97420.671894494255 97491.626227902045 97501.543723344803
11010514 1 3 4 4 3 3 7 5 3 4 3 0 0 0 0 0 2 1 1 1 0 0 0 0 0 0 0 90557.774725632495 89587.024186229188 91124.858684823732 89865.45079073665
11010514 1 2 4 7 10 0 1 5 8 0 0 4 6 2 0 3 4 1 1 1 0 0 0 0 3 3 4 81402.077087941827 90380.77392690556 90020.649446273863 90341.988195925253
11010514 1 2 3 1 1 6 6 1 5 8 7 1 8 10 11 2 0 1 2 1 0 0 0 0 1 2 4 75984.310188482297 63048.980789244626 70213.950070076113 74496.579626802675
11010515 1 3 2 3 5 0 1 5 4 0 0 6 4 1 3 3 3 1 1 1 0 0 0 0 2 4 2 92240.071728327908 91477.421002039831 91968.005365800622 91860.127514137494
11010515 1 0 1 0 0 2 3 0 0 4 4 0 5 6 8 4 0 1 2 1 0 0 0 0 4 3 4 89003.733058612066 89334.114985155538 88593.312160681235 91356.724703194021
11010515 1 2 0 0 0 4 3 2 3 6 5 4 2 10 6 0 1 1 1 1 0 0 0 0 1 0 1 86914.476682309629 83776.363092031388 86951.880453395788 88922.211975617742
11010515 1 3 0 0 1 1 0 3 3 0 2 4 5 0 6 11 8 1 3 1 0 0 0 0 0 1 0 83076.35167673837 84328.821562924364 77936.813943758578 84240.991579971771
11010516 1 0 1 2 1 2 4 5 3 0 2 5 5 0 0 1 1 1 2 1 0 0 0 0 1 1 4 93828.384368058192 93662.819019306145 93977.452112367406 93742.931070187071
11010516 1 4 1 2 3 7 4 3 3 8 5 1 0 7 6 3 0 1 3 1 0 0 0 0 1 2 0 92580.813150593778 85463.348473680599 90618.792359632498 92466.816987633778
11010516 1 4 0 0 2 6 0 0 4 8 6 2 1 9 4 4 3 1 1 1 0 0 0 0 3 3 4 91906.109203239248 85997.470179733267 89308.309072591073 -1.0000000000000001e+300
11010516 1 0 1 0 3 0 3 0 6 3 3 6 7 5 6 11 8 1 1 1 0 0 0 0 2 4 4 82790.623858438557 85515.275880866306 79472.549548293056 85228.916512935888
11010517 1 0 3 0 1 0 2 1 4 0 2 4 3 1 4 5 5 1 1 1 0 0 0 0 2 4 2 94648.534533428756 94677.166199328392 93327.898106506895 -1.0000000000000001e+300
11010517 1 5 4 4 0 8 3 1 3 6 4 0 0 3 2 1 3 1 2 1 0 0 0 0 0 0 0 91285.192922919785 86857.563532002503 90604.420320386344 89479.427810016234
11010517 1 9 5 4 0 7 6 3 0 6 4 3 2 4 0 0 2 1 2 1 0 0 0 0 4 1 4 90516.180613347344 80847.121264675472 90769.877531368766 90395.144320491818
11010517 1 2 0 11 9 1 6 6 7 5 5 3 4 1 2 2 1 1 1 1 0 0 0 0 3 4 4 82081.983780220864 86416.404248645471 86979.742066760751 85676.645627683363
11010518 1 6 3 2 1 3 6 3 0 2 3 0 0 0 2 3 0 1 1 1 0 0 0 0 1 0 0 92974.692649867793 92861.243819113122 93366.645733303507 92810.93937961261
11010518 1 7 8 7 5 0 6 3 2 4 3 0 0 0 1 3 0 1 2 1 0 0 0 0 1 0 1 90941.10160653817 90899.127506018529 91570.651573455136 82896.398241267467
11010518 1 10 8 5 3 2 0 4 4 0 1 4 3 0 0 0 1 1 3 1 0 0 0 0 2 3 3 89327.59503872662 89873.205544451121 89721.120556158203 83114.657418835224
11010518 1 3 1 11 9 2 5 6 7 1 3 3 5 0 3 4 2 1 3 1 0 0 0 0 4 4 3 83686.079691489125 84724.328194711736 81858.677517413977 80548.534223241775
11010519 1 1 1 4 3 0 0 3 6 0 0 4 6 1 2 4 2 1 2 1 0 0 0 0 2 2 3 90582.19711255173 91132.016604701028 91337.147509215516 91554.692802484074
11010519 1 0 3 2 0 0 2 4 5 1 3 5 7 2 0 0 5 1 4 1 0 0 0 0 4 2 3 90294.291275796291 90443.407247129231 90090.797680861258 90087.814306842047
11010519 1 4 7 7 10 3 1 4 3 2 3 3 0 2 0 1 0 1 3 1 0 0 0 0 4 4 3 86683.145853090289 89473.808867820946 -1.0000000000000001e+300 80260.618460984377
11010519 1 10 11 6 5 7 5 5 3 1 2 0 0 0 4 1 0 3 4 0.54545454545454541 5 0.27272727272727271 6 0.1818181818181818 3 4 4 87934.382820356986 86110.226920494635 84756.849316041233 80283.032407835417
11010520 1 2 4 0 0 1 1 0 0 4 3 2 3 5 1 3 2 1 1 1 0 0 0 0 0 1 1 -1.0000000000000001e+300 95368.089712977409 95289.650640681924 95177.643773078918
11010520 1 3 0 0 0 3 0 2 1 4 5 4 3 7 8 7 4 2 4 0.5 5 0.5 0 0 0 0 0 91434.294388396404 91573.648765751976 86899.438672282165 92181.60725242192
11010520 1 0 2 1 2 3 3 4 3 5 5 7 5 10 9 8 6 1 1 1 0 0 0 0 3 3 4 88582.247018243012 88952.512654197417 68866.886415955727 -1.0000000000000001e+300
11010520 1 1 2 1 4 0 0 3 4 0 0 4 5 2 5 11 8 1 2 1 0 0 0 0 1 0 0 83519.101044036142 84738.762837324743 80193.97895215766 84965.559567394652
11010521 0 1 1 2 0 2 3 0 2 3 4 5 1 1 4 0 0 1 3 1 0 0 0 0 0 1 1 95439.34738637507 95556.012787571657 95702.415146284649 95716.728797692384
11010521 0 0 0 5 5 1 4 4 8 2 4 5 7 3 1 2 1 1 2 1 0 0 0 0 0 0 0 87234.735255831023 89199.971374842673 90671.992932458408 88813.62849777237
11010521 0 0 2 0 3 0 3 1 0 1 1 4 3 3 2 6 10 1 3 1 0 0 0 0 2 3 2 88082.36465481011 87797.494575260935 86775.714336558347 88772.620838391362
11010521 0 1 1 3 4 1 6 5 7 3 5 6 8 0 6 7 10 1 3 1 0 0 0 0 1 4 1 3 -1.0000000000000001e+300 -1.0000000000000001e+300 3
11010522 1 4 3 5 4 3 2 1 0 4 2 0 0 2 0 0 1 1 1 1 0 0 0 0 1 1 0 95967.93890953064 96391.994800028973 96020.239200803975 95299.835440710725
11010522 1 0 6 8 6 2 1 4 5 0 1 0 2 0 0 0 3 1 3 1 0 0 0 0 0 0 0 91281.31674869814 91503.119307897199 90987.554964375231 86860.939769558885
11010522 1 4 6 7 10 0 5 5 6 2 2 1 3 0 2 0 0 1 1 1 0 0 0 0 1 0 2 89628.11318427301 89999.085061894657 89968.32617145183 81882.95241959639
11010522 1 4 7 11 5 0 5 5 4 1 0 2 3 0 2 0 0 1 1 1 0 0 0 0 0 0 1 81573.909086793094 82851.261492193647 82173.043661452262 79682.492552805285
11010523 1 3 4 3 3 2 3 5 4 0 0 0 6 0 3 0 2 1 1 1 0 0 0 0 2 1 0 93595.421628893164 93971.385349872624 94298.021402623897 93896.793138621768
11010523 1 2 1 4 6 0 4 5 8 0 0 4 6 0 4 0 4 2 4 0.5 5 0.5 0 0 1 1 2 88915.976842962176 90451.11120435709 90692.03711377288 90772.644101240847
11010523 1 3 0 0 9 0 3 1 7 1 2 1 5 0 2 4 4 1 3 1 0 0 0 0 1 2 1 85047.420892859198 89346.976041158661 90480.720221258816 90517.824000155073
11010523 1 10 11 3 1 7 8 3 2 8 6 3 2 5 5 3 0 1 3 1 0 0 0 0 1 0 1 75850.390184998745 76077.422879118007 75628.94781558089 76445.447862395988
11010524 1 4 5 4 3 4 6 4 1 3 5 0 2 3 0 0 0 1 2 1 0 0 0 0 2 1 2 91534.344897460935 93311.60134876371 91385.218105559878 92354.559105316148
11010524 1 6 7 5 1 0 6 4 2 2 1 0 3 0 0 0 1 1 3 1 0 0 0 0 2 3 3 91953.249833203692 91673.814810753465 90584.979583728797 90762.349429861904
11010524 1 3 7 8 10 0 0 6 8 2 4 4 5 0 0 1 3 1 1 1 0 0 0 0 1 2 1 91512.894016052116 92980.256522551528 89210.27777573296 88126.848353466718
11010524 1 3 4 3 3 0 0 0 11 2 0 2 6 0 0 1 4 1 2 1 0 0 0 0 2 0 0 81816.827031550914 83088.279971084965 83272.794901272573 83344.010089407602
11010525 1 0 0 2 0 6 2 4 2 4 6 4 3 3 4 3 0 1 3 1 0 0 0 0 3 0 1 91078.222887674958 91801.525158746372 91888.520426193878 90939.612394703756
11010525 1 0 0 0 5 0 8 7 2 6 5 5 6 3 1 2 4 1 2 1 0 0 0 0 4 2 4 86148.25508487859 83796.715040600247 83707.572450229956 -1.0000000000000001e+300
11010525 1 0 0 0 4 2 1 3 4 2 3 4 7 4 3 5 10 1 2 1 0 0 0 0 3 1 3 89328.246256079481 89144.898028123105 86205.728386220289 89332.551256411083
11010525 1 3 2 11 10 4 4 8 9 1 5 6 7 3 4 2 1 1 2 1 0 0 0 0 4 3 4 64566.448989287965 98607.646401158563 -1.0000000000000001e+300 -1.0000000000000001e+300
11010526 1 0 3 5 3 0 0 5 1 2 0 2 5 3 1 3 1 1 2 1 0 0 0 0 2 2 3 94020.829070331078 93828.21887412903 94177.501423512818 93990.942552182009
11010526 1 4 6 8 7 2 3 4 7 2 3 3 3 1 0 0 0 2 4 0.5 5 0.5 0 0 4 3 3 91519.289151807432 91196.522332998793 91167.977719575749 86617.163603179477
11010526 1 10 8 4 3 0 4 4 4 7 3 2 1 0 0 0 1 1 2 1 0 0 0 0 0 0 0 87636.710583363471 86220.412003291887 88780.451494880923 80846.836742619678
11010526 1 2 1 0 0 4 4 0 2 11 6 4 0 9 7 5 3 1 3 1 0 0 0 0 4 3 3 86326.638903612533 79946.417178884629 86401.737285149167 86632.55228926042
11010527 1 2 2 3 0 5 5 0 1 2 2 0 0 4 3 0 0 1 1 1 0 0 0 0 2 0 0 96006.605491320297 95957.319078286484 95973.175455729172 94713.061943888664
11010527 1 5 3 1 2 8 5 3 0 6 5 2 3 3 0 0 0 1 2 1 0 0 0 0 3 1 4 89860.67744653816 86799.843645295419 89702.451222313146 89869.401504245776
11010527 1 10 2 3 0 9 5 0 0 7 3 3 0 5 1 2 2 1 3 1 0 0 0 0 4 2 3 88762.586066447315 79652.806456132064 87912.150853487285 88877.553639180231
11010527 1 10 11 3 0 7 4 0 3 5 6 4 1 3 0 4 0 1 2 1 0 0 0 0 0 0 2 86212.94737601449 74869.782418620263 84728.96944840395 79610.391634888962
11010528 1 0 1 0 0 1 5 3 0 2 3 4 0 0 2 2 1 1 3 1 0 0 0 0 1 1 3 96018.290604769107 95981.458775064035 95697.480876464804 96064.902353572848
11010528 1 1 4 3 0 7 2 4 0 3 1 4 3 2 0 1 2 1 2 1 0 0 0 0 2 1 2 91251.987896863968 90812.936023259128 91551.606493015235 91822.694849769221
11010528 1 10 8 7 4 3 3 3 3 0 4 2 3 0 0 0 4 3 4 0.5 5 0.25 6 0.25 2 1 3 88601.245314602726 88973.492675742746 89440.860835752697 82602.197518673696
11010528 1 5 2 1 0 6 6 3 3 11 7 1 0 10 8 2 0 1 3 1 0 0 0 0 1 1 0 91313.149681378753 82414.297022280618 91215.947113215108 90630.406734663717
11010529 1 2 4 1 3 1 4 5 3 4 4 0 2 2 5 2 0 1 3 1 0 0 0 0 2 0 1 92216.083698979113 92332.946272108282 93890.886149302678 92525.734373216255
11010529 1 3 6 8 6 2 5 4 4 0 1 0 0 0 0 0 2 1 2 1 0 0 0 0 4 2 4 91114.774870905909 91703.668565678498 91305.315785667903 88840.908264560858
11010529 1 2 7 8 9 3 6 6 8 1 2 5 5 0 2 3 1 1 2 1 0 0 0 0 3 1 3 89815.56169330125 89353.962871736687 -1.0000000000000001e+300 88599.756105909095
11010529 1 0 1 1 3 3 0 4 11 2 2 5 7 0 8 0 4 1 2 1 0 0 0 0 4 3 4 67190.765956860458 74033.800284753277 70405.582894169114 74318.991758422708
11010530 1 3 3 4 3 4 4 5 3 0 5 2 1 0 0 0 2 1 1 1 0 0 0 0 2 2 2 94317.977717504225 94195.62229885644 94295.115705498072 93453.551871308257
11010530 1 2 0 0 7 0 2 4 8 1 1 5 7 1 0 3 6 2 4 0.5 5 0.5 0 0 1 2 3 83658.916473058285 88669.972127143119 90726.954488003161 90422.009818413717
11010530 1 3 3 6 9 0 3 4 7 3 2 4 6 0 0 1 3 1 2 1 0 0 0 0 1 0 1 84357.6115147526 91009.096691320054 91374.214778149078 90872.780483707029
11010530 1 0 1 0 0 1 2 4 3 3 5 6 11 4 5 9 10 3 6 0.1818181818181818 7 0.27272727272727271 8 0.54545454545454541 1 2 3 90992.004702023871 84951.632901156307 81908.899703763469 82413.132435735199
11010531 1 6 2 0 0 3 5 1 2 3 4 5 3 0 0 1 0 1 2 1 0 0 0 0 1 0 0 93154.011394218163 92686.733325866997 93539.68017357809 93283.522200260646
11010531 1 2 0 4 3 0 0 3 3 0 4 7 3 2 5 6 3 1 3 1 0 0 0 0 3 1 1 89408.920695318375 89884.239676492813 89013.847884396091 89791.36379707318
11010531 1 3 1 0 0 1 3 2 0 2 5 5 1 5 7 8 9 1 3 1 0 0 0 0 2 3 2 91129.499570198284 91028.526170286044 81229.203307301155 91335.645254165342
11010531 1 4 6 7 10 3 4 6 11 1 4 1 3 2 2 0 0 1 3 1 0 0 0 0 1 1 0 -1.0000000000000001e+300 88697.054552746151 89167.100857523968 83596.998073965748
11010532 1 0 3 3 2 0 2 1 4 1 5 3 3 0 0 2 3 1 3 1 0 0 0 0 1 0 1 95578.106231305341 95562.658958496875 95675.001430511475 95476.399689285841
11010532 1 0 0 0 2 0 2 2 1 3 3 5 4 5 6 8 8 1 2 1 0 0 0 0 4 1 3 88822.805081398168 90301.826526709017 85472.955775002163 89637.192627503173
11010532 1 1 0 2 3 3 3 3 5 1 2 5 6 4 7 8 10 1 2 1 0 0 0 0 4 3 4 88191.48057556017 89406.57070879759 0 -1.0000000000000001e+300
11010532 1 1 2 3 3 3 2 5 8 0 6 6 7 0 2 11 8 1 1 1 0 0 0 0 2 1 3 78272.383037819105 86741.542153404356 -1.0000000000000001e+300 86740.314698933507
11010533 1 2 0 1 0 2 1 3 2 0 4 5 3 3 3 3 2 1 1 1 0 0 0 0 1 0 1 95768.950284163147 95535.630607878717 95229.751872826499 95514.270625352859
11010533 1 1 0 0 0 2 0 0 0 5 4 3 1 4 6 7 2 1 2 1 0 0 0 0 3 2 2 -1.0000000000000001e+300 91594.53867511687 91070.788713781571 91251.843845194962
11010533 1 0 0 3 10 0 3 4 9 1 4 6 8 3 0 5 7 1 2 1 0 0 0 0 0 0 0 76396.482765779248 91631.953444948318 90854.122246158135 91519.989337108665
11010533 1 3 2 5 4 9 8 7 1 10 11 7 2 1 0 0 0 1 1 1 0 0 0 0 0 1 0 -1.0000000000000001e+300 96851.123854874357 100277.78926291343 85471.910274177135
11010534 1 2 3 0 1 1 2 3 5 2 3 2 1 0 1 4 1 1 3 1 0 0 0 0 0 1 1 95252.603378150205 95205.148593081351 94319.832973957062 95531.010743247141
11010534 1 4 4 5 2 6 3 3 0 8 3 0 0 7 1 0 0 1 1 1 0 0 0 0 0 1 1 91433.951601776673 85769.968991739821 90751.539633704771 91145.550565226717
11010534 1 10 8 7 5 6 6 4 3 6 1 2 3 0 2 2 0 1 2 1 0 0 0 0 4 1 3 89196.661403801991 87058.772174342637 89650.905039412086 73719.112185134116
11010534 1 2 3 3 2 1 5 3 4 11 7 3 4 10 9 7 6 1 2 1 0 0 0 0 3 1 2 86971.322649398673 92253.312231352305 75663.811529370476 91849.827826252324
11010535 1 3 3 3 0 4 1 5 2 3 2 0 2 1 3 0 0 1 3 1 0 0 0 0 1 0 1 95196.512813150883 95259.315174345626 95247.12412553365 95177.484556833908
11010535 1 1 7 8 3 6 4 0 0 2 3 0 3 0 3 2 0 1 1 1 0 0 0 0 3 3 3 87817.832091190328 87595.392747158723 87937.554941128226 84764.862470640466
11010535 1 10 6 1 0 8 6 0 3 7 3 2 3 4 1 0 0 1 2 1 0 0 0 0 3 3 2 89944.712440478397 79116.114498572191 89826.469160850276 89926.699313773264
11010535 1 1 0 0 1 4 3 4 3 7 7 3 1 8 11 7 3 1 2 1 0 0 0 0 1 3 2 83902.347058335406 77423.677387913456 71702.786867326489 -1.0000000000000001e+300
11010536 1 0 2 0 4 3 4 5 4 0 3 4 5 1 0 3 3 1 3 1 0 0 0 0 2 2 0 93516.824099399426 93009.354114497139 94653.871400880962 93822.12457421975
11010536 1 3 0 0 0 0 2 1 0 2 4 3 2 4 6 8 6 1 2 1 0 0 0 0 3 0 2 90167.386332038295 90555.577552398201 87034.872869707848 90776.793382644639
11010536 1 1 3 2 0 2 1 4 2 4 4 5 3 5 7 9 6 1 3 1 0 0 0 0 3 2 2 83823.226136869402 84058.674220123532 81701.705607115917 84310.548933709419
11010536 1 2 3 4 5 1 3 6 0 4 7 0 7 3 6 11 10 1 1 1 0 0 0 0 3 4 4 66336.611146848139 88286.8476984601 76720.371704459307 86480.233132293128
11010537 1 0 5 1 0 0 0 5 0 6 4 3 2 3 3 4 0 1 1 1 0 0 0 0 3 4 4 93621.515520431378 93093.809812991458 93449.327882631216 93484.526427685138
11010537 1 0 2 0 7 0 1 5 8 2 4 4 6 1 3 3 4 1 2 1 0 0 0 0 1 0 3 89545.248584877118 91294.941084608014 91527.861059748509 91192.047231607372
11010537 1 6 7 9 10 3 5 4 0 0 3 2 2 0 1 1 0 1 2 1 0 0 0 0 2 1 2 89309.554400383116 89538.460159952228 89053.226197812532 78675.192752804825
11010537 1 7 8 11 3 6 4 4 0 5 2 0 0 0 2 0 2 1 3 1 0 0 0 0 3 0 1 86145.029975713929 84411.929717786988 85405.628636030073 77348.921372103869
11010538 1 0 3 0 2 0 5 0 0 0 2 1 3 4 3 5 1 1 3 1 0 0 0 0 0 0 0 95602.918107354941 95553.826390532937 95316.732903879762 95604.935289813206
11010538 1 0 3 1 3 4 3 2 0 7 4 3 0 7 8 6 5 1 1 1 0 0 0 0 1 2 1 91515.265829090145 86891.698487473739 87253.708470575206 91662.779084373571
11010538 1 4 3 0 0 8 4 4 1 9 5 5 0 10 6 1 0 1 1 1 0 0 0 0 1 4 3 89172.531604671793 79002.852993861568 85981.395223355939 89246.741014729982
11010538 1 11 10 5 3 9 8 5 3 1 3 1 0 0 2 2 1 1 3 1 0 0 0 0 2 3 3 73658.155069866465 73321.087693975336 73463.503191966898 71880.24200093931
11010539 1 0 2 2 3 1 3 0 2 1 0 0 2 0 0 1 0 1 1 1 0 0 0 0 0 0 2 96957.386859113147 96938.439994026383 97400.893952945858 97281.910440686683
11010539 1 1 2 4 7 0 2 4 8 2 3 6 7 0 0 3 4 1 2 1 0 0 0 0 3 0 2 84299.857630523271 90423.703467000712 91213.537907864928 90057.307570293822
11010539 1 3 5 8 10 3 3 5 7 0 1 4 5 1 0 2 3 1 2 1 0 0 0 0 0 0 0 88420.78847055923 89870.853061473026 89408.870089675765 88881.54107808962
11010539 1 0 3 1 0 0 2 7 0 5 7 11 1 8 0 0 0 1 2 1 0 0 0 0 1 1 2 85882.499774045107 80237.327161448091 78936.128986976866 81012.94786878796
11010540 1 2 0 0 2 4 0 0 1 2 3 0 3 4 1 1 4 1 3 1 0 0 0 0 2 2 2 96072.388681945406 95930.342345734593 96361.721358541807 97055.43039601644
11010540 1 3 3 0 0 3 0 0 2 4 3 4 2 5 6 7 3 1 1 1 0 0 0 0 2 1 2 90867.069426510949 90653.325148820077 90444.465411525613 91422.924362776583
11010540 1 0 0 0 2 3 1 0 0 4 3 5 7 2 4 7 10 1 1 1 0 0 0 0 2 2 0 89070.388235909995 89203.726640628243 87150.933063299075 89062.356542629612
11010540 1 4 6 8 9 3 4 6 11 2 3 5 6 0 3 2 5 1 3 1 0 0 0 0 4 2 2 81633.042012694073 -1.0000000000000001e+300 86918.450931571904 86383.128769769741
11010541 0 2 0 1 3 0 4 5 4 3 2 1 3 3 5 3 4 1 2 1 0 0 0 0 2 1 1 93210.836478692523 93404.605336164997 91816.608716328934 93236.971094449342
11010541 0 0 3 1 0 0 0 3 4 3 0 6 6 5 7 8 7 1 1 1 0 0 0 0 2 4 1 90333.168746621115 91906.642283166089 85871.457336907115 92060.981859326479
11010541 0 0 0 0 1 2 0 3 3 1 3 5 5 3 5 7 9 1 2 1 0 0 0 0 1 1 3 90989.334208175671 91124.274581176229 87366.011614941177 91140.886759771776
11010541 0 5 0 0 1 7 6 3 1 9 8 3 1 10 11 5 3 1 3 1 0 0 0 0 1 4 2 91556.501960786059 90324.252643630345 70284.687771175697 87172.143277200419
11010541 0 5 0 1 1 7 6 3 1 9 8 4 1 10 11 5 3 1 3 1 0 0 0 0 0 4 1 3 3 3 -1.0000000000000001e+300
11010542 1 0 2 1 1 0 2 1 3 1 4 3 3 0 3 2 0 1 3 1 0 0 0 0 2 3 3 96236.45995743775 96338.985973346789 96220.087036162353 96453.547904267645
11010542 1 1 0 2 4 0 0 3 7 0 0 4 8 2 3 2 5 1 1 1 0 0 0 0 2 1 4 82325.39517821504 89315.954203400193 89997.941027501598 89923.670782529938
11010542 1 0 0 0 1 3 1 6 1 4 4 10 0 3 6 10 0 1 3 1 0 0 0 0 1 4 1 81762.665347552582 87709.267400068115 85107.813118630875 87027.481589666539
11010542 1 0 1 0 0 1 0 2 1 3 5 3 3 6 8 11 5 1 2 1 0 0 0 0 2 3 4 82731.053487617857 82829.897515123812 79253.157683415193 82930.941409486346
11010543 1 1 2 3 0 4 4 5 1 1 5 2 0 2 0 0 0 1 1 1 0 0 0 0 3 4 4 94143.121135389811 94247.033585136829 94893.611610069667 94804.948857513329
11010543 1 6 5 5 0 8 4 1 0 6 4 2 3 5 1 2 0 1 2 1 0 0 0 0 4 3 3 91238.55885454551 85118.317409311552 91016.717066012847 90048.802057759036
11010543 1 10 9 8 7 2 4 3 6 1 1 1 2 0 0 0 4 1 2 1 0 0 0 0 0 0 0 91533.68386980053 90819.059665983121 91365.728151560499 66648.682224322431
11010543 1 9 11 6 5 7 6 5 3 0 4 1 1 1 0 2 2 1 3 1 0 0 0 0 0 1 1 86624.437002607214 86630.934008774318 86979.000562301124 79206.024058529496
11010544 1 1 0 1 0 2 5 0 0 3 1 2 2 4 3 5 0 1 3 1 0 0 0 0 0 0 0 95091.885126073757 95144.541639348463 95261.340654257263 95179.758221635901
11010544 1 5 7 8 7 0 3 5 5 1 1 2 3 2 0 0 0 1 2 1 0 0 0 0 4 3 4 90656.90023864714 91851.2288360565 91859.801180367111 85959.406832283974
11010544 1 1 6 8 9 4 3 3 2 4 2 1 0 3 0 1 0 1 3 1 0 0 0 0 3 4 0 89977.220377198028 90774.218417312295 90992.972638996172 82552.810897850417
11010544 1 8 11 5 4 7 5 3 2 5 0 2 2 3 2 0 0 1 1 1 0 0 0 0 3 0 2 84444.112943765984 83606.402294336978 84003.729335329568 77141.89877479877
11010545 1 0 0 3 5 0 5 3 4 3 2 1 3 0 1 5 3 1 2 1 0 0 0 0 2 2 1 93757.069089565266 94002.980899047863 94004.855572291213 93525.303930370021
11010545 1 1 0 0 2 0 0 5 5 0 2 5 8 2 3 3 6 1 3 1 0 0 0 0 2 0 0 88019.662994927727 91454.054121780326 90590.973138994421 89334.265643453546
11010545 1 2 4 6 10 1 3 4 6 0 1 3 4 2 0 2 2 1 1 1 0 0 0 0 3 2 4 88739.331400370196 88614.29363345934 88818.689340568875 88548.092268363544
11010545 1 3 2 2 4 0 1 1 7 3 4 6 11 4 6 8 10 1 3 1 0 0 0 0 4 4 3 85377.669551404164 -1.0000000000000001e+300 84943.553249539589 89557.115743206625
11010546 1 3 1 0 0 4 2 3 0 1 3 5 0 3 0 2 2 1 3 1 0 0 0 0 1 0 2 95305.1893660934 95284.552514486844 95267.190719839957 95159.928094086819
11010546 1 3 0 3 3 4 1 4 2 0 4 5 1 2 6 7 5 1 4 1 0 0 0 0 3 3 2 86321.440232574299 87725.73228350436 88512.139154636694 89686.884633248919
11010546 1 1 0 2 1 3 3 2 3 0 7 6 4 7 8 9 10 1 3 1 0 0 0 0 0 0 0 91390.939374995782 90462.974073413148 77133.125447042403 87104.568508104363
11010546 1 4 3 2 0 6 4 1 0 8 5 1 2 9 11 4 0 1 2 1 0 0 0 0 3 2 4 86890.750897276273 81029.320183497242 86413.670716996581 86562.481779978174
11010547 1 0 2 0 0 2 1 3 0 2 1 0 0 3 4 1 3 1 1 1 0 0 0 0 3 4 4 96757.231503540257 97140.157086964697 96896.619634252129 96908.008707104309
11010547 1 2 0 0 4 6 6 4 0 8 6 3 2 4 4 4 1 1 2 1 0 0 0 0 3 1 3 88337.350189616074 80946.60870122764 85838.515735137204 87098.468854249979
11010547 1 0 0 0 1 2 2 3 3 7 6 5 4 10 8 7 5 1 1 1 0 0 0 0 2 2 2 89882.360342018714 91428.372661339701 65505.380208464012 -1.0000000000000001e+300
11010547 1 5 4 2 2 6 6 3 1 11 7 2 2 10 8 1 0 1 3 1 0 0 0 0 2 0 0 91032.363165213697 80442.762571939034 90569.375213174295 90173.192304422555
11010548 1 0 4 3 0 3 3 0 0 3 5 4 6 1 2 3 2 1 1 1 0 0 0 0 0 0 1 92997.636557402424 93056.577130167556 93454.701664023916 93178.6201358283
11010548 1 5 1 2 0 7 3 2 1 8 4 3 3 7 6 0 3 1 3 1 0 0 0 0 4 4 3 92440.196561330638 82382.327841729188 91893.91198054413 91271.717887204475
11010548 1 4 0 0 1 6 4 3 0 8 4 3 0 9 6 3 1 1 2 1 0 0 0 0 2 3 1 90650.644796739594 82556.647432398706 90549.024720517875 90727.988429173754
11010548 1 1 2 0 0 4 3 3 2 6 4 2 0 7 11 5 3 1 3 1 0 0 0 0 2 0 1 83007.903252842108 82168.265829372453 82711.2952720006 82599.298007829158
11010549 1 1 4 0 3 2 4 0 0 3 1 0 0 2 3 2 0 1 3 1 0 0 0 0 4 3 2 97440.679275512681 96425.359244576481 96538.495084187132 96812.891560278556
11010549 1 2 0 0 1 0 3 0 3 4 3 4 2 4 7 5 5 1 2 1 0 0 0 0 4 2 2 90753.032049414309 90563.976591317638 88933.098306929518 90648.252364052198
11010549 1 10 8 6 6 2 1 8 3 0 4 2 3 0 0 0 1 1 1 1 0 0 0 0 0 1 1 90482.801890990668 79790.637088221585 90419.707841162613 79892.689621802376
11010549 1 3 5 11 9 1 3 5 6 0 0 4 5 0 1 2 4 1 2 1 0 0 0 0 2 2 2 84499.816948052146 86501.955809659834 86176.597395453282 86225.951745306986
11010550 1 1 3 0 4 0 0 0 3 0 0 3 1 0 2 3 2 1 3 1 0 0 0 0 4 4 3 96740.293739826913 96845.558532500989 96440.672796775354 96904.364027016447
11010550 1 0 0 0 2 1 2 2 1 2 3 4 3 4 6 8 6 1 1 1 0 0 0 0 1 0 2 90795.597962327432 91301.585659536242 86305.049130488827 91352.192130658223
11010550 1 4 1 0 2 3 3 3 0 5 9 9 10 3 0 0 0 1 1 1 0 0 0 0 0 1 0 92638.299000682193 91586.299484870498 93350.299289423361 93030.73752502173
11010550 1 10 11 6 4 9 7 5 3 3 0 5 1 0 1 2 2 3 4 0.54545454545454541 5 0.27272727272727271 6 0.1818181818181818 3 3 3 90235.422750713115 92918.094753101759 93102.901179451103 85204.453400768703
11010551 1 4 1 0 2 3 6 4 2 3 4 5 1 4 3 0 0 1 1 1 0 0 0 0 2 3 4 93092.707981303873 92680.227759005109 92178.936075504913 92632.893980866109
11010551 1 5 7 6 3 4 6 0 1 2 0 2 0 0 0 1 0 1 3 1 0 0 0 0 0 0 0 90912.388671176857 91030.589908740352 90565.966140578719 89725.552582620148
11010551 1 0 0 2 3 1 3 1 3 4 5 6 5 4 6 8 9 1 2 1 0 0 0 0 2 2 3 91051.696462539869 -1.0000000000000001e+300 84029.651306177839 90999.68723989946
11010551 1 9 6 5 1 11 7 3 0 6 0 2 0 1 2 0 3 1 2 1 0 0 0 0 4 3 4 85095.121751832674 75071.090874560687 83874.703637308892 80302.690750445516
11010552 1 5 3 2 3 1 3 1 0 2 3 2 5 3 0 1 2 1 1 1 0 0 0 0 3 3 4 95317.480143520559 94450.306073676213 95580.409487162804 95056.505496685582
11010552 1 1 0 3 0 0 2 4 4 4 4 6 6 5 7 8 7 1 1 1 0 0 0 0 1 2 2 90043.626285171093 91957.279288128761 84432.117066884341 92052.291322909121
11010552 1 0 0 1 1 0 0 3 4 3 0 5 6 2 5 7 9 1 1 1 0 0 0 0 2 4 3 90267.133209216525 91227.706377212598 91198.108767324899 -1.0000000000000001e+300
11010552 1 0 3 3 6 2 1 6 7 1 4 7 11 2 4 8 9 1 3 1 0 0 0 0 4 4 3 87684.643713063808 88567.970666900248 86715.832633403275 86396.715272753761
11010553 1 2 2 0 0 1 0 0 0 4 3 3 3 1 3 4 0 1 2 1 0 0 0 0 4 3 2 96355.606797639964 96539.404246755759 96285.408994118159 96174.44814982434
11010553 1 3 0 1 0 4 0 1 0 6 4 3 3 7 6 5 1 1 1 1 0 0 0 0 0 4 1 89836.164942898744 89972.688264612239 88416.426382147853 -1.0000000000000001e+300
11010553 1 3 2 1 0 5 3 2 0 7 6 4 2 10 8 6 4 1 2 1 0 0 0 0 3 0 2 88984.387632645841 88457.479084532533 89290.596023066988 89366.43629538067
11010553 1 0 0 0 1 0 0 0 4 1 4 4 6 2 4 11 10 1 3 1 0 0 0 0 1 2 2 86507.910384011484 87134.142065547276 84803.885414975099 89157.006158407457
11010554 1 0 3 0 1 2 0 1 3 0 1 2 3 2 0 0 0 1 3 1 0 0 0 0 0 0 1 97160.079701885756 96831.908887092723 96979.604061186576 97245.267284429938
11010554 1 5 5 5 6 0 3 5 8 0 0 1 6 2 0 0 4 1 1 1 0 0 0 0 0 1 3 88105.015223402239 91431.796949202573 90974.472726305758 89269.558476084567
11010554 1 0 0 2 10 1 3 4 9 2 2 4 6 2 1 4 5 1 3 1 0 0 0 0 2 0 2 80011.657212959952 89613.095038138432 89384.14645007503 89407.121727138103
11010554 1 1 0 3 5 2 4 4 6 2 4 6 11 4 4 8 9 1 2 1 0 0 0 0 2 0 0 78157.194209719557 87489.005541223611 85452.594244479042 87315.9935572666
11010555 1 6 4 4 1 5 6 1 2 5 3 0 0 1 2 0 0 1 2 1 0 0 0 0 0 0 0 91422.218659416991 91202.158924941046 91400.314520667511 91730.273255060238
11010555 1 7 5 5 2 8 6 3 1 7 4 1 2 4 3 2 0 1 1 1 0 0 0 0 1 1 2 92046.168814823759 84824.996539341038 92148.964902895226 91252.389061238297
11010555 1 3 3 6 10 0 4 4 8 0 2 3 6 0 2 1 5 1 3 1 0 0 0 0 1 0 2 79447.277478207718 89653.410929571735 -1.0000000000000001e+300 89419.305834986386
11010555 1 0 0 4 4 0 3 4 5 0 3 5 11 2 4 7 10 1 2 1 0 0 0 0 3 1 3 80499.288113501578 88906.476848252147 85186.936970251219 89072.035436058155
11010556 1 0 3 4 3 2 2 2 0 1 1 1 0 2 3 4 0 1 2 1 0 0 0 0 4 2 2 96042.198291948851 96010.362581087466 96192.449776119029 96009.326218059956
11010556 1 1 3 3 2 6 5 4 0 7 5 1 1 1 0 2 0 1 2 1 0 0 0 0 0 1 0 90379.12429758966 90013.344639439485 91105.38524324169 90733.084712457727
11010556 1 0 1 3 10 2 3 3 6 0 0 1 5 0 0 2 3 1 2 1 0 0 0 0 1 0 1 86953.901153176179 89030.687982648931 88760.364744182385 89222.894528942707
11010556 1 6 8 11 9 4 6 7 7 2 2 5 0 0 3 1 3 1 2 1 0 0 0 0 4 2 3 75114.037783129941 78446.624706612318 79072.061591812366 73654.019333088145
11010557 1 3 3 2 1 0 1 3 3 3 4 0 3 0 1 0 2 1 3 1 0 0 0 0 2 3 2 96302.623566947266 95996.349938400206 96360.865900125442 96067.375199183371
11010557 1 5 6 8 7 0 5 4 3 0 3 1 3 3 3 0 2 1 2 1 0 0 0 0 2 1 0 90320.194861529293 90957.661791587438 91245.830283382951 88515.715941880044
11010557 1 2 5 5 9 0 4 6 8 0 2 5 7 0 1 3 5 1 1 1 0 0 0 0 3 3 4 83219.894444192178 90894.154550258623 90448.249795242344 90666.54889858971
11010557 1 1 3 0 0 3 3 2 3 7 6 1 0 9 11 6 4 1 2 1 0 0 0 0 1 1 1 85449.098080959971 84390.822748949518 80579.254813573163 86830.117735463966
11010558 1 0 3 6 0 2 4 4 4 3 3 5 3 1 2 1 0 1 1 1 0 0 0 0 3 4 4 92348.57697706511 93307.71547143966 92179.556160435517 92408.230938639797
11010558 1 0 0 3 1 0 0 5 6 0 2 5 7 1 3 4 4 1 2 1 0 0 0 0 0 0 0 90491.447244112584 90494.824286424468 91035.038568330623 91404.224363166635
11010558 1 2 0 0 0 1 3 1 0 2 6 6 4 5 7 8 9 1 2 1 0 0 0 0 1 0 2 92793.183478061546 91298.953153718947 86724.587342617422 91232.479018791244
11010558 1 9 9 11 5 5 6 5 1 4 4 2 1 1 0 0 0 1 2 1 0 0 0 0 2 3 3 90471.492883379746 85369.910990148448 -1.0000000000000001e+300 76459.386606800559
11010559 1 3 4 2 2 3 1 3 2 4 3 1 0 2 3 0 0 1 1 1 0 0 0 0 1 0 3 -1.0000000000000001e+300 95534.130341053009 95900.469870130211 96291.361018021897
11010559 1 1 3 0 0 0 3 1 3 0 4 4 6 5 6 8 7 1 2 1 0 0 0 0 2 3 3 90712.821141257824 90993.684273509731 85047.569659876186 91377.359886308637
11010559 1 1 0 0 5 2 3 5 6 3 5 6 7 3 7 8 9 1 2 1 0 0 0 0 2 1 2 91418.577945539888 90951.625450302774 87744.68951820198 91507.02525884092
11010559 1 6 11 3 0 3 4 2 3 1 2 0 3 0 1 0 0 1 2 1 0 0 0 0 4 3 4 81764.734306258761 81985.246936053489 82486.052717057231 81070.386109479354
11010560 1 1 0 2 0 5 3 2 2 3 6 1 3 1 5 5 0 1 3 1 0 0 0 0 3 3 2 91773.636417252666 91875.776297251374 90453.87073648542 90814.473799909843
11010560 1 0 1 4 5 2 1 4 6 0 3 4 8 0 3 5 6 1 2 1 0 0 0 0 1 1 1 87206.099540828902 90892.868258502553 90513.988136424407 91222.140597717735
11010560 1 3 6 7 9 2 1 4 7 0 0 4 5 2 0 0 4 1 2 1 0 0 0 0 4 2 4 90995.374869074774 90806.514508859138 91505.002090571739 90627.129723317616
11010560 1 10 11 6 2 8 5 3 0 5 1 2 2 4 0 0 1 1 1 1 0 0 0 0 1 1 3 89597.514357708715 84071.540123613493 88810.922916046591 82838.174640721656
11010561 1 2 1 0 0 2 3 3 1 4 3 0 0 0 0 0 0 1 3 1 0 0 0 0 0 0 0 97072.698000763397 97021.508703949468 97320.748227899719 97260.2059142449
11010561 1 6 3 0 0 7 6 4 2 1 1 4 0 0 2 3 1 1 4 1 0 0 0 0 3 4 4 87440.274536840006 88102.353629166697 89339.976366691539 89383.995260367228
11010561 1 10 5 4 6 1 5 6 2 1 2 2 4 1 0 0 3 1 2 1 0 0 0 0 2 1 0 84393.784774548636 83967.59243956946 85498.161688934488 77222.739333200065
11010561 1 1 6 11 10 2 3 6 6 0 2 5 5 0 3 0 4 1 1 1 0 0 0 0 3 3 3 80785.466091141032 87581.143238621647 88017.941234525919 75646.758566192831
11010562 1 0 2 1 3 1 5 3 0 2 4 6 0 3 4 5 6 1 2 1 0 0 0 0 4 3 3 92033.577597837095 91813.603726008791 90669.788183558267 91071.709761115941
11010562 1 5 3 2 1 8 4 1 0 7 3 0 0 3 2 0 1 1 3 1 0 0 0 0 2 3 3 90502.187119584269 87941.172610299342 89631.462179323804 90332.776490308082
11010562 1 9 7 2 0 8 4 0 1 6 4 2 0 4 2 0 0 1 3 1 0 0 0 0 2 0 0 90941.744214147067 84014.966898708924 90511.581480333567 90657.017181296644
11010562 1 2 0 8 9 3 5 5 11 0 3 3 5 2 0 1 4 1 1 1 0 0 0 0 1 1 0 78316.314933241767 87523.2561201262 87202.976755273528 86902.339780204755
11010563 1 4 5 4 1 4 4 3 3 1 0 0 2 2 0 0 0 1 1 1 0 0 0 0 3 4 4 94783.483389397836 94947.058733581784 94999.981354418676 94625.493009467682
11010563 1 4 3 6 4 1 3 4 6 0 0 0 7 2 0 0 4 1 3 1 0 0 0 0 3 3 3 87910.225363562175 89643.074990006833 90426.383595485619 90783.671279176764
11010563 1 2 3 0 5 0 1 5 6 0 3 4 7 0 1 4 9 1 2 1 0 0 0 0 1 1 3 86079.290752672663 90869.885097706458 91070.166818561571 91132.341762406475
11010563 1 8 5 3 1 9 2 3 0 11 2 2 0 5 1 0 0 1 3 1 0 0 0 0 1 0 2 -1.0000000000000001e+300 67938.46914579549 82024.362796319925 82123.065149758375
11010564 1 2 6 1 2 5 5 3 0 3 2 4 5 0 0 1 0 1 1 1 0 0 0 0 1 1 4 92835.638628231172 92494.445220735332 92204.628492567266 92537.271424766819
11010564 1 2 8 6 3 4 3 4 5 1 3 0 0 0 3 1 2 1 2 1 0 0 0 0 2 1 2 88104.639490837173 87954.398683753941 88959.2804904566 84190.202277617296
11010564 1 10 7 6 3 5 5 4 2 1 2 0 0 3 0 0 0 3 4 0.5 5 0.25 6 0.25 1 0 0 86663.125202812094 89063.365070166139 -1.0000000000000001e+300 86180.201041520995
11010564 1 6 5 11 2 2 4 4 3 0 1 0 2 0 0 3 2 1 3 1 0 0 0 0 3 0 1 82928.315909383295 82689.059518355483 83299.923985597314 79205.11956226152
11010565 0 1 4 1 1 3 3 0 0 2 4 2 3 0 1 0 0 1 3 1 0 0 0 0 2 4 2 96460.676697447183 96119.013246021816 96578.194290863146 96249.442755930009
11010565 0 2 0 0 0 3 3 1 0 6 6 2 3 7 8 6 5 1 3 1 0 0 0 0 1 0 0 91579.91106958731 89288.959810135711 85444.75719516445 91669.298336090171
11010565 0 2 1 1 3 2 4 6 6 3 3 4 8 2 5 9 4 1 2 1 0 0 0 0 4 2 3 73183.689210683558 74474.408346274358 -1.0000000000000001e+300 -1.0000000000000001e+300
11010565 0 2 1 0 0 0 3 2 3 4 6 4 0 4 8 11 5 1 1 1 0 0 0 0 0 0 0 81727.599963577683 81499.732436897291 76617.00219263685 81482.274282414437
11010565 0 2 4 1 1 4 3 5 3 3 7 6 3 5 8 11 9 1 1 1 0 0 0 0 1 3 2 -1.0000000000000001e+300 -1.0000000000000001e+300 3 3
11010566 1 2 4 1 4 1 2 5 2 0 0 3 5 1 0 0 1 1 1 1 0 0 0 0 2 4 4 93885.219219628547 94633.593106488828 94847.088034792294 94775.375397328971
11010566 1 7 6 3 0 8 6 2 3 7 3 2 0 6 0 3 1 1 1 1 0 0 0 0 1 1 1 91877.894196751688 83393.009743118062 91939.841676200449 89500.424282553562
11010566 1 9 5 2 0 8 4 1 0 6 3 3 3 4 3 4 2 1 1 1 0 0 0 0 3 3 3 90323.824372744333 77491.410402744412 91346.279991113188 90929.605680338456
11010566 1 3 0 0 0 2 4 0 2 2 4 5 7 1 5 11 9 1 1 1 0 0 0 0 2 1 1 86616.959203184524 86560.805406429776 79256.764845681333 86407.600469944504
11010567 1 0 2 1 3 1 0 3 3 0 0 1 4 4 2 2 2 1 1 1 0 0 0 0 2 2 3 96483.014867637088 96250.805623469845 97036.798078025138 96833.691874942597
11010567 1 5 0 3 0 7 4 1 0 8 5 2 0 7 4 3 3 1 2 1 0 0 0 0 3 2 3 91804.608611284522 85898.259957723552 90984.969358095273 91756.016730837087
11010567 1 5 5 2 1 7 7 4 1 8 6 6 3 9 3 0 3 3 4 0.33333333333333331 5 0.33333333333333331 6 0.33333333333333331 2 3 1 84818.513125069527 80336.252915241697 85719.893832734073 85241.155150568869
11010567 1 3 0 2 0 11 10 3 0 6 5 5 0 4 3 1 1 1 2 1 0 0 0 0 1 1 2 73047.684384176988 69630.288101558908 72158.251990891062 -1.0000000000000001e+300
11010568 1 3 2 3 1 0 0 1 3 0 0 4 3 2 4 5 3 1 3 1 0 0 0 0 0 0 0 95569.851125490779 -1.0000000000000001e+300 95318.445456716232 94745.221537597521
11010568 1 2 0 0 6 1 3 4 7 3 2 5 6 0 1 4 5 1 4 1 0 0 0 0 0 0 0 88490.423811782704 90385.83691196701 91138.186197232295 91019.773128549132
11010568 1 7 1 0 5 0 2 4 8 0 3 6 9 1 3 5 10 1 2 1 0 0 0 0 1 1 1 62581.604460220617 78730.631010543439 89679.622035682303 81402.686687079928
11010568 1 0 4 5 11 0 0 5 11 0 4 7 3 3 1 0 2 1 1 1 0 0 0 0 0 1 0 88599.175915093685 90825.108104499232 90194.536753507578 87320.40688684622
11010569 1 3 3 5 0 2 3 5 1 1 4 3 0 1 2 0 2 1 1 1 0 0 0 0 2 3 4 94820.183463402733 94331.695669777851 94869.385624907634 94663.359493527663
11010569 1 4 5 6 8 0 4 4 6 4 1 3 5 1 0 0 3 1 2 1 0 0 0 0 1 2 3 85740.304326874408 88128.252401383797 89499.557210865518 87006.046400645399
11010569 1 0 1 6 10 2 3 5 7 0 4 4 5 1 1 1 3 1 2 1 0 0 0 0 0 2 2 81842.036553723825 88815.181777033882 88812.170402601347 89027.144326305395
11010569 1 0 0 3 0 0 1 2 0 3 5 4 0 4 6 11 1 1 1 1 0 0 0 0 0 2 1 82313.21553272297 81994.605311037973 81111.147305439677 -1.0000000000000001e+300
11010570 1 0 1 4 4 1 2 3 5 0 0 4 6 2 0 0 1 1 2 1 0 0 0 0 1 1 1 93942.093838304281 94207.726711703654 94501.188322173228 94089.192627512384
11010570 1 7 7 5 5 4 3 2 3 0 0 2 3 0 0 0 1 1 1 1 0 0 0 0 1 1 0 89548.697576613515 88923.535552382615 89660.106087445354 88218.796767314197
11010570 1 3 0 0 0 3 3 2 0 7 6 0 1 10 8 6 4 1 1 1 0 0 0 0 2 3 3 89764.826348411327 89813.559345935821 86831.366824971221 90004.813246298494
11010570 1 10 9 6 5 11 8 5 3 3 5 1 0 0 3 0 2 1 2 1 0 0 0 0 4 3 4 92645.426610641167 93985.677757358935 93389.635509032669 80120.179001363154
11010571 0 0 0 1 0 6 2 0 1 5 4 3 0 5 3 0 0 1 2 1 0 0 0 0 0 0 2 94082.88420766592 93773.856727361679 94588.101981600121 93694.075413384358
11010571 0 0 0 1 2 0 3 4 3 3 3 6 3 4 7 6 3 1 1 1 0 0 0 0 3 4 3 90400.848797038299 90844.382961282317 88904.417556180008 89921.753831333786
11010571 0 0 0 3 0 5 0 2 4 0 1 6 4 10 8 6 3 1 1 1 0 0 0 0 3 4 3 88483.347158503137 87555.029453374606 81821.055565473202 88616.283437504215
11010571 0 7 11 3 0 10 6 3 0 6 7 3 2 2 1 1 3 1 3 1 0 0 0 0 4 4 3 68913.881657887701 60579.086373070728 67396.940404656314 67002.298332605438
11010571 0 10 8 11 4 4 7 6 3 4 1 3 2 3 1 1 3 1 1 1 0 0 0 0 0 3 0 -1.0000000000000001e+300 -1.0000000000000001e+300 9 9
11010572 1 0 1 4 4 0 4 2 3 2 0 1 4 0 3 0 5 1 2 1 0 0 0 0 4 3 4 94827.861430027639 95782.972264104246 95622.938471611109 95043.360998964155
11010572 1 3 6 8 6 0 1 2 1 2 2 2 0 3 0 0 0 1 2 1 0 0 0 0 3 0 3 90837.574979575918 90991.164409317615 90812.355665499548 88170.758308500197
11010572 1 2 6 8 10 0 4 5 7 1 2 3 5 0 1 0 3 1 2 1 0 0 0 0 4 3 4 88844.085967239516 89755.043103119533 90176.273462457553 84997.704408731879
11010572 1 0 0 3 4 0 1 5 7 2 4 5 11 2 1 3 5 1 1 1 0 0 0 0 3 4 4 80316.393749966228 81896.571545856641 81587.682563646915 80455.177184035361
11010573 0 3 1 1 2 3 0 3 2 1 2 1 2 0 3 0 0 1 1 1 0 0 0 0 3 4 4 96845.366172437964 96894.361092358158 96773.17786401257 96802.527995368204
11010573 0 0 0 0 2 0 2 3 1 1 3 4 3 4 7 8 7 1 1 1 0 0 0 0 0 1 4 91357.583710355015 -1.0000000000000001e+300 85982.787374432999 91511.730166610403
11010573 0 0 2 0 1 0 0 3 3 0 1 6 5 3 5 7 10 1 3 1 0 0 0 0 2 3 2 88785.481270627977 89550.186796941853 84756.077333948764 89378.366996141354
11010573 0 10 3 1 3 9 8 3 0 5 3 11 1 2 4 3 6 1 3 1 0 0 0 0 0 1 0 -1.0000000000000001e+300 39728.365195389335 18202.403673223369 54669.673283684322
11010573 0 3 10 4 7 9 8 5 6 4 6 4 11 0 8 3 1 1 1 1 0 0 0 0 0 2 0 0 -1.0000000000000001e+300 -1.0000000000000001e+300 0
11010574 1 4 3 3 0 4 2 0 1 1 4 0 0 2 0 0 0 1 3 1 0 0 0 0 3 3 2 96691.297329131572 96322.811302658563 96744.407060658647 95958.037166519178
11010574 1 6 8 6 0 4 5 1 0 1 3 2 3 2 1 0 0 1 2 1 0 0 0 0 0 0 1 89992.178908425194 90311.789398255511 91511.202143791204 87179.379128810528
11010574 1 10 9 7 6 0 3 4 5 3 0 3 1 2 0 2 0 1 3 1 0 0 0 0 4 3 3 89720.616961584776 90240.185675608867 89655.450431809251 78881.784139287236
11010574 1 2 0 11 10 4 6 6 7 2 4 4 8 3 1 2 3 1 1 1 0 0 0 0 1 0 1 78534.747822798905 91450.857087675948 89686.254030289318 -1.0000000000000001e+300
11010575 1 3 3 1 0 6 3 2 3 2 6 5 1 0 2 5 1 1 1 1 0 0 0 0 0 1 0 87681.89980506897 89133.025472005203 90648.16907288396 89022.031461571052
11010575 1 6 8 7 3 4 4 5 1 0 1 2 0 0 0 1 0 1 2 1 0 0 0 0 0 1 0 92608.782551352706 90862.327249755544 90893.278333353606 87399.206223710396
11010575 1 10 8 7 3 7 7 4 3 6 5 3 0 7 3 2 0 1 2 1 0 0 0 0 3 1 3 90664.330731600669 82838.164519534679 89320.544214145761 89719.003535538912
11010575 1 3 11 10 3 7 9 9 3 4 4 0 0 5 0 0 2 1 2 1 0 0 0 0 4 2 3 95018.263931804351 96835.969067221784 95264.370666917937 95095.562983474942
11010576 1 3 3 0 2 2 0 3 3 1 0 3 3 0 0 0 1 1 1 1 0 0 0 0 3 4 4 96765.647453563142 96837.358661018719 96964.653661862758 96902.074360844854
11010576 1 0 3 0 1 0 2 3 1 3 4 2 4 6 8 6 4 1 3 1 0 0 0 0 4 4 2 90403.518772277326 90277.638485115327 86131.988452422069 90208.971618434065
11010576 1 1 0 0 3 0 2 1 4 3 1 6 5 2 6 7 9 1 2 1 0 0 0 0 0 0 1 88910.001680549773 91248.193247304545 86016.161317600272 90512.760106349946
11010576 1 11 7 9 1 8 6 5 3 3 5 0 2 2 3 1 0 1 3 1 0 0 0 0 0 0 0 74376.363684730342 79749.599586560129 76103.331346536346 71092.555447986728
11010577 1 2 0 5 0 1 4 3 0 4 5 3 4 2 5 5 1 1 2 1 0 0 0 0 3 2 3 91432.477297963138 92615.10610908932 93063.945055536926 92638.376407426491
11010577 1 7 4 0 2 8 5 3 2 7 4 1 0 6 3 3 0 1 3 1 0 0 0 0 1 0 0 90961.688628774253 83473.984135350285 91052.416702810151 91381.966977710341
11010577 1 2 0 0 1 6 0 2 0 9 6 4 1 10 5 3 3 1 2 1 0 0 0 0 1 0 1 90097.048768533205 82587.221145742282 89190.510924099872 90126.897442684436
11010577 1 7 6 3 2 8 6 3 0 11 4 2 0 5 3 0 0 1 2 1 0 0 0 0 3 0 2 -1.0000000000000001e+300 76538.711146438931 86185.488694976724 84899.23745126836
11010578 1 2 6 4 3 1 2 6 1 1 1 6 4 0 2 0 2 1 1 1 0 0 0 0 2 3 4 87026.375089130277 87455.68829200379 88426.52634792561 89218.90290197912
11010578 1 3 1 5 4 3 6 5 4 1 2 7 2 0 3 0 1 1 2 1 0 0 0 0 0 0 0 87958.455266280813 87178.498303686152 87630.101796745395 88693.640091931316
11010578 1 1 1 0 2 3 2 0 0 6 3 1 0 10 8 6 3 1 3 1 0 0 0 0 1 2 0 89635.501814539486 89429.230903182048 83754.249187161142 89691.126104499606
11010578 1 3 6 11 10 2 5 6 7 0 3 1 6 0 1 1 4 1 3 1 0 0 0 0 1 3 1 88174.740458041735 -1.0000000000000001e+300 -1.0000000000000001e+300 86216.359003636448
11010579 1 0 3 1 2 0 0 2 0 3 1 0 0 2 3 3 0 1 3 1 0 0 0 0 1 0 0 97458.436106699475 97306.852758503388 97309.521055839374 96834.198979760389
11010579 1 1 2 2 0 0 4 4 1 0 6 5 1 3 7 3 2 1 1 1 0 0 0 0 0 1 2 90584.612779812247 91622.789223995089 90862.057207443446 90183.959715683275
11010579 1 0 0 0 3 2 4 4 5 1 7 5 3 3 7 9 10 1 3 1 0 0 0 0 4 4 3 89744.154312111597 88214.865021479156 77089.679609059545 89415.287619408366
11010579 1 1 0 2 0 2 0 5 0 1 4 7 4 3 6 11 3 1 3 1 0 0 0 0 4 4 3 77214.709952531746 76781.240912159221 78777.855112336154 77314.056840613164
11010580 1 0 3 2 4 0 1 3 3 3 5 6 3 1 3 2 0 1 3 1 0 0 0 0 1 1 0 91997.014255523682 92849.085964094222 91781.791436990097 91037.015069961548
11010580 1 4 7 8 7 3 5 4 6 3 2 1 4 3 3 0 0 1 3 1 0 0 0 0 4 4 2 92234.416339154996 92299.049741592709 92210.507801084561 79650.016625544216
11010580 1 4 6 7 10 3 3 6 6 0 2 2 3 0 1 0 0 1 1 1 0 0 0 0 2 2 1 89523.085976568997 89737.589995876537 89635.796062820838 83835.441558666702
11010580 1 5 3 0 0 7 5 2 1 11 6 3 2 9 8 3 0 1 2 1 0 0 0 0 3 1 1 87192.199043540444 79038.286621246487 86993.255195227481 87227.232403213478
11010581 1 2 0 4 0 1 5 1 0 5 6 3 2 4 4 0 0 1 2 1 0 0 0 0 3 2 4 92729.525535046676 93010.35556356993 93000.38877200197 92468.688659423671
11010581 1 0 0 0 1 0 0 0 6 1 3 3 8 0 0 3 4 1 3 1 0 0 0 0 1 3 1 89216.606140969059 90476.004421511941 90950.816248427655 91555.301223372342
11010581 1 0 3 0 0 3 2 4 1 0 6 10 3 1 3 10 3 1 2 1 0 0 0 0 0 0 1 86695.066450722472 85287.912283118421 86336.327730092438 86887.676712680826
11010581 1 4 3 0 2 5 4 1 0 7 6 4 3 9 11 5 3 1 1 1 0 0 0 0 3 4 4 87074.220930545882 85405.077281708946 86346.098222806337 86763.344763751491
11010582 1 1 1 5 2 5 3 0 0 3 4 0 0 3 2 0 1 1 2 1 0 0 0 0 0 0 0 94961.825407252967 95272.274686390228 95296.625115950097 95442.227695055146
11010582 1 4 4 4 2 7 5 4 0 2 3 5 1 1 0 0 0 1 2 1 0 0 0 0 3 2 4 89682.985380808488 87621.089921411534 91809.715168312905 90536.774720967805
11010582 1 10 5 3 3 9 6 3 0 8 3 0 0 7 3 0 0 1 3 1 0 0 0 0 4 4 2 89980.50094765691 78806.773796935071 89764.083869381822 90637.062820991399
11010582 1 5 3 5 2 8 8 1 0 11 9 0 0 0 1 3 0 1 2 1 0 0 0 0 2 2 0 78644.699493834516 77386.402727392284 80013.064333869974 78121.094216072306
11010583 1 0 1 3 0 5 3 2 0 3 4 0 1 3 3 0 0 1 2 1 0 0 0 0 1 1 2 96099.060011283844 95996.705440980426 95730.901588007255 96102.642340739563
11010583 1 1 3 0 0 1 4 0 0 4 6 2 0 4 7 6 4 1 2 1 0 0 0 0 2 2 3 -1.0000000000000001e+300 90539.556408303368 88791.058087675367 89364.591171120483
11010583 1 0 3 6 6 0 0 4 7 0 4 2 8 2 1 0 9 1 3 1 0 0 0 0 4 3 3 83579.484704736984 90490.47254872584 91972.339141078322 91166.361690837191
11010583 1 4 3 0 3 6 4 3 0 9 7 7 3 10 11 3 2 1 3 1 0 0 0 0 4 3 2 93427.486389450642 79250.624935965723 92762.741598266846 94394.180887389535
11010584 1 1 3 3 5 0 6 4 3 0 2 6 3 0 0 3 2 1 1 1 0 0 0 0 2 2 1 91840.1192337705 91414.581786394119 92574.807524246644 91519.097469659828
11010584 1 5 7 8 7 0 0 5 5 0 3 2 4 2 1 0 0 1 3 1 0 0 0 0 1 0 0 91220.069676351399 91694.368384520407 91988.33249299624 86020.596358188646
11010584 1 1 10 10 0 3 3 4 0 2 4 1 0 1 2 0 2 1 2 1 0 0 0 0 1 0 0 89487.438771514353 89939.564318445176 89511.75536270233 90559.224790130291
11010584 1 3 3 8 9 1 4 7 8 0 3 5 11 0 3 4 8 1 2 1 0 0 0 0 2 2 3 63423.143555445226 79553.580616762993 79702.161380801073 79903.134512354343
11010585 1 2 0 0 0 1 0 3 0 3 1 3 1 0 0 2 3 1 1 1 0 0 0 0 0 2 0 97206.897844976862 97243.009905735657 97679.939139723778 97482.871240615845
11010585 1 5 7 8 7 5 5 5 6 0 1 2 4 3 0 0 0 1 2 1 0 0 0 0 4 3 4 89839.640412038163 92211.938935574843 91734.158704854941 89752.770464422792
11010585 1 5 7 8 9 3 4 6 6 3 0 4 0 0 0 2 0 1 1 1 0 0 0 0 0 0 1 90914.336146678543 90805.623906433975 91219.780836195059 87042.267612462092
11010585 1 1 3 8 11 1 3 4 8 0 0 4 6 0 0 2 2 1 3 1 0 0 0 0 4 4 3 78447.170639996199 -1.0000000000000001e+300 80156.430765121113 80214.476845963989
11010586 1 1 2 2 0 1 4 0 3 6 4 5 0 2 0 1 0 1 1 1 0 0 0 0 1 2 2 95060.740377899449 93538.491634882492 94791.272174289494 93856.153052213442
11010586 1 1 3 4 4 0 0 4 7 1 0 5 3 0 2 0 0 1 3 1 0 0 0 0 1 2 0 90444.146220031951 91149.226966241025 90828.457313294508 91490.106964800128
11010586 1 0 0 0 2 0 3 1 4 1 4 4 6 2 4 7 10 1 2 1 0 0 0 0 3 2 2 88346.169679226237 89389.601411942 88612.759065417922 89445.668817872574
11010586 1 0 0 5 6 0 3 5 9 1 3 5 11 2 3 3 5 3 6 0.1818181818181818 7 0.27272727272727271 8 0.54545454545454541 0 0 1 79362.931727316041 72362.100549273629 76074.346238916172 76290.12894305143
11010587 1 1 0 2 0 5 5 2 0 3 3 5 1 0 1 0 0 1 2 1 0 0 0 0 3 3 4 94389.274691401588 94131.934044031295 94731.775309922959 94168.989264069663
11010587 1 5 6 2 0 6 4 3 0 8 2 0 1 3 1 0 0 1 1 1 0 0 0 0 3 4 4 88953.940270887222 86643.718815540939 89586.69714632642 89346.079681120507
11010587 1 7 5 4 3 8 4 0 0 9 3 0 0 10 3 0 3 1 1 1 0 0 0 0 0 1 3 90834.860420517216 71283.297435693719 90708.05051271322 89924.635491853012
11010587 1 5 3 3 1 7 5 2 0 9 7 6 2 10 11 1 4 1 1 1 0 0 0 0 3 4 4 88009.753843980565 87761.830888365861 85811.829607749954 87960.581827997885
11010588 1 0 2 0 2 1 0 1 3 2 0 4 2 2 5 1 3 1 3 1 0 0 0 0 2 0 2 95879.307102556573 96025.114420622936 95692.921526034668 95975.762443895699
11010588 1 3 5 0 0 5 0 3 3 8 3 3 0 6 5 3 0 1 3 1 0 0 0 0 4 4 3 90942.910962063703 88009.472310110286 90733.751420389934 91444.91731351435
11010588 1 9 5 5 2 7 6 0 1 4 3 0 3 3 1 2 0 1 1 1 0 0 0 0 1 2 1 91802.559392842537 89081.65471816127 91581.473626873005 90713.409256767307
11010588 1 9 7 0 3 11 5 5 3 7 2 3 3 5 2 3 2 1 1 1 0 0 0 0 2 0 2 84784.082448613568 65456.117024898907 84226.796935814171 79887.667279456218
11010589 1 0 2 0 1 3 1 4 3 2 4 3 5 2 1 3 2 1 1 1 0 0 0 0 0 0 0 94244.375149023661 94932.352633554125 94788.431666638309 94125.577356030233
11010589 1 0 2 3 1 0 0 1 5 0 7 2 2 3 3 1 0 1 2 1 0 0 0 0 4 3 2 92193.401738063403 91964.326245300021 92558.554789925271 91527.064444709089
11010589 1 3 3 2 2 4 3 4 1 6 4 0 0 10 5 0 0 1 2 1 0 0 0 0 4 2 4 88773.380524996232 85304.261970280495 88069.942285203913 88715.710639149955
11010589 1 1 1 2 4 0 0 0 6 0 2 3 10 0 1 11 10 1 3 1 0 0 0 0 2 3 3 100296.74353238032 100273.63431629223 100448.2675228895 101284.33689301467
11010590 1 3 3 5 2 4 1 3 1 0 2 2 4 0 0 0 1 1 3 1 0 0 0 0 0 0 1 95681.17426978219 95861.163626352936 95150.049354964925 95496.300350118574
11010590 1 1 4 0 0 5 5 7 3 4 6 6 1 0 1 0 0 1 4 1 0 0 0 0 1 4 3 84925.367680784795 84223.753945281031 85759.032564462992 86545.571941860297
11010590 1 0 3 2 3 0 4 3 3 3 6 7 5 6 8 9 10 1 1 1 0 0 0 0 2 2 2 88944.261084472761 92248.909776183107 83157.11991749506 92551.803815587162
11010590 1 3 5 11 10 2 0 7 9 1 1 4 6 0 3 0 0 1 3 1 0 0 0 0 2 3 1 75471.903064096958 90408.663105343163 90612.888016407189 76777.945684111604
11010591 1 4 1 3 2 2 1 3 1 3 4 3 0 6 6 2 0 1 1 1 0 0 0 0 2 3 2 92305.604378391086 91588.452464326649 92561.133777655152 92340.781822530043
11010591 1 3 2 0 0 4 3 1 0 5 4 0 2 8 8 7 5 1 2 1 0 0 0 0 4 2 3 91487.968526740646 89537.247795561852 85699.643518378813 91613.723628955035
11010591 1 3 0 2 3 5 2 0 0 7 4 1 0 10 6 0 0 1 2 1 0 0 0 0 3 1 2 88879.966179352108 85566.296502773213 88564.909025245681 89051.309059508116
11010591 1 3 3 3 1 0 0 0 4 3 4 6 7 3 5 11 9 1 1 1 0 0 0 0 1 3 0 85864.108077631143 86621.767116241856 79128.618487684391 86706.220437031225
11010592 1 5 4 1 2 0 4 6 3 0 3 2 6 0 1 0 0 1 1 1 0 0 0 0 0 1 3 93173.734297534233 92695.048250993088 93182.712950944901 93369.959399647167
11010592 1 1 3 0 0 1 2 4 4 6 4 3 3 7 8 6 5 1 2 1 0 0 0 0 0 0 1 91341.438460275385 91088.871317368161 84866.9553101372 -1.0000000000000001e+300
11010592 1 0 3 0 0 5 1 3 0 4 3 4 5 9 9 6 0 1 2 1 0 0 0 0 0 0 0 90504.73260549955 84633.073505891429 80590.30777861079 90192.642750037805
11010592 1 2 2 1 3 0 0 1 4 3 4 5 8 4 6 11 9 1 1 1 0 0 0 0 3 4 4 86808.468156619201 87298.572210849612 83448.203372443881 87184.049073727787
11010593 1 1 0 0 3 3 0 0 4 0 1 4 2 3 4 1 3 1 2 1 0 0 0 0 1 2 2 95922.690925767689 95670.96397769716 95596.42295070854 95824.217943967888
11010593 1 4 3 1 2 5 3 4 1 7 0 0 0 3 4 0 0 1 3 1 0 0 0 0 1 2 1 92061.336253336907 91223.385750472371 91863.276367217128 91654.974405216519
11010593 1 2 2 3 0 1 1 4 3 0 3 5 0 3 6 7 9 1 2 1 0 0 0 0 1 0 3 90374.540035763101 90565.405129011764 85935.075567555788 90419.77451059327
11010593 1 3 6 9 10 3 4 6 11 2 3 1 3 0 0 2 4 1 1 1 0 0 0 0 0 0 0 88336.555990793058 -1.0000000000000001e+300 91193.542293700186 83445.373844020345
11010594 1 3 4 4 2 1 5 6 3 2 3 3 0 4 0 3 0 1 3 1 0 0 0 0 4 3 3 92909.475263765125 92397.259979674243 93041.994902006787 92382.015228688048
11010594 1 2 6 4 0 1 7 4 1 1 4 2 0 2 3 0 0 1 4 1 0 0 0 0 3 3 3 -1.0000000000000001e+300 89215.432826833872 89893.734510333263 90421.414543115126
11010594 1 5 4 4 0 7 6 3 2 9 6 0 6 10 1 0 0 3 5 0.25 6 0.25 7 0.5 1 1 1 90524.242051961395 78093.251640268543 83918.513413513661 84756.548827996477
11010594 1 1 6 11 8 3 4 5 7 2 2 5 6 0 0 3 6 1 1 1 0 0 0 0 1 1 1 84916.045757942251 -1.0000000000000001e+300 85703.284813903301 79797.022173287201
11010595 1 3 6 1 2 0 2 1 3 2 3 1 2 0 0 1 5 1 3 1 0 0 0 0 2 2 2 94637.27606305723 94528.545656819522 94103.132863871258 94408.031016625304
11010595 1 6 8 6 4 5 4 3 3 1 1 0 0 2 3 0 0 1 3 1 0 0 0 0 1 2 1 91506.919550843042 90923.121439753842 91116.061685690423 87411.192579369395
11010595 1 10 8 6 5 6 6 5 3 1 3 3 0 1 2 0 0 1 2 1 0 0 0 0 1 1 2 88538.322617562968 89548.89240985403 -1.0000000000000001e+300 88484.075807828893
11010595 1 7 8 11 4 6 5 4 2 3 4 0 1 0 3 4 0 3 5 0.37499999999999994 6 0.24999999999999994 7 0.37499999999999994 2 2 3 81496.660192481067 85468.765654354531 84218.127860949855 83184.984088593235
11010596 0 3 4 3 2 2 3 6 3 0 1 5 2 2 0 1 0 1 1 1 0 0 0 0 2 1 1 93184.80118189918 93152.67439684768 92263.953192075089 92498.802227985696
11010596 0 2 2 1 4 1 3 3 6 0 2 5 8 0 1 3 7 1 3 1 0 0 0 0 4 4 3 87770.95267777353 91219.166519558406 91241.127537343651 90937.938358544081
11010596 0 0 6 10 10 0 2 3 4 3 0 3 5 0 0 1 3 1 3 1 0 0 0 0 2 2 2 87918.433649314058 88159.144630858907 90632.514466819994 87296.204449438417
11010596 0 2 3 1 3 3 7 4 1 3 2 9 11 2 5 8 9 1 2 1 0 0 0 0 4 2 4 -1.0000000000000001e+300 -1.0000000000000001e+300 3 3
11010596 0 2 3 1 3 3 7 4 1 3 2 9 11 2 5 8 9 1 2 1 0 0 0 0 4 2 4 -1.0000000000000001e+300 -1.0000000000000001e+300 3 3
11010597 1 5 1 1 0 3 0 0 0 3 2 2 0 3 3 1 3 1 2 1 0 0 0 0 2 2 2 96779.036232119135 96130.629675748554 96889.382484780654 96364.757843333704
11010597 1 3 0 0 0 6 4 3 1 7 4 2 0 2 4 4 0 1 3 1 0 0 0 0 3 2 1 91716.149718204731 89900.761529312585 90959.501922149793 90572.160217224329
11010597 1 1 0 0 0 1 3 2 0 6 4 3 1 9 8 7 4 1 2 1 0 0 0 0 2 3 3 -1.0000000000000001e+300 91012.672052301743 80901.171295887863 -1.0000000000000001e+300
11010597 1 10 9 7 5 11 5 4 2 3 3 2 1 0 0 0 3 1 1 1 0 0 0 0 0 0 1 91112.785144078982 90330.080412164316 91464.116383115703 76788.72484937415
11010598 1 3 0 1 0 0 0 2 1 1 6 5 3 0 3 4 4 1 2 1 0 0 0 0 0 1 2 93542.874921280658 93772.712166892146 93124.806983249058 93125.322269077646
11010598 1 3 0 0 0 3 3 5 0 4 5 5 3 6 8 6 4 1 1 1 0 0 0 0 0 1 1 89652.643225431995 90342.395540001002 86780.358773642889 91472.759700507508
11010598 1 4 2 0 0 5 1 1 0 7 4 4 2 10 7 5 4 1 3 1 0 0 0 0 0 0 1 90163.346172764126 89252.189594161813 89501.354079764977 90143.565102326553
11010598 1 10 8 1 0 11 7 1 3 7 5 2 0 3 3 4 0 1 3 1 0 0 0 0 1 2 1 90240.639355509236 81785.148967766552 89821.636947158724 90426.112361213178
11010599 1 5 1 0 0 5 6 2 0 3 3 1 2 1 0 0 0 1 3 1 0 0 0 0 1 2 1 94513.394748051956 94250.297918331838 94078.24025120704 94001.618844409109
11010599 1 2 1 4 5 0 1 4 7 0 2 5 8 0 3 5 7 2 4 0.5 5 0.5 0 0 2 2 1 88122.047360542769 91345.629306724848 91868.232475434474 92058.824037656479
11010599 1 0 2 4 5 0 4 5 7 1 4 8 9 7 5 6 10 1 2 1 0 0 0 0 1 0 0 60768.264364419316 -1.0000000000000001e+300 75866.964032219199 92201.697212641637
11010599 1 2 3 7 10 1 3 6 11 1 0 5 5 0 3 2 4 1 2 1 0 0 0 0 3 2 2 88174.59630952694 89143.861572559952 89195.633779065713 88532.825549842732
11010600 1 2 0 0 2 1 4 1 5 0 1 3 4 0 0 2 5 1 3 1 0 0 0 0 4 4 3 95372.914554774485 95048.608680586374 95072.020585717095 95643.264808361942
11010600 1 1 0 0 3 3 2 3 7 0 0 6 8 1 4 5 7 1 1 1 0 0 0 0 1 3 3 80003.444258609234 91575.74469251858 89827.091502955111 91384.904095284088
11010600 1 3 0 0 3 0 0 0 5 0 2 5 7 2 4 6 10 1 1 1 0 0 0 0 1 0 0 86611.195388911423 89297.668968874161 89012.978801264355 89439.115438932378
11010600 1 3 0 2 4 2 1 5 7 1 11 8 10 4 4 9 3 1 2 1 0 0 0 0 2 1 2 45294.056577838252 50049.384383226541 54428.923807889892 50911.704852129325
11010601 0 0 2 3 3 1 3 2 0 5 4 3 2 4 5 4 1 1 1 1 0 0 0 0 1 1 2 93196.358241867129 92773.279777167016 93649.70010274979 93432.129513051768
11010601 0 1 2 0 3 7 5 0 0 8 4 2 1 3 2 3 4 1 1 1 0 0 0 0 2 2 2 87002.136153422442 82696.171018642606 88577.854125556856 87114.637733509124
11010601 0 5 0 0 6 7 5 3 1 8 6 4 0 9 5 4 0 1 1 1 0 0 0 0 0 2 3 91147.352691449996 80722.194075921507 89798.237694282958 89034.00914550836
11010601 0 6 3 0 2 5 6 3 0 11 5 3 2 4 3 0 0 1 1 1 0 0 0 0 1 0 0 80432.596815657758 77910.569515889976 80610.017217735789 80816.924482565926
11010601 0 3 5 3 1 6 7 1 1 11 8 6 8 10 9 3 3 1 2 1 0 0 0 0 1 3 4 3 3 -1.0000000000000001e+300 -1.0000000000000001e+300
11010602 1 0 0 2 5 0 0 5 6 0 1 5 3 3 1 3 4 1 2 1 0 0 0 0 2 2 3 91359.116359529027 -1.0000000000000001e+300 91582.079843555461 90933.364264715288
11010602 1 2 2 4 5 0 2 5 6 0 2 5 8 0 1 6 7 1 3 1 0 0 0 0 3 0 3 82300.478129455718 -1.0000000000000001e+300 90201.926827725954 91394.568963957136
11010602 1 1 4 0 3 0 3 2 5 2 1 4 7 2 3 0 9 1 1 1 0 0 0 0 0 0 0 82690.286581863533 90413.598581280443 89363.962360546633 90614.568957769094
11010602 1 5 5 0 1 8 6 3 2 9 7 5 0 10 11 6 0 1 1 1 0 0 0 0 2 3 3 94632.793561868995 79105.534691971363 91989.822408801512 96268.976865745601
11010603 1 3 3 1 3 0 0 0 3 1 4 2 2 0 4 1 3 1 2 1 0 0 0 0 3 3 1 95193.960840960164 96537.702982788993 96261.874237440876 96747.091496462846
11010603 1 6 5 3 0 8 5 0 0 6 5 2 0 4 1 0 3 1 3 1 0 0 0 0 3 3 1 91098.429358708716 86931.542586045922 91317.157549629876 90852.208728886617
11010603 1 10 7 5 5 5 2 3 2 3 3 1 0 1 0 0 0 1 3 1 0 0 0 0 0 0 0 88900.016973254154 84749.218823523071 -1.0000000000000001e+300 83025.98170763033
11010603 1 0 0 1 0 0 0 3 1 3 2 3 4 2 11 7 3 1 1 1 0 0 0 0 3 4 4 81956.980602397787 81453.624684414623 81597.377547450102 82217.243217512994
11010604 1 0 0 4 2 0 0 1 3 2 0 4 3 2 3 2 5 1 1 1 0 0 0 0 2 0 1 96017.102025067361 95870.366932339122 96250.537724812821 96061.403713226318
11010604 1 2 3 5 5 0 1 3 8 0 2 0 6 0 2 0 4 2 4 0.5 5 0.5 0 0 3 1 2 88944.976618185843 89829.893025186393 90795.750126740139 90915.091710499895
11010604 1 0 1 4 9 0 4 5 8 0 0 4 6 2 0 3 5 1 1 1 0 0 0 0 3 4 4 81395.103252322893 90825.820466014091 90843.910320228722 90962.814657097013
11010604 1 3 3 4 7 0 1 4 8 0 0 2 11 0 0 1 6 1 2 1 0 0 0 0 0 0 0 78090.102585532994 84342.477505454939 84304.406953292739 83442.723296942553
11010605 1 0 3 3 0 1 5 3 4 2 4 4 5 2 3 3 4 1 3 1 0 0 0 0 1 0 0 93635.71486781555 93059.914845843377 93102.17826821185 93234.301899519225
11010605 1 0 0 0 1 1 4 4 4 3 3 5 7 3 6 2 0 1 3 1 0 0 0 0 1 2 1 89640.463882204916 90407.876657649394 85476.058977264416 86302.546758322656
11010605 1 3 6 1 2 0 2 1 3 2 3 10 10 1 0 3 4 1 1 1 0 0 0 0 0 1 0 87288.917353086334 88099.028851820534 88419.353349035504 87965.549258711486
11010605 1 0 1 5 2 0 2 4 8 0 3 3 11 1 3 3 6 1 1 1 0 0 0 0 3 4 4 78831.24901037509 79760.537749186318 80009.01673283345 80200.292513913839
11010606 0 3 1 4 5 2 4 3 5 0 1 5 1 0 0 0 3 1 2 1 0 0 0 0 1 2 1 94346.201952015908 -1.0000000000000001e+300 93803.804329713181 94106.602531709039
11010606 0 3 6 8 6 1 3 4 6 0 0 2 3 0 0 0 3 1 1 1 0 0 0 0 1 2 1 91616.99703392027 -1.0000000000000001e+300 91523.503487988477 87372.934357445221
11010606 0 6 7 9 10 0 6 5 7 3 3 3 0 1 0 2 0 1 2 1 0 0 0 0 2 1 2 89200.187729623474 89654.216135529161 89504.987111714669 73604.420668629406
11010606 0 3 4 11 10 3 4 5 7 0 0 3 2 0 2 0 3 1 3 1 0 0 0 0 2 0 1 88502.369676327493 88515.612564559808 87907.563336072504 82463.367056482821
11010606 0 3 8 11 10 5 6 8 6 3 4 7 4 2 2 2 4 1 3 1 0 0 0 0 4 1 3 -1.0000000000000001e+300 -1.0000000000000001e+300 12 12
11010607 1 5 5 6 4 2 6 3 3 0 1 3 3 0 0 3 0 1 3 1 0 0 0 0 4 4 3 91333.525396459503 91300.62322176047 93288.28248138752 90713.269062050909
11010607 1 7 8 7 6 6 5 5 1 4 3 0 5 3 0 0 1 1 3 1 0 0 0 0 2 4 3 87934.992422932293 87520.577492860961 -1.0000000000000001e+300 72266.485073464894
11010607 1 9 7 6 3 6 3 5 0 3 3 3 3 0 0 0 1 1 1 1 0 0 0 0 2 4 2 90738.654561002026 90630.880150280893 91119.432449637374 83974.074067457754
11010607 1 0 5 11 9 0 4 6 9 3 3 4 2 0 0 1 3 1 1 1 0 0 0 0 1 2 2 84130.107458953178 86802.993636162209 83268.793141205606 80211.335761584283
11010608 1 1 0 0 0 2 5 5 2 1 4 6 5 3 0 4 5 1 3 1 0 0 0 0 0 0 0 91019.153528519353 91621.441819454951 91136.328920286294 90764.729633708601
11010608 1 0 0 1 0 3 3 3 2 3 5 5 6 5 8 7 4 1 3 1 0 0 0 0 0 0 0 88784.817843433426 89223.281838677547 83790.076882071793 89767.223351991634
11010608 1 0 1 0 3 0 1 0 4 3 3 3 7 4 4 5 10 1 3 1 0 0 0 0 2 4 3 84685.294825854406 88642.520540208963 87794.348119830393 -1.0000000000000001e+300
11010608 1 0 0 0 2 3 3 1 2 8 7 5 3 10 11 6 5 1 3 1 0 0 0 0 4 3 3 90648.26531476411 90740.822930957875 72273.840948592362 -1.0000000000000001e+300
11010609 1 1 5 4 3 5 1 3 0 2 0 4 0 0 0 2 2 1 3 1 0 0 0 0 4 3 3 93980.688756402335 94027.551057787292 93886.634460279674 94317.950588889187
11010609 1 5 8 5 4 5 3 4 0 4 1 0 0 2 0 3 1 1 2 1 0 0 0 0 2 2 2 91047.822461630014 89510.16669918019 91271.212734495246 87703.344894114125
11010609 1 10 7 5 2 8 4 0 0 5 2 0 0 3 1 0 1 1 3 1 0 0 0 0 2 2 2 89252.388332349641 85994.191073292037 90019.831519550673 88544.144393646842
11010609 1 2 7 11 10 0 0 8 7 2 2 6 8 1 0 1 6 1 2 1 0 0 0 0 2 0 2 83922.963488361478 82075.736604327161 73675.423982872395 79883.970975957898
11010610 1 0 3 4 2 1 5 3 4 2 2 3 5 1 0 2 0 1 3 1 0 0 0 0 3 1 3 94148.301653407863 94217.486133702201 93745.736381112569 93978.616303377668
11010610 1 2 8 5 4 2 4 4 1 0 1 2 0 2 3 3 0 1 1 1 0 0 0 0 2 1 1 88073.943329875692 89863.235749634492 89520.637741904138 88997.261791762809
11010610 1 4 4 5 10 2 3 6 8 2 3 4 7 1 0 3 6 1 3 1 0 0 0 0 2 1 1 81421.998461257404 89062.073271262081 89458.859746611357 87693.625285854476
11010610 1 2 6 11 10 3 1 8 9 1 7 8 3 5 0 0 0 1 2 1 0 0 0 0 2 2 2 -1.0000000000000001e+300 89247.637688508024 91578.973572112955 71785.629503890304
11010611 1 4 4 2 0 2 1 3 3 2 4 2 3 0 0 1 0 1 3 1 0 0 0 0 3 1 1 96167.885078885811 96098.273926538895 95665.408615900727 95841.638164492455
11010611 1 1 0 5 5 0 2 5 8 0 0 3 6 0 1 4 4 1 2 1 0 0 0 0 2 2 1 85130.683748993528 90864.523537503206 88475.853261974902 89844.112028714837
11010611 1 0 1 0 9 0 2 3 8 3 0 4 7 0 3 4 6 1 3 1 0 0 0 0 4 4 3 83504.176044015781 91141.230658808869 91144.595235239467 91017.443524393253
11010611 1 10 11 2 0 9 8 2 3 7 7 1 2 1 5 4 0 1 3 1 0 0 0 0 3 2 3 98623.536999570322 96051.496729619845 101807.3753929759 97991.383791388304
11010612 0 3 5 5 3 0 0 5 1 3 3 2 5 0 0 1 0 1 2 1 0 0 0 0 1 1 1 93674.479131469023 93700.084993497818 93587.366742822851 93399.680651430739
11010612 0 6 2 2 3 8 5 1 1 3 0 0 0 0 0 0 2 1 2 1 0 0 0 0 4 2 4 88448.249609616163 88114.193464275595 88409.326807591104 88578.78680218404
11010612 0 0 0 3 0 2 5 3 4 7 5 4 3 10 8 7 3 1 1 1 0 0 0 0 1 1 0 90225.745249768763 90502.877071847877 79677.767031939235 90564.129687370456
11010612 0 0 0 0 1 0 0 0 3 3 4 5 6 5 7 11 10 1 2 1 0 0 0 0 2 2 1 87950.161547285999 -1.0000000000000001e+300 75113.070700374039 -1.0000000000000001e+300
11010612 0 7 1 5 1 3 4 7 2 1 5 8 9 6 7 11 10 1 2 1 0 0 0 0 0 1 2 -1.0000000000000001e+300 -1.0000000000000001e+300 3 3
11010613 0 1 3 2 2 0 1 0 0 2 0 3 1 3 0 2 0 1 1 1 0 0 0 0 0 0 1 97385.654418694205 97409.009220268985 97113.816288276939 97204.509927661318
11010613 0 7 6 0 3 8 5 4 2 7 4 4 0 5 1 2 3 1 3 1 0 0 0 0 1 0 1 92080.336393121324 84621.21279449547 90866.084272442284 92055.649101237126
11010613 0 10 8 6 7 7 6 4 1 2 5 5 4 0 3 1 3 1 2 1 0 0 0 0 0 0 0 90155.075439160864 67682.567251093773 -1.0000000000000001e+300 65743.807464469603
11010613 0 4 3 1 2 8 11 5 2 9 5 5 7 10 1 3 8 1 2 1 0 0 0 0 3 2 3 45028.665901860499 42163.811734081981 44210.229479661102 45231.875510533304
11010613 0 5 11 1 3 8 5 6 2 9 3 3 7 10 2 8 1 1 3 1 0 0 0 0 1 1 1 6 6 -1.0000000000000001e+300 -1.0000000000000001e+300
11010614 0 2 0 1 1 3 2 3 2 3 1 1 3 5 2 2 0 1 1 1 0 0 0 0 1 1 2 95919.215067068726 95864.323870857537 96147.080630280354 95949.865846044471
11010614 0 4 6 8 7 5 3 5 4 0 2 0 4 1 0 0 0 1 3 1 0 0 0 0 2 2 3 89831.09662693541 91255.971308974724 90703.633108115333 85026.819979119973
11010614 0 0 1 7 10 0 2 5 8 3 2 1 6 0 1 0 3 1 3 1 0 0 0 0 1 2 3 83346.58804760137 90053.515135141613 89983.649425666314 89461.695622712796
11010614 0 9 11 7 0 8 3 5 0 5 2 2 3 5 0 1 3 1 1 1 0 0 0 0 1 1 2 85469.701396210949 71109.088765548426 83425.884039842334 70722.414898126241
11010614 0 10 5 4 1 8 4 2 2 5 9 6 2 1 11 5 3 1 1 1 0 0 0 0 0 0 0 -1.0000000000000001e+300 -1.0000000000000001e+300 3 3
11010615 1 0 3 0 0 4 2 0 3 3 1 3 4 5 0 3 2 1 1 1 0 0 0 0 1 1 0 96057.415362781961 95257.852353396229 95686.136452337116 95875.925098101303
11010615 1 0 2 5 8 3 3 3 8 0 2 5 6 0 0 2 5 1 3 1 0 0 0 0 3 0 1 84199.750844261827 91157.483816462569 90685.503862507467 88479.687278291094
11010615 1 0 4 7 10 1 4 6 7 2 3 4 5 0 3 0 3 1 2 1 0 0 0 0 3 2 1 81750.321321452386 89507.46510581387 89279.78629460925 88110.643320952542
11010615 1 10 11 5 4 8 7 4 2 5 5 3 3 0 1 0 2 1 3 1 0 0 0 0 4 3 2 89296.854585731329 88265.252224269338 -1.0000000000000001e+300 73495.864585108968
11010616 1 0 1 1 0 2 1 4 0 0 1 2 0 4 4 2 3 1 2 1 0 0 0 0 3 3 2 96942.558081910247 96927.867319002093 95989.192929341676 96506.742899958568
11010616 1 3 2 0 0 7 3 2 3 4 5 3 0 1 3 2 0 1 1 1 0 0 0 0 2 1 1 -1.0000000000000001e+300 89765.984914428045 90547.973930699925 90357.605031662228
11010616 1 4 6 8 9 0 3 6 7 3 2 4 5 0 1 0 4 1 2 1 0 0 0 0 1 0 0 89656.902977886304 91221.086291022832 90954.195892253236 89586.23454209468
11010616 1 4 5 11 10 0 4 4 8 0 0 2 3 0 2 0 0 1 1 1 0 0 0 0 1 0 1 84924.495611466016 89218.68836717894 89263.340631870436 79901.548421637388
11010617 1 0 5 3 0 0 5 1 0 0 6 4 2 2 1 3 4 1 2 1 0 0 0 0 4 3 4 94275.882141199982 94262.973040195997 93167.340063281343 94333.017821017173
11010617 1 8 6 5 3 7 5 3 3 4 3 0 0 3 0 0 0 2 4 0.5 5 0.5 0 0 0 0 1 89430.856268719363 89671.81026908035 90188.954010125919 90639.884108019454
11010617 1 3 4 6 10 0 0 3 5 0 0 1 4 2 0 0 3 1 1 1 0 0 0 0 1 2 2 88010.749569225591 89235.612588947479 88718.25806119667 87801.342426002608
11010617 1 0 2 1 3 2 3 4 0 2 3 7 9 3 5 11 10 1 1 1 0 0 0 0 1 0 1 89407.409742401069 91173.063104051398 79171.691208701581 90090.527254961402
11010618 1 0 0 0 1 0 4 4 2 5 4 5 3 2 4 0 5 1 1 1 0 0 0 0 1 1 0 93695.10313442901 93325.016498317331 93785.631878372689 94215.111656162466
11010618 1 2 0 0 0 1 0 1 0 0 0 3 4 3 6 8 5 1 3 1 0 0 0 0 2 3 3 91065.707187653345 90946.13827417334 89395.765861974214 90963.400256020497
11010618 1 2 0 0 7 1 2 5 6 3 6 5 9 0 4 4 10 1 2 1 0 0 0 0 2 0 0 78176.778671993437 89129.555971338224 88600.965723245681 90070.739380326209
11010618 1 0 0 6 10 3 4 6 11 3 3 6 8 2 4 4 1 1 1 1 0 0 0 0 0 1 1 74321.872414657177 86659.281759019708 86319.880365579273 77250.366732964991
11010619 1 5 5 3 1 6 0 0 0 1 5 6 2 5 1 0 0 1 3 1 0 0 0 0 2 4 1 90350.863192058736 91536.548352076905 89201.048121058731 85773.648099031372
11010619 1 0 0 0 2 3 3 2 1 4 5 4 2 7 8 6 5 1 2 1 0 0 0 0 3 0 2 90908.7805168497 90680.958866537811 83939.714187070698 91180.483308132534
11010619 1 3 0 0 3 4 0 0 1 6 3 3 2 9 6 5 3 1 2 1 0 0 0 0 4 3 4 91105.209921066518 91259.389426092632 90831.382609290929 91504.446864574216
11010619 1 2 3 2 4 1 2 3 8 3 4 8 9 4 6 11 10 1 1 1 0 0 0 0 1 0 0 102021.09856537597 101429.62549538923 96095.234780475541 97091.860112277165
11010620 1 4 0 0 0 5 3 3 3 4 4 1 0 4 2 3 0 1 2 1 0 0 0 0 4 3 3 95128.311120027967 94516.379327148854 94593.24275504284 95472.308438407053
11010620 1 3 2 0 0 5 1 0 2 8 5 2 0 5 0 5 0 1 3 1 0 0 0 0 2 0 1 90717.714505833515 88729.575744852031 90401.028875465199 90741.5717781454
11010620 1 0 2 5 10 1 4 3 9 0 3 0 8 0 3 0 0 1 1 1 0 0 0 0 1 2 0 81156.446965705531 90275.618673612422 89069.670865022286 85589.360484229604
11010620 1 2 3 2 3 2 1 3 7 3 4 7 11 4 6 9 10 1 1 1 0 0 0 0 2 1 2 93953.271139502453 94214.160763937864 -1.0000000000000001e+300 -1.0000000000000001e+300
11010621 0 0 5 3 1 4 4 6 0 3 5 5 2 3 3 1 0 1 2 1 0 0 0 0 2 2 0 91930.253675914471 91362.091900843894 91927.174784342438 91889.675286249985
11010621 0 7 8 7 6 3 3 6 0 3 1 2 0 2 3 0 0 1 2 1 0 0 0 0 4 2 3 90554.228185087733 90887.870102814413 91130.123116568793 84808.021464223173
11010621 0 3 1 7 10 2 0 5 8 0 2 3 6 0 0 2 5 1 3 1 0 0 0 0 2 0 0 80105.936328079653 89417.854402858953 89926.09808041557 89488.876518370249
11010621 0 0 4 8 9 0 3 7 11 0 0 2 7 1 2 1 5 1 3 1 0 0 0 0 3 3 3 85224.635626700925 87871.37581893598 87888.85994361504 84194.379085856766
11010621 0 1 5 6 10 2 6 5 11 2 4 1 7 3 1 5 3 3 6 0.1818181818181818 7 0.27272727272727271 8 0.54545454545454541 2 3 3 -1.0000000000000001e+300 -1.0000000000000001e+300 481.63636363636363 481.63636363636363
11010622 1 0 0 1 3 3 2 4 0 6 4 0 0 4 3 1 0 1 1 1 0 0 0 0 2 4 2 93622.580803923178 93753.503310546512 93571.132881896046 93638.241604767623
11010622 1 0 0 1 2 2 2 4 0 1 3 5 7 3 4 7 0 1 3 1 0 0 0 0 4 3 3 91243.087419693184 89652.255472852499 89487.952348309496 90324.203821075265
11010622 1 1 2 4 10 0 2 5 9 0 1 4 8 0 3 3 6 1 3 1 0 0 0 0 1 1 0 78604.328221902426 90526.384305501619 90346.627611508433 90282.39974163234
11010622 1 3 0 0 0 3 2 1 0 5 4 3 2 6 7 11 4 1 1 1 0 0 0 0 3 3 2 84136.032542798843 84349.626681067137 80156.451442135382 84177.457391524746
11010623 1 1 0 2 3 3 1 1 5 0 2 2 5 0 3 3 3 1 1 1 0 0 0 0 3 4 4 94648.608577535502 95146.211167099507 94970.005260261401 94812.58003569323
11010623 1 7 7 8 6 4 4 3 3 0 2 0 0 0 0 1 0 1 1 1 0 0 0 0 2 3 4 91170.94899927004 89913.514673632715 91091.043242090644 86914.962335716074
11010623 1 9 3 0 0 7 3 4 0 5 4 3 2 4 0 1 0 1 1 1 0 0 0 0 3 4 4 90471.501658500711 84590.53011402121 90640.489134833959 90746.901838744365
11010623 1 1 3 9 11 0 2 4 7 1 3 3 3 0 2 0 0 1 3 1 0 0 0 0 3 3 0 79898.580718686615 80038.170010088128 79853.696936776367 75519.288322292559
11010624 1 3 2 0 2 0 0 3 0 1 0 1 0 1 0 1 2 1 3 1 0 0 0 0 0 1 1 96695.057033433899 97732.381791517459 97330.819890949453 97362.501896955349
11010624 1 7 8 7 4 4 5 4 1 3 2 0 2 3 0 1 0 1 3 1 0 0 0 0 4 4 3 91503.180039594095 91423.001231629503 91976.019915303841 87149.693840985157
11010624 1 10 2 0 0 9 1 0 0 7 4 1 0 5 4 4 1 1 2 1 0 0 0 0 0 1 1 90274.256368093571 78847.996045357606 89684.02282690884 89695.33589726605
11010624 1 0 3 11 10 0 4 8 9 2 5 6 7 3 2 1 6 3 5 0.37499999999999994 6 0.24999999999999994 7 0.37499999999999994 2 1 1 73031.683218601334 90618.885406106099 91429.135285149576 -1.0000000000000001e+300
11010625 1 1 0 1 0 4 5 5 3 4 6 3 0 3 3 4 0 1 2 1 0 0 0 0 2 3 2 91816.546877863177 91125.911361879029 91543.182634015553 92108.656065650619
11010625 1 0 0 1 1 1 0 1 0 2 5 3 0 4 8 6 3 1 2 1 0 0 0 0 1 3 3 90009.55333224003 89687.432644618879 85504.495853593224 89818.592349923914
11010625 1 0 2 0 2 3 3 0 0 6 5 3 3 9 8 7 4 1 1 1 0 0 0 0 2 1 3 91145.200528195361 90974.104292103671 82293.579900571945 90895.688085393849
11010625 1 4 3 0 7 7 3 2 0 7 8 6 5 10 11 7 0 1 3 1 0 0 0 0 1 0 2 81875.005825807384 65468.218663588283 72928.003477329068 90530.265611868541
11010626 1 0 0 2 0 2 3 1 0 1 2 0 0 5 2 1 3 1 2 1 0 0 0 0 4 2 3 96683.295126276775 96610.394244530398 96462.936942396336 95988.354409068677
11010626 1 5 4 6 8 0 3 4 6 3 1 3 4 0 0 2 3 1 1 1 0 0 0 0 3 4 3 86677.852975878734 -1.0000000000000001e+300 88650.10552422161 88933.46503291378
11010626 1 3 5 7 10 1 3 4 8 0 2 3 4 3 0 0 3 1 1 1 0 0 0 0 0 1 1 89612.764257635048 89956.952826640307 89268.531344793766 86581.284361779966
11010626 1 5 2 0 0 11 5 3 1 6 3 1 0 4 3 3 2 1 1 1 0 0 0 0 3 4 4 82880.583840211475 81992.574766010133 81105.053261554465 82353.11952778454
11010627 1 0 3 0 0 2 0 4 1 5 4 3 3 3 6 4 1 1 2 1 0 0 0 0 0 0 0 92974.165216400695 92353.181821181977 92940.22433397625 92703.713344978562
11010627 1 4 5 8 6 4 4 0 1 5 3 3 0 2 3 0 0 1 1 1 0 0 0 0 2 3 3 89009.036855571932 88873.083825619018 91315.762304917749 86815.560852456692
11010627 1 9 6 5 4 5 7 4 4 0 3 0 1 0 0 1 0 1 3 1 0 0 0 0 0 2 0 90609.012507103194 88449.245336632666 90552.63850889969 81927.415405672597
11010627 1 1 0 0 0 0 4 3 2 4 4 6 8 5 6 11 10 3 6 0.1818181818181818 7 0.27272727272727271 8 0.54545454545454541 0 0 0 87438.020445786111 81303.244376023184 77911.99638401423 80425.025577423876
11010628 1 5 4 6 4 3 0 5 4 0 0 3 3 0 2 0 0 1 3 1 0 0 0 0 4 3 2 92372.093301022498 92277.038378654674 92430.628032604844 92265.360207586753
11010628 1 3 4 1 3 1 3 6 6 0 0 0 7 0 2 0 4 1 2 1 0 0 0 0 3 3 4 88942.468753395602 89394.400119467755 89020.632819361752 90601.840935282016
11010628 1 0 0 0 4 3 1 0 6 2 3 6 7 0 0 3 9 1 1 1 0 0 0 0 1 2 2 85382.791117480083 90862.855235357929 90785.049703691373 90911.418741977686
11010628 1 10 11 5 1 5 5 3 8 3 4 0 3 6 2 0 0 1 1 1 0 0 0 0 3 4 4 67853.264203634884 66299.536535559513 -1.0000000000000001e+300 69802.545752343431
11010629 1 0 2 0 5 0 1 4 2 3 0 5 3 3 2 3 4 1 1 1 0 0 0 0 3 2 3 94405.730322066884 93114.588377419059 94203.987487388964 93703.33019165766
11010629 1 1 4 3 4 4 4 4 6 0 1 5 8 0 2 6 7 1 2 1 0 0 0 0 1 1 2 83025.604372518676 90376.567923271505 88949.699074356628 91553.590273821785
11010629 1 0 3 3 5 1 1 5 6 3 2 8 8 0 0 1 10 1 2 1 0 0 0 0 1 2 1 80070.942971916505 90472.535415020335 90169.388094765847 90227.007730055047
11010629 1 0 3 6 8 1 5 5 11 3 2 4 5 2 1 3 3 1 3 1 0 0 0 0 4 4 3 79295.412000174343 85147.97801942908 84776.883953209646 84463.092776131482
11010630 1 1 0 0 0 2 5 1 2 5 3 1 2 3 3 3 0 1 3 1 0 0 0 0 0 0 0 94777.437296729404 94996.286469261249 94886.207919944107 94676.117376716691
11010630 1 3 0 0 1 0 0 3 4 3 3 3 6 4 6 8 7 1 2 1 0 0 0 0 2 2 2 90999.858846718911 91361.165170329157 83684.015680718934 91406.523633136385
11010630 1 3 0 3 3 3 0 4 4 0 3 5 7 4 5 8 10 1 1 1 0 0 0 0 3 4 1 89135.207360585264 89373.701081140563 88642.709105164889 89579.014528289437
11010630 1 0 3 2 9 2 4 5 11 0 0 5 6 1 3 3 7 1 1 1 0 0 0 0 0 0 1 72723.560080038616 80646.466034208846 79897.301512416176 82994.32015528185
11010631 1 3 0 2 1 6 4 0 0 2 5 3 2 3 1 3 1 1 3 1 0 0 0 0 0 0 2 93639.508422851562 93656.513512611389 93650.374898680937 94387.382690429688
11010631 1 5 6 8 7 0 4 4 6 2 2 2 3 0 3 0 0 1 1 1 0 0 0 0 3 1 2 89790.199088980109 90956.219060455987 90755.451018755601 82671.775721300524
11010631 1 0 0 5 10 1 3 6 8 1 3 4 7 0 0 1 5 1 3 1 0 0 0 0 1 4 1 81322.21433960514 -1.0000000000000001e+300 89041.575721972447 89080.506873608741
11010631 1 10 11 8 5 9 6 5 4 5 4 3 1 4 2 1 3 1 2 1 0 0 0 0 3 3 3 91232.145858164062 89815.080175765324 -1.0000000000000001e+300 -1.0000000000000001e+300
11010632 1 2 2 3 0 0 3 1 3 1 2 4 4 1 2 3 2 1 3 1 0 0 0 0 3 1 1 95854.908275434704 95978.13450321753 95754.413110690642 95711.380141936403
11010632 1 0 3 3 4 0 1 4 8 0 5 5 6 1 1 3 3 1 2 1 0 0 0 0 0 2 1 86166.190677424878 89983.149084427394 90625.277448858396 -1.0000000000000001e+300
11010632 1 3 4 5 9 0 4 7 8 3 2 1 7 3 0 0 3 1 1 1 0 0 0 0 0 1 0 88507.489288572673 91422.285185248489 92694.397418304958 90896.249973429207
11010632 1 6 8 11 4 6 2 2 1 3 1 0 0 1 0 0 0 1 1 1 0 0 0 0 0 2 3 84930.735984831161 83956.014519024233 84896.443721018615 81193.180301056491
11010633 1 3 5 3 0 2 3 5 2 2 4 1 1 0 0 1 2 1 2 1 0 0 0 0 4 2 4 94834.693934942174 94227.553599608393 94848.946587569619 94168.331807994444
11010633 1 3 3 0 0 8 4 5 3 5 4 3 0 4 4 0 0 1 1 1 0 0 0 0 3 4 4 90941.03630721604 87929.612538720496 87989.649043032681 88834.33936789514
11010633 1 10 9 6 4 7 6 5 3 6 5 3 3 5 1 2 1 1 2 1 0 0 0 0 3 3 4 88785.710013785269 85770.421255586116 90128.405106970487 89396.208481042704
11010633 1 6 8 11 4 3 8 3 0 3 3 1 0 2 1 0 2 1 1 1 0 0 0 0 0 1 3 81427.982942468021 80882.871472013896 82402.730147717652 80189.532114592206
11010634 1 4 3 5 2 4 6 0 0 3 0 1 1 0 0 2 0 1 2 1 0 0 0 0 1 0 3 93737.195827186093 93174.505171999335 93697.800881809657 93267.8776956035
11010634 1 0 1 2 5 0 3 3 8 3 2 4 7 0 4 7 5 1 2 1 0 0 0 0 3 1 1 81682.144745166166 87906.604526170384 87918.177413634781 88035.955760572309
11010634 1 3 6 7 9 0 3 6 4 1 0 2 3 2 0 3 0 3 4 0.33333333333333331 5 0.33333333333333331 6 0.33333333333333331 3 2 4 91077.7525932633 90050.450569957684 88531.040181198783 86455.538358538412
11010634 1 10 11 7 0 9 7 4 0 7 4 3 0 3 3 3 2 1 1 1 0 0 0 0 2 2 3 94968.639351821461 78132.943196047738 95563.143068295583 96094.071502180261
11010635 1 3 3 3 1 3 5 4 5 1 3 0 0 0 2 2 0 1 1 1 0 0 0 0 2 3 4 94242.857009934785 94054.963878916111 94340.912582762452 94270.57094637159
11010635 1 4 2 7 0 1 6 6 4 3 2 1 3 1 3 1 2 1 1 1 0 0 0 0 2 4 4 87471.802073667917 88730.001714343452 88732.78349896826 -1.0000000000000001e+300
11010635 1 1 5 6 9 1 0 5 8 2 0 4 6 3 0 3 4 1 1 1 0 0 0 0 1 3 2 83674.594941640622 90715.360320653519 90847.369364009646 90542.50243613671
11010635 1 0 2 6 6 3 3 9 7 1 4 10 11 0 3 3 3 1 1 1 0 0 0 0 3 4 4 60541.199674534342 64078.133773486312 63133.983821940805 63265.980117615334
11010636 1 3 1 2 3 1 0 6 1 0 0 5 5 2 0 0 1 1 2 1 0 0 0 0 1 2 1 94277.096904867227 94499.854230549594 94165.710237079184 94103.680588764895
11010636 1 1 3 0 0 2 3 3 3 3 4 1 3 7 8 7 4 1 2 1 0 0 0 0 0 0 0 91138.673838214076 88406.871509891789 82137.260475510062 91300.863345504462
11010636 1 0 3 0 1 0 0 0 4 6 0 5 3 9 8 5 3 1 2 1 0 0 0 0 1 1 1 90999.533908314887 90868.662657109438 85943.789761010659 91147.802549176078
11010636 1 0 3 0 3 3 0 3 4 0 0 4 6 3 5 11 10 1 1 1 0 0 0 0 3 4 3 86411.332123702799 88958.709593259933 84054.00684991054 88666.752859137487
11010637 1 2 0 2 1 0 3 0 0 2 3 0 0 1 1 3 0 1 3 1 0 0 0 0 1 1 0 97477.080287098885 97152.805348363181 97357.034065330008 97372.490543549357
11010637 1 1 2 8 5 0 2 7 3 0 3 1 3 0 0 1 2 1 2 1 0 0 0 0 2 1 4 86114.317746814733 85596.39573102977 86687.000729223975 87285.983919982944
11010637 1 3 7 8 10 3 5 6 7 3 4 4 5 1 2 2 1 1 2 1 0 0 0 0 3 2 2 90108.756642973036 90194.342696983629 90681.278414237546 89472.854042138904
11010637 1 5 8 11 10 1 4 6 8 0 0 3 7 0 2 0 1 1 2 1 0 0 0 0 2 2 3 84611.352497052198 86741.427876921531 86108.558324374142 70062.190617236527
11010638 0 0 0 0 2 3 0 0 1 1 0 0 1 5 2 2 3 1 2 1 0 0 0 0 3 2 4 97407.596355344038 97071.144655068711 97335.019899156352 97305.475089084954
11010638 0 1 3 0 0 1 2 2 0 3 4 3 1 3 6 8 6 1 1 1 0 0 0 0 2 4 4 90678.103141746222 90958.177336396751 87052.24520877171 90789.130468734453
11010638 0 0 1 3 0 4 3 5 0 4 6 5 3 5 7 8 9 1 2 1 0 0 0 0 1 1 1 91282.180288561984 90483.823313045083 82972.535270542532 91494.64265541207
11010638 0 5 3 0 2 6 4 3 3 8 5 3 0 9 11 3 0 1 1 1 0 0 0 0 1 1 1 86981.678931087459 78509.747352997889 86095.331958345676 86795.292290215322
11010638 0 3 3 9 5 2 3 6 8 9 8 1 7 10 11 5 1 1 2 1 0 0 0 0 1 1 0 3 3 3 3
11010639 1 2 0 1 0 1 2 3 0 4 3 6 3 2 1 4 4 1 2 1 0 0 0 0 1 0 3 93712.163375814751 93694.414101503513 93706.941346833555 93367.688162485763
11010639 1 0 2 4 5 1 3 6 6 0 0 4 8 0 2 0 7 1 2 1 0 0 0 0 4 2 4 84425.466610146221 90994.128205327477 90918.231614944758 90594.031829599218
11010639 1 1 0 3 5 0 2 4 7 0 3 7 8 0 3 7 9 1 2 1 0 0 0 0 1 0 1 86415.358104119252 92121.222619791108 91702.038751206652 92053.737566925469
11010639 1 1 3 1 3 4 1 4 3 4 5 8 6 2 7 11 10 1 2 1 0 0 0 0 2 3 2 -1.0000000000000001e+300 -1.0000000000000001e+300 60161.634823469285 72707.511436757573
11010640 1 0 3 6 2 0 4 5 1 2 2 5 0 3 1 1 3 1 2 1 0 0 0 0 4 3 4 92322.03399719084 92442.682500514115 92732.660787070461 92197.402786271065
11010640 1 3 3 0 0 0 0 3 4 0 3 4 5 3 5 7 6 1 2 1 0 0 0 0 4 3 3 91150.553325616056 91568.237839491892 90305.699830030178 91422.062965687888
11010640 1 4 6 8 10 2 6 5 7 0 3 5 2 0 4 3 2 3 4 0.5 5 0.25 6 0.25 4 1 2 84452.719334671274 -1.0000000000000001e+300 87441.25386669673 77328.004631427582
11010640 1 3 2 3 0 0 5 1 4 0 4 4 11 3 1 2 11 1 2 1 0 0 0 0 1 0 0 93415.160930548096 93496.214246499483 94028.531730533548 93831.502715736424
11010641 1 0 3 5 3 3 5 4 3 2 1 4 4 0 0 3 0 1 3 1 0 0 0 0 3 3 0 93673.74714206194 93718.983129310596 94255.152461108446 93867.759594485164
11010641 1 3 6 7 5 2 5 5 1 1 0 2 0 4 0 0 0 1 3 1 0 0 0 0 2 2 2 90591.041139198496 90640.377082081221 90954.737293569808 90975.2142936007
11010641 1 0 2 0 3 3 4 2 1 0 7 4 2 10 9 8 5 1 1 1 0 0 0 0 1 0 1 89339.338878854105 87802.902225130194 77139.025805569676 88723.47808414296
11010641 1 1 0 2 0 1 0 1 0 3 6 2 1 5 11 8 6 1 3 1 0 0 0 0 1 3 3 82160.013343878105 82671.957910675279 69049.489599980705 81856.242422731812
11010642 1 0 0 1 3 2 2 3 5 0 3 3 6 1 4 4 3 1 3 1 0 0 0 0 0 0 0 92985.58332747349 92848.713355512329 93612.740748242359 93572.268123356975
11010642 1 2 0 0 0 4 2 0 1 5 3 2 0 5 8 6 2 1 1 1 0 0 0 0 2 0 3 91079.923076454943 89915.107494348369 88494.854312733733 91392.844195790472
11010642 1 5 3 1 0 7 6 2 0 8 4 2 2 10 7 4 0 1 3 1 0 0 0 0 3 1 2 -1.0000000000000001e+300 70350.368731367387 88599.313085877016 88373.574419174183
11010642 1 1 3 7 10 0 0 5 11 3 0 1 6 0 0 3 0 1 3 1 0 0 0 0 1 3 1 80773.299419328716 88694.242583781626 88431.427021427604 82620.00364304574
11010643 1 1 4 0 2 4 5 0 3 1 2 5 3 3 2 0 3 1 2 1 0 0 0 0 3 1 3 93118.759746699099 93408.800758665267 93454.315012481471 92806.843489344159
11010643 1 7 3 0 1 8 4 3 0 6 5 1 0 5 1 2 0 1 3 1 0 0 0 0 0 2 0 91704.92377174196 86741.493719555438 91593.831756691259 91868.533835047769
11010643 1 10 7 5 4 7 6 5 0 5 0 1 0 3 2 0 0 1 3 1 0 0 0 0 4 4 3 89749.737143630598 88577.649214498815 89682.497198442972 88807.097624936723
11010643 1 4 6 11 4 3 3 5 4 0 4 4 2 1 2 0 0 1 2 1 0 0 0 0 3 1 2 81969.147861683348 81947.408532292582 82293.4845780709 80062.815530060485
11010644 1 0 3 2 4 2 1 2 1 0 3 4 3 0 0 0 1 1 2 1 0 0 0 0 3 2 3 96831.477053879353 95912.933773248908 96385.684908473297 96233.956657628223
11010644 1 4 2 1 0 8 4 3 2 6 3 2 0 2 0 0 1 1 1 1 0 0 0 0 1 0 4 91446.028510232136 88884.281086490155 90213.607662001959 90127.853780392135
11010644 1 10 4 1 0 8 6 5 3 7 5 1 2 5 3 2 0 3 5 0.25 6 0.25 7 0.5 1 1 1 81321.927931798622 81978.782988671112 83053.005598761432 86826.314250890486
11010644 1 8 7 5 3 11 7 5 3 3 3 2 2 0 3 1 0 1 2 1 0 0 0 0 3 1 3 86677.473695669265 86351.705334031896 86694.603891951163 81360.808369224338
11010645 1 3 0 3 0 5 2 0 3 2 1 1 2 6 3 5 3 1 1 1 0 0 0 0 0 0 0 93259.289280746932 92980.817118292558 92447.720557207474 92844.658117108076
11010645 1 4 2 0 0 6 5 1 0 7 5 2 0 3 0 0 1 1 3 1 0 0 0 0 1 1 1 91056.446012667075 91278.300099241693 91109.661621505293 91021.36946634957
11010645 1 10 8 7 4 4 5 3 1 4 1 0 2 2 0 0 0 1 3 1 0 0 0 0 0 0 0 89023.421281679301 88965.96623558359 89512.781521938945 83589.084944857066
11010645 1 3 0 3 0 11 1 0 2 9 5 1 2 8 8 6 2 1 1 1 0 0 0 0 2 2 3 90410.791079026501 82088.92641667978 83381.697983756603 87898.364185874147
11010646 1 0 1 1 4 2 0 1 4 0 3 4 6 3 4 6 4 1 2 1 0 0 0 0 0 1 1 90953.59184444393 91024.399912516266 88846.303413684713 91556.599578857422
11010646 1 0 3 5 5 0 3 4 7 0 4 5 8 3 0 5 7 1 2 1 0 0 0 0 4 3 3 84203.087743274635 91555.267330314324 90760.220303626891 92163.222983322063
11010646 1 1 3 4 4 0 5 4 7 3 5 6 8 0 2 7 10 1 3 1 0 0 0 0 3 3 3 78340.851645280069 89933.354777635031 89951.643563823643 90084.114512467917
11010646 1 0 5 9 10 2 3 3 11 2 4 3 6 0 0 3 1 1 3 1 0 0 0 0 2 1 2 73997.159053045951 88724.679235825781 88435.767010785552 79291.782870105948
11010647 1 2 2 1 0 1 0 3 2 0 0 1 3 3 0 0 0 1 1 1 0 0 0 0 0 1 1 96813.40386731537 96804.351060973262 97276.261491219208 97397.787725163827
11010647 1 4 5 8 6 4 3 4 3 0 2 0 1 1 0 0 0 1 3 1 0 0 0 0 1 2 2 91098.40236001939 91166.117896993441 91067.30337504331 87419.815938813335
11010647 1 3 6 8 10 0 3 4 4 1 4 3 4 0 0 1 0 1 1 1 0 0 0 0 0 3 2 88329.478858660412 89415.113488503906 89290.91848370948 83302.504295256862
11010647 1 4 11 7 6 3 3 1 2 0 0 3 1 0 0 0 2 1 2 1 0 0 0 0 3 2 2 83131.908074317282 83349.048725052577 82845.715277413357 81123.53133482764
11010648 1 3 0 2 0 3 4 6 3 1 5 4 0 3 3 3 0 1 3 1 0 0 0 0 0 0 0 93786.74376169841 92336.231878661667 93107.39788457485 93229.350954021269
11010648 1 5 3 1 0 8 4 2 1 8 6 3 0 7 6 3 0 1 1 1 0 0 0 0 2 4 4 86886.942394229874 82556.101386876777 86208.604055448523 86772.669495714013
11010648 1 0 2 0 0 0 0 0 3 3 4 6 5 10 9 7 5 1 1 1 0 0 0 0 2 2 3 90512.947042078391 90226.186117218618 79489.971923753692 89836.857946329881
11010648 1 3 0 0 0 5 3 2 0 6 1 2 1 8 11 7 5 1 3 1 0 0 0 0 4 4 3 82353.987529778417 77817.638467693338 73264.624676771055 -1.0000000000000001e+300
11010649 1 6 5 4 4 4 5 6 0 2 1 0 0 3 0 0 2 1 1 1 0 0 0 0 3 3 4 92544.924141895608 91908.912436541359 91777.651934486435 90929.161788500089
11010649 1 6 4 3 0 8 3 2 0 6 4 2 0 3 3 0 1 1 1 1 0 0 0 0 2 2 4 91387.91360783852 86208.699567048709 91493.555316150479 91385.225734321313
11010649 1 10 2 0 0 9 2 3 0 8 4 0 1 6 4 3 2 1 3 1 0 0 0 0 3 1 3 90001.641739390019 68663.004817426845 89637.16119720733 88653.205275373548
11010649 1 5 3 1 0 11 5 3 0 9 5 0 2 2 6 8 5 1 3 1 0 0 0 0 1 0 1 72776.535009060768 58620.904331629834 71246.945841585039 73672.400427752451
11010650 1 3 2 5 0 3 5 0 0 4 2 3 3 3 4 1 4 1 1 1 0 0 0 0 2 2 1 92058.615691055194 93555.789264000792 93636.425727106907 93452.460656479336
11010650 1 5 6 8 6 5 2 5 3 1 3 1 0 1 3 2 2 1 3 1 0 0 0 0 4 4 3 -1.0000000000000001e+300 90198.550563586425 90136.855536803312 85234.929041743089
11010650 1 10 3 0 3 8 4 3 2 6 5 1 3 4 4 2 0 1 1 1 0 0 0 0 2 2 2 89271.085129245097 82204.484705938725 89388.212914128759 89471.856005349429
11010650 1 8 7 6 0 8 4 3 2 11 4 0 0 5 1 0 1 1 2 1 0 0 0 0 3 3 4 86838.2300888014 79081.751278109878 87626.19779300502 81319.190921610105
11010651 1 2 0 0 0 0 1 1 2 3 4 4 3 6 6 5 5 1 1 1 0 0 0 0 3 4 4 91280.199955802294 91436.827251641385 90819.281031092876 91906.501254510804
11010651 1 0 3 0 0 3 4 2 3 3 4 4 1 3 8 7 6 1 1 1 0 0 0 0 3 4 2 88484.18661305483 85590.192678299587 85900.791782244472 88650.35713680397
11010651 1 3 3 0 0 1 1 0 0 5 5 3 3 7 8 9 10 1 2 1 0 0 0 0 0 1 0 89925.268929229613 89940.940613444647 69198.896825689473 -1.0000000000000001e+300
11010651 1 3 0 2 4 2 3 4 5 1 5 6 8 3 7 11 9 1 3 1 0 0 0 0 3 2 2 87229.081261719839 87645.704186324903 83431.677683640082 87916.000187848287
11010652 1 0 3 0 1 3 5 2 0 0 3 5 4 0 2 3 5 1 2 1 0 0 0 0 3 1 2 93561.830762831378 93890.779886262055 93924.763701573131 93738.127377972793
11010652 1 7 0 0 3 8 3 0 0 6 5 1 1 4 3 2 3 1 3 1 0 0 0 0 1 2 2 91559.880954534223 82020.595761125034 91326.039157884952 91477.325445687675
11010652 1 10 7 6 2 2 5 6 3 1 3 4 0 3 0 0 0 1 2 1 0 0 0 0 2 0 0 -1.0000000000000001e+300 87388.140192360443 87101.226284675737 82968.955628215626
11010652 1 1 0 0 5 2 0 5 11 0 2 6 8 1 5 5 6 1 2 1 0 0 0 0 4 3 4 82471.187158506102 83493.058227752394 83433.783970565011 83774.662531247304
11010653 1 3 1 6 1 2 6 3 4 3 3 1 2 1 4 0 3 1 2 1 0 0 0 0 1 2 2 89966.824313426012 91934.489661880332 -1.0000000000000001e+300 89562.240001722865
11010653 1 0 0 2 0 6 4 0 1 8 4 1 0 6 4 4 2 1 1 1 0 0 0 0 3 4 4 91603.290358043523 88375.71185955964 91334.465159146057 91227.180065653578
11010653 1 1 0 3 0 5 4 1 1 7 5 0 0 9 5 4 2 1 2 1 0 0 0 0 0 1 2 91215.058160406727 84536.297347346743 90121.787860362674 91270.152113314078
11010653 1 2 0 0 1 4 1 0 0 6 4 2 2 10 11 5 1 1 3 1 0 0 0 0 3 3 3 88429.248574167243 88538.67444663131 84510.407496893895 88543.944561345823
11010654 1 3 5 3 0 6 4 5 0 2 4 1 0 3 0 0 2 1 3 1 0 0 0 0 4 3 3 92510.886020957085 92683.681047097387 92658.005205717782 92651.093746259474
11010654 1 5 0 5 1 7 3 2 0 8 5 1 0 6 5 0 0 1 3 1 0 0 0 0 1 2 1 91129.674911088616 85707.116091605771 88838.552458686943 91417.640526871735
11010654 1 0 0 2 1 3 1 2 0 3 4 6 0 10 9 7 5 1 3 1 0 0 0 0 1 1 2 89869.456617044198 89786.376125331808 77291.495616195549 89806.43471862271
11010654 1 10 8 0 2 11 6 3 1 7 5 5 0 5 3 0 3 1 3 1 0 0 0 0 1 1 0 90964.979681734127 79019.302600578158 90225.934473718968 90568.739849478035
11010655 1 0 3 0 0 2 1 4 3 0 3 5 1 0 2 1 4 1 2 1 0 0 0 0 0 0 2 95863.945748594066 95089.779251098633 95100.816114920148 95506.31925201416
11010655 1 0 3 2 3 1 4 2 0 2 4 1 0 7 8 7 4 1 2 1 0 0 0 0 2 0 0 91643.325314469868 91073.529916705505 85944.644384465995 91658.535884629033
11010655 1 2 3 0 0 6 4 3 0 5 7 1 3 9 7 6 5 1 3 1 0 0 0 0 1 1 2 -1.0000000000000001e+300 89023.006837782508 78875.412033850545 88849.620774026655
11010655 1 2 0 5 5 1 4 6 7 0 3 4 11 0 3 2 4 1 3 1 0 0 0 0 3 2 1 78569.665265556905 82501.572419329546 82704.71938175254 82878.882218907689
11010656 1 3 1 4 1 0 0 0 4 0 2 5 3 2 2 0 1 1 1 1 0 0 0 0 0 1 2 94924.837896417695 95715.539299571959 95868.383751339381 95045.036739726129
11010656 1 2 1 0 0 3 4 1 0 7 4 3 0 3 7 3 3 1 3 1 0 0 0 0 3 4 1 89243.530822720204 89298.771345827219 88874.746100301738 88269.076420729602
11010656 1 3 3 1 1 0 0 4 5 0 4 8 7 5 8 9 10 1 3 1 0 0 0 0 1 3 2 88203.79176977968 89982.322985827966 88270.523040316999 89836.710871075396
11010656 1 5 4 3 0 7 6 3 3 9 8 4 0 10 11 2 3 1 2 1 0 0 0 0 2 0 0 93123.042592609243 74198.54107328532 94206.514141302498 94114.440219409895
11010657 1 2 4 1 2 5 2 1 2 2 1 5 1 3 0 1 0 1 3 1 0 0 0 0 4 4 3 94244.790803525902 94036.236707771677 94559.347391309653 94555.210236341314
11010657 1 3 4 6 7 2 3 4 8 0 0 5 6 0 0 2 3 1 3 1 0 0 0 0 3 1 3 87236.208918385732 -1.0000000000000001e+300 -1.0000000000000001e+300 91245.620303130592
11010657 1 0 4 5 10 0 1 4 9 2 2 3 6 0 1 0 4 1 3 1 0 0 0 0 1 1 1 81038.114302814691 89824.16103033851 89218.317290409206 89357.999986627954
11010657 1 3 0 0 5 2 0 0 11 3 0 5 8 0 3 5 6 3 4 0.54545454545454541 5 0.27272727272727271 6 0.1818181818181818 1 0 0 80646.585692324705 82641.403015809381 84126.202401035684 84163.567620527319
11010658 1 3 0 0 0 0 4 6 1 4 6 2 0 5 5 3 3 1 1 1 0 0 0 0 3 4 4 90343.849081756125 90462.063592853243 90678.89293731752 90890.483708042084
11010658 1 7 4 3 3 8 5 1 0 6 4 1 0 4 0 1 2 1 2 1 0 0 0 0 1 2 0 91605.87795636346 86597.194982275265 91526.701475110269 90617.944349800178
11010658 1 9 7 5 2 8 5 4 0 6 4 0 0 4 3 0 0 1 3 1 0 0 0 0 4 3 2 -1.0000000000000001e+300 89252.169530566156 -1.0000000000000001e+300 90674.401840440201
11010658 1 10 4 2 2 11 4 4 0 7 6 1 0 5 4 3 0 1 2 1 0 0 0 0 2 0 0 86764.850209516939 70489.575472170807 84579.898849937832 83804.094827859168
11010659 0 0 2 3 0 1 1 1 3 1 4 2 3 3 1 2 3 1 2 1 0 0 0 0 2 3 2 95356.873386022431 95526.822691293928 95759.139849890897 96116.878262866216
11010659 0 7 8 6 3 5 4 3 4 0 3 3 3 2 0 1 0 1 1 1 0 0 0 0 3 4 4 91160.551811152516 91246.136528327945 91119.121286066395 84126.365754451966
11010659 0 10 7 5 3 6 4 4 0 4 1 1 0 2 0 0 1 1 1 1 0 0 0 0 1 4 2 88402.035693025624 88040.027387753435 88501.734843263403 86058.013770598976
11010659 0 10 11 7 5 0 8 5 4 2 1 8 1 0 0 3 2 3 6 0.1818181818181818 7 0.27272727272727271 8 0.54545454545454541 2 2 3 70757.354219592715 77753.858483537682 66018.942834900445 72231.336496554679
11010659 0 3 3 7 8 10 11 4 5 9 6 8 4 4 5 2 3 1 1 1 0 0 0 0 0 0 0 3 3 -1.0000000000000001e+300 -1.0000000000000001e+300
11010660 1 0 0 0 1 0 1 3 2 0 2 5 4 3 0 4 4 1 3 1 0 0 0 0 1 1 0 95545.383656481892 95927.458727518708 96015.187794473444 95743.661256631211
11010660 1 2 3 3 3 1 4 6 7 0 0 4 5 0 0 2 3 1 1 1 0 0 0 0 0 0 2 90222.725751867038 90988.173341147005 90437.062530967378 90765.730243570404
11010660 1 0 1 3 4 2 2 3 5 0 3 5 8 1 3 7 9 1 2 1 0 0 0 0 1 0 1 80657.689864367421 -1.0000000000000001e+300 90636.029044829935 90982.309324746529
11010660 1 1 2 0 1 6 5 2 0 9 7 2 0 10 11 3 2 1 1 1 0 0 0 0 2 1 4 91737.631079427709 79174.647140779576 91620.686917392391 92074.821461949585
11010661 0 0 0 2 0 1 4 1 0 6 5 2 3 4 4 1 2 1 1 1 0 0 0 0 0 1 1 94234.100060780838 93511.633624447699 93752.935309944063 93476.888860702515
11010661 0 4 0 2 1 0 2 4 5 0 1 3 6 5 7 6 2 1 3 1 0 0 0 0 3 2 3 87862.10246057983 89345.288038133076 87288.89661041784 89737.881052045414
11010661 0 0 3 0 0 0 2 0 3 0 3 10 3 1 3 10 6 1 2 1 0 0 0 0 2 1 2 88542.876935287626 89389.844147544209 88791.294904777082 89833.551159086623
11010661 0 3 3 0 4 0 1 4 4 3 5 8 3 3 11 9 3 1 2 1 0 0 0 0 3 3 2 73791.858174535155 74194.192764075007 67883.46519799727 74577.277744922787
11010661 0 0 8 5 3 5 6 7 4 4 11 9 6 1 1 10 5 1 1 1 0 0 0 0 1 4 3 0 -1.0000000000000001e+300 0 -1.0000000000000001e+300
11010662 1 0 0 0 2 0 0 1 4 2 2 6 4 1 3 4 1 1 3 1 0 0 0 0 2 2 3 93627.791167688105 -1.0000000000000001e+300 93670.8505086683 94285.367684086785
11010662 1 1 2 1 3 5 5 7 3 1 1 1 2 3 0 0 4 1 2 1 0 0 0 0 0 2 0 87871.695252656602 89706.614870983409 88127.160460722225 88186.63478035749
11010662 1 9 6 1 3 8 8 5 2 4 5 2 0 1 0 3 0 1 1 1 0 0 0 0 0 1 1 91768.403114694782 87145.223894604031 -1.0000000000000001e+300 77580.282198954723
11010662 1 4 11 7 6 3 4 6 0 0 3 0 0 0 1 0 0 1 1 1 0 0 0 0 2 4 4 84140.05108063019 85027.167783515688 -1.0000000000000001e+300 81824.429577224204
11010663 1 0 2 2 1 0 0 3 1 3 1 0 0 3 0 2 0 1 3 1 0 0 0 0 1 1 0 96982.948056273977 97129.77555689546 97385.010216249371 97442.248259844055
11010663 1 0 0 2 3 0 0 3 5 0 1 5 8 3 5 6 7 1 3 1 0 0 0 0 2 2 1 88960.297180881724 -1.0000000000000001e+300 90678.665676110439 -1.0000000000000001e+300
11010663 1 3 0 0 1 0 3 0 3 3 2 0 8 3 1 7 9 1 2 1 0 0 0 0 1 1 0 87164.542281624046 89544.481371432237 89181.718821526083 90716.182534885374
11010663 1 0 3 11 9 1 3 7 7 0 1 4 6 0 2 3 4 1 3 1 0 0 0 0 2 3 2 79675.082980723339 86292.257991495833 86928.170295005169 86834.147968811201
11010664 0 1 2 5 0 3 4 3 0 2 0 3 0 0 0 2 2 1 1 1 0 0 0 0 3 1 2 96231.1627143363 95829.757860177822 96345.751223081475 96040.155482884831
11010664 0 0 0 2 1 0 4 1 3 4 3 5 5 5 6 8 7 1 2 1 0 0 0 0 0 0 2 91381.520005993298 90840.554256149422 85137.747261033408 91870.587359189405
11010664 0 3 0 3 6 0 1 4 5 0 0 5 8 3 4 8 9 1 1 1 0 0 0 0 1 3 0 86679.066744823693 90842.895276385592 90449.547146895755 90760.039974201092
11010664 0 1 0 0 0 2 0 2 8 3 0 3 11 2 5 9 10 1 2 1 0 0 0 0 3 0 2 71127.697300129046 88332.092624084326 77859.98611795438 87687.104428361403
11010664 0 2 4 3 4 3 2 5 8 4 8 11 0 1 9 10 3 1 1 1 0 0 0 0 1 1 0 -1.0000000000000001e+300 0 0 0
11010665 1 3 0 0 2 0 0 0 4 2 2 3 1 3 1 4 3 1 2 1 0 0 0 0 4 2 2 96362.059756059491 96122.546936398459 95916.340743246532 96102.524886244821
11010665 1 0 0 2 0 2 1 0 2 3 4 3 4 7 8 7 5 1 1 1 0 0 0 0 2 1 2 91621.845688355286 91405.957145591427 83739.467839725228 91432.212864040324
11010665 1 6 3 3 3 7 6 5 3 9 7 5 1 10 8 2 3 1 1 1 0 0 0 0 3 4 4 90165.565975866877 86264.232533644303 92191.548097768449 87843.481659684956
11010665 1 8 6 3 3 10 3 4 1 11 5 2 3 0 0 4 3 1 3 1 0 0 0 0 4 4 3 72734.909447997139 65698.83034819254 71570.990935016031 71119.093405541556
11010666 1 1 0 0 0 3 6 5 5 3 4 4 3 1 1 2 0 1 2 1 0 0 0 0 2 3 4 92041.705495495742 92941.514509834305 93080.942412468008 93442.104667372158
11010666 1 2 0 0 0 3 1 1 3 6 3 0 0 8 8 6 5 1 2 1 0 0 0 0 1 1 2 91865.520268779554 89437.977733277468 84497.696896279303 91435.083491920552
11010666 1 6 2 0 0 5 3 3 0 7 4 2 1 10 7 5 3 1 2 1 0 0 0 0 2 0 0 91804.305160274525 87894.191869579532 89368.165433163813 -1.0000000000000001e+300
11010666 1 8 3 3 0 11 4 1 2 5 5 1 3 0 2 3 0 1 2 1 0 0 0 0 4 3 4 82324.195559657353 80248.812591493159 82621.661575235659 80847.886368550069
11010667 1 1 6 3 2 6 3 3 0 6 3 3 0 2 4 3 0 1 3 1 0 0 0 0 4 3 2 90082.543759590728 89064.152347369061 92146.076383337422 92809.756974898337
11010667 1 1 4 4 2 7 7 1 0 3 2 3 1 0 3 1 0 1 3 1 0 0 0 0 2 4 2 88247.217848198779 87192.82651354569 88125.745552774184 87990.083294406271
11010667 1 1 0 3 0 0 3 1 1 5 4 2 3 10 7 4 3 3 5 0.25 6 0.25 7 0.5 1 3 0 86371.514968390649 87465.687610111432 87728.699869295335 85226.781352731443
11010667 1 3 1 1 4 0 2 3 5 3 4 5 8 3 7 11 9 1 3 1 0 0 0 0 2 3 1 83790.138737784189 -1.0000000000000001e+300 81268.775381300715 86746.034611556432
11010668 1 0 0 2 1 3 4 6 5 1 3 4 5 1 0 4 0 1 3 1 0 0 0 0 1 3 3 92440.849141438783 92399.358512418607 92318.075449142911 91693.064519251624
11010668 1 5 3 3 2 8 4 2 0 6 5 3 1 4 2 0 0 1 1 1 0 0 0 0 2 1 3 90231.421314136649 86107.57538726709 90319.650170248729 89481.626704935567
11010668 1 9 7 4 2 8 4 3 0 5 4 2 0 4 1 0 0 1 3 1 0 0 0 0 4 3 3 -1.0000000000000001e+300 86469.454930257911 90840.217565183266 90215.02880942593
11010668 1 3 1 1 0 7 1 3 0 11 6 7 2 10 6 0 1 1 2 1 0 0 0 0 0 2 0 82462.602561635184 75126.874241102909 79580.202311465648 84903.16336794541
11010669 0 0 2 0 0 1 2 2 3 0 0 4 3 0 3 3 5 1 3 1 0 0 0 0 3 1 1 95560.271834578787 96158.291930345367 95723.209018029767 95981.499523801263
11010669 0 0 0 2 5 0 1 5 7 0 0 4 8 1 2 5 8 1 3 1 0 0 0 0 4 4 3 84632.591214925415 91617.202101279763 88525.507554900949 91572.910559925396
11010669 0 0 0 3 3 0 3 6 6 3 3 5 8 3 0 0 9 1 1 1 0 0 0 0 0 1 1 84852.346923639663 90826.609575676615 91375.364412355499 91765.819402543493
11010669 0 2 7 3 1 4 10 6 8 2 9 11 4 2 10 3 3 1 3 1 0 0 0 0 2 0 1 6 6523.0308302265594 -1.0000000000000001e+300 -1.0000000000000001e+300
11010669 0 2 7 3 1 4 10 6 8 2 9 11 4 3 2 10 4 1 1 1 0 0 0 0 1 0 1 -1.0000000000000001e+300 -1.0000000000000001e+300 9 9
11010670 1 3 2 1 4 2 3 3 4 0 0 4 0 3 0 3 0 1 2 1 0 0 0 0 3 1 1 95805.322801561153 95612.007466360606 95827.460811713012 96001.815525383412
11010670 1 6 8 6 4 6 5 4 1 2 3 0 0 1 3 3 1 1 2 1 0 0 0 0 0 1 0 90859.774388151578 89342.017996405484 89952.842291870897 85717.568396131508
11010670 1 9 8 7 5 2 3 5 4 0 0 1 3 0 0 0 1 1 2 1 0 0 0 0 0 0 2 91152.144635947276 -1.0000000000000001e+300 -1.0000000000000001e+300 71700.451193199013
11010670 1 7 9 11 5 5 5 0 1 4 2 0 0 3 0 0 0 1 2 1 0 0 0 0 4 3 4 82517.763439699629 81025.434796304602 -1.0000000000000001e+300 70848.899864820021
11010671 1 3 5 3 0 6 5 1 2 1 5 2 0 2 2 3 1 1 2 1 0 0 0 0 2 0 4 90497.581933678521 91092.262273519998 91246.244983291632 91448.655386462502
11010671 1 5 5 3 1 7 4 0 0 5 1 0 0 3 2 0 0 1 3 1 0 0 0 0 2 3 3 91376.292107483881 90677.525937964601 91451.681274647126 91605.477304325206
11010671 1 3 4 0 0 6 3 3 0 9 5 0 0 9 3 0 3 1 1 1 0 0 0 0 2 3 2 90905.900227296195 86447.543430015838 88392.301444678786 90644.516000091622
11010671 1 5 4 1 0 6 4 1 2 11 1 0 0 4 0 0 2 1 3 1 0 0 0 0 1 2 1 82874.321291650689 81774.194070606027 83258.451011391066 82809.749638268448
11010672 1 0 1 3 0 0 5 2 1 3 4 4 0 3 3 4 2 1 2 1 0 0 0 0 4 3 4 94863.094119238129 94740.930414755523 94565.09357296722 95405.238685027347
11010672 1 4 1 2 0 6 3 2 2 8 6 3 3 7 5 5 4 1 3 1 0 0 0 0 4 2 3 91425.62601732889 85823.121106335166 89079.868518223491 -1.0000000000000001e+300
11010672 1 2 2 0 0 7 1 1 0 9 3 1 0 10 6 3 2 1 1 1 0 0 0 0 0 1 0 -1.0000000000000001e+300 81873.914138459644 89800.451442458099 90027.825816366414
11010672 1 5 4 1 0 0 3 5 2 3 7 9 6 3 11 10 4 1 3 1 0 0 0 0 4 4 3 55035.199539906098 62055.272999789602 66208.286896313264 53194.264488668996
11010673 1 0 5 3 0 3 4 3 4 5 6 4 3 3 4 0 3 1 2 1 0 0 0 0 2 1 0 90122.137635125051 90777.537915547684 91342.552459292929 90803.688842773438
11010673 1 4 6 8 7 3 4 5 0 0 3 1 5 0 0 0 4 1 1 1 0 0 0 0 2 4 4 90755.54772215127 90879.660183093496 91230.761659965297 86521.060943382807
11010673 1 2 2 7 10 0 1 3 5 1 0 3 3 0 3 1 3 1 1 1 0 0 0 0 2 4 3 86812.390504150811 87957.840800849212 88920.841961612081 85570.178680879239
11010673 1 9 11 6 4 2 3 6 5 8 4 3 2 0 0 1 3 1 3 1 0 0 0 0 4 3 3 73247.409355854892 -1.0000000000000001e+300 74301.832090012875 60305.598071050183
11010674 0 4 6 5 1 4 5 2 0 2 0 3 2 0 0 1 1 1 3 1 0 0 0 0 4 4 3 93645.040730994646 93898.3845334949 93357.038022521039 92963.186087721726
11010674 0 2 1 2 0 6 7 3 0 5 5 3 3 0 2 0 4 1 1 1 0 0 0 0 2 1 1 90068.659862510467 90940.519332521842 90909.964428453779 90772.211545620608
11010674 0 1 0 0 1 4 0 0 0 3 3 3 1 4 9 6 3 1 2 1 0 0 0 0 1 3 4 85597.010826217636 84465.71340611302 81702.68024005137 85434.213125606475
11010674 0 4 5 7 10 8 5 6 11 2 4 6 3 0 3 0 2 1 1 1 0 0 0 0 3 2 2 75862.429720139568 77295.0328321282 77383.700755055004 71084.328327945957
11010674 0 2 3 9 10 5 8 6 11 2 6 5 6 3 3 1 3 1 2 1 0 0 0 0 2 0 1 3 3 -1.0000000000000001e+300 -1.0000000000000001e+300
11010675 1 3 4 4 3 2 3 5 3 4 3 3 2 1 0 0 0 1 3 1 0 0 0 0 3 2 3 93751.423047069868 93854.916920922857 94098.175606281977 93689.30737715376
11010675 1 6 8 7 4 0 5 3 1 0 0 0 2 1 3 1 4 1 2 1 0 0 0 0 1 2 0 90778.646996752315 -1.0000000000000001e+300 91019.088821431244 86388.643113061145
11010675 1 6 3 0 0 10 9 2 0 0 9 3 1 3 4 6 0 1 1 1 0 0 0 0 3 4 4 80178.550216350937 84586.870142063082 89186.871348538683 88348.959077164589
11010675 1 5 8 11 10 3 4 5 7 0 2 4 3 3 1 0 3 1 1 1 0 0 0 0 2 3 2 84911.840502704174 85664.758346442875 86990.071120019464 72703.860151028028
11010676 1 0 0 0 2 4 0 3 3 3 0 2 0 1 3 0 1 1 3 1 0 0 0 0 4 4 3 96563.229519759829 97039.95600640781 96599.948509434718 96927.668479148793
11010676 1 0 2 4 4 0 3 3 5 3 3 5 7 1 5 6 8 1 3 1 0 0 0 0 0 0 0 87931.085438395719 88886.715873175897 88573.941128590013 88610.422414787114
11010676 1 0 1 2 4 3 4 5 6 2 4 8 8 0 1 0 10 1 3 1 0 0 0 0 3 3 1 83323.772220899104 90352.556333339366 92064.453286006828 90326.237091477102
11010676 1 0 3 0 4 1 2 3 11 0 1 4 10 2 3 9 3 1 3 1 0 0 0 0 4 4 3 70013.615837813835 74337.494760106289 73434.649534530196 75979.526830152507
11010677 0 0 3 3 0 3 0 1 2 4 2 1 0 0 2 1 0 1 2 1 0 0 0 0 4 3 4 97176.411984837177 96828.330042846472 96947.798230608125 96721.660947583427
11010677 0 0 0 0 3 3 3 2 1 0 3 5 4 7 8 6 4 1 3 1 0 0 0 0 4 4 2 91040.923522682846 91440.532703120596 85559.70773948876 91509.15566357701
11010677 0 3 1 2 0 5 5 4 1 7 7 5 3 10 0 0 3 1 2 1 0 0 0 0 1 1 2 90220.646404340368 85025.946754735472 90036.474845217104 89616.510575253458
11010677 0 10 11 1 0 9 7 2 0 6 4 4 3 4 3 3 3 1 3 1 0 0 0 0 1 1 1 92987.344721334812 82615.899599203636 92069.635597610657 92623.35786900649
11010677 0 10 8 4 2 9 11 6 3 8 4 8 7 1 4 6 3 1 1 1 0 0 0 0 2 3 2 -1.0000000000000001e+300 -1.0000000000000001e+300 9 9
11010678 1 6 4 4 1 1 5 6 2 3 2 0 0 1 0 0 2 1 1 1 0 0 0 0 0 1 3 93008.182988484696 91932.64559306037 93557.774312655121 91301.818113397647
11010678 1 1 5 8 5 3 5 0 1 1 0 0 3 0 1 0 0 1 3 1 0 0 0 0 0 4 1 89866.807366462817 89512.383108418479 89036.549878753358 87943.676216780368
11010678 1 4 6 8 9 4 5 4 1 2 1 0 3 0 0 3 0 1 2 1 0 0 0 0 0 0 0 91046.658254374081 90762.085175531072 90659.23804243101 82614.212959345881
11010678 1 9 11 8 1 8 6 4 4 6 4 2 0 3 0 0 1 1 1 1 0 0 0 0 1 3 3 81563.246828603151 79084.072731162974 81806.853074600353 69657.055623194654
11010679 1 3 0 5 0 0 1 2 1 1 3 4 3 2 1 3 4 1 2 1 0 0 0 0 0 1 0 95644.549550374344 95865.090433120728 95216.353183038431 95245.707630104487
11010679 1 3 4 4 5 1 4 3 2 0 7 1 1 0 0 0 3 1 2 1 0 0 0 0 0 1 0 90556.825875097173 91711.253185308306 91578.925151068368 90463.266842265512
11010679 1 9 8 7 4 0 5 4 0 6 3 1 3 0 2 0 1 1 3 1 0 0 0 0 1 2 0 89436.995507043961 89721.099936182873 90628.159327802947 84627.033414088597
11010679 1 0 0 2 0 1 5 5 8 3 3 8 11 3 4 8 9 1 2 1 0 0 0 0 4 3 4 77116.94027510671 87341.039563201935 78403.534423636011 83768.897319687982
11010680 1 3 1 1 2 3 0 2 0 2 3 3 0 1 0 3 0 1 1 1 0 0 0 0 3 4 4 96991.17867106988 97093.879888612224 97069.628267872948 96621.109451418539
11010680 1 2 3 0 0 0 1 1 2 0 5 5 3 5 7 6 4 1 1 1 0 0 0 0 3 4 4 90634.572158265975 90478.755604891849 90206.930598472667 90997.269262559275
11010680 1 0 0 1 2 2 1 3 3 0 5 6 4 5 7 8 9 1 2 1 0 0 0 0 4 3 4 90856.24273028817 91187.840985194693 89386.541541315964 90746.781645361625
11010680 1 2 0 0 1 5 5 0 0 7 6 3 0 9 11 3 3 1 2 1 0 0 0 0 3 2 3 87015.826401192913 83793.991642888359 80336.151307684646 87144.946930663602
11010681 1 3 3 6 3 3 3 3 0 1 4 3 0 2 0 1 0 1 2 1 0 0 0 0 3 3 2 94764.604999275107 94392.581123055425 94150.870789298206 93970.844734291633
11010681 1 1 2 0 2 0 4 1 3 0 7 5 2 5 3 3 4 1 1 1 0 0 0 0 0 0 0 91154.40849206649 90662.954377918955 89188.825050599728 90612.776170088357
11010681 1 5 2 2 0 8 3 2 0 8 4 1 0 9 4 6 1 1 3 1 0 0 0 0 3 2 3 -1.0000000000000001e+300 85014.026718210851 88071.160497957942 91020.557104049585
11010681 1 10 9 7 5 11 6 4 3 1 2 6 2 0 2 3 2 1 3 1 0 0 0 0 3 0 3 90715.14065719748 91233.552133276709 -1.0000000000000001e+300 57627.044412765295
11010682 1 5 1 3 3 4 4 4 2 3 5 2 1 0 1 0 1 1 2 1 0 0 0 0 1 2 2 93386.449411635927 92973.394201816962 93894.100229602394 93935.134650089138
11010682 1 5 8 6 3 4 4 3 2 0 1 0 0 0 0 5 0 1 3 1 0 0 0 0 3 3 1 89876.7556758133 90666.046647427371 89123.369855415702 87054.95043222791
11010682 1 10 8 6 5 7 6 4 1 1 4 2 0 1 2 0 3 1 2 1 0 0 0 0 2 2 2 89118.012079853506 90024.059589399985 85884.173419446917 89543.698310642285
11010682 1 3 3 3 5 0 0 4 8 1 1 3 11 2 3 6 10 1 2 1 0 0 0 0 1 1 0 76038.804107269083 82904.185025463245 85253.358923683001 83435.148023617716
11010683 1 4 0 0 1 3 4 1 0 6 4 3 2 3 5 0 0 1 3 1 0 0 0 0 0 1 0 92546.147573571521 93999.120107119452 93084.69994961773 93411.404354578917
11010683 1 5 7 8 7 0 4 4 4 2 3 3 1 0 0 2 0 1 3 1 0 0 0 0 2 1 2 91433.131120353108 91260.279778159733 91305.029651206656 86596.084706977665
11010683 1 3 5 7 9 3 4 5 6 2 0 3 5 3 0 4 4 1 1 1 0 0 0 0 2 2 3 89979.042504819401 91664.137794188195 91046.246325089756 91239.849415667733
11010683 1 10 11 6 1 6 4 5 3 2 0 5 2 0 0 3 0 1 1 1 0 0 0 0 0 0 0 85005.279260995419 86072.275975817829 87089.086283751123 75889.434116383563
11010684 1 3 1 6 5 2 1 6 4 0 3 4 3 0 0 2 3 1 2 1 0 0 0 0 2 1 0 91274.389833061781 92062.214232459897 91634.591054019198 91588.007686602738
11010684 1 0 7 0 2 4 6 6 3 3 5 4 1 1 2 3 4 1 3 1 0 0 0 0 2 2 2 89020.924616220233 87847.521034544407 87682.506614267913 -1.0000000000000001e+300
11010684 1 9 2 0 0 8 1 2 0 6 3 4 1 5 6 2 1 1 2 1 0 0 0 0 4 3 4 90781.740532381926 79997.981553658756 90908.246434670655 91244.870743588879
11010684 1 4 2 0 2 5 4 3 0 11 5 1 0 8 6 2 0 1 1 1 0 0 0 0 3 2 4 84730.269823096693 79660.416161534784 84394.8512653582 84755.177444851201
11010685 1 2 2 0 2 1 3 1 3 0 3 2 5 0 0 3 4 1 1 1 0 0 0 0 2 1 1 95405.50105088728 95598.573030259868 95696.910221205806 95696.447820261659
11010685 1 0 0 1 4 3 0 3 6 0 3 3 8 0 4 5 7 1 1 1 0 0 0 0 2 4 4 87167.223430479018 91375.042107166635 90546.031562576318 90855.618020307797
11010685 1 0 3 5 6 2 1 7 8 0 2 5 9 0 1 4 10 1 3 1 0 0 0 0 3 3 3 75689.407630048663 89970.716175859649 89038.994702523836 90287.383815433248
11010685 1 0 0 0 1 2 0 1 3 3 1 5 4 3 11 8 7 1 3 1 0 0 0 0 0 2 1 85282.277502165263 84982.042850121448 73899.190819554977 84634.131271359438
11010686 1 0 3 0 3 3 3 4 1 0 5 2 3 0 1 1 0 1 1 1 0 0 0 0 1 4 0 95855.279750207395 96260.487306587791 95647.055067414127 95777.10514062774
11010686 1 1 0 3 0 3 6 3 0 5 5 3 1 7 3 0 2 1 1 1 0 0 0 0 0 2 0 91407.440320073583 91692.039528238092 90588.477072852475 91055.023585243092
11010686 1 0 4 3 4 3 3 1 6 0 3 2 9 0 0 2 10 1 2 1 0 0 0 0 2 0 1 82994.278881627033 90813.035700082881 90580.239369856965 88350.145613040499
11010686 1 1 0 0 0 0 1 2 3 3 3 6 11 2 1 4 4 1 2 1 0 0 0 0 3 3 3 80812.207360928282 81820.68787842177 81230.490728049888 82060.316010600844
11010687 1 4 3 0 0 5 3 4 0 3 5 4 0 2 1 1 1 1 2 1 0 0 0 0 1 2 3 94274.356892589727 93442.667554194632 94905.377840814472 93282.742429960228
11010687 1 4 2 0 0 6 4 1 0 8 4 0 0 5 4 3 2 1 3 1 0 0 0 0 1 0 2 -1.0000000000000001e+300 86839.779828402956 91015.016912772844 91284.555261872869
11010687 1 4 0 6 0 7 0 0 3 8 5 0 0 10 4 4 2 1 1 1 0 0 0 0 2 2 2 89972.546602239017 80887.75080702336 89919.069888419355 89769.735200411727
11010687 1 3 2 0 0 3 6 0 1 7 3 3 0 11 2 4 1 1 3 1 0 0 0 0 4 4 3 81778.004388363115 77924.636653363166 81413.105679402172 79420.101044976953
11010688 1 1 4 2 3 1 2 0 1 0 3 0 4 0 1 0 0 1 1 1 0 0 0 0 1 4 4 97012.672944327423 96502.197780788425 -1.0000000000000001e+300 96786.856620500374
11010688 1 4 6 8 7 2 5 4 3 0 2 3 0 1 0 0 0 1 1 1 0 0 0 0 0 0 0 91259.21936718357 91677.517220080306 91664.055869513017 85624.406989489275
11010688 1 3 5 9 10 3 4 4 7 3 3 0 3 3 0 0 2 1 1 1 0 0 0 0 1 1 0 87698.221673524647 87759.767878526691 88361.644248791199 81484.810920638891
11010688 1 3 0 11 10 2 1 6 9 3 3 4 5 0 3 3 4 1 2 1 0 0 0 0 1 0 1 84178.727257553546 91580.220175453564 90897.520842508384 91366.644521495968
11010689 1 3 5 3 2 0 0 4 1 2 4 5 5 0 1 2 0 1 3 1 0 0 0 0 2 1 1 93676.089304506037 93763.16334225735 93445.552033833505 93687.52163256098
11010689 1 1 7 8 6 1 1 7 6 3 1 2 4 0 0 0 4 1 2 1 0 0 0 0 1 3 2 86380.398039491294 88152.684433492774 85944.420851321498 86462.969640979616
11010689 1 9 8 7 5 4 6 4 1 4 3 3 2 0 0 1 0 1 2 1 0 0 0 0 1 1 1 91134.304725389535 90254.095703475163 91250.304450963042 79108.044203557074
11010689 1 0 0 2 3 3 0 3 6 1 4 5 11 3 5 6 10 1 2 1 0 0 0 0 4 3 3 86684.753638158028 88503.278936724193 87025.440431204013 -1.0000000000000001e+300
11010690 1 3 4 6 0 3 6 0 1 3 3 2 0 0 3 0 0 1 3 1 0 0 0 0 4 4 3 93076.97143685288 93192.537304656435 92508.377019372609 92890.633235794128
11010690 1 3 2 1 3 0 3 4 4 0 0 7 7 0 1 1 3 1 2 1 0 0 0 0 1 2 4 88877.4793938082 91734.558609448039 91463.885188452055 89413.502227364952
11010690 1 0 6 8 10 0 0 4 8 3 0 2 5 0 3 1 3 1 2 1 0 0 0 0 4 3 2 86867.551874063662 90791.586135374149 90752.584149992836 89227.219123488307
11010690 1 6 7 11 4 5 3 3 1 3 2 0 0 3 0 0 0 3 5 0.37499999999999994 6 0.24999999999999994 7 0.37499999999999994 2 2 3 80270.907629104375 83612.104885534136 81620.527253772147 82762.102945219216
11010691 1 3 5 3 3 3 4 5 4 0 2 3 3 0 1 2 0 1 3 1 0 0 0 0 2 1 2 94830.141802067228 93794.084712014374 93435.620429484057 93890.287116691805
11010691 1 5 7 8 7 0 4 6 5 3 2 2 5 0 0 0 4 1 1 1 0 0 0 0 2 1 2 87004.890845301736 -1.0000000000000001e+300 92238.099539781266 84236.787502477397
11010691 1 0 5 7 9 1 0 0 6 0 0 0 3 0 2 3 3 1 3 1 0 0 0 0 3 3 2 89405.338368882454 90963.88162519777 91052.881316150015 86580.640808521814
11010691 1 3 0 3 6 11 5 3 0 7 3 4 0 5 1 2 0 1 3 1 0 0 0 0 0 0 0 82314.405253690551 75996.268175576304 81322.915815533488 81014.387879635979
11010692 1 3 3 0 0 3 6 2 1 5 4 4 0 2 2 1 0 1 2 1 0 0 0 0 2 0 1 93315.59621753516 93255.99935729857 93093.485583799848 93417.087183210577
11010692 1 0 2 0 1 3 3 0 0 4 7 2 0 5 6 6 0 1 3 1 0 0 0 0 3 2 3 90883.031836423688 91468.832090935844 90216.595392167146 91190.996045123087
11010692 1 4 5 6 10 4 3 5 6 2 0 3 4 0 0 0 2 1 3 1 0 0 0 0 4 2 3 89002.077604937222 88609.098699533104 89150.986898783245 87916.997701384884
11010692 1 5 3 2 0 6 4 3 2 7 6 4 0 9 11 4 0 1 3 1 0 0 0 0 2 0 1 -1.0000000000000001e+300 78363.415635096899 86315.314530348871 86714.407094937269
11010693 1 3 3 1 0 1 2 2 0 0 2 0 0 0 3 0 3 1 1 1 0 0 0 0 1 1 0 97738.049320141465 97538.963367773424 97279.691344022751 97195.023859659821
11010693 1 2 3 0 0 4 0 0 0 5 3 4 1 8 5 3 0 1 2 1 0 0 0 0 3 2 1 -1.0000000000000001e+300 89470.238437724198 89741.259589552763 90125.023189946223
11010693 1 0 0 0 2 1 2 0 1 3 5 6 5 10 9 8 5 1 2 1 0 0 0 0 3 2 4 90502.699857123051 90423.487309408796 78512.055357891571 89381.374714015401
11010693 1 2 5 7 0 0 6 11 0 0 0 4 0 3 0 2 7 1 1 1 0 0 0 0 3 2 3 74830.952355332221 76159.16872735889 81185.119461139431 79571.243714996963
11010694 1 5 0 3 0 4 0 3 0 4 5 4 0 1 4 4 3 1 2 1 0 0 0 0 2 2 0 94123.437866349283 94729.671968616807 95062.715319388866 93629.73830575413
11010694 1 1 0 0 0 4 0 1 0 5 4 0 2 5 6 8 7 1 2 1 0 0 0 0 2 2 4 90591.636198009815 91347.303082539831 85986.385942207475 91174.077859801793
11010694 1 3 3 10 0 0 5 10 0 0 4 1 3 2 0 0 0 1 1 1 0 0 0 0 2 3 3 90144.423459214857 90420.423198315009 89191.579065608632 90220.276514452606
11010694 1 4 5 8 9 1 3 5 11 2 0 4 4 2 0 0 0 1 2 1 0 0 0 0 4 2 4 86744.803501767121 86681.236413954146 86548.499531672234 81208.162224262065
11010695 1 4 3 6 4 0 0 4 4 1 2 2 4 0 0 0 4 1 1 1 0 0 0 0 0 0 1 92975.097849856902 93065.404173702002 94038.069066047945 93290.23954634754
11010695 1 8 5 0 0 8 5 3 0 6 3 3 3 4 1 2 0 2 4 0.5 5 0.5 0 0 2 2 3 91918.064879455924 88188.87663143489 91866.498008163529 90291.81895705231
11010695 1 10 4 4 3 7 5 3 0 2 1 0 0 0 0 3 0 1 3 1 0 0 0 0 4 4 3 89086.418916691458 85277.093841433758 89031.429828291482 86736.202805209032
11010695 1 10 11 1 0 9 8 2 0 7 6 1 0 6 4 4 3 1 1 1 0 0 0 0 2 4 4 95537.764516081297 81866.373230420737 93245.477011796858 95108.081246735135
11010696 1 0 3 1 1 1 2 5 0 5 5 6 0 3 1 2 0 1 3 1 0 0 0 0 2 4 3 92039.101242700781 91872.209898718094 92131.842092631763 91843.361065935198
11010696 1 6 0 0 3 8 3 3 2 6 5 1 0 4 2 1 0 1 3 1 0 0 0 0 4 4 2 91545.826707325221 87460.355221597332 91571.51618464198 91441.378564967701
11010696 1 10 7 6 3 6 5 4 3 1 2 2 0 0 0 0 2 1 3 1 0 0 0 0 3 1 3 89103.966150549328 89458.847754147253 88829.652225627491 84057.706620645884
11010696 1 0 2 0 5 0 0 1 9 6 1 5 11 2 5 9 10 1 3 1 0 0 0 0 0 0 1 73187.046723397623 83380.765813989972 84730.040247028912 81247.773292141108
11010697 1 1 0 0 0 0 2 5 2 4 4 3 3 1 1 4 3 1 2 1 0 0 0 0 0 0 0 94645.728959685614 94947.931093930383 94822.14216826178 94155.858070920192
11010697 1 7 3 0 3 8 4 3 0 6 5 4 2 3 3 1 1 1 3 1 0 0 0 0 0 1 0 90227.456697698974 84419.403529481366 91437.841826017044 91411.068127098479
11010697 1 10 7 3 0 8 5 3 0 7 5 4 2 4 4 0 0 1 1 1 0 0 0 0 3 3 2 89926.33774335777 76527.596083363285 89752.443692540473 89348.446815476069
11010697 1 10 11 6 5 8 6 4 3 4 4 2 0 3 1 0 3 1 2 1 0 0 0 0 2 1 2 89433.265625199856 88761.306990207318 89604.754016484192 89451.736835612217
11010698 1 3 0 3 3 2 0 3 0 2 0 1 0 1 2 0 0 1 2 1 0 0 0 0 2 0 0 97318.068013615077 97642.936783207784 97426.600482552138 97689.222301244736
11010698 1 4 5 8 5 0 1 3 4 3 0 2 3 1 0 0 0 1 3 1 0 0 0 0 3 4 3 90570.358883030422 90441.969937291477 90694.04399772636 87613.391802475628
11010698 1 0 0 2 10 0 1 3 9 0 3 3 8 1 2 6 7 1 3 1 0 0 0 0 1 1 1 78271.482791680915 91507.843990965033 90666.476436727215 91329.328834935106
11010698 1 3 4 7 8 1 1 4 11 0 4 2 6 2 0 3 5 1 2 1 0 0 0 0 2 1 2 77149.079198275373 77290.725454402142 83802.053123379766 83548.035378741872
11010699 1 0 1 0 0 3 0 0 0 6 5 4 1 2 5 2 1 1 3 1 0 0 0 0 0 1 1 93776.952451494013 92682.846783108194 93867.007169544697 93963.674448172256
11010699 1 0 2 5 6 1 1 3 8 0 2 1 6 0 0 2 4 1 1 1 0 0 0 0 3 4 4 87550.441621989958 91376.586121285844 91421.228770818154 91289.720660811596
11010699 1 2 0 3 3 1 4 5 6 0 5 8 8 2 0 0 10 3 5 0.25 6 0.25 7 0.5 2 1 1 84719.14944300284 86562.37549969324 90200.401427676581 87658.987833584411
11010699 1 1 0 0 4 2 4 2 3 0 8 7 6 3 10 11 1 1 1 1 0 0 0 0 3 4 4 68634.252799192996 69141.167244519529 56247.464751073167 68076.93509528102
11010700 1 2 0 2 3 5 3 2 3 3 5 3 0 3 5 6 0 1 1 1 0 0 0 0 3 1 2 91378.308333949695 90438.494914899638 90459.951916622231 92266.111984767093
11010700 1 3 0 3 0 6 1 1 0 8 4 0 0 6 5 4 1 1 2 1 0 0 0 0 1 3 2 91321.262967255752 86163.496722228359 89915.810709844853 90967.308208107293
11010700 1 10 3 1 0 9 7 2 0 8 6 1 3 5 5 3 2 1 2 1 0 0 0 0 3 2 4 89483.396085412038 82512.195123703699 89949.320402424535 90120.591340201674
11010700 1 10 11 4 2 9 8 3 0 7 3 2 0 5 3 0 3 1 1 1 0 0 0 0 3 2 2 93434.001452178563 76452.61541134346 93333.179749995819 81368.275290300153
11010701 1 1 5 5 2 3 2 1 4 1 3 0 3 3 2 0 3 1 2 1 0 0 0 0 4 3 2 94031.076571951489 94350.658261569028 93829.408268049912 93251.508131534967
11010701 1 3 0 3 0 0 1 4 1 0 3 4 2 4 6 8 5 1 2 1 0 0 0 0 3 3 2 89618.638592078161 90532.810312806017 87522.946642988245 90576.544060294938
11010701 1 0 1 0 2 3 3 2 1 5 6 3 3 10 9 7 4 1 3 1 0 0 0 0 1 1 2 90209.068010770483 90187.449646202542 80332.651411197294 89691.422622162412
11010701 1 3 0 0 3 5 1 3 1 11 5 3 0 10 6 5 2 1 1 1 0 0 0 0 2 4 3 87950.636488186399 77079.926410452346 85360.23541045055 88124.426847731491
11010702 1 3 1 1 5 0 5 4 2 1 3 3 3 2 0 0 2 1 2 1 0 0 0 0 3 2 4 94349.701422794373 94594.983917995734 94330.054794335068 94720.131360608342
11010702 1 5 8 5 4 0 0 3 3 5 0 2 3 0 0 0 3 2 4 0.5 5 0.5 0 0 3 2 1 90850.939522158646 90096.292495797999 90695.41821504898 90242.266680487592
11010702 1 9 7 5 2 6 4 4 3 3 2 3 0 1 1 0 0 1 3 1 0 0 0 0 4 4 2 91036.392442004028 90670.999020132862 91416.324906469279 87450.027216659626
11010702 1 2 3 6 0 4 3 3 2 11 4 3 0 10 6 1 0 1 1 1 0 0 0 0 2 2 2 85594.008002935952 76755.124473277014 84237.638198403583 86872.149064905418
11010703 1 2 1 3 3 0 0 5 3 3 1 3 5 0 3 2 3 1 1 1 0 0 0 0 2 3 4 94856.83572561339 94722.850148761703 93990.737645171306 93806.176337760175
11010703 1 0 0 1 0 5 3 3 5 5 4 4 0 7 8 6 5 1 3 1 0 0 0 0 2 3 2 91589.971674082524 90708.497835270362 83383.436058687555 91614.372563776313
11010703 1 1 0 0 0 3 2 1 0 3 4 0 2 3 7 9 10 1 3 1 0 0 0 0 2 2 2 89264.92960389948 89829.074551614642 83138.01389862955 89662.558217597965
11010703 1 3 0 1 1 4 0 0 0 11 9 3 2 10 9 6 3 1 2 1 0 0 0 0 3 3 4 102311.1162901659 102540.77996834915 100533.84737484803 102729.37254156877
11010704 1 0 0 0 3 3 2 4 3 1 3 1 2 4 0 0 0 1 1 1 0 0 0 0 2 3 3 96629.575387182675 96528.866020743328 97059.130482827619 96781.27284369558
11010704 1 0 0 0 2 4 3 0 4 6 6 5 4 7 8 7 5 1 2 1 0 0 0 0 4 2 3 91679.172198542627 88494.949497901223 85600.328322505113 91631.809785302554
11010704 1 6 3 5 1 8 7 3 1 9 6 2 2 10 0 6 1 1 3 1 0 0 0 0 0 1 0 89672.115826007546 71290.68441345499 89874.969633269036 88932.986473594836
11010704 1 10 9 1 1 11 7 6 3 7 6 0 0 5 4 4 0 1 1 1 0 0 0 0 1 4 1 93257.263775900836 88885.043794354802 88555.639125754155 91190.637797498915
11010705 1 0 5 1 3 0 2 4 4 0 1 5 3 1 0 4 3 1 2 1 0 0 0 0 2 3 2 93450.011787738113 93632.681978666573 93908.559160885983 94424.709174398391
11010705 1 3 6 7 1 4 3 4 3 1 2 2 1 2 3 0 0 1 2 1 0 0 0 0 3 2 4 90194.798794071117 90178.592339069612 89959.059159928976 89766.704720657275
11010705 1 3 0 3 0 4 0 0 0 6 3 1 2 10 4 3 2 1 2 1 0 0 0 0 2 0 1 88609.602884694119 87014.227112972309 88698.725400011754 88636.523087859998
11010705 1 6 3 2 3 7 5 5 1 11 8 6 2 10 9 0 2 1 3 1 0 0 0 0 3 1 3 93106.154985306901 83724.871809835226 89294.269308172166 90942.279539428186
11010706 1 2 4 2 5 0 1 4 1 0 4 5 2 0 0 4 2 1 3 1 0 0 0 0 3 1 2 93394.658157511105 -1.0000000000000001e+300 93317.946279604352 93915.596112098938
11010706 1 0 2 1 0 3 2 0 0 2 4 2 4 6 8 7 4 1 1 1 0 0 0 0 2 0 1 90102.592418789325 90378.163402501377 82926.945044492939 90199.032616127282
11010706 1 0 1 0 0 2 0 4 1 1 6 4 4 10 9 7 4 1 1 1 0 0 0 0 0 3 4 87613.233542585585 87777.98669538385 77736.769554157348 89129.282871328294
11010706 1 3 4 7 8 1 4 10 11 3 3 3 0 1 3 0 3 1 2 1 0 0 0 0 1 2 1 67699.89757066124 68374.402921277622 68103.444591939799 68092.61383675602
11010707 1 3 3 2 3 4 5 1 3 3 4 5 2 3 4 5 3 1 3 1 0 0 0 0 3 2 2 92108.089464596327 92131.583925285027 91509.432219533322 92364.952185363189
11010707 1 1 5 1 0 6 5 1 2 2 7 5 3 3 3 3 0 1 2 1 0 0 0 0 2 2 3 87158.170863779931 88711.681053685956 86401.818605253589 89656.212243274305
11010707 1 2 0 1 4 2 0 5 5 3 1 6 7 4 6 8 10 1 2 1 0 0 0 0 1 0 0 89669.007691401843 90343.56988149049 90045.062824173976 -1.0000000000000001e+300
11010707 1 0 7 6 10 2 3 8 11 1 4 4 8 2 3 4 5 3 5 0.37499999999999994 6 0.24999999999999994 7 0.37499999999999994 1 0 0 58822.088807444496 64829.468215238725 69818.096941172917 83300.620530408982
11010708 1 3 3 0 0 5 0 0 0 6 5 3 2 2 1 3 1 1 1 1 0 0 0 0 0 1 1 94341.092887454564 93799.689153260668 95379.249178568527 94188.897754267397
11010708 1 4 6 8 7 0 4 6 6 3 0 3 3 0 3 0 0 1 2 1 0 0 0 0 4 3 2 90910.897389973223 91777.428128522588 91744.69516540246 87923.656853745764
11010708 1 10 3 0 0 9 5 3 0 6 5 1 0 1 4 3 3 1 2 1 0 0 0 0 0 1 0 89284.25953518966 80420.439063967351 89361.332365185328 88851.760611725593
11010708 1 10 9 7 4 11 8 5 3 0 1 4 2 2 0 2 2 1 1 1 0 0 0 0 3 1 4 94214.140889238013 90974.843396483338 93576.019345762514 56601.570747270031
11010709 1 0 3 3 0 1 5 6 2 5 6 4 1 0 2 5 3 1 1 1 0 0 0 0 1 2 3 87180.902688471484 87552.822181955969 88793.751203007167 87956.956604194653
11010709 1 3 1 0 3 2 3 2 0 2 4 4 0 3 7 8 5 1 2 1 0 0 0 0 4 1 1 86650.805563638976 87736.897799504848 84953.320669033681 89012.784514507541
11010709 1 3 2 1 3 0 0 1 5 4 5 7 5 5 7 8 9 1 2 1 0 0 0 0 0 0 0 88545.640498924273 90063.418865011772 83915.880499403414 90518.077853458657
11010709 1 0 1 0 3 1 2 4 3 1 5 8 9 5 7 11 10 1 2 1 0 0 0 0 1 2 4 91281.395768997114 92877.626162471948 74285.005456554907 90986.563595365864
11010710 1 0 3 3 2 0 1 0 2 3 0 3 3 0 0 0 2 1 1 1 0 0 0 0 1 0 0 97299.474076072365 97390.672898021745 97193.903112332016 97188.966624445384
11010710 1 0 0 2 3 0 0 1 6 0 0 4 8 1 2 5 5 1 3 1 0 0 0 0 1 1 1 89193.080670672789 91120.811059488959 91128.172316854514 91230.35190021171
11010710 1 2 0 0 5 0 3 2 6 2 3 6 7 1 6 7 10 1 1 1 0 0 0 0 1 0 1 89642.376242951548 89886.887114943631 88348.065059861983 89821.974575531756
11010710 1 10 11 6 5 10 5 5 0 3 6 1 3 0 0 2 0 3 5 0.37499999999999994 6 0.24999999999999994 7 0.37499999999999994 0 0 1 94042.597359904787 89063.729416892937 94824.818828033327 93870.844825953507
11010711 1 0 0 1 2 2 5 3 0 5 3 1 3 0 3 4 2 1 2 1 0 0 0 0 4 2 4 94593.627093298652 94442.522360318981 94611.936959432671 94995.914665920733
11010711 1 5 0 0 0 5 1 1 3 7 4 2 3 4 7 8 7 1 3 1 0 0 0 0 0 1 1 -1.0000000000000001e+300 85979.984817403049 78462.926396253693 87358.700793563985
11010711 1 5 3 3 3 2 1 4 4 0 0 10 0 0 0 2 2 1 3 1 0 0 0 0 4 2 3 83089.859148541946 84317.0264695675 82349.933909724175 83304.852294159544
11010711 1 0 0 0 2 5 5 4 1 0 3 7 5 10 11 6 2 1 3 1 0 0 0 0 4 3 3 77187.56888832718 77556.223938093419 70644.778097889954 73827.89108459928
11010712 1 3 3 4 6 2 3 3 3 2 0 4 0 1 0 0 0 1 3 1 0 0 0 0 3 2 2 94224.452414995292 94298.655686525119 94390.107143417234 94319.301310907118
11010712 1 7 4 3 0 8 5 3 0 6 1 0 0 4 0 2 3 1 2 1 0 0 0 0 4 3 4 91464.290382486026 87165.640504728275 91404.716887054237 91106.057535663756
11010712 1 10 8 7 5 7 6 5 3 1 2 3 2 0 0 0 1 1 1 1 0 0 0 0 1 2 4 90253.66734285315 90171.978306008838 90464.372618055335 83392.467204591434
11010712 1 5 11 7 3 5 6 3 0 4 1 0 0 3 2 1 1 1 2 1 0 0 0 0 2 3 4 81696.173895077896 80232.933976185785 81471.39075094345 79864.908678284293
11010713 1 3 3 1 3 1 2 6 2 3 5 4 4 0 4 5 2 1 2 1 0 0 0 0 3 1 1 91038.879304173926 90968.5077142433 -1.0000000000000001e+300 89998.500408649445
11010713 1 7 8 6 4 7 3 0 0 4 4 0 0 3 0 3 1 1 2 1 0 0 0 0 0 0 0 91984.099013618921 87581.30197347053 91625.369621526566 85978.479509145924
11010713 1 9 6 4 3 5 5 3 1 4 2 0 0 3 1 0 0 1 2 1 0 0 0 0 0 0 1 91550.355131684948 90550.813085371236 91097.10946435314 89012.877692747992
11010713 1 0 1 2 8 0 3 3 11 1 4 10 10 3 3 4 5 1 2 1 0 0 0 0 0 0 0 93096.655538519102 96684.130093676125 95407.484654636166 -1.0000000000000001e+300
11010714 1 4 4 3 2 5 6 4 2 6 4 2 3 3 2 1 1 1 3 1 0 0 0 0 3 1 3 90180.772519382212 89163.849659329368 90005.818712506982 89764.22680191767
11010714 1 3 0 1 0 3 2 3 3 0 3 4 3 5 5 8 6 1 2 1 0 0 0 0 4 3 3 90713.730433250879 90204.813259888499 86525.195462462667 91098.537688126686
11010714 1 3 2 2 3 6 4 4 2 9 6 5 1 10 1 1 0 1 1 1 0 0 0 0 2 3 4 81679.000592769706 71303.838473543234 84003.60684517675 85940.118114727986
11010714 1 0 11 9 2 3 7 5 5 10 3 4 3 1 1 2 2 1 1 1 0 0 0 0 1 1 3 66339.911320961008 64733.333120901014 65135.702180354434 -1.0000000000000001e+300
11010715 1 2 1 0 0 2 2 0 0 2 5 2 1 4 1 4 3 1 1 1 0 0 0 0 1 0 2 95985.838412249519 95850.449766900798 95255.272767455477 95888.689397847207
11010715 1 4 3 2 0 7 4 1 1 7 5 3 1 4 5 3 2 1 3 1 0 0 0 0 2 3 1 -1.0000000000000001e+300 85573.245844085541 87579.16712846201 86934.993522328077
11010715 1 2 1 0 0 0 5 5 0 7 6 4 2 10 8 6 3 1 1 1 0 0 0 0 0 0 1 91660.770771571202 90391.172243965921 84096.589861419736 90502.385824845391
11010715 1 10 8 3 2 11 7 4 1 6 7 6 3 0 5 3 2 1 2 1 0 0 0 0 4 2 4 83550.133905643946 -1.0000000000000001e+300 89527.405928769396 74437.494999372386
11010716 1 3 2 0 0 3 2 1 4 1 3 3 2 0 0 3 0 1 2 1 0 0 0 0 4 2 3 96404.354369355817 96286.197875120619 96627.630793140983 96696.318072850961
11010716 1 0 0 2 3 2 4 1 5 0 1 3 8 2 3 3 6 1 1 1 0 0 0 0 1 1 0 85629.90424700221 91342.996818275278 91247.627959712336 90820.722896768624
11010716 1 0 3 3 2 0 4 6 6 1 1 5 9 0 0 6 10 1 2 1 0 0 0 0 3 3 3 78537.86461155086 91494.841860742948 90953.404058499014 89421.083187247685
11010716 1 2 3 3 0 0 8 5 3 2 2 4 9 3 1 11 10 1 3 1 0 0 0 0 2 0 2 81865.048879228299 76551.978372270314 70474.557311009339 74024.564238102641
11010717 1 5 2 3 0 5 3 6 1 4 6 2 0 1 4 0 0 1 1 1 0 0 0 0 3 4 4 -1.0000000000000001e+300 88608.149998297726 89001.469418135646 89764.806359706286
11010717 1 4 0 2 0 6 1 1 0 8 6 2 2 7 5 3 3 1 1 1 0 0 0 0 0 0 1 91812.295879060286 88566.827517607904 90234.320385372426 91968.031091542507
11010717 1 2 0 1 0 6 6 2 1 9 3 1 0 10 5 0 0 1 2 1 0 0 0 0 1 1 3 90228.519158924639 79503.912151996643 89100.307950614355 89995.747347295546
11010717 1 4 0 0 1 8 5 2 0 11 5 4 3 10 6 5 6 1 2 1 0 0 0 0 4 3 4 85041.348248734052 79558.17313956235 75910.312773000172 86058.292396442615
11010718 1 1 3 4 4 0 0 5 3 2 3 4 3 0 0 1 0 1 2 1 0 0 0 0 0 0 0 95123.371821620778 95230.578074201592 95395.413020154301 95349.841694212111
11010718 1 5 4 1 0 7 0 0 2 6 4 1 0 3 1 0 0 1 3 1 0 0 0 0 1 3 2 91058.489547940917 90105.752327768205 90904.293008459426 91135.920890223832
11010718 1 9 8 6 5 7 5 4 3 5 4 2 3 0 1 2 1 3 4 0.33333333333333331 5 0.33333333333333331 6 0.33333333333333331 1 1 3 90501.904452031638 91685.129045114882 89157.224644446236 83096.696321852083
11010718 1 4 0 0 3 11 0 2 1 9 3 3 0 6 6 3 0 1 3 1 0 0 0 0 4 4 2 81930.120946339608 78712.048765764965 81519.02325026058 82079.34957666634
11010719 1 0 1 0 2 0 1 0 0 0 1 4 0 1 3 2 5 1 3 1 0 0 0 0 1 3 3 96481.577256601304 96928.046743574596 96147.785641583192 96444.932323047091
11010719 1 1 3 4 4 0 3 6 6 0 3 4 8 0 3 0 7 1 1 1 0 0 0 0 0 2 2 86115.077944882636 91492.695605267407 91084.792169026448 91347.003184448462
11010719 1 0 0 1 3 1 3 0 4 0 3 6 3 4 6 8 9 1 2 1 0 0 0 0 0 1 0 90422.158101038352 90617.628587473519 83229.636156825843 89990.638992909298
11010719 1 3 5 4 5 0 5 6 7 0 3 8 9 0 2 11 10 1 3 1 0 0 0 0 1 0 0 75357.245186508386 -1.0000000000000001e+300 89299.459409117771 101012.26254186995
11010720 1 3 0 2 0 6 0 1 0 3 6 5 3 1 2 1 2 1 3 1 0 0 0 0 3 3 2 91684.183499674007 91718.433813065058 91871.364869478683 91921.361299333104
11010720 1 7 6 4 2 8 5 3 0 6 3 0 0 4 1 0 0 2 4 0.5 5 0.5 0 0 3 3 4 -1.0000000000000001e+300 84712.996918250996 -1.0000000000000001e+300 91825.397474547703
11010720 1 10 9 8 7 1 4 5 6 0 0 4 2 0 3 1 0 1 3 1 0 0 0 0 2 3 2 91448.638290978823 91155.406025269433 91642.527976545651 78883.680478175971
11010720 1 10 11 6 3 9 6 3 2 6 4 0 1 5 3 0 1 1 3 1 0 0 0 0 2 3 2 89955.870118914914 89340.442187853245 91818.136155946122 92260.31441432776
11010721 1 0 0 2 1 2 0 3 3 0 0 0 2 0 1 0 4 1 1 1 0 0 0 0 0 0 1 97622.371287471702 97693.285220887919 97454.231092421542 97219.31991412022
11010721 1 0 3 1 2 0 3 3 0 2 3 5 6 1 6 8 7 1 3 1 0 0 0 0 4 4 3 91781.534215355699 91686.602953994879 88345.018918229427 91568.854914497046
11010721 1 0 0 0 1 0 3 4 1 4 4 5 5 6 5 7 9 1 2 1 0 0 0 0 2 3 3 90345.71281295846 90768.091617380895 82724.572074564945 -1.0000000000000001e+300
11010721 1 3 2 1 3 3 3 4 5 3 4 6 11 4 5 8 9 1 2 1 0 0 0 0 4 3 4 86350.780782615257 87208.527707244153 87405.7705354973 87670.962104185412
11010722 1 6 6 4 3 5 5 3 0 1 3 5 3 0 0 2 1 1 1 1 0 0 0 0 0 2 3 92166.007847761022 89950.471778541149 90665.558512050877 91083.629364677705
11010722 1 0 7 0 2 3 6 4 4 0 3 6 1 0 2 1 2 1 2 1 0 0 0 0 4 2 4 89986.198973202816 88847.140330586306 90099.009210737073 89152.73414524876
11010722 1 10 8 6 4 0 8 3 1 0 4 3 1 3 2 0 0 1 2 1 0 0 0 0 2 2 3 90489.903591393406 90047.494039920304 89744.434837834167 81688.615002673934
11010722 1 4 11 7 3 4 5 3 2 3 2 3 0 3 0 0 0 1 1 1 0 0 0 0 3 2 1 -1.0000000000000001e+300 81222.211378348176 82175.019307951472 80198.887715254445
11010723 1 1 0 2 0 3 0 3 3 6 6 3 2 3 6 3 1 1 1 1 0 0 0 0 3 4 4 91041.123092635491 90106.237473180285 90104.043594881325 91091.938196404313
11010723 1 0 3 0 3 4 2 0 0 5 4 1 0 7 8 7 6 1 1 1 0 0 0 0 0 1 0 91594.444538297132 90786.210219655462 82929.096376390007 91197.784733966182
11010723 1 0 0 0 1 1 3 3 2 3 5 5 1 9 7 6 3 1 2 1 0 0 0 0 1 2 4 90958.666608379819 91191.694108027179 85780.034430586908 91081.956720657952
11010723 1 2 0 0 4 3 0 0 5 4 3 5 7 6 8 11 9 1 3 1 0 0 0 0 1 0 2 82073.535975874722 82219.131397895952 60664.094386763318 -1.0000000000000001e+300
11010724 1 0 0 3 3 0 0 3 3 0 4 3 3 1 1 4 6 1 2 1 0 0 0 0 2 3 2 93802.832669373645 94771.657981052587 94749.528687397004 94305.698552449539
11010724 1 1 6 2 3 6 7 2 1 6 3 0 0 3 0 0 0 1 2 1 0 0 0 0 3 2 2 87041.712548783049 89324.903438687048 87692.781289438295 87730.775590085075
11010724 1 0 4 0 5 2 1 5 6 0 1 4 7 0 0 1 9 1 2 1 0 0 0 0 0 1 1 81795.054236754193 90580.861630464016 90646.054545980733 89952.034920168226
11010724 1 4 2 3 1 8 3 2 3 11 7 0 0 3 9 4 3 1 1 1 0 0 0 0 1 1 0 -1.0000000000000001e+300 52726.924797494561 67433.670127841018 70808.712394106449
11010725 1 3 1 1 0 3 4 3 3 1 2 2 3 0 2 0 1 1 2 1 0 0 0 0 3 3 2 96075.507689505102 95733.449071612384 95837.398934259283 96255.174207350283
11010725 1 2 3 0 0 3 0 0 0 5 0 2 3 6 7 5 1 1 1 1 0 0 0 0 2 2 1 87638.661947098968 91547.994385677724 89971.222141412902 91424.444991115844
11010725 1 8 3 0 0 8 3 4 0 9 4 2 1 10 3 1 0 1 2 1 0 0 0 0 1 1 0 93589.099408148613 93016.323840559242 93450.346321906371 93130.614545111719
11010725 1 9 8 6 4 11 8 5 4 3 8 4 2 0 3 0 0 1 1 1 0 0 0 0 1 1 2 84042.53805509294 83497.312486092473 85392.975615141797 75409.875472920481
11010726 1 2 0 1 0 3 0 3 2 2 1 3 0 3 2 0 0 1 1 1 0 0 0 0 1 0 0 97048.381739969598 97515.468239943177 97574.472396126483 97397.802798402263
11010726 1 1 4 6 6 4 3 4 7 0 1 3 3 0 0 2 0 1 1 1 0 0 0 0 0 2 0 90127.455239645831 90405.976823865276 -1.0000000000000001e+300 91981.118818651652
11010726 1 4 8 9 10 4 5 5 2 3 3 2 3 0 1 1 0 1 2 1 0 0 0 0 2 1 1 88519.993237845789 88342.478779672718 88866.383381648644 75709.282487794189
11010726 1 4 7 11 10 0 2 9 9 0 0 4 5 3 0 1 0 1 2 1 0 0 0 0 2 1 2 93291.232528977096 98111.324148390209 98038.323127678654 88943.924378942
11010727 1 4 2 5 3 4 4 1 0 2 1 3 0 1 0 2 0 1 1 1 0 0 0 0 0 1 0 95661.084038616696 95255.171324364914 96742.394786410863 95696.644403563594
11010727 1 3 0 0 7 0 1 3 8 1 2 3 6 0 0 3 3 1 1 1 0 0 0 0 1 3 3 87376.630412894636 91405.366874999483 91237.92639940964 91014.007838028905
11010727 1 6 8 8 10 3 2 3 0 1 0 1 3 0 2 0 0 1 1 1 0 0 0 0 1 2 1 86972.65010367005 90594.095148211403 90366.941253470344 79568.123283865076
11010727 1 10 11 7 9 6 5 4 3 5 3 0 3 4 4 2 0 3 5 0.37499999999999994 6 0.24999999999999994 7 0.37499999999999994 4 3 3 80345.987205870202 83830.211128004172 80934.29841702641 75655.39511131878
11010728 0 1 2 3 0 1 3 2 2 4 4 3 0 4 2 1 0 1 2 1 0 0 0 0 2 0 2 95456.678191667714 95355.427484512329 95598.035839402 95016.425308912992
11010728 0 6 1 0 0 4 7 5 0 3 4 1 3 2 3 0 0 1 2 1 0 0 0 0 2 2 1 -1.0000000000000001e+300 88603.391767326742 86705.397861582343 89572.066898798628
11010728 0 5 5 7 10 3 4 5 6 0 4 1 5 0 3 0 3 1 2 1 0 0 0 0 0 0 0 84669.118587587218 89698.517101421021 90239.520625414705 85789.875360890248
11010728 0 0 1 2 4 0 0 2 5 3 3 4 11 2 4 7 8 1 3 1 0 0 0 0 2 0 0 79899.739017010797 85016.620556309455 84840.400321535824 84716.409722096709
11010728 0 3 5 2 2 3 7 6 2 1 1 7 11 3 1 8 9 1 1 1 0 0 0 0 3 4 2 -1.0000000000000001e+300 -1.0000000000000001e+300 3 3
11010729 1 0 2 0 2 0 6 0 1 6 1 2 0 3 3 5 4 1 2 1 0 0 0 0 3 1 3 91951.392744167213 91765.465065208686 92272.440949290773 92812.068537030893
11010729 1 2 2 0 0 6 6 1 1 7 6 3 1 6 3 4 0 1 1 1 0 0 0 0 1 3 1 87677.546778194461 89134.795163207527 87715.106884381777 91067.403424612829
11010729 1 10 3 3 2 9 3 4 0 7 4 3 0 7 3 0 0 1 3 1 0 0 0 0 3 2 3 88762.043627376857 78284.204264807369 90295.458096659466 86780.216676194192
11010729 1 5 1 0 0 11 5 3 0 8 4 0 2 7 4 3 0 1 3 1 0 0 0 0 1 1 1 85595.048048423952 80320.991304722047 85034.009174781488 83944.46217763763
11010730 1 2 0 0 3 3 1 0 2 0 1 1 2 1 0 0 0 1 3 1 0 0 0 0 0 1 1 97098.818758869136 97239.669490569184 97332.485381603241 97227.599171885187
11010730 1 2 2 2 0 0 1 3 0 2 5 3 3 4 6 8 7 1 1 1 0 0 0 0 3 1 2 91291.395022050856 91588.729740321243 83744.012445721281 91144.214952328999
11010730 1 0 0 0 1 3 2 0 3 0 0 3 6 0 5 6 10 1 2 1 0 0 0 0 1 0 3 87855.072915273937 88991.584129118521 88569.740356347858 88564.987453843118
11010730 1 4 5 7 8 3 4 6 11 0 2 3 3 0 0 0 3 1 1 1 0 0 0 0 1 1 0 85862.836772915849 85765.254714458628 84992.433537663674 82532.93381319019
11010731 1 0 0 1 3 2 4 5 0 3 5 4 1 3 4 2 0 1 1 1 0 0 0 0 1 2 3 93777.187851969415 93735.211307970676 93121.544169702058 93549.587244775554
11010731 1 4 2 0 0 7 4 0 0 8 5 3 0 7 4 4 2 1 3 1 0 0 0 0 3 1 1 91090.522871526351 86464.579581319573 91183.42530947816 -1.0000000000000001e+300
11010731 1 10 7 4 0 1 2 4 3 4 4 0 0 0 0 1 0 1 3 1 0 0 0 0 0 1 0 88545.550843521152 87006.031541635399 88995.309859014291 84357.897465277769
11010731 1 2 0 1 5 0 0 3 11 2 3 5 9 0 3 5 5 1 3 1 0 0 0 0 4 3 3 78134.054285856531 81169.947882893233 79202.345705345913 77839.481330959476
11010732 1 2 0 0 0 3 1 0 0 3 4 6 3 6 6 1 2 1 2 1 0 0 0 0 1 0 0 92077.750976823911 92088.004381501625 91216.882079343311 91314.976900100708
11010732 1 2 3 3 3 3 5 4 0 2 5 7 0 1 5 7 1 1 1 1 0 0 0 0 3 4 2 87008.352767772551 87721.00266594319 84595.033958685774 88794.663180428601
11010732 1 3 3 2 0 4 1 0 3 7 5 4 0 9 8 6 4 1 3 1 0 0 0 0 4 4 3 91096.40252477373 90521.192628011209 88787.674058355842 91181.227344999032
11010732 1 5 4 2 3 7 3 0 0 11 3 1 0 3 1 2 3 1 3 1 0 0 0 0 0 0 0 82768.544077851169 78217.424203310831 83130.248439530464 82967.388481656089
11010733 0 0 4 6 2 0 0 5 6 0 4 5 5 2 3 4 1 1 3 1 0 0 0 0 3 2 0 87727.992888241351 91012.883916052553 90837.555231947859 88973.556526341505
11010733 0 4 6 8 7 4 5 5 3 0 1 2 3 0 0 0 1 1 3 1 0 0 0 0 3 4 2 91531.905176739223 90999.198204085566 91609.018308348925 87156.075734454818
11010733 0 3 10 8 5 3 9 7 3 0 4 3 4 1 1 2 0 1 2 1 0 0 0 0 1 1 1 67702.1718504983 72657.444334960353 70653.258548811849 72998.549304248125
11010733 0 0 2 8 0 11 7 1 3 8 4 4 6 4 2 3 2 1 2 1 0 0 0 0 4 1 3 67019.338034722809 57774.573160661144 62936.931660351867 -1.0000000000000001e+300
11010733 0 1 2 2 3 2 4 5 4 11 6 9 6 10 7 6 1 3 4 0.54545454545454541 5 0.27272727272727271 6 0.1818181818181818 1 0 0 30720.779911706584 29.999999999999996 29.999999999999996 29.999999999999996
11010734 1 2 4 2 2 0 5 1 4 3 0 3 2 0 3 5 1 1 1 1 0 0 0 0 3 2 3 94031.39969017361 94038.519667079221 93713.527829923798 94007.651920118849
11010734 1 4 3 1 3 6 5 3 3 7 7 4 0 2 0 3 0 1 1 1 0 0 0 0 2 3 3 87435.989449734145 87414.702716540589 86797.226934801816 86470.493847786725
11010734 1 10 8 4 3 8 5 0 3 7 3 0 0 5 0 0 3 1 2 1 0 0 0 0 3 2 1 90752.505848242348 85622.089394833776 90991.856664498453 89948.704588593202
11010734 1 6 11 7 6 4 6 5 3 0 1 5 3 2 0 3 0 1 3 1 0 0 0 0 3 3 2 81861.02021520905 82352.286580454151 82553.17196182927 77897.719135772029
11010735 1 2 5 6 4 3 5 2 1 1 2 0 0 1 3 3 0 1 2 1 0 0 0 0 4 3 4 93111.75819319587 93713.823299265394 92223.020916903595 91702.705803333301
11010735 1 5 4 3 0 7 4 3 0 8 6 4 2 7 5 3 1 1 1 1 0 0 0 0 3 4 4 -1.0000000000000001e+300 84372.789507447014 89877.287635729241 91731.178120983343
11010735 1 7 6 4 0 8 7 4 0 9 4 5 1 10 1 3 1 3 4 0.5 5 0.25 6 0.25 1 4 3 -1.0000000000000001e+300 63184.267399051176 88036.547702337339 86369.622242278783
11010735 1 0 0 2 0 7 2 1 0 11 6 3 0 3 3 4 3 1 2 1 0 0 0 0 4 2 3 82016.794516676644 80725.623504785268 80687.638566595211 81384.434027952288
11010736 1 4 0 1 2 4 5 0 0 5 6 3 2 6 1 0 0 1 3 1 0 0 0 0 0 0 0 92397.383509163905 91322.209987968672 91352.285616324007 91240.652122972257
11010736 1 5 6 8 6 5 5 3 3 3 2 1 0 2 3 0 0 1 1 1 0 0 0 0 3 3 3 90797.2945495944 90555.6780383226 90773.233526637836 84054.84105880915
11010736 1 3 4 7 10 0 3 3 8 1 0 0 6 0 0 2 0 1 1 1 0 0 0 0 3 4 4 84183.496324278254 89792.808099122485 89915.152383121895 85192.925598221234
11010736 1 1 1 2 0 0 3 3 4 3 4 7 11 6 7 9 10 1 2 1 0 0 0 0 0 0 1 91787.651265080291 92146.67677260784 76472.073318493247 93080.208420309515
11010737 1 0 0 3 3 1 3 0 4 2 1 4 6 0 3 6 2 1 2 1 0 0 0 0 3 2 3 91845.626062386436 93061.696691619043 92244.763287095717 92230.27527937718
11010737 1 4 1 3 0 4 6 6 2 3 4 7 0 2 1 4 0 1 1 1 0 0 0 0 2 3 3 90382.140468878541 87972.229942678838 88483.794691857736 88548.438026168791
11010737 1 0 0 0 3 2 0 2 3 0 1 3 5 0 3 6 10 3 5 0.25 6 0.25 7 0.5 3 2 2 87966.92074664784 85410.901315899566 87070.151222676155 85874.752841374444
11010737 1 0 0 4 7 0 3 4 7 0 0 3 11 1 3 2 1 1 1 1 0 0 0 0 1 3 1 81776.356945420965 84570.884431508457 84622.748007404007 83914.623932675458
11010738 1 1 2 0 0 0 1 0 2 3 0 3 0 1 3 0 2 1 1 1 0 0 0 0 0 1 1 97470.748064491476 96853.963884290933 97090.1239959253 97068.702449589968
11010738 1 2 4 5 5 0 2 4 8 1 5 0 6 2 1 0 0 1 1 1 0 0 0 0 0 0 1 87971.324232714935 91715.091406332329 90656.843500084928 88967.541536364777
11010738 1 5 7 8 9 2 0 2 8 0 1 1 5 0 3 0 3 1 2 1 0 0 0 0 4 3 4 91238.359351296327 91375.03600310703 91551.14971397625 85946.184240271934
11010738 1 3 3 8 9 1 2 6 11 1 5 5 7 3 1 2 4 1 2 1 0 0 0 0 3 3 3 80199.679858329677 88020.19947229026 -1.0000000000000001e+300 -1.0000000000000001e+300
11010739 1 3 3 5 3 4 6 0 3 3 0 0 3 0 0 0 2 1 1 1 0 0 0 0 2 2 1 94304.753127658623 94234.984433628022 94433.572569958371 93629.848408972393
11010739 1 0 1 2 3 3 0 0 3 2 4 5 6 3 7 6 1 1 1 1 0 0 0 0 1 2 2 89342.610837644897 90363.288947979687 88786.654844077537 89716.741625852941
11010739 1 0 0 3 1 1 5 4 3 0 3 6 5 2 9 9 10 1 2 1 0 0 0 0 2 2 3 87643.449417676558 87771.079597776421 85670.576077140577 87712.882246380235
11010739 1 5 0 9 10 2 8 8 11 1 4 5 6 1 2 3 5 1 2 1 0 0 0 0 3 2 4 98556.468951245493 100940.8901009017 98539.012859633542 99923.714320820596
11010740 1 2 2 4 3 3 1 1 0 1 0 3 2 2 0 1 0 1 2 1 0 0 0 0 3 2 4 97019.91052875694 96652.374910842744 96990.993464969317 96940.434506447709
11010740 1 0 0 1 4 0 2 3 7 0 3 4 8 1 4 6 7 1 2 1 0 0 0 0 0 0 0 85092.403980482515 -1.0000000000000001e+300 92540.027113782737 -1.0000000000000001e+300
11010740 1 0 2 3 4 2 0 3 6 0 1 4 7 0 4 7 10 1 3 1 0 0 0 0 2 1 0 85294.705095696059 89844.041775083781 89555.896943325512 89618.392578866959
11010740 1 3 0 0 0 6 3 0 2 11 6 4 0 10 8 4 3 3 6 0.1818181818181818 7 0.27272727272727271 8 0.54545454545454541 4 3 3 77062.144395176729 82138.102693460663 89210.318905845386 82053.521014126454
11010741 1 0 0 1 0 3 0 2 1 6 6 3 4 2 5 3 3 1 2 1 0 0 0 0 2 1 2 91843.212966378909 91426.693276984341 91173.698998145308 91276.34199467866
11010741 1 5 3 0 0 7 4 1 0 8 4 1 0 7 6 3 2 1 2 1 0 0 0 0 0 0 0 -1.0000000000000001e+300 84254.525861876449 90890.010136820216 92016.902468501052
11010741 1 2 0 0 1 5 3 3 0 7 4 4 0 9 6 4 4 1 1 1 0 0 0 0 1 2 3 91764.248361631428 88068.9934801942 89934.759974982648 90822.528647653293
11010741 1 1 4 9 10 4 4 8 11 4 0 3 3 0 0 2 0 1 2 1 0 0 0 0 3 2 2 80708.00680245999 92587.733755768728 93195.76839888512 84746.148171717388
11010742 1 2 2 0 0 5 1 3 2 4 3 4 0 2 1 3 0 1 1 1 0 0 0 0 1 0 1 95582.022523774038 95316.221049326428 95622.844375963556 95779.095782809774
11010742 1 0 3 4 7 1 2 3 8 0 0 3 7 0 0 3 6 1 2 1 0 0 0 0 3 2 4 85776.763366844039 91026.861843149163 90780.03727635312 90922.014253373767
11010742 1 0 0 7 10 2 4 5 6 0 0 2 5 1 1 2 3 1 1 1 0 0 0 0 0 0 2 85837.514837006325 89196.281221720637 89425.761283862303 89138.609803810366
11010742 1 3 0 1 0 5 4 3 3 11 5 3 0 10 6 5 1 1 2 1 0 0 0 0 0 1 2 88789.543594533883 82137.073432212099 86516.525154018353 88836.889315667111
11010743 0 5 4 3 3 1 5 6 4 1 2 5 5 2 0 0 3 1 2 1 0 0 0 0 3 2 4 89383.461607903606 89896.415827935605 89682.817054024432 88854.273772575238
11010743 0 4 6 8 4 1 5 3 1 0 1 2 0 0 5 2 3 1 2 1 0 0 0 0 1 1 2 86661.294339908898 89828.422858732054 86725.72415061752 86155.850203723705
11010743 0 9 8 7 3 4 4 0 0 2 4 2 3 1 0 1 1 1 2 1 0 0 0 0 2 2 3 90686.180734869457 90683.632793863435 91172.185713044615 82348.215295196394
11010743 0 3 4 11 10 0 4 5 8 3 0 4 5 0 0 3 3 1 2 1 0 0 0 0 4 3 2 83659.314836785939 88723.823849647641 88998.875728842511 88877.720739687109
11010743 0 4 3 11 10 1 6 8 9 5 7 4 3 2 3 1 0 1 2 1 0 0 0 0 3 3 0 -1.0000000000000001e+300 0 -1.0000000000000001e+300 0
11010744 1 3 2 1 3 2 4 3 0 1 6 2 0 3 3 4 0 1 1 1 0 0 0 0 2 2 2 93905.761137708905 93086.427726694397 93197.249356842032 93727.98700854514
11010744 1 2 4 2 1 4 1 2 0 7 3 3 0 3 0 3 0 1 3 1 0 0 0 0 3 2 2 92152.225786412208 91953.338534791284 91461.67508415565 91906.138760791902
11010744 1 10 7 4 3 9 5 4 2 8 4 1 0 4 3 0 2 3 4 0.5 5 0.25 6 0.25 2 1 3 89363.940983797336 81809.746400610602 87086.906871829211 89103.911768537379
11010744 1 10 8 5 2 11 7 4 1 7 6 3 1 5 0 3 0 1 2 1 0 0 0 0 0 0 2 89369.39408807685 89136.262961226414 92103.584734091477 86624.816996103982
11010745 1 1 3 3 3 3 4 5 2 0 5 3 1 3 5 4 3 1 3 1 0 0 0 0 3 4 3 91211.611320204203 92318.542505101796 93072.006237101552 92556.796067920513
11010745 1 3 1 0 2 5 3 4 0 3 5 4 1 4 7 2 0 1 1 1 0 0 0 0 1 2 3 89684.691621101665 89364.451677941484 88811.307651499577 89647.061674886208
11010745 1 3 5 7 9 0 1 2 7 2 0 1 5 0 0 0 3 1 3 1 0 0 0 0 3 3 2 91524.490117133784 91766.458298669429 91719.246409476429 91442.397101589697
11010745 1 1 0 0 4 2 2 0 5 1 4 4 11 3 2 7 10 1 1 1 0 0 0 0 1 1 3 81356.54505528124 88923.241794162968 85569.73659279586 88034.585468872727
11010746 1 0 1 6 6 1 3 1 3 2 3 0 3 0 0 0 1 1 2 1 0 0 0 0 0 2 0 94353.257815749545 93490.96833740524 93382.885670979813 93694.042371149655
11010746 1 1 0 3 0 2 2 4 3 2 7 6 3 0 1 6 0 1 1 1 0 0 0 0 1 1 1 90366.815591624181 90228.453356884245 89751.477174733824 90208.88941191393
11010746 1 1 1 0 0 5 3 0 0 6 5 3 1 9 7 5 4 1 3 1 0 0 0 0 1 4 3 -1.0000000000000001e+300 90654.713253524649 90841.969865851061 -1.0000000000000001e+300
11010746 1 4 7 9 10 3 4 8 11 0 2 3 3 0 1 1 0 1 2 1 0 0 0 0 1 1 2 95144.276214058584 93890.441716707399 93997.177774822645 82781.936718521945
11010747 1 0 0 1 5 0 4 5 4 0 0 3 4 3 1 2 6 1 2 1 0 0 0 0 3 3 3 92700.54487013194 92944.758058218911 92636.339310335796 93586.132636335155
11010747 1 8 0 3 2 8 5 3 0 7 5 1 0 6 3 0 0 1 1 1 0 0 0 0 2 3 3 91589.747673669466 87384.244128038044 91498.793305231186 89640.18882708966
11010747 1 10 4 2 3 9 6 1 2 4 6 4 0 4 6 0 0 1 1 1 0 0 0 0 2 2 1 80451.200766161026 72408.752070693488 82282.849279298971 80267.454128420359
11010747 1 5 4 3 0 11 4 3 3 9 5 7 1 10 8 7 0 1 2 1 0 0 0 0 2 2 0 91518.694219621961 67663.879947118694 87239.671712797368 92396.47592906018
11010748 1 4 5 2 1 2 6 4 5 4 4 6 0 2 2 3 0 1 1 1 0 0 0 0 2 0 3 84783.913440704346 89193.105855242407 -1.0000000000000001e+300 83128.678388341272
11010748 1 4 7 8 6 3 1 4 6 0 0 0 3 0 0 0 3 1 2 1 0 0 0 0 0 0 0 91633.20005477473 -1.0000000000000001e+300 91239.913322065724 83404.540145956518
11010748 1 1 0 6 10 2 5 5 7 4 3 3 5 0 0 2 4 1 1 1 0 0 0 0 0 0 0 86307.544116846038 89934.165232445579 89670.088687871845 89167.679341745446
11010748 1 5 7 11 3 4 5 4 0 4 0 2 1 2 0 0 0 1 3 1 0 0 0 0 3 2 2 82753.301001452855 82437.761258696337 82617.0264187422 81839.029123168773
11010749 0 0 2 3 2 3 0 6 6 1 5 5 5 1 0 0 1 1 2 1 0 0 0 0 3 3 4 88597.823154756101 90447.374228321016 91101.417837314162 89635.656947146519
11010749 0 0 2 0 4 0 0 0 7 0 0 4 8 1 4 6 6 1 3 1 0 0 0 0 3 3 3 88444.919265824181 91242.557225647848 90937.869825998438 91498.200380864189
11010749 0 0 0 0 2 1 2 1 7 2 4 2 9 0 1 1 10 1 2 1 0 0 0 0 1 0 3 83900.967570415363 90116.409835050945 90195.672226400697 89571.205471364316
11010749 0 2 5 11 8 3 4 4 7 0 1 4 4 0 2 0 3 1 1 1 0 0 0 0 0 0 0 83224.997997409679 85508.614596610845 85124.169068516669 81033.673015133551
11010749 0 2 7 11 10 4 8 7 9 4 6 5 4 3 4 3 1 1 2 1 0 0 0 0 2 1 3 -1.0000000000000001e+300 -1.0000000000000001e+300 9 9
11010750 1 0 0 0 1 0 0 0 2 2 0 2 4 0 3 4 1 1 1 1 0 0 0 0 0 0 0 96860.898792337073 96984.613451259298 97082.413544978859 97325.923805737737
11010750 1 6 7 8 7 3 4 6 5 1 3 3 0 5 0 0 0 2 4 0.5 5 0.5 0 0 3 4 3 90361.68385869122 87140.472051423989 -1.0000000000000001e+300 76664.263136657304
11010750 1 10 4 3 0 8 6 3 0 7 5 3 2 5 1 2 1 1 2 1 0 0 0 0 1 0 2 89318.583803002286 75958.382419929578 89327.837699604352 88593.687537811405
11010750 1 4 2 2 0 5 4 1 0 11 5 3 1 9 6 4 3 1 2 1 0 0 0 0 3 2 1 -1.0000000000000001e+300 85432.476162862324 85857.514996479527 86257.191547159891
11010751 1 2 1 3 4 0 4 3 2 0 1 3 0 0 0 4 3 1 1 1 0 0 0 0 1 2 2 96153.349453347924 95729.240511679658 95877.883969986433 95882.170943999634
11010751 1 4 4 0 0 8 4 2 0 6 3 1 0 4 3 3 1 1 3 1 0 0 0 0 3 4 1 90798.740793998761 87850.060794993915 89217.009754884872 89953.403534757439
11010751 1 10 4 3 1 9 3 0 0 6 3 2 0 2 1 3 1 1 2 1 0 0 0 0 1 1 2 89974.923495071795 82767.209661991932 90015.41938635509 89411.86576903949
11010751 1 4 3 0 2 7 4 2 0 11 7 3 1 9 8 6 2 1 1 1 0 0 0 0 2 1 2 89299.168694420034 89140.875387303444 85698.033788789544 87819.358502204588
11010752 1 3 0 0 0 3 0 0 2 0 1 1 2 4 3 1 2 1 2 1 0 0 0 0 4 3 4 97125.016626545883 96714.087266476592 97193.009397948103 98062.757242098713
11010752 1 3 0 0 5 2 2 4 8 0 1 3 6 1 0 2 4 1 2 1 0 0 0 0 3 1 3 87181.032194024374 90942.178948829183 90645.586638300563 90135.904213025729
11010752 1 0 1 3 10 2 4 5 9 0 3 6 7 2 3 0 6 1 3 1 0 0 0 0 4 3 3 76536.094736020954 89249.24334488342 90394.636106159829 90334.072989980647
11010752 1 4 8 8 10 1 6 7 11 1 5 1 6 3 1 3 2 1 2 1 0 0 0 0 0 2 0 729 75041.564300741244 -1.0000000000000001e+300 -1.0000000000000001e+300
11010753 1 0 3 0 0 2 0 2 3 1 0 6 3 4 6 4 4 1 3 1 0 0 0 0 4 3 1 91380.943642961167 91641.829061133438 91579.417643134075 91652.372267447456
11010753 1 2 0 0 0 2 0 1 0 6 4 4 1 4 6 8 6 2 4 0.5 5 0.5 0 0 1 1 1 88808.703290102727 89207.312686508405 84383.524554858304 -1.0000000000000001e+300
11010753 1 0 0 1 0 0 0 0 2 1 0 4 7 3 4 9 10 1 3 1 0 0 0 0 0 1 2 87190.097520216135 87716.9403095663 84248.752758385264 87423.194397228741
11010753 1 1 0 2 1 3 4 2 0 11 9 3 1 10 6 6 3 1 2 1 0 0 0 0 2 2 2 75341.810092183587 74898.228122363464 65490.479354159099 72253.204329746019
11010754 1 1 0 3 3 5 6 3 2 3 3 4 1 2 1 0 0 1 2 1 0 0 0 0 1 1 1 93458.861059135859 93847.794815416681 93929.737705795851 93308.011628939043
11010754 1 3 0 0 0 4 0 0 0 6 2 1 1 7 6 4 1 1 2 1 0 0 0 0 0 1 0 92826.41440927895 91101.750060844424 91548.918786389928 -1.0000000000000001e+300
11010754 1 3 2 0 0 2 3 0 0 5 5 3 3 9 8 7 5 1 1 1 0 0 0 0 3 2 4 90749.425529360495 91000.926361090911 86869.190951194149 -1.0000000000000001e+300
11010754 1 1 0 2 1 6 7 5 2 11 7 2 2 10 0 0 8 1 3 1 0 0 0 0 3 1 2 85036.832779602672 72614.23095285047 65689.915819885689 74689.82343480656
11010755 1 2 0 3 2 3 3 1 2 1 2 4 3 0 0 1 2 1 1 1 0 0 0 0 2 1 4 96244.934367238995 96351.573812421964 96369.713187747533 96459.864804463403
11010755 1 0 0 2 1 3 4 4 5 0 3 5 6 5 7 8 7 1 3 1 0 0 0 0 2 2 0 90304.407654712923 92226.744632643327 86904.184130454494 92044.52003272553
11010755 1 2 0 1 3 2 1 3 5 3 5 5 6 3 0 7 10 1 1 1 0 0 0 0 1 2 2 87166.035093314247 90056.705238629424 88901.299780541012 89341.620360659319
11010755 1 2 0 3 0 0 2 5 3 1 5 6 3 3 8 11 6 1 3 1 0 0 0 0 3 2 1 79858.335066594853 79406.052763440675 77451.189973000379 80293.882547397137
11010756 1 3 4 3 1 0 4 6 2 3 1 0 6 0 0 0 3 1 1 1 0 0 0 0 2 4 3 91979.192691325166 91844.384237660299 91558.728675497186 91759.859554718802
11010756 1 1 3 3 7 2 0 4 8 3 0 1 6 1 0 0 4 1 2 1 0 0 0 0 0 1 2 85966.93343439333 90927.151611044392 91346.884488062191 90398.20542734972
11010756 1 0 2 1 9 3 3 7 7 3 4 5 6 0 3 3 5 1 2 1 0 0 0 0 4 3 4 82025.136299866164 91224.12166896819 90826.104827212475 91251.200986795549
11010756 1 0 0 3 0 2 2 1 0 11 8 4 3 8 1 4 5 1 2 1 0 0 0 0 1 0 1 79785.179170335701 77171.004212141153 79508.908123917048 78143.535236355325
11010757 1 0 3 0 2 4 1 5 1 5 3 3 2 3 2 0 4 1 3 1 0 0 0 0 3 2 2 94354.866115327852 93159.390378330427 93147.084933613965 93490.944080171117
11010757 1 0 2 3 1 3 2 1 0 3 5 6 3 3 8 7 4 1 3 1 0 0 0 0 0 0 0 87665.822608945775 87776.457581981507 86769.410072363913 87318.448692046019
11010757 1 3 2 1 3 3 3 0 0 4 5 3 6 9 7 6 4 1 2 1 0 0 0 0 3 2 3 90580.278347499989 89644.888985871221 83637.334274905021 90100.827630116968
11010757 1 0 0 2 0 2 1 3 1 2 3 5 2 4 11 8 8 1 3 1 0 0 0 0 3 1 2 83120.267559319575 85726.628564566097 77281.440367993753 86130.034705900121
11010758 1 3 0 4 3 0 0 3 2 3 4 1 1 2 3 2 3 1 1 1 0 0 0 0 2 2 1 95240.948421827954 95479.378867212945 95768.394371825474 95683.933222203792
11010758 1 0 1 0 0 2 3 1 2 0 4 5 5 7 8 7 6 1 2 1 0 0 0 0 3 2 4 90894.430626478264 91007.820853796831 84750.413566046002 91381.125554221842
11010758 1 0 1 0 3 2 3 0 4 0 2 4 5 1 3 7 9 1 2 1 0 0 0 0 3 2 4 89768.500693649461 90828.897170877273 86754.178989402397 90699.430061854466
11010758 1 0 0 1 1 2 2 3 4 1 3 4 11 3 6 8 10 1 3 1 0 0 0 0 0 1 1 88771.593125077692 -1.0000000000000001e+300 86938.825580896431 86910.282712501226
11010759 1 2 4 4 4 0 0 3 3 1 3 1 5 3 0 0 0 1 2 1 0 0 0 0 0 0 0 95186.380826645021 95443.677134966609 95284.675988430128 95304.785521601982
11010759 1 7 6 3 3 8 5 3 0 6 4 3 0 5 3 0 0 1 2 1 0 0 0 0 3 2 0 91948.208886144363 84826.561234433466 91409.639976068967 91352.370551074448
11010759 1 10 9 6 5 8 5 4 3 0 5 3 3 7 2 1 2 1 3 1 0 0 0 0 4 3 1 86236.957611926744 81721.531922853697 87489.034960356585 71544.944172778574
11010759 1 0 1 3 4 0 0 3 11 2 3 5 8 3 3 6 7 1 3 1 0 0 0 0 2 2 1 78465.225887034496 85369.913095651049 85297.013808505828 85942.331083961544
11010760 1 0 1 3 4 0 2 6 3 1 6 1 3 2 2 2 0 1 3 1 0 0 0 0 4 3 3 92086.569565151352 91952.774662460215 92334.966300353175 92259.762326995537
11010760 1 3 1 0 0 5 3 2 1 7 4 1 0 3 7 4 0 1 1 1 0 0 0 0 0 3 1 89318.415102934858 88251.905170894635 89150.06690994573 89242.749004490863
11010760 1 0 3 1 0 3 5 1 2 0 8 5 2 9 8 5 3 1 2 1 0 0 0 0 4 3 3 89388.493497821837 89674.899174129867 88791.33061170172 91177.354440795418
11010760 1 0 0 0 3 3 3 4 4 4 5 7 8 5 6 11 10 1 1 1 0 0 0 0 3 4 3 89443.186733310518 88837.869184551178 78217.071473965887 -1.0000000000000001e+300
11010761 0 4 1 2 0 4 4 4 4 1 5 2 1 0 0 0 2 1 1 1 0 0 0 0 2 3 4 94753.52023059057 94185.950350122424 94417.224284746015 94159.919724168605
11010761 0 0 2 0 0 0 3 4 4 1 3 6 3 0 6 8 3 1 2 1 0 0 0 0 1 0 2 85974.144590807846 87851.358348600887 87020.758478015021 89075.779783788385
11010761 0 0 0 0 2 0 1 0 0 0 2 5 5 3 4 8 10 1 3 1 0 0 0 0 4 3 3 89048.895477335973 89327.61217986932 86691.896825985707 89329.169713392184
11010761 0 2 6 9 10 3 7 8 11 1 5 6 5 7 3 3 4 1 2 1 0 0 0 0 4 3 4 78976.149396680616 84420.9691024364 -1.0000000000000001e+300 -1.0000000000000001e+300
11010761 0 2 6 9 10 1 7 8 11 4 1 5 7 3 4 2 8 1 2 1 0 0 0 0 1 0 2 -1.0000000000000001e+300 -1.0000000000000001e+300 3 3
11010762 1 0 0 2 6 0 1 5 6 0 1 3 5 2 1 4 5 1 3 1 0 0 0 0 2 3 3 90229.07453829248 92370.635593278072 90964.668081339609 91631.61269321201
11010762 1 0 4 6 7 3 3 3 8 0 0 2 7 0 0 1 4 1 1 1 0 0 0 0 3 4 4 86189.581100067677 91806.553253338323 91969.983970934947 91166.641564152509
11010762 1 0 0 4 9 1 3 3 8 0 0 3 8 0 3 4 5 1 2 1 0 0 0 0 0 0 1 87398.537744135683 91244.652897293025 91448.10213674375 90330.583190422054
11010762 1 1 0 0 1 3 3 9 11 0 4 9 10 5 3 4 2 1 1 1 0 0 0 0 0 2 0 103531.16264561034 101409.61043772583 100270.22068715433 102227.85550064009
11010763 1 2 3 0 0 2 1 3 3 0 3 2 0 0 1 3 1 1 2 1 0 0 0 0 4 3 4 96679.787140577493 96956.059535785229 97174.233824443334 96551.948995315674
11010763 1 1 0 0 3 5 1 1 0 6 5 3 3 7 8 6 4 1 3 1 0 0 0 0 1 4 0 90435.21820152647 89680.37492800875 85571.439679331219 90994.01104801202
11010763 1 4 3 0 3 6 4 3 0 8 5 3 3 10 6 5 3 1 2 1 0 0 0 0 4 3 2 89486.064618387813 82806.076498736496 89422.818006925576 89664.345945411158
11010763 1 8 2 0 1 1 7 6 0 0 4 6 0 3 6 11 10 1 2 1 0 0 0 0 0 0 1 72405.710878488113 76742.542054614692 65068.997260996548 73238.228562622506
11010764 1 1 0 0 0 2 1 2 0 5 6 0 0 5 3 3 2 1 3 1 0 0 0 0 1 0 2 93716.693093856171 93583.988428100391 93725.691731997111 93948.361556159114
11010764 1 3 3 3 1 4 5 4 0 7 7 4 0 1 0 2 0 1 2 1 0 0 0 0 1 1 2 89472.796268594408 88863.907864136097 88039.337352420014 88881.823385611235
11010764 1 0 0 0 2 4 3 2 0 6 4 0 1 10 6 5 1 1 2 1 0 0 0 0 2 1 1 88949.618208446787 88334.231224149742 86682.102183693278 88672.073933239561
11010764 1 3 9 2 2 8 6 0 0 11 4 3 1 5 3 0 3 1 3 1 0 0 0 0 4 3 2 71108.523846333439 68964.651979348593 70512.204331994813 70832.49415907808
11010765 1 3 0 0 0 2 1 5 1 3 2 2 0 1 1 3 0 1 1 1 0 0 0 0 2 4 2 96485.44288813122 96217.019956282194 96503.749053538268 96654.89714579354
11010765 1 3 7 8 4 1 3 6 4 0 0 2 1 0 0 2 1 1 3 1 0 0 0 0 0 1 0 88408.934656348429 89257.098427170597 87636.819476623845 86402.59978158772
11010765 1 0 3 1 5 0 2 5 7 1 2 4 8 4 1 3 10 1 1 1 0 0 0 0 0 2 2 73242.121053283816 86786.460074608229 87584.700377467874 88687.526620765828
11010765 1 1 1 0 0 0 1 3 2 3 4 7 7 3 6 11 9 1 2 1 0 0 0 0 2 3 4 81184.135997952151 87379.510924785704 73187.492395373527 86117.295313383976
11010766 1 3 0 0 0 3 0 0 3 0 0 0 1 3 3 1 3 1 2 1 0 0 0 0 0 1 0 97546.097381697749 97767.240306842476 97537.96600999104 97664.771494504472
11010766 1 0 3 0 6 3 4 5 8 0 0 4 6 1 2 1 4 1 1 1 0 0 0 0 1 3 2 86589.219334927198 90412.275167902495 91104.794820541094 90580.091119513643
11010766 1 3 0 3 5 3 3 6 6 0 3 7 8 0 3 6 10 1 3 1 0 0 0 0 4 4 3 82805.890726633515 90254.89710752228 89987.172918664932 91013.004211453081
11010766 1 2 0 4 4 1 3 6 7 2 3 7 11 3 4 9 10 1 2 1 0 0 0 0 4 2 4 91166.322738725808 89178.558953699758 90091.855182956817 89324.161651972885
11010767 1 1 3 1 2 0 5 3 3 0 2 5 4 0 1 3 3 1 3 1 0 0 0 0 2 3 3 94964.188438000303 95046.370414311925 94925.330858815272 94421.512631563906
11010767 1 7 4 0 2 8 4 1 0 6 5 1 0 4 4 2 0 1 1 1 0 0 0 0 3 4 4 91605.026835001161 87779.406310753635 91989.167307322263 91338.073795171396
11010767 1 9 5 5 0 6 4 3 0 5 4 2 3 3 1 3 0 1 3 1 0 0 0 0 0 0 0 90779.612724812279 87119.260544198842 91033.187713564257 91191.082911713514
11010767 1 3 4 11 8 1 0 2 4 0 0 3 1 0 0 0 2 1 1 1 0 0 0 0 3 4 4 84211.038641513864 84203.484243559826 84255.678870012052 82048.773252856918
11010768 1 0 0 1 5 0 1 2 4 3 5 4 3 1 4 4 3 1 3 1 0 0 0 0 0 2 1 93413.02373030009 93340.153714497879 93786.669785199338 93714.385349326665
11010768 1 7 6 5 0 8 5 1 0 6 5 2 0 4 4 2 1 1 3 1 0 0 0 0 0 0 1 92153.313233200373 88145.047111438442 91910.840886839505 89785.699975192969
11010768 1 10 9 7 5 8 3 1 3 4 3 2 0 1 3 0 0 1 2 1 0 0 0 0 3 3 3 -1.0000000000000001e+300 86632.12332348217 88549.004065008368 76114.163649911308
11010768 1 10 9 7 5 11 8 4 2 6 4 3 3 2 3 0 3 1 1 1 0 0 0 0 1 0 0 92591.092582530517 90953.023240500886 91069.533594738066 83049.490997172194
11010769 1 4 2 2 0 3 3 1 3 1 4 1 0 0 0 2 0 1 3 1 0 0 0 0 3 3 2 96346.224806420374 96028.677641945542 96214.465058115253 96047.891428491173
11010769 1 3 1 4 4 0 0 1 5 0 3 4 7 0 4 3 6 1 1 1 0 0 0 0 0 3 2 87264.815567233556 89973.801218276465 89687.626342542746 89309.564718014328
11010769 1 5 1 1 3 3 3 4 4 0 1 3 6 0 3 5 10 1 2 1 0 0 0 0 0 2 0 81425.799076662617 87574.676320568469 -1.0000000000000001e+300 85910.496476219938
11010769 1 10 11 7 1 6 7 2 4 6 4 1 0 3 1 0 2 1 3 1 0 0 0 0 2 3 1 87961.361739080952 82102.319107599702 87646.056604341255 80843.603806971529
11010770 1 0 3 3 0 0 3 0 1 0 1 2 1 3 3 0 2 1 2 1 0 0 0 0 0 0 0 97142.609078430367 97087.710540160377 97046.024587157925 97119.353219006574
11010770 1 0 2 2 4 1 6 4 3 1 6 7 3 4 0 6 4 1 1 1 0 0 0 0 1 2 2 81051.705374713783 83612.441223263711 85688.849830877138 89447.815953190526
11010770 1 0 0 1 0 3 3 1 0 4 6 5 1 6 7 8 9 1 3 1 0 0 0 0 1 4 3 89288.643741530599 89775.994754486659 76186.219601419449 -1.0000000000000001e+300
11010770 1 3 0 1 0 2 3 3 5 0 1 4 6 0 4 11 9 1 2 1 0 0 0 0 2 2 1 82087.522382097144 86244.114712068054 77704.675794228489 86395.091678093973
11010771 1 1 2 1 5 0 1 5 4 2 2 4 5 0 0 0 3 1 3 1 0 0 0 0 1 1 2 93522.705215150912 93199.567050404017 93546.554390271514 93747.372647933022
11010771 1 0 0 4 4 0 2 5 6 0 4 3 8 2 3 3 6 1 3 1 0 0 0 0 3 1 1 86574.795131800827 90565.234810866634 90895.975314487296 90667.338552165718
11010771 1 0 1 2 1 0 3 5 5 0 1 7 8 2 4 4 9 1 2 1 0 0 0 0 3 3 3 83635.751814247473 90568.078272796352 90394.951868298478 -1.0000000000000001e+300
11010771 1 1 2 0 0 1 5 0 3 4 3 9 9 5 8 3 11 1 2 1 0 0 0 0 3 3 4 71459.067219345248 79183.073990445162 74007.209168695554 -1.0000000000000001e+300
11010772 1 0 1 4 0 3 3 5 3 0 2 5 4 0 1 4 5 1 3 1 0 0 0 0 0 1 0 93387.095111964474 93020.377818981797 93638.548563233679 93467.975366733677
11010772 1 5 0 0 5 7 3 3 4 8 4 4 1 7 7 3 0 1 2 1 0 0 0 0 3 3 3 92392.435746697709 85097.488783201086 86633.578070006493 88765.173678389474
11010772 1 3 3 3 0 7 1 1 3 8 7 6 1 10 7 3 1 1 3 1 0 0 0 0 0 4 0 84973.485683622814 86014.166829405309 88666.910062372801 84445.040817191519
11010772 1 0 2 4 1 1 3 4 1 11 8 4 2 10 9 7 3 1 1 1 0 0 0 0 0 2 2 92189.259122803734 -1.0000000000000001e+300 82320.050542002689 93738.81222866381
11010773 1 4 3 6 0 3 6 3 3 4 3 0 3 3 0 0 1 1 3 1 0 0 0 0 3 4 0 91603.188914707731 91629.876800975151 91330.967758178711 91548.248262342313
11010773 1 6 8 7 4 4 3 4 1 0 2 3 0 0 0 1 0 1 2 1 0 0 0 0 1 1 1 91361.025837768073 90402.955181102705 -1.0000000000000001e+300 86161.621320382357
11010773 1 9 8 6 3 5 4 3 0 2 0 0 0 3 0 3 3 1 3 1 0 0 0 0 1 0 1 91077.581391944695 91186.478598018526 91067.033395057806 85592.478155060147
11010773 1 2 3 3 4 2 0 4 5 3 5 5 11 0 5 6 10 3 4 0.54545454545454541 5 0.27272727272727271 6 0.1818181818181818 4 2 1 78842.36775055062 87894.566185545686 87703.961463000422 87352.218580474233
11010774 1 2 3 0 1 2 3 2 0 2 3 0 0 3 1 0 0 1 1 1 0 0 0 0 1 0 0 97295.946553764516 97207.354325095803 96790.488335000133 97315.021990044232
11010774 1 0 3 5 1 1 2 3 3 1 3 1 8 3 0 0 3 1 3 1 0 0 0 0 1 4 2 87909.98186897079 88560.044227630307 87181.868788062944 86894.218081094587
11010774 1 2 0 0 1 0 3 1 5 4 5 4 4 4 6 8 9 1 3 1 0 0 0 0 0 1 0 90669.889677909479 91328.786260558554 82342.744741784016 89908.430813139639
11010774 1 3 3 1 6 3 11 1 2 2 10 4 2 3 0 10 3 1 1 1 0 0 0 0 3 3 3 96800.277061673798 89937.437003224608 96798.774009138957 96407.418608012696
11010775 1 0 0 0 2 2 4 1 4 1 4 4 0 3 3 3 0 1 1 1 0 0 0 0 1 2 1 95966.743683301363 95602.816872730298 95641.992564014348 95799.782871505362
11010775 1 8 7 5 3 3 2 0 1 1 3 0 3 0 2 0 1 1 2 1 0 0 0 0 2 2 1 88873.868389728814 88890.993836012552 -1.0000000000000001e+300 85192.209910129633
11010775 1 2 3 4 10 0 0 6 8 0 0 5 6 0 3 0 2 1 1 1 0 0 0 0 3 2 2 83717.100993532207 88369.012455542252 89138.590523464096 88546.875361780505
11010775 1 5 6 9 10 3 5 7 11 3 5 1 2 0 3 2 0 1 1 1 0 0 0 0 3 3 4 92382.134318886805 90841.968375730678 93403.759441225673 84231.882552926239
11010776 1 1 2 3 2 0 2 3 4 0 4 3 3 0 1 0 5 1 1 1 0 0 0 0 0 0 1 95034.447817662236 95410.163232944615 94306.755974239772 95391.742113192871
11010776 1 7 8 7 4 5 4 3 3 3 0 0 0 3 0 0 0 1 1 1 0 0 0 0 2 3 3 91212.597340133871 91065.031193265691 91308.833160363036 86700.579283206345
11010776 1 10 7 4 1 5 5 1 0 3 0 0 2 0 2 0 0 1 1 1 0 0 0 0 1 2 3 89226.158619790236 88602.689359170283 89376.449795796245 86223.867515344857
11010776 1 1 4 4 1 0 0 0 5 2 3 6 7 0 3 11 8 1 2 1 0 0 0 0 3 3 3 83751.043062458615 85446.937448504468 79892.935915504218 85626.087333576987
11010777 1 0 3 0 3 6 4 1 3 0 6 4 0 3 3 0 0 1 1 1 0 0 0 0 2 4 3 93732.662390333644 92618.700361322451 92274.612628927687 91841.487586278337
11010777 1 2 3 3 1 5 4 2 0 7 4 3 0 5 4 1 1 1 2 1 0 0 0 0 3 3 1 91031.458369887303 87715.524783977933 89862.750721237331 89901.886739305657
11010777 1 10 9 7 5 2 2 1 7 0 3 1 3 0 0 0 2 1 1 1 0 0 0 0 3 3 4 90512.755743804781 90523.122244839367 -1.0000000000000001e+300 74313.05056246568
11010777 1 11 3 0 3 6 8 5 0 2 1 5 3 3 0 2 0 1 2 1 0 0 0 0 3 1 2 75875.074205561468 71328.236206466827 70985.830994821736 71533.850837752034
11010778 1 1 6 5 2 6 4 5 0 4 1 1 0 2 0 0 0 1 2 1 0 0 0 0 0 0 1 -1.0000000000000001e+300 91896.886522222441 91223.910235087082 91388.926291088152
11010778 1 5 0 3 0 8 4 3 0 6 6 0 0 3 4 3 3 1 2 1 0 0 0 0 4 3 3 89738.784766066121 87501.69636143469 91004.591556422747 89513.119116400529
11010778 1 10 4 7 0 9 5 3 0 8 6 1 1 5 3 3 3 1 2 1 0 0 0 0 0 1 0 83807.375111531277 57335.393770162889 83575.847906161842 -1.0000000000000001e+300
11010778 1 3 0 0 1 5 4 2 0 11 5 2 2 7 6 3 1 1 3 1 0 0 0 0 1 0 0 83470.935599754332 84061.816831942619 82345.458076378723 83793.948639997107
11010779 1 1 3 0 0 4 0 0 0 3 3 5 0 6 6 1 4 1 2 1 0 0 0 0 1 2 2 92139.656163618289 91486.762747667017 92402.125995372844 92307.690182835722
11010779 1 7 6 4 0 8 1 2 0 7 1 2 2 5 0 3 0 1 1 1 0 0 0 0 3 3 3 91987.181755248923 82038.409837022147 91818.56790868644 89597.866448974135
11010779 1 10 9 8 6 1 4 7 6 0 0 3 5 1 0 1 2 1 2 1 0 0 0 0 1 2 3 88231.771940140738 89758.702277765871 87423.625286275346 83782.710819307118
11010779 1 5 6 11 10 1 4 5 7 0 2 4 3 1 0 2 2 1 1 1 0 0 0 0 0 0 0 88645.020261339901 88063.056398623885 87595.712323686355 85359.981575820915
11010780 1 3 2 3 0 1 5 3 0 4 1 0 3 4 2 0 0 1 2 1 0 0 0 0 1 0 1 95200.768716812134 95745.276929888467 95971.159315109253 95545.059879392385
11010780 1 1 3 6 6 0 0 4 8 0 2 1 6 2 0 0 3 1 3 1 0 0 0 0 4 4 3 88115.922385671569 91501.861310850785 91466.118007739729 90900.117905953666
11010780 1 0 0 4 10 2 2 4 8 0 1 5 6 1 2 3 5 1 1 1 0 0 0 0 0 0 2 82332.469669889892 89391.54343525639 89643.69519292505 89680.722087485599
11010780 1 0 3 1 4 0 3 4 6 2 5 6 11 3 5 7 8 1 2 1 0 0 0 0 4 3 4 86113.128552121634 -1.0000000000000001e+300 84988.20068756472 86084.513328394765
11010781 1 3 2 3 4 1 2 4 5 0 2 2 3 0 0 0 1 1 1 1 0 0 0 0 1 0 1 95156.528607686356 95662.130861812169 -1.0000000000000001e+300 95544.776061846133
11010781 1 3 0 0 2 1 2 0 4 3 3 4 5 4 5 8 6 1 1 1 0 0 0 0 1 1 0 91089.153351416186 90482.991109874609 81896.839112257032 -1.0000000000000001e+300
11010781 1 2 0 1 2 3 3 0 0 4 7 5 3 6 8 9 10 1 1 1 0 0 0 0 3 3 4 89396.839776128065 89285.710631315829 61566.742440901668 89333.656036691042
11010781 1 0 4 0 1 0 5 0 0 1 2 5 3 3 10 11 5 1 3 1 0 0 0 0 0 1 1 77656.697411064262 77879.321375918647 75341.623919938997 76942.873571032542
11010782 0 5 0 3 3 1 2 5 3 3 1 5 0 1 0 0 3 1 2 1 0 0 0 0 2 3 2 93455.044138060184 93428.851744676766 94531.605267405277 94339.70394211555
11010782 0 0 0 1 2 4 2 3 2 3 6 1 0 4 7 6 1 1 3 1 0 0 0 0 0 0 2 90043.60033439238 89778.762699712504 87829.771536836939 90426.345796130947
11010782 0 2 0 1 0 3 1 3 0 3 5 0 3 5 6 8 9 3 4 0.33333333333333331 5 0.33333333333333331 6 0.33333333333333331 2 3 2 90173.61680520128 90251.007653938068 85577.462448464808 88056.758238872397
11010782 0 0 0 1 1 3 0 2 2 2 5 6 5 4 11 8 7 1 1 1 0 0 0 0 0 0 0 83960.42988638478 84587.297198090659 78773.800602475472 84051.760012330604
11010782 0 3 2 7 9 6 5 3 4 11 6 1 4 10 8 4 1 1 1 1 0 0 0 0 2 4 3 -1.0000000000000001e+300 -1.0000000000000001e+300 9 9
11010783 1 3 3 2 3 1 4 3 5 0 0 1 3 0 0 2 4 1 1 1 0 0 0 0 0 1 0 94889.817350246289 94828.274677594512 95480.912593239307 95415.082975676036
11010783 1 1 3 0 0 3 4 5 0 7 5 5 0 1 7 3 2 1 3 1 0 0 0 0 2 3 2 86028.087799475383 86597.496616928591 86851.113792177755 89100.156266275357
11010783 1 0 0 2 2 1 2 1 0 2 4 5 3 10 8 6 5 1 1 1 0 0 0 0 2 1 4 88504.408498759527 89525.593058042883 80063.965134771439 89558.495675541097
11010783 1 3 0 3 3 1 2 4 5 0 5 9 9 1 2 11 10 1 1 1 0 0 0 0 0 1 0 100674.09430493055 102358.79237919935 101212.04254766271 101736.25763569817
11010784 1 3 6 6 2 2 4 3 2 0 1 1 0 1 3 0 0 1 1 1 0 0 0 0 3 4 4 92474.860821022783 92825.692910132944 92684.996778977511 93246.297718078655
11010784 1 0 1 3 3 0 0 3 7 2 2 7 1 3 1 3 2 1 1 1 0 0 0 0 3 4 4 89307.713181631407 89560.459807622989 89463.375286009803 89724.114302986301
11010784 1 0 0 2 7 0 1 2 0 3 1 0 0 2 4 6 10 1 3 1 0 0 0 0 3 2 3 85504.836359390858 84528.404161736704 86563.921650920209 89131.843454519156
11010784 1 4 6 8 10 4 5 7 11 1 2 1 3 2 0 0 0 1 3 1 0 0 0 0 1 1 1 89700.375157801929 89868.478965489252 89849.008877873726 83838.085805544979
11010785 1 3 4 6 6 2 6 4 3 0 2 3 3 0 0 1 1 1 2 1 0 0 0 0 3 2 3 89776.138129117389 90170.333314825781 90589.681862728932 89291.523235601082
11010785 1 5 6 8 5 5 3 4 1 1 0 2 2 0 0 0 1 1 3 1 0 0 0 0 0 1 1 90256.618279795162 90221.274781941451 90616.237536808912 87820.685640719603
11010785 1 2 10 4 3 0 9 8 3 0 7 3 2 0 1 7 1 1 1 1 0 0 0 0 0 1 0 81498.570850598568 -1.0000000000000001e+300 82814.093783802615 91869.285491288669
11010785 1 3 5 11 10 3 3 5 9 0 0 3 5 0 2 0 1 1 3 1 0 0 0 0 1 1 1 85230.944733344091 91319.369573439544 90364.43821169209 84539.518155496335
11010786 1 2 2 3 1 3 1 1 1 0 0 2 3 0 0 3 2 1 2 1 0 0 0 0 4 3 4 96569.348687625068 -1.0000000000000001e+300 96563.860532416205 97147.216915658981
11010786 1 0 0 3 0 6 1 3 1 4 2 0 2 4 8 5 0 1 1 1 0 0 0 0 1 2 2 88223.060336114198 89147.913102930936 84977.424524011556 88717.890427293431
11010786 1 0 0 0 2 1 5 3 1 6 5 3 4 10 8 6 4 1 2 1 0 0 0 0 2 2 4 89783.806277401411 -1.0000000000000001e+300 79369.05486553433 89891.534820154702
11010786 1 0 1 0 0 0 2 2 3 0 0 6 5 4 4 11 9 1 1 1 0 0 0 0 0 0 1 82607.012609180136 85414.067684117777 78520.702077172158 85142.498672191126
11010787 1 1 4 6 4 5 3 4 4 0 0 3 3 0 3 2 0 1 2 1 0 0 0 0 4 3 3 91255.288192700755 92496.516987707 93320.024863137136 93103.833320704216
11010787 1 5 8 6 3 4 5 2 1 4 3 0 0 2 1 0 0 1 1 1 0 0 0 0 3 4 4 91087.889458753401 90974.523435334151 91002.112978293269 88519.843268332188
11010787 1 9 7 6 0 5 3 4 2 4 0 5 1 0 0 1 1 1 2 1 0 0 0 0 2 3 4 86193.554266724328 82828.772108129837 88751.704343662961 78788.283625316806
11010787 1 10 7 6 3 11 8 3 0 8 6 3 2 5 4 3 3 3 4 0.54545454545454541 5 0.27272727272727271 6 0.1818181818181818 2 1 1 80891.014810212087 60688.307195640606 83507.901152082515 80009.201571763653
11010788 0 0 1 0 0 4 3 2 0 6 4 4 1 3 6 4 3 1 1 1 0 0 0 0 0 2 2 91394.395871833505 91734.575315889218 92154.56628936161 92596.572114167386
11010788 0 1 3 0 0 2 5 2 0 5 7 1 2 7 8 7 1 1 3 1 0 0 0 0 1 1 0 86931.138534294718 85949.462738396614 88683.087952586124 87704.673638326582
11010788 0 1 0 0 2 5 4 1 2 7 6 5 2 10 8 7 5 1 3 1 0 0 0 0 1 0 0 90965.512217156909 89038.976240610471 65338.703391916439 -1.0000000000000001e+300
11010788 0 2 1 0 3 2 0 0 4 11 8 5 2 7 8 6 3 1 1 1 0 0 0 0 2 1 2 73452.458774368162 73716.71023861329 66381.637567966711 76216.36212404065
11010788 0 5 6 2 3 8 7 3 3 2 3 11 10 3 1 5 1 3 5 0.37499999999999994 6 0.24999999999999994 7 0.37499999999999994 3 3 2 124.49999999999997 17886.486679410318 13438.689275248762 124.49999999999997
11010789 1 3 1 3 0 0 3 4 3 0 6 5 4 1 5 6 5 1 3 1 0 0 0 0 1 3 0 90018.727890226568 90341.992417653397 89970.257666488484 90080.523469567299
11010789 1 3 0 2 3 4 1 0 0 5 4 1 0 6 8 7 5 2 4 0.5 5 0.5 0 0 0 1 0 90225.703024119546 90983.359266181229 84435.522527226873 90563.798052034283
11010789 1 0 0 0 3 0 0 1 1 2 3 5 2 10 9 8 8 1 3 1 0 0 0 0 4 4 3 93409.594351525535 94413.467327046499 93737.665100004248 93420.156570339517
11010789 1 3 5 3 2 3 8 6 4 6 7 6 3 8 11 7 4 1 3 1 0 0 0 0 1 0 2 -1.0000000000000001e+300 -1.0000000000000001e+300 59878.756480417636 61186.15728744521
11010790 1 5 3 1 2 1 3 5 2 0 1 1 3 0 0 2 0 1 3 1 0 0 0 0 0 1 0 94866.373786784985 94501.448118633693 94696.051287333161 94956.577065966747
11010790 1 0 4 3 7 0 0 5 8 0 0 3 5 1 3 0 4 1 3 1 0 0 0 0 3 4 2 87087.601221251593 90381.520063578544 90869.567047833931 91418.184767723695
11010790 1 4 8 9 10 3 4 5 6 3 3 3 2 0 3 0 0 1 1 1 0 0 0 0 3 3 1 89952.232742206514 89772.852758749359 89650.291912868604 76162.336327472993
11010790 1 4 7 11 8 3 3 4 7 4 0 1 2 1 3 0 0 1 1 1 0 0 0 0 1 3 3 80755.857653265557 82637.190493939779 82802.437995655113 71838.617031793678
11010791 1 3 2 0 0 5 1 0 0 3 4 4 0 3 4 5 2 1 3 1 0 0 0 0 2 1 3 93956.740314284951 94427.704567057997 94128.114387234906 93366.545767754316
11010791 1 5 8 5 3 5 4 3 2 3 5 1 1 2 0 0 0 1 2 1 0 0 0 0 2 1 3 -1.0000000000000001e+300 89894.014271117776 90449.239825694342 86077.708998386137
11010791 1 9 8 6 5 4 6 5 4 2 2 4 0 1 0 0 0 1 1 1 0 0 0 0 1 1 1 -1.0000000000000001e+300 91087.638985654572 91138.217552589194 81810.03818994484
11010791 1 2 2 3 4 2 5 5 6 4 5 7 11 2 0 8 10 1 3 1 0 0 0 0 4 0 2 74039.328460046512 84093.885713894691 79705.957991747011 87561.238834497024
11010792 1 0 1 2 1 0 0 4 4 0 3 6 4 2 0 4 4 1 1 1 0 0 0 0 0 1 2 93158.22018786933 93087.450857586329 93961.791784498419 94087.563898828288
11010792 1 4 3 2 0 6 4 4 1 8 5 4 3 7 6 5 2 2 4 0.5 5 0.5 0 0 1 0 0 89510.391363700852 87506.131629778523 90867.490264159234 91302.231793423445
11010792 1 2 0 0 0 4 1 0 0 8 6 2 3 10 7 6 3 1 1 1 0 0 0 0 0 0 0 -1.0000000000000001e+300 90253.122571533022 89522.317553138404 90206.073185321293
11010792 1 2 0 0 2 0 1 5 5 2 1 7 8 4 11 9 3 1 3 1 0 0 0 0 2 1 0 74361.254714937138 75279.764631164406 70544.205236775641 75080.470219415685
11010793 0 2 3 4 0 2 5 4 0 1 5 3 0 3 3 0 2 1 2 1 0 0 0 0 4 1 3 93962.568770325364 93744.757743902388 94113.491500139717 93607.285026609257
11010793 0 0 0 2 3 0 0 4 3 4 3 6 0 4 6 7 3 1 1 1 0 0 0 0 3 3 2 90590.701008070435 88122.319000648611 89009.067363767026 90924.782891674608
11010793 0 0 0 0 1 3 3 2 2 4 5 2 1 9 7 6 4 1 3 1 0 0 0 0 1 0 0 91042.068563385168 91113.520088976424 85887.934176506271 90953.428145399899
11010793 0 3 4 4 3 0 3 5 3 0 0 0 11 0 0 1 7 1 2 1 0 0 0 0 2 2 1 79225.740017504781 81030.753616777452 83018.368235076807 81843.103923883464
11010793 0 1 1 3 5 1 4 6 7 3 1 8 11 0 7 9 10 1 3 1 0 0 0 0 0 4 1 3 -1.0000000000000001e+300 -1.0000000000000001e+300 3
11010794 1 0 0 2 0 4 5 0 2 4 6 4 1 5 3 2 1 1 3 1 0 0 0 0 4 3 2 92846.714161977827 92566.090920639617 92616.748141135686 93075.61913102596
11010794 1 7 6 2 0 8 6 1 0 6 4 1 0 5 3 3 2 1 1 1 0 0 0 0 3 4 4 91698.607827777945 88167.047346816704 91862.030313298048 89469.386528094052
11010794 1 10 4 0 0 9 3 1 3 6 2 0 0 3 0 0 2 1 2 1 0 0 0 0 4 2 4 89281.604273822755 82454.229569330273 89279.068917024269 89479.600731508152
11010794 1 4 2 2 3 6 3 0 1 11 6 4 2 8 7 6 3 1 1 1 0 0 0 0 1 0 0 85855.746132591579 86207.067992503842 82819.184532938598 85961.853744058491
11010795 1 5 4 1 3 1 0 0 4 0 2 4 1 0 0 3 2 1 2 1 0 0 0 0 1 1 0 95666.808287564243 95578.942387474905 95675.524139148227 95949.297138333321
11010795 1 2 3 6 7 0 2 6 8 0 1 4 7 0 0 4 6 1 2 1 0 0 0 0 3 1 1 83054.661181921241 -1.0000000000000001e+300 91675.448344887482 90099.098227911745
11010795 1 1 3 2 10 0 0 4 9 0 0 5 8 2 0 6 4 1 2 1 0 0 0 0 2 0 2 70413.331077472671 87700.309748123706 87829.401544461682 87982.178256576619
11010795 1 0 2 2 0 1 4 4 4 0 4 6 11 7 9 7 9 1 1 1 0 0 0 0 0 0 0 68705.554894035231 75508.729233601451 67465.78217133398 79387.125972244467
11010796 0 0 1 4 0 4 2 2 0 2 3 1 4 1 0 0 3 1 2 1 0 0 0 0 3 2 2 96128.57236843009 96347.589334053962 95955.807334159734 96782.340385450472
11010796 0 4 5 8 7 4 0 0 0 4 3 1 0 0 5 3 2 1 1 1 0 0 0 0 1 2 1 90402.056562040583 91263.593161266559 90652.360623591274 84698.348136191198
11010796 0 3 0 0 10 0 3 6 8 1 2 5 5 2 0 1 4 1 3 1 0 0 0 0 1 1 0 85025.562541041727 89567.424272641889 89693.504446328501 90119.151185711758
11010796 0 3 3 6 2 0 4 1 11 8 6 3 1 9 7 2 3 1 1 1 0 0 0 0 0 1 1 64228.278069934604 63418.854084872699 52565.778771645659 0
11010796 0 2 3 6 3 5 1 11 1 8 6 4 1 9 7 2 2 1 2 1 0 0 0 0 3 2 4 -1.0000000000000001e+300 -1.0000000000000001e+300 3 3
11010797 1 0 0 3 0 0 0 2 1 0 1 2 3 2 3 3 1 1 3 1 0 0 0 0 0 0 0 97175.379720538942 96904.05234389595 97127.960675163617 -1.0000000000000001e+300
11010797 1 0 3 1 1 2 0 3 0 3 0 4 0 4 8 5 2 1 3 1 0 0 0 0 1 1 1 89247.595234764871 89755.43954518516 88141.553177453097 89955.154282578384
11010797 1 0 2 3 4 3 0 4 5 0 3 5 8 2 5 6 10 1 1 1 0 0 0 0 1 0 1 84485.74888167977 90329.193794718565 89848.371688884945 90336.237447594409
11010797 1 4 6 11 10 2 3 5 6 0 0 0 4 1 0 1 2 3 6 0.1818181818181818 7 0.27272727272727271 8 0.54545454545454541 0 0 3 86253.596807841212 77824.666608338171 80192.273518451068 80506.044273200765
11010798 1 2 1 3 2 0 1 2 1 0 1 2 0 3 3 0 0 1 3 1 0 0 0 0 0 0 0 97284.141689867887 96888.393703357535 97182.056435480248 97122.821716977152
11010798 1 0 0 0 3 2 1 0 3 0 3 5 6 5 6 8 7 1 1 1 0 0 0 0 2 3 3 91052.342113903607 91302.765462527488 87237.898452811758 91410.138260827356
11010798 1 0 1 3 5 3 0 0 8 0 4 6 8 3 4 5 10 1 2 1 0 0 0 0 3 3 1 76411.846536816141 88988.834611478873 83671.441424460267 88429.691027943685
11010798 1 10 11 2 3 8 4 3 0 5 3 2 0 1 0 2 1 1 1 1 0 0 0 0 2 2 2 88533.841161180986 81511.752911976291 88138.189809189833 81368.829883758386
11010799 1 2 3 4 0 0 0 2 1 0 1 1 4 0 3 2 3 1 2 1 0 0 0 0 3 2 3 96758.648648168659 96206.002299170941 96082.327072387023 96226.86902572868
11010799 1 7 3 3 3 8 4 2 0 6 3 4 0 4 3 0 0 1 1 1 0 0 0 0 0 0 2 91601.14359613735 86166.348218568048 91423.107326405909 90946.159064150008
11010799 1 10 6 4 1 6 2 0 2 3 0 0 0 0 0 3 0 1 1 1 0 0 0 0 0 0 0 88941.767939896759 89492.751145339294 89341.406045020514 87755.767338652207
11010799 1 3 2 0 0 4 4 0 1 11 5 2 2 9 8 6 1 1 1 1 0 0 0 0 2 2 4 87007.475223453963 86659.340015369351 85120.783995902457 86914.992288989044
11010800 1 0 3 3 4 0 4 3 3 0 6 5 1 1 5 0 2 1 1 1 0 0 0 0 1 3 4 93605.665851175305 94329.147943530756 92376.312722686896 92832.522426211755
11010800 1 6 4 4 2 8 4 0 0 6 0 0 1 3 2 0 0 1 1 1 0 0 0 0 0 0 3 91502.50469142932 88174.745671387514 91499.656780798425 91220.816007353016
11010800 1 9 8 5 4 0 5 3 4 2 3 3 4 0 0 0 1 1 2 1 0 0 0 0 4 3 4 90646.503664731936 90254.045369727726 90851.696593993111 82959.821779072998
11010800 1 4 7 11 8 0 3 4 7 0 3 2 3 2 0 1 0 1 3 1 0 0 0 0 1 0 0 82233.043007757791 82651.686713624935 82909.711595301589 79231.713510728223
11010801 1 0 2 2 3 0 4 1 3 0 2 0 4 1 3 0 5 1 2 1 0 0 0 0 2 0 1 95858.251030601823 95704.308687422003 95975.753970040227 96170.506440983881
11010801 1 4 7 8 7 2 3 5 6 1 0 4 5 3 0 0 0 1 3 1 0 0 0 0 4 4 2 92357.545883640501 90833.048600495706 92440.342305397164 87680.702855334122
11010801 1 3 7 8 10 4 4 5 6 2 4 4 3 0 0 0 2 1 1 1 0 0 0 0 3 2 2 88960.449899885789 89746.673467811313 90172.78405320087 77501.298806579245
11010801 1 0 3 11 10 5 4 9 9 2 3 5 7 0 1 3 3 3 6 0.1818181818181818 7 0.27272727272727271 8 0.54545454545454541 0 0 3 97801.150897180196 89439.994972212735 86394.677036499634 89247.022004119441
11010802 1 1 2 3 0 5 0 2 1 4 2 4 3 1 3 2 1 1 3 1 0 0 0 0 0 0 0 94761.632638231269 95268.738277472949 94115.378822885381 94632.157554902602
11010802 1 4 1 2 3 4 1 2 5 3 6 5 7 2 0 4 4 1 1 1 0 0 0 0 2 2 3 88088.785794711148 89075.04193710383 90121.847470279798 88937.280112362379
11010802 1 2 3 4 5 0 3 4 7 0 1 4 8 0 2 7 9 1 2 1 0 0 0 0 4 2 3 77471.412005615042 -1.0000000000000001e+300 91045.57841563315 90513.530955859154
11010802 1 0 5 11 8 0 4 7 7 0 4 4 6 1 3 3 2 1 2 1 0 0 0 0 3 2 4 80318.335113687048 84351.383175235198 86411.400073142999 85942.224374689264
11010803 1 3 1 2 5 3 6 4 0 3 2 3 0 2 0 0 0 1 3 1 0 0 0 0 3 1 1 93506.080856299406 93567.548185961452 92863.176155138004 93188.976630985737
11010803 1 3 5 6 8 0 2 4 6 0 3 3 5 2 0 3 3 1 3 1 0 0 0 0 4 2 2 88041.02492272963 88695.317109310941 87825.469673825137 87577.879980036712
11010803 1 1 3 4 10 0 2 3 6 1 0 4 5 0 0 1 3 1 2 1 0 0 0 0 1 2 3 85936.31822549284 88541.916028128777 88816.867920880046 88674.133408711859
11010803 1 10 11 6 5 9 7 4 4 3 8 3 4 2 1 0 1 1 1 1 0 0 0 0 0 2 1 81466.270041383919 79251.099626998999 101242.2485877195 90598.379689261288
11010804 1 3 1 0 0 3 5 1 0 4 3 3 1 3 4 5 3 1 2 1 0 0 0 0 1 3 2 94113.867283347805 92669.048152319447 93166.303366522727 93528.98002308741
11010804 1 3 0 3 7 2 3 5 8 2 1 2 7 0 0 1 5 1 1 1 0 0 0 0 1 1 1 82908.637652398975 91539.305524459371 91774.749229980836 90699.192109526135
11010804 1 1 4 8 10 0 0 1 8 1 3 2 4 3 0 0 3 1 3 1 0 0 0 0 1 3 0 89072.062876280776 90518.643367161974 90625.373461610274 90187.748312732205
11010804 1 0 2 0 1 0 3 3 6 3 4 5 11 0 2 3 4 1 1 1 0 0 0 0 3 3 1 80517.650238938848 82227.123232180311 81749.929660528578 81494.033960413246
11010805 1 2 3 6 1 1 6 3 2 0 0 3 4 2 1 0 0 1 3 1 0 0 0 0 4 4 3 93094.144502310315 93160.392684104241 92399.679389941215 92731.340201286832
11010805 1 1 0 2 5 0 1 3 7 0 3 5 8 5 5 7 7 1 2 1 0 0 0 0 0 0 0 81832.873021041654 92028.757712844817 90290.022978652793 91795.453237005946
11010805 1 0 1 0 3 2 3 4 5 0 3 5 7 1 2 6 9 1 3 1 0 0 0 0 2 2 2 85811.292920826978 91164.557859460139 90838.273879175293 90984.169410471135
11010805 1 8 5 7 8 3 3 6 9 0 3 3 11 0 2 0 5 1 3 1 0 0 0 0 3 2 2 60187.481755127832 79919.732069028483 81100.687685033437 71449.28494198421
11010806 1 4 3 3 2 6 5 3 1 5 6 3 0 3 0 0 0 1 2 1 0 0 0 0 4 3 4 91984.120382135574 91247.420629812652 91191.840543650615 90747.667520965959
11010806 1 4 0 7 5 0 3 7 2 0 0 4 1 0 2 0 3 1 2 1 0 0 0 0 3 1 4 89955.826378975529 90002.910560425575 88841.979127048879 88656.29076429714
11010806 1 3 2 4 2 10 3 0 0 3 9 6 1 9 4 3 0 1 1 1 0 0 0 0 3 3 3 -1.0000000000000001e+300 88578.031957361178 81638.677950430632 82608.854672688904
11010806 1 3 0 0 3 2 1 0 0 4 3 3 3 9 11 7 5 1 2 1 0 0 0 0 3 2 1 84322.789348517836 82898.056597233503 76330.243212613525 84301.239684784145
11010807 1 1 0 3 1 0 0 3 3 2 2 2 3 0 3 0 0 1 1 1 0 0 0 0 0 0 0 97169.51230681919 97232.871945992854 97505.813164578343 97108.225978975999
11010807 1 2 0 3 4 0 0 4 6 0 1 5 8 1 4 6 7 1 1 1 0 0 0 0 1 3 1 83065.087354539253 91657.875404980703 92009.595258701578 91547.472823289325
11010807 1 3 0 1 2 2 3 1 3 5 3 4 6 6 7 9 10 1 1 1 0 0 0 0 1 2 4 90042.419561103205 89993.747436157922 66471.310071726897 89888.817619160065
11010807 1 2 3 2 0 3 0 3 3 7 5 0 0 9 11 5 1 1 1 1 0 0 0 0 0 0 0 86353.851988907409 83773.868493598406 79137.15576472001 86409.780112893626
11010808 1 0 1 0 1 2 4 1 2 3 1 2 4 2 4 0 0 1 3 1 0 0 0 0 2 2 2 96128.511245331712 96052.327751817531 96287.518526656539 96669.197193241125
11010808 1 0 5 7 5 0 4 4 4 4 3 1 4 0 3 1 0 1 2 1 0 0 0 0 0 1 0 91001.112621553082 90270.532554283971 91597.214759653856 90255.175821590834
11010808 1 10 9 8 3 5 7 6 2 3 3 5 2 1 0 2 3 1 3 1 0 0 0 0 2 0 0 86154.942908565994 85703.658926349104 -1.0000000000000001e+300 3
11010808 1 3 0 3 4 0 0 8 4 0 11 8 3 2 10 9 1 1 3 1 0 0 0 0 3 3 2 96236.156695068348 102759.25564852914 105585.43019896334 104599.95352448651
11010809 1 0 1 5 2 2 3 1 5 0 3 1 3 2 2 0 1 1 3 1 0 0 0 0 0 0 0 95205.031382185043 95010.062631356603 94559.488722602124 94201.594484659014
11010809 1 1 1 0 0 0 2 3 0 3 5 4 3 5 6 8 7 1 3 1 0 0 0 0 3 4 3 91622.176100937053 91434.110309586511 86640.823196196347 91320.869206698466
11010809 1 2 1 4 4 0 0 6 6 0 2 2 9 0 0 1 10 1 3 1 0 0 0 0 2 1 1 81316.544730971218 90281.971934090412 89854.182962894236 89750.865182224486
11010809 1 9 11 1 0 7 6 5 0 6 4 5 0 5 4 2 2 1 1 1 0 0 0 0 0 0 0 -1.0000000000000001e+300 76985.592978436078 87712.670999822396 78188.295235527505
11010810 1 0 3 2 0 3 3 3 0 1 3 4 3 3 6 6 4 1 3 1 0 0 0 0 2 2 1 92242.542421518578 91286.416536707737 91781.611243611784 91948.529260253912
11010810 1 0 0 0 3 0 2 1 3 2 4 6 5 5 7 8 7 1 1 1 0 0 0 0 2 2 0 91207.001066109369 91927.534400981735 83879.22284874176 91518.895125865558
11010810 1 2 3 1 3 0 3 4 5 1 3 5 6 0 0 5 10 1 2 1 0 0 0 0 0 0 0 83682.074044328881 -1.0000000000000001e+300 88199.568122348399 89029.980016134796
11010810 1 3 0 0 0 4 1 2 1 4 3 1 0 9 11 4 0 1 3 1 0 0 0 0 0 2 2 85567.936362479944 83378.050295963971 80606.273932221491 86178.691945731887
11010811 1 2 4 4 4 3 1 5 1 2 0 0 3 3 0 0 3 1 2 1 0 0 0 0 4 3 4 94589.175679265289 94582.32330116503 94444.842235865741 94438.580855181252
11010811 1 3 6 8 6 1 4 5 5 3 3 4 3 0 0 1 2 1 2 1 0 0 0 0 1 1 1 89003.308159771768 91381.972522176162 -1.0000000000000001e+300 88563.837383229649
11010811 1 3 7 7 9 0 3 4 6 0 3 3 0 0 2 0 0 1 3 1 0 0 0 0 3 2 2 88979.325659706825 91296.934965388282 90410.765965392551 85781.30755289123
11010811 1 10 11 7 5 9 8 4 4 5 3 0 1 4 3 0 0 1 1 1 0 0 0 0 2 4 2 90226.978454995449 79158.500666627297 91023.970596976898 75933.320305480956
11010812 1 3 3 3 0 0 4 1 2 0 2 3 0 1 3 2 4 1 1 1 0 0 0 0 2 2 2 96676.434694304291 95983.458624380597 95798.282943063328 95698.893155691359
11010812 1 4 0 0 2 6 4 2 2 8 5 2 0 7 6 5 3 1 1 1 0 0 0 0 3 0 3 90584.599726173037 84632.027873511295 87323.404587392302 89193.196112438818
11010812 1 4 2 0 2 6 3 0 0 7 6 0 0 9 5 4 3 1 2 1 0 0 0 0 4 1 4 90371.889620712289 84468.90781035168 89891.821440219908 90636.50774071968
11010812 1 1 3 0 3 8 1 2 3 11 8 6 1 2 10 2 3 1 1 1 0 0 0 0 0 1 0 68449.9013742635 66126.645592540503 65692.972424830587 67778.133458197335
11010813 1 3 0 3 1 1 0 2 3 4 2 2 1 0 0 3 2 1 1 1 0 0 0 0 2 2 4 96516.668266882494 96192.099186251406 96353.713716313941 96396.02973525929
11010813 1 1 2 0 0 0 3 3 0 0 1 2 1 7 8 7 4 1 3 1 0 0 0 0 3 4 3 90987.874492107774 90192.570196448985 86525.572393959985 89822.296063345537
11010813 1 0 0 6 0 0 3 0 0 3 2 5 2 9 9 5 0 1 1 1 0 0 0 0 1 0 0 88789.28458403064 87742.680637570782 86824.441170907885 91328.926481989998
11010813 1 10 9 7 2 11 8 7 0 7 5 3 4 4 3 1 3 1 3 1 0 0 0 0 1 1 0 -1.0000000000000001e+300 3 99529.493866603589 100058.78793144485
11010814 1 0 0 0 1 0 4 0 0 5 1 2 0 5 6 3 3 1 2 1 0 0 0 0 1 1 1 93841.590633564512 93963.742342622194 94137.653176885913 94071.637823402882
11010814 1 7 8 7 5 4 5 4 3 4 2 2 0 4 1 1 4 1 1 1 0 0 0 0 0 1 0 -1.0000000000000001e+300 85812.224788997351 92051.812759520049 84472.642190707513
11010814 1 10 3 0 0 8 0 0 0 6 4 3 1 4 0 2 0 1 1 1 0 0 0 0 0 1 2 89431.304735477956 83529.883281270755 89712.380953038053 89550.271712572678
11010814 1 5 7 11 10 4 5 6 5 1 3 4 5 3 2 4 4 1 3 1 0 0 0 0 4 4 2 54901.485975234216 87679.081812712946 87351.382169243152 56836.59726982424
11010815 1 1 2 2 2 0 3 3 1 0 2 1 2 1 3 4 0 1 1 1 0 0 0 0 2 2 4 96564.025612943384 96695.160209100883 96426.391129103577 96359.356749846338
11010815 1 0 0 0 2 0 3 0 0 0 3 3 5 3 7 8 5 1 3 1 0 0 0 0 3 2 0 90301.699246985489 90756.302673779777 88378.976427837013 90125.339912358308
11010815 1 6 5 4 1 8 4 4 2 9 4 0 0 10 2 0 0 1 3 1 0 0 0 0 1 0 1 90015.122979248627 69569.878461841814 90203.682996282427 88969.637768083732
11010815 1 3 0 0 0 0 2 3 3 1 4 4 4 5 11 7 9 1 2 1 0 0 0 0 4 3 4 81179.709118969418 81663.426222179856 73139.782632358008 81112.178617037396
11010816 1 0 3 2 3 0 3 3 2 0 3 3 6 3 5 6 3 1 2 1 0 0 0 0 3 0 1 91319.493667610106 91558.838478128106 91090.848165671036 90930.961823940263
11010816 1 0 0 3 5 0 3 0 7 1 2 4 8 3 3 5 7 1 3 1 0 0 0 0 0 0 0 86086.317541471217 91558.584329940102 91778.839586857124 91695.556292218957
11010816 1 2 1 2 4 6 4 4 6 2 3 3 7 0 1 4 9 3 4 0.33333333333333331 5 0.33333333333333331 6 0.33333333333333331 4 3 4 85499.043111928797 87613.555563774949 -1.0000000000000001e+300 85894.986944345568
11010816 1 0 0 3 1 3 3 4 4 7 6 5 1 10 11 5 6 1 2 1 0 0 0 0 1 2 0 89417.205270155333 88133.748309340212 74163.07374145287 88182.667615549944
11010817 1 5 3 1 3 2 2 0 1 0 3 0 4 0 0 0 1 1 3 1 0 0 0 0 2 3 1 96292.938663088251 96355.173764652674 -1.0000000000000001e+300 96171.74037591154
11010817 1 5 4 1 1 6 4 2 0 8 6 4 0 7 6 5 2 2 4 0.5 5 0.5 0 0 0 0 0 -1.0000000000000001e+300 80098.060639322182 90882.648716763768 91713.817906120981
11010817 1 5 1 0 0 7 4 0 0 8 4 2 1 10 6 3 0 1 1 1 0 0 0 0 1 3 3 89353.176611709641 83679.386804477923 89284.177293455301 89595.162765593152
11010817 1 1 5 3 1 8 5 3 1 11 7 5 2 10 8 0 0 1 2 1 0 0 0 0 1 2 0 -1.0000000000000001e+300 62510.224001143062 80260.850337089476 88528.398597984531
11010818 1 0 0 0 1 2 2 0 1 4 1 3 1 5 3 2 2 1 3 1 0 0 0 0 1 1 2 95658.676547710536 96286.599066257477 95933.891253401831 97198.434061699445
11010818 1 3 7 6 5 0 2 5 4 0 2 2 2 1 0 3 1 1 1 1 0 0 0 0 1 0 0 90355.155001905703 90863.936711568662 90899.020085517623 90176.510654778234
11010818 1 9 8 7 2 6 7 4 0 4 3 3 1 1 0 0 2 1 2 1 0 0 0 0 2 1 4 91490.832344795199 89156.611168112882 91159.097951854594 85989.792710052498
11010818 1 5 6 11 10 1 3 6 7 3 1 5 5 0 2 1 3 1 3 1 0 0 0 0 0 2 1 87983.454543373766 88827.666797002501 89020.488036885465 87987.166626695456
11010819 0 3 2 3 1 4 1 3 0 0 0 2 3 3 4 3 0 1 2 1 0 0 0 0 3 2 1 95897.861720238798 95410.711749825859 95837.8228415997 95887.402376268961
11010819 0 7 5 3 0 8 4 3 3 6 3 1 0 4 3 3 0 1 1 1 0 0 0 0 2 4 2 91047.628943544347 85083.884058862721 90610.403891180817 90664.594082786425
11010819 0 5 1 3 0 8 4 2 0 9 7 1 0 10 6 4 3 1 2 1 0 0 0 0 0 0 0 -1.0000000000000001e+300 69061.144429423453 87622.450258480792 88686.342744229783
11010819 0 2 4 3 0 8 7 4 1 11 4 2 1 2 2 2 0 1 1 1 0 0 0 0 2 0 2 77234.775308108015 74672.615145037897 74524.801249084092 75782.841762067736
11010819 0 10 9 6 2 11 8 4 0 7 6 7 6 3 4 8 3 1 2 1 0 0 0 0 3 1 3 -1.0000000000000001e+300 0 0 0
11010820 1 3 3 5 1 0 4 4 4 2 2 5 3 1 3 0 0 1 3 1 0 0 0 0 2 2 1 93384.518966709249 93525.113212988115 92743.315841611242 92913.087098390097
11010820 1 0 1 0 4 2 3 4 0 4 5 2 0 5 7 6 3 1 1 1 0 0 0 0 0 0 0 90859.593385216009 90075.970871224941 90396.469788516231 89915.498862995271
11010820 1 0 3 4 4 1 1 5 6 0 2 6 8 2 3 7 10 1 2 1 0 0 0 0 4 3 4 79884.381466075429 89931.497580270996 90042.822062671359 90201.995580298564
11010820 1 0 0 3 4 3 2 4 7 1 4 6 9 2 2 11 10 1 3 1 0 0 0 0 3 1 1 89412.140725993304 -1.0000000000000001e+300 91192.659287704126 90278.250490966733
11010821 1 1 1 1 3 0 3 2 1 0 5 2 0 1 1 0 3 1 2 1 0 0 0 0 0 3 3 96359.455521081996 96747.012342078597 96153.458481126348 96139.368811967652
11010821 1 6 8 6 4 5 4 3 0 3 0 0 0 1 0 0 0 1 1 1 0 0 0 0 1 3 1 -1.0000000000000001e+300 91177.599168470493 -1.0000000000000001e+300 86480.983711493216
11010821 1 6 3 3 10 1 3 4 9 0 5 5 7 0 2 6 4 1 1 1 0 0 0 0 1 2 0 76171.080346945047 87650.65844484116 87827.155412264736 88356.819126454153
11010821 1 4 5 11 8 2 3 4 7 0 0 4 5 0 0 3 3 1 1 1 0 0 0 0 3 3 1 83003.06747356338 85198.731950898204 85860.317344016337 81112.746413632121
11010822 1 2 0 0 0 0 3 4 3 1 3 6 4 1 5 3 3 1 2 1 0 0 0 0 0 0 1 91923.316369904409 92813.093887541021 93208.071412172576 93050.889985896923
11010822 1 5 8 5 4 5 3 1 3 0 2 2 1 1 4 1 0 1 2 1 0 0 0 0 1 2 3 90767.585366796833 91075.023712669281 91105.795134623972 86500.105595209709
11010822 1 3 6 7 9 1 2 4 4 2 3 1 1 0 0 2 0 1 1 1 0 0 0 0 1 2 1 89747.530921878104 90688.17516240495 90894.814834724588 86064.665683198633
11010822 1 10 11 5 4 6 5 4 2 5 4 3 3 3 0 3 0 1 3 1 0 0 0 0 2 1 1 89192.52143617619 88619.508949251031 89311.311218297458 80895.851387437666
11010823 1 0 0 5 2 1 4 1 1 0 2 4 6 3 0 3 2 1 1 1 0 0 0 0 0 1 2 93732.911372278933 93286.724615732819 93423.146486903424 91660.199107646942
11010823 1 0 0 1 0 2 0 0 4 0 1 0 8 0 3 2 5 1 2 1 0 0 0 0 3 2 4 88877.379994058574 89707.806365439668 90172.167644552857 90403.162491340176
11010823 1 0 2 3 9 0 1 5 8 1 3 1 5 0 2 0 3 1 2 1 0 0 0 0 0 0 0 85438.535645910975 91300.199425184052 91408.083366120933 91173.095453295624
11010823 1 0 0 3 4 0 0 1 11 3 3 3 8 0 0 3 0 1 2 1 0 0 0 0 0 0 0 81495.092668380588 82715.535679492925 83321.115762984962 83878.648896905172
11010824 1 0 1 4 3 3 4 6 2 2 3 6 0 0 0 1 2 1 2 1 0 0 0 0 4 2 3 91431.657398321957 91257.670541268802 91160.972181201214 91581.94435743356
11010824 1 3 0 0 5 0 2 3 6 0 4 4 8 3 1 6 7 1 1 1 0 0 0 0 3 4 4 79452.776773774458 91416.180460306845 89993.596884642306 90994.755444207447
11010824 1 0 0 1 0 4 0 0 4 0 2 5 6 0 1 3 10 1 2 1 0 0 0 0 3 3 4 85365.365215354585 88590.270370610291 86225.846900895282 88780.217616453519
11010824 1 1 1 3 0 2 2 8 0 3 5 11 0 3 3 4 5 1 3 1 0 0 0 0 1 1 2 81033.369194916479 82465.201781742217 77871.081115819296 80882.554840157609
11010825 1 2 3 6 4 6 6 4 4 0 0 3 0 0 0 2 3 1 2 1 0 0 0 0 4 1 3 89145.38867734927 87857.872063651914 91257.512652950609 89962.061880301335
11010825 1 2 1 0 2 0 2 5 6 0 1 4 8 0 3 3 7 1 2 1 0 0 0 0 3 1 1 87082.807489522747 91082.83065536106 90327.233286516872 90608.474294709202
11010825 1 1 1 3 4 0 0 3 5 3 3 6 8 0 1 6 10 1 2 1 0 0 0 0 1 3 2 78419.058040564589 89431.684227808961 88751.442086285955 89300.48442795749
11010825 1 0 1 2 3 2 4 3 0 3 6 7 11 4 6 8 9 1 3 1 0 0 0 0 3 2 2 87220.273612180827 87888.323725498049 87228.664511227456 88052.800649130164
11010826 1 4 5 3 4 0 3 4 3 1 1 0 2 2 0 0 0 1 3 1 0 0 0 0 0 0 0 95476.996081933816 95026.622046220175 95670.645973186285 95203.114114104639
11010826 1 6 4 0 0 8 3 2 0 6 1 4 0 3 1 2 2 1 2 1 0 0 0 0 4 2 4 90895.52691623554 85817.974376558646 90789.802740550353 -1.0000000000000001e+300
11010826 1 9 8 5 4 6 5 4 3 1 3 0 0 2 1 3 3 1 2 1 0 0 0 0 1 1 1 90023.928597047663 91159.186399669939 91029.979525537419 85347.288653713142
11010826 1 2 7 11 10 2 4 8 9 2 3 4 7 0 3 2 3 1 1 1 0 0 0 0 3 0 1 0 -1.0000000000000001e+300 91180.66140567133 87839.424855768098
11010827 1 0 0 2 1 1 0 6 3 4 6 4 3 2 3 3 4 1 3 1 0 0 0 0 1 1 2 91258.250165814301 91403.839689679342 91080.588226134787 91553.063985718618
11010827 1 2 5 8 4 5 3 4 0 3 0 3 0 5 0 0 0 1 2 1 0 0 0 0 3 1 0 89313.28056427445 89561.736980350979 -1.0000000000000001e+300 86134.376614898109
11010827 1 2 0 5 10 1 3 6 9 0 3 4 7 0 2 3 5 1 2 1 0 0 0 0 3 1 3 77016.967432464968 89390.071645090778 89026.996583611413 89151.501381512993
11010827 1 0 0 2 0 3 4 4 3 1 5 8 11 4 5 9 10 1 3 1 0 0 0 0 0 0 0 92191.204025096929 91842.27202223918 82761.17900301503 92249.637266431047
11010828 1 0 0 1 4 3 0 2 1 2 3 5 1 3 5 2 3 1 1 1 0 0 0 0 2 3 4 93385.206153909356 94173.819193840027 93638.610005779017 93466.596887694453
11010828 1 3 3 0 3 7 4 2 2 8 5 4 3 6 4 3 0 1 1 1 0 0 0 0 2 1 0 90313.314293240488 85964.614757898933 88586.324296210558 90326.956594076444
11010828 1 5 4 3 1 7 5 4 0 8 6 3 1 9 0 1 2 1 2 1 0 0 0 0 0 1 3 91055.266860777367 77184.610213807493 91002.787807782268 90798.260333539554
11010828 1 3 5 11 8 0 3 4 6 3 1 2 4 0 0 0 2 1 1 1 0 0 0 0 0 0 1 83822.957290221297 84882.34433177991 85231.692548570936 80497.959744671374
11010829 1 3 3 0 0 2 0 0 1 4 1 2 4 3 0 0 1 1 3 1 0 0 0 0 3 4 2 96628.174326540146 96560.49989765072 96639.398214888424 96747.50612222412
11010829 1 0 1 0 2 3 3 7 5 4 2 6 5 0 1 3 5 1 2 1 0 0 0 0 1 0 0 87212.916738674321 89076.002234945481 89387.657028390211 89204.5444003796
11010829 1 0 3 3 10 0 1 5 8 1 1 5 7 0 2 0 6 1 2 1 0 0 0 0 0 1 1 79058.42547696548 88998.283245029656 88862.907411903885 89430.688542948759
11010829 1 2 0 8 9 0 4 7 11 2 3 3 7 0 0 2 5 1 3 1 0 0 0 0 4 1 3 80103.020793647796 86452.625092141272 88197.241185308376 87202.272722772803
11010830 1 1 2 3 2 0 0 3 1 0 0 2 0 2 0 0 1 1 3 1 0 0 0 0 1 0 1 97236.411877304316 97082.325443651935 97270.933640725096 97115.476468274981
11010830 1 2 1 3 4 4 0 5 7 1 3 4 6 0 2 1 4 1 2 1 0 0 0 0 0 0 1 89197.355571910579 91401.608319014704 90468.898129140973 89421.062771828641
11010830 1 3 0 0 0 1 5 1 0 1 3 5 6 0 3 4 10 1 2 1 0 0 0 0 1 3 3 80065.53614347025 88354.244234763522 85322.867434843865 87314.975258364779
11010830 1 1 3 2 2 2 7 6 3 8 7 5 3 10 11 6 5 1 3 1 0 0 0 0 4 2 1 -1.0000000000000001e+300 -1.0000000000000001e+300 69654.155443644719 86827.168077109163
11010831 1 1 3 0 0 0 4 2 4 0 0 4 4 3 1 3 1 1 3 1 0 0 0 0 1 3 0 95610.869798024491 95712.259943008423 96142.831404815108 95513.729556004211
11010831 1 1 0 3 0 8 5 4 3 1 2 4 4 0 0 0 3 1 2 1 0 0 0 0 2 2 1 87061.375470496991 87482.78281688584 86456.531032440063 87762.499767423767
11010831 1 9 5 4 3 8 6 0 3 6 0 0 3 1 0 2 0 1 1 1 0 0 0 0 2 3 1 91846.356251783131 87683.139774509895 91792.793602087535 90573.555985482482
11010831 1 3 8 11 4 10 8 3 1 2 0 4 5 2 3 1 0 1 2 1 0 0 0 0 4 3 3 72461.452865900807 65943.907516947394 68741.163229136335 64201.816569287563
11010832 1 1 6 5 4 0 0 5 1 0 5 3 2 3 0 1 0 1 2 1 0 0 0 0 2 3 3 92686.471264686843 92684.632717383749 92459.661916565034 92107.077098206748
11010832 1 4 8 6 2 4 4 5 5 0 0 1 1 3 0 0 0 1 3 1 0 0 0 0 0 1 0 87477.675568832143 89216.360901333828 90461.773401743092 86820.469286634194
11010832 1 10 8 4 0 8 4 4 3 5 1 0 0 4 0 0 2 1 2 1 0 0 0 0 4 3 4 90127.838767015026 85626.003081593066 90246.87198214914 89610.98871292414
11010832 1 3 7 11 9 2 5 6 8 4 4 5 0 2 0 5 5 1 3 1 0 0 0 0 4 2 0 83821.715733105259 87712.245128360752 86424.818257948966 71255.4803217226
11010833 1 2 0 0 1 1 6 3 0 5 5 0 0 5 6 3 2 1 2 1 0 0 0 0 4 3 4 91023.674854775629 91204.126440708409 90825.937295792319 90215.100706650293
11010833 1 7 6 3 0 8 5 0 0 7 4 3 3 4 0 0 1 1 1 1 0 0 0 0 1 3 2 91944.040990353707 88297.980573445529 91835.600656340786 90999.204211329939
11010833 1 10 4 3 2 6 5 4 1 5 1 6 2 2 0 2 3 1 3 1 0 0 0 0 3 1 2 86093.794526076716 85430.042456002077 85626.744275196863 86847.402280289432
11010833 1 1 4 11 10 3 3 0 10 2 4 6 1 0 0 3 2 1 3 1 0 0 0 0 0 0 0 96765.411032221309 98495.848435020089 98632.910232758106 98322.189668259845
11010834 1 0 2 3 0 0 3 6 3 0 0 5 5 1 5 3 3 1 3 1 0 0 0 0 2 2 3 91411.384754925151 90942.307129530658 91847.176190060913 91716.156188419889
11010834 1 1 1 0 0 2 3 2 0 4 4 5 3 1 5 7 6 1 2 1 0 0 0 0 3 3 4 89780.769015990983 90927.657609589864 89463.352959279509 91016.651251220945
11010834 1 3 5 6 10 1 1 7 3 6 2 1 2 2 3 1 0 1 3 1 0 0 0 0 0 1 0 75419.714574851445 77967.285012609791 83337.91220408646 76230.834890212544
11010834 1 0 0 2 4 0 2 4 11 0 2 6 9 1 3 7 8 1 1 1 0 0 0 0 2 1 1 69942.987702082813 -1.0000000000000001e+300 88010.157791605845 -1.0000000000000001e+300
11010835 1 2 0 3 0 1 3 5 0 4 5 3 3 4 3 2 0 1 2 1 0 0 0 0 4 2 2 93841.071916982764 93775.638806509931 94121.846473217243 93997.24553389776
11010835 1 6 4 3 1 7 6 3 0 4 3 1 3 2 0 2 0 1 3 1 0 0 0 0 4 4 3 89419.486590112181 87823.437440831331 89593.117996344401 89345.370014734406
11010835 1 10 6 1 3 8 4 0 0 6 4 2 2 4 6 4 2 1 1 1 0 0 0 0 2 1 1 -1.0000000000000001e+300 44997.556958855843 89693.116417599973 87742.372037384412
11010835 1 3 0 2 2 4 3 1 3 11 4 3 2 10 7 4 1 1 1 1 0 0 0 0 3 3 4 88500.499105279261 88555.53690914897 85255.639827620049 88885.548081073095
11010836 1 2 3 5 2 3 1 3 3 0 4 1 3 0 3 0 2 1 3 1 0 0 0 0 1 0 0 95214.27162103889 94911.883639017731 94637.737755669485 95157.193868660645
11010836 1 4 3 0 0 8 3 4 2 3 5 1 0 5 3 3 3 1 3 1 0 0 0 0 4 4 2 89072.287698378073 87044.699729225089 90519.431416824576 85743.611965821328
11010836 1 9 7 6 5 3 7 5 4 1 5 4 0 1 3 0 3 1 1 1 0 0 0 0 1 4 1 90073.013432352556 89906.382983522693 90536.013976990187 80780.899576944241
11010836 1 1 2 2 2 5 4 3 3 8 3 5 0 9 11 4 1 1 1 1 0 0 0 0 3 3 3 83602.582253827422 77878.994460622649 81000.941199119712 81920.247402625071
11010837 1 0 2 0 0 0 2 5 5 3 3 5 5 0 3 2 3 1 1 1 0 0 0 0 2 0 1 93528.439769259217 93888.039912141394 93864.704346753933 93972.604264987836
11010837 1 3 6 7 3 3 3 6 3 0 4 4 0 2 2 0 0 1 1 1 0 0 0 0 3 2 3 89940.805527736666 90651.014933208295 89829.401935683083 87076.935535629833
11010837 1 2 6 9 10 0 0 6 2 0 1 3 4 2 0 2 0 1 2 1 0 0 0 0 4 0 4 88846.566200456131 88828.01951892869 88681.910001851793 80915.620036409455
11010837 1 3 0 0 0 4 2 1 1 4 5 8 11 5 7 9 10 1 2 1 0 0 0 0 0 0 3 96356.551423917786 94335.975903769373 75999.797027508845 95106.641352451654
11010838 0 3 3 0 0 1 4 1 2 2 4 6 0 5 4 4 0 1 2 1 0 0 0 0 4 3 4 93475.082870866303 93541.478464393425 93300.910349793878 93124.035730150004
11010838 0 0 2 3 3 0 3 3 5 0 1 3 8 2 5 5 6 1 3 1 0 0 0 0 2 1 1 88491.719925312966 91251.179712356068 89877.067080521869 91295.490058477619
11010838 0 0 0 0 3 3 3 3 3 0 0 4 6 4 5 7 10 1 3 1 0 0 0 0 4 4 2 89302.490296386764 89358.240266488545 85617.82022591414 89302.133107459769
11010838 0 8 3 3 3 5 5 1 3 7 8 5 5 9 11 6 2 1 3 1 0 0 0 0 4 4 2 68477.545000776576 53316.61697154311 67860.060499638334 66616.756109256763
11010838 0 8 4 1 1 6 1 3 3 7 8 6 2 9 11 7 2 1 3 1 0 0 0 0 1 2 3 6 6 -1.0000000000000001e+300 -1.0000000000000001e+300
11010839 1 0 0 0 2 1 2 1 0 4 6 5 5 2 4 6 4 1 1 1 0 0 0 0 3 3 4 90118.967689203229 90375.919805138197 90026.172520381428 89816.248863644054
11010839 1 5 3 0 1 7 4 2 0 8 4 3 0 7 6 3 1 1 2 1 0 0 0 0 2 2 1 91888.325080942697 84162.129883404632 91251.032708168888 91868.757423414325
11010839 1 0 1 3 0 5 3 1 0 7 5 3 0 10 6 2 1 1 1 1 0 0 0 0 0 3 3 89125.271479279851 83942.140096645817 81848.530355926734 -1.0000000000000001e+300
11010839 1 8 0 4 3 0 7 5 3 8 11 4 2 0 0 5 3 1 2 1 0 0 0 0 3 1 2 68178.897486260699 71881.789161750305 82468.524209636147 82815.325741927896
11010840 1 0 3 3 5 1 3 4 5 2 2 1 2 0 0 0 1 1 3 1 0 0 0 0 4 4 3 95443.19723433099 95092.720905197028 95350.389928328063 95550.076320701308
11010840 1 0 0 7 1 2 7 6 1 1 5 4 2 0 2 2 1 1 2 1 0 0 0 0 4 3 4 86507.026697713329 87196.779010714919 86819.182287082498 86062.773178733856
11010840 1 1 6 7 10 2 4 6 8 1 3 5 6 3 2 1 6 1 1 1 0 0 0 0 1 3 3 89389.882532926829 89227.25451379102 89745.162035236368 79452.145898239745
11010840 1 2 6 11 9 3 2 6 8 1 2 3 6 3 0 1 4 1 1 1 0 0 0 0 0 0 0 83455.807793299551 85812.396962820378 -1.0000000000000001e+300 87036.836853085013
11010841 1 2 0 4 1 0 0 2 4 1 4 1 3 3 5 4 3 1 1 1 0 0 0 0 1 3 4 93993.045782327652 94466.939998569927 93964.131370433737 94309.314083175035
11010841 1 2 3 3 3 0 1 3 4 0 2 3 6 0 5 0 8 2 4 0.5 5 0.5 0 0 4 3 4 88833.902641503344 88330.925492587558 89001.883201465083 87702.715624945544
11010841 1 4 0 2 0 5 1 0 0 8 4 0 1 10 5 5 1 1 2 1 0 0 0 0 0 1 1 89923.074074299482 83722.427629124722 88988.361404971467 89723.245891590705
11010841 1 10 11 5 3 8 6 5 3 6 4 0 1 5 3 0 0 1 2 1 0 0 0 0 2 2 0 89899.043869908579 88643.551917772624 89871.844046947663 88586.738785360678
11010842 1 3 2 5 1 1 4 1 2 2 5 4 3 0 0 3 3 1 3 1 0 0 0 0 2 2 2 93955.165679576661 94193.944792657421 94025.418250007991 93969.710463107054
11010842 1 0 1 3 3 0 1 4 6 0 0 7 8 2 3 3 5 1 3 1 0 0 0 0 2 3 3 83841.157920294034 87598.42594151845 87450.342686861404 87636.811799645278
11010842 1 2 0 0 2 0 3 3 0 3 5 4 3 3 4 7 10 1 3 1 0 0 0 0 4 2 2 88817.028341862751 88852.915334922014 84363.296407811547 88200.122479786776
11010842 1 9 8 3 0 11 7 4 0 7 1 2 2 4 3 2 0 1 3 1 0 0 0 0 3 1 3 86862.069702938883 82751.471390250226 88075.894492769512 87807.207543851619
11010843 0 1 3 3 0 3 0 0 2 3 5 0 0 4 3 2 0 1 3 1 0 0 0 0 2 1 1 96023.466674453681 95957.555785596356 95566.375230336358 95415.98827507539
11010843 0 5 5 8 6 5 3 3 2 0 0 4 0 3 0 1 0 1 1 1 0 0 0 0 2 3 3 91360.400719319863 90159.021853290993 86847.853322436655 86547.782932684131
11010843 0 10 9 8 5 1 7 6 4 4 2 3 7 0 1 3 2 1 2 1 0 0 0 0 4 3 4 0 -1.0000000000000001e+300 54885.09577521668 41477.342537777244
11010843 0 10 9 8 5 1 7 6 4 5 4 7 3 3 2 2 0 1 2 1 0 0 0 0 2 0 3 -1.0000000000000001e+300 0 -1.0000000000000001e+300 0
11010844 1 2 1 3 0 0 5 2 3 0 4 4 4 0 1 6 0 1 2 1 0 0 0 0 1 0 1 93394.663036080703 93726.912587625018 93546.815455645949 93308.181355794281
11010844 1 5 4 3 0 7 6 3 1 8 4 0 0 6 0 3 2 1 2 1 0 0 0 0 1 0 1 90348.422351004847 81637.248528322656 89982.432291461038 90160.957909969307
11010844 1 3 1 1 1 3 4 3 0 7 5 3 2 10 7 5 4 1 2 1 0 0 0 0 0 1 1 -1.0000000000000001e+300 0 83359.402412881493 89861.337864029862
11010844 1 0 2 0 3 6 6 5 3 11 3 1 0 2 2 0 3 1 1 1 0 0 0 0 2 1 0 80187.837481316004 80667.22375322436 81175.268903570701 81400.427625002951
11010845 1 0 1 2 1 3 1 2 2 3 4 3 0 0 1 1 0 1 2 1 0 0 0 0 2 3 4 96609.269588310519 96639.994173433312 96846.9983442823 96517.345179367345
11010845 1 1 3 2 0 2 1 3 0 3 5 4 3 3 5 8 0 1 3 1 0 0 0 0 4 4 2 89952.709859690483 88949.240903815022 88666.630529586328 89345.829767314237
11010845 1 2 2 0 2 4 3 3 3 6 4 3 0 10 9 7 5 1 1 1 0 0 0 0 2 0 3 89415.526783521433 88254.744039808051 80715.823761794163 89749.513965556704
11010845 1 10 9 7 4 11 8 5 3 6 5 5 1 4 0 1 0 1 3 1 0 0 0 0 2 4 2 91313.520097465633 86384.058386620483 86751.537205791858 56877.357326855737
11010846 1 0 2 1 0 0 4 4 2 1 5 4 4 0 3 1 3 1 1 1 0 0 0 0 2 4 4 94173.372772343952 94255.665229191698 93397.638990946973 94582.761729789083
11010846 1 4 8 6 0 4 5 4 0 5 0 2 0 2 3 0 2 1 1 1 0 0 0 0 3 1 1 90536.469870085071 90133.684561157919 90798.099590512531 85950.197955403433
11010846 1 3 4 7 10 0 1 3 6 0 0 3 4 2 3 3 3 1 2 1 0 0 0 0 1 0 2 88029.438184090235 89521.713585963749 89420.6961133203 86580.255811537252
11010846 1 3 2 0 0 3 3 0 2 3 4 4 11 5 9 8 9 1 1 1 0 0 0 0 3 2 2 71806.22562240214 77559.897005519 70887.854905742686 78041.211433972654
11010847 1 0 1 0 3 3 6 0 2 4 5 1 0 5 3 5 3 1 1 1 0 0 0 0 1 3 2 91286.324596744118 90678.215371273182 91257.131118474179 91040.785351859202
11010847 1 4 4 5 7 0 3 6 8 3 1 3 6 2 0 0 5 1 1 1 0 0 0 0 2 3 1 86039.926083644386 91533.602658086515 91962.521483258184 90592.621310247574
11010847 1 1 0 5 9 0 2 6 8 3 1 4 7 0 0 2 4 1 3 1 0 0 0 0 2 2 2 78455.165373996671 90650.272575222829 90527.139755102427 90943.192706391856
11010847 1 0 1 2 4 1 1 3 5 0 0 4 11 3 4 6 8 1 2 1 0 0 0 0 1 2 4 76040.273688164016 84850.749831419074 83877.777493121059 83835.586522136189
11010848 1 3 0 0 0 3 2 0 0 4 5 1 2 5 4 4 4 1 1 1 0 0 0 0 2 2 2 94704.344159882603 93697.162742056229 94219.568086705825 94378.428580941094
11010848 1 5 4 1 0 7 0 0 2 2 8 3 0 1 8 0 0 1 1 1 0 0 0 0 2 3 4 81619.511465471645 82473.711617875015 81674.119819053551 82226.772324195248
11010848 1 3 0 2 0 0 0 3 3 3 6 7 7 4 6 8 10 1 1 1 0 0 0 0 0 0 1 90917.401731476144 90283.158553726695 83260.95770327124 91244.320916950644
11010848 1 2 2 4 5 3 6 5 4 6 9 11 4 0 0 0 8 1 1 1 0 0 0 0 3 2 1 59410.966731417881 -1.0000000000000001e+300 70148.958102042976 76357.159210211132
11010849 1 3 0 3 1 3 4 2 3 3 1 2 4 3 0 2 1 1 1 1 0 0 0 0 1 2 1 95579.465574346948 95560.466679749661 95950.370055668885 95300.98835826802
11010849 1 6 7 8 7 5 7 4 0 3 5 3 2 2 1 0 2 1 1 1 0 0 0 0 2 1 4 86947.248552161414 85290.731533926213 85474.761578842663 78738.976108123563
11010849 1 5 8 9 10 4 6 2 0 4 0 3 3 3 0 0 0 1 1 1 0 0 0 0 0 0 0 89968.73640615835 88415.897857189339 89387.127992776048 79019.622866795937
11010849 1 3 4 3 7 1 8 7 11 3 3 7 8 2 3 9 7 1 1 1 0 0 0 0 2 3 3 3 65700.454770879587 64381.219961048555 61708.02654939529
11010850 1 0 0 0 2 4 0 0 1 3 4 0 1 1 2 3 3 1 3 1 0 0 0 0 2 3 3 96191.818941204445 96564.382649009174 96490.65510765923 96551.454466675539
11010850 1 1 3 4 5 0 4 4 7 0 2 6 3 0 0 2 0 1 2 1 0 0 0 0 3 1 2 87678.006401382576 89188.924400882097 89149.277318232169 90866.913726623621
11010850 1 3 2 1 3 3 4 4 5 0 3 3 8 0 1 4 10 1 3 1 0 0 0 0 3 4 1 83483.864362917273 89521.153799439388 89989.319595373876 89851.924683458798
11010850 1 4 4 0 0 6 5 4 0 11 3 0 0 4 0 1 3 1 1 1 0 0 0 0 2 4 2 82404.33349604797 81166.860061956671 82142.805380527076 81929.340109009587
11010851 1 0 0 0 2 3 3 3 1 3 4 6 2 2 5 3 0 1 3 1 0 0 0 0 2 0 1 93132.06687353387 93124.133575015585 93274.031630661746 93799.150049739415
11010851 1 2 6 8 5 0 0 3 4 0 0 3 1 2 1 0 2 2 4 0.5 5 0.5 0 0 4 3 4 90519.777940919754 90348.872289777268 90115.237234340486 89574.84196808144
11010851 1 3 6 7 9 0 4 4 5 0 0 4 3 3 0 3 2 1 2 1 0 0 0 0 3 1 3 90548.26095279424 90748.804527188418 90930.406380692468 87508.743605397569
11010851 1 3 5 11 10 0 5 8 9 2 3 5 7 3 3 4 5 1 2 1 0 0 0 0 4 2 2 70176.522807029251 92714.341191357045 90930.434844061732 94002.280120306357
11010852 1 3 3 2 3 4 5 4 3 4 4 4 0 0 5 2 0 1 1 1 0 0 0 0 1 0 0 94041.614455093571 92988.314375647766 91278.941447876103 93052.453946243098
11010852 1 7 4 0 0 8 3 3 1 6 3 2 0 5 5 0 0 1 1 1 0 0 0 0 2 3 3 91163.050001448719 85937.840558236174 91634.243943169713 91203.085008652604
11010852 1 10 9 7 5 4 5 6 3 1 2 3 3 0 0 0 1 1 2 1 0 0 0 0 2 2 3 90478.372583603385 89268.034248502881 90764.328744645623 76593.964507848825
11010852 1 6 5 3 0 11 5 2 0 8 7 0 0 6 3 3 1 1 2 1 0 0 0 0 1 0 1 81378.993678070648 78255.921382380591 80006.423858764771 80485.346720271569
11010853 1 1 2 3 1 4 2 2 0 2 3 4 1 1 5 4 0 1 2 1 0 0 0 0 4 3 4 95293.71113123461 94647.536266915165 94959.169146154381 95108.325328262406
11010853 1 0 3 1 5 1 2 5 7 4 5 7 2 6 7 8 1 1 2 1 0 0 0 0 0 0 2 83832.367228098214 83196.29094929056 80600.312966660305 84063.026291387068
11010853 1 3 0 3 0 4 1 2 0 6 3 3 0 10 6 4 3 1 1 1 0 0 0 0 2 3 3 89174.824852808786 88314.68806782375 88343.011160348833 -1.0000000000000001e+300
11010853 1 2 1 0 0 5 3 3 0 11 4 3 2 8 3 0 3 1 2 1 0 0 0 0 2 0 2 84321.631570461599 80862.59913528616 83974.330835727742 84309.857295518741
11010854 1 2 1 0 3 0 4 4 5 1 6 5 6 1 2 3 2 1 1 1 0 0 0 0 2 3 4 90004.832351325967 89160.820487967227 88690.207296457549 88616.116501972981
11010854 1 4 6 8 6 0 2 4 5 0 0 3 4 1 3 0 4 1 3 1 0 0 0 0 2 2 0 89852.253012095418 91897.416042585217 91752.934946822817 88308.893453676792
11010854 1 4 6 8 10 3 6 7 4 5 0 2 1 2 0 3 0 1 2 1 0 0 0 0 3 1 2 88410.635321736452 88408.923065459647 88062.204404385673 79373.623070367234
11010854 1 10 11 7 1 9 7 6 6 4 4 3 3 3 1 2 4 1 3 1 0 0 0 0 3 4 3 91832.3857776894 82320.087528246557 -1.0000000000000001e+300 -1.0000000000000001e+300
11010855 1 2 3 0 3 3 1 0 0 0 1 0 3 0 0 2 2 1 1 1 0 0 0 0 1 1 0 97497.878465231508 97198.534221631518 97442.766748906419 97860.682789352199
11010855 1 7 4 3 0 8 4 3 0 6 3 0 0 4 3 0 3 1 2 1 0 0 0 0 4 3 3 91222.203869075136 87387.344532185089 91314.762318378038 91305.680767350248
11010855 1 10 7 4 3 9 5 3 2 8 3 3 1 4 3 0 0 3 4 0.5 5 0.25 6 0.25 0 0 0 87524.028410033308 81943.464180332696 89566.885182846119 89651.571760465959
11010855 1 2 0 1 2 0 0 3 7 2 4 6 11 0 5 6 10 1 3 1 0 0 0 0 2 0 1 81648.092690571604 87591.99610549341 84280.86849515271 87543.794137367426
11010856 1 4 3 2 2 1 6 0 0 2 6 1 0 5 0 3 2 1 3 1 0 0 0 0 4 2 1 91648.582522779354 91457.578718670062 91601.132554266602 91954.135345769697
11010856 1 2 0 0 1 0 0 0 2 0 7 3 3 3 7 5 3 1 3 1 0 0 0 0 3 2 3 90571.768409231285 90337.815951884229 90632.335524224429 91293.237211081621
11010856 1 0 2 0 0 0 2 0 3 3 6 7 4 3 6 8 10 1 1 1 0 0 0 0 3 2 3 89506.758056831983 90317.296171316892 83553.390444639255 90178.437088672916
11010856 1 10 9 1 3 11 9 4 2 9 1 5 3 3 2 3 4 1 3 1 0 0 0 0 4 4 3 -1.0000000000000001e+300 -1.0000000000000001e+300 93111.486604648133 64334.573116867548
11010857 1 0 0 2 0 1 3 3 0 2 0 1 3 2 3 2 0 1 1 1 0 0 0 0 1 0 0 97324.532011844494 97240.106236042804 97140.962362926075 96901.984867000807
11010857 1 3 2 1 4 0 2 3 7 0 1 5 8 3 0 4 7 1 1 1 0 0 0 0 1 2 1 86616.955507567545 91870.17364539516 91451.834225667611 91593.054884709942
11010857 1 0 0 3 4 0 1 4 6 2 4 5 8 0 0 2 9 1 3 1 0 0 0 0 2 1 3 84585.693063913626 -1.0000000000000001e+300 91332.187138555906 90276.784139865107
11010857 1 0 3 0 1 2 3 4 2 3 4 7 9 1 5 11 10 1 1 1 0 0 0 0 3 4 3 89725.337857494815 90564.66520371029 78460.341911851196 90912.802028808655
11010858 1 4 3 2 0 5 3 4 0 1 1 5 3 2 0 2 1 1 1 1 0 0 0 0 2 3 3 93987.222268558675 93709.441483278773 94241.519405236308 94843.115311849688
11010858 1 1 0 3 0 5 1 0 2 6 5 3 1 7 8 7 6 1 2 1 0 0 0 0 1 2 2 91650.071883544704 92387.131827997655 81457.805810887003 92008.234139381282
11010858 1 1 0 0 4 2 3 3 5 0 0 5 7 1 3 8 10 1 2 1 0 0 0 0 3 3 4 86661.389104320435 89582.971060812677 87246.575266589323 89519.144747055252
11010858 1 9 7 0 8 11 5 5 8 6 4 4 0 4 2 1 3 1 1 1 0 0 0 0 3 4 4 79387.732307869097 76471.025111295836 76153.97159071124 72963.564813131292
11010859 1 0 1 3 2 3 1 2 3 0 6 4 3 0 5 5 2 1 3 1 0 0 0 0 4 3 3 93151.727508982949 92905.668687970116 92982.383003757612 93030.516773181473
11010859 1 2 0 3 4 0 3 4 6 1 1 5 8 2 4 6 7 1 2 1 0 0 0 0 4 3 4 86620.103956734063 90920.125425836886 91135.226470812035 91636.190251541149
11010859 1 3 0 0 2 3 0 3 4 0 3 3 6 1 4 6 9 1 1 1 0 0 0 0 2 3 1 90972.363888154156 90881.52642143688 90321.666916558112 91284.331483550486
11010859 1 3 3 8 10 1 5 7 11 2 3 7 8 0 2 0 6 1 1 1 0 0 0 0 2 2 3 77842.107077793247 88325.278712221741 89420.560168693279 77890.035102202819
11010860 1 3 1 1 1 1 2 3 0 2 4 1 0 2 0 4 0 1 2 1 0 0 0 0 1 2 4 96267.705897160922 96181.46229159231 95803.440060564011 96575.375155743255
11010860 1 5 0 0 3 7 4 0 2 8 6 0 3 6 5 4 3 1 1 1 0 0 0 0 2 2 0 90293.678539753251 80793.730228362358 89604.379220769217 90693.879517688823
11010860 1 0 1 0 1 4 1 0 0 4 5 4 3 10 9 7 5 1 3 1 0 0 0 0 1 4 2 89125.274346765043 88536.654379924817 80125.20121722779 89093.433056623326
11010860 1 0 3 3 4 2 0 3 6 4 5 6 7 5 11 9 8 1 3 1 0 0 0 0 4 3 0 90582.053565238486 87600.435475413047 73598.21790121439 88183.367542594118
11010861 1 0 0 2 0 6 3 1 1 5 3 4 3 3 2 1 1 1 2 1 0 0 0 0 0 1 2 93915.597531391511 93046.571224530533 93961.117245850735 93841.332921796362
11010861 1 5 7 6 1 3 4 4 2 0 1 2 1 0 0 3 2 1 1 1 0 0 0 0 0 1 2 91351.880782341861 90687.542209072592 91183.25231311169 89835.849348212127
11010861 1 9 8 6 4 4 7 7 0 3 1 3 2 2 0 1 0 1 1 1 0 0 0 0 3 4 4 90510.019216092944 85558.950311946421 90885.331354543872 85305.751538010605
11010861 1 2 5 8 11 2 5 6 10 0 2 3 3 0 5 1 1 1 3 1 0 0 0 0 3 2 2 72579.07929455991 73380.184175417031 69550.999580064788 72787.926109394291
11010862 1 3 0 3 0 2 0 6 3 6 4 4 4 3 6 3 3 1 1 1 0 0 0 0 1 1 2 90093.344642904063 89691.592971129547 88427.855230684523 -1.0000000000000001e+300
11010862 1 1 4 0 4 0 1 4 6 0 3 4 8 0 3 0 4 1 3 1 0 0 0 0 2 4 1 88576.807215152425 89950.454446488933 89720.440880142705 90728.703894849299
11010862 1 0 0 1 10 0 0 1 9 0 0 3 8 3 2 4 7 1 3 1 0 0 0 0 0 1 1 69846.503273384631 -1.0000000000000001e+300 90206.770660394293 -1.0000000000000001e+300
11010862 1 2 0 0 0 3 1 0 3 4 2 3 0 8 11 6 0 1 1 1 0 0 0 0 1 1 0 83836.094310559754 83543.038095206488 79113.714981823476 83977.91614312373
11010863 1 2 1 0 0 0 1 0 0 3 5 5 4 0 1 2 4 1 2 1 0 0 0 0 0 0 0 95286.630057024231 95305.781488260021 95832.871755362357 96243.073065436634
11010863 1 0 1 0 2 0 5 1 2 4 6 4 4 6 7 8 7 2 4 0.5 5 0.5 0 0 0 0 0 89761.894369382164 89579.438221588309 82384.206622833124 -1.0000000000000001e+300
11010863 1 3 3 0 0 2 4 3 3 3 5 10 3 0 3 3 10 1 1 1 0 0 0 0 3 3 2 87244.477640095181 88031.778314168056 87052.484437820836 87080.712546881245
11010863 1 1 0 1 2 0 3 4 5 2 5 6 8 3 6 11 9 1 2 1 0 0 0 0 2 1 2 84877.446311827545 87136.43964306757 86666.995891644852 87013.305620400482
11010864 1 2 0 1 0 1 2 3 3 0 4 6 4 0 4 5 4 1 2 1 0 0 0 0 4 3 4 93703.804385289288 93962.544191847905 93503.008160415804 93378.987457327559
11010864 1 2 3 4 4 1 3 7 8 0 3 4 7 0 3 0 4 1 1 1 0 0 0 0 3 4 3 86967.104672491259 87592.341267751617 88209.256481446719 87734.009852224655
11010864 1 0 1 0 2 4 3 2 1 6 4 3 4 10 9 8 6 1 3 1 0 0 0 0 2 2 3 90121.651054194866 90158.014970847697 73140.267418426054 91139.063606164578
11010864 1 0 0 0 1 0 0 2 4 1 4 5 6 3 5 11 8 1 3 1 0 0 0 0 0 1 0 84693.678419085787 -1.0000000000000001e+300 81068.919956915255 -1.0000000000000001e+300
11010865 1 5 2 0 0 4 3 5 3 3 5 4 0 1 0 2 2 1 1 1 0 0 0 0 1 0 2 93282.643816347467 92786.655534408696 92727.679404364695 93428.701377868652
11010865 1 4 1 0 0 7 2 0 0 8 5 1 0 7 6 3 3 1 2 1 0 0 0 0 2 2 2 91797.768777615711 84549.574656423647 90957.706607522443 92313.39420308439
11010865 1 0 0 6 0 6 4 0 3 9 5 2 0 9 2 1 1 1 3 1 0 0 0 0 0 0 0 90380.789182970286 83919.648021015077 84604.608391853253 86477.738366526886
11010865 1 0 1 0 0 0 3 0 3 1 5 3 0 1 11 7 4 1 2 1 0 0 0 0 0 2 2 81880.563305062853 83691.062525357367 80217.031334469371 83189.675961607703
11010866 1 0 4 3 0 2 4 5 4 1 3 4 0 3 3 3 3 1 2 1 0 0 0 0 3 2 2 94261.907345297455 94379.638455350956 94423.287156813123 94942.291024603532
11010866 1 0 1 2 4 0 2 3 7 2 3 6 8 0 3 5 5 1 3 1 0 0 0 0 3 1 2 87324.552818144526 89956.62279977891 90541.535771321127 90107.329766061826
11010866 1 3 0 0 3 3 1 3 7 3 4 7 8 4 6 6 9 1 3 1 0 0 0 0 1 2 0 86711.128983485993 91027.056735365652 87793.639650529323 91751.265663960599
11010866 1 2 0 2 2 3 3 0 0 5 3 0 0 9 8 11 5 1 2 1 0 0 0 0 4 0 1 84629.027029571269 84212.08050170973 72914.515108222404 84580.106110322595
11010867 1 4 3 3 2 5 1 3 0 1 5 2 0 3 2 2 0 1 1 1 0 0 0 0 3 2 4 93941.637556605856 92822.541884004342 94108.567260907017 93143.958715182758
11010867 1 0 5 7 5 1 4 5 2 0 3 4 0 0 1 1 0 1 1 1 0 0 0 0 0 3 3 90323.985633091128 89269.307789611979 90221.592527538349 90540.40644074537
11010867 1 0 0 5 10 2 2 5 6 0 1 3 5 1 0 1 2 1 2 1 0 0 0 0 4 3 4 85714.118489723885 89110.515704363264 89043.372028466503 88705.909926013381
11010867 1 10 11 6 1 7 6 3 3 6 0 0 2 4 0 0 3 1 2 1 0 0 0 0 2 1 2 89259.025192775604 84336.999471533592 -1.0000000000000001e+300 80448.393360874528
11010868 0 2 5 5 3 5 4 4 0 0 2 1 0 0 1 1 0 1 3 1 0 0 0 0 1 2 2 93900.715851296321 93860.232257894357 93832.365757338208 93227.596758652609
11010868 0 3 5 0 0 5 0 5 1 8 3 4 2 4 4 5 1 1 2 1 0 0 0 0 2 2 4 89213.844002508733 83640.747853538254 88283.203034964346 91016.740464407078
11010868 0 10 6 1 1 3 3 4 2 5 0 2 0 0 0 0 2 1 3 1 0 0 0 0 1 0 0 88953.491729212881 87896.281138731778 89194.464507331446 86606.715102818911
11010868 0 1 3 11 8 0 1 5 7 0 0 4 5 3 0 2 4 1 1 1 0 0 0 0 1 3 2 80397.845368420181 83285.428225970478 84621.900623818801 84786.150514110908
11010868 0 3 5 11 10 7 6 4 8 4 4 8 9 1 1 6 2 1 3 1 0 0 0 0 0 1 0 12 12 -1.0000000000000001e+300 -1.0000000000000001e+300
11010869 1 2 3 5 1 1 3 2 5 0 0 5 0 2 3 3 3 1 2 1 0 0 0 0 3 1 2 93207.581678501752 92500.94726330704 92625.284665406798 94028.685350253552
11010869 1 2 0 0 0 0 1 1 3 2 3 0 4 5 7 7 5 1 2 1 0 0 0 0 2 1 2 90378.815374316779 90907.217926509256 87005.767260670764 89973.573562563441
11010869 1 1 0 0 0 1 1 0 5 2 3 6 7 4 7 8 10 1 2 1 0 0 0 0 2 3 4 88115.178467718593 89062.013068081636 77879.633925620219 89751.033438637256
11010869 1 0 1 0 5 3 1 5 6 3 2 3 11 1 0 3 5 1 2 1 0 0 0 0 2 3 3 81258.658597248519 81681.24382311941 82969.766372628481 81493.083802673777
11010870 1 0 5 5 6 2 0 6 3 0 1 3 3 0 1 0 0 1 2 1 0 0 0 0 2 2 1 92715.526620446311 92355.754288075521 92387.782456000641 91920.245445379274
11010870 1 5 7 8 1 3 5 2 5 3 1 0 0 0 1 0 3 1 3 1 0 0 0 0 0 2 1 85233.076907412338 85037.879949547219 85775.020206629095 83954.6277610252
11010870 1 7 1 3 10 3 0 2 9 2 1 5 8 3 3 4 7 1 3 1 0 0 0 0 1 1 0 68326.674480191941 84484.805083134139 83050.092223790562 87227.487921845081
11010870 1 3 2 3 4 3 3 4 3 2 8 8 11 0 2 9 10 1 2 1 0 0 0 0 4 0 3 102036.7649283537 103223.88362935452 101755.1717869648 102077.42938094208
11010871 1 0 1 3 0 2 2 3 3 1 0 0 0 3 0 0 1 1 1 1 0 0 0 0 0 2 0 97627.446251697023 97559.091911375523 97550.06976044178 97574.498793840394
11010871 1 0 1 0 0 4 5 2 0 4 4 0 2 4 7 4 1 1 3 1 0 0 0 0 4 4 3 89755.314387089893 90865.7848858621 91529.301059924939 91437.769209737555
11010871 1 10 9 8 7 4 5 6 5 0 4 5 6 1 0 2 0 1 3 1 0 0 0 0 0 0 0 88210.079352034445 88073.729666210565 83878.122173555646 75256.359511451272
11010871 1 3 11 7 0 3 4 3 5 3 0 4 0 1 0 2 3 3 6 0.1818181818181818 7 0.27272727272727271 8 0.54545454545454541 4 4 2 78630.816442936775 76298.160787746601 76782.119716203801 78951.56184524695
11010872 1 3 2 4 3 0 1 0 1 2 1 0 3 0 0 0 2 1 3 1 0 0 0 0 4 4 3 97666.031394173115 97221.092558646924 96869.532050315785 97119.739986852524
11010872 1 7 5 2 0 5 5 3 0 4 4 3 3 3 3 5 0 1 2 1 0 0 0 0 4 2 3 89572.1104284475 89068.120452299612 90630.635962428933 89654.649381958952
11010872 1 10 3 3 0 6 5 0 0 3 5 2 0 0 1 0 3 1 1 1 0 0 0 0 0 1 0 88982.683810044924 84987.67483468866 89562.672498274304 86508.960129281055
11010872 1 3 5 11 9 4 4 6 8 2 0 7 6 3 0 2 4 1 2 1 0 0 0 0 4 1 2 73431.420947240535 88032.9050306758 -1.0000000000000001e+300 65521.219962679213
11010873 1 5 0 2 0 3 3 0 1 4 5 2 0 3 3 4 1 1 2 1 0 0 0 0 2 1 4 94930.963190890267 94546.504821966882 94920.253236464516 94178.249473906064
11010873 1 0 0 0 1 0 2 0 4 3 5 5 4 6 7 8 7 1 2 1 0 0 0 0 4 3 4 90175.5378349893 90946.978204131039 84789.443324133783 91408.523722454673
11010873 1 0 1 0 0 0 0 0 3 2 3 5 4 3 7 9 10 1 3 1 0 0 0 0 2 2 1 90007.028313096147 89697.915255645625 79965.05382398142 89743.848655838257
11010873 1 5 4 0 2 4 0 3 0 8 6 2 3 10 11 6 4 1 1 1 0 0 0 0 1 0 0 88511.842099916932 85299.863857580902 76366.531686554736 89122.319956655207
11010874 1 0 2 3 1 1 2 0 3 3 2 0 1 3 0 0 0 1 3 1 0 0 0 0 0 0 0 96791.2891275031 96791.192340108333 97243.289466645991 97410.500020346648
11010874 1 3 7 6 5 0 6 5 3 0 1 4 1 2 3 2 2 1 1 1 0 0 0 0 1 1 1 88760.284891190197 -1.0000000000000001e+300 89865.844127314645 89763.692699106294
11010874 1 0 0 2 1 0 1 0 1 2 3 5 6 10 9 8 7 3 5 0.25 6 0.25 7 0.5 0 1 2 89914.127677161014 85639.288580100081 74028.509136481822 83581.56183642344
11010874 1 3 7 3 2 2 5 3 4 1 5 4 1 3 4 4 11 1 2 1 0 0 0 0 3 2 1 79061.70220685919 75253.850045715255 74803.063951859614 76046.93301697429
11010875 1 0 3 1 1 1 0 0 1 2 2 0 0 3 0 2 0 1 3 1 0 0 0 0 0 1 1 96769.444147913542 96999.923680117834 97165.673038058812 97078.818842470646
11010875 1 0 2 0 0 0 3 1 2 2 1 4 5 5 6 8 6 2 4 0.5 5 0.5 0 0 4 3 3 91330.435681786781 91222.518209698537 85022.706203542577 -1.0000000000000001e+300
11010875 1 1 0 0 1 0 2 2 5 1 4 5 8 2 5 7 10 1 2 1 0 0 0 0 1 0 0 89744.063764633756 89668.687233135861 88546.673815673144 89908.664719663546
11010875 1 1 2 0 0 0 6 1 2 5 2 1 11 1 3 10 10 1 3 1 0 0 0 0 1 2 1 99567.878921981071 98874.216044761124 97224.737980567719 97764.238819233273
11010876 1 1 1 3 2 0 0 2 4 1 0 3 3 2 5 3 4 1 3 1 0 0 0 0 0 0 0 94927.577879082266 94588.886219614404 94819.434016510422 95404.859913670793
11010876 1 3 0 3 1 1 3 0 0 1 5 7 0 4 1 4 0 1 3 1 0 0 0 0 0 4 0 89633.381441584861 89943.182308580013 88570.657193001854 89797.762889556398
11010876 1 10 8 7 3 7 7 2 1 6 5 3 3 4 4 0 3 1 2 1 0 0 0 0 2 1 1 88455.101063092545 86742.120093841266 88578.616111483236 87211.852766751603
11010876 1 5 3 3 0 6 4 0 2 11 7 1 0 10 9 3 1 1 2 1 0 0 0 0 1 1 2 91464.628762010543 78489.618074210375 91186.025858386725 91003.52056845717
11010877 1 0 0 0 3 3 3 4 6 0 1 5 5 2 3 5 1 1 1 1 0 0 0 0 2 4 1 92003.292091534429 90052.457000566748 91988.644951882641 90211.704028530716
11010877 1 2 3 1 3 1 2 5 5 5 5 7 7 0 6 8 3 1 2 1 0 0 0 0 2 1 1 84368.176665515857 85898.360998437944 87369.461875330671 87188.350057219868
11010877 1 0 0 3 1 3 3 2 4 0 4 1 7 4 8 9 10 1 2 1 0 0 0 0 3 3 2 88318.923059393754 88440.511333891787 75001.293460125569 89230.455187451254
11010877 1 4 3 2 0 5 1 2 3 8 7 2 3 10 11 7 3 1 2 1 0 0 0 0 4 1 3 88083.030151022991 87287.156214102753 87932.313109570081 88516.797357818592
11010878 1 6 3 0 3 4 0 1 0 3 4 6 3 5 4 3 0 1 2 1 0 0 0 0 0 0 0 91054.224605496085 90720.930720927325 89823.550913030442 92694.633445609696
11010878 1 3 0 0 0 3 1 1 4 4 4 3 2 7 8 7 4 1 2 1 0 0 0 0 1 1 2 90535.459262858451 88253.362588473348 81697.083090644228 91329.677038398906
11010878 1 3 3 0 0 3 1 0 3 4 3 4 2 10 6 3 3 1 2 1 0 0 0 0 3 2 1 88180.402456195894 86157.880587952735 84951.497889214414 88575.820944717212
11010878 1 10 9 7 5 11 8 5 5 3 3 4 2 0 0 0 1 1 2 1 0 0 0 0 2 1 1 94327.515270961376 74755.576794902066 97321.917622834182 76937.293482518959
11010879 1 3 1 1 1 2 3 2 0 4 0 0 3 2 0 0 0 1 1 1 0 0 0 0 3 4 4 97279.775116348275 96893.117853155767 97550.950503967761 96814.873645822328
11010879 1 0 0 1 1 3 0 2 4 2 4 7 4 1 5 7 8 1 2 1 0 0 0 0 2 2 2 90041.317104898306 89009.242920884906 86417.278445491858 89665.063971058407
11010879 1 0 0 1 3 0 1 3 6 3 0 5 7 3 5 6 9 1 2 1 0 0 0 0 2 3 2 88578.293624558792 90715.816098879193 90595.141398341628 91171.600069090637
11010879 1 1 6 9 10 0 4 6 11 0 0 4 4 3 0 3 3 1 2 1 0 0 0 0 3 3 3 84262.473398169794 90981.995359877648 91772.807259597597 91919.935358587012
11010880 1 4 3 1 3 2 4 4 3 0 5 1 2 0 0 1 0 1 2 1 0 0 0 0 0 0 0 94927.33683358792 94218.183666395678 95378.706677086826 94635.27505960688
11010880 1 0 0 3 1 3 4 1 0 5 4 3 0 7 8 6 4 1 3 1 0 0 0 0 0 2 0 91086.523702911232 91188.052053748514 85567.307672969997 91199.13588140739
11010880 1 4 2 1 0 5 4 3 0 6 5 3 2 9 8 4 3 1 3 1 0 0 0 0 1 0 0 90464.151559066086 88943.699749550695 90649.567425195768 90783.825329404863
11010880 1 7 3 10 5 9 6 7 4 11 4 3 2 4 1 1 0 1 3 1 0 0 0 0 0 1 1 -1.0000000000000001e+300 56284.315631360812 -1.0000000000000001e+300 52493.850121121148
11010881 1 0 0 0 3 1 0 0 3 4 0 3 1 2 4 2 3 1 2 1 0 0 0 0 3 2 3 96281.648019933316 97084.719449246913 96572.52031533065 97251.399010453897
11010881 1 2 0 1 2 3 1 4 6 2 3 4 8 0 3 5 6 1 2 1 0 0 0 0 2 0 1 89085.360020863489 91221.65469487122 90259.230957552878 90755.645406125346
11010881 1 3 3 4 7 0 2 3 8 0 0 2 9 0 1 2 10 1 1 1 0 0 0 0 2 1 1 75482.984728212556 90776.485618306484 90840.331185461371 89446.541612995323
11010881 1 3 0 2 0 4 1 2 3 7 5 6 2 8 7 11 4 1 3 1 0 0 0 0 3 1 1 86062.592296081275 86457.867123048316 77248.883090771618 -1.0000000000000001e+300
11010882 1 2 5 4 4 2 3 4 6 0 0 1 4 0 1 0 2 1 1 1 0 0 0 0 0 0 0 93604.216639532431 94453.413713018497 92918.363413903848 94023.004440353645
11010882 1 1 0 0 0 3 3 2 0 4 6 0 0 5 7 6 1 1 3 1 0 0 0 0 2 3 3 92256.508195687085 91167.036662168146 90093.578673322874 91686.450505701374
11010882 1 1 0 2 1 1 4 2 0 7 2 4 2 10 9 8 5 1 1 1 0 0 0 0 0 0 0 85732.173004469107 86074.576165057049 65331.492086344348 86054.515982079858
11010882 1 2 3 0 2 1 1 3 4 3 2 4 7 1 4 11 9 1 3 1 0 0 0 0 3 3 2 86161.901351492532 85493.705065314367 81347.708494111663 86542.462633055256
11010883 1 1 6 0 3 2 5 3 0 3 1 1 4 0 1 2 0 1 3 1 0 0 0 0 1 3 1 93599.924801837071 94106.758595290012 93501.331020369355 93617.494099792733
11010883 1 2 3 2 4 6 5 3 0 7 3 5 0 4 4 0 3 1 1 1 0 0 0 0 1 0 0 89099.280822753906 84956.116048336829 89163.935092056199 90003.047075761278
11010883 1 4 3 1 2 4 5 4 2 7 6 1 1 10 8 7 6 1 3 1 0 0 0 0 2 3 3 86824.744210458928 86410.57839864507 73033.439057597803 88900.067171559203
11010883 1 0 3 3 5 3 3 5 10 0 4 7 11 0 6 9 8 1 1 1 0 0 0 0 3 4 2 65938.865753466976 69637.21929514769 68188.85404690844 68929.117173165054
11010884 1 1 3 0 2 1 2 3 5 0 3 1 2 0 0 0 3 1 2 1 0 0 0 0 2 1 3 95933.574364037428 96133.795688013241 95914.229194969608 96158.596280606595
11010884 1 5 4 3 1 7 5 6 0 8 5 3 5 7 6 3 2 1 3 1 0 0 0 0 1 1 0 -1.0000000000000001e+300 71070.997773756506 85598.560032791909 86403.370516807176
11010884 1 5 3 1 0 7 4 0 0 8 4 1 3 9 4 1 2 1 2 1 0 0 0 0 0 1 1 91071.617572994684 82042.89388254506 90963.503811382529 91203.481453962813
11010884 1 8 3 0 0 7 4 3 0 8 7 4 3 9 11 3 2 1 2 1 0 0 0 0 2 0 2 -1.0000000000000001e+300 82886.219301613877 84696.254304630318 -1.0000000000000001e+300
11010885 1 0 6 4 3 0 0 6 4 3 1 1 5 0 0 2 0 1 3 1 0 0 0 0 2 3 1 92633.2116920236 92469.129423190927 92026.342900141957 92364.772306633822
11010885 1 3 1 2 2 0 7 6 3 0 5 5 3 1 2 0 0 1 1 1 0 0 0 0 2 2 2 91047.001909796338 90974.495367046577 90250.043821987842 89888.437985696466
11010885 1 9 7 4 2 7 4 0 0 4 3 0 0 1 0 3 3 1 2 1 0 0 0 0 2 1 0 91305.381022202739 91209.40142274469 91942.538113824892 91030.617435805223
11010885 1 4 3 0 2 11 5 3 0 7 4 3 1 6 5 4 1 1 1 1 0 0 0 0 0 2 0 83551.013984849284 41488.991976467783 82699.387528371793 83878.753644777447
11010886 1 3 0 3 0 0 0 1 1 0 1 2 0 0 2 4 2 1 1 1 0 0 0 0 0 1 0 97176.23174112814 97212.306954101281 97334.46015604632 97073.428787946701
11010886 1 4 5 8 6 4 1 2 0 2 1 0 2 1 0 0 0 1 1 1 0 0 0 0 2 3 4 91260.02148087266 91154.703836629007 91301.584351974394 88025.659796052729
11010886 1 4 6 8 9 2 3 6 7 0 1 3 6 3 3 0 2 1 1 1 0 0 0 0 2 2 2 91448.081928218264 91303.002152523244 86912.684430414622 85287.885993029136
11010886 1 0 1 3 0 2 4 4 4 0 4 5 11 3 6 7 8 1 1 1 0 0 0 0 2 3 4 81114.360588670024 85717.689203765447 84073.242399577415 85620.657749922655
11010887 1 3 4 1 2 6 3 3 0 5 4 3 2 4 3 0 0 1 3 1 0 0 0 0 4 3 3 93599.326817788678 93252.712024732566 92865.735015074402 93031.654072010075
11010887 1 0 1 2 0 4 2 3 6 1 3 6 7 0 5 8 2 1 3 1 0 0 0 0 3 2 2 80155.428849356249 84065.881470887034 82730.383851268605 87070.313980244508
11010887 1 0 0 2 3 2 1 3 1 0 3 3 5 4 6 9 10 1 3 1 0 0 0 0 4 4 3 89587.198475402824 89712.555533049454 81865.490647415674 89045.8497910187
11010887 1 0 0 2 1 3 0 0 6 0 3 2 11 0 1 5 8 1 1 1 0 0 0 0 2 3 3 80217.726672785167 83373.348198402338 83269.72343125935 83314.05939244914
11010888 1 2 3 1 0 0 2 1 4 0 5 5 3 2 6 3 0 1 1 1 0 0 0 0 0 0 0 93254.732030606014 93356.080218345218 92895.577845814259 93062.640793284983
11010888 1 4 5 5 0 8 4 3 0 3 0 3 1 3 0 0 0 1 2 1 0 0 0 0 2 2 1 88464.975740471491 87435.07859349763 87894.000259364911 88094.704775043705
11010888 1 9 8 5 4 8 4 3 1 5 4 0 1 3 1 1 0 1 2 1 0 0 0 0 0 3 4 90239.832263339267 60630.402743119659 90191.591596050042 88311.136537564293
11010888 1 5 7 11 10 2 1 3 6 0 4 3 4 2 0 0 3 1 1 1 0 0 0 0 1 1 0 85064.579688192302 87107.860411213973 87602.145844116923 72932.748662369486
11010889 1 1 2 1 0 0 0 2 3 0 0 3 1 0 2 3 4 1 1 1 0 0 0 0 3 4 4 96984.966350941482 97724.312859536658 96992.62146129609 96910.970457026982
11010889 1 0 2 2 3 0 3 1 0 1 3 5 7 5 7 8 7 1 1 1 0 0 0 0 3 4 3 90712.945340606253 91063.230492342918 84496.710325296139 91988.593801827854
11010889 1 2 0 1 0 3 2 4 3 2 3 4 5 3 5 7 9 1 1 1 0 0 0 0 1 0 1 90680.018147108538 90275.56316723465 85317.811384491608 91064.646196500718
11010889 1 0 0 3 3 0 4 1 7 1 6 4 5 3 8 11 8 3 4 0.54545454545454541 5 0.27272727272727271 6 0.1818181818181818 2 4 3 65812.261741056485 64490.584376400278 64633.181611355343 -1.0000000000000001e+300
11010890 1 3 2 2 3 0 0 0 5 0 0 4 1 0 3 2 3 1 1 1 0 0 0 0 3 2 1 96108.590739260777 -1.0000000000000001e+300 96798.811264136981 96412.116566957076
11010890 1 6 3 0 0 6 3 0 0 7 4 1 2 5 3 0 0 1 3 1 0 0 0 0 4 4 3 90752.996393957466 90548.208327883243 91801.848457768298 90577.764735617951
11010890 1 10 7 4 3 6 5 3 2 5 0 0 0 3 0 2 0 1 1 1 0 0 0 0 3 2 3 89541.016898933085 89327.494408144121 89640.139759693106 88858.100485097282
11010890 1 1 8 11 10 5 3 3 5 2 0 4 8 3 1 2 3 1 3 1 0 0 0 0 0 0 1 73323.886519650681 79619.473805039786 75616.627273090184 64267.544614516126
11010891 1 0 3 3 1 0 0 1 2 1 0 2 0 3 0 2 0 1 1 1 0 0 0 0 0 1 1 97025.14735032618 97392.854125786165 96941.705451011658 97195.45762110858
11010891 1 7 8 6 4 6 4 3 2 1 4 2 2 0 2 3 0 1 1 1 0 0 0 0 2 0 0 91624.818716235168 89989.514460678271 90860.766717084683 81096.615600457386
11010891 1 10 8 6 5 4 6 5 3 3 3 0 0 0 0 3 1 1 2 1 0 0 0 0 3 3 4 89294.037407397846 88203.35842915978 89080.525226874932 79462.083891160437
11010891 1 2 5 11 9 1 4 6 4 3 5 5 0 2 3 0 3 1 2 1 0 0 0 0 4 2 2 80186.25747479868 80606.817738735408 81521.706944548409 72878.174746223667
11010892 1 1 0 0 2 0 3 5 1 0 2 0 4 3 5 4 3 1 3 1 0 0 0 0 3 3 3 94391.496756611043 93992.828340570137 94607.473503238609 94213.397522658648
11010892 1 6 8 6 4 2 1 3 6 0 0 0 3 0 0 0 2 1 2 1 0 0 0 0 2 0 3 91075.953533334367 90678.71259239236 -1.0000000000000001e+300 82401.666148379096
11010892 1 5 7 8 10 4 6 7 6 0 4 5 0 2 2 3 3 1 1 1 0 0 0 0 1 0 2 87081.204791035765 89482.831983901429 87133.105093543447 79188.695410820437
11010892 1 10 11 1 1 9 5 2 0 5 3 4 0 4 3 1 1 3 6 0.1818181818181818 7 0.27272727272727271 8 0.54545454545454541 0 3 4 -1.0000000000000001e+300 80019.12076628278 82248.22087251753 82085.173752169314
11010893 1 2 0 4 0 1 3 3 3 6 3 4 0 2 6 5 4 1 1 1 0 0 0 0 0 0 0 91253.738958382848 91983.133456677024 91781.140939319695 91672.05267607054
11010893 1 0 7 1 0 7 5 3 3 2 4 3 0 3 1 3 0 1 3 1 0 0 0 0 1 2 1 88667.138378097996 89532.911799855778 88766.062768336225 89237.391034209169
11010893 1 3 4 6 9 0 1 4 6 0 2 3 4 1 0 3 3 1 1 1 0 0 0 0 2 4 3 90996.960855990183 90805.450650468163 90723.480768912821 89792.11271281878
11010893 1 3 8 11 4 3 4 5 6 2 4 0 1 1 2 0 0 1 2 1 0 0 0 0 2 1 4 79738.241888264107 79831.659369999208 81060.734948789002 78071.643484600791
11010894 1 2 3 2 3 2 1 5 3 1 5 1 4 0 0 3 2 1 2 1 0 0 0 0 4 2 3 93266.946877034788 94061.589838569533 94250.475028700297 94004.684521687857
11010894 1 0 3 0 0 3 5 3 2 3 4 7 1 4 7 0 0 1 3 1 0 0 0 0 0 0 0 90260.955447368178 90424.764186265747 90096.106091224021 90190.386515192877
11010894 1 0 0 0 3 0 0 0 3 3 1 5 4 3 1 9 9 1 2 1 0 0 0 0 1 2 1 86972.389286568854 89413.978720110739 89020.493608330507 89477.201023353395
11010894 1 5 0 0 2 11 2 1 1 7 5 3 1 8 6 4 0 1 3 1 0 0 0 0 0 1 1 85410.361113426858 77530.296896160289 84783.173950946351 85367.997481592043
11010895 1 2 3 3 0 4 4 5 0 6 2 3 3 3 0 1 0 1 1 1 0 0 0 0 1 1 0 93746.517525169576 93848.037451222539 94000.487536536326 93869.847724348307
11010895 1 1 1 3 0 2 4 3 2 5 6 4 0 5 8 7 1 1 3 1 0 0 0 0 1 2 3 -1.0000000000000001e+300 84877.955497440067 86537.352757503439 88978.455133531184
11010895 1 1 3 5 10 0 3 6 7 2 4 6 4 0 0 3 1 1 1 1 0 0 0 0 1 3 3 81220.570226964264 -1.0000000000000001e+300 89684.437206252653 86355.430392937662
11010895 1 3 3 0 1 1 2 1 3 3 6 7 11 4 6 9 10 1 1 1 0 0 0 0 0 3 0 91643.62496675484 92386.405387174978 79652.636661526849 92562.848913335096
11010896 1 0 0 2 3 0 0 0 1 2 1 0 3 2 4 3 1 1 2 1 0 0 0 0 4 3 4 96801.056522274521 96860.55828697898 96811.145382804025 96841.635748565561
11010896 1 2 5 8 7 0 3 4 7 0 2 1 4 1 0 1 0 1 3 1 0 0 0 0 2 3 3 87527.877234565749 88893.966027723596 89792.200826086861 87857.308447975709
11010896 1 4 6 7 9 4 3 4 0 3 2 2 1 1 0 0 0 1 2 1 0 0 0 0 4 3 4 90478.491000301088 90514.674838460327 91608.436132190545 86999.662910218409
11010896 1 3 7 11 10 3 4 7 4 0 5 3 3 2 2 3 3 3 6 0.1818181818181818 7 0.27272727272727271 8 0.54545454545454541 3 1 3 72158.369922774233 71993.75507298157 74185.446812091162 72606.816754079744
11010897 0 2 3 2 0 1 3 0 0 3 0 0 0 1 4 2 1 1 1 1 0 0 0 0 3 4 4 97213.156300523056 96977.527094714576 96912.607185110173 96631.05234460975
11010897 0 4 0 3 1 5 3 3 0 7 6 2 0 5 5 0 0 1 1 1 0 0 0 0 1 2 0 91532.704635037677 91517.494916553464 89723.117030097172 90768.042481929151
11010897 0 0 0 1 10 2 0 1 7 0 0 2 5 0 1 4 4 1 2 1 0 0 0 0 3 3 4 85615.776908621163 88747.282794460232 89000.659297560924 89013.256685568733
11010897 0 10 11 7 4 8 6 5 4 3 3 0 0 1 2 0 3 1 3 1 0 0 0 0 2 2 1 90250.108121018595 91005.259015414806 90088.518789731839 88166.662787052497
11010897 0 10 11 6 3 8 9 8 2 6 1 7 3 3 1 6 3 1 2 1 0 0 0 0 0 0 0 -1.0000000000000001e+300 -1.0000000000000001e+300 3 3
11010898 1 3 3 1 3 4 5 2 0 3 0 0 0 4 0 0 2 1 1 1 0 0 0 0 1 1 1 96330.036148733547 95624.926689011074 96121.036244242277 95488.081978456466
11010898 1 4 3 1 4 4 5 0 0 7 6 0 0 0 1 0 2 1 2 1 0 0 0 0 2 2 1 89858.802426408103 89401.437903638333 91686.467219946207 91707.714174402121
11010898 1 0 0 3 1 4 3 3 0 5 6 4 0 9 7 6 4 1 2 1 0 0 0 0 3 3 3 91425.104161486932 90530.540255392727 83550.204640309239 90812.113717805027
11010898 1 10 7 2 0 11 6 1 3 7 6 4 3 5 4 3 0 1 3 1 0 0 0 0 4 4 3 -1.0000000000000001e+300 76481.822583377769 89052.428714371621 85907.784587731861
11010899 1 3 6 3 0 6 4 3 3 4 3 4 1 2 2 1 3 1 1 1 0 0 0 0 0 1 1 91111.443845113114 90789.268576427756 90205.466433207184 91023.478393554688
11010899 1 0 0 0 1 4 2 1 1 4 6 4 4 5 8 7 5 1 3 1 0 0 0 0 0 2 2 90585.474424156491 88744.88446150189 84451.662691499281 90957.369638240663
11010899 1 0 0 1 0 0 5 1 1 1 8 5 3 9 8 7 5 1 3 1 0 0 0 0 0 4 2 87327.853078750748 89580.252371763796 81060.742543258617 89318.527563584779
11010899 1 5 3 1 2 3 5 7 10 2 4 6 11 4 1 0 0 1 2 1 0 0 0 0 4 3 4 71837.822827325945 73401.320848350268 -1.0000000000000001e+300 70103.064896640935
11010900 1 0 0 1 0 1 3 4 5 3 6 6 3 1 2 2 1 1 2 1 0 0 0 0 1 2 2 91125.853725677138 91250.205271456158 90721.930590919219 -1.0000000000000001e+300
11010900 1 4 1 0 0 6 4 0 0 8 4 0 0 6 5 3 3 1 2 1 0 0 0 0 3 3 4 90770.293556068878 87645.636930091758 90842.76702251035 91269.630169978744
11010900 1 2 0 1 0 0 3 6 4 1 7 6 4 10 9 8 5 3 4 0.5 5 0.25 6 0.25 1 2 2 90006.746819957218 90519.411433103553 89210.035242202575 91437.977198026565
11010900 1 0 0 0 3 0 0 0 3 0 1 3 5 2 5 11 9 1 2 1 0 0 0 0 2 1 2 85531.208107763625 -1.0000000000000001e+300 81801.909164676996 85618.589270548066
11010901 1 3 1 0 0 2 3 2 4 3 1 4 1 2 0 3 3 1 3 1 0 0 0 0 1 1 2 95090.491176287323 95924.12855527355 95924.457190319343 95552.265154851804
11010901 1 5 2 0 0 7 5 3 0 8 4 4 1 7 6 1 0 1 3 1 0 0 0 0 1 2 1 91942.576409672474 87583.278013297793 89566.7108520701 90663.648773232257
11010901 1 0 0 1 0 1 3 0 3 7 2 0 0 10 3 4 0 1 2 1 0 0 0 0 1 1 0 87723.714582808549 85036.345376126992 86087.373225227886 88203.93855664524
11010901 1 4 1 3 3 5 5 4 0 8 8 2 0 9 11 1 3 1 2 1 0 0 0 0 3 3 2 89783.727510542012 82279.580997932717 90465.322710294509 91114.878960026574
11010902 1 0 2 6 1 0 0 3 6 0 0 3 5 1 2 1 5 1 2 1 0 0 0 0 1 1 2 91930.494769974714 94311.204256693512 92299.979549579322 92335.8761562992
11010902 1 4 6 8 7 0 4 5 4 2 3 3 3 0 0 0 1 1 2 1 0 0 0 0 3 2 3 91125.64113353804 90956.926583643799 91107.595094523422 85573.627147990104
11010902 1 3 6 7 9 3 4 6 0 0 1 3 3 3 0 2 0 1 1 1 0 0 0 0 0 1 1 90986.814018865334 90765.117545134388 91009.603424983885 87621.768470876035
11010902 1 4 11 7 3 2 3 5 5 0 3 1 3 0 3 0 0 1 3 1 0 0 0 0 3 3 2 80932.01493006431 80624.387563816912 81025.198377885521 80663.261420510011
11010903 1 1 0 0 3 0 2 4 1 0 5 6 2 0 2 0 6 1 3 1 0 0 0 0 3 2 3 92593.100400774536 92593.761873091964 92503.146377525016 93706.569710227821
11010903 1 3 2 3 5 0 1 3 6 0 3 4 8 0 3 6 7 1 2 1 0 0 0 0 4 3 4 78904.444262207937 -1.0000000000000001e+300 91041.025452974107 91235.761894044394
11010903 1 0 1 3 0 3 0 2 2 0 2 3 8 1 1 6 9 1 2 1 0 0 0 0 4 3 4 84128.630328431347 89218.864160462894 86697.859694826242 88809.321723957124
11010903 1 9 8 6 4 11 7 6 3 3 3 2 1 1 2 0 0 1 3 1 0 0 0 0 1 1 1 88109.225275221295 88619.897072221938 88435.289342357675 89515.076095312208
11010904 1 0 0 1 5 0 2 6 5 2 1 1 6 0 2 0 4 1 2 1 0 0 0 0 1 0 2 91467.044915402381 92174.924495432104 91438.958572968535 91705.245292608059
11010904 1 7 8 7 4 6 5 4 3 5 4 0 0 0 1 0 2 1 3 1 0 0 0 0 4 4 3 92496.515311877709 92224.662336340349 91918.748546380404 86724.282623356921
11010904 1 10 0 5 0 6 6 5 2 4 5 3 0 2 3 1 1 1 1 1 0 0 0 0 3 4 4 89000.531505454477 83515.581205175884 88909.324637826925 87299.380953639207
11010904 1 5 2 0 3 7 5 3 0 11 7 4 0 10 8 6 3 1 1 1 0 0 0 0 0 0 0 91228.326430942237 77456.817871629566 88946.521663394669 91374.017220931011
11010905 1 2 0 3 6 0 1 3 5 0 1 6 4 0 3 2 4 1 1 1 0 0 0 0 1 2 1 91614.711090656347 92829.516406977607 92707.944603198848 92263.282480101523
11010905 1 2 0 4 4 1 6 7 6 4 3 6 1 2 3 2 4 1 3 1 0 0 0 0 4 3 3 80818.190860566974 84714.171331369565 81786.947698630684 83306.186896232713
11010905 1 0 1 0 10 0 0 2 9 1 1 5 7 3 2 5 6 1 2 1 0 0 0 0 1 1 1 74162.252775728324 90766.623889149065 89592.750517576831 90370.478081351379
11010905 1 0 2 3 3 3 4 4 11 0 1 5 9 0 2 3 5 1 1 1 0 0 0 0 1 1 1 78071.577234552111 79748.125396770163 79575.469021248136 80845.104727204991
11010906 1 0 0 0 1 3 1 0 3 3 5 3 5 1 4 3 4 1 2 1 0 0 0 0 1 3 3 93745.068799109678 93260.740849812821 93928.06063254422 94227.571045126213
11010906 1 2 0 1 0 0 0 3 3 0 6 4 3 6 8 6 4 1 3 1 0 0 0 0 3 3 2 91364.175862739387 91196.648466893545 86354.723953396591 90734.621883461688
11010906 1 0 0 3 2 0 2 0 3 1 3 6 4 9 8 6 3 1 3 1 0 0 0 0 1 0 1 90792.584035273612 89381.589694867216 79829.09133312889 91040.384764329821
11010906 1 1 4 11 10 2 3 7 9 0 1 5 7 2 0 3 5 1 3 1 0 0 0 0 4 4 3 90436.350171633268 93143.190239976102 92086.209090908989 92222.23473834648
11010907 1 2 4 5 1 0 0 1 3 3 3 2 4 0 0 1 3 1 3 1 0 0 0 0 0 1 0 95048.160141303204 95423.006903471774 95471.670893610266 95379.434060555897
11010907 1 3 4 4 7 0 0 5 8 0 3 4 6 0 2 3 4 1 1 1 0 0 0 0 0 0 0 87252.254363538945 91684.820847011753 91985.378974635809 90549.707328532619
11010907 1 3 6 7 10 3 4 6 8 1 0 3 6 0 2 2 0 1 3 1 0 0 0 0 1 0 0 90731.455032342128 89837.724701918865 90016.104296498816 84204.330318301276
11010907 1 0 3 3 3 0 1 6 7 2 3 7 11 5 3 8 9 1 1 1 0 0 0 0 3 4 4 84242.088627248479 84655.890943604027 83062.23988321847 85593.397704005285
11010908 1 0 3 2 1 3 5 4 3 0 5 3 0 1 0 2 0 1 2 1 0 0 0 0 4 3 4 94834.855611709951 95117.351415095982 94826.59081736092 94830.280061539728
11010908 1 6 5 4 3 8 4 3 0 6 4 0 0 3 0 0 0 1 1 1 0 0 0 0 1 2 1 -1.0000000000000001e+300 88862.509503781097 91065.648661634841 90491.197047248439
11010908 1 10 6 4 3 2 4 2 0 4 3 0 0 2 0 2 1 1 1 1 0 0 0 0 2 0 2 88266.317981831671 88167.892656515352 88085.495261439661 85837.609361213516
11010908 1 1 0 0 0 2 0 3 3 1 5 6 7 5 6 11 10 1 1 1 0 0 0 0 1 3 2 88673.883241074931 88819.635012614788 79364.082978410035 88672.744609352798
11010909 1 0 3 0 1 0 4 3 3 1 6 4 3 3 5 5 5 1 2 1 0 0 0 0 0 1 1 91616.861256539516 92085.528572506373 91326.451795154135 92636.057563278417
11010909 1 2 1 2 0 0 3 2 2 0 0 5 5 5 7 8 6 1 3 1 0 0 0 0 3 0 2 89908.223003501815 90582.994745823322 86020.216099954952 90439.431326545964
11010909 1 3 3 0 1 6 4 2 3 7 6 0 0 10 8 6 0 3 4 0.5 5 0.25 6 0.25 3 3 1 87852.569637393492 85718.304861329103 90858.458973870424 88833.781794274517
11010909 1 10 8 4 3 11 7 4 2 6 5 0 0 4 3 1 0 1 3 1 0 0 0 0 3 3 3 -1.0000000000000001e+300 88460.672796250947 90622.918726351592 91337.642483770323
11010910 1 1 4 1 2 3 2 0 0 1 3 0 0 0 3 0 0 1 2 1 0 0 0 0 0 0 0 97229.936634558224 97090.354722455319 97327.789492761236 97230.777228177205
11010910 1 3 2 0 3 5 3 1 3 6 5 4 3 7 8 7 5 1 1 1 0 0 0 0 3 4 2 87583.472891056168 91711.884732050501 82457.730915602588 91537.862081980376
11010910 1 0 2 0 2 2 3 1 0 5 5 6 3 10 9 8 3 1 1 1 0 0 0 0 1 0 0 89144.735452809371 89826.676587792972 79561.40281768069 89661.322014834514
11010910 1 0 1 0 4 3 0 4 6 2 4 6 9 3 5 11 10 1 1 1 0 0 0 0 0 1 0 90673.367465482617 91191.382272103496 82797.85921904321 89388.157799823704
11010911 1 1 3 6 4 0 2 5 3 1 5 1 0 3 2 0 0 1 2 1 0 0 0 0 0 0 0 92608.915256384644 93292.998589620052 92294.754243590607 92736.027870017671
11010911 1 6 7 6 3 4 5 1 2 1 3 3 0 3 0 0 0 1 1 1 0 0 0 0 2 4 3 90116.790236036468 90686.74797745519 -1.0000000000000001e+300 88036.248797515917
11010911 1 10 9 6 5 2 4 5 4 1 1 2 3 3 0 3 0 1 1 1 0 0 0 0 2 3 2 89643.278421148512 89383.048787651933 89976.829161272486 77508.445831416975
11010911 1 5 6 11 9 3 5 7 8 3 2 5 0 3 1 0 2 3 5 0.37499999999999994 6 0.24999999999999994 7 0.37499999999999994 4 3 4 88249.242193368103 80711.042842277835 87731.525458544726 78429.828712026356
11010912 1 0 1 3 5 3 4 6 5 2 4 4 6 0 0 1 1 1 2 1 0 0 0 0 1 2 4 89525.912648676487 89383.012878776222 89894.521772234075 89380.326516727117
11010912 1 0 1 0 0 2 6 7 3 4 6 1 2 4 4 3 0 1 4 1 0 0 0 0 3 3 3 89343.927750742951 89015.849864872594 88794.428124914164 87363.689368307314
11010912 1 0 0 9 1 3 7 6 6 1 4 4 3 4 4 3 3 1 2 1 0 0 0 0 0 1 2 80094.091312213786 81675.366253913395 80072.841965473111 79479.467884509417
11010912 1 2 2 9 10 1 6 6 11 4 4 3 4 3 3 1 2 1 1 1 0 0 0 0 2 2 4 80495.76183780971 90009.206949933316 87558.820901032319 89971.857550060115
11010913 1 3 3 2 0 4 3 5 0 1 3 1 4 3 2 0 0 1 2 1 0 0 0 0 1 0 0 95051.682842678492 95509.523201085904 95355.153014536249 94469.012385792201
11010913 1 1 4 3 3 0 2 6 5 0 0 4 7 0 0 4 5 1 2 1 0 0 0 0 1 0 2 91228.796149940958 91358.748594989971 90008.047401820833 90938.801359445861
11010913 1 5 6 8 10 3 4 6 7 3 5 0 2 2 0 1 0 1 3 1 0 0 0 0 1 0 1 90988.765562779648 89736.918747931719 90163.516263242287 83743.173674556863
11010913 1 10 11 9 8 8 8 1 0 5 1 0 0 2 2 0 3 1 3 1 0 0 0 0 4 4 2 86530.063694289798 78302.887778957069 86240.025698532307 90319.135040643872
11010914 1 0 1 0 2 3 2 6 3 3 6 1 0 4 5 2 0 1 1 1 0 0 0 0 2 2 2 93321.656380858243 91693.140343276667 91603.119074814997 92390.216908852264
11010914 1 3 3 0 2 2 0 3 2 3 3 7 3 1 7 3 4 1 1 1 0 0 0 0 2 1 3 87619.162024970938 87391.388194171843 84916.449197654292 87369.397020841177
11010914 1 0 0 0 1 0 3 2 3 3 7 7 3 10 8 6 4 1 1 1 0 0 0 0 3 4 3 90014.976443674226 80412.150311856371 82221.077496002865 90496.218901054439
11010914 1 2 0 1 0 8 3 4 3 3 6 7 5 10 11 9 6 1 1 1 0 0 0 0 3 4 4 63893.210595727563 64261.100103064906 44569.14818412935 -1.0000000000000001e+300
11010915 1 5 1 4 1 1 5 2 3 2 2 5 1 1 0 2 1 1 2 1 0 0 0 0 0 1 3 93069.563351949051 92312.210965792343 93212.357837677002 93564.845692435905
11010915 1 1 1 0 0 5 2 3 0 6 5 5 3 7 8 6 4 1 3 1 0 0 0 0 1 2 0 91824.02678968852 89769.495234059301 86148.332430739261 91358.481250339071
11010915 1 3 1 3 3 2 2 1 4 3 0 6 6 3 0 0 10 1 2 1 0 0 0 0 4 3 3 86675.175637408087 89076.997496819269 88814.762565098557 89087.900264332697
11010915 1 7 6 11 4 2 5 5 4 0 0 1 3 0 0 0 3 1 2 1 0 0 0 0 1 0 0 84901.933796365411 82254.646790616549 84412.779726629524 79878.973062340359
11010916 1 0 3 0 0 0 3 2 2 3 5 1 1 3 3 4 2 1 1 1 0 0 0 0 1 1 1 95930.323769269162 95799.978380547618 96063.860203712087 95668.04444230927
11010916 1 0 0 3 6 3 3 6 8 0 1 0 6 3 0 0 3 1 1 1 0 0 0 0 0 2 1 87597.442209908229 90624.285028619532 91050.373312390991 90381.127277639112
11010916 1 2 0 0 10 1 3 4 8 2 4 6 7 0 6 5 5 1 1 1 0 0 0 0 3 3 4 80669.321619857074 89320.205980598956 88455.484328906168 88412.438021326074
11010916 1 4 8 11 7 0 3 4 7 0 1 3 3 1 2 0 0 1 2 1 0 0 0 0 2 2 3 80140.324618004015 80820.140216570784 80741.597712959105 78860.087377153352
11010917 1 3 6 4 3 3 4 4 2 1 2 1 0 0 3 1 0 1 1 1 0 0 0 0 0 2 2 94263.138999938965 93400.656319265021 94486.529653549194 94439.321585652258
11010917 1 0 0 0 2 3 1 4 3 6 6 4 3 7 8 7 5 1 2 1 0 0 0 0 4 3 4 91670.514475358214 88306.588883415476 85004.170337254865 92009.715522070444
11010917 1 7 5 5 2 8 6 5 2 9 4 4 0 10 3 1 0 1 1 1 0 0 0 0 3 3 4 91391.019449261279 73482.479742454118 86289.557191053929 88026.012282773445
11010917 1 3 1 2 0 3 4 3 2 4 6 4 2 3 11 4 1 1 3 1 0 0 0 0 2 1 1 79183.110560869769 79617.490348879088 81445.472525442412 79277.243426275512
11010918 1 2 0 0 0 4 4 0 1 5 4 2 3 2 3 1 5 1 1 1 0 0 0 0 2 2 3 94121.476885159791 94249.079280701888 93829.343452292145 94130.581295293465
11010918 1 0 7 0 3 4 5 5 3 3 4 4 3 1 2 0 3 1 1 1 0 0 0 0 1 2 2 91914.588941488197 90260.077276047406 91052.464165591737 90459.864124704152
11010918 1 0 0 1 0 0 0 4 3 2 1 6 4 10 9 6 4 1 2 1 0 0 0 0 2 2 1 89184.285916180044 89703.181298736919 80976.731035799501 89741.112022264861
11010918 1 0 1 3 3 1 4 4 2 5 7 5 1 8 11 8 3 1 2 1 0 0 0 0 0 1 0 75546.437576471319 76604.809898861306 73173.155091154433 75962.995513916685
11010919 1 3 3 2 1 6 4 0 0 3 6 3 2 3 4 0 0 1 1 1 0 0 0 0 2 2 3 92917.526267581503 91509.585038613601 92847.744283854845 91973.631469190077
11010919 1 4 6 8 6 2 3 4 4 1 1 2 2 3 0 2 0 2 4 0.5 5 0.5 0 0 2 0 0 91403.508379918014 91051.796846825528 91286.065148840979 89371.972635572878
11010919 1 6 5 7 10 4 4 5 5 1 2 2 3 1 0 0 0 1 1 1 0 0 0 0 0 1 0 88688.077342380318 89923.183279100733 -1.0000000000000001e+300 77779.795157543049
11010919 1 1 3 11 10 2 4 7 9 3 3 8 1 1 7 2 3 1 2 1 0 0 0 0 0 0 1 76558.056061897965 82255.757875753814 84827.173137508245 79553.923257293587
11010920 1 0 2 0 0 3 1 4 0 3 3 5 3 4 1 0 2 1 1 1 0 0 0 0 0 1 1 95922.323764589106 95975.058314785361 95431.094014902497 94644.732824687613
11010920 1 0 0 0 3 0 1 0 4 1 3 4 4 1 7 6 5 1 2 1 0 0 0 0 1 3 2 90689.764029227677 92823.624801372731 90718.817697543447 91408.899873974267
11010920 1 0 3 0 3 3 1 6 2 6 6 7 5 10 3 2 1 1 3 1 0 0 0 0 3 3 0 85932.568695564711 76688.290717613345 72103.583064393373 -1.0000000000000001e+300
11010920 1 7 6 1 0 8 5 4 4 11 4 3 0 4 3 0 3 1 2 1 0 0 0 0 0 0 2 87275.120554663823 80832.547137511341 84697.557054724792 86679.986675164007
11010921 1 4 1 1 0 4 2 4 2 5 0 3 2 1 0 0 0 1 1 1 0 0 0 0 0 1 1 96780.092465718597 95325.747939957495 95823.129619717598 96026.856000370462
11010921 1 1 1 0 0 0 4 0 1 1 5 3 0 3 5 8 4 2 4 0.5 5 0.5 0 0 0 4 2 88513.793036992312 87266.483264388415 89106.540401609236 86618.052782968894
11010921 1 5 4 2 1 7 6 4 0 9 6 4 0 10 7 3 0 1 3 1 0 0 0 0 4 4 3 90312.547598577454 79513.422444650758 89653.430305235292 88549.259133996209
11010921 1 9 7 6 1 11 5 2 0 5 1 3 1 4 3 3 2 1 2 1 0 0 0 0 0 0 0 86041.381240510062 73262.093260123729 83951.00094206311 85370.5589282367
11010922 1 3 3 3 2 2 0 4 6 0 0 5 5 0 0 3 1 1 1 1 0 0 0 0 0 0 0 93321.600277758436 92953.748385382278 -1.0000000000000001e+300 93009.735572442863
11010922 1 3 7 3 2 3 6 0 3 0 3 1 4 3 0 0 0 1 3 1 0 0 0 0 4 4 2 90258.636501192086 89833.768842650054 88892.849114550248 89734.799997738271
11010922 1 4 6 8 9 2 3 4 0 3 3 2 1 2 0 3 0 1 1 1 0 0 0 0 1 0 1 89698.775283159179 91071.337362209451 90468.924551042786 82444.970194586625
11010922 1 8 11 5 4 7 4 3 1 3 0 3 0 0 0 1 0 1 2 1 0 0 0 0 0 1 1 85180.528757283872 84639.530132917207 84998.692895148954 79696.464772781706
11010923 1 2 0 3 0 3 3 4 0 1 5 6 1 5 2 1 2 1 3 1 0 0 0 0 4 4 3 93064.529857180823 92712.810820038649 92815.40888803656 93510.260146054352
11010923 1 6 7 4 1 5 4 0 0 5 3 3 3 2 5 0 0 1 3 1 0 0 0 0 3 3 2 91776.379708428445 88790.184066810107 88988.704805569796 88307.172751058082
11010923 1 9 7 5 0 5 5 3 3 4 3 0 0 3 0 0 0 1 2 1 0 0 0 0 4 3 4 91083.037331237647 88837.973036045936 91043.380429675686 88429.874906707788
11010923 1 4 5 11 9 2 4 5 8 3 3 4 5 0 0 1 6 1 2 1 0 0 0 0 3 2 2 86007.959466915258 86787.230463489119 -1.0000000000000001e+300 85642.531324222538
11010924 1 0 3 3 0 0 1 2 0 2 3 0 2 0 1 1 3 1 1 1 0 0 0 0 0 1 0 97239.545578289923 97241.036875036021 97288.197344520944 97387.794313501421
11010924 1 0 3 4 7 3 3 4 6 0 1 1 4 0 2 0 3 1 4 1 0 0 0 0 1 2 3 90232.44410251001 90898.91785966084 90450.776917645111 91007.720422309663
11010924 1 10 9 8 6 0 2 5 7 2 0 0 4 0 0 0 3 1 3 1 0 0 0 0 2 0 0 89160.203283627881 89134.176321861771 88663.069795006217 69037.339117774929
11010924 1 10 11 7 4 9 6 5 3 2 7 5 3 0 0 3 1 1 3 1 0 0 0 0 3 3 2 94164.144727112856 -1.0000000000000001e+300 93444.85780101642 75679.233872938727
11010925 1 3 6 5 4 3 5 3 3 1 3 3 0 2 0 0 0 1 2 1 0 0 0 0 4 3 3 92788.807320057895 93128.371458496273 92779.981248913886 93147.399997062807
11010925 1 0 0 2 1 0 0 3 0 2 4 7 6 1 6 8 6 1 3 1 0 0 0 0 0 0 0 90917.824658789556 90514.103215141033 88028.619049787274 90988.737334579375
11010925 1 0 6 5 6 1 3 7 8 0 3 5 9 3 3 2 10 1 2 1 0 0 0 0 3 2 2 64916.768002508812 87726.911108778426 86842.319678083208 85633.406484848674
11010925 1 2 7 9 10 0 6 6 11 3 3 4 3 0 3 3 4 1 1 1 0 0 0 0 1 1 1 84148.924868268543 91772.727264191257 92364.765061271697 87154.500402148478
11010926 1 1 4 3 0 3 4 2 0 1 3 1 3 4 0 0 3 1 1 1 0 0 0 0 0 3 1 95694.80398570167 95504.390153982022 95680.932459848889 96076.200821633684
11010926 1 4 3 2 1 4 1 2 3 0 8 0 2 0 0 3 0 1 1 1 0 0 0 0 3 3 3 90332.054129598837 89262.876736158156 89885.518660201837 89870.095245011034
11010926 1 6 4 3 3 8 7 5 3 9 6 5 0 10 4 5 1 1 2 1 0 0 0 0 3 3 3 88530.793879438716 73767.353939300694 84058.907065600477 88358.393100688729
11010926 1 0 0 3 4 0 2 1 5 1 4 5 6 3 5 11 9 1 1 1 0 0 0 0 2 4 3 86066.920594625815 86207.878152970763 85242.109167931892 -1.0000000000000001e+300
11010927 1 2 3 0 3 4 5 3 2 3 3 3 5 2 4 0 0 1 3 1 0 0 0 0 4 1 1 93352.240637144336 93486.45968931455 93678.903636886447 93834.114591696518
11010927 1 3 8 4 3 1 4 0 3 0 2 4 0 0 3 1 0 1 3 1 0 0 0 0 2 3 3 90407.117538316044 91185.147035490954 89873.442561898133 89327.06848584018
11010927 1 10 5 5 4 8 7 3 0 7 3 0 0 3 0 0 3 1 1 1 0 0 0 0 1 2 2 90929.08766865838 85402.396767246057 90933.887071198085 87824.705889244957
11010927 1 0 0 2 3 0 0 5 3 2 4 7 6 1 4 11 10 1 1 1 0 0 0 0 0 0 0 84516.160629564518 -1.0000000000000001e+300 78511.135563958043 85015.00756706133
11010928 1 3 1 0 3 3 0 0 0 2 0 2 0 4 1 0 0 1 3 1 0 0 0 0 0 0 0 97342.586668879885 97376.79704665074 97354.79254762159 97454.718883082911
11010928 1 0 0 3 2 0 1 3 4 0 3 7 7 4 4 5 5 1 1 1 0 0 0 0 3 4 4 88355.095431798254 89508.241872422674 88049.817668625925 90838.069721047315
11010928 1 1 0 0 10 0 2 4 9 3 4 8 8 1 2 4 6 1 1 1 0 0 0 0 0 1 0 91464.925522131933 92393.59229278662 90521.147675170665 91858.718196928428
11010928 1 0 1 0 0 1 0 6 3 5 3 7 11 5 7 9 10 1 3 1 0 0 0 0 2 4 1 89312.463452903117 89856.935809230403 77392.300027383157 89225.872863343917
11010929 1 0 2 0 0 3 3 0 1 0 1 4 3 3 4 2 2 1 1 1 0 0 0 0 3 3 2 96514.567053535618 95709.957343924834 96523.400886851989 96482.570006052643
11010929 1 0 0 0 2 3 1 3 1 2 5 5 3 0 7 6 2 1 1 1 0 0 0 0 0 0 2 91503.722769098706 91619.220293623148 91955.204403959069 90079.897474012731
11010929 1 0 0 3 2 4 5 1 0 4 5 8 1 6 8 9 10 1 2 1 0 0 0 0 1 1 0 85804.53073202449 86934.72264960644 87905.930126757405 86668.456190967583
11010929 1 3 3 0 1 7 5 4 2 9 7 5 3 10 11 4 3 3 5 0.37499999999999994 6 0.24999999999999994 7 0.37499999999999994 2 2 1 83992.669669450581 93505.37359843099 93876.433828045308 90104.122766592234
11010930 1 3 3 0 0 1 2 4 0 3 4 3 1 1 2 3 0 1 1 1 0 0 0 0 1 3 2 96043.139715633428 96123.081648899592 96513.03445532058 96827.990302365011
11010930 1 4 6 8 7 0 0 5 6 0 2 2 4 1 3 1 3 2 4 0.5 5 0.5 0 0 0 0 0 90233.085931956288 -1.0000000000000001e+300 91015.760554069668 85840.529718669961
11010930 1 6 8 9 10 0 3 5 5 1 2 3 6 1 2 0 0 1 2 1 0 0 0 0 4 3 4 89016.149654289547 89860.399853464623 89586.058871089903 74119.587511877937
11010930 1 10 11 7 8 9 7 3 3 4 4 1 0 2 0 3 0 1 1 1 0 0 0 0 1 2 2 102591.35009598621 88810.10046690602 -1.0000000000000001e+300 62135.762519609438
11010931 1 0 0 0 1 3 3 0 0 3 4 5 3 6 4 4 3 1 2 1 0 0 0 0 0 0 0 93531.503456314793 93220.126330441504 93301.947013732162 93564.72198417077
11010931 1 1 3 0 0 4 2 1 0 4 5 4 2 6 8 6 3 1 3 1 0 0 0 0 4 4 3 90694.415285687443 90594.45615444635 88150.51013271157 90778.061282572016
11010931 1 3 2 0 3 3 4 1 0 2 4 5 3 9 8 6 4 1 2 1 0 0 0 0 3 1 0 90645.854210552381 89724.485719271295 85203.9002872563 90930.96418082458
11010931 1 9 6 4 2 11 5 3 0 4 5 3 0 0 0 2 0 1 2 1 0 0 0 0 4 1 4 85426.019077127363 80105.740297535624 85304.08368270348 82038.836203019091
11010932 1 2 2 1 2 0 4 1 3 0 0 2 3 1 4 3 4 1 3 1 0 0 0 0 2 1 1 95545.693475409062 94827.090767145142 95639.07838336681 95721.839992298002
11010932 1 0 0 1 0 0 2 4 2 4 4 6 0 4 6 8 7 2 4 0.5 5 0.5 0 0 4 3 3 90465.003759933883 91545.437015853124 89633.479512359729 90125.198203400883
11010932 1 2 1 0 0 4 4 5 3 4 5 6 3 2 6 9 10 1 1 1 0 0 0 0 2 2 2 86527.387838231632 86587.0035873132 73766.044117297395 88785.951353954617
11010932 1 9 7 6 1 11 8 5 2 3 10 3 2 1 4 0 1 1 2 1 0 0 0 0 3 3 4 67523.366091780685 67644.833497022817 66566.258432801682 64817.41686737752
11010933 1 3 0 0 0 3 3 3 2 4 3 4 3 3 5 1 3 1 1 1 0 0 0 0 3 4 3 94415.714628664646 93958.904806374165 94406.405340710597 94559.808773232086
11010933 1 0 0 0 3 1 2 2 0 3 4 4 3 7 8 6 3 1 1 1 0 0 0 0 0 0 0 91232.13595645006 90847.868124958681 86820.517787079501 91509.125026336886
11010933 1 3 2 2 0 8 4 7 1 9 7 2 2 10 1 1 2 1 2 1 0 0 0 0 4 1 4 78732.909213053688 80263.080542500698 87615.666567672451 87225.797911491914
11010933 1 9 8 3 0 11 5 4 2 6 4 2 0 4 1 0 1 1 3 1 0 0 0 0 0 0 0 86771.406229368193 80101.26552764306 87077.843658458136 87296.700240217033
11010934 1 0 0 2 3 1 0 3 2 2 6 2 3 6 1 3 1 1 1 1 0 0 0 0 0 0 0 93446.93768784494 92812.269213224892 92668.097358706029 92626.96403514978
11010934 1 0 1 1 0 5 2 2 3 7 2 0 1 7 8 6 5 1 3 1 0 0 0 0 4 4 3 90776.498158730159 88175.909749256651 84350.141808379776 91482.854694146008
11010934 1 2 1 2 0 6 3 1 2 7 5 1 0 10 6 0 0 1 3 1 0 0 0 0 4 4 3 89146.202634261164 83725.144397598851 89345.816935837342 89435.246754014763
11010934 1 2 1 2 0 2 1 3 0 7 6 5 3 8 11 7 6 1 3 1 0 0 0 0 4 3 3 82145.368527831393 82377.211812027323 81521.743475092895 -1.0000000000000001e+300
11010935 1 0 3 1 2 3 3 4 1 4 3 2 4 0 3 1 2 1 1 1 0 0 0 0 1 2 0 95698.680467346567 96038.892215469736 95424.674462960829 95120.172748883546
11010935 1 6 4 4 0 3 5 7 0 1 3 2 0 0 0 2 1 1 2 1 0 0 0 0 2 1 2 92422.082438198617 90216.988590454072 92374.052340302049 90722.261431474166
11010935 1 10 8 5 0 3 3 4 3 0 2 1 0 0 0 0 3 1 1 1 0 0 0 0 3 4 3 89499.945576611979 86387.172929401204 89572.773944200831 83500.306618491406
11010935 1 5 0 0 3 1 11 3 2 5 7 9 10 2 5 1 0 1 3 1 0 0 0 0 3 3 2 46251.570652100774 41229.577632730114 50689.724850110317 48985.552101377587
11010936 1 0 2 1 3 0 0 3 1 3 2 1 4 3 3 3 2 1 2 1 0 0 0 0 3 2 2 96135.111047883503 96050.249203090731 96042.010109129405 95737.706068458065
11010936 1 0 3 3 7 0 1 4 8 2 4 5 6 0 3 6 5 1 2 1 0 0 0 0 4 3 4 84492.423033242056 91423.690432885618 91553.644670780937 91620.179314913141
11010936 1 0 0 3 9 0 3 0 8 0 2 7 7 3 4 4 5 1 1 1 0 0 0 0 1 1 1 86513.611421054229 92050.754371718896 90895.295109067156 91189.895532588838
11010936 1 5 7 11 10 2 2 5 6 0 3 4 4 0 1 0 0 1 1 1 0 0 0 0 0 0 1 84486.443952003217 87159.102562127489 -1.0000000000000001e+300 74380.565481767306
11010937 1 2 1 3 0 3 3 5 0 0 6 3 2 3 4 3 4 1 1 1 0 0 0 0 0 0 0 93927.849062409601 92543.508050244258 92705.006081187224 93502.061524670542
11010937 1 1 3 0 0 0 2 4 2 1 4 5 4 0 5 7 5 1 3 1 0 0 0 0 1 1 1 90747.530841204411 90573.906476335338 88918.053333765842 90153.512022483847
11010937 1 0 4 5 9 3 1 3 6 0 0 3 5 0 2 0 3 1 2 1 0 0 0 0 3 2 2 86093.052374280494 90770.471594747505 90636.891521713449 90106.16206071667
11010937 1 9 8 6 4 11 6 5 3 2 4 3 3 0 0 3 3 1 1 1 0 0 0 0 0 0 0 86436.35245815081 86956.667470394663 87196.463424362271 78315.683409874619
11010938 1 0 0 2 0 0 5 3 0 1 5 6 3 3 4 4 1 1 2 1 0 0 0 0 3 3 4 92307.577734988416 92473.585191439386 92536.037954525891 91293.689840890991
11010938 1 4 4 3 0 5 3 2 0 8 1 0 2 6 0 0 2 1 1 1 0 0 0 0 3 2 3 91319.903254276549 86072.308855368421 91124.08106792043 90843.083857537044
11010938 1 10 5 0 0 8 2 1 0 6 4 2 0 3 0 3 2 1 3 1 0 0 0 0 2 0 2 89139.052709923009 80584.546572757274 87914.500016483798 87300.884654227106
11010938 1 0 0 1 2 3 4 3 0 2 5 3 0 3 11 6 4 1 1 1 0 0 0 0 1 1 3 81790.989470404515 82437.391227152388 80994.146673266237 81892.677838964373
11010939 1 3 2 0 0 2 3 3 2 6 6 0 0 1 6 4 1 1 1 1 0 0 0 0 0 0 0 89948.527730859729 90458.931094950691 89019.253787060108 91353.346688054153
11010939 1 0 0 3 0 2 4 0 0 1 3 3 0 7 8 6 4 1 3 1 0 0 0 0 4 4 3 91318.765793369996 91206.929737247585 87830.736302682548 91446.990269794624
11010939 1 1 2 0 2 5 4 0 0 7 5 3 0 10 7 5 4 1 2 1 0 0 0 0 2 0 0 89878.587309446535 89631.901846418215 88930.281769600726 89856.968470089821
11010939 1 2 0 0 0 3 3 4 2 7 7 5 1 9 11 7 4 1 2 1 0 0 0 0 3 1 2 87098.644388383836 83622.809702952465 76070.108339900064 87032.903553693381
11010940 1 0 3 6 5 3 1 5 4 2 0 2 3 0 0 0 3 1 1 1 0 0 0 0 0 0 0 93218.605998353116 93719.636040799945 93756.757538212667 93655.341836648862
11010940 1 0 1 0 1 3 2 3 0 4 6 7 0 3 6 0 0 1 2 1 0 0 0 0 2 2 3 91286.518718333769 90852.718123759259 90848.419330604214 91355.691422172808
11010940 1 2 1 0 4 1 4 1 3 5 3 2 3 10 9 8 7 1 1 1 0 0 0 0 1 3 4 89477.458026449123 90111.741518063383 75008.764092633253 90653.473100780233
11010940 1 0 3 4 1 2 1 0 5 0 0 4 11 0 0 0 3 1 2 1 0 0 0 0 0 0 0 83037.003902676734 83303.707233275214 83495.448630765139 83320.870621168579
11010941 1 3 1 4 0 2 2 2 0 3 3 1 1 1 0 0 2 1 2 1 0 0 0 0 3 2 4 96989.35425050612 96937.144467318125 96665.999685783419 96927.020920097086
11010941 1 0 5 0 5 0 3 4 6 0 3 5 8 1 3 4 6 1 3 1 0 0 0 0 1 2 0 85553.178666314619 90924.10404082216 89735.683097316476 89944.287042039025
11010941 1 0 1 3 3 1 6 6 5 2 0 5 7 0 2 0 9 1 3 1 0 0 0 0 2 2 3 85809.524438720313 83546.32714287097 89274.885285602053 90828.257239876795
11010941 1 2 7 2 0 3 7 3 7 8 7 6 0 10 11 8 1 3 4 0.54545454545454541 5 0.27272727272727271 6 0.1818181818181818 4 3 3 -1.0000000000000001e+300 61069.70664662651 43856.570006730144 84050.515526110714
11010942 1 3 0 0 0 4 2 1 1 1 4 6 0 3 5 4 0 1 2 1 0 0 0 0 0 1 1 93440.196613311768 93375.942199134166 93579.626549027584 93153.500278896769
11010942 1 0 1 4 4 0 3 5 7 0 3 5 6 2 3 0 4 1 4 1 0 0 0 0 0 0 0 90070.223875144919 89909.251849750202 90194.968265175194 90045.77870927492
11010942 1 3 0 3 10 1 3 6 6 2 0 0 0 0 0 0 1 1 2 1 0 0 0 0 3 3 4 85438.78654392199 88833.232335287685 88927.871362062928 86553.539985177049
11010942 1 10 11 3 0 9 7 7 3 7 5 3 2 5 4 4 3 1 1 1 0 0 0 0 3 3 2 95589.106212338025 71448.187271557676 92121.143081700255 -1.0000000000000001e+300
11010943 1 1 5 5 5 1 2 6 4 0 0 3 0 3 0 0 0 1 1 1 0 0 0 0 2 4 3 92192.136565712048 91607.536757751484 92528.393626036472 92142.836556824826
11010943 1 2 0 3 0 0 0 4 4 2 3 5 5 4 8 7 5 2 4 0.5 5 0.5 0 0 2 0 0 88169.819230881534 85359.109654523359 87320.133052115285 87845.112657812264
11010943 1 0 1 0 2 1 3 0 7 1 4 7 8 4 4 5 9 1 3 1 0 0 0 0 1 3 0 88425.118113677265 91053.17621832357 89480.439114368171 90549.414088997568
11010943 1 1 3 0 0 2 2 0 0 3 4 4 1 7 8 11 4 1 2 1 0 0 0 0 4 3 4 85050.380584054379 84157.209033181658 77376.802658011031 85046.769546752461
11010944 1 0 3 2 3 0 1 3 3 0 1 2 3 2 3 4 4 1 2 1 0 0 0 0 2 0 2 96001.15296185459 96238.869255372032 95621.789946556091 96032.56992149353
11010944 1 1 7 6 2 5 7 3 1 1 4 4 0 0 4 0 0 1 3 1 0 0 0 0 2 4 3 88565.035193337157 86832.509692081454 89673.298073804355 86682.495031275466
11010944 1 3 6 8 9 0 2 2 5 1 3 1 2 0 0 1 2 1 3 1 0 0 0 0 1 0 1 90722.940069014483 91071.993024848372 91218.352082151541 85920.570203828698
11010944 1 3 2 1 2 1 2 0 8 3 3 7 11 1 6 7 9 3 4 0.54545454545454541 5 0.27272727272727271 6 0.1818181818181818 1 1 1 81242.110181884796 81469.279705423061 75476.45689841354 81983.699495255074
11010945 1 6 1 3 2 4 4 0 0 4 3 0 0 1 5 0 0 1 1 1 0 0 0 0 0 2 1 94215.593031141485 92493.72533426166 92426.755594889328 94047.700532795468
11010945 1 0 0 4 3 3 1 0 1 4 3 6 2 6 7 6 4 1 1 1 0 0 0 0 2 4 2 88892.708944497994 89668.673657289692 85641.567329896119 90368.869446822602
11010945 1 3 2 1 1 4 3 0 0 6 5 2 0 9 7 5 3 1 2 1 0 0 0 0 1 0 0 91144.436997830504 90272.308889386724 91215.298754467643 91039.297443917138
11010945 1 3 0 3 0 0 3 4 5 3 4 7 9 5 7 11 10 1 1 1 0 0 0 0 3 4 0 92138.957723229381 92122.239289407182 81502.812543647378 92388.263609883143
11010946 1 3 1 3 2 2 4 2 3 0 3 0 1 0 2 0 0 1 2 1 0 0 0 0 4 1 4 97310.559747316205 96123.733537358989 -1.0000000000000001e+300 96155.927384347073
11010946 1 0 0 0 3 0 1 2 2 0 7 6 4 1 4 4 4 1 1 1 0 0 0 0 2 3 2 92396.270101527043 89675.558019076081 91263.45374542092 92203.939216161612
11010946 1 3 3 3 2 0 0 0 5 0 2 5 6 3 6 7 10 1 1 1 0 0 0 0 1 0 0 88909.520354355336 89171.205326223513 85798.183341359938 89014.910296489412
11010946 1 0 4 4 5 2 1 5 7 2 3 4 11 3 0 2 3 1 1 1 0 0 0 0 1 0 0 78811.960577839767 83136.269199548711 82698.753622978649 79628.956823416083
11010947 1 2 4 1 2 1 4 5 2 3 5 0 0 3 3 0 0 1 3 1 0 0 0 0 3 2 3 94429.114601418129 94005.853216856485 94362.833629088738 94055.78767950194
11010947 1 5 0 3 0 6 4 3 0 8 6 3 0 7 5 0 2 1 3 1 0 0 0 0 1 0 1 91541.043471228768 86950.841486014266 91469.288413604212 91888.925131632772
11010947 1 3 2 1 3 1 7 6 6 0 10 10 2 0 0 2 1 1 1 1 0 0 0 0 1 2 3 84788.749145825626 84303.753186013462 84785.155644453218 82920.763164998774
11010947 1 3 4 0 1 3 7 1 0 9 6 6 0 9 11 3 6 3 5 0.37499999999999994 6 0.24999999999999994 7 0.37499999999999994 2 4 1 70075.634563750325 72699.705173324619 69955.735099363374 68954.449729999338
11010948 0 4 0 3 0 5 3 0 0 1 6 1 1 3 2 2 3 1 1 1 0 0 0 0 1 3 1 94002.097116491525 92704.503416506443 94324.8033183769 93506.392543284092
11010948 0 4 6 8 6 0 4 3 5 0 1 3 4 3 0 3 3 1 2 1 0 0 0 0 3 3 3 89470.288146015766 91566.939024445848 91162.534417240822 83095.378312290341
11010948 0 2 0 0 10 0 7 0 9 1 3 4 7 0 3 4 5 1 2 1 0 0 0 0 2 1 1 75955.602767338263 90307.996181232156 89000.043270160226 90935.1529818868
11010948 0 3 0 0 1 5 3 3 2 7 5 4 3 8 11 5 4 1 3 1 0 0 0 0 0 0 0 85364.652258951595 85390.876773901458 81426.589299544605 85315.675085892202
11010948 0 2 8 0 3 4 6 5 6 9 5 7 2 10 11 8 5 3 4 0.54545454545454541 5 0.27272727272727271 6 0.1818181818181818 2 0 1 2983.0242899264026 9398.4176247232172 3570.8639242328686 -1.0000000000000001e+300
11010949 1 0 0 2 3 0 0 0 1 0 5 5 3 4 6 3 2 1 1 1 0 0 0 0 0 0 1 93025.98088977953 93830.432504018143 92735.360577827625 93092.393207338115
11010949 1 4 6 8 6 0 5 4 5 3 2 3 5 1 0 2 0 1 1 1 0 0 0 0 2 2 2 89699.828054207275 91037.113102825184 91833.581924801649 84629.491765165905
11010949 1 10 4 3 3 8 3 3 2 7 4 3 0 3 0 3 0 1 2 1 0 0 0 0 3 1 2 89314.277230574866 81715.43941604624 88913.615465874289 88193.492381686418
11010949 1 10 8 5 1 11 7 3 3 3 4 0 0 4 2 0 0 1 1 1 0 0 0 0 0 1 1 89779.05400231549 79040.13867137811 -1.0000000000000001e+300 86954.8828971849
11010950 1 0 1 3 3 6 5 2 0 1 5 5 1 0 0 4 2 1 3 1 0 0 0 0 1 2 3 90368.660049087601 90086.16197012912 92318.23571264949 92383.377700318233
11010950 1 5 7 6 4 4 6 3 1 2 3 2 2 0 1 3 1 1 3 1 0 0 0 0 0 0 1 90555.992232459757 -1.0000000000000001e+300 90975.837753020911 89787.355258053227
11010950 1 0 3 4 9 0 3 6 7 0 2 3 6 1 0 0 1 1 3 1 0 0 0 0 1 2 3 88086.648114433658 91097.259542678585 91102.291749371405 90492.505695062457
11010950 1 1 11 8 5 5 7 3 3 5 4 2 0 3 0 0 0 1 1 1 0 0 0 0 2 3 3 77314.413010554505 77514.3646983035 78623.204099621507 75560.476892644598
11010951 1 4 4 5 0 3 3 3 0 3 5 1 3 0 2 0 2 1 1 1 0 0 0 0 2 2 3 94931.247801742007 94627.949425597035 94839.690754421157 93851.30559714319
11010951 1 2 7 4 4 3 1 4 5 0 0 2 6 0 0 2 3 1 1 1 0 0 0 0 1 0 1 90362.095224546283 91442.355932202554 91472.388313979682 90376.340109930214
11010951 1 1 0 0 3 3 1 2 7 1 4 5 8 4 5 8 10 1 2 1 0 0 0 0 2 3 3 86010.992337739444 90041.25878099195 87525.488270065427 -1.0000000000000001e+300
11010951 1 10 11 3 6 9 8 6 3 6 8 6 4 0 6 3 3 1 3 1 0 0 0 0 0 0 1 95301.294110450573 94565.315400057865 98325.023258836096 92638.501418143569
11010952 1 1 4 1 4 0 1 2 2 0 0 0 3 0 0 0 2 1 1 1 0 0 0 0 3 4 4 97306.351596881068 97019.950339877963 97288.854177636807 97078.667511601539
11010952 1 0 0 3 3 0 4 4 6 2 5 7 1 1 4 3 2 1 1 1 0 0 0 0 1 2 1 90024.07813653347 89969.971669871797 88422.243981520776 87819.674097994459
11010952 1 1 2 0 0 4 2 3 1 3 1 4 0 9 8 5 2 1 3 1 0 0 0 0 0 0 0 91660.000185125202 91020.777313911472 87149.76979732218 91350.345870619189
11010952 1 2 8 6 7 3 3 5 8 0 3 1 11 0 0 1 6 1 1 1 0 0 0 0 1 3 1 59685.113557206125 77174.801182883966 73831.920563506021 72036.066266813577
11010953 1 3 2 0 1 0 2 1 1 4 3 6 4 4 4 4 6 1 3 1 0 0 0 0 0 1 0 90302.779063788243 91556.061324154885 90193.370845935948 92153.711672041158
11010953 1 2 3 2 0 0 1 4 4 0 3 4 8 0 3 0 0 1 2 1 0 0 0 0 3 1 3 89370.792054628124 89773.206365146427 88317.169653932084 90640.446301386852
11010953 1 2 0 2 2 0 3 3 4 2 3 5 7 3 6 8 10 1 3 1 0 0 0 0 4 0 1 88874.304730540229 89398.26491518598 86666.505176037928 88589.372433997589
11010953 1 0 1 2 0 3 1 3 0 5 4 4 2 9 11 4 0 1 2 1 0 0 0 0 4 3 4 85874.64692374591 82945.623395650298 79783.184727379383 86063.246506593452
11010954 0 0 0 0 4 0 0 1 3 2 4 3 5 1 2 3 0 1 3 1 0 0 0 0 1 1 1 96219.413131142835 96074.070865207235 95746.262330035373 96039.023549809863
11010954 0 0 4 7 7 0 2 5 8 3 4 4 6 4 3 3 4 1 3 1 0 0 0 0 4 3 2 84931.698203028398 91965.391324724027 91552.60447161569 -1.0000000000000001e+300
11010954 0 2 5 7 10 3 3 4 5 0 0 4 3 0 0 1 0 1 3 1 0 0 0 0 3 3 0 89150.815231954955 89295.0479590139 89396.894661540064 85777.248542691741
11010954 0 0 3 11 9 2 6 8 7 0 0 3 1 2 0 3 3 1 1 1 0 0 0 0 3 3 3 73742.17281752023 75331.873372042144 75630.097718335412 69255.941997562724
11010954 0 4 7 11 10 8 6 4 7 1 5 2 5 1 1 3 5 1 2 1 0 0 0 0 2 3 2 -1.0000000000000001e+300 -1.0000000000000001e+300 27 27
11010955 1 3 1 5 2 2 5 0 0 4 1 1 0 0 3 0 3 1 2 1 0 0 0 0 0 0 0 95269.689328768436 95249.436752807407 95235.147872154164 95377.498311733172
11010955 1 0 1 0 1 0 8 0 1 0 4 4 5 1 2 3 3 1 2 1 0 0 0 0 0 2 4 89084.178481090028 86893.999179497172 86644.377591975819 -1.0000000000000001e+300
11010955 1 0 3 0 3 3 0 6 4 0 9 9 3 1 10 1 2 1 2 1 0 0 0 0 1 1 1 90333.747412408527 91215.133739898345 90349.994394385067 90064.188266992074
11010955 1 3 2 7 3 0 8 6 6 1 3 6 9 0 4 11 10 1 1 1 0 0 0 0 2 3 3 66256.913876481092 76273.120355467152 83872.740300078993 99347.42180031653
11010956 1 1 3 0 3 0 0 0 3 0 2 3 4 0 5 1 2 1 2 1 0 0 0 0 2 1 2 96283.347383044835 96081.991465675834 96810.152472692076 96691.810988712314
11010956 1 4 6 6 3 4 7 3 5 2 4 0 3 0 1 1 0 1 1 1 0 0 0 0 2 4 4 89100.190685799535 86988.657123211364 87416.818300330735 87086.075511554838
11010956 1 10 5 4 1 6 4 3 0 4 3 0 2 0 0 0 3 1 2 1 0 0 0 0 4 3 4 88637.818215856445 87109.194501042555 88723.751896117537 87613.726556922717
11010956 1 3 0 0 2 0 1 0 4 4 5 5 6 6 8 11 10 1 3 1 0 0 0 0 4 4 3 81984.964814703097 85102.22083777409 71260.597732445531 85059.426389491389
11010957 1 2 1 3 2 3 4 1 0 3 3 3 0 2 1 4 0 1 2 1 0 0 0 0 1 0 3 95912.137306840334 95924.86629035903 96234.711165070519 96143.283849670232
11010957 1 2 0 0 5 3 3 3 7 2 4 5 8 1 5 6 7 1 1 1 0 0 0 0 3 3 4 85003.968566875061 91692.899233466218 90339.430057409161 91971.10466599121
11010957 1 0 1 0 2 0 3 0 5 0 0 4 8 1 3 6 9 1 2 1 0 0 0 0 0 0 0 86504.190061853427 91251.083902088751 90742.577989014724 90864.855034480643
11010957 1 0 0 1 2 2 3 5 0 8 7 6 0 10 11 7 5 1 1 1 0 0 0 0 3 3 4 87066.810853080198 83382.705881623377 73376.457370409757 86713.861278897923
11010958 1 0 0 0 3 2 4 5 2 1 5 4 0 4 4 2 0 1 2 1 0 0 0 0 4 1 2 93596.28680662124 93856.2559670544 93835.88183161318 93387.101689005649
11010958 1 1 0 0 0 1 3 1 2 0 7 6 2 5 5 5 5 1 1 1 0 0 0 0 1 3 2 92474.615944363817 90561.46846294048 90249.94847208893 90664.049947035557
11010958 1 1 0 0 0 0 3 2 3 3 3 5 6 3 5 7 9 1 1 1 0 0 0 0 3 4 4 90219.546826395032 91070.724268533319 86869.925154840777 91221.499386942625
11010958 1 3 4 6 7 2 1 4 8 0 3 3 11 0 0 3 5 1 1 1 0 0 0 0 3 4 3 74442.602095507886 85405.116611768783 85683.651403230237 84078.331205343391
11010959 1 2 3 4 5 0 2 1 2 0 4 0 3 0 3 0 3 1 1 1 0 0 0 0 2 1 0 95815.852651007372 95992.057469309118 95416.59843798037 96032.13517450403
11010959 1 0 2 4 5 1 0 7 8 1 4 5 6 0 4 1 4 1 2 1 0 0 0 0 0 1 1 79529.088104276147 87357.212070708643 87719.930880264525 87330.76665508069
11010959 1 0 0 3 4 2 3 4 6 0 6 8 8 2 0 0 10 3 4 0.5 5 0.25 6 0.25 4 2 4 80896.395219495913 88960.732874002744 89204.973093364155 88343.723233329991
11010959 1 6 7 9 10 3 5 8 11 2 3 3 3 1 0 0 0 1 2 1 0 0 0 0 3 2 4 94212.052165097906 95538.217407616583 95763.01783911958 78568.621170216371
11010960 1 5 6 0 1 3 6 3 0 3 4 3 0 3 2 2 0 1 1 1 0 0 0 0 2 2 1 91114.087927945322 91387.840327261598 92316.657827581555 91513.105420685839
11010960 1 5 4 3 0 8 7 0 0 6 4 2 0 4 3 0 3 1 1 1 0 0 0 0 1 1 1 87889.14381171581 82704.601901828777 87736.860620426189 87239.760524147103
11010960 1 9 5 2 1 7 4 4 3 5 3 2 1 3 0 2 1 1 3 1 0 0 0 0 0 0 1 91249.764820983051 88676.389014791857 -1.0000000000000001e+300 90615.331529342468
11010960 1 3 2 1 3 6 4 0 0 11 7 4 2 9 8 6 4 1 1 1 0 0 0 0 0 0 0 86888.142483634452 85064.462769300502 83459.19308354173 86683.471952391672
11010961 1 0 3 3 3 0 0 4 4 2 2 1 2 0 1 4 0 1 1 1 0 0 0 0 2 2 2 96185.713455774181 96227.859498501275 96229.840686486379 95962.424438796821
11010961 1 0 0 0 1 0 3 2 3 3 4 3 3 4 6 8 7 1 3 1 0 0 0 0 4 4 3 91627.557439596043 91621.99328270882 86725.687032461137 91533.392055925884
11010961 1 0 1 0 0 3 0 3 7 0 0 4 8 3 3 7 9 3 4 0.33333333333333331 5 0.33333333333333331 6 0.33333333333333331 0 1 1 81613.974803334597 90380.060648690036 88465.352086244005 90403.694923583476
11010961 1 3 5 7 8 2 3 5 11 1 2 3 5 0 2 3 4 1 1 1 0 0 0 0 1 0 3 84296.933184171998 85378.338280906071 85228.286512552848 78215.466242050665
11010962 1 0 3 4 2 0 3 0 4 2 5 4 1 1 0 3 3 1 1 1 0 0 0 0 3 4 4 94710.989957145401 94471.059909331205 94314.443864590445 95127.013277643375
11010962 1 0 0 3 4 4 1 3 8 0 0 3 6 1 0 4 3 1 2 1 0 0 0 0 2 3 4 85948.895920755909 89194.673548968844 89732.776686825193 90086.943114924958
11010962 1 6 2 1 9 0 2 6 9 2 2 5 7 0 4 4 1 1 1 1 0 0 0 0 3 2 4 74215.743750946291 86927.034430458283 85115.244984330959 81230.5781627057
11010962 1 9 11 5 1 6 5 2 1 6 4 3 0 0 0 0 1 1 3 1 0 0 0 0 2 4 3 86476.702428635559 82354.781466422588 86379.473378496637 80450.981034464319
11010963 1 2 0 0 0 4 5 5 1 2 5 6 5 3 1 0 0 1 2 1 0 0 0 0 1 0 2 90612.543378829956 88760.399108886719 90809.970623369562 90947.398855512511
11010963 1 0 0 0 2 0 1 4 1 2 4 3 3 3 6 8 4 1 3 1 0 0 0 0 0 0 0 90339.979097474949 90395.631990461043 88726.379898227053 90339.546192334179
11010963 1 1 0 0 2 4 3 4 1 0 4 5 6 0 5 7 9 1 1 1 0 0 0 0 1 3 1 87401.554515084601 90643.952915427508 84248.653155319407 90744.192099613865
11010963 1 1 3 3 8 1 5 4 0 2 5 6 11 3 2 9 0 1 1 1 0 0 0 0 0 1 0 67905.37559888653 68416.963623746109 74948.144225349548 77854.247404177135
11010964 1 3 4 3 1 0 4 6 3 0 3 1 2 0 0 2 4 1 1 1 0 0 0 0 1 2 2 93827.685137024848 93830.14251675077 93514.506268644327 93227.872963947724
11010964 1 5 8 6 3 5 4 3 1 1 3 1 0 0 0 2 2 1 2 1 0 0 0 0 0 0 0 90751.702640325224 90936.791396903049 90720.062059624717 88080.468013796475
11010964 1 9 7 4 3 8 5 3 0 6 1 3 3 2 2 0 0 1 2 1 0 0 0 0 3 1 2 90184.658387947813 84791.132718801076 90585.831637802141 90275.807712891532
11010964 1 1 6 11 10 4 4 7 9 0 3 2 1 2 0 2 1 1 1 1 0 0 0 0 3 4 4 82416.660495000382 90993.339309126823 91385.476871862484 88691.61287907252
11010965 1 1 6 2 2 6 5 1 1 1 4 0 0 0 2 0 0 1 2 1 0 0 0 0 2 2 4 92698.824423381244 92523.915346338632 92192.02367389627 92217.543036256509
11010965 1 4 8 4 5 4 5 1 0 5 3 0 0 4 2 3 2 1 2 1 0 0 0 0 4 2 3 -1.0000000000000001e+300 82059.856056459408 86671.953393987016 86585.544780422686
11010965 1 10 9 6 5 1 3 4 5 2 3 0 3 0 0 0 3 1 3 1 0 0 0 0 2 2 0 89683.744734360254 89438.33081524921 89782.080075595644 80062.678263442751
11010965 1 0 1 0 3 3 4 4 2 0 3 6 11 0 5 6 9 1 1 1 0 0 0 0 2 3 1 80347.51248952387 86201.969589082815 79964.392402848171 85955.890682162557
11010966 1 2 0 0 0 4 0 1 0 2 3 3 2 2 1 1 4 1 2 1 0 0 0 0 4 2 3 96932.775810580191 96814.566493192571 96846.000688227592 -1.0000000000000001e+300
11010966 1 1 3 5 6 0 3 5 8 0 3 3 7 0 3 3 4 1 2 1 0 0 0 0 2 2 3 85406.077119930022 91692.518835959461 91664.159023540647 90659.641614513821
11010966 1 1 2 0 3 3 3 4 1 1 4 3 10 2 0 0 1 1 2 1 0 0 0 0 1 2 3 86373.457463059734 86998.760805866274 84992.91221530312 85406.233834952363
11010966 1 8 7 11 3 5 3 3 3 4 4 1 3 0 0 0 2 1 3 1 0 0 0 0 3 3 2 85907.977515082224 84233.747796825424 85712.146457996583 79764.320279681095
11010967 1 2 1 4 4 0 4 5 3 0 4 3 0 5 3 2 3 1 2 1 0 0 0 0 2 0 1 93765.231622236737 93084.587544052687 93151.363064506906 93264.395888787738
11010967 1 3 0 0 0 3 2 0 0 6 7 0 0 6 4 1 2 1 3 1 0 0 0 0 2 1 0 91617.849719542763 90849.466817663517 90618.716619875457 89640.379425240564
11010967 1 0 0 2 0 3 1 1 3 7 5 3 0 10 9 6 0 1 3 1 0 0 0 0 0 1 0 88642.823811855429 82250.993480294434 78732.271740644166 89222.999946508164
11010967 1 0 1 2 0 4 3 3 2 5 6 4 3 7 9 11 5 1 1 1 0 0 0 0 1 1 2 84579.515501701739 82159.638320902668 78502.600205292314 -1.0000000000000001e+300
11010968 1 3 0 0 0 1 4 5 2 0 1 4 4 3 3 2 5 1 3 1 0 0 0 0 3 3 1 93308.883342061716 94012.371296595011 93629.002273369406 94547.268572126108
11010968 1 4 4 6 7 0 3 4 8 0 1 3 6 0 0 2 3 1 3 1 0 0 0 0 3 3 2 86109.487536397442 91326.028767759242 -1.0000000000000001e+300 91740.582570366474
11010968 1 0 1 6 9 0 5 5 7 0 3 4 6 2 3 4 4 1 2 1 0 0 0 0 3 2 0 82691.496122157696 91240.408936062653 90446.513796172745 90670.123395988558
11010968 1 0 8 0 2 0 0 5 3 4 3 8 11 4 8 9 10 1 1 1 0 0 0 0 2 2 1 92874.902563040989 89954.728595976441 83988.242998586749 88067.726019353548
11010969 1 1 4 3 3 2 5 3 0 3 6 5 6 3 4 5 2 1 2 1 0 0 0 0 2 0 0 89128.687042236328 88850.540634791047 87881.711861292526 87118.830957765924
11010969 1 0 3 6 6 0 4 3 8 2 1 3 7 2 0 0 4 1 1 1 0 0 0 0 1 1 0 86814.99051731237 91897.899160742818 91525.205813103268 90079.202218527571
11010969 1 1 3 4 9 0 3 6 8 0 0 6 7 0 2 0 6 1 1 1 0 0 0 0 2 3 4 84903.610410978217 91669.984805081709 91877.892333284122 91299.150971163108
11010969 1 3 3 9 10 3 5 3 11 0 3 1 4 0 0 3 3 1 2 1 0 0 0 0 0 0 0 79131.536189296356 85517.703056915503 87904.477986456288 86922.257451314072
11010970 1 2 4 4 1 3 4 5 3 0 3 4 0 0 0 0 2 1 1 1 0 0 0 0 3 3 4 94407.727750853534 94579.573459731211 94355.087726299855 94426.286431753615
11010970 1 1 0 0 1 4 0 0 0 6 4 3 0 7 6 5 3 1 2 1 0 0 0 0 0 1 0 91720.670735004067 91323.922837760314 91158.045516258164 91840.743909563316
11010970 1 9 8 5 4 5 4 3 2 1 3 1 0 0 0 3 3 1 2 1 0 0 0 0 2 2 2 90680.920212004552 90669.771949030794 89871.398324266891 82514.533896550842
11010970 1 10 4 4 0 11 5 3 1 7 4 3 0 3 2 1 0 1 1 1 0 0 0 0 2 4 4 87568.926788293262 80175.239174183938 86963.299628525157 85199.976533399487
11010971 1 3 1 4 0 2 4 0 3 1 4 1 0 1 3 2 3 1 3 1 0 0 0 0 1 3 0 95665.530845204979 95750.864547164354 95457.907239816253 95369.057511536608
11010971 1 0 1 0 0 0 0 4 0 3 2 5 4 1 6 8 5 1 3 1 0 0 0 0 3 4 1 89462.424278619321 90035.521596767154 89083.319336558256 92792.39897763326
11010971 1 1 0 0 0 3 2 1 3 3 4 5 5 4 6 7 9 1 1 1 0 0 0 0 2 4 2 90483.680319861887 90746.968378054837 85347.452804958506 90615.812585532083
11010971 1 2 0 0 0 3 3 3 2 5 5 1 0 9 11 3 0 1 1 1 0 0 0 0 1 1 1 86324.340706567731 83651.005707745382 81275.883717513047 86021.958100477306
11010972 1 3 4 0 0 4 3 2 0 4 5 5 0 5 2 1 1 1 1 1 0 0 0 0 0 1 1 93692.601250833934 92568.81949618955 93329.514388614232 93522.210260364736
11010972 1 8 3 1 0 8 3 2 0 6 5 2 3 5 2 1 2 1 3 1 0 0 0 0 2 0 0 90822.121103266065 85669.705460699886 91869.729092282068 89139.107646865363
11010972 1 10 8 7 5 7 6 5 3 1 2 5 1 0 0 2 1 1 3 1 0 0 0 0 1 2 2 90357.718100213388 90776.578734175855 90989.152561505034 80287.469297079413
11010972 1 5 7 8 8 1 1 3 11 2 0 2 2 1 0 0 3 1 3 1 0 0 0 0 0 0 0 81559.097221110409 86242.033945818621 85317.541653941604 75818.118844464378
11010973 1 5 3 0 0 4 4 0 1 6 4 4 0 3 4 1 2 1 3 1 0 0 0 0 3 4 2 93081.351823392833 92069.987344030058 92328.67636534608 92739.686220992036
11010973 1 1 7 5 5 0 6 6 3 0 0 5 1 0 0 0 2 1 1 1 0 0 0 0 2 4 4 89840.861593191861 88199.654243147845 89838.96716853563 89037.27095353503
11010973 1 5 0 0 1 8 3 1 3 9 4 3 0 10 7 4 3 1 3 1 0 0 0 0 0 2 1 88243.552622931515 73489.636984900309 88808.288880451946 88929.632659233946
11010973 1 5 5 3 2 8 1 0 0 11 2 0 0 6 2 0 0 1 1 1 0 0 0 0 1 0 0 82640.31844833713 80005.033082301641 83957.345207513383 82612.671168781628
11010974 1 2 4 4 3 5 5 4 0 6 2 2 0 5 1 0 0 1 3 1 0 0 0 0 2 0 1 91453.731303352513 91123.89842509781 90753.709674022801 91204.9074411451
11010974 1 6 0 3 0 8 3 3 0 5 5 1 0 3 3 2 3 1 2 1 0 0 0 0 2 1 1 91306.601579498063 86959.87848238126 90375.036651632356 90757.422280635234
11010974 1 10 8 6 4 7 6 3 1 5 6 0 1 0 2 0 0 1 1 1 0 0 0 0 0 2 2 90540.555927791109 86278.624126438386 90923.645886643513 83431.384411673207
11010974 1 3 5 11 10 3 3 4 5 0 0 3 4 2 0 2 1 1 1 1 0 0 0 0 1 1 1 87078.635904299634 88524.956544621906 88654.048176896933 87146.88002102499
11010975 0 1 0 2 1 0 1 6 4 0 2 5 4 0 3 3 5 1 3 1 0 0 0 0 3 4 3 92708.20476567834 93110.28743637845 92553.314735511492 92764.397325604048
11010975 0 5 8 5 4 3 4 4 1 0 3 3 0 0 2 2 0 1 2 1 0 0 0 0 4 2 2 90557.7271895171 90082.002491011648 -1.0000000000000001e+300 88709.61334812385
11010975 0 9 4 1 2 8 5 3 0 7 4 1 0 5 2 0 0 1 3 1 0 0 0 0 0 0 0 90945.751850397355 81163.347375705227 -1.0000000000000001e+300 91029.890563962224
11010975 0 10 11 2 5 3 4 7 4 3 1 4 7 2 3 6 8 1 3 1 0 0 0 0 4 3 1 -1.0000000000000001e+300 -1.0000000000000001e+300 61373.702872041635 6
11010975 0 4 6 1 5 10 11 7 5 3 6 9 4 2 3 8 3 1 1 1 0 0 0 0 0 1 1 -1.0000000000000001e+300 -1.0000000000000001e+300 27 27
11010976 1 1 5 2 1 2 3 1 3 0 0 0 3 0 1 0 0 1 1 1 0 0 0 0 1 4 3 95964.379282501759 95952.978061582355 96486.391701210465 96363.936090884818
11010976 1 2 6 8 4 1 5 5 4 0 3 3 2 0 0 1 3 1 3 1 0 0 0 0 3 3 1 89791.465868078347 88529.356860972635 88988.307071855539 88056.785432601115
11010976 1 4 6 7 9 0 5 6 4 0 0 3 3 3 1 2 0 1 3 1 0 0 0 0 4 4 3 90339.499182562009 90686.614671065588 90428.38709805088 86577.07596267412
11010976 1 3 4 6 9 0 2 4 11 1 1 3 8 0 2 0 3 1 2 1 0 0 0 0 3 2 4 72556.466793638247 81176.919031488404 80865.958887526358 79631.318292560536
11010977 1 3 5 2 0 1 4 3 4 0 4 5 3 0 0 4 2 1 2 1 0 0 0 0 2 0 2 92257.827513641765 93641.920178731278 92508.67435243394 92817.338481479223
11010977 1 1 0 3 3 2 3 4 5 3 4 5 6 5 7 8 7 1 3 1 0 0 0 0 0 0 0 92121.422843397319 90921.087523329712 84957.938941702145 92083.073267910659
11010977 1 3 0 3 0 5 3 2 1 6 7 3 4 10 8 6 3 1 1 1 0 0 0 0 3 4 4 89834.17937129768 88072.083376187918 74272.742164110939 -1.0000000000000001e+300
11010977 1 3 3 0 0 1 1 3 2 2 6 5 1 5 11 5 4 1 2 1 0 0 0 0 0 0 0 81791.958310474976 81850.390333377858 79283.287883680721 82505.078053549354
11010978 1 2 2 4 3 0 1 5 3 0 1 1 5 1 4 2 5 1 2 1 0 0 0 0 0 0 2 89201.559427897126 -1.0000000000000001e+300 93943.278930664062 94082.33480699858
11010978 1 5 7 8 6 0 3 5 4 2 3 2 4 0 0 0 3 1 2 1 0 0 0 0 4 1 1 88922.730963939786 -1.0000000000000001e+300 91112.226978225401 86138.471441515168
11010978 1 3 4 7 10 0 3 4 7 2 0 5 5 2 0 0 0 1 1 1 0 0 0 0 1 0 0 88512.524318888274 89922.123137301329 90058.862162510995 87209.825942631927
11010978 1 2 0 0 2 0 4 5 11 1 3 5 9 8 3 4 4 1 2 1 0 0 0 0 3 1 2 66900.22553751753 70540.807978147088 68535.062655596223 74983.66452623489
11010979 1 0 2 1 0 3 4 6 0 1 6 4 0 6 2 1 3 1 1 1 0 0 0 0 2 4 4 90692.575402817893 90894.818309185066 90344.043066794286 -1.0000000000000001e+300
11010979 1 0 0 2 1 0 0 0 6 1 4 4 8 2 3 4 5 1 3 1 0 0 0 0 2 2 2 86872.076292469341 90552.957116850652 91005.923542877368 90677.201340156258
11010979 1 1 0 0 0 3 0 3 5 0 2 4 9 0 3 3 9 1 1 1 0 0 0 0 1 2 1 87130.392091553076 91801.924972958004 88511.601209830085 90555.142808588134
11010979 1 2 0 4 5 1 0 3 7 1 3 4 11 0 2 3 5 3 4 0.54545454545454541 5 0.27272727272727271 6 0.1818181818181818 1 1 2 80338.666800500941 82142.919765825631 82023.207832365966 82485.339273487916
11010980 1 2 2 1 1 3 0 4 2 1 0 0 0 3 0 0 3 1 2 1 0 0 0 0 4 3 4 97059.923951206307 97049.663782561533 98558.381610662298 97407.574715777431
11010980 1 4 4 4 0 0 7 5 3 0 4 3 0 1 2 2 0 1 1 1 0 0 0 0 0 0 0 91512.358587973678 90947.612792726097 90916.078127458779 90716.385810488369
11010980 1 6 5 8 9 1 5 7 8 0 3 5 6 2 0 3 4 1 2 1 0 0 0 0 1 0 0 87213.201337382052 93264.048871904131 93497.595328674259 93366.061817603186
11010980 1 1 2 3 5 2 3 8 11 2 5 9 10 3 5 1 1 1 2 1 0 0 0 0 1 0 1 59220.768625262484 61539.159852683762 60448.867980894371 42658.04571822194
11010981 1 0 1 2 3 0 5 3 1 1 0 3 1 0 0 0 3 1 3 1 0 0 0 0 1 4 2 96278.445634740361 96098.01948343002 96407.898887752846 96257.411044465567
11010981 1 0 2 0 0 2 4 1 0 1 4 3 3 6 7 7 5 1 2 1 0 0 0 0 2 1 2 90660.686306475371 90873.945716374772 88619.2310387834 90859.940230451379
11010981 1 3 1 0 5 3 4 3 7 0 3 4 8 0 4 7 10 1 1 1 0 0 0 0 2 4 2 73113.111513108524 88744.476217204618 87192.303575748636 89072.07216212948
11010981 1 4 6 8 10 3 4 8 11 3 3 2 3 3 0 0 0 1 1 1 0 0 0 0 0 0 0 88656.51508403664 89440.904771929258 87556.162694813975 76941.037404031944
11010982 1 4 3 1 3 0 3 6 2 0 0 3 6 0 1 0 2 1 1 1 0 0 0 0 3 4 4 92719.034408550069 93149.151149819125 92550.943032559473 92393.875086026732
11010982 1 0 2 2 0 1 1 3 0 2 1 4 3 4 7 8 7 1 3 1 0 0 0 0 0 0 0 91800.352505684132 91575.809347657414 84960.080752323338 90686.139806780455
11010982 1 0 2 1 2 5 0 1 3 0 1 5 5 4 6 8 9 1 3 1 0 0 0 0 1 2 2 88907.404661657405 87611.006885242881 90205.884859225393 90082.817365105351
11010982 1 0 1 0 3 0 1 2 4 11 10 4 3 8 0 4 4 1 2 1 0 0 0 0 2 2 2 71249.3368726833 74032.538886421244 70859.755771351513 74268.609455389509
11010983 1 1 3 3 3 2 6 5 4 0 2 6 4 0 0 3 2 1 1 1 0 0 0 0 1 0 1 90726.877569876437 90617.962777455643 92133.241742134094 90351.566793583057
11010983 1 1 0 0 1 2 0 0 5 3 1 5 6 4 6 8 7 1 3 1 0 0 0 0 1 3 2 91410.952265560249 91752.369359260687 86547.179471278389 90894.149353256071
11010983 1 0 0 0 1 3 3 0 0 2 1 2 2 3 6 9 10 1 1 1 0 0 0 0 0 0 0 89856.022405220545 89587.781116096667 83512.721792022669 90032.413471315871
11010983 1 10 9 6 5 11 7 5 3 3 0 4 3 3 0 0 0 1 2 1 0 0 0 0 3 2 3 91682.875997964133 92921.175908170466 92937.839508513818 81714.915149587017
11010984 1 3 3 4 3 1 5 5 4 1 0 3 3 0 2 1 0 1 2 1 0 0 0 0 1 2 3 93597.640492454288 94068.012893780688 93606.710742547788 92927.73106173292
11010984 1 3 0 0 0 5 3 3 3 6 5 4 3 7 8 7 5 1 1 1 0 0 0 0 3 4 3 91736.457005322736 91549.899411814404 85196.167410363749 91843.379536537162
11010984 1 1 0 0 2 3 3 2 1 4 7 5 0 9 8 6 4 1 3 1 0 0 0 0 4 4 3 90326.796382030443 89620.113967996338 79514.30152306876 90002.733098607379
11010984 1 10 9 5 3 11 5 4 3 7 4 2 0 3 0 2 1 1 3 1 0 0 0 0 2 1 1 91886.94092156754 88576.634519531275 91436.733508711972 78719.510698711718
11010985 1 0 0 3 4 0 3 6 5 1 3 4 5 2 1 4 6 1 1 1 0 0 0 0 0 2 4 89675.928774685322 90762.956450822618 90787.871279535044 91208.494671500666
11010985 1 5 6 8 7 0 3 4 3 2 1 3 0 3 0 1 0 1 3 1 0 0 0 0 2 3 1 91132.366841218507 91236.653731192462 90468.399673113963 84933.672358063865
11010985 1 4 8 9 0 4 8 1 2 2 5 0 0 1 0 0 0 1 1 1 0 0 0 0 3 4 4 87592.556975093496 92951.141546088125 88869.516559078664 89387.621031652932
11010985 1 3 3 8 10 3 3 7 11 2 0 4 7 1 0 3 5 1 2 1 0 0 0 0 2 1 2 81146.071778347425 90598.730042426512 90509.256770021952 91214.58061254723
11010986 1 1 1 1 2 0 3 0 0 3 0 2 0 3 2 0 0 1 3 1 0 0 0 0 0 0 1 96946.567813573056 96956.380453524558 96851.931926312274 96963.367204396796
11010986 1 1 3 6 7 0 3 5 8 2 3 4 7 0 0 2 5 1 3 1 0 0 0 0 2 1 3 79390.197738541523 -1.0000000000000001e+300 91965.056142884598 91970.465682166716
11010986 1 1 0 0 10 3 3 4 9 0 4 7 7 0 3 3 6 1 2 1 0 0 0 0 3 3 4 78331.243235416696 90987.388236982792 88324.718480022173 90544.88532907702
11010986 1 5 7 11 4 3 3 6 3 0 1 3 0 0 1 0 0 1 3 1 0 0 0 0 2 4 1 82051.254616223508 82338.760582761417 -1.0000000000000001e+300 77035.684883224661
11010987 1 3 3 5 4 5 5 4 0 4 2 3 2 1 0 0 0 1 1 1 0 0 0 0 0 0 1 93851.410902235235 93517.272053877517 92851.651631673172 92789.844106191464
11010987 1 1 1 1 3 2 7 6 2 0 6 1 3 2 0 0 0 1 2 1 0 0 0 0 0 0 2 84681.129456396797 90055.121314016302 88834.689653470108 88424.883470461384
11010987 1 2 0 4 6 2 3 6 8 1 1 5 9 2 4 4 10 1 3 1 0 0 0 0 3 2 3 79699.873269861899 89405.113469386561 88207.089457669063 89461.386610292495
11010987 1 2 2 6 3 1 4 4 9 2 5 4 11 0 2 3 8 1 1 1 0 0 0 0 2 0 2 63293.365517075174 75468.178192911058 75784.292564278556 76715.452230756782
11010988 1 1 2 0 1 0 3 4 0 3 4 3 2 4 5 4 1 1 2 1 0 0 0 0 2 2 4 94756.46399809065 94710.068112637557 94550.183865178187 94583.307504190336
11010988 1 3 4 8 4 0 4 4 3 0 3 1 0 0 2 1 0 1 1 1 0 0 0 0 1 3 1 89091.438483784441 88628.701663732645 90741.385169472123 89562.734091288279
11010988 1 4 5 8 10 3 4 5 7 1 3 3 4 2 2 0 3 1 3 1 0 0 0 0 2 1 2 89536.324423208978 89768.691569370596 89744.430586396978 84075.767765835742
11010988 1 9 11 2 0 8 8 5 3 5 5 3 0 3 0 3 0 1 1 1 0 0 0 0 0 0 1 90412.244992922278 83681.666304812592 89399.958995709749 84249.302370219273
11010989 1 3 2 2 0 1 3 0 0 0 0 0 0 4 2 1 1 1 3 1 0 0 0 0 0 0 0 96874.853821595811 97079.541928024802 97173.718896893741 97229.208003759806
11010989 1 5 5 6 7 1 5 3 0 0 1 0 2 2 0 0 0 1 3 1 0 0 0 0 0 0 0 91429.86550726564 91603.749620351504 90823.884090344261 90440.550974772894
11010989 1 0 2 3 9 0 1 5 8 1 3 6 7 4 3 4 5 1 2 1 0 0 0 0 1 1 4 71592.958637412958 -1.0000000000000001e+300 90075.452804317974 91021.828376218677
11010989 1 10 11 8 3 9 8 6 0 8 4 3 2 4 3 3 0 1 1 1 0 0 0 0 3 3 4 98519.719100169212 85300.472129178015 99489.166641688964 97352.399739255838
11010990 1 3 3 3 3 3 1 2 5 4 6 4 4 0 0 3 3 1 2 1 0 0 0 0 4 3 2 92725.185738236803 92597.330079131643 92398.495919969355 91991.478114410682
11010990 1 5 7 8 4 0 1 3 3 0 0 2 0 0 1 3 0 1 2 1 0 0 0 0 3 3 4 88972.160872150285 90137.870935186569 89775.213337387002 86745.489266356875
11010990 1 3 4 8 9 0 3 4 8 0 0 3 7 1 2 3 4 1 1 1 0 0 0 0 2 3 2 87940.905326756692 91346.51671229607 91188.352742412477 90904.202719483219
11010990 1 0 1 11 10 6 2 8 9 0 6 5 7 2 4 1 5 1 2 1 0 0 0 0 3 2 3 56858.930962537954 -1.0000000000000001e+300 89703.442622768853 82140.727899494406
11010991 1 0 4 1 0 0 1 2 1 1 3 3 0 3 2 3 0 1 1 1 0 0 0 0 1 4 4 96397.632822156433 96174.928965637708 96379.130831196482 96602.271843715949
11010991 1 3 0 0 0 4 7 0 0 2 4 2 0 5 5 1 2 1 1 1 0 0 0 0 1 0 0 91414.692444074477 91081.693058849254 90996.143343138741 90810.515693903857
11010991 1 3 0 0 1 4 0 0 3 6 0 0 0 10 5 4 3 1 2 1 0 0 0 0 3 3 3 88666.929415934341 87726.691051750837 87945.447378830868 89280.446578593212
11010991 1 2 0 0 0 1 0 0 0 6 5 2 1 9 11 6 3 1 3 1 0 0 0 0 0 0 0 85946.045119744245 85191.574664954926 80792.875404133374 85608.21105473749
11010992 1 1 3 2 3 0 2 4 1 2 3 3 0 1 6 0 0 1 3 1 0 0 0 0 3 3 3 94519.127732519744 95070.432531674684 94107.050942738846 94474.171786867548
11010992 1 5 4 4 0 4 7 3 0 3 5 3 1 0 0 2 0 1 3 1 0 0 0 0 2 2 3 90503.036786795215 90007.501169889074 90507.515605935128 89208.086841913464
11010992 1 9 4 4 0 8 6 3 0 8 1 2 3 3 0 0 0 1 3 1 0 0 0 0 4 4 3 90249.157834180252 86833.98117753955 90383.792231685045 87868.485773454464
11010992 1 4 11 7 5 4 5 4 0 1 3 1 3 2 1 0 0 1 2 1 0 0 0 0 1 2 0 82514.500249969191 83038.895093837578 82570.165085423301 79197.904818460607
11010993 1 2 0 0 0 1 6 3 0 1 2 6 2 1 3 3 5 1 3 1 0 0 0 0 2 2 3 91158.930434015288 91441.464603167537 91495.234451863507 91352.294179643883
11010993 1 1 2 6 7 0 1 6 8 0 3 3 6 0 4 4 5 1 2 1 0 0 0 0 0 0 0 86873.996331993942 92067.235337276346 91689.942718222213 91178.759435642743
11010993 1 3 1 0 0 0 3 3 3 1 4 4 7 3 5 7 10 1 1 1 0 0 0 0 1 4 3 88901.063320953923 89367.923363751732 83970.075065832076 89835.960811296929
11010993 1 0 5 7 8 3 2 5 11 0 0 3 3 0 1 2 1 1 2 1 0 0 0 0 2 1 3 80481.1046972638 85061.360958600766 85185.189104107529 85063.461140341591
11010994 1 4 4 4 0 1 2 4 2 3 5 3 0 0 5 1 0 1 1 1 0 0 0 0 2 3 1 93955.558464318354 93716.943453500382 93801.207316453962 93879.507308270535
11010994 1 0 0 2 6 4 3 1 5 1 3 7 5 0 3 3 3 1 1 1 0 0 0 0 0 2 0 89219.22193492837 91235.786747553168 90777.346955428875 90411.20228008485
11010994 1 1 3 3 4 0 0 4 6 0 2 5 8 3 5 8 9 1 2 1 0 0 0 0 1 0 1 90018.948029865118 91913.311550907922 90274.41317138965 91435.96438369948
11010994 1 1 0 3 5 1 2 4 6 0 3 5 11 0 4 9 10 1 2 1 0 0 0 0 0 0 0 77807.247280254785 91220.227859083534 89724.11888686067 90682.619190771395
11010995 1 1 1 0 0 6 2 0 0 5 4 0 0 5 3 3 1 1 2 1 0 0 0 0 0 1 1 93609.314190069825 93499.494861894185 93632.56400691469 93897.162154820224
11010995 1 7 8 7 5 6 5 4 3 1 2 0 1 0 0 0 1 1 2 1 0 0 0 0 2 3 4 92427.848761061367 92550.319541006538 -1.0000000000000001e+300 76362.607262516016
11010995 1 10 6 5 3 6 0 0 1 2 0 0 0 3 0 2 0 1 2 1 0 0 0 0 4 2 1 89200.741523307355 88980.012768851288 88758.450808574838 87844.254568138276
11010995 1 1 10 11 2 1 7 6 3 0 2 5 0 0 3 1 3 1 2 1 0 0 0 0 2 2 4 71865.451168453204 72479.499452614706 75158.030276358462 77177.420908112443
11010996 1 5 0 1 0 4 3 2 2 2 1 6 0 3 2 4 6 1 3 1 0 0 0 0 2 0 1 91362.512558477887 91471.723013317562 92050.929717275823 91764.948278073905
11010996 1 1 0 0 2 1 3 5 6 0 0 4 8 0 2 4 1 1 2 1 0 0 0 0 2 2 2 87912.212009894414 89404.029187521301 89896.063531100343 89808.294276783243
11010996 1 0 1 2 3 1 1 3 4 4 7 6 7 5 8 9 10 1 2 1 0 0 0 0 0 1 1 85146.262639260356 86426.787742448767 80694.698781994404 -1.0000000000000001e+300
11010996 1 2 0 7 4 1 0 6 7 0 3 3 11 1 4 1 4 1 2 1 0 0 0 0 1 2 2 67915.280472989718 79019.917490645224 79824.220337497303 78065.217322801851
11010997 1 2 1 4 1 3 4 1 0 2 3 3 2 1 5 0 0 1 1 1 0 0 0 0 0 2 0 95150.020952641964 95709.889609601771 95408.214283943176 95254.407948105421
11010997 1 1 3 6 3 0 2 3 6 0 0 3 7 3 0 0 4 1 2 1 0 0 0 0 4 3 4 90375.023365866582 90775.798093794845 91286.243924818526 91637.377290848701
11010997 1 1 0 0 2 1 0 0 4 2 0 3 7 3 5 7 9 1 2 1 0 0 0 0 2 1 4 91144.337440658826 91571.928902224216 90590.718118847755 91788.800930199272
11010997 1 0 3 4 5 1 3 6 7 0 4 7 8 2 5 11 9 3 4 0.54545454545454541 5 0.27272727272727271 6 0.1818181818181818 1 1 0 67750.937852162824 -1.0000000000000001e+300 88966.98638483882 89864.922732693274
11010998 1 2 1 4 4 3 4 5 3 4 0 0 3 3 0 0 3 1 1 1 0 0 0 0 3 4 2 94002.290682689156 94039.258593719176 94466.898452075897 94198.221445254341
11010998 1 1 2 3 7 3 1 4 8 0 0 5 7 0 0 3 5 1 2 1 0 0 0 0 0 0 1 82931.525727767308 91754.706065876235 91470.492560238883 91608.419956357015
11010998 1 0 3 4 10 2 2 0 6 0 4 7 5 0 0 4 1 1 2 1 0 0 0 0 4 2 2 74802.553359501209 76538.369570243449 88298.546945939641 83633.961253594302
11010998 1 3 0 0 6 0 0 4 10 0 3 5 8 2 3 11 9 3 4 0.54545454545454541 5 0.27272727272727271 6 0.1818181818181818 3 2 2 66450.941969576816 73520.241328832883 69438.79270728094 74197.11969683686
11010999 1 2 6 0 2 6 4 3 3 1 2 4 1 1 3 4 1 1 1 1 0 0 0 0 1 3 1 91098.988456754349 91077.969162249778 90111.962058258054 91551.545251844989
11010999 1 7 8 7 5 6 6 3 1 3 3 1 1 2 2 0 0 1 2 1 0 0 0 0 0 0 0 92230.398919049156 89379.820212993654 -1.0000000000000001e+300 85922.453042582725
11010999 1 10 8 7 5 7 6 5 3 0 3 5 1 3 2 0 2 1 2 1 0 0 0 0 3 1 1 89920.390724456724 90428.01905406671 90978.937225243266 81680.046647982788
11010999 1 0 1 4 4 1 0 3 6 2 4 6 11 2 5 8 9 1 1 1 0 0 0 0 1 2 3 84479.963511239504 85517.843718997203 84799.319486153108 85823.138040378311
11011000 1 3 2 1 0 1 3 3 1 3 2 0 0 2 0 1 0 1 2 1 0 0 0 0 0 0 0 97061.454470768513 97208.682943503256 97095.580197689909 97345.373896178164
11011000 1 1 0 2 0 6 1 0 0 5 6 3 2 5 7 0 3 1 1 1 0 0 0 0 3 4 4 91523.555081698374 88995.570998372437 89785.167985170323 90064.358774515742
11011000 1 5 4 4 3 6 5 3 1 8 6 3 0 10 7 1 0 1 2 1 0 0 0 0 2 3 3 89788.461642248454 72460.230929591577 90282.301291821525 90194.626581958932
11011000 1 10 11 3 2 9 7 2 3 7 2 3 1 6 0 5 3 1 1 1 0 0 0 0 1 0 1 84618.987084005508 0 -1.0000000000000001e+300 63793.752546004383
11011001 1 0 0 1 2 3 4 1 3 0 4 2 4 0 1 0 2 1 1 1 0 0 0 0 2 3 2 96144.107555194292 96360.020398850465 96288.456434578999 96317.708278189297
11011001 1 3 7 6 3 1 3 6 1 2 4 3 2 4 0 1 2 1 1 1 0 0 0 0 2 3 4 89975.035822092512 89963.640670173714 90574.51715575195 90129.149108927522
11011001 1 10 6 7 5 7 6 3 0 4 4 3 0 3 4 1 2 1 3 1 0 0 0 0 2 2 3 90010.797525378628 85368.872038363785 90186.481937205535 84439.42878412093
11011001 1 3 6 11 8 7 5 6 4 0 2 3 0 0 0 0 3 3 6 0.1818181818181818 7 0.27272727272727271 8 0.54545454545454541 4 3 3 70835.305153099951 75601.731195292552 72096.144270134755 78104.237784863348
11011002 0 1 2 1 0 5 3 0 2 1 3 4 0 2 2 3 1 1 3 1 0 0 0 0 0 0 2 95033.268501281738 95135.840351846477 95361.894794782012 95442.275711496666
11011002 0 0 0 0 3 0 0 0 4 1 2 3 6 4 6 8 6 1 1 1 0 0 0 0 2 3 2 90856.988675362154 91094.518852055102 87496.473097318856 91104.09514842958
11011002 0 0 3 1 2 3 3 1 0 5 4 4 0 5 6 8 9 1 1 1 0 0 0 0 1 3 1 90904.434822366529 90564.12722693228 83334.331574609809 90636.061859097521
11011002 0 3 1 3 2 2 5 3 7 4 7 11 4 8 0 0 0 1 1 1 0 0 0 0 1 1 2 -1.0000000000000001e+300 64270.991991602255 59721.56078796841 79255.306731429315
11011002 0 1 4 6 4 3 2 8 1 7 5 4 2 10 11 1 7 3 5 0.37499999999999994 6 0.24999999999999994 7 0.37499999999999994 2 3 4 -1.0000000000000001e+300 -1.0000000000000001e+300 3493.1157218151652 12945.687317654436
11011003 1 1 2 0 1 0 3 5 4 3 5 4 5 0 2 4 4 1 1 1 0 0 0 0 3 4 4 92581.477824215937 92652.172343134647 92518.105577183451 92418.634077171359
11011003 1 4 6 8 7 0 3 4 4 1 3 2 3 2 4 2 0 1 3 1 0 0 0 0 4 2 3 89121.199226268509 88448.345820041039 91331.854253705067 86414.542584968309
11011003 1 3 4 6 9 0 3 3 6 0 0 2 3 3 0 3 1 1 2 1 0 0 0 0 4 3 3 90665.413356978679 90611.712742640608 90494.135492678965 89223.321366531047
11011003 1 0 3 10 2 0 3 7 11 3 3 5 6 0 0 3 1 1 2 1 0 0 0 0 4 3 4 70112.943063304832 67852.429503736304 68673.746775854874 69945.803623295651
11011004 1 0 3 0 2 4 3 4 2 3 3 6 4 0 4 6 1 1 1 1 0 0 0 0 2 2 0 91098.785036368339 91545.552735626989 90906.20038644092 92023.977398512026
11011004 1 0 1 0 0 2 3 2 4 0 3 4 6 1 6 8 7 1 3 1 0 0 0 0 1 1 2 89390.981391961512 91294.049657281124 86811.030226701929 91525.667969485832
11011004 1 0 0 1 0 4 3 0 0 5 7 4 1 5 8 9 10 1 3 1 0 0 0 0 2 4 2 88709.026963736804 88831.987075992569 72496.156558378731 88682.582783455073
11011004 1 3 2 1 0 5 4 4 3 7 5 4 3 8 11 6 4 1 1 1 0 0 0 0 3 4 4 85506.840935668908 85010.736759534338 83078.770337447044 85776.139065519557
11011005 1 4 2 5 1 3 5 1 5 2 0 0 2 2 0 0 1 1 2 1 0 0 0 0 2 0 4 93100.884601508238 93021.295157029905 93321.546462758371 93285.217059571063
11011005 1 0 0 3 4 0 0 3 6 1 0 4 8 0 3 4 6 1 2 1 0 0 0 0 0 0 0 88181.523437121112 91287.449834390311 91277.423386125418 91227.202488052368
11011005 1 0 1 7 9 0 3 6 8 2 3 5 5 0 3 1 4 3 4 0.33333333333333331 5 0.33333333333333331 6 0.33333333333333331 0 1 1 82900.02899302599 87117.414918628638 88316.12704169903 89459.534897341859
11011005 1 2 0 8 3 0 5 7 5 1 3 9 3 3 6 11 10 1 3 1 0 0 0 0 0 0 0 41022.567795262177 40445.757055509108 45765.805773739179 46957.058727120631
11011006 1 5 3 4 2 3 3 0 1 4 2 3 0 3 1 0 0 1 2 1 0 0 0 0 1 0 0 95744.818642934159 95270.526858963349 95580.369604322637 96462.155579390339
11011006 1 0 5 5 2 0 8 6 3 0 7 5 1 1 4 4 2 1 3 1 0 0 0 0 0 0 0 89656.813121045096 89296.195435056608 89994.09761390381 89615.51421053693
11011006 1 9 8 6 4 7 5 5 1 6 2 2 0 3 3 0 0 1 1 1 0 0 0 0 0 0 0 91622.53423821184 89487.85488366081 -1.0000000000000001e+300 84698.42576431515
11011006 1 5 3 1 2 8 4 4 0 11 5 5 3 10 8 2 0 1 1 1 0 0 0 0 2 2 2 87381.604148396975 70431.952147523873 87158.273648600079 86480.108622528336
11011007 1 0 4 6 4 0 1 3 3 0 0 2 4 2 0 3 4 1 3 1 0 0 0 0 2 1 1 94374.252619672698 94085.415386577442 94435.073507070541 94861.76703063646
11011007 1 0 0 0 2 3 0 4 2 6 5 4 1 7 8 7 5 1 2 1 0 0 0 0 3 1 3 92014.498285741516 92008.01488786831 84421.77712674778 92245.301540253364
11011007 1 4 3 2 0 7 6 1 0 8 4 0 3 10 5 4 0 1 3 1 0 0 0 0 0 0 0 90965.375448633058 79245.342091815241 90375.673065461218 90514.993190691253
11011007 1 9 7 5 2 11 5 3 1 8 4 3 2 6 4 0 0 3 4 0.54545454545454541 5 0.27272727272727271 6 0.1818181818181818 3 2 0 -1.0000000000000001e+300 82035.382395726527 82463.047163295298 81146.848262198313
11011008 1 4 0 0 1 3 1 4 0 2 3 2 1 4 1 4 2 1 3 1 0 0 0 0 1 2 0 94634.574246018019 95356.184871190853 95207.566236707891 95322.827029261738
11011008 1 2 0 3 4 3 1 2 5 3 4 3 8 3 0 0 6 1 3 1 0 0 0 0 4 3 1 87906.942478624522 90577.917518026239 90336.35724599511 90278.245773928356
11011008 1 4 6 7 10 4 6 7 0 1 2 5 3 1 0 2 0 3 5 0.25 6 0.25 7 0.5 4 4 3 88737.901921249795 86860.643478488972 86095.799620406033 86225.002685590938
11011008 1 10 11 7 4 8 7 5 0 5 3 2 4 0 0 1 0 1 3 1 0 0 0 0 4 4 3 89436.386816240542 80087.631479503194 90314.097847863886 83485.561207722814
11011009 1 3 1 4 5 0 4 0 4 0 1 2 4 2 0 0 0 1 3 1 0 0 0 0 0 0 0 95030.84703594551 94972.13293432894 95606.907425930214 95116.72536256758
11011009 1 4 3 3 4 7 5 0 0 6 4 2 2 2 1 1 0 1 1 1 0 0 0 0 0 0 1 91476.496651678288 89342.235370911789 90545.259091937216 90298.31845016146
11011009 1 3 3 0 0 5 3 3 0 7 6 4 0 9 4 6 3 1 1 1 0 0 0 0 0 1 0 89206.191581744992 84791.704431542777 88614.010111562791 90636.597630868491
11011009 1 5 7 9 10 4 5 8 11 4 3 3 3 3 0 0 0 1 1 1 0 0 0 0 2 3 1 94873.33228800146 93991.995605986362 95296.205974331984 76583.143048571859
11011010 1 0 0 5 1 1 5 6 4 2 0 3 3 0 3 6 1 1 2 1 0 0 0 0 0 1 0 90445.127264658615 90243.289362448224 89769.103286955069 90747.337358686666
11011010 1 4 6 7 5 2 3 6 5 1 1 4 0 0 0 2 3 1 1 1 0 0 0 0 0 1 1 90669.374091085177 90628.323292263929 91054.817327565223 89403.872861976721
11011010 1 3 7 9 10 1 7 4 0 2 3 3 1 3 0 0 0 3 4 0.5 5 0.25 6 0.25 2 3 2 90420.793991579296 88740.095821072158 89376.118326272641 81340.356729467559
11011010 1 10 11 6 4 9 7 5 1 1 0 5 4 0 0 3 2 1 1 1 0 0 0 0 1 3 1 88837.419376444072 90548.565365865084 92487.594803681393 79277.461304861805
11011011 1 0 3 1 4 2 0 4 3 1 3 4 3 0 3 1 2 1 3 1 0 0 0 0 0 1 1 95582.624292426641 95659.034933805466 96224.358154561778 95713.789196809113
11011011 1 6 6 7 4 1 5 4 3 0 3 0 0 2 1 0 0 1 2 1 0 0 0 0 0 0 0 89814.70204809554 91256.465184712259 91359.031443155895 88874.020361332616
11011011 1 10 3 3 1 8 6 3 0 6 3 2 0 7 0 0 3 1 2 1 0 0 0 0 3 2 3 89689.038523003197 80675.926895783821 89294.192040942624 88895.10036439843
11011011 1 5 5 0 1 11 6 3 0 7 4 0 0 4 0 2 0 1 2 1 0 0 0 0 4 3 4 81818.578809956714 81378.255375741457 81731.113112065272 81994.069149405332
11011012 0 2 3 3 4 3 6 3 3 0 3 2 4 2 0 0 3 1 1 1 0 0 0 0 2 0 2 92854.745796442032 93805.268498272068 93129.94079296678 93824.465281215715
11011012 0 0 4 7 0 1 7 3 3 3 3 4 4 2 3 2 4 1 2 1 0 0 0 0 2 0 2 87151.374439415391 88048.41745747994 84314.585160872521 85635.393502474151
11011012 0 10 8 4 0 8 4 3 0 6 4 3 3 4 2 0 0 1 1 1 0 0 0 0 3 3 3 90062.183370197745 83444.977552262455 90767.23932199656 89746.273256396991
11011012 0 10 8 7 8 11 7 4 3 7 5 4 1 5 1 0 0 1 1 1 0 0 0 0 1 4 3 -1.0000000000000001e+300 83647.213088072036 87172.728079786466 82036.294602979295
11011012 0 10 9 1 4 11 6 8 0 7 4 5 1 5 3 1 7 1 3 1 0 0 0 0 1 4 2 -1.0000000000000001e+300 3 3 3
11011013 1 0 1 2 0 3 3 5 0 3 5 4 0 3 4 3 3 1 2 1 0 0 0 0 3 2 2 94377.549532079822 94946.953190398577 94076.360392570467 95130.475853329612
11011013 1 1 3 0 5 0 1 3 6 1 3 6 8 0 4 6 7 1 1 1 0 0 0 0 0 4 3 87752.664206623871 90524.80819425224 87907.25283519231 89371.113495341415
11011013 1 0 0 0 1 0 2 3 0 1 4 6 5 4 8 9 10 1 1 1 0 0 0 0 2 4 4 89618.676404568381 89553.306375368629 77329.811406210472 89588.033008446349
11011013 1 5 7 8 9 4 5 8 11 3 3 3 3 0 1 0 3 1 1 1 0 0 0 0 1 3 0 90644.977774073341 91031.193513213104 90732.502109096153 80235.810918696472
11011014 1 1 0 3 0 0 2 4 0 2 5 1 3 5 4 3 0 1 2 1 0 0 0 0 4 3 3 94487.981123307894 94670.101212925976 94332.598609156674 94742.822808502766
11011014 1 3 0 3 1 0 2 2 1 7 3 4 3 8 7 5 3 1 3 1 0 0 0 0 0 0 0 89180.10326178174 89620.8472977122 85537.982475247743 88272.987770732754
11011014 1 1 2 2 0 4 1 0 0 6 3 0 2 10 7 3 0 1 2 1 0 0 0 0 2 0 2 89109.6626410842 86755.395563091661 87373.071304032303 88948.324643332671
11011014 1 3 11 8 3 10 9 5 3 5 3 3 1 2 4 0 3 1 1 1 0 0 0 0 3 4 3 56301.725606663938 57443.285268345091 56241.772851515016 51551.68364365364
11011015 1 4 4 0 1 4 5 3 0 5 4 3 0 3 3 3 0 1 2 1 0 0 0 0 2 2 0 94091.806226730347 93510.233492765707 93883.689889325033 95033.979440795039
11011015 1 4 7 6 2 0 0 3 6 0 0 3 5 3 3 0 1 1 2 1 0 0 0 0 4 3 3 91027.992136560191 90137.064200945533 90707.894358718884 89114.101339718327
11011015 1 10 9 8 5 0 2 5 3 1 1 1 3 0 2 2 0 1 3 1 0 0 0 0 2 2 2 90077.325043835386 89536.694144567606 90050.848982774682 78971.850495494014
11011015 1 0 2 4 4 0 4 5 6 0 4 8 11 3 7 9 10 1 3 1 0 0 0 0 4 3 2 76878.367682657394 93833.929838122887 95547.498872489596 92891.647761653279
11011016 1 3 0 0 0 0 2 2 2 0 0 0 3 1 3 3 1 1 3 1 0 0 0 0 1 0 0 97270.985612500735 97333.910399542918 97394.418755601946 97328.41330318687
11011016 1 4 8 7 3 4 5 0 0 4 1 0 0 2 1 0 2 2 4 0.5 5 0.5 0 0 2 2 3 89371.538873091398 89967.713296028625 88576.979974905407 87846.125322415362
11011016 1 10 9 8 4 8 7 5 5 5 4 3 0 1 2 1 2 1 2 1 0 0 0 0 2 1 3 85893.378670789389 85114.309887232826 85673.177569961743 81025.289535594886
11011016 1 8 0 11 10 1 0 8 7 3 5 5 6 2 4 2 2 1 1 1 0 0 0 0 2 1 1 76579.340306097511 91043.440757195887 75609.602464558935 -1.0000000000000001e+300
11011017 1 1 5 5 5 3 6 6 0 1 2 3 2 0 0 0 1 1 1 1 0 0 0 0 2 4 4 89610.852931564616 91244.709971883509 89530.94440531655 91306.355025488054
11011017 1 0 0 2 3 0 4 2 0 0 4 3 3 1 6 8 3 1 1 1 0 0 0 0 1 1 1 89290.411110673638 89136.905988899656 87392.492809618663 90280.799922818813
11011017 1 0 4 3 7 2 1 6 6 0 7 7 9 0 1 7 10 1 3 1 0 0 0 0 2 3 2 83768.346144131938 92493.603260155069 84584.783499193014 89498.838607875543
11011017 1 5 3 3 1 7 5 4 2 9 7 3 1 10 11 4 3 1 3 1 0 0 0 0 0 1 1 91502.667172153902 91349.954970900057 91850.459949754208 91850.459949754208
11011018 1 1 1 0 0 0 2 3 1 4 3 5 2 0 4 3 3 1 3 1 0 0 0 0 0 1 0 95568.230600145122 95549.472946767462 95469.760227448394 95321.195987701416
11011018 1 1 0 3 0 0 0 1 0 0 4 5 2 7 6 5 4 1 3 1 0 0 0 0 1 2 1 90962.735190016087 91722.121937364675 90415.822895739184 91364.542987934343
11011018 1 3 0 1 0 4 3 3 2 4 5 6 4 10 9 7 5 1 1 1 0 0 0 0 2 3 3 90017.668822902095 89680.059709605965 78686.100080378601 90632.576766471524
11011018 1 1 0 0 3 3 4 6 6 0 3 7 9 0 4 11 10 1 2 1 0 0 0 0 3 3 3 84348.454724163341 92916.573708874566 76799.715676028456 94332.76023058717
11011019 1 0 0 2 0 0 1 0 0 1 4 2 0 4 2 1 2 1 1 1 0 0 0 0 0 0 0 96786.9163312374 97099.144524697927 97143.604279099483 97389.039513188181
11011019 1 0 1 0 0 1 2 3 0 0 4 3 1 7 8 6 4 1 3 1 0 0 0 0 1 3 1 91257.723226055285 91260.527162888131 86765.989627768431 90571.585412419416
11011019 1 0 3 0 0 2 1 3 0 3 6 3 1 9 8 6 2 1 3 1 0 0 0 0 3 3 2 91245.632273962037 90873.386265891953 86620.560182829082 91111.734850302717
11011019 1 10 8 7 2 11 7 5 2 6 3 2 1 1 3 1 0 1 2 1 0 0 0 0 3 2 4 88944.826639087463 86588.173236128961 89361.200672485676 79715.855774778305
11011020 1 0 1 4 3 1 3 2 4 2 1 0 6 3 1 0 2 1 3 1 0 0 0 0 2 3 2 93358.046093939047 94123.12851597392 94158.274631863533 94148.390823810798
11011020 1 4 7 8 7 3 4 5 6 3 1 2 3 2 0 0 0 1 1 1 0 0 0 0 3 3 4 92457.248413566354 92459.445397739459 92505.813163850544 87281.878208214228
11011020 1 0 3 8 10 1 3 5 8 3 4 3 5 0 2 1 3 1 2 1 0 0 0 0 0 0 1 79833.08157369119 90395.935249297312 89907.818665342813 89999.720858064684
11011020 1 0 1 0 0 2 4 0 0 5 4 3 2 6 7 11 4 1 1 1 0 0 0 0 1 1 2 84205.370155181052 83968.413996247749 82487.639057232576 83925.894455273199
11011021 1 3 5 4 1 6 5 1 3 4 2 1 0 4 1 0 3 1 2 1 0 0 0 0 1 3 2 90985.663269403245 90881.620059910521 91667.099400366089 90733.185852699797
11011021 1 8 5 4 3 5 4 3 0 3 4 2 0 5 3 0 2 1 1 1 0 0 0 0 1 0 0 88395.349281861025 86638.149902667079 88072.33616057536 85576.426022077751
11011021 1 5 6 0 0 7 4 1 0 8 4 2 0 9 4 2 1 1 2 1 0 0 0 0 1 0 1 91306.806105744457 81944.845674057695 91191.955870452744 90688.484383937466
11011021 1 10 7 6 3 11 4 5 4 1 4 1 0 0 2 1 0 1 2 1 0 0 0 0 1 2 3 88146.096194269761 88563.49899437181 88779.162268146523 78682.656454050186
11011022 1 1 0 1 0 3 2 0 2 4 1 0 4 2 1 2 1 1 2 1 0 0 0 0 2 2 4 96775.35568216868 96530.180760550909 96502.978647485186 96599.224305964657
11011022 1 5 8 7 4 5 0 3 1 4 0 2 0 2 3 0 0 2 4 0.5 5 0.5 0 0 3 2 2 90689.882013536 91072.310279266458 90345.687297470969 87893.042488360559
11011022 1 0 3 7 9 2 2 5 7 0 3 1 4 3 0 2 6 1 1 1 0 0 0 0 1 0 0 79182.582406190195 86045.449290394667 89639.172567989372 87841.26922104093
11011022 1 1 4 6 8 0 2 5 11 0 0 4 4 0 0 1 3 1 2 1 0 0 0 0 0 0 1 81088.592428271731 84930.444052510109 -1.0000000000000001e+300 84932.558319363015
11011023 1 0 0 3 1 0 0 6 6 0 5 5 2 3 1 1 2 1 3 1 0 0 0 0 1 2 1 91974.087425417354 91447.067452638948 91121.901103337601 -1.0000000000000001e+300
11011023 1 4 3 3 0 8 4 2 0 5 3 1 0 0 0 1 3 1 2 1 0 0 0 0 0 0 2 90084.548571680265 89198.99256225588 90305.405158314636 89371.139789245266
11011023 1 10 7 5 3 3 5 3 1 3 4 2 0 0 1 0 3 1 3 1 0 0 0 0 2 3 2 87496.032529301374 88343.202307214728 89143.725992414067 85006.720433949013
11011023 1 3 3 2 2 11 6 1 3 9 8 6 2 1 6 3 0 1 1 1 0 0 0 0 3 3 4 70406.111831170827 68830.810100766335 69917.294116353223 70708.379667566143
11011024 1 0 5 5 5 0 3 6 5 1 2 0 0 3 2 0 0 1 2 1 0 0 0 0 3 1 2 93211.868244627665 92375.447789463738 92530.828000282374 91952.936272676336
11011024 1 1 0 0 2 0 4 3 3 3 3 5 5 6 7 8 8 1 3 1 0 0 0 0 2 2 0 89852.305752473359 91789.158598240247 80636.720686566041 91096.005788739145
11011024 1 2 2 4 2 5 3 1 1 0 4 2 2 1 5 8 10 1 3 1 0 0 0 0 4 2 3 83974.55273332147 -1.0000000000000001e+300 77286.108839353183 88558.988007085514
11011024 1 0 0 1 3 0 3 3 5 2 4 5 7 4 5 11 8 1 1 1 0 0 0 0 3 4 4 84611.34445875432 85593.359782284766 84417.77356759242 -1.0000000000000001e+300
11011025 1 0 3 2 0 0 0 1 0 3 3 3 3 0 2 3 0 1 1 1 0 0 0 0 0 0 0 96744.136242093155 96659.887273257424 96746.437992597159 97053.358273650869
11011025 1 0 6 6 2 3 3 7 0 1 1 2 1 3 3 2 3 1 1 1 0 0 0 0 3 4 4 90138.008362377703 89992.80965334452 89794.247147663235 89481.852073729853
11011025 1 10 8 7 5 9 7 4 0 3 7 3 0 4 3 1 4 1 3 1 0 0 0 0 1 2 0 -1.0000000000000001e+300 85006.649302842314 90996.370881632785 85497.267558829917
11011025 1 10 11 7 5 9 8 5 5 3 3 4 2 0 0 0 1 1 3 1 0 0 0 0 2 2 0 92478.67141781596 73647.600138311362 94534.381682114254 75253.319680678978
11011026 1 5 3 4 3 1 3 6 2 0 5 3 1 0 2 0 0 1 1 1 0 0 0 0 3 4 4 92820.357487924179 93275.951892150712 93508.100788906362 92820.423979550411
11011026 1 1 2 7 3 0 7 3 0 0 4 1 0 0 0 3 3 1 2 1 0 0 0 0 0 0 0 90911.102957687224 90146.099034766507 90596.694173056487 89584.854053403556
11011026 1 2 0 2 0 4 1 0 0 5 4 4 3 10 8 5 3 1 3 1 0 0 0 0 4 3 2 89681.002876812709 88987.401890971858 85125.634377499271 89295.559467843326
11011026 1 1 4 4 5 0 0 3 8 0 2 3 8 0 4 11 8 1 2 1 0 0 0 0 1 0 2 78235.112265404547 87936.315571607178 75617.504922604276 87658.334080983084
11011027 1 0 2 5 1 2 2 5 5 1 5 1 3 0 0 3 3 1 3 1 0 0 0 0 0 0 1 92584.968617380378 93338.682986312444 93266.426233106176 93903.059683005005
11011027 1 1 4 7 5 0 0 3 7 2 3 0 2 0 1 0 0 1 3 1 0 0 0 0 3 3 2 90382.270361385614 90351.552449744486 90849.833710154329 89901.401913138805
11011027 1 10 9 7 5 8 6 5 4 3 3 4 3 0 0 0 3 1 3 1 0 0 0 0 4 4 3 90463.717938016227 91424.13754007197 90248.355450228701 79929.40650478781
11011027 1 0 2 0 0 5 4 1 0 9 4 3 3 10 11 7 8 1 3 1 0 0 0 0 0 0 2 89433.967899214098 81631.03241419683 71997.203731981775 89324.381352007185
11011028 1 3 0 3 0 4 0 5 0 2 4 4 4 3 5 2 1 1 1 1 0 0 0 0 2 2 1 93352.062236862388 94009.207173575967 93767.869693899149 -1.0000000000000001e+300
11011028 1 1 6 7 3 6 4 4 3 2 5 2 0 3 3 0 1 1 1 1 0 0 0 0 2 3 3 89149.749782557192 89389.868655572427 90065.632031571105 86244.964871780336
11011028 1 0 1 0 1 4 3 2 0 3 5 0 0 10 9 5 3 1 2 1 0 0 0 0 0 0 1 89175.496240687178 89376.005546097527 82492.081983167503 89639.509634537622
11011028 1 5 4 3 3 6 5 4 0 11 6 3 0 9 8 1 2 1 3 1 0 0 0 0 0 0 1 87543.056353963155 78998.38720161136 85444.190950957185 87185.484827961875
11011029 0 6 5 4 3 2 1 5 4 0 0 5 3 0 3 0 1 1 1 1 0 0 0 0 1 3 1 91976.745894181731 91953.218144975777 92305.991493621143 91869.215752126547
11011029 0 5 6 8 7 4 4 5 6 0 2 4 4 1 0 0 1 1 3 1 0 0 0 0 1 2 2 91129.119796270112 91645.19813770779 91136.424887023051 83325.639368519638
11011029 0 4 6 7 10 3 5 6 0 0 4 5 7 3 3 2 0 1 1 1 0 0 0 0 0 0 0 85114.91036154746 88588.375775608292 89235.050161656996 80287.001600755058
11011029 0 0 2 3 4 3 1 4 6 0 3 6 11 3 5 9 10 1 3 1 0 0 0 0 4 4 2 67507.492996231376 -1.0000000000000001e+300 90472.833376115261 91615.058669186954
11011029 0 4 7 5 4 7 5 6 1 4 8 11 10 0 3 9 2 1 2 1 0 0 0 0 4 3 4 0 -1.0000000000000001e+300 -1.0000000000000001e+300 0
11011030 1 3 5 5 3 0 3 3 0 0 0 4 0 0 3 3 0 1 2 1 0 0 0 0 4 3 4 95131.674391644425 94647.003322478005 95214.411099728677 94977.145195190373
11011030 1 7 8 6 4 0 5 4 4 4 4 3 1 0 1 0 2 1 2 1 0 0 0 0 1 1 2 91315.87828562787 90526.013211151469 91154.70018715976 86636.83237886295
11011030 1 10 7 5 6 8 6 4 2 0 6 4 2 3 5 2 3 1 3 1 0 0 0 0 4 1 1 11708.52642850234 -1.0000000000000001e+300 89398.255171891302 78409.135252691631
11011030 1 1 0 1 3 4 4 1 3 11 6 4 0 10 8 6 7 1 3 1 0 0 0 0 0 3 0 87557.984494631353 78386.676981719516 69763.486643790122 86502.26800066985
11011031 1 1 3 4 3 3 0 0 0 5 4 1 3 2 1 0 2 1 2 1 0 0 0 0 0 0 1 95250.342454698344 95715.230180104569 95231.212867948736 95161.260376947888
11011031 1 1 0 4 5 1 3 5 6 0 2 3 8 0 0 1 7 1 2 1 0 0 0 0 1 2 0 85510.023169731736 91521.039609418382 91699.897533850191 91740.748298347899
11011031 1 1 0 0 5 0 2 0 6 2 1 6 7 0 4 5 9 1 3 1 0 0 0 0 1 1 2 87033.747517852986 91766.115982884236 91495.544123534768 91846.09552928817
11011031 1 2 6 9 10 1 4 5 11 3 4 4 2 1 1 3 0 1 3 1 0 0 0 0 2 3 0 88363.824811163315 91254.340840196906 89114.615584825893 80338.891962678215
11011032 1 1 0 0 3 0 0 0 2 0 2 4 3 1 4 3 4 1 2 1 0 0 0 0 2 1 3 96099.097915629987 96512.155741677474 96707.533717791535 96780.09594434101
11011032 1 2 0 1 0 3 0 4 0 0 5 3 1 6 8 5 5 1 2 1 0 0 0 0 2 2 0 91252.212145709476 90494.346023147067 83472.33940554205 89566.37652534066
11011032 1 5 5 3 2 7 4 1 4 9 0 4 5 10 2 0 0 1 1 1 0 0 0 0 3 3 4 88690.978421652137 74231.079533346536 86603.493714012147 84786.025889562225
11011032 1 10 9 7 3 11 8 5 3 4 4 0 2 3 2 0 3 1 3 1 0 0 0 0 4 2 1 91908.949024904403 92939.622103396017 92505.890935140269 88544.098395636072
11011033 1 4 1 1 3 3 5 2 2 0 1 0 0 0 0 3 0 1 2 1 0 0 0 0 3 3 1 95826.701257777575 96297.07468326886 96353.544672966003 96279.904262183671
11011033 1 7 5 5 3 8 6 1 1 7 5 2 0 5 0 2 0 1 1 1 0 0 0 0 1 2 1 91658.889871650041 87091.47797278811 92145.710242021043 90204.427993026751
11011033 1 9 0 1 0 8 5 5 3 7 6 4 0 6 4 1 2 1 2 1 0 0 0 0 3 3 4 91015.297773214115 85216.749124678026 90157.592137439642 91686.572525591459
11011033 1 4 11 8 3 0 4 7 6 0 3 5 5 2 1 0 3 1 2 1 0 0 0 0 3 2 3 81007.300154306155 82076.989157124699 81275.977981970937 70699.329550826602
11011034 1 0 5 3 1 0 2 1 2 0 1 1 4 2 1 0 2 1 3 1 0 0 0 0 1 2 2 96135.285846810875 96185.407342306775 95954.887089467942 95648.418154625979
11011034 1 0 3 0 2 5 5 1 2 8 3 3 2 5 1 2 0 1 3 1 0 0 0 0 3 1 3 91012.4198996833 87847.993748921683 89065.614661648011 90317.584254051442
11011034 1 0 0 0 1 3 3 0 3 7 6 5 3 10 8 7 5 1 1 1 0 0 0 0 2 4 4 89688.332801603276 89736.040870946323 79585.861197586637 89561.853862879449
11011034 1 9 8 6 4 11 6 5 3 3 2 5 2 0 0 4 1 1 1 1 0 0 0 0 1 1 1 86649.49346108349 -1.0000000000000001e+300 86965.713097325657 76992.272527472742
11011035 1 3 3 0 0 3 4 4 0 4 1 3 0 2 1 2 2 1 2 1 0 0 0 0 2 0 2 96263.020043879384 95788.718316380618 96023.135444317319 96388.683386908626
11011035 1 0 7 4 2 3 7 2 2 3 4 3 1 0 1 3 4 1 2 1 0 0 0 0 3 1 3 87116.913532572071 -1.0000000000000001e+300 89294.969789574112 88205.949648043403
11011035 1 9 8 6 3 3 3 4 5 0 4 0 0 0 3 1 1 1 3 1 0 0 0 0 0 2 1 90704.295951980122 91537.145195077377 90725.44390049392 84740.989495722504
11011035 1 10 9 8 4 11 7 6 3 2 2 6 3 0 0 3 8 1 1 1 0 0 0 0 2 1 0 91478.867384909012 -1.0000000000000001e+300 100055.12256088167 82374.556910961895
11011036 1 0 0 1 0 0 1 2 2 2 0 4 4 0 0 5 1 1 1 1 0 0 0 0 1 2 3 96879.448419450389 96582.608679372293 96515.230842361198 96962.408931208251
11011036 1 3 0 0 0 0 0 4 3 3 3 7 3 3 7 1 2 1 4 1 0 0 0 0 4 4 3 88763.435948062397 88692.44333240774 88671.849755080606 89243.530376369716
11011036 1 1 0 1 0 2 2 2 1 5 6 1 0 9 8 6 3 1 3 1 0 0 0 0 3 4 3 91751.002107087756 91067.273161092759 83956.139317523193 91075.993827348037
11011036 1 2 5 3 8 3 4 5 7 3 3 6 9 0 3 11 10 1 2 1 0 0 0 0 4 2 1 35581.211090476456 90226.464987749205 90121.377328318835 92272.284961517682
11011037 1 3 3 0 1 2 5 3 0 4 4 3 3 1 3 4 5 1 2 1 0 0 0 0 2 2 0 93383.55654209631 93561.738891966568 92469.377919594437 93909.843501307332
11011037 1 4 5 7 6 3 3 4 5 0 1 0 3 0 1 0 2 1 3 1 0 0 0 0 3 4 3 90894.136942452125 90619.817800849734 -1.0000000000000001e+300 88100.069150052441
11011037 1 10 4 0 3 7 6 4 0 5 4 0 0 6 1 2 0 1 2 1 0 0 0 0 3 2 3 89065.06312576968 79343.386026098189 89091.638055399118 89028.561383982043
11011037 1 10 6 4 0 11 5 3 3 6 3 0 0 4 3 0 0 1 3 1 0 0 0 0 4 4 1 88789.491687919231 83050.776554582029 88610.646837406646 87457.941098016934
11011038 1 5 6 3 2 1 5 1 0 2 2 5 0 3 0 1 0 1 1 1 0 0 0 0 3 4 3 92720.208833630881 92191.995079466433 92906.754008992517 92920.275172161462
11011038 1 0 3 3 4 2 3 4 6 0 1 5 8 2 0 4 7 1 1 1 0 0 0 0 3 3 4 85522.612142079437 91760.771822754934 91389.019181517971 91347.951804494223
11011038 1 0 1 2 3 0 1 3 6 3 3 5 7 3 4 6 9 1 2 1 0 0 0 0 1 1 0 86278.120921822774 91355.816691130487 90910.337362911101 91159.382538624792
11011038 1 3 0 5 0 3 4 6 6 2 4 4 11 2 3 3 3 1 2 1 0 0 0 0 4 1 3 79027.36839560105 82590.799932465641 80666.82995992314 81189.765989412175
11011039 0 5 5 6 2 2 4 1 0 2 0 3 0 0 0 3 0 1 1 1 0 0 0 0 2 1 0 93523.618060765439 94187.686919748783 93705.712435722351 93969.961235464725
11011039 0 2 1 6 8 2 6 4 1 0 1 0 4 2 1 0 0 1 2 1 0 0 0 0 0 0 4 88772.424711972431 87245.008681427862 87499.187431905855 85746.665970763905
11011039 0 5 7 8 10 4 4 7 6 0 3 3 5 1 0 0 2 1 2 1 0 0 0 0 3 2 2 88941.436947648341 90384.011661326091 90618.268763117347 79388.906395717364
11011039 0 10 11 7 5 6 4 3 2 7 4 4 1 0 3 0 3 1 1 1 0 0 0 0 0 1 1 85146.480159654282 81025.502332165153 87650.664585951745 72165.318766860262
11011039 0 10 11 8 4 2 6 3 6 7 5 4 6 5 4 3 2 1 2 1 0 0 0 0 4 1 4 -1.0000000000000001e+300 -1.0000000000000001e+300 81 81
11011040 1 1 3 0 2 1 0 1 0 2 2 0 3 3 0 0 0 1 3 1 0 0 0 0 1 1 0 97322.519206071345 97215.786357444187 97357.368597752182 97661.005310222507
11011040 1 6 7 4 2 4 3 0 0 3 1 0 0 1 0 2 0 1 2 1 0 0 0 0 4 3 4 92388.506586181844 91748.415290917255 92281.779021364884 90657.791112643477
11011040 1 2 6 7 9 0 1 4 5 0 0 2 4 1 0 0 3 1 3 1 0 0 0 0 0 0 0 91156.118864269753 90858.268385881573 90844.577242838481 88670.325500046732
11011040 1 10 11 4 3 9 8 3 1 8 4 0 0 6 2 0 3 1 1 1 0 0 0 0 2 3 3 97353.848619554861 98473.323165571695 99076.486853481416 96716.067381573637
11011041 1 1 2 5 5 0 4 1 4 0 2 0 0 0 3 0 3 1 1 1 0 0 0 0 3 4 4 94607.583486720294 94769.112628303657 94994.553268964373 95233.883143842104
11011041 1 5 8 6 4 4 3 2 0 4 2 0 0 0 0 0 4 1 2 1 0 0 0 0 4 1 3 89674.990585993175 88830.756329444659 89930.362021663401 85910.076995148978
11011041 1 9 8 7 5 6 7 4 0 5 4 2 0 2 3 1 1 1 3 1 0 0 0 0 0 0 0 -1.0000000000000001e+300 87331.383728177112 92277.637209312932 91348.018487294496
11011041 1 9 11 7 3 6 4 3 0 4 1 0 0 3 3 3 2 3 6 0.1818181818181818 7 0.27272727272727271 8 0.54545454545454541 1 1 3 78174.227638481738 85812.199226392841 75470.59841068479 80071.528490187804
11011042 1 0 0 1 0 3 0 3 3 1 3 0 2 1 2 4 3 1 1 1 0 0 0 0 2 4 3 96366.953299857021 96235.001069489808 96345.285108775628 95983.896266978467
11011042 1 1 0 0 2 3 3 3 2 4 5 3 1 6 8 6 0 1 1 1 0 0 0 0 3 4 4 90820.017891677824 90299.118340203728 85341.49998841573 91310.778106084923
11011042 1 2 1 2 0 7 4 4 0 8 5 5 1 10 8 7 2 1 1 1 0 0 0 0 1 1 4 89621.553556423532 87473.318451075946 90275.932458156531 90286.064098710485
11011042 1 10 9 7 5 11 7 5 4 0 4 3 4 3 2 1 0 1 2 1 0 0 0 0 4 3 3 91642.018692074154 91856.239961087558 91284.532992852881 78831.804684386676
11011043 1 0 3 0 0 0 0 3 1 1 3 0 1 1 3 2 2 1 2 1 0 0 0 0 0 1 0 97176.704174571569 97354.745050571582 97119.814234192731 97067.204282219012
11011043 1 1 0 4 0 0 2 1 3 2 6 4 2 3 6 7 1 1 4 1 0 0 0 0 1 1 0 90283.05740735351 90571.204347796447 90017.205163434919 90552.084439212806
11011043 1 4 3 3 0 6 2 0 0 8 4 2 0 10 3 3 1 1 1 1 0 0 0 0 0 0 0 89194.23320258889 82582.072595626931 88197.806026344027 88670.934691840841
11011043 1 5 11 11 0 2 3 5 1 1 4 3 2 3 0 0 0 1 3 1 0 0 0 0 2 2 0 93738.874563267571 93941.373221907881 93583.294912751328 93193.152326850861
11011044 1 0 0 3 6 0 3 6 3 1 2 2 3 3 1 3 1 1 3 1 0 0 0 0 3 4 3 92645.568383209189 92732.222901973015 92646.149678011498 92530.050011416839
11011044 1 5 3 3 0 7 2 1 0 8 3 0 1 6 4 0 1 1 3 1 0 0 0 0 2 4 3 90427.162862166602 84636.721963721575 90633.139630008067 90398.313677152692
11011044 1 4 1 0 0 5 4 2 0 7 5 3 3 10 6 4 0 1 1 1 0 0 0 0 1 2 3 89915.206691265717 86580.65428385837 89459.200003451726 89377.981048592337
11011044 1 10 7 2 0 11 6 5 1 6 5 0 0 5 3 1 3 1 2 1 0 0 0 0 0 0 0 -1.0000000000000001e+300 73997.349406911482 88915.136336008261 87769.847757846932
11011045 1 4 4 2 0 3 1 5 6 2 0 3 1 0 3 0 0 1 3 1 0 0 0 0 1 1 1 93525.566334678791 93696.654371979806 93329.656956701365 93169.798954423924
11011045 1 5 0 0 3 8 4 0 2 7 6 3 0 5 1 0 0 1 1 1 0 0 0 0 3 4 3 89070.811990315968 84552.109398904911 88883.586607049961 88441.93866176781
11011045 1 10 8 5 4 8 6 3 0 5 5 2 0 4 1 0 1 1 3 1 0 0 0 0 2 3 2 90471.486585904378 88520.007066962542 89490.280604603133 89294.863212132594
11011045 1 4 2 3 1 5 1 3 0 11 5 3 0 9 8 3 2 1 3 1 0 0 0 0 4 4 3 -1.0000000000000001e+300 72643.492818598766 83218.582285042852 87100.38758005733
11011046 1 4 3 3 1 4 3 2 0 6 4 5 3 5 0 0 0 1 1 1 0 0 0 0 2 3 2 92483.188537960959 93150.816246668473 92929.951110481983 92254.060173255566
11011046 1 1 2 0 2 0 0 3 3 0 6 6 4 5 7 8 6 1 2 1 0 0 0 0 3 1 4 89109.969671402898 89218.028993699918 82827.486428568416 89472.492206727256
11011046 1 0 0 3 0 0 3 3 0 5 5 5 5 3 4 7 10 1 1 1 0 0 0 0 2 3 1 88895.257491699886 89899.350365992301 84636.661673835362 89631.157117068215
11011046 1 0 0 2 4 2 3 4 6 0 0 6 11 3 7 9 10 1 3 1 0 0 0 0 3 1 2 77446.71449541024 -1.0000000000000001e+300 88668.460978562507 91812.949570322249
11011047 1 0 0 2 0 1 0 3 0 3 3 4 3 5 1 2 1 1 3 1 0 0 0 0 1 2 1 95730.320569084754 95866.972011954582 96037.221335717186 -1.0000000000000001e+300
11011047 1 0 0 0 2 1 1 7 7 0 3 3 4 0 3 2 3 1 4 1 0 0 0 0 0 0 0 89917.243324039839 90274.448017970164 89243.70468714954 89360.191995568166
11011047 1 1 0 0 0 2 4 0 6 1 2 5 7 4 4 6 9 1 1 1 0 0 0 0 1 2 0 83759.87622582796 90989.179285689999 88264.519534327628 90840.540456256524
11011047 1 4 1 2 3 8 7 3 1 11 5 2 2 6 5 1 0 1 3 1 0 0 0 0 1 1 1 81926.060586991429 80387.445799468434 80804.392843546855 82979.698984436531
11011048 0 3 5 3 2 0 3 3 4 0 4 2 2 0 0 1 0 1 3 1 0 0 0 0 2 0 0 95436.341686884567 95715.52454439798 95421.963616271809 95628.506588684191
11011048 0 5 8 7 5 3 4 4 3 0 1 3 1 0 0 2 2 1 2 1 0 0 0 0 3 2 4 89529.167860265632 89292.428195164903 89661.816485548814 85882.150557535861
11011048 0 3 8 9 10 3 4 5 1 3 1 4 0 2 2 0 2 1 2 1 0 0 0 0 3 1 4 88830.07904441515 87675.453749196022 88849.379454001188 76542.331181327972
11011048 0 8 11 6 4 7 6 3 1 3 3 3 0 0 0 2 0 1 3 1 0 0 0 0 0 0 0 85215.889391956356 85297.859547637257 85497.587071942311 81316.57333442563
11011048 0 5 3 3 1 3 11 3 1 2 2 7 8 4 10 9 6 1 1 1 0 0 0 0 0 1 1 3 3 3 3
11011049 1 1 4 3 1 1 2 4 3 3 0 1 0 0 0 2 0 1 3 1 0 0 0 0 1 3 3 96157.321190898379 95934.09960513511 96056.316152073094 96114.720844762429
11011049 1 0 3 0 0 0 3 2 1 2 3 5 1 3 7 4 4 1 3 1 0 0 0 0 0 0 1 90903.154678847044 90756.919821616189 90589.416420154463 90997.33307978716
11011049 1 0 0 6 1 2 10 3 1 0 3 10 4 3 3 0 3 1 2 1 0 0 0 0 3 3 2 87764.316588565867 85220.130329205029 79125.317589886268 83650.438046313997
11011049 1 5 6 9 10 3 5 8 11 3 4 3 3 0 2 1 3 1 1 1 0 0 0 0 3 4 2 94705.498197649067 92931.262974342622 94362.145576358598 81683.643495329525
11011050 1 0 0 4 3 0 0 3 3 2 1 2 4 0 2 3 0 1 3 1 0 0 0 0 4 2 2 95898.437873985094 96104.266500289479 96271.405560657455 96428.009596576114
11011050 1 6 4 4 5 8 3 3 3 6 0 2 1 3 0 0 3 1 2 1 0 0 0 0 1 0 1 91543.936432926916 87252.625508145313 -1.0000000000000001e+300 88230.12372145972
11011050 1 9 6 3 0 8 5 1 0 7 6 0 0 5 4 4 2 1 3 1 0 0 0 0 4 4 3 90360.893010050393 82535.439811680757 89242.889883764044 90114.995114845136
11011050 1 2 0 3 3 3 0 4 6 3 4 6 11 4 6 8 9 1 1 1 0 0 0 0 3 3 4 86823.606364002975 87121.955581956368 86943.898271563681 87702.036635603959
11011051 1 3 3 3 0 3 0 2 0 0 0 3 3 0 2 1 0 1 1 1 0 0 0 0 0 0 0 96866.977467535209 97084.710470499413 96853.229027048903 96888.93205650727
11011051 1 6 8 6 3 5 3 1 1 1 3 2 2 0 2 0 1 1 3 1 0 0 0 0 3 4 3 91620.629017648957 91349.742167055621 91449.202190033116 86305.554056348847
11011051 1 10 9 6 5 8 6 5 3 4 3 3 2 3 1 0 0 1 3 1 0 0 0 0 3 3 3 89059.028475269792 89159.995176344935 -1.0000000000000001e+300 85366.776899007731
11011051 1 1 11 8 6 2 5 6 3 2 4 3 3 0 0 2 3 1 1 1 0 0 0 0 1 0 1 82116.984099253561 82289.284249386445 81990.154631919344 77640.581911305795
11011052 1 0 3 2 3 3 0 2 1 0 1 4 1 0 0 2 0 1 3 1 0 0 0 0 4 4 3 97127.868719638471 96910.235343644119 97115.123010451876 97068.010681964093
11011052 1 2 4 3 4 0 1 4 7 0 0 4 8 1 4 0 5 1 3 1 0 0 0 0 1 2 1 83908.699646566936 88977.914742241992 89438.777633642952 90608.142845982293
11011052 1 1 0 0 4 0 0 2 6 2 0 5 8 1 4 5 9 1 1 1 0 0 0 0 2 3 3 85348.511594969765 91189.007035401213 90710.398088188042 91047.923515565373
11011052 1 3 0 3 0 4 4 0 1 5 6 3 0 8 11 4 3 1 3 1 0 0 0 0 1 2 1 85043.232125050767 82855.005982404939 80062.712419809541 84825.522135015475
11011053 1 0 2 1 0 2 0 3 0 0 4 6 3 1 6 5 5 1 3 1 0 0 0 0 0 0 1 91515.734146017538 91467.641714555255 91489.465872766261 92040.361870447785
11011053 1 0 1 0 1 1 0 0 4 2 2 4 5 4 6 8 7 1 2 1 0 0 0 0 3 3 4 91253.572566559393 91206.93738407256 85929.553661711645 91493.701726300729
11011053 1 0 0 0 3 3 0 2 0 6 5 3 1 5 7 8 9 1 2 1 0 0 0 0 3 2 3 91014.629108938767 91479.633326322815 78055.431232507006 89827.393412455756
11011053 1 0 4 4 9 1 4 6 11 3 4 6 2 1 2 0 0 1 3 1 0 0 0 0 2 2 2 75317.344286865322 82538.608280201355 78365.809350434676 78526.785462991495
11011054 1 3 1 3 3 0 5 3 3 1 3 4 1 3 0 0 0 1 2 1 0 0 0 0 0 2 0 95631.647871931404 96305.205596519823 95593.333102826713 95845.801820715264
11011054 1 0 8 7 3 0 5 6 3 3 5 1 3 1 5 0 3 1 2 1 0 0 0 0 2 3 1 87899.752502868461 87757.871224214192 88557.355334409396 81031.696936092092
11011054 1 10 7 4 3 4 4 1 0 4 0 0 2 5 1 0 0 1 2 1 0 0 0 0 0 0 1 87660.583070249239 87926.083796381237 89382.962933030198 86706.900771523477
11011054 1 2 5 11 9 3 4 6 8 0 1 4 5 3 0 3 3 1 3 1 0 0 0 0 4 4 2 85838.211257169838 86892.654142795946 86703.272675856089 85759.900790266023
11011055 1 3 1 5 4 2 4 3 0 4 0 0 1 5 2 0 0 1 3 1 0 0 0 0 3 3 2 94430.795606445696 94351.207157929734 93938.951531041239 94521.302331627347
11011055 1 0 3 0 0 4 3 3 2 5 6 4 3 6 8 6 5 1 1 1 0 0 0 0 2 2 1 90452.966253885141 89137.022899004893 85484.455174741786 89986.650909553558
11011055 1 2 0 0 0 0 0 1 3 5 3 4 0 9 8 4 0 1 1 1 0 0 0 0 0 1 0 91423.892919074744 88913.268897726652 85038.196924651449 91148.730133837438
11011055 1 9 9 5 5 11 4 1 3 6 1 0 0 4 3 0 0 1 2 1 0 0 0 0 1 2 1 88490.836855078334 79481.841833996819 -1.0000000000000001e+300 83873.194156696234
11011056 1 3 4 1 3 4 6 2 0 0 4 0 0 0 0 1 0 1 1 1 0 0 0 0 2 4 3 94486.299829612166 94973.41704349166 94306.207222319208 94533.415415988653
11011056 1 3 1 0 0 5 4 2 0 8 3 0 3 6 4 3 0 1 1 1 0 0 0 0 3 4 1 91003.417965673449 87142.802756672783 90872.842131723562 91009.250015152342
11011056 1 4 0 3 0 5 1 2 0 6 5 3 0 10 8 4 4 1 3 1 0 0 0 0 4 4 2 89372.624917470079 86086.622471374285 83722.112385265966 -1.0000000000000001e+300
11011056 1 7 5 4 0 11 4 2 0 3 0 6 0 2 0 1 3 1 3 1 0 0 0 0 2 1 0 83674.870015965018 78796.42460682716 81609.48817025029 77510.930751264692
11011057 1 3 5 4 1 0 2 6 4 0 1 1 6 0 3 0 0 1 2 1 0 0 0 0 1 2 2 91847.590671657628 92117.644183349621 92494.969800970284 92083.847382276595
11011057 1 2 3 3 4 2 3 4 6 1 3 5 8 0 3 4 7 1 1 1 0 0 0 0 3 3 2 88583.101391099917 91457.651061547134 90729.565711059651 91529.171329871853
11011057 1 1 3 4 1 3 0 5 7 0 0 7 9 0 2 3 10 1 1 1 0 0 0 0 1 3 1 72654.465979872111 88386.554994959413 88726.495424743654 86300.255156161205
11011057 1 8 7 7 8 1 4 11 3 3 3 3 5 2 1 2 4 1 2 1 0 0 0 0 3 2 1 75602.158772340714 72941.643620521078 -1.0000000000000001e+300 -1.0000000000000001e+300
11011058 0 5 4 3 3 0 4 5 4 3 1 4 6 0 3 0 0 1 2 1 0 0 0 0 1 1 2 91846.770308766092 92272.109402325412 91856.561868011951 92830.233524930693
11011058 0 0 0 2 7 0 3 1 8 0 2 5 6 1 0 3 4 1 2 1 0 0 0 0 4 3 4 86823.561781849552 91886.110368914582 91484.745094421261 91261.930225966935
11011058 0 3 4 3 9 3 1 5 7 0 3 3 5 2 0 1 3 1 2 1 0 0 0 0 0 0 0 88495.038544805459 90325.555896106933 90539.187909536719 88881.504059172352
11011058 0 0 3 8 9 0 2 7 11 1 1 0 7 3 2 3 4 1 3 1 0 0 0 0 2 2 2 85042.640488254096 88418.88021477533 87843.430870899916 85161.661447198829
11011058 0 1 5 9 10 3 3 1 11 6 7 5 8 3 9 3 2 1 3 1 0 0 0 0 0 1 1 6 6 -1.0000000000000001e+300 -1.0000000000000001e+300
11011059 1 0 4 2 0 0 5 1 0 5 1 0 2 5 1 2 0 1 2 1 0 0 0 0 3 2 4 94687.535542669124 94846.011846119422 95041.249638290567 95030.111785161615
11011059 1 3 0 3 5 0 0 3 6 0 3 5 8 2 4 6 7 1 3 1 0 0 0 0 1 0 0 84234.695949347995 91882.976027557612 91158.554817709955 91595.045272386458
11011059 1 0 0 3 0 1 2 1 3 0 3 4 8 0 4 6 10 1 2 1 0 0 0 0 2 2 3 83564.074995292773 89579.070963787424 84672.737763219644 89313.1978947436
11011059 1 0 3 2 0 3 4 3 2 9 7 6 3 10 11 8 6 1 1 1 0 0 0 0 1 0 0 93487.739534863125 93266.361275789168 78733.638345606494 -1.0000000000000001e+300
11011060 1 0 3 1 1 0 4 6 3 1 1 2 5 2 0 0 0 1 3 1 0 0 0 0 0 2 3 94028.898487518236 93575.068807692005 93107.537342357638 93771.750025384128
11011060 1 5 6 8 4 3 5 3 3 1 0 2 3 0 0 0 3 1 3 1 0 0 0 0 1 1 0 90068.079112333871 90289.067450379094 90193.434806527992 88386.468470164982
11011060 1 1 0 0 9 0 2 6 8 1 1 4 6 2 2 1 5 1 3 1 0 0 0 0 2 3 3 83005.260912026526 91069.079590898327 90924.456651742352 90351.102084082959
11011060 1 3 4 1 3 2 5 3 11 0 7 8 9 1 4 10 4 1 3 1 0 0 0 0 1 2 1 3 -1.0000000000000001e+300 49973.610123604762 53551.098053679547
11011061 1 1 3 0 0 5 6 3 4 5 5 4 0 1 2 1 2 1 3 1 0 0 0 0 1 2 1 90703.407781009868 91463.246923839601 91784.733498214628 91907.171442561666
11011061 1 0 2 5 6 0 0 5 8 3 1 3 6 0 1 4 4 1 3 1 0 0 0 0 2 3 1 84771.581649328509 90745.671949248324 91629.16967136506 90917.882583364364
11011061 1 0 6 0 0 0 2 6 10 0 4 3 3 1 0 1 0 1 3 1 0 0 0 0 0 1 1 85788.75093713151 88593.735082077168 89070.568932293056 86097.842408810568
11011061 1 10 11 6 4 8 6 4 2 5 4 3 1 2 4 0 3 1 2 1 0 0 0 0 3 1 2 90057.870679484855 88332.550857725742 90052.109705843526 80032.043571649992
11011062 1 0 2 0 1 3 1 3 0 0 3 2 0 4 3 1 3 1 1 1 0 0 0 0 2 4 3 96446.710182650771 96908.024572857117 96651.90986688195 96146.759716342902
11011062 1 0 2 1 2 0 2 6 0 1 1 6 7 4 3 3 0 1 3 1 0 0 0 0 1 1 1 90381.885119690953 90673.306017750947 90982.436390231102 90819.912439856605
11011062 1 0 3 4 5 0 3 5 8 0 2 4 9 6 3 3 10 1 1 1 0 0 0 0 1 1 2 77509.913958213103 89699.579425234959 90519.413194827182 88015.533072866732
11011062 1 2 1 8 10 0 3 6 11 0 0 3 6 0 2 3 4 1 1 1 0 0 0 0 2 2 3 80470.40010571442 89678.764382806708 90229.904720600374 83962.455225229205
11011063 1 0 0 3 0 0 0 3 6 0 3 5 5 3 1 5 4 1 1 1 0 0 0 0 2 4 2 91777.87937278091 91473.039534020849 92040.157376094925 91391.42338329411
11011063 1 5 7 8 7 3 4 5 6 1 3 5 3 0 2 3 3 1 2 1 0 0 0 0 4 3 4 91915.582894945837 91214.529562458585 91941.083345158142 85161.896583686379
11011063 1 3 4 7 10 0 3 6 8 1 3 4 7 0 0 3 3 1 2 1 0 0 0 0 3 3 3 78204.933128845834 89773.818692139481 89849.308105598277 89603.730444444838
11011063 1 3 3 0 0 2 1 3 3 3 4 6 11 3 6 9 10 3 6 0.1818181818181818 7 0.27272727272727271 8 0.54545454545454541 1 1 0 91650.914090167469 85668.311186439765 74351.394463490418 78796.993226067862
11011064 1 0 0 3 0 1 3 0 0 5 5 3 3 2 6 3 3 1 1 1 0 0 0 0 0 1 0 93180.451355757541 93466.363984833981 94129.764223678241 93827.093804359436
11011064 1 4 7 8 7 1 3 4 5 3 0 4 4 0 0 5 1 1 2 1 0 0 0 0 1 2 1 90562.803487035504 92341.363597577409 91150.214502620525 81583.529483357241
11011064 1 10 8 6 4 7 5 1 0 6 5 4 2 4 0 0 0 1 2 1 0 0 0 0 2 1 1 -1.0000000000000001e+300 88420.08068590668 89852.311701428029 85184.948654030115
11011064 1 0 1 2 0 2 3 6 11 0 2 5 7 0 3 4 4 1 3 1 0 0 0 0 3 1 1 80639.865969834835 82732.528148126381 80216.493603788258 81950.006076393722
11011065 1 1 3 2 1 4 4 3 3 0 3 6 0 0 0 3 1 1 3 1 0 0 0 0 1 3 2 93984.873693061658 93894.924473905863 94099.649055078291 93307.591438198098
11011065 1 7 7 1 2 8 3 3 2 7 2 0 1 4 3 0 3 1 1 1 0 0 0 0 0 0 1 92011.801705003934 84131.312701499657 91459.068965710016 92303.643701035355
11011065 1 9 7 3 0 8 4 3 2 5 3 2 0 4 1 0 1 1 3 1 0 0 0 0 0 0 0 90608.130445177274 84922.013230536031 90615.035802890037 90868.650108074187
11011065 1 8 11 7 5 4 5 6 2 3 4 6 2 2 1 4 0 1 3 1 0 0 0 0 4 2 3 79339.495813114132 77826.308930318293 78261.123521826434 74877.259576219163
11011066 1 3 0 0 3 3 0 0 0 1 3 4 1 5 3 2 3 1 2 1 0 0 0 0 2 2 0 95975.354403654725 96019.224794696871 95829.487730308814 96062.594029756248
11011066 1 0 3 7 4 2 3 4 3 0 4 5 1 1 3 1 2 1 3 1 0 0 0 0 3 4 3 89333.754601438137 88622.528177481916 90807.817650076526 91314.704646535116
11011066 1 3 0 1 1 0 3 4 4 2 2 7 8 5 8 9 10 1 2 1 0 0 0 0 4 3 4 80121.836245947648 80035.539638081755 72216.440021902716 82624.937345016515
11011066 1 1 1 3 4 2 2 4 11 0 4 6 9 4 5 8 6 1 2 1 0 0 0 0 2 1 3 58622.103519424425 -1.0000000000000001e+300 75200.680763409851 74858.534733432753
11011067 1 3 1 0 1 3 6 3 0 4 5 0 0 3 5 6 2 1 2 1 0 0 0 0 0 0 0 90642.674740878007 90027.233976734467 90397.119948661071 90317.37790936073
11011067 1 0 0 3 1 3 2 1 0 4 6 4 2 7 8 7 4 2 4 0.5 5 0.5 0 0 2 2 2 90095.669108509464 90585.66038760083 82579.965640227791 90515.381829880731
11011067 1 3 3 0 0 6 3 0 2 7 6 4 3 10 7 4 1 1 3 1 0 0 0 0 2 2 0 89040.193545092028 90047.281252719316 89145.838395207538 89143.622398856154
11011067 1 1 0 0 2 1 0 1 2 9 5 4 3 10 11 6 4 1 2 1 0 0 0 0 1 1 3 90241.082636344509 91281.093861219284 70507.311612414473 -1.0000000000000001e+300
11011068 1 2 1 0 0 2 4 3 2 1 2 1 5 3 3 4 4 1 2 1 0 0 0 0 4 2 4 94695.602998406612 95348.0883405395 94778.557115157644 95053.225793551217
11011068 1 2 1 3 4 0 5 5 6 0 0 3 7 0 0 3 3 1 2 1 0 0 0 0 1 0 2 90077.886182390124 90800.521315947684 90458.716671921313 90227.669679349056
11011068 1 1 0 5 2 2 3 4 5 0 3 6 7 0 1 3 9 1 3 1 0 0 0 0 3 3 3 82030.446092388258 90816.606723944904 90600.713666275755 90267.231785952667
11011068 1 5 3 0 0 5 6 7 11 2 4 7 1 3 1 3 2 1 1 1 0 0 0 0 1 2 1 -1.0000000000000001e+300 67257.644547230608 74670.876650751918 76052.978517287003
11011069 1 0 1 0 1 0 5 3 3 3 6 5 5 1 3 6 2 1 2 1 0 0 0 0 2 3 3 88866.981442217206 89826.946152118573 87603.938531557709 -1.0000000000000001e+300
11011069 1 3 3 0 0 3 4 3 1 3 5 3 2 5 6 8 7 1 2 1 0 0 0 0 4 3 3 91162.619020913189 90906.452332550209 83447.687742346359 91181.471117864581
11011069 1 0 2 3 0 2 4 0 0 6 4 1 1 7 8 9 10 1 3 1 0 0 0 0 1 1 1 89425.705651967495 89460.335690375039 73127.734279909622 90743.716883652844
11011069 1 3 0 2 2 0 3 1 3 3 4 6 7 5 7 11 10 1 1 1 0 0 0 0 0 0 0 88283.881355304591 88245.474059896063 76005.889845212107 88555.408841177181
11011070 1 6 3 3 1 1 4 2 0 2 5 4 0 4 0 0 0 1 2 1 0 0 0 0 1 0 1 94443.216842651367 94821.256115118682 93761.620782732964 93811.899253022333
11011070 1 1 3 4 6 0 3 5 8 1 2 4 6 0 0 3 4 1 1 1 0 0 0 0 1 3 3 86093.059867568911 90849.55288285407 91085.85340882976 90830.266509404057
11011070 1 5 6 8 10 0 3 7 7 2 0 3 4 0 0 1 0 1 3 1 0 0 0 0 1 1 1 90415.747403993213 90573.610064283115 90315.052756341451 84170.268640384136
11011070 1 0 3 6 9 2 3 4 11 0 1 3 5 3 3 1 3 1 1 1 0 0 0 0 2 4 3 78805.976930818506 85181.732123364898 85091.222425659929 85677.613339165429
11011071 1 2 0 0 0 5 3 1 2 3 4 3 2 4 5 6 0 1 2 1 0 0 0 0 4 1 4 92449.116246400052 92819.41181402246 92037.666569862849 93821.587296874422
11011071 1 0 0 1 0 0 4 4 0 1 3 1 2 6 8 6 3 1 3 1 0 0 0 0 1 3 1 89758.405177550841 89794.923299363407 86315.047937578158 -1.0000000000000001e+300
11011071 1 2 3 1 0 5 3 1 2 7 4 3 0 10 7 0 0 1 2 1 0 0 0 0 3 2 4 89955.469002388651 87057.743484694656 89991.828122045961 89896.757538022255
11011071 1 0 0 3 5 1 3 5 6 3 4 8 8 0 0 2 11 1 2 1 0 0 0 0 2 1 2 75590.2860176268 80369.895831020185 80005.428850008233 80182.858781437331
11011072 1 3 5 2 1 1 2 4 4 0 3 0 3 0 0 0 3 1 2 1 0 0 0 0 2 1 0 95213.95901977575 95357.238429175472 95424.37575748231 95528.259616944517
11011072 1 5 6 8 7 0 1 4 6 0 3 3 3 2 3 0 3 1 2 1 0 0 0 0 2 1 0 89396.065927695425 91278.923518501135 90450.141461394669 84179.070371833077
11011072 1 4 5 6 10 4 7 5 6 3 0 4 5 2 3 0 0 1 3 1 0 0 0 0 1 0 2 91392.517202869116 90662.925736040808 88040.264475247415 83602.920958825154
11011072 1 4 5 7 9 3 2 4 11 0 0 1 4 2 0 2 3 1 1 1 0 0 0 0 3 2 3 85848.001855549257 86104.948314594556 85914.560515087811 81577.039793321674
11011073 1 3 3 4 3 1 5 3 1 2 3 4 3 2 0 0 0 1 3 1 0 0 0 0 4 4 3 94528.52147022594 94905.080642411223 94439.565437108817 94396.69368311658
11011073 1 1 4 0 1 7 5 3 2 4 4 0 0 0 2 0 3 1 2 1 0 0 0 0 2 1 0 92014.717645761208 90808.045135821201 91838.461044648051 91360.34986706615
11011073 1 0 0 2 1 1 2 0 6 0 2 5 7 4 4 6 9 1 1 1 0 0 0 0 1 1 2 86204.469368086473 91239.688522330005 90548.709214830538 91287.011512591707
11011073 1 1 9 11 8 2 6 7 4 0 6 2 0 0 3 2 3 1 2 1 0 0 0 0 4 1 3 75661.291515287943 74920.366543178432 79178.795723015079 79090.931383669551
11011074 1 0 0 0 2 0 1 3 0 4 5 4 3 3 5 4 4 1 3 1 0 0 0 0 2 2 1 94178.427074994877 94837.344058328206 93526.539022807265 94638.213418720392
11011074 1 0 1 4 0 4 2 3 2 3 2 4 1 3 8 6 3 1 3 1 0 0 0 0 4 3 3 88978.383319632208 88362.942119725238 86339.671906860938 89333.319598212998
11011074 1 0 1 0 0 1 3 2 3 4 3 5 7 10 9 7 5 1 3 1 0 0 0 0 2 3 2 90548.389371070371 90122.080782363017 77996.949983104074 89808.966652679403
11011074 1 2 4 2 0 3 7 4 1 10 5 3 2 10 11 3 0 1 3 1 0 0 0 0 4 2 3 -1.0000000000000001e+300 92449.726177003729 93146.765255287304 93529.184737603704
11011075 1 4 6 5 4 2 5 3 0 0 3 3 2 0 1 3 0 1 1 1 0 0 0 0 3 3 3 92347.437964130324 92337.02510206493 93279.629662509309 92816.577563344326
11011075 1 0 1 1 0 3 3 0 2 4 5 5 6 5 6 8 7 1 2 1 0 0 0 0 0 0 0 90782.613054879839 91493.661813867555 84122.941007472997 91516.798198135104
11011075 1 4 1 1 3 2 3 5 5 0 0 3 10 3 0 0 0 1 2 1 0 0 0 0 0 0 0 83885.282796245447 88222.066790190118 87774.113625612241 88595.762051361904
11011075 1 0 2 3 3 0 3 4 5 1 5 7 11 5 6 8 10 1 2 1 0 0 0 0 4 3 4 87867.178307909227 89856.54793229283 91777.358968707485 -1.0000000000000001e+300
11011076 1 0 2 0 2 3 3 1 0 4 2 3 0 1 6 6 3 1 3 1 0 0 0 0 4 3 3 91856.338853817913 92828.70690771185 93053.267448144485 92955.820545907103
11011076 1 1 0 3 4 0 4 1 1 6 4 5 2 3 7 4 3 1 2 1 0 0 0 0 1 2 1 88424.462882684194 90112.295086172569 86492.509571024479 90474.576263789626
11011076 1 0 0 0 3 1 2 1 6 0 2 5 7 5 6 8 9 1 1 1 0 0 0 0 0 1 0 87595.987645654197 90483.919690501585 82833.198398965309 90653.145632251428
11011076 1 1 2 0 0 5 5 3 1 9 8 3 0 10 11 2 5 1 3 1 0 0 0 0 4 4 3 86896.265786913194 77577.315518103409 90938.417920277367 90741.589356850396
11011077 1 0 0 2 0 3 0 0 2 1 3 3 0 4 2 4 1 1 2 1 0 0 0 0 3 1 4 96694.863039215401 96482.297802347341 96964.784849789867 96347.977835351034
11011077 1 0 2 1 3 0 4 4 8 0 3 5 6 2 4 1 3 1 1 1 0 0 0 0 1 2 3 83670.011862333151 88483.497812439178 88262.109803215848 -1.0000000000000001e+300
11011077 1 3 1 2 10 0 1 5 9 1 2 3 7 0 3 0 3 1 2 1 0 0 0 0 0 0 1 80384.981204691503 90101.572217862398 89552.424830986012 89184.511869550726
11011077 1 10 11 8 5 9 6 4 4 5 4 0 5 6 3 3 0 1 1 1 0 0 0 0 3 4 4 92424.23575627117 78341.589179076094 81365.006034036327 78427.42233813327
11011078 1 0 1 2 2 3 0 0 3 2 2 1 1 0 0 0 0 1 3 1 0 0 0 0 1 0 1 97039.866900901412 96947.235008097137 97087.058772674107 97015.852224628557
11011078 1 4 6 8 3 4 5 3 3 0 3 1 0 1 0 0 0 1 1 1 0 0 0 0 1 4 2 88505.369076409173 88295.056941851799 89663.87570891589 88587.18192318287
11011078 1 10 6 4 3 8 2 2 1 5 1 0 0 1 2 0 0 1 3 1 0 0 0 0 4 4 3 89597.602211660094 84618.263200709669 88987.588361491478 86631.692195039068
11011078 1 4 11 8 6 1 1 5 5 2 2 3 4 0 0 3 3 1 1 1 0 0 0 0 3 4 3 82051.422093812347 83905.376578864059 85086.993577941073 75492.993905577852
11011079 1 2 1 4 0 1 1 6 0 2 6 1 0 4 3 3 2 1 2 1 0 0 0 0 2 2 4 92314.020840050682 91989.669133964053 91597.67825911229 92158.967669208854
11011079 1 7 7 8 7 3 6 5 2 1 2 4 0 3 0 0 0 1 1 1 0 0 0 0 1 1 1 90417.48765157038 87444.549048876986 -1.0000000000000001e+300 75459.705152754876
11011079 1 3 5 4 0 4 3 3 1 6 6 5 2 10 3 1 1 1 2 1 0 0 0 0 0 1 1 87118.325205342611 82863.101683338886 86623.799022388746 85809.78379240747
11011079 1 9 5 4 3 11 3 3 0 4 3 3 2 3 0 2 0 1 1 1 0 0 0 0 3 2 4 85893.081234275262 80388.968621181833 86365.252617594946 83848.811057890925
11011080 1 0 1 0 0 0 4 4 1 3 3 4 5 0 1 2 6 1 2 1 0 0 0 0 0 1 1 94235.920973316664 94256.052762786538 93513.327406618337 94005.034767021731
11011080 1 0 1 3 5 2 2 5 6 1 1 2 7 0 0 3 4 1 3 1 0 0 0 0 0 0 0 91023.86238486669 91513.880262652732 91267.137032097293 91335.734739213367
11011080 1 9 5 3 1 7 4 0 0 5 0 0 3 1 3 0 0 1 1 1 0 0 0 0 0 3 2 91084.761463443021 86743.327189284144 91031.666322227917 90816.169491648659
11011080 1 4 11 10 0 9 7 4 0 3 3 1 3 0 0 0 3 1 3 1 0 0 0 0 0 1 0 70201.297391210173 68381.708855303223 69542.568902780913 63250.166712141792
11011081 1 0 3 0 0 4 1 1 1 0 2 4 2 3 0 3 2 1 1 1 0 0 0 0 3 4 2 96455.533319361406 96552.891257393494 96499.27516301877 96004.274133999992
11011081 1 3 0 0 0 2 0 3 2 1 0 7 4 3 4 8 5 1 3 1 0 0 0 0 2 1 1 85688.738965253258 86827.664077965921 84904.938529104198 86960.57866146091
11011081 1 0 0 4 10 0 0 8 8 2 3 4 6 0 1 0 5 1 1 1 0 0 0 0 3 4 4 79929.653081287863 89474.311996937089 89705.658229600784 85395.537473816265
11011081 1 0 10 11 2 0 3 9 4 8 7 7 4 1 3 4 3 1 2 1 0 0 0 0 4 3 4 94288.347072860575 96906.133303845112 83557.679060755589 84411.081271351388
11011082 1 0 0 0 1 0 0 2 1 2 0 2 4 0 1 3 4 1 2 1 0 0 0 0 4 3 4 97056.476435648889 96922.916585248895 97164.412099545283 97326.794442132028
11011082 1 0 2 1 0 3 0 3 5 3 5 5 6 5 6 8 7 1 2 1 0 0 0 0 1 0 1 89903.768121823479 92045.379994658389 86047.236853883311 92031.854310113544
11011082 1 2 0 0 3 0 1 0 7 0 3 0 8 1 2 6 10 1 1 1 0 0 0 0 3 4 4 84525.544493263442 89582.154169143178 89471.54524324229 89637.172233940961
11011082 1 1 3 5 9 3 1 6 11 0 0 3 6 0 0 2 4 1 3 1 0 0 0 0 3 4 3 81484.074580884451 -1.0000000000000001e+300 -1.0000000000000001e+300 84309.193928923531
11011083 1 3 0 2 1 4 4 5 4 6 6 3 2 3 1 1 3 1 2 1 0 0 0 0 3 3 4 91051.244821942892 89711.273010621939 89679.298321660346 -1.0000000000000001e+300
11011083 1 5 5 0 0 6 0 0 0 8 5 2 0 6 5 3 3 2 4 0.5 5 0.5 0 0 2 1 0 90336.159188482125 88217.167981853941 91157.573403942646 91593.852782923423
11011083 1 3 0 1 1 0 0 3 0 1 6 3 4 9 8 7 5 1 1 1 0 0 0 0 0 4 3 89562.582455571741 89301.018536086049 82072.614483129961 89858.175703016692
11011083 1 3 3 2 1 0 4 4 0 5 8 7 4 7 11 8 5 3 5 0.37499999999999994 6 0.24999999999999994 7 0.37499999999999994 0 0 1 68515.905897993522 66333.076839208399 72496.299805974137 58502.240145548436
11011084 1 2 5 3 3 0 0 1 1 4 2 3 0 0 2 0 0 1 1 1 0 0 0 0 2 2 2 96162.113053970563 96250.865306349748 95632.453796252492 96332.011695142151
11011084 1 4 7 8 7 3 4 5 6 0 3 4 5 2 0 4 4 1 2 1 0 0 0 0 4 2 4 91611.081385393278 91888.800209722438 91793.358130509063 82766.375382151033
11011084 1 4 7 7 9 1 3 4 6 3 0 2 4 1 0 3 0 1 2 1 0 0 0 0 1 1 0 87361.612775662565 91193.596104459953 -1.0000000000000001e+300 78739.92720164737
11011084 1 4 11 6 5 3 4 5 2 1 0 3 1 0 0 0 3 1 2 1 0 0 0 0 1 1 0 82176.513212640886 82315.536738922354 82463.732565933926 81220.255887006278
11011085 1 2 1 0 0 3 0 0 3 5 0 4 1 4 4 3 3 1 2 1 0 0 0 0 0 0 0 95318.881067231356 96075.127767248166 94912.855277744864 95212.160515782016
11011085 1 2 0 2 0 1 1 3 0 3 3 4 4 5 6 8 7 1 2 1 0 0 0 0 3 2 4 91379.575355787849 91457.592619826246 86121.894762148455 91456.498544734801
11011085 1 1 0 3 4 3 3 4 0 3 4 5 8 5 7 9 10 1 2 1 0 0 0 0 1 1 2 87943.841568466116 89636.139335049054 74270.081956460126 88672.622908503137
11011085 1 3 6 11 2 1 3 7 10 3 4 5 5 4 3 2 3 1 3 1 0 0 0 0 3 2 0 34081.206775474282 65047.659387829561 -1.0000000000000001e+300 -1.0000000000000001e+300
11011086 1 0 2 0 5 1 4 4 4 0 4 6 3 0 4 1 2 1 2 1 0 0 0 0 3 2 4 92562.240741534682 92772.143574091737 93097.069120694825 92547.80854492166
11011086 1 0 3 3 4 0 4 5 7 3 0 4 5 0 0 2 5 1 1 1 0 0 0 0 1 1 1 89786.876542948128 91323.677425467933 92668.785770865332 90427.54407259282
11011086 1 0 0 0 1 3 2 3 0 2 3 5 6 5 7 8 10 1 3 1 0 0 0 0 1 0 0 89571.664734399499 89548.971230343261 75257.265574584919 86403.364272570179
11011086 1 11 9 5 3 1 4 2 1 4 0 3 0 3 0 2 0 1 2 1 0 0 0 0 4 3 3 79596.08433238267 80449.594994798477 -1.0000000000000001e+300 74650.397125780408
11011087 0 0 3 0 3 0 2 1 2 1 3 3 0 3 2 1 0 1 2 1 0 0 0 0 4 3 4 96749.76056739068 96934.749048031459 96821.363567122055 96687.964744510071
11011087 0 0 0 2 0 1 2 1 1 4 5 3 3 5 6 8 7 1 3 1 0 0 0 0 2 3 2 91618.622172875926 91568.399318136493 87075.250027915856 91424.592384928488
11011087 0 3 3 4 5 2 3 4 5 3 5 7 0 2 6 7 9 1 1 1 0 0 0 0 1 0 0 90852.078392253679 91783.279987364513 84857.392529986071 89956.158392519559
11011087 0 4 4 1 2 5 8 3 0 9 7 4 2 10 11 6 4 1 3 1 0 0 0 0 4 3 3 82854.55792421622 72139.83560197051 81415.232658706533 81198.465335641158
11011087 0 0 1 3 1 3 6 8 4 9 7 5 2 10 11 6 4 1 3 1 0 0 0 0 1 2 0 3 -1.0000000000000001e+300 3 -1.0000000000000001e+300
11011088 1 3 3 2 0 5 3 5 1 3 6 4 0 0 0 2 0 1 1 1 0 0 0 0 0 0 0 92191.253924148245 92583.827969906444 92500.410682695074 93364.63678608519
11011088 1 5 6 8 7 1 5 4 3 2 4 1 0 3 0 4 2 1 3 1 0 0 0 0 4 4 3 91085.420884811218 90433.867222359273 90967.418955359608 84111.971017140269
11011088 1 3 5 7 10 1 4 5 6 3 3 0 5 0 0 2 1 1 1 1 0 0 0 0 1 3 1 89810.403741223825 89660.77701347947 89421.534187877813 86449.385390389085
11011088 1 0 1 4 2 3 2 4 11 1 4 5 8 5 3 8 4 1 1 1 0 0 0 0 0 1 1 75826.409936962475 -1.0000000000000001e+300 79460.136956392991 78936.670011725306
11011089 1 3 4 3 4 1 2 4 5 0 3 6 3 0 3 3 0 1 3 1 0 0 0 0 4 4 2 92530.632994630607 92758.008507587292 92396.932391616443 93453.26770581257
11011089 1 0 3 3 4 0 3 4 7 0 6 3 1 1 3 1 2 1 3 1 0 0 0 0 2 4 1 89304.992086559709 88497.225090175256 88952.328789255305 90223.42602682962
11011089 1 4 6 8 9 6 1 2 3 3 0 0 0 2 0 2 0 1 3 1 0 0 0 0 4 2 2 91364.045057413387 91191.225999949544 90968.164372514701 79340.477838365594
11011089 1 5 11 10 3 4 6 6 8 4 1 2 3 0 3 0 0 3 6 0.1818181818181818 7 0.27272727272727271 8 0.54545454545454541 4 4 2 72013.364754089547 65361.510071869088 69205.167836765046 66223.975679268042
11011090 1 1 3 3 5 2 5 5 4 0 1 0 3 2 0 0 2 1 1 1 0 0 0 0 1 1 3 94587.350293973417 94829.220742863428 94579.103136549398 94215.152994414835
11011090 1 0 0 2 3 1 6 2 0 7 5 4 1 5 4 2 0 1 1 1 0 0 0 0 0 0 0 90085.989565662196 89769.263346818218 90216.020855933821 90701.134197763808
11011090 1 3 1 0 0 6 0 3 0 8 6 3 2 10 4 1 2 1 3 1 0 0 0 0 3 3 3 89346.586431431948 84455.977946045154 89291.152096331803 89135.329895141855
11011090 1 5 6 11 2 2 4 6 7 1 3 1 0 1 3 3 4 1 3 1 0 0 0 0 2 3 1 73725.827424620191 71340.404573991691 76037.719783326684 74818.934688551759
11011091 1 0 2 0 1 1 0 0 1 4 0 2 5 2 4 5 6 1 2 1 0 0 0 0 1 0 0 94277.100379096126 94407.529497947209 93601.401088202445 94548.022608439132
11011091 1 1 0 0 2 3 3 0 0 4 4 3 3 3 6 8 0 1 2 1 0 0 0 0 3 2 3 89271.858219889342 90481.361994005114 87097.368638990782 89182.220882666632
11011091 1 0 3 0 2 0 3 2 4 0 0 1 8 3 0 6 10 1 1 1 0 0 0 0 3 3 2 86202.212054517309 89632.215294530339 88403.287518789133 89745.937815775396
11011091 1 6 5 5 4 7 6 0 1 9 7 2 1 10 11 3 0 1 1 1 0 0 0 0 1 3 1 92420.817820414377 75486.324618827872 91375.543899573429 90924.5023722279
11011092 1 0 0 2 0 4 4 1 0 4 5 4 2 4 3 3 2 1 3 1 0 0 0 0 4 2 2 94335.337553812074 94069.925039851471 94014.63927859682 94181.480824051396
11011092 1 0 2 0 0 5 4 0 1 6 5 4 0 7 8 6 5 1 1 1 0 0 0 0 1 2 3 90808.498191789578 90301.373239179797 87413.288973241157 91421.628745077353
11011092 1 3 2 1 0 4 3 1 0 6 4 2 0 10 7 3 2 1 1 1 0 0 0 0 1 1 3 89351.355579062423 87455.382727067277 89445.416271313588 89448.031863428463
11011092 1 10 9 6 4 11 5 4 2 3 0 3 3 2 0 0 1 1 1 1 0 0 0 0 1 1 0 91175.804902266682 91238.659993855399 -1.0000000000000001e+300 77477.127642394378
11011093 1 3 0 0 0 1 1 4 3 5 2 1 0 3 1 3 2 1 3 1 0 0 0 0 1 3 0 95786.767512003586 95510.972576220825 95774.230418381863 94422.142598602499
11011093 1 0 1 2 3 0 1 3 7 2 1 4 6 2 0 3 3 1 3 1 0 0 0 0 3 3 3 90738.733904323322 91464.487444710176 91155.409097906959 90701.03585186541
11011093 1 10 5 4 3 7 3 0 0 4 1 2 4 1 0 2 0 3 4 0.5 5 0.25 6 0.25 2 2 0 89013.971701589428 87644.172941511832 87222.600837837832 88746.151707243931
11011093 1 4 0 0 0 11 4 0 0 7 4 1 0 4 3 3 1 1 2 1 0 0 0 0 0 1 0 83639.452446040479 82018.75225044231 83247.259021651334 83590.448144076843
11011094 1 0 4 6 1 2 4 3 6 2 0 3 4 0 0 3 2 1 1 1 0 0 0 0 2 1 3 90364.776730950965 92404.433774820965 92502.933543742154 91675.416985307587
11011094 1 4 6 8 6 3 4 5 0 3 4 0 1 2 2 2 0 1 1 1 0 0 0 0 1 0 1 91248.524820720791 91756.419333971513 90898.604425871948 87465.998254447855
11011094 1 10 8 7 7 2 2 3 4 0 0 1 3 0 0 0 1 1 1 1 0 0 0 0 3 4 4 88599.485106519889 82776.430904221023 -1.0000000000000001e+300 80064.898329456235
11011094 1 10 11 8 1 7 5 4 4 6 3 3 3 3 2 1 0 1 3 1 0 0 0 0 1 2 0 86083.783067788565 82013.381820128634 -1.0000000000000001e+300 85795.007016939082
11011095 1 3 2 3 0 1 3 0 1 2 0 1 0 2 2 0 0 1 3 1 0 0 0 0 1 0 0 97238.025997055898 97113.08689599346 97344.604886593646 97193.259413024891
11011095 1 5 0 2 0 7 3 1 3 3 3 1 3 1 2 6 3 1 3 1 0 0 0 0 1 2 1 86705.674474136351 88022.325810066148 89330.768844323509 89393.829627263942
11011095 1 10 4 3 0 8 7 4 3 7 4 0 2 0 1 0 0 1 1 1 0 0 0 0 1 2 1 88716.090880422547 85040.607101502348 88532.807480939824 82297.277519242009
11011095 1 10 11 6 4 8 8 0 0 4 5 2 1 0 0 3 0 1 3 1 0 0 0 0 1 1 0 91213.440842085271 84713.55519510014 87500.534087178981 73917.608282864676
11011096 1 0 1 6 4 0 6 3 1 2 3 2 0 0 2 3 1 1 3 1 0 0 0 0 4 4 3 92545.757743640221 91908.38333237388 92343.698684003859 91993.627526647397
11011096 1 2 2 0 0 4 3 1 0 4 4 3 2 5 6 8 7 2 4 0.5 5 0.5 0 0 3 1 0 89803.99830803732 91278.383301653012 86029.403907136119 90372.874311734384
11011096 1 2 1 0 0 3 3 1 2 3 6 4 0 9 7 4 1 1 3 1 0 0 0 0 0 1 1 90187.796112607699 90678.74755611927 86459.868875512926 90786.755912926208
11011096 1 3 4 3 2 3 5 4 11 3 8 8 10 0 2 9 0 3 6 0.1818181818181818 7 0.27272727272727271 8 0.54545454545454541 4 2 2 90682.208872635034 81882.705027240387 90996.312602459482 92742.537154570848
11011097 1 5 5 4 3 5 3 2 2 5 2 0 0 0 1 0 0 1 1 1 0 0 0 0 1 0 1 94237.757227818161 93080.269324461624 94165.574251810714 93802.737598786742
11011097 1 4 7 8 7 3 4 4 6 0 3 4 4 0 2 0 0 1 1 1 0 0 0 0 3 3 2 91743.664213387252 92401.552965106515 92523.830894372557 86868.580736986318
11011097 1 5 8 9 10 5 7 6 3 1 3 2 0 3 1 0 0 1 2 1 0 0 0 0 1 1 0 -1.0000000000000001e+300 89729.164451055258 88256.571488849673 75595.74755415204
11011097 1 4 6 11 3 4 3 1 0 4 3 0 0 4 2 3 1 1 2 1 0 0 0 0 0 0 0 -1.0000000000000001e+300 79133.504342334869 82524.672736092078 80311.245451282593
11011098 1 1 0 0 0 2 0 0 3 0 2 0 1 4 2 1 3 1 3 1 0 0 0 0 0 0 0 96873.727228507589 96846.570774263208 96905.778883790714 97348.17964021003
11011098 1 3 4 6 7 1 3 6 8 2 0 5 7 0 0 1 5 1 3 1 0 0 0 0 0 1 1 88005.538440233984 91983.085110062457 91842.512612390739 90518.075503130793
11011098 1 7 0 0 10 2 0 3 8 0 2 3 6 0 1 4 4 1 1 1 0 0 0 0 3 3 3 81286.433720759829 89284.878617744092 85276.094835248281 87896.324118961231
11011098 1 10 11 4 3 7 4 3 1 7 4 2 1 0 6 0 0 1 2 1 0 0 0 0 1 1 1 89681.432540779031 83238.55703594489 88693.706924570666 80051.874178996673
11011099 1 1 0 3 1 2 3 2 1 2 1 4 5 1 4 5 4 1 2 1 0 0 0 0 0 1 3 93840.586678919964 93420.771346445428 94229.566838249564 93779.063995361328
11011099 1 3 0 0 1 5 0 0 2 8 3 0 1 5 4 3 3 1 3 1 0 0 0 0 0 1 1 90934.143831130204 89270.79818378562 90722.06779605076 90884.454138047033
11011099 1 0 3 3 2 3 5 1 0 6 5 2 4 10 8 6 5 1 3 1 0 0 0 0 3 2 2 89052.791298150245 89154.060104726406 81682.02208205621 89776.34654299666
11011099 1 0 0 0 1 2 4 0 3 6 3 3 0 9 11 6 4 1 1 1 0 0 0 0 3 4 4 85618.191247706767 84347.647548010864 77421.281467717447 85994.41095371671
11011100 1 0 6 3 2 0 3 3 6 3 5 1 3 0 2 2 3 1 1 1 0 0 0 0 2 1 2 90597.518815365547 89858.208627192187 91884.824971294394 91850.561013483137
11011100 1 4 1 2 2 6 3 3 1 8 5 2 2 6 6 0 3 1 3 1 0 0 0 0 2 0 0 91699.042345850336 85820.705694034652 91107.778067913168 88636.524746800394
11011100 1 0 2 0 0 4 3 3 2 10 5 4 0 10 4 0 0 1 2 1 0 0 0 0 3 0 1 89960.396235335385 88886.313142493018 88647.694123304449 89927.7161819959
11011100 1 0 0 2 0 1 3 3 2 8 7 3 4 9 11 7 5 1 2 1 0 0 0 0 2 0 2 86516.288396790347 87465.961260330674 79239.699623889886 86362.715249149347
11011101 1 0 0 2 0 6 1 3 2 3 5 1 1 2 2 3 0 1 3 1 0 0 0 0 2 1 3 93898.568763309057 93389.172768111588 93906.956645923201 94088.116357266466
11011101 1 0 1 0 4 2 2 3 6 0 0 4 8 0 1 5 7 1 1 1 0 0 0 0 2 3 4 85077.304043397467 91465.854171782659 91158.283409004202 91275.518612270695
11011101 1 0 2 0 4 0 3 3 5 2 4 5 7 3 0 4 9 1 1 1 0 0 0 0 2 1 2 85813.583113615357 90926.381011170641 90315.588337461319 90977.15188226063
11011101 1 8 0 8 10 2 7 7 11 3 5 5 6 2 3 4 4 1 3 1 0 0 0 0 2 0 1 79232.437801844368 93699.723869374866 83863.351656129482 -1.0000000000000001e+300
11011102 1 2 3 1 2 2 2 5 2 3 1 1 5 0 1 0 0 1 1 1 0 0 0 0 0 0 1 94172.991751299967 95191.879041327367 94868.957673814555 95553.538772900894
11011102 1 5 0 0 3 7 3 0 0 8 4 2 1 7 6 5 3 1 1 1 0 0 0 0 2 3 3 91924.316396891576 85353.089436402777 89490.094618839808 91883.190412231837
11011102 1 0 0 3 0 2 3 3 4 0 0 4 6 10 9 8 7 1 1 1 0 0 0 0 3 3 3 89115.852951652312 91410.690718327445 75750.307826107062 91259.151104421282
11011102 1 3 9 11 2 10 7 6 3 5 7 2 3 1 1 4 0 1 1 1 0 0 0 0 3 4 3 -1.0000000000000001e+300 71301.244358094453 72115.74229344062 58447.239539920425
11011103 1 1 1 2 2 1 0 4 3 3 0 0 0 1 0 2 0 1 2 1 0 0 0 0 0 0 0 96669.548213208735 96977.641734320947 96943.011361030614 96956.754628120456
11011103 1 1 1 0 2 7 3 1 0 6 6 4 3 2 4 3 3 1 1 1 0 0 0 0 1 3 3 88245.133345993279 88195.141243402162 88287.098109500133 87921.611899916825
11011103 1 1 2 0 3 2 3 4 3 0 8 7 5 10 9 6 5 1 1 1 0 0 0 0 0 0 1 86518.489825080556 92507.814434292522 80275.120581752315 91399.189676209498
11011103 1 4 6 8 10 4 3 6 11 1 2 0 6 0 0 1 3 1 2 1 0 0 0 0 1 1 1 89537.135922730115 89725.096012384922 89613.145226808963 80885.379930940908
11011104 1 1 0 0 2 0 0 0 4 2 4 0 3 0 1 1 2 1 3 1 0 0 0 0 4 4 3 96726.722151909213 96830.397164343813 97194.205524011093 97571.876157448511
11011104 1 0 0 2 1 0 0 4 1 3 3 5 3 4 8 6 3 1 1 1 0 0 0 0 2 4 3 90439.066209761586 89403.257348352752 85955.879574973675 89998.044441070306
11011104 1 0 0 3 1 1 4 1 2 7 6 4 3 9 8 7 5 1 3 1 0 0 0 0 2 4 2 90028.492364165577 89829.703130515671 77258.07463667194 89446.558098456095
11011104 1 0 0 0 3 0 4 2 3 2 4 7 8 3 6 11 10 1 1 1 0 0 0 0 2 1 0 88546.809791390187 -1.0000000000000001e+300 77273.700084931392 90178.872029894701
11011105 1 3 0 5 0 2 5 2 0 3 5 1 3 0 2 4 0 1 2 1 0 0 0 0 4 1 2 93457.192917152672 93473.501053821878 93849.612970007351 94067.233545112846
11011105 1 3 7 8 6 3 4 2 4 0 3 2 0 0 0 0 3 1 2 1 0 0 0 0 4 1 2 88233.861091983126 87745.717238606245 89135.407547061244 83221.7528643978
11011105 1 10 9 8 0 3 4 4 0 2 2 4 0 0 0 1 1 1 3 1 0 0 0 0 0 0 0 89460.436736833391 85732.047856341538 89507.80645949053 74808.434606586161
11011105 1 2 3 0 0 4 5 3 3 4 11 7 1 6 0 0 0 1 3 1 0 0 0 0 4 4 3 81454.300384256843 77816.799797279498 81284.724830169987 82510.714442194061
11011106 1 3 1 2 3 5 3 2 0 1 5 3 0 2 3 5 2 1 3 1 0 0 0 0 3 1 1 93772.529260253912 93674.290183046134 92893.391513019131 92914.980941859889
11011106 1 0 0 3 3 3 3 5 8 0 3 2 5 0 0 1 3 1 1 1 0 0 0 0 0 1 0 88674.717365599703 90370.907119881522 89931.489133182753 89722.744213045007
11011106 1 2 0 3 9 0 2 1 8 0 0 4 7 4 0 0 5 1 1 1 0 0 0 0 3 3 4 81780.498167921702 91257.805260018577 90363.960087159678 91105.63274982087
11011106 1 3 0 0 4 2 3 3 7 0 3 5 11 3 5 6 9 1 3 1 0 0 0 0 4 3 2 78357.195286470378 85535.038555210616 83326.516650670572 85362.944848568004
11011107 1 1 2 0 0 2 4 0 1 4 2 2 3 1 5 5 1 1 3 1 0 0 0 0 3 3 3 93890.67836015753 94705.799884022024 94046.559635636237 94359.335040357371
11011107 1 1 3 1 1 2 3 0 0 5 4 2 0 6 8 6 4 1 2 1 0 0 0 0 0 0 1 -1.0000000000000001e+300 90446.799913081981 87059.783683418034 91466.801617241203
11011107 1 5 2 0 0 7 3 0 0 8 6 3 1 9 5 4 1 1 3 1 0 0 0 0 2 3 1 -1.0000000000000001e+300 86142.635120137609 90753.534777167224 -1.0000000000000001e+300
11011107 1 9 7 3 4 11 6 5 3 1 1 5 1 0 0 2 6 1 2 1 0 0 0 0 0 1 3 82820.469274598043 -1.0000000000000001e+300 82901.40223368202 73941.326476786009
11011108 1 0 4 1 3 3 3 5 0 5 4 3 0 3 0 5 0 1 3 1 0 0 0 0 1 2 0 93569.100743104646 93046.343030293763 94699.209235297298 93065.925767686625
11011108 1 1 0 2 3 0 0 3 4 0 4 5 7 4 5 6 8 1 3 1 0 0 0 0 3 3 1 89525.486868827415 90735.637655342172 89553.365555266588 88873.592744656358
11011108 1 4 0 0 0 3 3 3 1 4 5 5 7 4 7 9 10 1 2 1 0 0 0 0 1 1 3 89139.198312754001 87932.15152386087 76577.502679733763 88492.069906992765
11011108 1 0 3 3 3 0 3 6 7 0 3 6 11 3 3 3 5 1 2 1 0 0 0 0 4 3 2 80479.351643503382 82771.915800167335 83632.1259292248 80749.574776889407
11011109 1 1 2 1 1 3 6 4 0 1 2 6 4 3 0 3 0 1 2 1 0 0 0 0 2 3 3 91138.487136800963 91406.264206603635 90881.848145408294 91885.317570413856
11011109 1 5 6 7 5 6 4 3 2 4 0 1 0 1 0 3 0 1 2 1 0 0 0 0 1 1 1 89630.704695338514 90897.327228224793 -1.0000000000000001e+300 86020.171036434505
11011109 1 9 8 7 6 6 7 5 3 0 2 3 1 0 1 2 0 1 1 1 0 0 0 0 0 1 1 90260.032859819534 90754.895219367943 90802.247926131502 77718.190372382596
11011109 1 3 1 0 0 5 2 3 2 11 5 3 1 9 6 4 3 1 3 1 0 0 0 0 0 0 1 -1.0000000000000001e+300 86459.396958422512 85532.769288460942 86712.644019820873
11011110 1 0 1 1 4 1 0 2 4 2 3 1 4 0 0 0 2 1 3 1 0 0 0 0 2 3 2 96088.241647247531 96271.581368407307 96442.780442131872 96336.573723365087
11011110 1 0 4 0 4 4 7 7 3 0 4 6 6 1 2 3 4 1 1 1 0 0 0 0 2 3 4 86806.794685893547 82118.638991009619 83386.884494747821 82745.475327974709
11011110 1 10 8 7 3 6 5 0 1 2 2 2 0 0 3 1 0 1 2 1 0 0 0 0 2 0 2 89297.818881099898 88678.144772433574 89445.791219753941 80636.137630190424
11011110 1 9 11 0 1 8 7 2 0 6 5 5 0 5 3 3 3 1 2 1 0 0 0 0 4 3 4 87829.885195993222 82359.329361180484 86190.316606652836 87808.188843862939
11011111 1 1 2 0 3 1 2 2 4 5 5 3 2 0 0 1 0 1 1 1 0 0 0 0 0 0 0 95011.084086329851 94908.91391012464 95108.798429216709 95387.102706787686
11011111 1 3 0 0 0 5 4 0 0 7 2 0 2 3 1 1 1 1 1 1 0 0 0 0 1 3 3 92409.108153633104 91896.218038229039 92572.851472693554 92369.710328920177
11011111 1 5 4 0 0 7 6 1 1 8 5 2 2 9 0 0 1 3 4 0.33333333333333331 5 0.33333333333333331 6 0.33333333333333331 1 2 4 90264.966893853067 84794.931525546519 90899.079502544657 90333.994672279878
11011111 1 3 0 0 1 7 3 0 0 11 6 3 0 9 6 4 2 1 2 1 0 0 0 0 3 2 3 85721.686523671611 80726.625380731173 84454.471554305652 86343.006371711323
11011112 1 0 0 3 2 2 0 3 4 1 4 3 1 0 0 3 5 1 1 1 0 0 0 0 0 1 1 95548.395941275128 95740.23655128479 95366.931202305699 96205.737253295069
11011112 1 0 1 2 0 5 5 5 2 7 4 3 1 2 0 2 0 1 3 1 0 0 0 0 3 1 3 90742.494193734703 89420.683229325514 88849.225950978725 90276.994279204024
11011112 1 3 4 8 9 1 0 3 7 0 3 3 4 0 0 1 3 1 2 1 0 0 0 0 2 3 3 88855.329688127371 90887.523304203991 90998.372097445419 88074.730671856974
11011112 1 0 3 7 10 0 3 5 11 0 0 2 5 3 1 1 3 1 1 1 0 0 0 0 1 3 2 79339.981842083798 -1.0000000000000001e+300 88406.578677008292 83945.78516419066
11011113 1 0 0 1 4 0 3 4 2 4 3 1 4 3 0 0 4 1 1 1 0 0 0 0 0 2 0 95350.941213254584 95098.004089355469 95461.629977199773 95549.270123093214
11011113 1 6 6 1 2 8 3 2 0 6 4 1 0 4 1 0 0 2 4 0.5 5 0.5 0 0 0 1 2 90720.586524711791 87270.477588163325 91139.522657063761 91295.731998305841
11011113 1 0 2 0 0 1 10 7 2 5 7 3 0 5 0 5 3 1 3 1 0 0 0 0 2 1 0 77218.195740733558 73357.462970828943 67007.822327408852 68046.650253641666
11011113 1 11 8 0 1 10 8 5 1 4 1 5 0 2 3 2 2 1 2 1 0 0 0 0 1 0 1 74076.543068430125 67655.755932375076 77338.93225029028 75791.849106176131
11011114 1 6 4 5 0 4 6 2 1 3 0 2 3 0 0 2 1 1 3 1 0 0 0 0 2 1 1 92086.628230448114 91917.924859171384 91136.333985964447 91049.214600686682
11011114 1 7 8 7 5 7 3 3 0 5 0 0 2 2 3 1 0 1 1 1 0 0 0 0 0 0 1 91926.455136665696 90454.628674272913 92056.876769973867 86593.233338215869
11011114 1 10 8 7 4 7 4 3 4 3 4 3 4 3 3 1 2 1 1 1 0 0 0 0 0 1 1 90314.098884497987 90030.088633101899 89907.465982065609 78376.514184535539
11011114 1 5 11 7 8 0 1 5 7 2 3 0 5 0 0 3 1 1 2 1 0 0 0 0 2 2 0 85444.899792149212 84258.72732833054 85612.319772355288 80315.124599639981
11011115 1 3 0 0 0 4 3 6 3 5 6 3 2 1 2 1 3 1 3 1 0 0 0 0 1 1 1 90686.285207819048 90761.519644498825 91423.809484022626 -1.0000000000000001e+300
11011115 1 7 6 3 0 8 4 4 0 7 4 0 0 4 0 3 1 1 1 1 0 0 0 0 1 3 1 92269.36625669655 84988.158574291796 91694.87564782548 90089.922065073944
11011115 1 10 6 2 3 9 5 4 0 8 4 1 0 5 2 1 3 1 2 1 0 0 0 0 4 3 4 89702.618074475104 70313.187494146769 89249.052235857424 88713.54142210698
11011115 1 0 3 0 3 5 3 2 0 11 9 3 0 10 9 5 3 1 2 1 0 0 0 0 2 0 1 103069.48069886773 98642.023416983968 99147.08708742146 103351.2630221875
11011116 1 2 2 1 3 5 5 4 3 6 1 1 0 3 3 0 2 1 1 1 0 0 0 0 2 3 4 92122.322558102736 92366.436115929784 91869.048144241169 92341.310051529494
11011116 1 1 7 1 3 0 0 7 2 2 2 1 4 0 0 3 2 1 1 1 0 0 0 0 0 0 0 90496.127915062782 90719.151073637622 90245.11199793304 89632.662494324235
11011116 1 10 3 0 1 8 7 3 0 7 4 0 0 5 4 2 0 1 2 1 0 0 0 0 3 2 2 90046.281703807166 82080.319077869557 89343.581629113993 90428.434295067796
11011116 1 10 11 8 6 9 6 5 4 7 4 3 1 5 0 1 2 1 1 1 0 0 0 0 2 4 4 34656.626072747247 89210.073972131708 88529.137789867978 41878.890158605616
11011117 1 0 3 3 2 0 0 1 3 3 2 1 3 0 1 4 0 1 3 1 0 0 0 0 3 4 2 96464.570028333022 96655.888503629962 96167.916904745754 96423.530580814971
11011117 1 3 0 0 0 7 3 4 3 3 6 4 1 4 3 3 2 1 3 1 0 0 0 0 2 2 0 87645.968607305898 91313.280382728888 90007.189474031562 89160.281517697411
11011117 1 0 1 2 0 2 3 4 3 10 10 5 0 3 1 2 3 1 3 1 0 0 0 0 1 0 0 88909.109986885553 88712.650009985489 89496.404863995529 89629.782101947174
11011117 1 4 1 0 2 5 4 1 2 9 6 4 4 10 11 5 1 1 3 1 0 0 0 0 0 1 0 92400.381494066445 82946.745289810075 88434.554189816292 -1.0000000000000001e+300
11011118 1 4 5 3 1 4 6 3 2 1 3 1 0 0 2 1 0 1 2 1 0 0 0 0 0 1 1 94181.687656402588 94063.36293609938 93474.563546710546 93675.800312951746
11011118 1 4 6 8 6 3 3 4 4 5 2 0 1 0 0 0 3 1 3 1 0 0 0 0 4 4 3 91170.975703649223 91164.456031004287 -1.0000000000000001e+300 85631.211627928249
11011118 1 1 0 2 0 0 3 0 1 0 6 5 4 3 9 5 4 1 2 1 0 0 0 0 0 0 2 85849.960972668821 86010.178823869224 82496.91705608656 85388.219786518181
11011118 1 0 1 0 0 1 4 4 1 11 8 4 2 10 9 5 3 1 3 1 0 0 0 0 2 4 3 89817.986263230807 91132.106046546614 84030.616933729834 93701.328514100271
11011119 0 0 0 0 2 3 3 0 2 3 4 3 6 4 4 6 3 1 1 1 0 0 0 0 3 2 1 91733.671260340416 91640.702999051413 91519.949481712145 92397.037210973111
11011119 0 4 0 0 3 6 0 2 0 8 3 3 0 6 5 3 3 1 1 1 0 0 0 0 2 2 2 91568.321361988725 86003.403220212407 90249.33203416504 91633.251531028582
11011119 0 3 3 0 0 5 4 2 1 8 3 3 3 10 8 7 4 1 1 1 0 0 0 0 3 4 4 90283.483682261256 89760.670159239831 86100.073287880485 -1.0000000000000001e+300
11011119 0 2 3 3 3 6 7 5 2 5 4 1 5 10 9 8 6 1 2 1 0 0 0 0 2 0 0 3 3 -1.0000000000000001e+300 -1.0000000000000001e+300
11011120 1 0 0 3 0 4 1 2 2 3 5 0 0 4 3 1 3 1 1 1 0 0 0 0 1 2 0 96290.820097817312 96239.973358342671 95373.563150767921 96011.267913818359
11011120 1 5 1 0 0 6 0 2 3 8 5 2 0 8 4 3 0 1 2 1 0 0 0 0 3 1 2 90724.226697051112 86136.783815361065 88508.525221577031 91638.97551292846
11011120 1 5 4 1 2 7 3 3 0 8 5 0 0 9 0 0 3 1 2 1 0 0 0 0 1 0 3 91119.124743481982 81592.386707881902 91187.248670611472 91121.780294975499
11011120 1 3 2 2 1 4 4 0 0 9 6 7 3 10 11 5 3 1 1 1 0 0 0 0 2 2 3 86114.587355943935 86503.512221934448 83756.77429047355 87185.803170910527
11011121 1 3 4 5 0 3 6 3 3 2 2 3 4 0 0 1 0 1 3 1 0 0 0 0 1 0 0 93757.441889162408 93557.022897367118 94107.802697446605 93892.731665646585
11011121 1 4 7 8 7 3 3 5 6 3 0 1 2 1 0 0 3 1 2 1 0 0 0 0 3 3 3 91083.132538449951 92133.861531116301 92100.641059720729 79672.631271543316
11011121 1 5 6 8 10 3 4 5 6 3 3 5 0 1 2 3 1 1 2 1 0 0 0 0 0 0 2 90054.80791650989 89911.281141825384 90177.072208611353 79782.944870521009
11011121 1 5 8 11 0 4 6 7 3 3 6 0 2 2 0 0 0 1 3 1 0 0 0 0 4 2 1 81734.101475049305 82697.847370439835 82783.018429232077 76925.500558624408
11011122 1 0 0 1 0 3 4 3 3 6 3 4 1 6 3 3 2 1 3 1 0 0 0 0 2 3 1 93638.344077552625 93251.762594173561 92429.01750651763 92763.268148636635
11011122 1 0 2 0 0 0 3 0 1 4 5 0 0 4 8 7 3 1 3 1 0 0 0 0 0 0 0 89830.816727624013 89998.099481721569 88395.382025358267 90615.850773426035
11011122 1 5 4 2 0 7 5 1 3 9 3 0 1 10 2 0 0 1 3 1 0 0 0 0 4 4 3 89257.796683625638 76182.740720487185 89578.936369798204 89398.360553721359
11011122 1 5 7 9 10 4 5 8 11 4 3 2 7 2 0 1 2 1 3 1 0 0 0 0 4 2 3 89705.10178301805 89748.55979897159 92229.905300352402 72713.625372844792
11011123 1 0 1 0 0 3 1 3 5 2 4 5 4 3 0 0 4 1 1 1 0 0 0 0 1 3 3 93739.18431186676 93708.831140359223 94089.033684567155 94176.527040591536
11011123 1 0 3 7 5 0 0 6 6 2 5 4 1 1 3 0 0 1 1 1 0 0 0 0 2 4 3 88885.542964742257 89219.340804320673 88572.928515816049 88493.500463990669
11011123 1 0 3 7 10 1 4 6 6 0 3 3 0 0 1 0 1 1 3 1 0 0 0 0 0 3 1 87301.052048777972 90110.761208893571 89129.654562018259 84105.141038023998
11011123 1 2 6 7 9 4 3 5 11 3 3 1 0 1 4 3 2 3 4 0.54545454545454541 5 0.27272727272727271 6 0.1818181818181818 0 0 0 78235.885161121681 85914.890715606132 85085.601370870136 78069.519895087753
11011124 1 0 6 3 3 2 3 6 6 1 3 4 3 0 0 3 0 1 1 1 0 0 0 0 3 4 3 90663.865094208275 90532.939096347327 89906.381748990912 90492.950841605678
11011124 1 2 3 1 5 0 0 4 7 1 3 6 8 0 3 3 7 1 2 1 0 0 0 0 1 1 1 79274.444452953525 91212.153679387091 89980.889989701929 90073.515934652925
11011124 1 2 0 1 5 0 4 4 7 2 1 7 8 2 3 4 9 1 3 1 0 0 0 0 2 1 0 86162.063474176932 90132.849975023666 89577.672958546988 88969.866707688547
11011124 1 10 8 4 3 11 5 4 3 5 4 3 0 4 3 0 1 1 3 1 0 0 0 0 0 1 0 89489.263711913984 88713.475170057776 89382.585267734015 89332.597512768843
11011125 1 0 2 0 3 0 0 3 2 0 3 5 4 4 2 1 1 1 3 1 0 0 0 0 2 1 0 95532.998485565186 95021.349282834271 95140.829656128524 95208.455465528692
11011125 1 0 0 0 3 0 0 5 1 1 3 4 3 0 2 6 7 1 3 1 0 0 0 0 2 3 2 91159.031996655816 -1.0000000000000001e+300 90363.790819946837 91614.451298417262
11011125 1 0 3 4 9 3 1 2 8 2 3 1 6 0 3 0 5 1 2 1 0 0 0 0 1 0 1 82061.090793414071 90580.866818111303 90960.810914748654 90302.190113529679
11011125 1 2 0 3 0 6 6 4 3 8 7 5 3 10 11 6 4 1 1 1 0 0 0 0 1 1 1 91563.784711994318 91959.063919560765 76059.981149571599 92103.749102646383
11011126 1 2 5 1 0 1 4 6 0 3 3 3 0 5 3 4 3 1 3 1 0 0 0 0 3 4 1 92895.296941181965 92664.594771860124 92372.213551507404 92424.766168352915
11011126 1 0 4 4 4 1 3 5 7 1 3 5 6 0 2 0 5 1 2 1 0 0 0 0 0 0 2 90113.223407776852 90415.516973394551 90425.339591971948 90999.361071636085
11011126 1 4 1 3 0 6 5 5 0 8 7 6 4 10 0 6 3 1 2 1 0 0 0 0 3 3 2 87873.79610849022 79844.518597859205 89777.902387563721 90454.4575213723
11011126 1 10 9 8 3 11 7 5 1 3 6 5 0 2 1 0 2 1 3 1 0 0 0 0 2 2 1 92602.520201736392 96494.174981419492 103678.02209038561 100083.39558567652
11011127 1 5 5 6 0 3 6 3 0 0 0 4 3 1 3 2 0 1 2 1 0 0 0 0 1 0 0 92013.990716561428 92108.641434822537 92132.319137196464 90948.965223656749
11011127 1 3 5 8 7 0 0 4 3 0 0 0 3 2 2 1 3 1 2 1 0 0 0 0 3 1 4 90108.930601417538 90367.818589828094 91022.8377629038 86683.107973455219
11011127 1 0 0 6 9 0 0 4 8 0 0 2 8 3 3 3 4 1 1 1 0 0 0 0 0 0 0 87783.789172591409 93971.49470618146 92267.456152332932 85907.609311358538
11011127 1 5 0 2 0 7 5 3 0 11 6 3 2 8 5 1 2 1 1 1 0 0 0 0 3 2 3 82252.997204871062 77973.796295618813 80495.655989317762 81923.362995087038
11011128 1 1 4 3 5 0 3 3 5 1 4 5 3 2 0 2 1 1 2 1 0 0 0 0 0 0 1 93053.231047696521 93107.004188537598 93475.671054164573 93953.712203946649
11011128 1 2 3 0 0 1 1 1 3 3 5 5 1 3 8 6 5 1 3 1 0 0 0 0 0 3 1 85503.550216602685 86882.563515941802 85774.171788346066 88216.981294627592
11011128 1 5 3 0 3 6 4 1 1 8 6 3 2 10 7 6 0 1 2 1 0 0 0 0 2 2 1 91134.691509418568 76796.555202961492 89967.973861430248 90492.327051769491
11011128 1 1 4 3 3 8 4 0 0 11 7 2 3 3 4 0 0 1 1 1 0 0 0 0 3 4 3 77589.927336701672 73257.467296515009 77746.929379374473 76424.508708737892
11011129 1 0 1 2 6 0 3 5 5 1 5 4 4 1 3 3 5 1 3 1 0 0 0 0 2 4 3 89768.009361767472 90511.837562681947 90718.491052052166 -1.0000000000000001e+300
11011129 1 0 3 5 5 1 3 2 6 1 3 5 8 0 1 0 6 1 2 1 0 0 0 0 1 2 3 83255.281508470478 89327.818583763263 89390.360949760798 87631.65912660757
11011129 1 0 3 0 1 0 4 3 3 0 1 5 8 2 4 7 10 1 2 1 0 0 0 0 3 3 4 85732.321030369334 89664.019458014925 85297.489841672257 -1.0000000000000001e+300
11011129 1 2 0 1 3 3 1 4 5 3 4 5 8 4 6 11 9 1 3 1 0 0 0 0 2 3 2 86841.29813975202 87406.912269344277 85949.159633442716 87478.816225128176
11011130 1 1 0 1 2 0 2 4 4 3 5 6 3 0 3 3 4 1 3 1 0 0 0 0 4 4 3 93372.633310342397 92841.403053611211 93185.670941855686 92394.353298324888
11011130 1 3 0 0 0 3 1 0 0 3 5 6 2 3 8 7 3 1 3 1 0 0 0 0 1 1 0 -1.0000000000000001e+300 88381.861620329204 87303.940571191313 89126.197088410248
11011130 1 2 1 3 0 5 3 2 0 8 4 3 1 10 7 6 3 1 3 1 0 0 0 0 4 4 3 89158.337922381019 89204.653306065375 89619.839958198019 -1.0000000000000001e+300
11011130 1 1 1 2 3 0 4 3 1 6 7 5 2 1 11 8 2 1 3 1 0 0 0 0 2 3 3 73700.523631977791 74801.894216518602 77402.841956876713 74802.253419849323
11011131 1 2 3 2 3 2 0 0 0 3 1 1 0 3 0 2 0 1 1 1 0 0 0 0 1 0 0 97276.318819347362 97215.229051166098 97461.108521226022 97401.518133030986
11011131 1 1 3 3 1 0 2 2 4 0 0 7 6 0 0 3 3 1 2 1 0 0 0 0 4 3 4 89080.371708220162 88664.710827838731 -1.0000000000000001e+300 89418.190635217179
11011131 1 3 1 0 0 0 1 2 0 4 6 3 3 9 8 7 4 1 1 1 0 0 0 0 1 3 3 90811.412743910128 90690.000692570247 82211.339356055658 90801.113013116017
11011131 1 4 3 0 2 6 5 3 0 9 7 8 3 10 11 6 3 1 3 1 0 0 0 0 1 0 2 82290.560873915543 78672.1523014704 76756.652087165712 82327.645353119806
11011132 1 0 2 1 0 0 4 4 3 2 3 5 5 1 3 2 0 1 1 1 0 0 0 0 3 3 3 94322.580199164557 94165.161035838508 94639.023892043551 93819.569899361624
11011132 1 1 0 2 0 4 3 4 0 2 1 7 3 4 6 6 6 1 3 1 0 0 0 0 4 4 3 90702.495389599644 87507.836950677083 85745.31436263019 -1.0000000000000001e+300
11011132 1 2 1 0 0 4 1 1 0 5 5 2 2 9 7 5 4 1 2 1 0 0 0 0 3 2 4 90941.610035105463 90478.147554578027 90575.33468444075 91017.024559767859
11011132 1 0 1 0 2 0 3 2 4 0 11 4 7 1 5 3 9 1 3 1 0 0 0 0 4 4 3 69995.889964317845 73628.807784719582 75613.885936773819 -1.0000000000000001e+300
11011133 1 2 4 4 2 0 2 5 4 1 4 1 4 0 0 0 3 1 1 1 0 0 0 0 3 3 3 93882.713760886647 94511.399081936586 94051.719480276108 94690.978207365231
11011133 1 1 0 6 7 0 5 5 8 4 4 4 7 1 2 3 5 1 3 1 0 0 0 0 2 3 0 82974.417210093263 91530.031446795387 92011.085791449528 91754.574448380052
11011133 1 6 7 9 10 5 6 4 4 4 3 3 0 2 0 0 0 1 2 1 0 0 0 0 4 2 0 90420.573436892868 89814.709871748986 -1.0000000000000001e+300 68002.429505511929
11011133 1 8 9 11 4 3 7 3 2 3 4 1 0 0 0 2 0 1 1 1 0 0 0 0 2 2 3 82399.177741784006 81477.99309254215 82301.510254721157 75130.470178069809
11011134 1 0 0 0 3 0 0 3 2 2 0 1 1 1 3 0 2 1 3 1 0 0 0 0 1 1 0 96916.999995978011 97124.427109902404 97145.497164671615 97389.002670817907
11011134 1 0 3 4 4 3 1 5 6 0 1 3 8 1 4 0 5 2 4 0.5 5 0.5 0 0 0 3 0 86219.344812921583 86944.457694477373 89348.523755517119 86148.738169090517
11011134 1 3 1 1 4 0 5 4 5 2 3 6 8 1 0 7 10 1 2 1 0 0 0 0 1 2 2 74773.155199917906 87331.988580601945 87008.056467936389 88966.706029197652
11011134 1 0 0 0 2 2 1 2 0 5 5 6 1 1 2 11 2 1 1 1 0 0 0 0 2 1 4 80665.885894138148 80856.091510559374 80626.929072794388 80508.047766155098
11011135 1 0 4 2 3 0 3 1 3 3 2 3 6 0 1 5 5 1 1 1 0 0 0 0 3 4 3 92830.844080524243 93757.050516538264 93208.665879784472 92952.933400052716
11011135 1 0 1 0 7 0 0 2 8 2 3 4 6 2 3 5 5 1 1 1 0 0 0 0 2 1 4 84410.519359386162 90786.177056826709 91359.706266929003 91375.441140735726
11011135 1 6 7 8 10 3 6 6 6 3 0 0 3 1 0 0 2 1 3 1 0 0 0 0 0 0 1 90089.523704448904 89819.174952878078 89073.49744643431 81218.33633500032
11011135 1 0 2 3 1 2 2 1 8 1 3 5 11 3 0 4 5 1 1 1 0 0 0 0 3 4 4 77615.387883783173 81361.295969933155 80835.900458442396 80974.886988609447
11011136 1 1 4 0 0 0 2 1 3 2 2 4 2 3 1 1 1 1 3 1 0 0 0 0 3 4 1 96704.211098375759 96027.917780887743 96429.539471009994 96483.004635502526
11011136 1 0 0 0 2 2 0 3 0 6 3 2 3 6 8 7 4 1 1 1 0 0 0 0 2 0 2 91206.731482338568 91539.170432366824 82954.884223204135 90859.887606019358
11011136 1 0 0 0 3 0 2 1 4 3 4 7 5 10 9 8 5 1 2 1 0 0 0 0 2 1 1 89661.362872440426 89397.224086793314 75264.825473059289 89324.486515717494
11011136 1 3 1 1 2 0 4 2 3 0 3 4 7 3 5 11 8 3 6 0.1818181818181818 7 0.27272727272727271 8 0.54545454545454541 2 2 2 86384.766765679989 75962.811762450947 75001.522266950327 78460.210582050437
11011137 1 3 2 3 0 0 0 1 0 0 2 0 0 2 3 2 1 1 1 1 0 0 0 0 1 0 1 97814.200126998941 97852.085130075604 97074.814171055943 97081.56432063051
11011137 1 8 4 1 0 8 4 2 2 6 3 0 0 4 2 0 2 1 3 1 0 0 0 0 3 0 2 90976.364484376085 87201.118926351613 91392.924563251057 89987.911870473588
11011137 1 10 8 7 5 8 5 0 0 5 1 1 2 2 3 0 0 1 1 1 0 0 0 0 1 2 1 89447.516034457934 89912.859028116232 89921.395050321647 83083.196884620585
11011137 1 10 8 0 3 11 6 1 0 7 4 4 3 5 3 2 0 1 2 1 0 0 0 0 4 3 2 89230.423733287054 73530.946277690964 87687.942233465685 89856.087462146388
11011138 1 2 4 3 3 5 4 3 1 5 6 2 0 6 1 0 0 1 3 1 0 0 0 0 4 4 2 91022.978709129049 90333.778853181866 91788.411572325276 90650.761498837936
11011138 1 7 4 2 1 8 4 3 0 6 5 0 0 3 3 0 0 1 3 1 0 0 0 0 2 2 1 91462.841876793085 88672.376776901801 91221.932271295649 91703.715770473893
11011138 1 10 5 5 3 9 6 1 3 8 7 0 0 6 3 2 0 1 3 1 0 0 0 0 1 1 0 92630.764775747783 79902.959004791468 92021.552168936934 89877.497231258472
11011138 1 4 4 0 0 6 5 3 1 11 6 3 1 9 7 0 3 1 2 1 0 0 0 0 0 1 1 86864.038414707538 78193.90890931811 86248.899572687427 86599.112178971438
11011139 0 2 1 1 4 0 3 0 3 0 2 2 1 0 0 0 1 1 2 1 0 0 0 0 0 0 0 97563.173904446638 97113.29915553605 97144.874307923848 97349.178331737945
11011139 0 2 0 3 5 0 1 3 8 0 3 5 5 0 0 1 3 1 2 1 0 0 0 0 1 1 1 88181.064022671766 90855.666350295447 90592.720949444236 90516.695043345637
11011139 0 3 7 9 10 2 6 8 3 4 4 0 1 3 1 2 0 1 2 1 0 0 0 0 2 1 1 85652.183680983682 84095.29054543763 85241.422687692277 61277.478233005371
11011139 0 9 0 2 0 11 6 4 2 8 5 3 0 6 6 0 0 1 1 1 0 0 0 0 2 1 4 77532.981829208802 72785.464765626108 78741.338875007568 80439.406810218818
11011139 0 10 4 2 4 11 3 2 7 4 1 6 5 2 1 4 2 1 2 1 0 0 0 0 4 1 3 3 3 -1.0000000000000001e+300 -1.0000000000000001e+300
11011140 1 3 0 0 1 3 5 4 4 1 3 4 5 0 0 1 2 1 2 1 0 0 0 0 1 2 3 94128.009942697594 94346.17212057703 93668.434124571024 93753.84903472499
11011140 1 2 2 1 1 7 5 5 2 5 6 0 0 3 5 0 3 1 1 1 0 0 0 0 3 3 2 89270.65867274726 90129.133689742099 88574.70683054463 87284.324344530265
11011140 1 4 3 3 2 6 5 1 0 8 4 0 0 10 3 0 0 1 3 1 0 0 0 0 4 4 3 89686.767453943263 81699.969123210321 -1.0000000000000001e+300 89696.162965784257
11011140 1 3 1 0 3 10 10 3 0 11 6 3 2 2 3 1 1 1 2 1 0 0 0 0 3 3 3 98204.570120629578 96750.733820810012 99134.816777240427 98762.816845112699
11011141 1 1 5 0 3 5 2 0 3 6 2 3 2 1 3 1 0 1 3 1 0 0 0 0 0 0 0 92121.649792195967 92275.857084931748 92658.768688034936 91908.978515162613
11011141 1 3 0 0 0 4 4 4 2 7 5 1 0 1 5 3 0 1 2 1 0 0 0 0 0 0 0 90641.395816997785 90427.677214042342 90683.980566823637 90496.223933848261
11011141 1 0 2 0 0 4 3 1 0 6 4 3 0 9 6 4 2 1 1 1 0 0 0 0 0 0 0 90840.466933411386 91002.104489289297 87644.291223226115 -1.0000000000000001e+300
11011141 1 3 5 6 9 2 3 5 11 1 1 4 7 2 3 3 4 1 3 1 0 0 0 0 2 2 1 85779.357244046143 87889.355028426697 85466.320144648591 85466.320144648591
11011142 1 4 0 2 0 2 1 1 2 3 6 5 5 2 3 4 3 1 1 1 0 0 0 0 3 2 3 91921.182804306693 91998.426721859767 91938.787420572728 92096.304571362707
11011142 1 0 1 6 2 0 1 4 8 0 2 4 5 4 1 2 3 1 3 1 0 0 0 0 2 2 3 87058.196535387659 87475.75197652611 88246.232248985092 87866.467688295903
11011142 1 3 4 6 10 1 4 5 6 1 2 5 3 0 0 0 3 1 1 1 0 0 0 0 2 4 4 88786.85920304044 89053.016231183501 89360.617845438523 85655.409531496189
11011142 1 0 2 2 0 0 4 1 1 0 3 3 11 4 5 10 10 1 1 1 0 0 0 0 3 4 4 100570.07418064316 101071.33052378049 99947.871291070303 101558.31183163544
11011143 1 0 3 3 1 0 2 0 2 0 2 0 1 0 0 2 3 1 1 1 0 0 0 0 1 0 1 97183.315339737455 97532.845498402909 97199.77143163151 97262.622481363782
11011143 1 6 5 3 3 8 7 1 2 6 5 1 0 4 4 2 0 2 4 0.5 5 0.5 0 0 0 0 0 87442.561791628003 84998.920395646186 89657.301995163783 90027.240671733074
11011143 1 9 9 7 5 6 5 5 0 3 0 2 1 0 0 0 2 1 2 1 0 0 0 0 4 2 4 92266.816237840307 88196.499752933407 92399.814359590644 85521.169148852176
11011143 1 0 1 3 1 11 9 7 2 10 8 6 4 2 5 5 1 1 3 1 0 0 0 0 0 1 1 77382.597549249316 91480.55909834971 72413.703666714253 80885.524348931867
11011144 1 0 0 2 0 0 6 5 1 2 0 5 4 3 1 1 4 1 2 1 0 0 0 0 0 0 0 93044.908534953356 92791.743120754196 93303.012872048101 92740.313178444645
11011144 1 6 8 7 6 3 7 4 0 2 4 3 3 3 2 1 0 1 1 1 0 0 0 0 0 0 0 86810.441609344562 87305.167092576667 86515.52651883103 84167.8635613761
11011144 1 1 1 2 0 2 4 10 4 4 3 5 2 6 0 1 2 1 2 1 0 0 0 0 4 2 4 79204.093520776456 77204.960952075664 77962.783392381447 79827.896264212177
11011144 1 0 0 3 0 3 1 4 5 0 2 5 11 0 0 7 10 1 1 1 0 0 0 0 0 1 0 77683.846689200334 89071.768179054707 84494.101955458216 88933.894331021234
11011145 1 1 0 0 3 4 2 3 1 1 4 6 2 3 2 3 6 1 1 1 0 0 0 0 2 3 2 92197.957565711273 91897.274317419709 91806.084964035661 92004.678232001228
11011145 1 5 4 4 1 8 5 5 0 7 4 3 0 4 0 3 0 1 2 1 0 0 0 0 3 3 2 90672.063119711471 86555.572103260478 89719.172207212905 89219.881788269791
11011145 1 5 0 2 3 7 4 3 0 9 6 3 2 10 4 3 0 3 4 0.5 5 0.25 6 0.25 4 2 2 87888.980658437125 79297.164369772872 88450.648630778538 88206.062199572945
11011145 1 10 9 8 2 11 7 3 3 3 3 4 3 2 4 2 1 1 3 1 0 0 0 0 4 2 3 91744.747968147669 81987.201967443427 89666.713092514387 92115.718948754657
11011146 1 0 3 0 0 2 1 0 1 0 3 0 2 0 1 3 4 1 2 1 0 0 0 0 0 0 0 96978.20309680549 97303.816960959884 97308.323883920399 97111.155391871318
11011146 1 1 7 8 5 4 4 5 4 0 1 2 3 0 0 2 1 2 4 0.5 5 0.5 0 0 3 4 3 88931.534848797033 88997.991662322558 -1.0000000000000001e+300 85878.211018679256
11011146 1 0 7 7 10 0 3 5 4 3 2 0 3 1 0 0 1 1 3 1 0 0 0 0 1 2 1 87206.374276772724 89093.007374570225 88924.855998259256 82318.281586665282
11011146 1 3 0 0 1 3 5 1 0 3 5 8 11 4 7 9 10 1 2 1 0 0 0 0 0 1 1 96480.605725618429 92610.144486183039 74881.170504678972 96342.324830589219
11011147 1 3 0 2 1 5 0 3 2 2 0 5 3 4 3 1 3 1 1 1 0 0 0 0 2 2 4 93680.086870701853 94701.940726007728 94310.83429840632 94434.637198781216
11011147 1 0 1 0 0 0 1 2 5 1 3 7 4 0 3 8 4 1 3 1 0 0 0 0 2 4 2 85011.011618714139 87414.758896397921 85029.203294343795 84976.331301556653
11011147 1 0 2 0 0 3 2 2 3 3 5 0 0 9 8 7 5 1 3 1 0 0 0 0 4 1 2 90277.120625922355 90375.641573746849 81360.316233944977 89755.405875005687
11011147 1 4 0 0 2 6 0 0 2 11 6 4 2 10 9 5 4 1 2 1 0 0 0 0 4 0 2 89821.487914430501 90709.263427542843 76640.681277723081 -1.0000000000000001e+300
11011148 1 3 1 1 0 4 2 4 0 1 1 0 2 3 4 2 0 1 2 1 0 0 0 0 1 1 3 94848.988577291369 95462.193639029952 95120.554932231797 95608.689856108918
11011148 1 3 3 0 3 4 3 3 0 5 4 3 0 7 3 0 0 1 3 1 0 0 0 0 0 0 0 91936.495482151746 91758.706986830497 92383.457974959616 91927.584989913346
11011148 1 4 1 0 0 5 4 1 0 8 6 2 1 10 7 6 4 1 2 1 0 0 0 0 1 2 4 89460.197065846121 87795.006809217986 89361.104350510461 90339.926167586338
11011148 1 0 0 5 1 1 0 3 3 11 5 3 2 0 3 0 3 1 3 1 0 0 0 0 3 4 3 81083.268206903143 81702.035846607963 81141.671196585128 81125.703587946336
11011149 1 2 0 2 0 0 2 0 0 0 2 1 1 3 3 1 0 1 3 1 0 0 0 0 1 0 1 97624.198848419706 97181.370323242416 97213.44778854317 97201.001732932185
11011149 1 0 0 0 1 0 0 3 3 3 2 3 6 1 4 7 6 1 2 1 0 0 0 0 1 1 1 91498.111531262664 91925.829136128305 90587.559214906534 90838.33054134305
11011149 1 3 3 6 10 2 1 3 3 2 1 1 0 0 6 2 0 1 3 1 0 0 0 0 0 0 0 85312.820595118799 87099.63965513157 87102.338056149078 84777.542084898931
11011149 1 3 0 1 0 3 4 5 0 2 4 4 2 5 11 7 3 1 3 1 0 0 0 0 4 3 3 77726.004538869398 77165.203614710073 77298.77855853166 79314.809392622294
11011150 1 1 1 0 2 3 4 1 3 0 2 4 4 1 3 3 2 1 3 1 0 0 0 0 1 2 0 95358.79321006492 95329.410946221979 95172.020013319125 95503.687882317434
11011150 1 0 3 0 3 1 1 3 0 2 2 3 7 1 4 4 0 1 1 1 0 0 0 0 2 4 2 92119.747844740778 91810.554519360303 92088.977259655396 92539.538559144901
11011150 1 1 1 0 0 2 3 3 3 5 6 7 4 6 7 8 10 1 2 1 0 0 0 0 0 0 1 88830.459777080265 87867.930605436268 76354.513296613426 89397.380000982666
11011150 1 11 0 0 7 10 7 4 3 4 2 0 2 1 0 3 2 1 1 1 0 0 0 0 2 1 0 75886.867895180607 72108.283032854539 71811.801789392339 72241.539972544764
11011151 1 4 1 1 3 2 4 2 1 2 0 1 3 0 1 0 0 1 3 1 0 0 0 0 2 4 2 96622.8689701658 96567.713762919113 95410.516516466916 96164.183743776783
11011151 1 3 4 7 4 3 4 4 3 0 1 3 1 2 0 2 0 1 2 1 0 0 0 0 1 0 1 91902.44742668391 91442.686948763847 92915.452555318829 92113.598671348242
11011151 1 10 3 3 0 9 4 1 3 6 5 0 0 1 5 1 0 1 2 1 0 0 0 0 0 2 0 89670.758542192169 81701.28347862509 89887.756501028911 89195.005572937967
11011151 1 2 0 1 0 3 3 3 0 3 11 1 3 4 2 6 5 3 5 0.37499999999999994 6 0.24999999999999994 7 0.37499999999999994 0 0 3 72041.166418324923 72923.853244913058 74526.142683985687 72487.505839869817
11011152 1 3 0 0 1 2 0 0 4 0 0 1 3 4 2 3 2 1 1 1 0 0 0 0 3 3 3 96711.175530397217 96802.03175646509 97061.954944807614 96291.954303529521
11011152 1 2 0 0 0 1 2 0 0 3 5 3 3 7 8 6 5 1 2 1 0 0 0 0 4 2 2 91039.416501750966 91245.951434727511 86405.748450403364 91168.990181105764
11011152 1 3 0 0 3 5 3 1 2 6 5 3 0 9 8 7 3 1 3 1 0 0 0 0 4 4 3 91066.489808668441 91287.219975360902 83854.967889803345 87908.477094712711
11011152 1 3 1 2 4 0 3 7 3 0 3 6 7 5 7 11 10 1 1 1 0 0 0 0 1 2 1 76034.88952363166 80071.119096025897 74124.524105356482 80003.738899206059
11011153 1 3 3 3 0 6 2 3 0 3 6 1 0 0 0 3 3 1 3 1 0 0 0 0 4 4 3 92569.84366760253 92370.538488012375 93076.319446592621 92767.061693764219
11011153 1 0 1 4 4 1 3 6 5 1 3 3 8 0 0 2 4 1 2 1 0 0 0 0 0 1 2 84985.144879903542 90248.956999907881 86734.040750772649 88602.914972847822
11011153 1 5 3 2 0 4 0 3 2 3 5 8 1 5 8 9 10 1 3 1 0 0 0 0 1 0 0 82670.824662288054 86991.429842419107 87817.728475073571 85532.854149375111
11011153 1 1 0 3 4 0 4 4 5 1 2 5 11 0 4 7 10 1 3 1 0 0 0 0 3 4 3 78239.833504402035 89036.50016781014 87611.740455085586 88936.555392895869
11011154 1 0 0 2 0 1 3 4 5 3 4 5 4 2 0 3 4 1 3 1 0 0 0 0 3 2 0 93295.02927794258 93711.01375274657 94196.122738463804 94145.441760550602
11011154 1 0 0 0 1 2 4 0 2 0 3 4 0 6 8 5 4 1 2 1 0 0 0 0 3 1 3 90774.091967234985 90747.35820176074 87803.740738400229 90608.20022628583
11011154 1 0 2 0 0 4 2 1 0 7 3 4 3 9 8 6 1 1 3 1 0 0 0 0 1 1 0 90636.916297113698 89493.256907599629 83359.883780740376 -1.0000000000000001e+300
11011154 1 0 1 0 0 0 4 0 2 1 2 5 8 3 4 11 9 1 2 1 0 0 0 0 1 0 0 84040.699536535729 86867.110581771296 78675.728447872229 -1.0000000000000001e+300
11011155 1 1 3 0 0 2 2 1 0 0 4 2 0 3 1 2 0 1 1 1 0 0 0 0 0 0 0 96709.203812973268 97267.824780839961 97019.185486815186 97191.947471322434
11011155 1 0 4 4 5 0 0 5 7 2 3 4 5 1 3 3 4 1 4 1 0 0 0 0 3 3 1 89615.675018205817 90256.419400061393 90186.437127762038 90383.123019874285
11011155 1 3 2 0 0 0 3 0 2 1 3 8 1 0 6 8 10 1 3 1 0 0 0 0 2 2 0 83806.941030281305 90336.420075140457 82541.746339857054 90277.248427485465
11011155 1 2 0 3 0 0 0 0 3 0 5 4 1 0 6 11 2 1 3 1 0 0 0 0 3 2 1 82753.117947281396 82910.59777241094 81934.050753534728 83382.889634869978
11011156 1 0 2 0 0 5 4 3 4 1 2 1 0 1 0 4 0 1 1 1 0 0 0 0 0 2 1 94643.651147630488 95210.359364851029 96601.719776930637 96005.545468118449
11011156 1 6 3 1 0 8 4 3 0 6 3 1 0 3 1 2 1 1 3 1 0 0 0 0 0 3 3 90899.525269013116 85726.860764383731 90180.774537552847 90874.584616438311
11011156 1 9 3 0 0 8 4 4 0 7 5 0 2 6 5 1 0 1 1 1 0 0 0 0 3 4 4 91909.293476369145 86674.511079375006 91126.280206280775 91916.801972463654
11011156 1 1 0 3 4 0 0 3 11 1 3 9 10 0 6 7 3 1 2 1 0 0 0 0 0 1 2 59963.397864533697 63250.850597910132 62188.045721102295 62313.088137319166
11011157 1 0 2 2 3 1 0 1 0 0 3 4 2 0 0 0 1 1 3 1 0 0 0 0 0 0 0 97282.770997102256 96967.412389605932 96733.780089248306 96936.062669787323
11011157 1 0 2 1 5 0 4 5 8 1 2 4 3 0 3 5 3 1 3 1 0 0 0 0 2 2 0 87446.709716470388 88720.900491455395 87834.898715260933 89242.09629926151
11011157 1 1 3 2 6 1 6 6 8 3 4 7 9 3 0 5 10 1 2 1 0 0 0 0 2 2 1 73936.75520488646 90816.203660742016 90463.988080986484 87774.532859705825
11011157 1 5 7 9 10 6 5 6 11 0 0 6 3 2 1 2 2 1 2 1 0 0 0 0 3 0 1 89224.534935570933 90644.349736191827 90890.076319378742 79434.461062506191
11011158 1 3 3 1 0 1 2 2 3 3 4 1 1 0 0 3 0 1 2 1 0 0 0 0 2 3 3 96591.868142468578 96389.235105737811 95927.229146567115 96397.247029804974
11011158 1 1 0 0 2 3 5 3 0 2 3 4 7 1 4 5 7 1 3 1 0 0 0 0 0 0 0 90303.326927488233 89712.19650820081 87936.890557772524 89086.534415587259
11011158 1 2 2 3 3 1 3 8 8 0 1 5 9 2 4 4 10 1 3 1 0 0 0 0 1 0 1 93466.368439832659 93421.383068726107 92899.647697301203 92581.920090106069
11011158 1 0 0 1 0 3 3 3 0 9 7 6 5 10 11 7 6 1 3 1 0 0 0 0 2 3 1 91569.788491145155 91447.546481504614 69879.631577788372 -1.0000000000000001e+300
11011159 1 0 2 0 0 0 0 2 4 1 0 5 4 4 5 6 4 1 1 1 0 0 0 0 2 2 4 92737.813895930842 92775.533605555684 92185.754349525014 92857.021169041822
11011159 1 0 3 6 7 0 3 6 8 2 1 2 7 3 0 0 5 1 3 1 0 0 0 0 1 0 0 85324.582764905354 92376.686016141379 92081.536709384891 90337.308642316493
11011159 1 3 0 4 10 0 3 5 10 3 2 4 6 0 1 2 0 1 1 1 0 0 0 0 1 1 2 86848.673089100368 88794.198435718718 88603.109555566305 88165.863565829946
11011159 1 3 3 1 3 1 2 4 11 0 2 6 8 0 4 7 7 1 2 1 0 0 0 0 4 3 3 74941.903510520846 82137.257947561753 -1.0000000000000001e+300 81801.414769859141
11011160 1 3 2 0 0 3 3 1 0 4 5 3 1 4 2 2 3 1 1 1 0 0 0 0 0 0 0 94461.984768496623 95229.331389456085 95274.304130699762 94506.225677066366
11011160 1 0 1 0 0 2 4 0 0 6 4 3 3 7 8 6 4 1 3 1 0 0 0 0 0 0 0 91834.65533916869 91276.557471374399 88503.41807452793 91622.591412447568
11011160 1 1 3 2 0 6 3 2 1 7 5 3 0 9 8 6 5 1 3 1 0 0 0 0 0 0 2 91241.819286811427 87710.787888828447 83290.551528044976 89085.212004640634
11011160 1 0 1 6 2 1 0 3 5 0 4 3 4 2 11 7 5 1 3 1 0 0 0 0 1 1 2 77138.901341043995 78713.236331527092 75213.141374260304 79191.314307838285
11011161 1 0 1 2 0 5 5 3 0 3 3 2 1 5 2 1 3 1 2 1 0 0 0 0 2 1 3 94579.966131705703 93919.628214330383 93710.116253647997 94249.649297474069
11011161 1 3 0 0 2 6 1 0 2 8 3 3 0 7 5 4 4 1 1 1 0 0 0 0 3 3 4 91528.289641822572 85563.858032048709 90369.998535088263 91361.282711004285
11011161 1 3 0 1 3 4 3 2 2 7 1 0 0 10 5 0 0 1 3 1 0 0 0 0 3 3 1 88763.411403661637 83448.34008362492 88395.139541879311 89170.277973755612
11011161 1 0 6 4 3 8 7 5 2 11 4 2 3 0 5 3 3 1 1 1 0 0 0 0 1 0 0 79774.168764968112 73005.833474341169 76624.665937535319 72160.78513345166
11011162 1 0 0 2 0 2 2 3 1 3 1 1 0 2 1 4 0 1 3 1 0 0 0 0 4 4 3 96449.54098273383 96573.752874565878 96446.776883660743 96496.007087539765
11011162 1 6 6 0 3 8 7 0 0 7 4 3 0 6 3 0 0 1 3 1 0 0 0 0 0 0 0 92027.155677431176 85657.180353672957 91668.722001408925 91177.24249405798
11011162 1 10 9 7 4 5 6 4 3 3 1 2 3 3 0 0 0 1 2 1 0 0 0 0 2 1 1 90161.419666785077 89571.655297528196 89847.850873626507 77774.80323077245
11011162 1 0 3 11 8 3 5 5 6 0 3 3 4 1 2 2 1 1 1 1 0 0 0 0 0 1 1 83316.793683405325 85362.320230081314 84798.016640181071 85307.779126669964
11011163 1 0 1 3 2 3 1 2 0 3 5 3 3 4 4 5 0 1 2 1 0 0 0 0 3 2 2 94232.719466035545 94526.055910816256 93853.123184567405 93554.921256827292
11011163 1 1 2 3 3 0 0 3 4 2 3 7 3 3 8 7 5 1 1 1 0 0 0 0 1 1 1 86474.841977142933 86933.97302886736 83074.976784904487 87610.552671936326
11011163 1 0 1 0 0 4 4 0 2 6 5 1 0 10 4 2 0 1 2 1 0 0 0 0 1 0 1 89090.286605217494 85956.331461472175 86295.500875850601 88923.144753562388
11011163 1 4 11 7 3 0 4 6 3 2 3 3 0 1 1 1 0 1 2 1 0 0 0 0 1 2 4 81286.167490233216 81666.94184827288 81768.464267287753 80975.565055239931
11011164 1 0 0 2 0 1 3 6 0 3 6 4 0 1 5 3 3 1 2 1 0 0 0 0 2 2 2 91824.332022045273 92149.692529726017 91614.359294759473 -1.0000000000000001e+300
11011164 1 0 0 3 3 0 1 5 6 0 1 4 7 2 3 3 5 1 2 1 0 0 0 0 2 2 0 90054.833437541718 91159.784329251386 90642.69604170692 -1.0000000000000001e+300
11011164 1 4 3 0 3 5 5 3 0 8 1 2 0 9 3 0 2 1 1 1 0 0 0 0 3 3 3 91036.172661914476 83368.369113943976 91365.533355533145 91216.007719698406
11011164 1 0 1 0 2 0 0 0 4 1 3 4 5 5 11 9 8 1 2 1 0 0 0 0 3 3 4 85519.088668033859 86064.019232806546 70087.818657215917 85670.349824467456
11011165 1 2 2 1 3 3 4 2 4 0 5 0 5 0 3 0 3 1 3 1 0 0 0 0 4 2 2 93319.620338846129 93591.253495493889 93961.71494683763 93548.22415438648
11011165 1 2 0 3 0 0 3 3 1 5 6 4 2 5 7 5 3 1 4 1 0 0 0 0 4 3 3 90419.936045170878 90788.114141844824 90584.358098392811 90568.513509083583
11011165 1 0 0 1 4 0 0 3 6 3 3 6 8 3 5 7 9 1 2 1 0 0 0 0 3 3 2 86686.607817550874 90892.034686667263 89783.960160711562 90537.449681831698
11011165 1 8 5 4 4 11 6 5 1 6 4 3 2 1 2 0 3 1 3 1 0 0 0 0 3 3 2 84614.315190089721 79592.826252641302 84999.376513037962 81777.544228833358
11011166 1 0 4 4 1 3 0 0 4 2 4 1 1 0 0 3 2 1 3 1 0 0 0 0 2 3 0 95496.349853028194 95897.911458110815 95557.081799609121 95594.543014196548
11011166 1 2 0 3 0 2 4 1 3 0 1 2 6 4 6 8 6 1 3 1 0 0 0 0 4 3 3 90134.499999598105 91131.208157289831 87283.816391299202 91151.329508141571
11011166 1 0 2 3 2 0 3 1 4 1 4 6 6 2 0 0 9 1 1 1 0 0 0 0 3 3 4 88482.47339498534 90892.249897481059 90634.228258181596 90966.015131539301
11011166 1 1 0 0 2 3 0 3 3 3 4 5 11 1 5 8 10 1 2 1 0 0 0 0 3 3 3 88170.214050065013 88589.528269812668 83320.904278233633 88809.549036498996
11011167 1 1 3 3 5 6 4 3 1 3 5 3 2 0 0 0 3 1 3 1 0 0 0 0 3 4 2 93139.094496162666 92968.728287229373 93049.468480627285 93095.693019426981
11011167 1 3 5 6 7 0 0 6 8 0 1 3 6 0 3 0 4 1 2 1 0 0 0 0 0 0 0 85238.108618703409 91922.509885145293 91811.626439246407 89353.882500303633
11011167 1 1 7 8 10 2 7 4 3 0 1 0 0 0 0 3 0 1 2 1 0 0 0 0 0 0 0 89161.29402691804 89380.309847798984 88281.255196634753 85498.610757117247
11011167 1 4 5 11 9 0 3 5 6 2 3 3 4 0 0 0 1 1 1 1 0 0 0 0 1 2 2 84904.432490772524 86480.288615774349 85986.050692267861 80291.94257085539
11011168 1 3 3 0 0 2 2 1 0 0 2 1 3 0 2 1 1 1 3 1 0 0 0 0 0 0 0 97301.477836079182 96836.08469444995 97030.595411343995 97101.760062557281
11011168 1 0 3 3 0 2 0 4 3 1 1 4 6 4 7 8 7 2 4 0.5 5 0.5 0 0 1 2 0 91058.772633109227 90860.830349280324 83867.319542523837 90855.087444613993
11011168 1 3 2 3 2 0 0 1 5 0 0 7 5 4 8 9 10 1 1 1 0 0 0 0 2 2 0 90079.922841117586 -1.0000000000000001e+300 79186.900114077333 89769.350224847018
11011168 1 1 0 1 2 0 0 3 5 2 3 4 7 2 1 11 8 1 3 1 0 0 0 0 0 0 0 82708.143448351781 85062.921863740194 85324.811132923278 85525.265506807875
11011169 0 1 3 3 3 0 1 2 0 0 2 0 3 0 0 0 3 1 2 1 0 0 0 0 1 0 0 97051.434829513644 97286.568475489257 96961.50455607308 97337.468216170862
11011169 0 0 0 1 3 2 3 0 7 0 1 3 8 3 3 6 7 1 3 1 0 0 0 0 3 4 3 86535.398893955236 91532.121378313517 90467.444103606933 91720.832064052622
11011169 0 0 2 3 4 6 3 6 6 4 4 6 8 0 5 1 9 1 1 1 0 0 0 0 2 3 4 77885.524553779178 88321.258608502161 77561.999038072987 84237.883785566228
11011169 0 0 4 0 4 0 3 6 7 0 1 3 11 1 0 3 4 1 3 1 0 0 0 0 0 2 0 80030.27830548177 82506.570162615259 81453.376754721685 81968.473756743391
11011169 0 6 3 3 1 5 3 1 1 8 7 6 4 10 11 3 2 1 1 1 0 0 0 0 1 4 3 3 3 3 3
11011170 1 0 0 1 2 4 2 3 0 5 4 5 3 2 4 3 2 1 3 1 0 0 0 0 3 0 2 93140.308900600008 92842.66161918937 93582.936624277077 92825.34880816142
11011170 1 4 0 2 0 6 3 3 2 8 4 3 3 7 6 4 3 1 3 1 0 0 0 0 3 1 1 91241.623426903199 83009.366558820766 89534.022156182909 91519.964094140101
11011170 1 6 8 9 10 5 5 4 3 3 0 0 3 0 0 0 2 1 3 1 0 0 0 0 3 2 1 90369.427092122249 90044.144093014358 90346.148272305101 80973.698763385328
11011170 1 0 0 3 4 3 6 1 5 2 0 3 11 3 5 7 10 1 1 1 0 0 0 0 3 4 3 64492.723874101241 80844.881475159549 80451.604823670437 79842.867307917724
11011171 1 0 1 0 2 0 3 2 0 1 6 1 3 4 5 6 3 1 3 1 0 0 0 0 0 1 3 90888.678207715348 90777.894606033951 90764.937600858626 91185.380101521805
11011171 1 3 0 1 3 0 1 4 4 0 2 4 6 4 6 7 8 1 3 1 0 0 0 0 3 4 2 87473.05604295402 85494.480396237603 83273.288521419177 88645.776448544915
11011171 1 0 0 3 2 3 3 4 4 0 6 6 5 6 7 8 9 1 1 1 0 0 0 0 0 0 0 90624.655938862474 90969.76016206012 87130.22043229836 90959.687121197203
11011171 1 0 3 3 4 1 3 6 6 2 3 6 8 3 6 11 9 1 1 1 0 0 0 0 0 1 1 85255.22621429924 87746.138524577953 76636.982110435172 87105.822986335479
11011172 1 2 4 3 0 0 2 3 5 0 1 6 4 0 3 6 4 1 3 1 0 0 0 0 1 0 0 91297.684595367042 91719.876447488379 91098.822912374089 91769.448136575273
11011172 1 0 0 0 1 2 1 2 3 0 0 3 5 0 6 8 6 1 1 1 0 0 0 0 3 4 4 91115.237476486887 91191.002837411914 87652.012782245365 91292.442789339824
11011172 1 1 2 0 0 3 2 4 4 3 4 6 7 5 6 8 10 1 3 1 0 0 0 0 3 2 1 88942.574881301116 89459.459043475421 76620.398091075665 89839.761640434779
11011172 1 2 3 1 3 4 3 6 2 9 7 5 7 10 11 8 3 1 2 1 0 0 0 0 2 0 1 -1.0000000000000001e+300 -1.0000000000000001e+300 3 78189.277617258937
11011173 1 4 4 5 1 2 5 2 2 3 1 0 1 0 0 3 0 1 3 1 0 0 0 0 4 4 2 94512.226322612565 94434.663660028251 94352.59119000964 94509.706957817078
11011173 1 6 8 5 5 3 5 6 3 1 2 1 2 0 1 4 0 1 3 1 0 0 0 0 0 1 2 90298.214054402124 89892.352161462462 89342.006466809529 81515.416436747459
11011173 1 9 8 7 6 3 5 6 1 0 3 4 3 0 0 2 1 1 1 1 0 0 0 0 2 4 2 91066.290194884612 91086.693489845668 -1.0000000000000001e+300 76872.759532608878
11011173 1 3 7 11 10 3 4 6 7 2 3 1 0 0 2 0 2 1 3 1 0 0 0 0 4 2 3 87743.022123167233 87931.143237366749 88212.417371093528 74627.760535820344
11011174 1 0 2 3 0 2 1 3 0 2 1 0 1 0 3 0 0 1 3 1 0 0 0 0 1 1 0 96909.785214265197 97060.620000087554 97390.90678747496 97381.585282052867
11011174 1 3 3 7 3 2 1 4 7 3 6 4 3 3 3 0 0 1 1 1 0 0 0 0 3 4 2 88464.877221178715 86453.905495215979 84637.389315167413 82471.77832332706
11011174 1 3 4 3 9 2 1 2 7 0 3 1 4 0 0 3 0 1 1 1 0 0 0 0 2 3 3 86851.409271183889 91023.585309256348 91123.886311468465 88920.485683550185
11011174 1 6 7 9 10 3 7 8 11 1 4 1 3 0 2 0 2 1 3 1 0 0 0 0 4 4 3 98809.647781460502 98601.833914412549 98969.877018592641 90376.946187757028
11011175 1 2 2 4 0 2 4 6 3 1 5 3 2 0 1 4 1 1 1 1 0 0 0 0 0 0 0 90751.625658170145 91646.33973774765 90912.744743925141 92961.347951272503
11011175 1 0 0 2 0 1 0 1 4 2 2 3 8 0 1 3 6 1 1 1 0 0 0 0 0 1 4 89260.849213536712 90350.489616680425 90800.339738305542 90085.308864092687
11011175 1 2 4 7 10 1 0 4 8 0 1 3 6 0 0 3 4 1 1 1 0 0 0 0 2 4 3 82501.207622668342 89300.709018288733 89124.963336054076 88725.287530406014
11011175 1 0 4 3 4 3 2 1 11 0 3 5 9 0 2 7 10 1 1 1 0 0 0 0 2 2 1 75168.086409633033 86477.325356992922 86093.313916074752 86271.854301972809
11011176 1 2 0 4 0 3 1 2 0 5 5 3 1 1 3 0 0 1 2 1 0 0 0 0 0 0 0 94795.53819236155 94918.629452688503 95333.256356846192 95151.173516950221
11011176 1 4 4 4 7 3 1 2 1 3 6 0 0 0 0 3 0 1 2 1 0 0 0 0 3 3 2 91297.12302493857 89053.372042699149 91227.076621148328 89193.979708476516
11011176 1 0 3 10 2 3 4 10 1 0 2 1 5 0 2 0 3 1 2 1 0 0 0 0 2 0 3 90173.220412445851 89271.336021554831 88462.998349737827 88646.299103953759
11011176 1 10 11 7 5 8 5 4 2 4 3 2 5 1 3 0 2 1 1 1 0 0 0 0 1 0 1 84410.680529330479 0 85814.511287050816 47007.207057545274
11011177 1 1 1 0 0 3 4 2 2 3 0 0 0 4 3 1 3 1 3 1 0 0 0 0 2 3 2 -1.0000000000000001e+300 96242.765780426183 96257.463556921677 96633.210655919131
11011177 1 4 7 8 7 3 4 5 6 0 1 0 3 0 3 2 1 1 3 1 0 0 0 0 1 2 1 92235.712587691261 92045.968542434173 92189.09601630675 85928.087088530767
11011177 1 4 6 8 9 2 4 7 6 1 1 4 5 3 0 2 4 1 3 1 0 0 0 0 4 4 2 92098.295148635938 91016.937194347498 92127.463082764836 89623.125193565036
11011177 1 0 0 0 3 0 0 0 4 2 1 4 11 1 5 6 10 1 1 1 0 0 0 0 1 3 3 84820.792195533068 87804.174670454318 85765.10908767175 88190.153325679596
11011178 1 1 0 0 0 0 4 0 1 3 5 4 1 6 5 2 2 1 2 1 0 0 0 0 0 0 0 93029.079279290308 93749.431745519541 92843.469368906939 93057.956141343413
11011178 1 4 2 2 0 5 4 3 1 7 6 3 0 5 5 0 3 1 1 1 0 0 0 0 3 3 2 91095.510515722926 89860.717961755887 90836.606787883065 90321.677303602832
11011178 1 10 5 4 2 7 6 3 0 5 3 1 2 3 0 0 2 1 2 1 0 0 0 0 4 1 4 88766.551304156135 83859.646396858516 88651.478851311156 87301.774081696931
11011178 1 6 2 0 0 11 1 0 0 9 6 4 2 7 4 3 1 1 3 1 0 0 0 0 0 0 0 -1.0000000000000001e+300 69984.57944865551 78955.261150823193 79490.119847526628
11011179 1 3 1 0 0 2 1 0 2 0 4 6 1 1 6 5 5 1 2 1 0 0 0 0 0 1 1 91595.077041928729 91460.127903593049 90981.265916241551 92610.422890325397
11011179 1 5 6 8 5 0 4 4 4 3 4 3 3 0 2 1 0 1 3 1 0 0 0 0 4 4 3 90211.615964188604 91132.115923009653 90673.097900371926 88265.25784528222
11011179 1 2 3 5 9 0 4 6 8 0 3 1 7 1 2 3 2 1 2 1 0 0 0 0 3 1 4 80169.328173267873 87961.077990149468 89645.743066638926 89040.555532818937
11011179 1 6 2 0 0 5 3 2 3 11 8 6 3 10 9 7 5 1 1 1 0 0 0 0 3 2 3 -1.0000000000000001e+300 82239.756321225461 72828.043817833415 92042.490788499126
11011180 1 0 3 4 6 3 4 3 1 0 0 4 2 2 1 0 1 1 2 1 0 0 0 0 0 0 4 94053.851624647781 93957.424265543625 94315.115236211699 93422.22411747773
11011180 1 3 1 3 3 2 5 3 0 5 4 3 0 5 6 8 6 1 2 1 0 0 0 0 4 3 2 88235.515684133614 89145.540778772047 83517.167876671374 89459.879215964233
11011180 1 3 0 2 0 4 3 0 1 6 3 3 0 10 7 3 2 1 2 1 0 0 0 0 4 2 4 89395.087771881823 88139.281996522564 87761.717587219333 89160.623204046045
11011180 1 1 0 0 3 1 2 1 4 0 3 6 5 3 4 11 9 1 3 1 0 0 0 0 0 2 1 84525.000439507639 85122.24069810228 80555.414906747814 85028.031711221047
11011181 1 2 5 5 3 3 6 4 3 0 1 2 1 0 1 2 0 1 3 1 0 0 0 0 4 4 3 92791.384233189106 92730.232985725801 93295.479478593305 94256.048558395079
11011181 1 4 6 7 2 3 4 2 0 3 0 1 1 0 4 0 0 1 1 1 0 0 0 0 3 4 4 91597.772588964726 90268.131794334782 91879.206260726001 91344.720660440566
11011181 1 0 3 2 1 2 3 0 3 4 5 4 3 10 9 8 5 1 1 1 0 0 0 0 3 3 3 88947.919574342828 89680.011494808976 79125.092467796683 89743.8496329302
11011181 1 3 0 2 5 0 0 5 6 0 1 1 11 0 3 0 3 1 2 1 0 0 0 0 0 0 1 80376.809363140943 81575.264771636896 82379.801795047984 81205.563829381921
11011182 1 3 4 3 3 2 6 4 0 4 6 5 0 2 1 5 0 1 1 1 0 0 0 0 3 3 2 89092.231199843009 90184.711966732633 89723.619049420508 89282.730847571627
11011182 1 0 0 8 5 3 5 3 2 2 4 2 1 1 2 2 0 1 1 1 0 0 0 0 2 0 3 89204.923549384461 89311.172502105343 90576.772968985359 87780.692336911423
11011182 1 0 0 1 10 0 0 3 9 0 0 3 8 3 1 5 6 1 3 1 0 0 0 0 2 4 2 70522.341992419606 -1.0000000000000001e+300 89682.300067746561 89127.869058811266
11011182 1 0 2 0 4 3 2 1 6 1 5 6 11 3 6 9 10 1 3 1 0 0 0 0 4 4 3 91731.625152673805 90817.85329481111 77279.071953425213 -1.0000000000000001e+300
11011183 1 3 2 4 3 0 0 1 0 1 0 3 0 0 0 0 2 1 3 1 0 0 0 0 0 0 0 97420.669411431547 97761.858281119494 97399.798011445848 97603.6555027383
11011183 1 0 0 0 1 2 4 2 4 3 5 5 5 2 3 6 7 1 1 1 0 0 0 0 1 0 1 87222.032927278837 90724.977435446446 89184.263231099336 -1.0000000000000001e+300
11011183 1 1 0 2 3 3 3 4 0 1 3 4 6 2 7 9 10 1 3 1 0 0 0 0 2 2 1 90806.029870591636 90461.49019669577 77676.448915920118 90472.853688263567
11011183 1 5 3 3 0 6 4 4 2 9 7 5 1 10 11 0 2 1 2 1 0 0 0 0 3 1 2 92701.597010072743 82287.006265920412 92187.799981347547 89807.072389744935
11011184 1 0 3 4 2 0 3 5 1 0 4 2 2 3 1 0 0 1 3 1 0 0 0 0 1 0 1 95917.029520524316 95660.547042707592 95469.386407852173 96114.037395053427
11011184 1 1 3 8 5 0 3 3 3 0 2 3 4 0 3 0 0 1 3 1 0 0 0 0 0 0 0 89499.930929388429 89212.343237083231 90258.029032072925 88855.876332483575
11011184 1 0 3 7 10 2 4 7 8 3 5 4 7 3 2 3 4 3 4 0.5 5 0.25 6 0.25 3 1 3 54129.599559679082 -1.0000000000000001e+300 86597.982463145032 87211.27708510615
11011184 1 5 11 9 8 4 5 8 7 2 4 5 7 0 1 1 1 1 3 1 0 0 0 0 0 2 0 82629.210564992769 -1.0000000000000001e+300 79466.649584087791 84338.373475736225
11011185 1 1 0 1 0 2 3 4 3 0 1 5 0 0 2 3 4 1 2 1 0 0 0 0 0 0 2 95448.688788237399 95324.440547519262 95519.697311295415 95864.029515019167
11011185 1 2 3 4 6 0 0 5 8 0 0 1 6 1 0 2 4 1 2 1 0 0 0 0 3 2 4 85606.72492970142 91414.016383527443 91569.351807241925 91048.120576927598
11011185 1 3 4 6 9 3 3 5 7 2 0 0 6 1 0 0 0 1 3 1 0 0 0 0 1 1 0 85749.261911807815 91322.192499175973 90853.431394389103 89033.391480074264
11011185 1 0 0 1 3 0 0 2 11 0 0 1 8 1 3 3 5 1 2 1 0 0 0 0 2 3 4 81144.925548437765 83596.62640120431 83407.52054694196 83753.169588510136
11011186 1 3 2 0 0 4 0 0 0 3 0 5 2 5 5 3 4 1 3 1 0 0 0 0 3 1 1 94475.465028111139 94252.369032606148 94029.020535841701 93906.09606940746
11011186 1 3 0 0 0 4 2 3 0 4 3 1 2 6 8 6 4 1 1 1 0 0 0 0 3 3 2 91562.447765927049 90788.969948781247 87149.656010776263 91399.166935042464
11011186 1 3 3 0 3 0 0 3 3 7 6 5 4 10 9 8 5 1 3 1 0 0 0 0 2 2 0 90591.003337594128 91284.977223978145 78774.80268285799 91113.29412585689
11011186 1 1 0 2 2 6 3 0 0 11 6 4 1 10 7 4 3 1 3 1 0 0 0 0 4 4 3 88822.275430508322 89350.717771481373 85205.390775602937 88893.761367170257
11011187 1 0 1 0 6 3 4 3 6 0 0 0 3 2 0 0 4 1 1 1 0 0 0 0 3 4 4 93374.835747781632 94128.475691338739 93770.306348768718 93145.20114679067
11011187 1 0 0 8 4 3 7 3 1 2 3 3 2 0 4 2 3 1 3 1 0 0 0 0 4 2 3 85663.023939076244 87929.716675184201 88910.203136237513 88093.58810942393
11011187 1 3 5 6 10 0 2 6 4 3 0 0 4 0 0 0 3 1 1 1 0 0 0 0 2 2 0 87498.047291286915 89255.818847175557 88930.020979069173 85462.676516567124
11011187 1 0 1 11 10 0 2 8 9 0 4 6 7 4 4 3 5 3 4 0.54545454545454541 5 0.27272727272727271 6 0.1818181818181818 1 1 1 74536.23806073032 94824.905456579771 95809.135356058774 90380.501596184709
11011188 1 1 3 3 4 0 3 4 6 0 1 6 2 2 3 1 3 1 2 1 0 0 0 0 3 3 1 90927.675495117423 92220.685494559148 91552.23136247907 91260.951541135786
11011188 1 3 0 2 0 0 0 1 3 0 3 3 5 4 6 7 5 1 3 1 0 0 0 0 0 0 0 91040.445341842234 91585.930768140053 90381.23458813451 91153.550338265093
11011188 1 0 2 1 4 0 0 4 6 2 1 5 8 3 0 3 9 3 4 0.33333333333333331 5 0.33333333333333331 6 0.33333333333333331 0 0 0 85568.443567533715 90759.680519853486 89826.093112436574 89386.223004743239
11011188 1 0 0 3 3 1 2 1 4 5 1 5 2 10 7 5 11 1 1 1 0 0 0 0 0 2 0 72893.472557768939 71663.559537757857 66248.703264455995 76228.949105510677
11011189 1 0 1 3 5 2 4 1 2 0 2 3 0 1 0 0 0 1 2 1 0 0 0 0 2 1 3 96363.081320820333 96394.472761081488 96813.531702550245 96520.671891994381
11011189 1 0 3 0 4 3 5 3 6 0 4 4 8 0 2 5 7 1 1 1 0 0 0 0 0 0 0 82563.997957004016 90966.644624990207 89837.707568623926 90213.640737555179
11011189 1 3 0 3 3 0 1 0 6 3 4 5 6 3 8 9 10 1 3 1 0 0 0 0 1 2 0 88048.628251147995 89970.325653565771 77314.700914718778 89756.353579887
11011189 1 0 1 0 5 3 0 1 11 0 0 4 6 0 4 7 8 1 2 1 0 0 0 0 1 2 2 72886.467287555221 78967.018008201441 78311.638755446824 79913.067756274657
11011190 1 3 0 1 2 1 1 3 0 2 6 4 3 2 5 4 3 1 3 1 0 0 0 0 0 0 0 93233.495036191001 92473.998534430561 92357.929531530201 92233.493741974817
11011190 1 4 7 8 7 3 4 5 6 3 3 5 5 2 0 0 3 2 4 0.5 5 0.5 0 0 4 3 4 91350.627097464196 91034.380949381593 90968.399869215995 83469.157525369534
11011190 1 0 3 4 9 0 4 7 8 1 3 5 6 3 1 2 4 1 3 1 0 0 0 0 0 1 0 80239.542940332802 90550.285688742908 90462.070416403149 -1.0000000000000001e+300
11011190 1 0 0 0 3 1 0 3 5 0 2 5 11 0 4 6 10 1 2 1 0 0 0 0 2 1 1 83611.288814801199 88664.926392813068 87343.248690730092 88577.463881412914
11011191 1 0 1 5 1 5 4 5 3 2 0 0 4 0 1 0 2 1 2 1 0 0 0 0 2 2 2 93430.451067855334 92890.717989479512 93816.64929571269 93532.475717172507
11011191 1 7 6 3 0 8 4 0 0 6 4 2 2 4 3 0 1 1 1 1 0 0 0 0 2 2 2 91365.026625390296 83784.476103753506 91575.728878128342 90684.862880212546
11011191 1 10 7 3 1 6 3 2 0 4 3 3 0 1 2 0 1 1 1 1 0 0 0 0 2 4 4 89084.905621907848 88089.162775975987 89121.983175042973 87247.577540241342
11011191 1 8 11 7 3 7 4 4 2 3 3 1 0 0 0 1 0 1 2 1 0 0 0 0 2 2 3 82755.005943057884 81450.168399983362 -1.0000000000000001e+300 75930.635956825863
11011192 1 0 0 3 3 0 0 4 4 0 5 4 1 2 5 2 4 1 2 1 0 0 0 0 4 2 1 93974.395806397486 94454.655077878735 94392.321140870845 94214.8000895851
11011192 1 4 7 8 7 1 3 1 6 0 3 2 4 0 0 0 2 1 2 1 0 0 0 0 4 3 4 87780.372386171337 -1.0000000000000001e+300 91554.323542032449 82753.42123919091
11011192 1 10 3 0 2 9 1 0 0 8 5 2 0 7 7 3 0 1 3 1 0 0 0 0 3 2 1 93641.278501210909 81683.136135724693 92637.348804237845 92552.519582837587
11011192 1 10 8 6 4 11 7 4 1 5 8 4 3 2 4 3 0 1 2 1 0 0 0 0 4 3 3 -1.0000000000000001e+300 79018.670142131814 76000.613997849257 68756.673530646498
11011193 1 1 2 4 4 0 3 6 1 2 6 0 3 3 4 0 0 1 2 1 0 0 0 0 2 1 3 91320.256695246688 90863.34131353219 90936.790586151008 91398.583249665026
11011193 1 8 6 4 1 1 5 4 1 0 3 0 0 0 2 0 0 2 4 0.5 5 0.5 0 0 2 4 4 86631.762407312184 87373.345073388802 87641.729380217323 88804.205638475018
11011193 1 5 5 3 1 8 7 4 3 9 7 1 0 10 3 0 0 1 3 1 0 0 0 0 0 2 0 91220.517254749255 80157.963604093064 93087.045945684862 91353.438282358882
11011193 1 10 7 4 5 11 6 4 2 6 4 1 0 4 2 1 0 1 3 1 0 0 0 0 4 4 3 89808.082059001448 89474.191666266284 87923.262428756978 89363.756330774137
11011194 1 1 2 5 3 3 4 5 2 0 3 3 1 0 0 3 0 1 1 1 0 0 0 0 3 4 3 94691.667132452785 94554.826666599503 94608.979944910592 94756.306931847328
11011194 1 4 3 2 1 5 5 1 0 7 1 2 0 2 0 3 0 1 3 1 0 0 0 0 0 0 0 90825.729310298193 91509.23594470683 91580.107152251207 91659.533902070791
11011194 1 3 1 1 0 6 6 2 0 8 1 3 1 10 0 2 0 1 2 1 0 0 0 0 0 1 2 90013.240610773821 84106.062732848819 90180.857675737687 90112.193554667014
11011194 1 7 3 2 0 7 3 2 0 11 1 0 0 3 1 0 3 1 2 1 0 0 0 0 4 3 4 84005.746597533856 81246.205797195958 85074.154908720564 84507.342589851236
11011195 1 0 1 0 0 2 4 0 2 3 4 3 1 1 3 1 3 1 3 1 0 0 0 0 1 3 2 95434.016365040676 95944.495952413476 95922.087096653559 95952.115563284897
11011195 1 0 0 0 2 1 3 3 4 0 6 1 1 3 8 6 2 1 3 1 0 0 0 0 1 2 2 85169.471455637584 85568.513930524015 86434.355540951015 87113.257617378084
11011195 1 0 0 2 3 0 0 2 3 0 1 2 5 1 0 6 9 1 3 1 0 0 0 0 2 1 1 88398.971235812365 89625.975683565324 87678.184787394363 89487.581490768353
11011195 1 4 1 2 1 3 7 2 0 8 7 8 4 10 11 7 4 1 1 1 0 0 0 0 2 3 4 91881.131623021851 79123.691174843552 73661.964987491971 92111.486065327219
11011196 1 2 0 0 0 4 6 0 0 3 5 5 3 3 1 3 1 1 2 1 0 0 0 0 0 0 0 92968.298170783295 92389.107867556158 93298.763549736454 93549.319480024191
11011196 1 0 7 0 1 0 4 4 2 3 5 5 4 0 3 1 2 1 1 1 0 0 0 0 3 4 4 90430.003587805753 90042.344144422852 89829.329734089537 89689.971331291308
11011196 1 1 2 0 0 5 6 7 5 4 4 6 7 3 6 7 10 1 3 1 0 0 0 0 2 2 3 91179.557257953653 88194.554159610692 75122.068420269556 -1.0000000000000001e+300
11011196 1 0 0 2 3 3 0 3 0 3 4 6 7 4 5 11 8 1 1 1 0 0 0 0 1 1 0 85689.742156313121 85967.484259264878 80448.995287668586 86089.179827311862
11011197 1 0 2 2 0 3 3 2 0 3 4 1 1 6 6 5 3 1 3 1 0 0 0 0 3 2 0 91441.330787993153 92106.348101087511 92187.463993634112 92782.97983007619
11011197 1 4 4 1 0 5 4 1 0 8 3 4 0 6 3 0 5 1 2 1 0 0 0 0 2 3 2 89908.928989310691 86273.238524484681 88049.960285450041 90921.514873179607
11011197 1 0 0 3 0 0 0 0 2 4 4 4 1 10 4 3 2 1 1 1 0 0 0 0 3 3 3 88803.246276484453 87962.081907053071 87773.17467894475 88527.084363625516
11011197 1 6 8 7 8 2 7 6 11 0 1 6 4 3 2 1 0 1 3 1 0 0 0 0 4 4 2 79079.54640107321 80329.93281101808 76339.009803655164 71170.44875702195
11011198 1 0 0 4 4 1 6 5 3 2 3 5 2 0 0 0 3 1 2 1 0 0 0 0 4 2 4 92599.195043281274 93253.44816410866 92259.98167182703 92989.52707553556
11011198 1 3 1 2 0 0 4 0 1 6 5 3 2 7 8 7 4 1 2 1 0 0 0 0 2 1 2 92356.8756884303 91763.3308562288 83622.398156261945 92180.57767773082
11011198 1 2 0 0 2 0 0 2 1 0 1 4 4 10 9 8 6 1 3 1 0 0 0 0 1 0 0 90452.575930485895 90202.041081454125 80275.877272540907 90573.34458805871
11011198 1 3 3 2 1 5 3 0 0 7 5 2 0 9 11 1 0 1 3 1 0 0 0 0 3 3 3 86428.854818182561 82403.702668219485 79304.923951141973 86431.031792060938
11011199 1 5 4 3 1 3 1 3 2 2 5 0 0 3 1 0 1 1 2 1 0 0 0 0 2 3 4 94740.969038645417 94812.730369711353 95131.243016207649 94367.317959856096
11011199 1 6 8 6 3 6 4 3 0 2 2 3 0 0 1 0 1 1 3 1 0 0 0 0 2 2 0 91171.392899936531 90665.699589575132 90777.763346991094 88367.691844248009
11011199 1 10 6 2 0 8 4 4 0 6 2 1 0 4 2 1 1 1 3 1 0 0 0 0 0 0 2 89898.116261190502 79577.405498906504 90008.524161049514 -1.0000000000000001e+300
11011199 1 4 2 3 1 7 5 4 0 11 6 4 2 10 9 5 4 1 1 1 0 0 0 0 1 1 0 -1.0000000000000001e+300 0 91451.060954220506 92930.360414440045
11011200 1 3 4 0 1 3 3 4 3 3 4 4 5 0 3 0 1 1 3 1 0 0 0 0 2 4 1 94203.958967158382 93948.844051432345 94623.931343320801 93712.9897294072
11011200 1 7 8 6 5 5 4 3 2 0 4 3 1 5 1 2 3 1 2 1 0 0 0 0 3 2 4 89931.388504589122 90587.516165975991 92104.240566519788 85819.026964023389
11011200 1 10 2 0 2 9 7 1 0 8 6 3 0 6 3 1 0 1 3 1 0 0 0 0 2 2 3 88817.116805389975 84060.552194631513 89578.058328649859 89432.728354389765
11011200 1 5 11 9 8 2 5 6 7 3 4 6 0 3 1 1 2 1 1 1 0 0 0 0 0 1 1 88096.360873537196 89888.840581931989 88081.345899264488 78445.827812051473
